0.000000 0.000000 0.000000 0.000000 21.000000 0.342800
0.000000 1.000000 0.000000 0.000000 21.000000 0.342800
0.000000 2.000000 0.000000 0.000000 21.000000 0.342800
0.000000 3.000000 0.000000 0.000000 21.000000 0.342800
0.000000 4.000000 0.000000 0.000000 21.000000 0.342800
0.000000 5.000000 0.000000 0.000000 21.000000 0.342800
0.000000 6.000000 0.000000 0.000000 21.000000 0.342800
0.000000 7.000000 0.000000 0.000000 21.000000 0.344894
0.000000 8.000000 0.000000 0.000000 21.000000 0.347943
0.000000 9.000000 0.000000 0.000000 21.000000 0.347943
0.000000 10.000000 0.000000 0.000000 21.000000 0.347943
0.000000 11.000000 0.000000 0.000000 21.000000 0.347943
0.000000 12.000000 0.000000 0.000000 21.000000 0.347943
0.000000 13.000000 0.000000 0.000000 21.000000 0.342800
0.000000 14.000000 0.000000 0.000000 21.000000 0.342800
0.000000 15.000000 0.000000 0.000000 21.000000 0.342800
0.000000 16.000000 0.000000 0.000000 21.000000 0.342800
0.000000 17.000000 0.000000 0.000000 21.000000 0.342800
0.000000 18.000000 0.000000 0.000000 21.000000 0.342800
0.000000 19.000000 0.000000 0.000000 21.000000 0.342800
0.000000 20.000000 0.000000 0.000000 21.000000 0.342800
0.000000 21.000000 0.000000 0.000000 21.000000 0.342800
0.000000 22.000000 0.000000 0.000000 21.000000 0.342800
0.000000 23.000000 0.000000 0.000000 21.000000 0.342800
0.000000 24.000000 0.000000 0.000000 21.000000 0.342800
0.000000 25.000000 0.000000 0.000000 21.000000 0.342800
0.000000 26.000000 0.000000 0.000000 21.000000 0.342800
0.000000 27.000000 0.000000 0.000000 21.000000 0.342800
0.000000 28.000000 0.000000 0.000000 21.000000 0.342800
0.000000 29.000000 0.000000 0.000000 21.000000 0.342800
0.000000 30.000000 0.000000 0.000000 21.000000 0.342800
0.000000 31.000000 0.000000 0.000000 21.000000 0.342800
0.000000 32.000000 0.000000 0.000000 21.000000 0.342800
0.000000 33.000000 0.000000 0.000000 21.000000 0.342800
0.000000 34.000000 0.000000 0.000000 21.000000 0.342800
0.000000 35.000000 0.000000 0.000000 21.000000 0.342800
0.000000 36.000000 0.000000 0.000000 21.000000 0.342800
0.000000 37.000000 0.000000 0.000000 21.000000 0.342800
0.000000 38.000000 0.000000 0.000000 21.000000 0.342800
0.000000 39.000000 0.000000 0.000000 21.000000 0.342800
0.000000 40.000000 0.000000 0.000000 21.000000 0.342800
0.000000 41.000000 0.000000 0.000000 21.000000 0.342800
0.000000 42.000000 0.000000 0.000000 21.000000 0.342800
0.000000 43.000000 0.000000 0.000000 21.000000 0.342800
0.000000 44.000000 0.000000 0.000000 21.000000 0.342800
0.000000 45.000000 0.000000 0.000000 21.000000 0.342800
0.000000 46.000000 0.000000 0.000000 21.000000 0.342800
0.000000 47.000000 0.000000 0.000000 21.000000 0.342800
0.000000 48.000000 0.000000 0.000000 21.000000 0.342800
0.000000 49.000000 0.000000 0.000000 21.000000 0.342800
1.000000 0.000000 0.000000 0.000000 21.000000 0.342800
1.000000 1.000000 0.000000 0.000000 21.000000 0.342800
1.000000 2.000000 0.000000 0.000000 21.000000 0.342800
1.000000 3.000000 0.000000 0.000000 21.000000 0.345371
1.000000 4.000000 0.000000 0.000000 21.000000 0.345371
1.000000 5.000000 0.000000 0.000000 21.000000 0.345371
1.000000 6.000000 0.000000 0.000000 21.000000 0.345371
1.000000 7.000000 0.000000 0.000000 21.000000 0.345371
1.000000 8.000000 0.000000 0.000000 21.000000 0.342800
1.000000 9.000000 0.000000 0.000000 21.000000 0.342800
1.000000 10.000000 0.000000 0.000000 21.000000 0.342800
1.000000 11.000000 0.000000 0.000000 21.000000 0.342800
1.000000 12.000000 0.000000 0.000000 21.000000 0.342800
1.000000 13.000000 0.000000 0.000000 21.000000 0.342800
1.000000 14.000000 0.000000 0.000000 21.000000 0.342800
1.000000 15.000000 0.000000 0.000000 21.000000 0.342800
1.000000 16.000000 0.000000 0.000000 21.000000 0.342800
1.000000 17.000000 0.000000 0.000000 21.000000 0.342800
1.000000 18.000000 0.000000 0.000000 21.000000 0.342800
1.000000 19.000000 0.000000 0.000000 21.000000 0.342800
1.000000 20.000000 0.000000 0.000000 21.000000 0.342800
1.000000 21.000000 0.000000 0.000000 21.000000 0.342800
1.000000 22.000000 0.000000 0.000000 21.000000 0.342800
1.000000 23.000000 0.000000 0.000000 21.000000 0.342800
1.000000 24.000000 0.000000 0.000000 21.000000 0.342800
1.000000 25.000000 0.000000 0.000000 21.000000 0.342800
1.000000 26.000000 0.000000 0.000000 21.000000 0.342800
1.000000 27.000000 0.000000 0.000000 21.000000 0.342800
1.000000 28.000000 0.000000 0.000000 21.000000 0.342800
1.000000 29.000000 0.000000 0.000000 21.000000 0.342800
1.000000 30.000000 0.000000 0.000000 21.000000 0.342800
1.000000 31.000000 0.000000 0.000000 21.000000 0.342800
1.000000 32.000000 0.000000 0.000000 21.000000 0.342800
1.000000 33.000000 0.000000 0.000000 21.000000 0.342800
1.000000 34.000000 0.000000 0.000000 21.000000 0.342800
1.000000 35.000000 0.000000 0.000000 21.000000 0.342800
1.000000 36.000000 0.000000 0.000000 21.000000 0.342800
1.000000 37.000000 0.000000 0.000000 21.000000 0.342800
1.000000 38.000000 0.000000 0.000000 21.000000 0.342800
1.000000 39.000000 0.000000 0.000000 21.000000 0.342800
1.000000 40.000000 0.000000 0.000000 21.000000 0.342800
1.000000 41.000000 0.000000 0.000000 21.000000 0.342800
1.000000 42.000000 0.000000 0.000000 21.000000 0.342800
1.000000 43.000000 0.000000 0.000000 21.000000 0.342800
1.000000 44.000000 0.000000 0.000000 21.000000 0.342800
1.000000 45.000000 0.000000 0.000000 21.000000 0.342800
1.000000 46.000000 0.000000 0.000000 21.000000 0.342800
1.000000 47.000000 0.000000 0.000000 21.000000 0.342800
1.000000 48.000000 0.000000 0.000000 21.000000 0.342800
1.000000 49.000000 0.000000 0.000000 21.000000 0.342800
2.000000 0.000000 0.000000 0.000000 21.000000 0.342800
2.000000 1.000000 0.000000 0.000000 21.000000 0.342800
2.000000 2.000000 0.000000 0.000000 21.000000 0.344894
2.000000 3.000000 0.000000 0.000000 21.000000 0.345371
2.000000 4.000000 0.000000 0.000000 21.000000 0.345371
2.000000 5.000000 0.000000 0.000000 21.000000 0.345371
2.000000 6.000000 0.000000 0.000000 21.000000 0.345371
2.000000 7.000000 0.000000 0.000000 21.000000 0.345371
2.000000 8.000000 0.000000 0.000000 21.000000 0.342800
2.000000 9.000000 0.000000 0.000000 21.000000 0.342800
2.000000 10.000000 0.000000 0.000000 21.000000 0.342800
2.000000 11.000000 0.000000 0.000000 21.000000 0.342800
2.000000 12.000000 0.000000 0.000000 21.000000 0.342800
2.000000 13.000000 0.000000 0.000000 21.000000 0.342800
2.000000 14.000000 0.000000 0.000000 21.000000 0.342800
2.000000 15.000000 0.000000 0.000000 21.000000 0.342800
2.000000 16.000000 0.000000 0.000000 21.000000 0.342800
2.000000 17.000000 0.000000 0.000000 21.000000 0.342800
2.000000 18.000000 0.000000 0.000000 21.000000 0.342800
2.000000 19.000000 0.000000 0.000000 21.000000 0.342800
2.000000 20.000000 0.000000 0.000000 21.000000 0.342800
2.000000 21.000000 0.000000 0.000000 21.000000 0.342800
2.000000 22.000000 0.000000 0.000000 21.000000 0.342800
2.000000 23.000000 0.000000 0.000000 21.000000 0.342800
2.000000 24.000000 0.000000 0.000000 21.000000 0.342800
2.000000 25.000000 0.000000 0.000000 21.000000 0.342800
2.000000 26.000000 0.000000 0.000000 21.000000 0.342800
2.000000 27.000000 0.000000 0.000000 21.000000 0.342800
2.000000 28.000000 0.000000 0.000000 21.000000 0.342800
2.000000 29.000000 0.000000 0.000000 21.000000 0.342800
2.000000 30.000000 0.000000 0.000000 21.000000 0.342800
2.000000 31.000000 0.000000 0.000000 21.000000 0.342800
2.000000 32.000000 0.000000 0.000000 21.000000 0.342800
2.000000 33.000000 0.000000 0.000000 21.000000 0.342800
2.000000 34.000000 0.000000 0.000000 21.000000 0.342800
2.000000 35.000000 0.000000 0.000000 21.000000 0.342800
2.000000 36.000000 0.000000 0.000000 21.000000 0.342800
2.000000 37.000000 0.000000 0.000000 21.000000 0.342800
2.000000 38.000000 0.000000 0.000000 21.000000 0.342800
2.000000 39.000000 0.000000 0.000000 21.000000 0.342800
2.000000 40.000000 0.000000 0.000000 21.000000 0.342800
2.000000 41.000000 0.000000 0.000000 21.000000 0.342800
2.000000 42.000000 0.000000 0.000000 21.000000 0.342800
2.000000 43.000000 0.000000 0.000000 21.000000 0.342800
2.000000 44.000000 0.000000 0.000000 21.000000 0.342800
2.000000 45.000000 0.000000 0.000000 21.000000 0.342800
2.000000 46.000000 0.000000 0.000000 21.000000 0.342800
2.000000 47.000000 0.000000 0.000000 21.000000 0.342800
2.000000 48.000000 0.000000 0.000000 21.000000 0.342800
2.000000 49.000000 0.000000 0.000000 21.000000 0.342800
3.000000 0.000000 0.000000 0.000000 21.000000 0.342800
3.000000 1.000000 0.000000 0.000000 21.000000 0.342800
3.000000 2.000000 0.000000 0.000000 21.000000 0.342800
3.000000 3.000000 0.000000 0.000000 21.000000 0.345371
3.000000 4.000000 0.000000 0.000000 21.000000 0.345371
3.000000 5.000000 0.000000 0.000000 21.000000 0.345371
3.000000 6.000000 0.000000 0.000000 21.000000 0.345371
3.000000 7.000000 0.000000 0.000000 21.000000 0.345371
3.000000 8.000000 0.000000 0.000000 21.000000 0.342800
3.000000 9.000000 0.000000 0.000000 21.000000 0.342800
3.000000 10.000000 0.000000 0.000000 21.000000 0.342800
3.000000 11.000000 0.000000 0.000000 21.000000 0.342800
3.000000 12.000000 0.000000 0.000000 21.000000 0.342800
3.000000 13.000000 0.000000 0.000000 21.000000 0.342800
3.000000 14.000000 0.000000 0.000000 21.000000 0.342800
3.000000 15.000000 0.000000 0.000000 21.000000 0.342800
3.000000 16.000000 0.000000 0.000000 21.000000 0.342800
3.000000 17.000000 0.000000 0.000000 21.000000 0.342800
3.000000 18.000000 0.000000 0.000000 21.000000 0.342800
3.000000 19.000000 0.000000 0.000000 21.000000 0.342800
3.000000 20.000000 0.000000 0.000000 21.000000 0.342800
3.000000 21.000000 0.000000 0.000000 21.000000 0.342800
3.000000 22.000000 0.000000 0.000000 21.000000 0.342800
3.000000 23.000000 0.000000 0.000000 21.000000 0.342800
3.000000 24.000000 0.000000 0.000000 21.000000 0.342800
3.000000 25.000000 0.000000 0.000000 21.000000 0.342800
3.000000 26.000000 0.000000 0.000000 21.000000 0.342800
3.000000 27.000000 0.000000 0.000000 21.000000 0.342800
3.000000 28.000000 0.000000 0.000000 21.000000 0.342800
3.000000 29.000000 0.000000 0.000000 21.000000 0.342800
3.000000 30.000000 0.000000 0.000000 21.000000 0.342800
3.000000 31.000000 0.000000 0.000000 21.000000 0.342800
3.000000 32.000000 0.000000 0.000000 21.000000 0.342800
3.000000 33.000000 0.000000 0.000000 21.000000 0.342800
3.000000 34.000000 0.000000 0.000000 21.000000 0.342800
3.000000 35.000000 0.000000 0.000000 21.000000 0.342800
3.000000 36.000000 0.000000 0.000000 21.000000 0.342800
3.000000 37.000000 0.000000 0.000000 21.000000 0.342800
3.000000 38.000000 0.000000 0.000000 21.000000 0.342800
3.000000 39.000000 0.000000 0.000000 21.000000 0.342800
3.000000 40.000000 0.000000 0.000000 21.000000 0.342800
3.000000 41.000000 0.000000 0.000000 21.000000 0.342800
3.000000 42.000000 0.000000 0.000000 21.000000 0.342800
3.000000 43.000000 0.000000 0.000000 21.000000 0.342800
3.000000 44.000000 0.000000 0.000000 21.000000 0.342800
3.000000 45.000000 0.000000 0.000000 21.000000 0.342800
3.000000 46.000000 0.000000 0.000000 21.000000 0.342800
3.000000 47.000000 0.000000 0.000000 21.000000 0.342800
3.000000 48.000000 0.000000 0.000000 21.000000 0.342800
3.000000 49.000000 0.000000 0.000000 21.000000 0.342800
4.000000 0.000000 0.000000 0.000000 21.000000 0.342800
4.000000 1.000000 0.000000 0.000000 21.000000 0.342800
4.000000 2.000000 0.000000 0.000000 21.000000 0.342800
4.000000 3.000000 0.000000 0.000000 21.000000 0.342800
4.000000 4.000000 0.000000 0.000000 21.000000 0.342800
4.000000 5.000000 0.000000 0.000000 21.000000 0.342800
4.000000 6.000000 0.000000 0.000000 21.000000 0.344894
4.000000 7.000000 0.000000 0.000000 21.000000 0.347466
4.000000 8.000000 0.000000 0.000000 21.000000 0.347943
4.000000 9.000000 0.000000 0.000000 21.000000 0.350515
4.000000 10.000000 0.000000 0.000000 21.000000 0.355183
4.000000 11.000000 0.000000 0.000000 21.000000 0.353087
4.000000 12.000000 0.000000 0.000000 21.000000 0.353087
4.000000 13.000000 0.000000 0.000000 21.000000 0.355660
4.000000 14.000000 0.000000 0.000000 21.000000 0.355660
4.000000 15.000000 0.000000 0.000000 21.000000 0.361948
4.000000 16.000000 0.000000 0.000000 21.000000 0.362903
4.000000 17.000000 0.000000 0.000000 21.000000 0.367574
4.000000 18.000000 0.000000 0.000000 21.000000 0.368530
4.000000 19.000000 0.000000 0.000000 21.000000 0.384171
4.000000 20.000000 0.000000 0.000000 21.000000 0.383507
4.000000 21.000000 0.000000 0.000000 21.000000 0.378832
4.000000 22.000000 0.000000 0.000000 21.000000 0.385127
4.000000 23.000000 0.000000 0.000000 20.918766 0.391239
4.000000 24.000000 0.000000 0.000000 21.000000 0.384649
4.000000 25.000000 0.000000 0.000000 20.863342 0.393338
4.000000 26.000000 0.000000 0.000000 20.180271 0.419317
4.000000 27.000000 0.000000 0.000000 19.051712 0.462255
4.000000 28.000000 0.000000 0.000000 18.074953 0.499391
4.000000 29.000000 0.000000 0.000000 16.298113 0.566471
4.000000 30.000000 0.008688 0.000000 13.097812 0.686811
4.000000 31.000000 0.139772 0.000000 9.817711 0.797787
4.000000 32.000000 0.228548 0.000000 7.629369 0.858034
4.000000 33.000000 0.402197 0.000000 3.263622 0.994492
4.000000 34.000000 0.554150 0.000000 0.000000 1.000000
4.000000 35.000000 0.557049 0.000000 0.000000 1.000000
4.000000 36.000000 0.676317 0.000000 0.000000 1.000000
4.000000 37.000000 0.548502 0.000000 0.000000 1.000000
4.000000 38.000000 0.419945 0.000000 2.102311 0.966191
4.000000 39.000000 0.226892 0.000000 7.321128 0.839616
4.000000 40.000000 0.079619 0.000000 11.231836 0.742818
4.000000 41.000000 0.103750 0.000000 5.948231 0.832408
4.000000 42.000000 0.000000 0.000000 17.162743 0.512462
4.000000 43.000000 0.585893 0.000000 0.000000 1.000000
4.000000 44.000000 0.000000 0.000000 19.456942 0.312428
4.000000 45.000000 0.000000 0.000000 18.173862 0.495221
4.000000 46.000000 0.000000 0.000000 18.420263 0.485957
4.000000 47.000000 0.000000 0.000000 18.913778 0.467351
4.000000 48.000000 0.000000 0.000000 18.740635 0.473953
4.000000 49.000000 0.000000 0.000000 19.090118 0.460669
5.000000 0.000000 0.000000 0.000000 21.000000 0.342800
5.000000 1.000000 0.000000 0.000000 21.000000 0.342800
5.000000 2.000000 0.000000 0.000000 21.000000 0.342800
5.000000 3.000000 0.000000 0.000000 21.000000 0.342800
5.000000 4.000000 0.000000 0.000000 21.000000 0.342800
5.000000 5.000000 0.000000 0.000000 21.000000 0.342800
5.000000 6.000000 0.000000 0.000000 21.000000 0.347943
5.000000 7.000000 0.000000 0.000000 21.000000 0.347943
5.000000 8.000000 0.000000 0.000000 21.000000 0.347943
5.000000 9.000000 0.000000 0.000000 21.000000 0.352133
5.000000 10.000000 0.000000 0.000000 21.000000 0.362426
5.000000 11.000000 0.000000 0.000000 21.000000 0.377398
5.000000 12.000000 0.000000 0.000000 20.160992 0.419982
5.000000 13.000000 0.000000 0.000000 19.051712 0.462255
5.000000 14.000000 0.000000 0.000000 17.049631 0.538051
5.000000 15.000000 0.000000 0.000000 14.873689 0.620165
5.000000 16.000000 0.148198 0.000000 10.107021 0.798219
5.000000 17.000000 0.440907 0.000000 2.695998 1.000000
5.000000 18.000000 0.735441 0.000000 0.000000 1.000000
5.000000 19.000000 0.930826 0.000000 0.000000 1.000000
5.000000 20.000000 1.000000 0.000000 0.000000 1.000000
5.000000 21.000000 1.000000 0.000000 0.000000 1.000000
5.000000 22.000000 0.809441 0.000000 0.000000 1.000000
5.000000 23.000000 0.463241 0.000000 0.511489 0.971989
5.000000 24.000000 0.168821 0.000000 7.856028 0.777958
5.000000 25.000000 0.182842 0.000000 4.462374 0.891188
5.000000 26.000000 0.000000 0.000000 17.628597 0.483066
5.000000 27.000000 0.000000 0.000000 19.297756 0.452405
5.000000 28.000000 0.000000 0.000000 20.074808 0.423106
5.000000 29.000000 0.000000 0.000000 20.617252 0.402600
5.000000 30.000000 0.000000 0.000000 20.705418 0.399299
5.000000 31.000000 0.000000 0.000000 20.992373 0.388407
5.000000 32.000000 0.000000 0.000000 21.000000 0.383814
5.000000 33.000000 0.000000 0.000000 21.000000 0.380930
5.000000 34.000000 0.000000 0.000000 21.000000 0.382551
5.000000 35.000000 0.000000 0.000000 21.000000 0.378832
5.000000 36.000000 0.000000 0.000000 21.000000 0.383029
5.000000 37.000000 0.000000 0.000000 20.998302 0.388183
5.000000 38.000000 0.000000 0.000000 20.954962 0.389804
5.000000 39.000000 0.000000 0.000000 20.764530 0.397059
5.000000 40.000000 0.000000 0.000000 20.561869 0.404795
5.000000 41.000000 0.000000 0.000000 20.267212 0.416072
5.000000 42.000000 0.000000 0.000000 19.885195 0.430599
5.000000 43.000000 0.000000 0.000000 19.546244 0.443509
5.000000 44.000000 0.000000 0.000000 19.398420 0.449153
5.000000 45.000000 0.000000 0.000000 19.243322 0.454985
5.000000 46.000000 0.000000 0.000000 18.811384 0.471444
5.000000 47.000000 0.000000 0.000000 17.851116 0.507810
5.000000 48.000000 0.611022 0.000000 0.000000 1.000000
5.000000 49.000000 0.000000 0.000000 17.421400 0.380927
6.000000 0.000000 0.000000 0.000000 21.000000 0.342800
6.000000 1.000000 0.000000 0.000000 21.000000 0.342800
6.000000 2.000000 0.000000 0.000000 21.000000 0.344894
6.000000 3.000000 0.000000 0.000000 21.000000 0.345371
6.000000 4.000000 0.000000 0.000000 21.000000 0.345371
6.000000 5.000000 0.000000 0.000000 21.000000 0.345371
6.000000 6.000000 0.000000 0.000000 21.000000 0.342800
6.000000 7.000000 0.000000 0.000000 21.000000 0.342800
6.000000 8.000000 0.000000 0.000000 21.000000 0.342800
6.000000 9.000000 0.000000 0.000000 21.000000 0.342800
6.000000 10.000000 0.000000 0.000000 21.000000 0.342800
6.000000 11.000000 0.000000 0.000000 21.000000 0.342800
6.000000 12.000000 0.000000 0.000000 21.000000 0.342800
6.000000 13.000000 0.000000 0.000000 21.000000 0.342800
6.000000 14.000000 0.000000 0.000000 21.000000 0.342800
6.000000 15.000000 0.000000 0.000000 21.000000 0.342800
6.000000 16.000000 0.000000 0.000000 21.000000 0.342800
6.000000 17.000000 0.000000 0.000000 21.000000 0.342800
6.000000 18.000000 0.000000 0.000000 21.000000 0.342800
6.000000 19.000000 0.000000 0.000000 21.000000 0.342800
6.000000 20.000000 0.000000 0.000000 21.000000 0.342800
6.000000 21.000000 0.000000 0.000000 21.000000 0.342800
6.000000 22.000000 0.000000 0.000000 21.000000 0.342800
6.000000 23.000000 0.000000 0.000000 21.000000 0.342800
6.000000 24.000000 0.000000 0.000000 21.000000 0.342800
6.000000 25.000000 0.000000 0.000000 21.000000 0.342800
6.000000 26.000000 0.000000 0.000000 21.000000 0.342800
6.000000 27.000000 0.000000 0.000000 21.000000 0.342800
6.000000 28.000000 0.000000 0.000000 21.000000 0.342800
6.000000 29.000000 0.000000 0.000000 21.000000 0.342800
6.000000 30.000000 0.000000 0.000000 21.000000 0.342800
6.000000 31.000000 0.000000 0.000000 21.000000 0.342800
6.000000 32.000000 0.000000 0.000000 21.000000 0.342800
6.000000 33.000000 0.000000 0.000000 21.000000 0.342800
6.000000 34.000000 0.000000 0.000000 21.000000 0.342800
6.000000 35.000000 0.000000 0.000000 21.000000 0.342800
6.000000 36.000000 0.000000 0.000000 21.000000 0.342800
6.000000 37.000000 0.000000 0.000000 21.000000 0.342800
6.000000 38.000000 0.000000 0.000000 21.000000 0.342800
6.000000 39.000000 0.000000 0.000000 21.000000 0.342800
6.000000 40.000000 0.000000 0.000000 21.000000 0.342800
6.000000 41.000000 0.000000 0.000000 21.000000 0.342800
6.000000 42.000000 0.000000 0.000000 21.000000 0.342800
6.000000 43.000000 0.000000 0.000000 21.000000 0.342800
6.000000 44.000000 0.000000 0.000000 21.000000 0.342800
6.000000 45.000000 0.000000 0.000000 21.000000 0.342800
6.000000 46.000000 0.000000 0.000000 21.000000 0.342800
6.000000 47.000000 0.000000 0.000000 21.000000 0.342800
6.000000 48.000000 0.000000 0.000000 21.000000 0.342800
6.000000 49.000000 0.000000 0.000000 21.000000 0.342800
7.000000 0.000000 0.000000 0.000000 21.000000 0.342800
7.000000 1.000000 0.000000 0.000000 21.000000 0.342800
7.000000 2.000000 0.000000 0.000000 21.000000 0.345371
7.000000 3.000000 0.000000 0.000000 21.000000 0.345371
7.000000 4.000000 0.000000 0.000000 21.000000 0.345371
7.000000 5.000000 0.000000 0.000000 21.000000 0.345371
7.000000 6.000000 0.000000 0.000000 21.000000 0.345371
7.000000 7.000000 0.000000 0.000000 21.000000 0.342800
7.000000 8.000000 0.000000 0.000000 21.000000 0.342800
7.000000 9.000000 0.000000 0.000000 21.000000 0.342800
7.000000 10.000000 0.000000 0.000000 21.000000 0.342800
7.000000 11.000000 0.000000 0.000000 21.000000 0.342800
7.000000 12.000000 0.000000 0.000000 21.000000 0.342800
7.000000 13.000000 0.000000 0.000000 21.000000 0.342800
7.000000 14.000000 0.000000 0.000000 21.000000 0.342800
7.000000 15.000000 0.000000 0.000000 21.000000 0.342800
7.000000 16.000000 0.000000 0.000000 21.000000 0.342800
7.000000 17.000000 0.000000 0.000000 21.000000 0.342800
7.000000 18.000000 0.000000 0.000000 21.000000 0.342800
7.000000 19.000000 0.000000 0.000000 21.000000 0.342800
7.000000 20.000000 0.000000 0.000000 21.000000 0.342800
7.000000 21.000000 0.000000 0.000000 21.000000 0.342800
7.000000 22.000000 0.000000 0.000000 21.000000 0.342800
7.000000 23.000000 0.000000 0.000000 21.000000 0.342800
7.000000 24.000000 0.000000 0.000000 21.000000 0.342800
7.000000 25.000000 0.000000 0.000000 21.000000 0.342800
7.000000 26.000000 0.000000 0.000000 21.000000 0.342800
7.000000 27.000000 0.000000 0.000000 21.000000 0.342800
7.000000 28.000000 0.000000 0.000000 21.000000 0.342800
7.000000 29.000000 0.000000 0.000000 21.000000 0.342800
7.000000 30.000000 0.000000 0.000000 21.000000 0.342800
7.000000 31.000000 0.000000 0.000000 21.000000 0.342800
7.000000 32.000000 0.000000 0.000000 21.000000 0.342800
7.000000 33.000000 0.000000 0.000000 21.000000 0.342800
7.000000 34.000000 0.000000 0.000000 21.000000 0.342800
7.000000 35.000000 0.000000 0.000000 21.000000 0.342800
7.000000 36.000000 0.000000 0.000000 21.000000 0.342800
7.000000 37.000000 0.000000 0.000000 21.000000 0.342800
7.000000 38.000000 0.000000 0.000000 21.000000 0.342800
7.000000 39.000000 0.000000 0.000000 21.000000 0.342800
7.000000 40.000000 0.000000 0.000000 21.000000 0.342800
7.000000 41.000000 0.000000 0.000000 21.000000 0.342800
7.000000 42.000000 0.000000 0.000000 21.000000 0.342800
7.000000 43.000000 0.000000 0.000000 21.000000 0.342800
7.000000 44.000000 0.000000 0.000000 21.000000 0.342800
7.000000 45.000000 0.000000 0.000000 21.000000 0.342800
7.000000 46.000000 0.000000 0.000000 21.000000 0.342800
7.000000 47.000000 0.000000 0.000000 21.000000 0.342800
7.000000 48.000000 0.000000 0.000000 21.000000 0.342800
7.000000 49.000000 0.000000 0.000000 21.000000 0.342800
8.000000 0.000000 0.000000 0.000000 21.000000 0.342800
8.000000 1.000000 0.000000 0.000000 21.000000 0.342800
8.000000 2.000000 0.000000 0.000000 21.000000 0.342800
8.000000 3.000000 0.000000 0.000000 21.000000 0.342800
8.000000 4.000000 0.000000 0.000000 21.000000 0.342800
8.000000 5.000000 0.000000 0.000000 21.000000 0.342800
8.000000 6.000000 0.000000 0.000000 21.000000 0.342800
8.000000 7.000000 0.000000 0.000000 21.000000 0.344894
8.000000 8.000000 0.000000 0.000000 21.000000 0.345371
8.000000 9.000000 0.000000 0.000000 21.000000 0.347943
8.000000 10.000000 0.000000 0.000000 21.000000 0.356323
8.000000 11.000000 0.000000 0.000000 21.000000 0.358234
8.000000 12.000000 0.000000 0.000000 21.000000 0.363381
8.000000 13.000000 0.000000 0.000000 21.000000 0.369671
8.000000 14.000000 0.000000 0.000000 21.000000 0.363381
8.000000 15.000000 0.000000 0.000000 21.000000 0.365478
8.000000 16.000000 0.000000 0.000000 21.000000 0.358234
8.000000 17.000000 0.000000 0.000000 21.000000 0.374822
8.000000 18.000000 0.000000 0.000000 21.000000 0.379974
8.000000 19.000000 0.000000 0.000000 20.930832 0.390760
8.000000 20.000000 0.000000 0.000000 20.426672 0.409954
8.000000 21.000000 0.000000 0.000000 20.119761 0.421712
8.000000 22.000000 0.000000 0.000000 20.052059 0.424293
8.000000 23.000000 0.000000 0.000000 20.199547 0.418652
8.000000 24.000000 0.000000 0.000000 19.798130 0.433846
8.000000 25.000000 0.000000 0.000000 18.784790 0.472297
8.000000 26.000000 0.000000 0.000000 18.595209 0.479675
8.000000 27.000000 0.000000 0.000000 16.981352 0.540635
8.000000 28.000000 0.000000 0.000000 13.295977 0.679286
8.000000 29.000000 0.142646 0.000000 10.236403 0.793803
8.000000 30.000000 0.241418 0.000000 7.089365 0.871696
8.000000 31.000000 0.393829 0.000000 3.486612 0.985433
8.000000 32.000000 0.457738 0.000000 2.134210 1.000000
8.000000 33.000000 0.365507 0.000000 4.011352 0.939762
8.000000 34.000000 0.328329 0.000000 5.337129 0.928035
8.000000 35.000000 0.298124 0.000000 5.565902 0.911281
8.000000 36.000000 0.184776 0.000000 8.386520 0.814133
8.000000 37.000000 0.101888 0.000000 10.561208 0.758089
8.000000 38.000000 0.052834 0.000000 11.840754 0.721049
8.000000 39.000000 0.073735 0.000000 10.636994 0.751200
8.000000 40.000000 0.000000 0.000000 13.405429 0.660797
8.000000 41.000000 0.739153 0.000000 0.000000 1.000000
8.000000 42.000000 0.000000 0.000000 14.261919 0.473177
8.000000 43.000000 0.014096 0.000000 12.969927 0.691126
8.000000 44.000000 0.032945 0.000000 12.557778 0.705886
8.000000 45.000000 0.111590 0.000000 9.578478 0.787044
8.000000 46.000000 0.074288 0.000000 11.243999 0.733968
8.000000 47.000000 0.073131 0.000000 10.971536 0.742672
8.000000 48.000000 0.054446 0.000000 11.233217 0.730115
8.000000 49.000000 0.091426 0.000000 9.782047 0.770789
9.000000 0.000000 0.000000 0.000000 21.000000 0.342800
9.000000 1.000000 0.000000 0.000000 21.000000 0.342800
9.000000 2.000000 0.000000 0.000000 21.000000 0.342800
9.000000 3.000000 0.000000 0.000000 21.000000 0.342800
9.000000 4.000000 0.000000 0.000000 21.000000 0.342800
9.000000 5.000000 0.000000 0.000000 21.000000 0.342800
9.000000 6.000000 0.000000 0.000000 21.000000 0.342800
9.000000 7.000000 0.000000 0.000000 21.000000 0.342800
9.000000 8.000000 0.000000 0.000000 21.000000 0.347466
9.000000 9.000000 0.000000 0.000000 21.000000 0.358419
9.000000 10.000000 0.000000 0.000000 20.844118 0.394002
9.000000 11.000000 0.000000 0.000000 20.593199 0.403652
9.000000 12.000000 0.000000 0.000000 20.112581 0.421898
9.000000 13.000000 0.000000 0.000000 18.643847 0.477757
9.000000 14.000000 0.000000 0.000000 17.217821 0.531737
9.000000 15.000000 0.000000 0.000000 16.198231 0.570169
9.000000 16.000000 0.743609 0.000000 0.000000 1.000000
9.000000 17.000000 0.013014 0.000000 9.955292 0.627977
9.000000 18.000000 0.971435 0.000000 0.000000 1.000000
9.000000 19.000000 0.096747 0.000000 7.587844 0.668724
9.000000 20.000000 1.000000 0.000000 0.000000 1.000000
9.000000 21.000000 0.150931 0.000000 6.415201 0.708224
9.000000 22.000000 0.953217 0.000000 0.000000 1.000000
9.000000 23.000000 0.000000 0.000000 12.313024 0.500307
9.000000 24.000000 0.779310 0.000000 0.000000 1.000000
9.000000 25.000000 0.000000 0.000000 16.701740 0.373363
9.000000 26.000000 0.000000 0.000000 17.363043 0.525142
9.000000 27.000000 0.000000 0.000000 18.733091 0.473541
9.000000 28.000000 0.000000 0.000000 19.387188 0.449006
9.000000 29.000000 0.000000 0.000000 20.185677 0.418838
9.000000 30.000000 0.000000 0.000000 20.859182 0.393444
9.000000 31.000000 0.000000 0.000000 21.000000 0.381545
9.000000 32.000000 0.000000 0.000000 21.000000 0.383507
9.000000 33.000000 0.000000 0.000000 21.000000 0.374822
9.000000 34.000000 0.000000 0.000000 21.000000 0.380452
9.000000 35.000000 0.000000 0.000000 21.000000 0.378832
9.000000 36.000000 0.000000 0.000000 21.000000 0.380452
9.000000 37.000000 0.000000 0.000000 20.740381 0.398016
9.000000 38.000000 0.000000 0.000000 20.402493 0.410912
9.000000 39.000000 0.000000 0.000000 20.525616 0.406231
9.000000 40.000000 0.000000 0.000000 20.390400 0.411390
9.000000 41.000000 0.000000 0.000000 20.704153 0.399452
9.000000 42.000000 0.000000 0.000000 21.000000 0.383985
9.000000 43.000000 0.000000 0.000000 21.000000 0.375778
9.000000 44.000000 0.000000 0.000000 21.000000 0.362903
9.000000 45.000000 0.000000 0.000000 21.000000 0.367096
9.000000 46.000000 0.000000 0.000000 21.000000 0.372724
9.000000 47.000000 0.000000 0.000000 21.000000 0.375778
9.000000 48.000000 0.000000 0.000000 21.000000 0.376256
9.000000 49.000000 0.000000 0.000000 21.000000 0.375778
10.000000 0.000000 0.000000 0.000000 21.000000 0.342800
10.000000 1.000000 0.000000 0.000000 21.000000 0.342800
10.000000 2.000000 0.000000 0.000000 21.000000 0.342800
10.000000 3.000000 0.000000 0.000000 21.000000 0.342800
10.000000 4.000000 0.000000 0.000000 21.000000 0.342800
10.000000 5.000000 0.000000 0.000000 21.000000 0.344894
10.000000 6.000000 0.000000 0.000000 21.000000 0.351655
10.000000 7.000000 0.000000 0.000000 21.000000 0.360329
10.000000 8.000000 0.000000 0.000000 21.000000 0.362903
10.000000 9.000000 0.000000 0.000000 21.000000 0.367574
10.000000 10.000000 0.000000 0.000000 21.000000 0.375778
10.000000 11.000000 0.000000 0.000000 20.800751 0.395624
10.000000 12.000000 0.000000 0.000000 18.014393 0.501284
10.000000 13.000000 0.731743 0.000000 0.000000 1.000000
10.000000 14.000000 0.000000 0.000000 11.808134 0.562322
10.000000 15.000000 0.941834 0.000000 0.000000 1.000000
10.000000 16.000000 0.084699 0.000000 8.017006 0.660923
10.000000 17.000000 1.000000 0.000000 0.000000 1.000000
10.000000 18.000000 0.000000 0.000000 10.903282 0.542557
10.000000 19.000000 0.850598 0.000000 0.000000 1.000000
10.000000 20.000000 0.000000 0.000000 13.766535 0.467346
10.000000 21.000000 0.000000 0.000000 15.181657 0.606768
10.000000 22.000000 0.000000 0.000000 16.515120 0.556873
10.000000 23.000000 0.000000 0.000000 17.409256 0.523740
10.000000 24.000000 0.000000 0.000000 18.741768 0.473706
10.000000 25.000000 0.000000 0.000000 19.022703 0.463286
10.000000 26.000000 0.000000 0.000000 18.579702 0.480170
10.000000 27.000000 0.000000 0.000000 17.814568 0.509249
10.000000 28.000000 0.000000 0.000000 16.754587 0.549421
10.000000 29.000000 0.000000 0.000000 15.931980 0.580312
10.000000 30.000000 0.000000 0.000000 14.320930 0.641076
10.000000 31.000000 0.000000 0.000000 13.885502 0.657483
10.000000 32.000000 0.000000 0.000000 13.330194 0.678250
10.000000 33.000000 0.082104 0.000000 11.530428 0.745598
10.000000 34.000000 0.128716 0.000000 9.890086 0.783886
10.000000 35.000000 0.136526 0.000000 9.526652 0.788422
10.000000 36.000000 0.159911 0.000000 8.903913 0.809009
10.000000 37.000000 0.122811 0.000000 9.892020 0.775192
10.000000 38.000000 0.085454 0.000000 10.928173 0.746319
10.000000 39.000000 0.076215 0.000000 10.920106 0.745051
10.000000 40.000000 0.000000 0.000000 14.402012 0.626235
10.000000 41.000000 0.688522 0.000000 0.000000 1.000000
10.000000 42.000000 0.000000 0.000000 17.106503 0.378205
10.000000 43.000000 0.000000 0.000000 15.827937 0.583654
10.000000 44.000000 0.000000 0.000000 15.463163 0.597525
10.000000 45.000000 0.000000 0.000000 15.744515 0.587075
10.000000 46.000000 0.651893 0.000000 0.000000 1.000000
10.000000 47.000000 0.000000 0.000000 17.016920 0.388869
10.000000 48.000000 0.000000 0.000000 14.953849 0.616397
10.000000 49.000000 0.000000 0.000000 15.184893 0.607674
11.000000 0.000000 0.000000 0.000000 21.000000 0.342800
11.000000 1.000000 0.000000 0.000000 21.000000 0.342800
11.000000 2.000000 0.000000 0.000000 21.000000 0.342800
11.000000 3.000000 0.000000 0.000000 21.000000 0.345371
11.000000 4.000000 0.000000 0.000000 21.000000 0.345371
11.000000 5.000000 0.000000 0.000000 21.000000 0.345371
11.000000 6.000000 0.000000 0.000000 21.000000 0.345371
11.000000 7.000000 0.000000 0.000000 21.000000 0.345371
11.000000 8.000000 0.000000 0.000000 21.000000 0.342800
11.000000 9.000000 0.000000 0.000000 21.000000 0.342800
11.000000 10.000000 0.000000 0.000000 21.000000 0.342800
11.000000 11.000000 0.000000 0.000000 21.000000 0.342800
11.000000 12.000000 0.000000 0.000000 21.000000 0.342800
11.000000 13.000000 0.000000 0.000000 21.000000 0.342800
11.000000 14.000000 0.000000 0.000000 21.000000 0.342800
11.000000 15.000000 0.000000 0.000000 21.000000 0.342800
11.000000 16.000000 0.000000 0.000000 21.000000 0.342800
11.000000 17.000000 0.000000 0.000000 21.000000 0.342800
11.000000 18.000000 0.000000 0.000000 21.000000 0.342800
11.000000 19.000000 0.000000 0.000000 21.000000 0.342800
11.000000 20.000000 0.000000 0.000000 21.000000 0.342800
11.000000 21.000000 0.000000 0.000000 21.000000 0.342800
11.000000 22.000000 0.000000 0.000000 21.000000 0.342800
11.000000 23.000000 0.000000 0.000000 21.000000 0.342800
11.000000 24.000000 0.000000 0.000000 21.000000 0.342800
11.000000 25.000000 0.000000 0.000000 21.000000 0.342800
11.000000 26.000000 0.000000 0.000000 21.000000 0.342800
11.000000 27.000000 0.000000 0.000000 21.000000 0.342800
11.000000 28.000000 0.000000 0.000000 21.000000 0.342800
11.000000 29.000000 0.000000 0.000000 21.000000 0.342800
11.000000 30.000000 0.000000 0.000000 21.000000 0.342800
11.000000 31.000000 0.000000 0.000000 21.000000 0.342800
11.000000 32.000000 0.000000 0.000000 21.000000 0.342800
11.000000 33.000000 0.000000 0.000000 21.000000 0.342800
11.000000 34.000000 0.000000 0.000000 21.000000 0.342800
11.000000 35.000000 0.000000 0.000000 21.000000 0.342800
11.000000 36.000000 0.000000 0.000000 21.000000 0.342800
11.000000 37.000000 0.000000 0.000000 21.000000 0.342800
11.000000 38.000000 0.000000 0.000000 21.000000 0.342800
11.000000 39.000000 0.000000 0.000000 21.000000 0.342800
11.000000 40.000000 0.000000 0.000000 21.000000 0.342800
11.000000 41.000000 0.000000 0.000000 21.000000 0.342800
11.000000 42.000000 0.000000 0.000000 21.000000 0.342800
11.000000 43.000000 0.000000 0.000000 21.000000 0.342800
11.000000 44.000000 0.000000 0.000000 21.000000 0.342800
11.000000 45.000000 0.000000 0.000000 21.000000 0.342800
11.000000 46.000000 0.000000 0.000000 21.000000 0.342800
11.000000 47.000000 0.000000 0.000000 21.000000 0.342800
11.000000 48.000000 0.000000 0.000000 21.000000 0.342800
11.000000 49.000000 0.000000 0.000000 21.000000 0.342800
12.000000 0.000000 0.000000 0.000000 21.000000 0.342800
12.000000 1.000000 0.000000 0.000000 21.000000 0.342800
12.000000 2.000000 0.000000 0.000000 21.000000 0.344894
12.000000 3.000000 0.000000 0.000000 21.000000 0.345371
12.000000 4.000000 0.000000 0.000000 21.000000 0.345371
12.000000 5.000000 0.000000 0.000000 21.000000 0.345371
12.000000 6.000000 0.000000 0.000000 21.000000 0.345371
12.000000 7.000000 0.000000 0.000000 21.000000 0.345371
12.000000 8.000000 0.000000 0.000000 21.000000 0.342800
12.000000 9.000000 0.000000 0.000000 21.000000 0.342800
12.000000 10.000000 0.000000 0.000000 21.000000 0.342800
12.000000 11.000000 0.000000 0.000000 21.000000 0.342800
12.000000 12.000000 0.000000 0.000000 21.000000 0.342800
12.000000 13.000000 0.000000 0.000000 21.000000 0.342800
12.000000 14.000000 0.000000 0.000000 21.000000 0.342800
12.000000 15.000000 0.000000 0.000000 21.000000 0.342800
12.000000 16.000000 0.000000 0.000000 21.000000 0.342800
12.000000 17.000000 0.000000 0.000000 21.000000 0.342800
12.000000 18.000000 0.000000 0.000000 21.000000 0.342800
12.000000 19.000000 0.000000 0.000000 21.000000 0.342800
12.000000 20.000000 0.000000 0.000000 21.000000 0.342800
12.000000 21.000000 0.000000 0.000000 21.000000 0.342800
12.000000 22.000000 0.000000 0.000000 21.000000 0.342800
12.000000 23.000000 0.000000 0.000000 21.000000 0.342800
12.000000 24.000000 0.000000 0.000000 21.000000 0.342800
12.000000 25.000000 0.000000 0.000000 21.000000 0.342800
12.000000 26.000000 0.000000 0.000000 21.000000 0.342800
12.000000 27.000000 0.000000 0.000000 21.000000 0.342800
12.000000 28.000000 0.000000 0.000000 21.000000 0.342800
12.000000 29.000000 0.000000 0.000000 21.000000 0.342800
12.000000 30.000000 0.000000 0.000000 21.000000 0.342800
12.000000 31.000000 0.000000 0.000000 21.000000 0.342800
12.000000 32.000000 0.000000 0.000000 21.000000 0.342800
12.000000 33.000000 0.000000 0.000000 21.000000 0.342800
12.000000 34.000000 0.000000 0.000000 21.000000 0.342800
12.000000 35.000000 0.000000 0.000000 21.000000 0.342800
12.000000 36.000000 0.000000 0.000000 21.000000 0.342800
12.000000 37.000000 0.000000 0.000000 21.000000 0.342800
12.000000 38.000000 0.000000 0.000000 21.000000 0.342800
12.000000 39.000000 0.000000 0.000000 21.000000 0.342800
12.000000 40.000000 0.000000 0.000000 21.000000 0.342800
12.000000 41.000000 0.000000 0.000000 21.000000 0.342800
12.000000 42.000000 0.000000 0.000000 21.000000 0.342800
12.000000 43.000000 0.000000 0.000000 21.000000 0.342800
12.000000 44.000000 0.000000 0.000000 21.000000 0.342800
12.000000 45.000000 0.000000 0.000000 21.000000 0.342800
12.000000 46.000000 0.000000 0.000000 21.000000 0.342800
12.000000 47.000000 0.000000 0.000000 21.000000 0.342800
12.000000 48.000000 0.000000 0.000000 21.000000 0.342800
12.000000 49.000000 0.000000 0.000000 21.000000 0.342800
13.000000 0.000000 0.000000 0.000000 21.000000 0.342800
13.000000 1.000000 0.000000 0.000000 21.000000 0.342800
13.000000 2.000000 0.000000 0.000000 21.000000 0.342800
13.000000 3.000000 0.000000 0.000000 21.000000 0.342800
13.000000 4.000000 0.000000 0.000000 21.000000 0.342800
13.000000 5.000000 0.000000 0.000000 21.000000 0.344894
13.000000 6.000000 0.000000 0.000000 21.000000 0.347943
13.000000 7.000000 0.000000 0.000000 21.000000 0.350038
13.000000 8.000000 0.000000 0.000000 21.000000 0.353087
13.000000 9.000000 0.000000 0.000000 21.000000 0.350515
13.000000 10.000000 0.000000 0.000000 21.000000 0.352610
13.000000 11.000000 0.000000 0.000000 21.000000 0.350515
13.000000 12.000000 0.000000 0.000000 21.000000 0.350515
13.000000 13.000000 0.000000 0.000000 21.000000 0.345371
13.000000 14.000000 0.000000 0.000000 21.000000 0.345371
13.000000 15.000000 0.000000 0.000000 21.000000 0.345371
13.000000 16.000000 0.000000 0.000000 21.000000 0.345371
13.000000 17.000000 0.000000 0.000000 21.000000 0.342800
13.000000 18.000000 0.000000 0.000000 21.000000 0.342800
13.000000 19.000000 0.000000 0.000000 21.000000 0.342800
13.000000 20.000000 0.000000 0.000000 21.000000 0.342800
13.000000 21.000000 0.000000 0.000000 21.000000 0.342800
13.000000 22.000000 0.000000 0.000000 21.000000 0.342800
13.000000 23.000000 0.000000 0.000000 21.000000 0.342800
13.000000 24.000000 0.000000 0.000000 21.000000 0.342800
13.000000 25.000000 0.000000 0.000000 21.000000 0.342800
13.000000 26.000000 0.000000 0.000000 21.000000 0.342800
13.000000 27.000000 0.000000 0.000000 21.000000 0.342800
13.000000 28.000000 0.000000 0.000000 21.000000 0.342800
13.000000 29.000000 0.000000 0.000000 21.000000 0.342800
13.000000 30.000000 0.000000 0.000000 21.000000 0.342800
13.000000 31.000000 0.000000 0.000000 21.000000 0.342800
13.000000 32.000000 0.000000 0.000000 21.000000 0.342800
13.000000 33.000000 0.000000 0.000000 21.000000 0.342800
13.000000 34.000000 0.000000 0.000000 21.000000 0.342800
13.000000 35.000000 0.000000 0.000000 21.000000 0.342800
13.000000 36.000000 0.000000 0.000000 21.000000 0.342800
13.000000 37.000000 0.000000 0.000000 21.000000 0.342800
13.000000 38.000000 0.000000 0.000000 21.000000 0.342800
13.000000 39.000000 0.000000 0.000000 21.000000 0.342800
13.000000 40.000000 0.000000 0.000000 21.000000 0.342800
13.000000 41.000000 0.000000 0.000000 21.000000 0.342800
13.000000 42.000000 0.000000 0.000000 21.000000 0.342800
13.000000 43.000000 0.000000 0.000000 21.000000 0.342800
13.000000 44.000000 0.000000 0.000000 21.000000 0.342800
13.000000 45.000000 0.000000 0.000000 21.000000 0.342800
13.000000 46.000000 0.000000 0.000000 21.000000 0.342800
13.000000 47.000000 0.000000 0.000000 21.000000 0.342800
13.000000 48.000000 0.000000 0.000000 21.000000 0.342800
13.000000 49.000000 0.000000 0.000000 21.000000 0.342800
14.000000 0.000000 0.000000 0.000000 21.000000 0.342800
14.000000 1.000000 0.000000 0.000000 21.000000 0.342800
14.000000 2.000000 0.000000 0.000000 21.000000 0.344894
14.000000 3.000000 0.000000 0.000000 21.000000 0.345371
14.000000 4.000000 0.000000 0.000000 21.000000 0.345371
14.000000 5.000000 0.000000 0.000000 21.000000 0.345371
14.000000 6.000000 0.000000 0.000000 21.000000 0.342800
14.000000 7.000000 0.000000 0.000000 21.000000 0.342800
14.000000 8.000000 0.000000 0.000000 21.000000 0.342800
14.000000 9.000000 0.000000 0.000000 21.000000 0.342800
14.000000 10.000000 0.000000 0.000000 21.000000 0.342800
14.000000 11.000000 0.000000 0.000000 21.000000 0.342800
14.000000 12.000000 0.000000 0.000000 21.000000 0.342800
14.000000 13.000000 0.000000 0.000000 21.000000 0.342800
14.000000 14.000000 0.000000 0.000000 21.000000 0.342800
14.000000 15.000000 0.000000 0.000000 21.000000 0.342800
14.000000 16.000000 0.000000 0.000000 21.000000 0.342800
14.000000 17.000000 0.000000 0.000000 21.000000 0.342800
14.000000 18.000000 0.000000 0.000000 21.000000 0.342800
14.000000 19.000000 0.000000 0.000000 21.000000 0.342800
14.000000 20.000000 0.000000 0.000000 21.000000 0.342800
14.000000 21.000000 0.000000 0.000000 21.000000 0.342800
14.000000 22.000000 0.000000 0.000000 21.000000 0.342800
14.000000 23.000000 0.000000 0.000000 21.000000 0.342800
14.000000 24.000000 0.000000 0.000000 21.000000 0.342800
14.000000 25.000000 0.000000 0.000000 21.000000 0.342800
14.000000 26.000000 0.000000 0.000000 21.000000 0.342800
14.000000 27.000000 0.000000 0.000000 21.000000 0.342800
14.000000 28.000000 0.000000 0.000000 21.000000 0.342800
14.000000 29.000000 0.000000 0.000000 21.000000 0.342800
14.000000 30.000000 0.000000 0.000000 21.000000 0.342800
14.000000 31.000000 0.000000 0.000000 21.000000 0.342800
14.000000 32.000000 0.000000 0.000000 21.000000 0.342800
14.000000 33.000000 0.000000 0.000000 21.000000 0.342800
14.000000 34.000000 0.000000 0.000000 21.000000 0.342800
14.000000 35.000000 0.000000 0.000000 21.000000 0.342800
14.000000 36.000000 0.000000 0.000000 21.000000 0.342800
14.000000 37.000000 0.000000 0.000000 21.000000 0.342800
14.000000 38.000000 0.000000 0.000000 21.000000 0.342800
14.000000 39.000000 0.000000 0.000000 21.000000 0.342800
14.000000 40.000000 0.000000 0.000000 21.000000 0.342800
14.000000 41.000000 0.000000 0.000000 21.000000 0.342800
14.000000 42.000000 0.000000 0.000000 21.000000 0.342800
14.000000 43.000000 0.000000 0.000000 21.000000 0.342800
14.000000 44.000000 0.000000 0.000000 21.000000 0.342800
14.000000 45.000000 0.000000 0.000000 21.000000 0.342800
14.000000 46.000000 0.000000 0.000000 21.000000 0.342800
14.000000 47.000000 0.000000 0.000000 21.000000 0.342800
14.000000 48.000000 0.000000 0.000000 21.000000 0.342800
14.000000 49.000000 0.000000 0.000000 21.000000 0.342800
15.000000 0.000000 0.000000 0.000000 21.000000 0.342800
15.000000 1.000000 0.000000 0.000000 21.000000 0.342800
15.000000 2.000000 0.000000 0.000000 21.000000 0.345371
15.000000 3.000000 0.000000 0.000000 21.000000 0.345371
15.000000 4.000000 0.000000 0.000000 21.000000 0.345371
15.000000 5.000000 0.000000 0.000000 21.000000 0.345371
15.000000 6.000000 0.000000 0.000000 21.000000 0.345371
15.000000 7.000000 0.000000 0.000000 21.000000 0.345371
15.000000 8.000000 0.000000 0.000000 21.000000 0.342800
15.000000 9.000000 0.000000 0.000000 21.000000 0.342800
15.000000 10.000000 0.000000 0.000000 21.000000 0.342800
15.000000 11.000000 0.000000 0.000000 21.000000 0.342800
15.000000 12.000000 0.000000 0.000000 21.000000 0.342800
15.000000 13.000000 0.000000 0.000000 21.000000 0.342800
15.000000 14.000000 0.000000 0.000000 21.000000 0.342800
15.000000 15.000000 0.000000 0.000000 21.000000 0.342800
15.000000 16.000000 0.000000 0.000000 21.000000 0.342800
15.000000 17.000000 0.000000 0.000000 21.000000 0.342800
15.000000 18.000000 0.000000 0.000000 21.000000 0.342800
15.000000 19.000000 0.000000 0.000000 21.000000 0.342800
15.000000 20.000000 0.000000 0.000000 21.000000 0.342800
15.000000 21.000000 0.000000 0.000000 21.000000 0.342800
15.000000 22.000000 0.000000 0.000000 21.000000 0.342800
15.000000 23.000000 0.000000 0.000000 21.000000 0.342800
15.000000 24.000000 0.000000 0.000000 21.000000 0.342800
15.000000 25.000000 0.000000 0.000000 21.000000 0.342800
15.000000 26.000000 0.000000 0.000000 21.000000 0.342800
15.000000 27.000000 0.000000 0.000000 21.000000 0.342800
15.000000 28.000000 0.000000 0.000000 21.000000 0.342800
15.000000 29.000000 0.000000 0.000000 21.000000 0.342800
15.000000 30.000000 0.000000 0.000000 21.000000 0.342800
15.000000 31.000000 0.000000 0.000000 21.000000 0.342800
15.000000 32.000000 0.000000 0.000000 21.000000 0.342800
15.000000 33.000000 0.000000 0.000000 21.000000 0.342800
15.000000 34.000000 0.000000 0.000000 21.000000 0.342800
15.000000 35.000000 0.000000 0.000000 21.000000 0.342800
15.000000 36.000000 0.000000 0.000000 21.000000 0.342800
15.000000 37.000000 0.000000 0.000000 21.000000 0.342800
15.000000 38.000000 0.000000 0.000000 21.000000 0.342800
15.000000 39.000000 0.000000 0.000000 21.000000 0.342800
15.000000 40.000000 0.000000 0.000000 21.000000 0.342800
15.000000 41.000000 0.000000 0.000000 21.000000 0.342800
15.000000 42.000000 0.000000 0.000000 21.000000 0.342800
15.000000 43.000000 0.000000 0.000000 21.000000 0.342800
15.000000 44.000000 0.000000 0.000000 21.000000 0.342800
15.000000 45.000000 0.000000 0.000000 21.000000 0.342800
15.000000 46.000000 0.000000 0.000000 21.000000 0.342800
15.000000 47.000000 0.000000 0.000000 21.000000 0.342800
15.000000 48.000000 0.000000 0.000000 21.000000 0.342800
15.000000 49.000000 0.000000 0.000000 21.000000 0.342800
16.000000 0.000000 0.000000 0.000000 21.000000 0.342800
16.000000 1.000000 0.000000 0.000000 21.000000 0.342800
16.000000 2.000000 0.000000 0.000000 21.000000 0.342800
16.000000 3.000000 0.000000 0.000000 21.000000 0.342800
16.000000 4.000000 0.000000 0.000000 21.000000 0.344894
16.000000 5.000000 0.000000 0.000000 21.000000 0.345371
16.000000 6.000000 0.000000 0.000000 21.000000 0.345371
16.000000 7.000000 0.000000 0.000000 21.000000 0.355183
16.000000 8.000000 0.000000 0.000000 21.000000 0.369671
16.000000 9.000000 0.000000 0.000000 20.670595 0.400488
16.000000 10.000000 0.000000 0.000000 19.063856 0.461776
16.000000 11.000000 0.000000 0.000000 18.019007 0.501496
16.000000 12.000000 0.000000 0.000000 16.659519 0.552858
16.000000 13.000000 0.775423 0.000000 0.000000 1.000000
16.000000 14.000000 0.141910 0.000000 7.103662 0.726717
16.000000 15.000000 0.644092 0.000000 0.000000 1.000000
16.000000 16.000000 0.310478 0.000000 4.188572 0.869264
16.000000 17.000000 0.685554 0.000000 0.000000 1.000000
16.000000 18.000000 0.349368 0.000000 3.207330 0.896175
16.000000 19.000000 0.334025 0.000000 5.084295 0.945323
16.000000 20.000000 0.204239 0.000000 7.950515 0.835962
16.000000 21.000000 0.125429 0.000000 10.089653 0.774332
16.000000 22.000000 0.052076 0.000000 11.665968 0.722566
16.000000 23.000000 0.000000 0.000000 12.840961 0.680311
16.000000 24.000000 0.745132 0.000000 0.000000 1.000000
16.000000 25.000000 0.000000 0.000000 14.588668 0.459627
16.000000 26.000000 0.000000 0.000000 13.563091 0.668702
16.000000 27.000000 0.718046 0.000000 0.000000 1.000000
16.000000 28.000000 0.000000 0.000000 16.353231 0.399555
16.000000 29.000000 0.000000 0.000000 16.261267 0.567322
16.000000 30.000000 0.000000 0.000000 18.300238 0.490350
16.000000 31.000000 0.000000 0.000000 19.704515 0.437063
16.000000 32.000000 0.000000 0.000000 20.415417 0.410121
16.000000 33.000000 0.000000 0.000000 20.760368 0.397165
16.000000 34.000000 0.000000 0.000000 21.000000 0.385913
16.000000 35.000000 0.000000 0.000000 20.930832 0.390760
16.000000 36.000000 0.000000 0.000000 20.549786 0.405274
16.000000 37.000000 0.000000 0.000000 20.537703 0.405753
16.000000 38.000000 0.000000 0.000000 20.390400 0.411390
16.000000 39.000000 0.000000 0.000000 20.199547 0.418652
16.000000 40.000000 0.000000 0.000000 19.965050 0.427539
16.000000 41.000000 0.000000 0.000000 20.310673 0.414449
16.000000 42.000000 0.000000 0.000000 20.513533 0.406710
16.000000 43.000000 0.000000 0.000000 20.032772 0.424958
16.000000 44.000000 0.000000 0.000000 19.601940 0.441406
16.000000 45.000000 0.000000 0.000000 19.589815 0.441885
16.000000 46.000000 0.000000 0.000000 19.589815 0.441885
16.000000 47.000000 0.000000 0.000000 19.713303 0.437200
16.000000 48.000000 0.000000 0.000000 19.434814 0.447715
16.000000 49.000000 0.000000 0.000000 19.781086 0.434618
17.000000 0.000000 0.000000 0.000000 21.000000 0.342800
17.000000 1.000000 0.000000 0.000000 21.000000 0.342800
17.000000 2.000000 0.000000 0.000000 21.000000 0.342800
17.000000 3.000000 0.000000 0.000000 21.000000 0.342800
17.000000 4.000000 0.000000 0.000000 21.000000 0.344894
17.000000 5.000000 0.000000 0.000000 21.000000 0.345371
17.000000 6.000000 0.000000 0.000000 21.000000 0.350038
17.000000 7.000000 0.000000 0.000000 21.000000 0.358234
17.000000 8.000000 0.000000 0.000000 21.000000 0.362426
17.000000 9.000000 0.000000 0.000000 21.000000 0.373866
17.000000 10.000000 0.000000 0.000000 21.000000 0.385606
17.000000 11.000000 0.000000 0.000000 20.998302 0.388183
17.000000 12.000000 0.000000 0.000000 20.696997 0.399638
17.000000 13.000000 0.000000 0.000000 17.870857 0.506639
17.000000 14.000000 0.040558 0.000000 12.410501 0.712381
17.000000 15.000000 0.220690 0.000000 7.900830 0.861537
17.000000 16.000000 0.408318 0.000000 3.276607 0.995818
17.000000 17.000000 0.933854 0.000000 0.000000 1.000000
17.000000 18.000000 0.805542 0.000000 0.000000 1.000000
17.000000 19.000000 0.897380 0.000000 0.000000 1.000000
17.000000 20.000000 0.746903 0.000000 0.000000 1.000000
17.000000 21.000000 0.556304 0.000000 0.000000 1.000000
17.000000 22.000000 0.251219 0.000000 5.776074 0.832525
17.000000 23.000000 0.130651 0.000000 8.748705 0.803144
17.000000 24.000000 0.000000 0.000000 15.416027 0.594784
17.000000 25.000000 0.000000 0.000000 17.405371 0.523911
17.000000 26.000000 0.000000 0.000000 18.323135 0.489573
17.000000 27.000000 0.000000 0.000000 18.265707 0.491985
17.000000 28.000000 0.000000 0.000000 17.922100 0.505176
17.000000 29.000000 0.000000 0.000000 17.783159 0.510364
17.000000 30.000000 0.000000 0.000000 17.249681 0.530560
17.000000 31.000000 0.000000 0.000000 16.478943 0.559649
17.000000 32.000000 0.000000 0.000000 16.220081 0.569608
17.000000 33.000000 0.000000 0.000000 16.630161 0.554109
17.000000 34.000000 0.000000 0.000000 16.847305 0.545878
17.000000 35.000000 0.000000 0.000000 17.237484 0.531040
17.000000 36.000000 0.656856 0.000000 0.000000 1.000000
17.000000 37.000000 0.000000 0.000000 16.721411 0.398001
17.000000 38.000000 0.000000 0.000000 15.546095 0.594353
17.000000 39.000000 0.000000 0.000000 15.836855 0.583379
17.000000 40.000000 0.000000 0.000000 16.095366 0.573578
17.000000 41.000000 0.000000 0.000000 17.361843 0.525914
17.000000 42.000000 0.000000 0.000000 17.520336 0.520182
17.000000 43.000000 0.620813 0.000000 0.000000 1.000000
17.000000 44.000000 0.000000 0.000000 17.301376 0.384542
17.000000 45.000000 0.000000 0.000000 15.539700 0.594637
17.000000 46.000000 0.669015 0.000000 0.000000 1.000000
17.000000 47.000000 0.000000 0.000000 17.912546 0.352608
17.000000 48.000000 0.000000 0.000000 17.437651 0.522835
17.000000 49.000000 0.000000 0.000000 18.178326 0.494986
18.000000 0.000000 0.000000 0.000000 21.000000 0.342800
18.000000 1.000000 0.000000 0.000000 21.000000 0.342800
18.000000 2.000000 0.000000 0.000000 21.000000 0.342800
18.000000 3.000000 0.000000 0.000000 21.000000 0.342800
18.000000 4.000000 0.000000 0.000000 21.000000 0.342800
18.000000 5.000000 0.000000 0.000000 21.000000 0.342800
18.000000 6.000000 0.000000 0.000000 21.000000 0.342800
18.000000 7.000000 0.000000 0.000000 21.000000 0.345371
18.000000 8.000000 0.000000 0.000000 21.000000 0.347943
18.000000 9.000000 0.000000 0.000000 21.000000 0.347943
18.000000 10.000000 0.000000 0.000000 21.000000 0.347943
18.000000 11.000000 0.000000 0.000000 21.000000 0.347943
18.000000 12.000000 0.000000 0.000000 21.000000 0.347466
18.000000 13.000000 0.000000 0.000000 21.000000 0.351655
18.000000 14.000000 0.000000 0.000000 21.000000 0.357756
18.000000 15.000000 0.000000 0.000000 21.000000 0.362426
18.000000 16.000000 0.000000 0.000000 21.000000 0.374822
18.000000 17.000000 0.000000 0.000000 21.000000 0.380452
18.000000 18.000000 0.000000 0.000000 21.000000 0.380452
18.000000 19.000000 0.000000 0.000000 20.832047 0.394481
18.000000 20.000000 0.000000 0.000000 19.711037 0.437093
18.000000 21.000000 0.000000 0.000000 16.527592 0.557763
18.000000 22.000000 0.020068 0.000000 12.855635 0.695946
18.000000 23.000000 0.227981 0.000000 6.467195 0.887186
18.000000 24.000000 0.472990 0.000000 1.670668 1.000000
18.000000 25.000000 0.630314 0.000000 0.000000 1.000000
18.000000 26.000000 0.646784 0.000000 0.000000 1.000000
18.000000 27.000000 0.735505 0.000000 0.000000 1.000000
18.000000 28.000000 0.618543 0.000000 0.000000 1.000000
18.000000 29.000000 0.425557 0.000000 1.812804 0.962886
18.000000 30.000000 0.215112 0.000000 7.237618 0.826021
18.000000 31.000000 0.155351 0.000000 8.154707 0.826712
18.000000 32.000000 0.000000 0.000000 14.857041 0.609307
18.000000 33.000000 0.000000 0.000000 17.723267 0.511795
18.000000 34.000000 0.000000 0.000000 18.970009 0.464995
18.000000 35.000000 0.000000 0.000000 19.158560 0.458120
18.000000 36.000000 0.000000 0.000000 19.237352 0.455209
18.000000 37.000000 0.000000 0.000000 18.623407 0.478545
18.000000 38.000000 0.000000 0.000000 18.446966 0.485323
18.000000 39.000000 0.000000 0.000000 18.062778 0.499870
18.000000 40.000000 0.000000 0.000000 17.838934 0.508290
18.000000 41.000000 0.000000 0.000000 17.975435 0.503090
18.000000 42.000000 0.000000 0.000000 17.951078 0.504049
18.000000 43.000000 0.000000 0.000000 18.366947 0.488356
18.000000 44.000000 0.000000 0.000000 18.310833 0.490492
18.000000 45.000000 0.000000 0.000000 18.099306 0.498432
18.000000 46.000000 0.000000 0.000000 18.570889 0.480634
18.000000 47.000000 0.000000 0.000000 18.583050 0.480155
18.000000 48.000000 0.000000 0.000000 18.570889 0.480634
18.000000 49.000000 0.000000 0.000000 18.483459 0.483885
19.000000 0.000000 0.000000 0.000000 21.000000 0.342800
19.000000 1.000000 0.000000 0.000000 21.000000 0.342800
19.000000 2.000000 0.000000 0.000000 21.000000 0.344894
19.000000 3.000000 0.000000 0.000000 21.000000 0.345371
19.000000 4.000000 0.000000 0.000000 21.000000 0.345371
19.000000 5.000000 0.000000 0.000000 21.000000 0.345371
19.000000 6.000000 0.000000 0.000000 21.000000 0.345371
19.000000 7.000000 0.000000 0.000000 21.000000 0.345371
19.000000 8.000000 0.000000 0.000000 21.000000 0.342800
19.000000 9.000000 0.000000 0.000000 21.000000 0.342800
19.000000 10.000000 0.000000 0.000000 21.000000 0.342800
19.000000 11.000000 0.000000 0.000000 21.000000 0.342800
19.000000 12.000000 0.000000 0.000000 21.000000 0.342800
19.000000 13.000000 0.000000 0.000000 21.000000 0.342800
19.000000 14.000000 0.000000 0.000000 21.000000 0.342800
19.000000 15.000000 0.000000 0.000000 21.000000 0.342800
19.000000 16.000000 0.000000 0.000000 21.000000 0.342800
19.000000 17.000000 0.000000 0.000000 21.000000 0.342800
19.000000 18.000000 0.000000 0.000000 21.000000 0.342800
19.000000 19.000000 0.000000 0.000000 21.000000 0.342800
19.000000 20.000000 0.000000 0.000000 21.000000 0.342800
19.000000 21.000000 0.000000 0.000000 21.000000 0.342800
19.000000 22.000000 0.000000 0.000000 21.000000 0.342800
19.000000 23.000000 0.000000 0.000000 21.000000 0.342800
19.000000 24.000000 0.000000 0.000000 21.000000 0.342800
19.000000 25.000000 0.000000 0.000000 21.000000 0.342800
19.000000 26.000000 0.000000 0.000000 21.000000 0.342800
19.000000 27.000000 0.000000 0.000000 21.000000 0.342800
19.000000 28.000000 0.000000 0.000000 21.000000 0.342800
19.000000 29.000000 0.000000 0.000000 21.000000 0.342800
19.000000 30.000000 0.000000 0.000000 21.000000 0.342800
19.000000 31.000000 0.000000 0.000000 21.000000 0.342800
19.000000 32.000000 0.000000 0.000000 21.000000 0.342800
19.000000 33.000000 0.000000 0.000000 21.000000 0.342800
19.000000 34.000000 0.000000 0.000000 21.000000 0.342800
19.000000 35.000000 0.000000 0.000000 21.000000 0.342800
19.000000 36.000000 0.000000 0.000000 21.000000 0.342800
19.000000 37.000000 0.000000 0.000000 21.000000 0.342800
19.000000 38.000000 0.000000 0.000000 21.000000 0.342800
19.000000 39.000000 0.000000 0.000000 21.000000 0.342800
19.000000 40.000000 0.000000 0.000000 21.000000 0.342800
19.000000 41.000000 0.000000 0.000000 21.000000 0.342800
19.000000 42.000000 0.000000 0.000000 21.000000 0.342800
19.000000 43.000000 0.000000 0.000000 21.000000 0.342800
19.000000 44.000000 0.000000 0.000000 21.000000 0.342800
19.000000 45.000000 0.000000 0.000000 21.000000 0.342800
19.000000 46.000000 0.000000 0.000000 21.000000 0.342800
19.000000 47.000000 0.000000 0.000000 21.000000 0.342800
19.000000 48.000000 0.000000 0.000000 21.000000 0.342800
19.000000 49.000000 0.000000 0.000000 21.000000 0.342800
20.000000 0.000000 0.000000 0.000000 21.000000 0.342800
20.000000 1.000000 0.000000 0.000000 21.000000 0.342800
20.000000 2.000000 0.000000 0.000000 21.000000 0.342800
20.000000 3.000000 0.000000 0.000000 21.000000 0.345371
20.000000 4.000000 0.000000 0.000000 21.000000 0.345371
20.000000 5.000000 0.000000 0.000000 21.000000 0.345371
20.000000 6.000000 0.000000 0.000000 21.000000 0.345371
20.000000 7.000000 0.000000 0.000000 21.000000 0.345371
20.000000 8.000000 0.000000 0.000000 21.000000 0.342800
20.000000 9.000000 0.000000 0.000000 21.000000 0.342800
20.000000 10.000000 0.000000 0.000000 21.000000 0.342800
20.000000 11.000000 0.000000 0.000000 21.000000 0.342800
20.000000 12.000000 0.000000 0.000000 21.000000 0.342800
20.000000 13.000000 0.000000 0.000000 21.000000 0.342800
20.000000 14.000000 0.000000 0.000000 21.000000 0.342800
20.000000 15.000000 0.000000 0.000000 21.000000 0.342800
20.000000 16.000000 0.000000 0.000000 21.000000 0.342800
20.000000 17.000000 0.000000 0.000000 21.000000 0.342800
20.000000 18.000000 0.000000 0.000000 21.000000 0.342800
20.000000 19.000000 0.000000 0.000000 21.000000 0.342800
20.000000 20.000000 0.000000 0.000000 21.000000 0.342800
20.000000 21.000000 0.000000 0.000000 21.000000 0.342800
20.000000 22.000000 0.000000 0.000000 21.000000 0.342800
20.000000 23.000000 0.000000 0.000000 21.000000 0.342800
20.000000 24.000000 0.000000 0.000000 21.000000 0.342800
20.000000 25.000000 0.000000 0.000000 21.000000 0.342800
20.000000 26.000000 0.000000 0.000000 21.000000 0.342800
20.000000 27.000000 0.000000 0.000000 21.000000 0.342800
20.000000 28.000000 0.000000 0.000000 21.000000 0.342800
20.000000 29.000000 0.000000 0.000000 21.000000 0.342800
20.000000 30.000000 0.000000 0.000000 21.000000 0.342800
20.000000 31.000000 0.000000 0.000000 21.000000 0.342800
20.000000 32.000000 0.000000 0.000000 21.000000 0.342800
20.000000 33.000000 0.000000 0.000000 21.000000 0.342800
20.000000 34.000000 0.000000 0.000000 21.000000 0.342800
20.000000 35.000000 0.000000 0.000000 21.000000 0.342800
20.000000 36.000000 0.000000 0.000000 21.000000 0.342800
20.000000 37.000000 0.000000 0.000000 21.000000 0.342800
20.000000 38.000000 0.000000 0.000000 21.000000 0.342800
20.000000 39.000000 0.000000 0.000000 21.000000 0.342800
20.000000 40.000000 0.000000 0.000000 21.000000 0.342800
20.000000 41.000000 0.000000 0.000000 21.000000 0.342800
20.000000 42.000000 0.000000 0.000000 21.000000 0.342800
20.000000 43.000000 0.000000 0.000000 21.000000 0.342800
20.000000 44.000000 0.000000 0.000000 21.000000 0.342800
20.000000 45.000000 0.000000 0.000000 21.000000 0.342800
20.000000 46.000000 0.000000 0.000000 21.000000 0.342800
20.000000 47.000000 0.000000 0.000000 21.000000 0.342800
20.000000 48.000000 0.000000 0.000000 21.000000 0.342800
20.000000 49.000000 0.000000 0.000000 21.000000 0.342800
21.000000 0.000000 0.000000 0.000000 21.000000 0.342800
21.000000 1.000000 0.000000 0.000000 21.000000 0.342800
21.000000 2.000000 0.000000 0.000000 21.000000 0.342800
21.000000 3.000000 0.000000 0.000000 21.000000 0.342800
21.000000 4.000000 0.000000 0.000000 21.000000 0.342800
21.000000 5.000000 0.000000 0.000000 21.000000 0.342800
21.000000 6.000000 0.000000 0.000000 21.000000 0.345371
21.000000 7.000000 0.000000 0.000000 21.000000 0.347943
21.000000 8.000000 0.000000 0.000000 21.000000 0.347943
21.000000 9.000000 0.000000 0.000000 21.000000 0.347943
21.000000 10.000000 0.000000 0.000000 21.000000 0.347943
21.000000 11.000000 0.000000 0.000000 21.000000 0.345371
21.000000 12.000000 0.000000 0.000000 21.000000 0.342800
21.000000 13.000000 0.000000 0.000000 21.000000 0.342800
21.000000 14.000000 0.000000 0.000000 21.000000 0.342800
21.000000 15.000000 0.000000 0.000000 21.000000 0.342800
21.000000 16.000000 0.000000 0.000000 21.000000 0.342800
21.000000 17.000000 0.000000 0.000000 21.000000 0.342800
21.000000 18.000000 0.000000 0.000000 21.000000 0.342800
21.000000 19.000000 0.000000 0.000000 21.000000 0.342800
21.000000 20.000000 0.000000 0.000000 21.000000 0.342800
21.000000 21.000000 0.000000 0.000000 21.000000 0.342800
21.000000 22.000000 0.000000 0.000000 21.000000 0.342800
21.000000 23.000000 0.000000 0.000000 21.000000 0.342800
21.000000 24.000000 0.000000 0.000000 21.000000 0.342800
21.000000 25.000000 0.000000 0.000000 21.000000 0.342800
21.000000 26.000000 0.000000 0.000000 21.000000 0.342800
21.000000 27.000000 0.000000 0.000000 21.000000 0.342800
21.000000 28.000000 0.000000 0.000000 21.000000 0.342800
21.000000 29.000000 0.000000 0.000000 21.000000 0.342800
21.000000 30.000000 0.000000 0.000000 21.000000 0.342800
21.000000 31.000000 0.000000 0.000000 21.000000 0.342800
21.000000 32.000000 0.000000 0.000000 21.000000 0.342800
21.000000 33.000000 0.000000 0.000000 21.000000 0.342800
21.000000 34.000000 0.000000 0.000000 21.000000 0.342800
21.000000 35.000000 0.000000 0.000000 21.000000 0.342800
21.000000 36.000000 0.000000 0.000000 21.000000 0.342800
21.000000 37.000000 0.000000 0.000000 21.000000 0.342800
21.000000 38.000000 0.000000 0.000000 21.000000 0.342800
21.000000 39.000000 0.000000 0.000000 21.000000 0.342800
21.000000 40.000000 0.000000 0.000000 21.000000 0.342800
21.000000 41.000000 0.000000 0.000000 21.000000 0.342800
21.000000 42.000000 0.000000 0.000000 21.000000 0.342800
21.000000 43.000000 0.000000 0.000000 21.000000 0.342800
21.000000 44.000000 0.000000 0.000000 21.000000 0.342800
21.000000 45.000000 0.000000 0.000000 21.000000 0.342800
21.000000 46.000000 0.000000 0.000000 21.000000 0.342800
21.000000 47.000000 0.000000 0.000000 21.000000 0.342800
21.000000 48.000000 0.000000 0.000000 21.000000 0.342800
21.000000 49.000000 0.000000 0.000000 21.000000 0.342800
22.000000 0.000000 0.000000 0.000000 21.000000 0.342800
22.000000 1.000000 0.000000 0.000000 21.000000 0.342800
22.000000 2.000000 0.000000 0.000000 21.000000 0.342800
22.000000 3.000000 0.000000 0.000000 21.000000 0.342800
22.000000 4.000000 0.000000 0.000000 21.000000 0.342800
22.000000 5.000000 0.000000 0.000000 21.000000 0.342800
22.000000 6.000000 0.000000 0.000000 21.000000 0.342800
22.000000 7.000000 0.000000 0.000000 21.000000 0.350038
22.000000 8.000000 0.000000 0.000000 21.000000 0.353087
22.000000 9.000000 0.000000 0.000000 21.000000 0.355183
22.000000 10.000000 0.000000 0.000000 21.000000 0.355660
22.000000 11.000000 0.000000 0.000000 21.000000 0.355660
22.000000 12.000000 0.000000 0.000000 21.000000 0.347943
22.000000 13.000000 0.000000 0.000000 21.000000 0.350038
22.000000 14.000000 0.000000 0.000000 21.000000 0.347943
22.000000 15.000000 0.000000 0.000000 21.000000 0.350515
22.000000 16.000000 0.000000 0.000000 21.000000 0.347943
22.000000 17.000000 0.000000 0.000000 21.000000 0.347943
22.000000 18.000000 0.000000 0.000000 21.000000 0.345371
22.000000 19.000000 0.000000 0.000000 21.000000 0.342800
22.000000 20.000000 0.000000 0.000000 21.000000 0.342800
22.000000 21.000000 0.000000 0.000000 21.000000 0.342800
22.000000 22.000000 0.000000 0.000000 21.000000 0.342800
22.000000 23.000000 0.000000 0.000000 21.000000 0.342800
22.000000 24.000000 0.000000 0.000000 21.000000 0.342800
22.000000 25.000000 0.000000 0.000000 21.000000 0.342800
22.000000 26.000000 0.000000 0.000000 21.000000 0.342800
22.000000 27.000000 0.000000 0.000000 21.000000 0.342800
22.000000 28.000000 0.000000 0.000000 21.000000 0.342800
22.000000 29.000000 0.000000 0.000000 21.000000 0.342800
22.000000 30.000000 0.000000 0.000000 21.000000 0.342800
22.000000 31.000000 0.000000 0.000000 21.000000 0.342800
22.000000 32.000000 0.000000 0.000000 21.000000 0.342800
22.000000 33.000000 0.000000 0.000000 21.000000 0.342800
22.000000 34.000000 0.000000 0.000000 21.000000 0.342800
22.000000 35.000000 0.000000 0.000000 21.000000 0.342800
22.000000 36.000000 0.000000 0.000000 21.000000 0.342800
22.000000 37.000000 0.000000 0.000000 21.000000 0.342800
22.000000 38.000000 0.000000 0.000000 21.000000 0.342800
22.000000 39.000000 0.000000 0.000000 21.000000 0.342800
22.000000 40.000000 0.000000 0.000000 21.000000 0.342800
22.000000 41.000000 0.000000 0.000000 21.000000 0.342800
22.000000 42.000000 0.000000 0.000000 21.000000 0.342800
22.000000 43.000000 0.000000 0.000000 21.000000 0.342800
22.000000 44.000000 0.000000 0.000000 21.000000 0.342800
22.000000 45.000000 0.000000 0.000000 21.000000 0.342800
22.000000 46.000000 0.000000 0.000000 21.000000 0.342800
22.000000 47.000000 0.000000 0.000000 21.000000 0.342800
22.000000 48.000000 0.000000 0.000000 21.000000 0.342800
22.000000 49.000000 0.000000 0.000000 21.000000 0.342800
23.000000 0.000000 0.000000 0.000000 21.000000 0.342800
23.000000 1.000000 0.000000 0.000000 21.000000 0.342800
23.000000 2.000000 0.000000 0.000000 21.000000 0.342800
23.000000 3.000000 0.000000 0.000000 21.000000 0.344894
23.000000 4.000000 0.000000 0.000000 21.000000 0.345371
23.000000 5.000000 0.000000 0.000000 21.000000 0.345371
23.000000 6.000000 0.000000 0.000000 21.000000 0.345371
23.000000 7.000000 0.000000 0.000000 21.000000 0.345371
23.000000 8.000000 0.000000 0.000000 21.000000 0.342800
23.000000 9.000000 0.000000 0.000000 21.000000 0.345371
23.000000 10.000000 0.000000 0.000000 21.000000 0.345371
23.000000 11.000000 0.000000 0.000000 21.000000 0.345371
23.000000 12.000000 0.000000 0.000000 21.000000 0.345371
23.000000 13.000000 0.000000 0.000000 21.000000 0.345371
23.000000 14.000000 0.000000 0.000000 21.000000 0.342800
23.000000 15.000000 0.000000 0.000000 21.000000 0.342800
23.000000 16.000000 0.000000 0.000000 21.000000 0.342800
23.000000 17.000000 0.000000 0.000000 21.000000 0.342800
23.000000 18.000000 0.000000 0.000000 21.000000 0.342800
23.000000 19.000000 0.000000 0.000000 21.000000 0.342800
23.000000 20.000000 0.000000 0.000000 21.000000 0.342800
23.000000 21.000000 0.000000 0.000000 21.000000 0.342800
23.000000 22.000000 0.000000 0.000000 21.000000 0.342800
23.000000 23.000000 0.000000 0.000000 21.000000 0.342800
23.000000 24.000000 0.000000 0.000000 21.000000 0.342800
23.000000 25.000000 0.000000 0.000000 21.000000 0.342800
23.000000 26.000000 0.000000 0.000000 21.000000 0.342800
23.000000 27.000000 0.000000 0.000000 21.000000 0.342800
23.000000 28.000000 0.000000 0.000000 21.000000 0.342800
23.000000 29.000000 0.000000 0.000000 21.000000 0.342800
23.000000 30.000000 0.000000 0.000000 21.000000 0.342800
23.000000 31.000000 0.000000 0.000000 21.000000 0.342800
23.000000 32.000000 0.000000 0.000000 21.000000 0.342800
23.000000 33.000000 0.000000 0.000000 21.000000 0.342800
23.000000 34.000000 0.000000 0.000000 21.000000 0.342800
23.000000 35.000000 0.000000 0.000000 21.000000 0.342800
23.000000 36.000000 0.000000 0.000000 21.000000 0.342800
23.000000 37.000000 0.000000 0.000000 21.000000 0.342800
23.000000 38.000000 0.000000 0.000000 21.000000 0.342800
23.000000 39.000000 0.000000 0.000000 21.000000 0.342800
23.000000 40.000000 0.000000 0.000000 21.000000 0.342800
23.000000 41.000000 0.000000 0.000000 21.000000 0.342800
23.000000 42.000000 0.000000 0.000000 21.000000 0.342800
23.000000 43.000000 0.000000 0.000000 21.000000 0.342800
23.000000 44.000000 0.000000 0.000000 21.000000 0.342800
23.000000 45.000000 0.000000 0.000000 21.000000 0.342800
23.000000 46.000000 0.000000 0.000000 21.000000 0.342800
23.000000 47.000000 0.000000 0.000000 21.000000 0.342800
23.000000 48.000000 0.000000 0.000000 21.000000 0.342800
23.000000 49.000000 0.000000 0.000000 21.000000 0.342800
24.000000 0.000000 0.000000 0.000000 21.000000 0.342800
24.000000 1.000000 0.000000 0.000000 21.000000 0.342800
24.000000 2.000000 0.000000 0.000000 21.000000 0.342800
24.000000 3.000000 0.000000 0.000000 21.000000 0.344894
24.000000 4.000000 0.000000 0.000000 21.000000 0.345371
24.000000 5.000000 0.000000 0.000000 21.000000 0.345371
24.000000 6.000000 0.000000 0.000000 21.000000 0.347466
24.000000 7.000000 0.000000 0.000000 21.000000 0.347943
24.000000 8.000000 0.000000 0.000000 21.000000 0.347943
24.000000 9.000000 0.000000 0.000000 21.000000 0.345371
24.000000 10.000000 0.000000 0.000000 21.000000 0.345371
24.000000 11.000000 0.000000 0.000000 21.000000 0.342800
24.000000 12.000000 0.000000 0.000000 21.000000 0.342800
24.000000 13.000000 0.000000 0.000000 21.000000 0.342800
24.000000 14.000000 0.000000 0.000000 21.000000 0.342800
24.000000 15.000000 0.000000 0.000000 21.000000 0.342800
24.000000 16.000000 0.000000 0.000000 21.000000 0.342800
24.000000 17.000000 0.000000 0.000000 21.000000 0.342800
24.000000 18.000000 0.000000 0.000000 21.000000 0.342800
24.000000 19.000000 0.000000 0.000000 21.000000 0.342800
24.000000 20.000000 0.000000 0.000000 21.000000 0.342800
24.000000 21.000000 0.000000 0.000000 21.000000 0.342800
24.000000 22.000000 0.000000 0.000000 21.000000 0.342800
24.000000 23.000000 0.000000 0.000000 21.000000 0.342800
24.000000 24.000000 0.000000 0.000000 21.000000 0.342800
24.000000 25.000000 0.000000 0.000000 21.000000 0.342800
24.000000 26.000000 0.000000 0.000000 21.000000 0.342800
24.000000 27.000000 0.000000 0.000000 21.000000 0.342800
24.000000 28.000000 0.000000 0.000000 21.000000 0.342800
24.000000 29.000000 0.000000 0.000000 21.000000 0.342800
24.000000 30.000000 0.000000 0.000000 21.000000 0.342800
24.000000 31.000000 0.000000 0.000000 21.000000 0.342800
24.000000 32.000000 0.000000 0.000000 21.000000 0.342800
24.000000 33.000000 0.000000 0.000000 21.000000 0.342800
24.000000 34.000000 0.000000 0.000000 21.000000 0.342800
24.000000 35.000000 0.000000 0.000000 21.000000 0.342800
24.000000 36.000000 0.000000 0.000000 21.000000 0.342800
24.000000 37.000000 0.000000 0.000000 21.000000 0.342800
24.000000 38.000000 0.000000 0.000000 21.000000 0.342800
24.000000 39.000000 0.000000 0.000000 21.000000 0.342800
24.000000 40.000000 0.000000 0.000000 21.000000 0.342800
24.000000 41.000000 0.000000 0.000000 21.000000 0.342800
24.000000 42.000000 0.000000 0.000000 21.000000 0.342800
24.000000 43.000000 0.000000 0.000000 21.000000 0.342800
24.000000 44.000000 0.000000 0.000000 21.000000 0.342800
24.000000 45.000000 0.000000 0.000000 21.000000 0.342800
24.000000 46.000000 0.000000 0.000000 21.000000 0.342800
24.000000 47.000000 0.000000 0.000000 21.000000 0.342800
24.000000 48.000000 0.000000 0.000000 21.000000 0.342800
24.000000 49.000000 0.000000 0.000000 21.000000 0.342800
25.000000 0.000000 0.000000 0.000000 21.000000 0.342800
25.000000 1.000000 0.000000 0.000000 21.000000 0.342800
25.000000 2.000000 0.000000 0.000000 21.000000 0.344894
25.000000 3.000000 0.000000 0.000000 21.000000 0.345371
25.000000 4.000000 0.000000 0.000000 21.000000 0.345371
25.000000 5.000000 0.000000 0.000000 21.000000 0.345371
25.000000 6.000000 0.000000 0.000000 21.000000 0.345371
25.000000 7.000000 0.000000 0.000000 21.000000 0.345371
25.000000 8.000000 0.000000 0.000000 21.000000 0.342800
25.000000 9.000000 0.000000 0.000000 21.000000 0.342800
25.000000 10.000000 0.000000 0.000000 21.000000 0.342800
25.000000 11.000000 0.000000 0.000000 21.000000 0.342800
25.000000 12.000000 0.000000 0.000000 21.000000 0.342800
25.000000 13.000000 0.000000 0.000000 21.000000 0.342800
25.000000 14.000000 0.000000 0.000000 21.000000 0.342800
25.000000 15.000000 0.000000 0.000000 21.000000 0.342800
25.000000 16.000000 0.000000 0.000000 21.000000 0.342800
25.000000 17.000000 0.000000 0.000000 21.000000 0.342800
25.000000 18.000000 0.000000 0.000000 21.000000 0.342800
25.000000 19.000000 0.000000 0.000000 21.000000 0.342800
25.000000 20.000000 0.000000 0.000000 21.000000 0.342800
25.000000 21.000000 0.000000 0.000000 21.000000 0.342800
25.000000 22.000000 0.000000 0.000000 21.000000 0.342800
25.000000 23.000000 0.000000 0.000000 21.000000 0.342800
25.000000 24.000000 0.000000 0.000000 21.000000 0.342800
25.000000 25.000000 0.000000 0.000000 21.000000 0.342800
25.000000 26.000000 0.000000 0.000000 21.000000 0.342800
25.000000 27.000000 0.000000 0.000000 21.000000 0.342800
25.000000 28.000000 0.000000 0.000000 21.000000 0.342800
25.000000 29.000000 0.000000 0.000000 21.000000 0.342800
25.000000 30.000000 0.000000 0.000000 21.000000 0.342800
25.000000 31.000000 0.000000 0.000000 21.000000 0.342800
25.000000 32.000000 0.000000 0.000000 21.000000 0.342800
25.000000 33.000000 0.000000 0.000000 21.000000 0.342800
25.000000 34.000000 0.000000 0.000000 21.000000 0.342800
25.000000 35.000000 0.000000 0.000000 21.000000 0.342800
25.000000 36.000000 0.000000 0.000000 21.000000 0.342800
25.000000 37.000000 0.000000 0.000000 21.000000 0.342800
25.000000 38.000000 0.000000 0.000000 21.000000 0.342800
25.000000 39.000000 0.000000 0.000000 21.000000 0.342800
25.000000 40.000000 0.000000 0.000000 21.000000 0.342800
25.000000 41.000000 0.000000 0.000000 21.000000 0.342800
25.000000 42.000000 0.000000 0.000000 21.000000 0.342800
25.000000 43.000000 0.000000 0.000000 21.000000 0.342800
25.000000 44.000000 0.000000 0.000000 21.000000 0.342800
25.000000 45.000000 0.000000 0.000000 21.000000 0.342800
25.000000 46.000000 0.000000 0.000000 21.000000 0.342800
25.000000 47.000000 0.000000 0.000000 21.000000 0.342800
25.000000 48.000000 0.000000 0.000000 21.000000 0.342800
25.000000 49.000000 0.000000 0.000000 21.000000 0.342800
26.000000 0.000000 0.000000 0.000000 21.000000 0.342800
26.000000 1.000000 0.000000 0.000000 21.000000 0.342800
26.000000 2.000000 0.000000 0.000000 21.000000 0.342800
26.000000 3.000000 0.000000 0.000000 21.000000 0.342800
26.000000 4.000000 0.000000 0.000000 21.000000 0.344894
26.000000 5.000000 0.000000 0.000000 21.000000 0.345371
26.000000 6.000000 0.000000 0.000000 21.000000 0.354228
26.000000 7.000000 0.000000 0.000000 21.000000 0.363381
26.000000 8.000000 0.000000 0.000000 21.000000 0.372724
26.000000 9.000000 0.000000 0.000000 20.954962 0.389804
26.000000 10.000000 0.000000 0.000000 20.537703 0.405753
26.000000 11.000000 0.000000 0.000000 20.310673 0.414449
26.000000 12.000000 0.000000 0.000000 20.458017 0.408811
26.000000 13.000000 0.000000 0.000000 20.402493 0.410912
26.000000 14.000000 0.000000 0.000000 20.672840 0.400595
26.000000 15.000000 0.000000 0.000000 20.740381 0.398016
26.000000 16.000000 0.000000 0.000000 20.359045 0.412534
26.000000 17.000000 0.000000 0.000000 19.143927 0.458713
26.000000 18.000000 0.000000 0.000000 18.259857 0.492304
26.000000 19.000000 0.000000 0.000000 16.944742 0.542074
26.000000 20.000000 0.764538 0.000000 0.000000 1.000000
26.000000 21.000000 0.000000 0.000000 11.730421 0.559871
26.000000 22.000000 0.849555 0.000000 0.000000 1.000000
26.000000 23.000000 0.103835 0.000000 7.731801 0.687835
26.000000 24.000000 1.000000 0.000000 0.000000 1.000000
26.000000 25.000000 0.239366 0.000000 4.549974 0.777299
26.000000 26.000000 1.000000 0.000000 0.000000 1.000000
26.000000 27.000000 0.118869 0.000000 7.098332 0.682617
26.000000 28.000000 0.863293 0.000000 0.000000 1.000000
26.000000 29.000000 0.000000 0.000000 16.029980 0.382320
26.000000 30.000000 0.000000 0.000000 16.863720 0.544173
26.000000 31.000000 0.000000 0.000000 18.116447 0.497002
26.000000 32.000000 0.000000 0.000000 19.431110 0.447446
26.000000 33.000000 0.000000 0.000000 20.436253 0.409368
26.000000 34.000000 0.000000 0.000000 21.000000 0.380353
26.000000 35.000000 0.000000 0.000000 21.000000 0.381545
26.000000 36.000000 0.000000 0.000000 21.000000 0.375300
26.000000 37.000000 0.000000 0.000000 21.000000 0.387705
26.000000 38.000000 0.000000 0.000000 20.986240 0.388661
26.000000 39.000000 0.000000 0.000000 21.000000 0.383029
26.000000 40.000000 0.000000 0.000000 21.000000 0.385127
26.000000 41.000000 0.000000 0.000000 21.000000 0.380452
26.000000 42.000000 0.000000 0.000000 21.000000 0.383029
26.000000 43.000000 0.000000 0.000000 20.986240 0.388661
26.000000 44.000000 0.000000 0.000000 20.918766 0.391239
26.000000 45.000000 0.000000 0.000000 21.000000 0.381409
26.000000 46.000000 0.000000 0.000000 21.000000 0.383507
26.000000 47.000000 0.000000 0.000000 21.000000 0.380930
26.000000 48.000000 0.000000 0.000000 21.000000 0.371105
26.000000 49.000000 0.000000 0.000000 21.000000 0.370627
27.000000 0.000000 0.000000 0.000000 21.000000 0.342800
27.000000 1.000000 0.000000 0.000000 21.000000 0.342800
27.000000 2.000000 0.000000 0.000000 21.000000 0.344894
27.000000 3.000000 0.000000 0.000000 21.000000 0.345371
27.000000 4.000000 0.000000 0.000000 21.000000 0.345371
27.000000 5.000000 0.000000 0.000000 21.000000 0.345371
27.000000 6.000000 0.000000 0.000000 21.000000 0.345371
27.000000 7.000000 0.000000 0.000000 21.000000 0.342800
27.000000 8.000000 0.000000 0.000000 21.000000 0.342800
27.000000 9.000000 0.000000 0.000000 21.000000 0.342800
27.000000 10.000000 0.000000 0.000000 21.000000 0.342800
27.000000 11.000000 0.000000 0.000000 21.000000 0.342800
27.000000 12.000000 0.000000 0.000000 21.000000 0.342800
27.000000 13.000000 0.000000 0.000000 21.000000 0.342800
27.000000 14.000000 0.000000 0.000000 21.000000 0.342800
27.000000 15.000000 0.000000 0.000000 21.000000 0.342800
27.000000 16.000000 0.000000 0.000000 21.000000 0.342800
27.000000 17.000000 0.000000 0.000000 21.000000 0.342800
27.000000 18.000000 0.000000 0.000000 21.000000 0.342800
27.000000 19.000000 0.000000 0.000000 21.000000 0.342800
27.000000 20.000000 0.000000 0.000000 21.000000 0.342800
27.000000 21.000000 0.000000 0.000000 21.000000 0.342800
27.000000 22.000000 0.000000 0.000000 21.000000 0.342800
27.000000 23.000000 0.000000 0.000000 21.000000 0.342800
27.000000 24.000000 0.000000 0.000000 21.000000 0.342800
27.000000 25.000000 0.000000 0.000000 21.000000 0.342800
27.000000 26.000000 0.000000 0.000000 21.000000 0.342800
27.000000 27.000000 0.000000 0.000000 21.000000 0.342800
27.000000 28.000000 0.000000 0.000000 21.000000 0.342800
27.000000 29.000000 0.000000 0.000000 21.000000 0.342800
27.000000 30.000000 0.000000 0.000000 21.000000 0.342800
27.000000 31.000000 0.000000 0.000000 21.000000 0.342800
27.000000 32.000000 0.000000 0.000000 21.000000 0.342800
27.000000 33.000000 0.000000 0.000000 21.000000 0.342800
27.000000 34.000000 0.000000 0.000000 21.000000 0.342800
27.000000 35.000000 0.000000 0.000000 21.000000 0.342800
27.000000 36.000000 0.000000 0.000000 21.000000 0.342800
27.000000 37.000000 0.000000 0.000000 21.000000 0.342800
27.000000 38.000000 0.000000 0.000000 21.000000 0.342800
27.000000 39.000000 0.000000 0.000000 21.000000 0.342800
27.000000 40.000000 0.000000 0.000000 21.000000 0.342800
27.000000 41.000000 0.000000 0.000000 21.000000 0.342800
27.000000 42.000000 0.000000 0.000000 21.000000 0.342800
27.000000 43.000000 0.000000 0.000000 21.000000 0.342800
27.000000 44.000000 0.000000 0.000000 21.000000 0.342800
27.000000 45.000000 0.000000 0.000000 21.000000 0.342800
27.000000 46.000000 0.000000 0.000000 21.000000 0.342800
27.000000 47.000000 0.000000 0.000000 21.000000 0.342800
27.000000 48.000000 0.000000 0.000000 21.000000 0.342800
27.000000 49.000000 0.000000 0.000000 21.000000 0.342800
28.000000 0.000000 0.000000 0.000000 21.000000 0.342800
28.000000 1.000000 0.000000 0.000000 21.000000 0.342800
28.000000 2.000000 0.000000 0.000000 21.000000 0.342800
28.000000 3.000000 0.000000 0.000000 21.000000 0.345371
28.000000 4.000000 0.000000 0.000000 21.000000 0.345371
28.000000 5.000000 0.000000 0.000000 21.000000 0.345371
28.000000 6.000000 0.000000 0.000000 21.000000 0.345371
28.000000 7.000000 0.000000 0.000000 21.000000 0.345371
28.000000 8.000000 0.000000 0.000000 21.000000 0.342800
28.000000 9.000000 0.000000 0.000000 21.000000 0.342800
28.000000 10.000000 0.000000 0.000000 21.000000 0.342800
28.000000 11.000000 0.000000 0.000000 21.000000 0.342800
28.000000 12.000000 0.000000 0.000000 21.000000 0.342800
28.000000 13.000000 0.000000 0.000000 21.000000 0.342800
28.000000 14.000000 0.000000 0.000000 21.000000 0.342800
28.000000 15.000000 0.000000 0.000000 21.000000 0.342800
28.000000 16.000000 0.000000 0.000000 21.000000 0.342800
28.000000 17.000000 0.000000 0.000000 21.000000 0.342800
28.000000 18.000000 0.000000 0.000000 21.000000 0.342800
28.000000 19.000000 0.000000 0.000000 21.000000 0.342800
28.000000 20.000000 0.000000 0.000000 21.000000 0.342800
28.000000 21.000000 0.000000 0.000000 21.000000 0.342800
28.000000 22.000000 0.000000 0.000000 21.000000 0.342800
28.000000 23.000000 0.000000 0.000000 21.000000 0.342800
28.000000 24.000000 0.000000 0.000000 21.000000 0.342800
28.000000 25.000000 0.000000 0.000000 21.000000 0.342800
28.000000 26.000000 0.000000 0.000000 21.000000 0.342800
28.000000 27.000000 0.000000 0.000000 21.000000 0.342800
28.000000 28.000000 0.000000 0.000000 21.000000 0.342800
28.000000 29.000000 0.000000 0.000000 21.000000 0.342800
28.000000 30.000000 0.000000 0.000000 21.000000 0.342800
28.000000 31.000000 0.000000 0.000000 21.000000 0.342800
28.000000 32.000000 0.000000 0.000000 21.000000 0.342800
28.000000 33.000000 0.000000 0.000000 21.000000 0.342800
28.000000 34.000000 0.000000 0.000000 21.000000 0.342800
28.000000 35.000000 0.000000 0.000000 21.000000 0.342800
28.000000 36.000000 0.000000 0.000000 21.000000 0.342800
28.000000 37.000000 0.000000 0.000000 21.000000 0.342800
28.000000 38.000000 0.000000 0.000000 21.000000 0.342800
28.000000 39.000000 0.000000 0.000000 21.000000 0.342800
28.000000 40.000000 0.000000 0.000000 21.000000 0.342800
28.000000 41.000000 0.000000 0.000000 21.000000 0.342800
28.000000 42.000000 0.000000 0.000000 21.000000 0.342800
28.000000 43.000000 0.000000 0.000000 21.000000 0.342800
28.000000 44.000000 0.000000 0.000000 21.000000 0.342800
28.000000 45.000000 0.000000 0.000000 21.000000 0.342800
28.000000 46.000000 0.000000 0.000000 21.000000 0.342800
28.000000 47.000000 0.000000 0.000000 21.000000 0.342800
28.000000 48.000000 0.000000 0.000000 21.000000 0.342800
28.000000 49.000000 0.000000 0.000000 21.000000 0.342800
29.000000 0.000000 0.000000 0.000000 21.000000 0.342800
29.000000 1.000000 0.000000 0.000000 21.000000 0.342800
29.000000 2.000000 0.000000 0.000000 21.000000 0.342800
29.000000 3.000000 0.000000 0.000000 21.000000 0.342800
29.000000 4.000000 0.000000 0.000000 21.000000 0.345371
29.000000 5.000000 0.000000 0.000000 21.000000 0.345371
29.000000 6.000000 0.000000 0.000000 21.000000 0.347943
29.000000 7.000000 0.000000 0.000000 21.000000 0.353087
29.000000 8.000000 0.000000 0.000000 21.000000 0.350515
29.000000 9.000000 0.000000 0.000000 21.000000 0.353087
29.000000 10.000000 0.000000 0.000000 21.000000 0.354705
29.000000 11.000000 0.000000 0.000000 21.000000 0.353087
29.000000 12.000000 0.000000 0.000000 21.000000 0.352610
29.000000 13.000000 0.000000 0.000000 21.000000 0.355660
29.000000 14.000000 0.000000 0.000000 21.000000 0.353087
29.000000 15.000000 0.000000 0.000000 21.000000 0.352610
29.000000 16.000000 0.000000 0.000000 21.000000 0.355660
29.000000 17.000000 0.000000 0.000000 21.000000 0.360329
29.000000 18.000000 0.000000 0.000000 21.000000 0.365000
29.000000 19.000000 0.000000 0.000000 21.000000 0.372724
29.000000 20.000000 0.000000 0.000000 20.954962 0.389804
29.000000 21.000000 0.000000 0.000000 20.863342 0.393338
29.000000 22.000000 0.000000 0.000000 20.672840 0.400595
29.000000 23.000000 0.000000 0.000000 20.211645 0.418173
29.000000 24.000000 0.000000 0.000000 19.860968 0.431557
29.000000 25.000000 0.000000 0.000000 19.163279 0.458047
29.000000 26.000000 0.000000 0.000000 16.818022 0.546656
29.000000 27.000000 0.219791 0.000000 8.580420 0.854867
29.000000 28.000000 0.601685 0.000000 0.000000 1.000000
29.000000 29.000000 0.780102 0.000000 0.000000 1.000000
29.000000 30.000000 1.000000 0.000000 0.000000 1.000000
29.000000 31.000000 0.999560 0.000000 0.000000 1.000000
29.000000 32.000000 0.706606 0.000000 0.000000 1.000000
29.000000 33.000000 0.439369 0.000000 1.231162 0.965042
29.000000 34.000000 0.270354 0.000000 6.076630 0.869154
29.000000 35.000000 0.075479 0.000000 11.134537 0.742468
29.000000 36.000000 0.000000 0.000000 15.725815 0.586192
29.000000 37.000000 0.000000 0.000000 18.150335 0.495583
29.000000 38.000000 0.000000 0.000000 18.696617 0.475513
29.000000 39.000000 0.000000 0.000000 19.737225 0.436177
29.000000 40.000000 0.000000 0.000000 19.537985 0.443817
29.000000 41.000000 0.000000 0.000000 19.410551 0.448674
29.000000 42.000000 0.000000 0.000000 19.182629 0.457381
29.000000 43.000000 0.000000 0.000000 19.126854 0.459485
29.000000 44.000000 0.000000 0.000000 19.318417 0.452215
29.000000 45.000000 0.000000 0.000000 18.259857 0.492304
29.000000 46.000000 0.000000 0.000000 17.670971 0.514605
29.000000 47.000000 0.000000 0.000000 16.815622 0.547024
29.000000 48.000000 0.000000 0.000000 16.517921 0.558317
29.000000 49.000000 0.000000 0.000000 15.135303 0.610326
30.000000 0.000000 0.000000 0.000000 21.000000 0.342800
30.000000 1.000000 0.000000 0.000000 21.000000 0.342800
30.000000 2.000000 0.000000 0.000000 21.000000 0.344894
30.000000 3.000000 0.000000 0.000000 21.000000 0.345371
30.000000 4.000000 0.000000 0.000000 21.000000 0.345371
30.000000 5.000000 0.000000 0.000000 21.000000 0.345371
30.000000 6.000000 0.000000 0.000000 21.000000 0.345371
30.000000 7.000000 0.000000 0.000000 21.000000 0.342800
30.000000 8.000000 0.000000 0.000000 21.000000 0.342800
30.000000 9.000000 0.000000 0.000000 21.000000 0.342800
30.000000 10.000000 0.000000 0.000000 21.000000 0.342800
30.000000 11.000000 0.000000 0.000000 21.000000 0.342800
30.000000 12.000000 0.000000 0.000000 21.000000 0.342800
30.000000 13.000000 0.000000 0.000000 21.000000 0.342800
30.000000 14.000000 0.000000 0.000000 21.000000 0.342800
30.000000 15.000000 0.000000 0.000000 21.000000 0.342800
30.000000 16.000000 0.000000 0.000000 21.000000 0.342800
30.000000 17.000000 0.000000 0.000000 21.000000 0.342800
30.000000 18.000000 0.000000 0.000000 21.000000 0.342800
30.000000 19.000000 0.000000 0.000000 21.000000 0.342800
30.000000 20.000000 0.000000 0.000000 21.000000 0.342800
30.000000 21.000000 0.000000 0.000000 21.000000 0.342800
30.000000 22.000000 0.000000 0.000000 21.000000 0.342800
30.000000 23.000000 0.000000 0.000000 21.000000 0.342800
30.000000 24.000000 0.000000 0.000000 21.000000 0.342800
30.000000 25.000000 0.000000 0.000000 21.000000 0.342800
30.000000 26.000000 0.000000 0.000000 21.000000 0.342800
30.000000 27.000000 0.000000 0.000000 21.000000 0.342800
30.000000 28.000000 0.000000 0.000000 21.000000 0.342800
30.000000 29.000000 0.000000 0.000000 21.000000 0.342800
30.000000 30.000000 0.000000 0.000000 21.000000 0.342800
30.000000 31.000000 0.000000 0.000000 21.000000 0.342800
30.000000 32.000000 0.000000 0.000000 21.000000 0.342800
30.000000 33.000000 0.000000 0.000000 21.000000 0.342800
30.000000 34.000000 0.000000 0.000000 21.000000 0.342800
30.000000 35.000000 0.000000 0.000000 21.000000 0.342800
30.000000 36.000000 0.000000 0.000000 21.000000 0.342800
30.000000 37.000000 0.000000 0.000000 21.000000 0.342800
30.000000 38.000000 0.000000 0.000000 21.000000 0.342800
30.000000 39.000000 0.000000 0.000000 21.000000 0.342800
30.000000 40.000000 0.000000 0.000000 21.000000 0.342800
30.000000 41.000000 0.000000 0.000000 21.000000 0.342800
30.000000 42.000000 0.000000 0.000000 21.000000 0.342800
30.000000 43.000000 0.000000 0.000000 21.000000 0.342800
30.000000 44.000000 0.000000 0.000000 21.000000 0.342800
30.000000 45.000000 0.000000 0.000000 21.000000 0.342800
30.000000 46.000000 0.000000 0.000000 21.000000 0.342800
30.000000 47.000000 0.000000 0.000000 21.000000 0.342800
30.000000 48.000000 0.000000 0.000000 21.000000 0.342800
30.000000 49.000000 0.000000 0.000000 21.000000 0.342800
31.000000 0.000000 0.000000 0.000000 21.000000 0.342800
31.000000 1.000000 0.000000 0.000000 21.000000 0.342800
31.000000 2.000000 0.000000 0.000000 21.000000 0.342800
31.000000 3.000000 0.000000 0.000000 21.000000 0.342800
31.000000 4.000000 0.000000 0.000000 21.000000 0.342800
31.000000 5.000000 0.000000 0.000000 21.000000 0.342800
31.000000 6.000000 0.000000 0.000000 21.000000 0.346988
31.000000 7.000000 0.000000 0.000000 21.000000 0.350038
31.000000 8.000000 0.000000 0.000000 21.000000 0.355183
31.000000 9.000000 0.000000 0.000000 21.000000 0.355660
31.000000 10.000000 0.000000 0.000000 21.000000 0.362903
31.000000 11.000000 0.000000 0.000000 21.000000 0.376920
31.000000 12.000000 0.000000 0.000000 21.000000 0.378354
31.000000 13.000000 0.000000 0.000000 20.677757 0.400302
31.000000 14.000000 0.000000 0.000000 20.223745 0.417694
31.000000 15.000000 0.000000 0.000000 20.008558 0.425916
31.000000 16.000000 0.000000 0.000000 18.995916 0.464359
31.000000 17.000000 0.000000 0.000000 17.907087 0.505705
31.000000 18.000000 0.000000 0.000000 17.269140 0.529894
31.000000 19.000000 0.659735 0.000000 0.000000 1.000000
31.000000 20.000000 0.000000 0.000000 14.124697 0.492887
31.000000 21.000000 0.046448 0.000000 12.264494 0.717019
31.000000 22.000000 0.068239 0.000000 11.060961 0.743531
31.000000 23.000000 0.140868 0.000000 9.707996 0.797611
31.000000 24.000000 0.344005 0.000000 5.314243 0.946101
31.000000 25.000000 0.459202 0.000000 2.305922 1.000000
31.000000 26.000000 0.836393 0.000000 0.000000 1.000000
31.000000 27.000000 1.000000 0.000000 0.000000 1.000000
31.000000 28.000000 1.000000 0.020306 0.000000 1.000000
31.000000 29.000000 1.000000 0.000000 0.000000 1.000000
31.000000 30.000000 0.710341 0.000000 0.000000 1.000000
31.000000 31.000000 0.418359 0.000000 1.783582 0.947531
31.000000 32.000000 0.070819 0.000000 10.500388 0.712777
31.000000 33.000000 0.000000 0.000000 12.536411 0.655590
31.000000 34.000000 0.000000 0.000000 19.021030 0.462554
31.000000 35.000000 0.000000 0.000000 20.047478 0.424049
31.000000 36.000000 0.000000 0.000000 20.118933 0.421613
31.000000 37.000000 0.000000 0.000000 20.412498 0.410486
31.000000 38.000000 0.000000 0.000000 19.989265 0.426581
31.000000 39.000000 0.000000 0.000000 19.681870 0.438344
31.000000 40.000000 0.000000 0.000000 19.454145 0.447050
31.000000 41.000000 0.000000 0.000000 19.126854 0.459485
31.000000 42.000000 0.000000 0.000000 19.274803 0.453840
31.000000 43.000000 0.000000 0.000000 19.058928 0.462069
31.000000 44.000000 0.000000 0.000000 19.614063 0.440927
31.000000 45.000000 0.000000 0.000000 18.940111 0.466463
31.000000 46.000000 0.000000 0.000000 18.507788 0.482926
31.000000 47.000000 0.000000 0.000000 18.471296 0.484364
31.000000 48.000000 0.000000 0.000000 18.570889 0.480634
31.000000 49.000000 0.000000 0.000000 18.898731 0.468194
32.000000 0.000000 0.000000 0.000000 21.000000 0.342800
32.000000 1.000000 0.000000 0.000000 21.000000 0.342800
32.000000 2.000000 0.000000 0.000000 21.000000 0.342800
32.000000 3.000000 0.000000 0.000000 21.000000 0.345371
32.000000 4.000000 0.000000 0.000000 21.000000 0.345371
32.000000 5.000000 0.000000 0.000000 21.000000 0.345371
32.000000 6.000000 0.000000 0.000000 21.000000 0.345371
32.000000 7.000000 0.000000 0.000000 21.000000 0.345371
32.000000 8.000000 0.000000 0.000000 21.000000 0.344894
32.000000 9.000000 0.000000 0.000000 21.000000 0.345371
32.000000 10.000000 0.000000 0.000000 21.000000 0.345371
32.000000 11.000000 0.000000 0.000000 21.000000 0.347466
32.000000 12.000000 0.000000 0.000000 21.000000 0.347943
32.000000 13.000000 0.000000 0.000000 21.000000 0.345371
32.000000 14.000000 0.000000 0.000000 21.000000 0.345371
32.000000 15.000000 0.000000 0.000000 21.000000 0.345371
32.000000 16.000000 0.000000 0.000000 21.000000 0.345371
32.000000 17.000000 0.000000 0.000000 21.000000 0.344894
32.000000 18.000000 0.000000 0.000000 21.000000 0.350515
32.000000 19.000000 0.000000 0.000000 21.000000 0.350515
32.000000 20.000000 0.000000 0.000000 21.000000 0.350515
32.000000 21.000000 0.000000 0.000000 21.000000 0.353087
32.000000 22.000000 0.000000 0.000000 21.000000 0.350038
32.000000 23.000000 0.000000 0.000000 21.000000 0.347943
32.000000 24.000000 0.000000 0.000000 21.000000 0.347943
32.000000 25.000000 0.000000 0.000000 21.000000 0.347943
32.000000 26.000000 0.000000 0.000000 21.000000 0.347943
32.000000 27.000000 0.000000 0.000000 21.000000 0.342800
32.000000 28.000000 0.000000 0.000000 21.000000 0.342800
32.000000 29.000000 0.000000 0.000000 21.000000 0.342800
32.000000 30.000000 0.000000 0.000000 21.000000 0.342800
32.000000 31.000000 0.000000 0.000000 21.000000 0.342800
32.000000 32.000000 0.000000 0.000000 21.000000 0.342800
32.000000 33.000000 0.000000 0.000000 21.000000 0.342800
32.000000 34.000000 0.000000 0.000000 21.000000 0.342800
32.000000 35.000000 0.000000 0.000000 21.000000 0.342800
32.000000 36.000000 0.000000 0.000000 21.000000 0.342800
32.000000 37.000000 0.000000 0.000000 21.000000 0.342800
32.000000 38.000000 0.000000 0.000000 21.000000 0.342800
32.000000 39.000000 0.000000 0.000000 21.000000 0.342800
32.000000 40.000000 0.000000 0.000000 21.000000 0.342800
32.000000 41.000000 0.000000 0.000000 21.000000 0.342800
32.000000 42.000000 0.000000 0.000000 21.000000 0.342800
32.000000 43.000000 0.000000 0.000000 21.000000 0.342800
32.000000 44.000000 0.000000 0.000000 21.000000 0.342800
32.000000 45.000000 0.000000 0.000000 21.000000 0.342800
32.000000 46.000000 0.000000 0.000000 21.000000 0.342800
32.000000 47.000000 0.000000 0.000000 21.000000 0.342800
32.000000 48.000000 0.000000 0.000000 21.000000 0.342800
32.000000 49.000000 0.000000 0.000000 21.000000 0.342800
33.000000 0.000000 0.000000 0.000000 21.000000 0.342800
33.000000 1.000000 0.000000 0.000000 21.000000 0.342800
33.000000 2.000000 0.000000 0.000000 21.000000 0.342800
33.000000 3.000000 0.000000 0.000000 21.000000 0.344894
33.000000 4.000000 0.000000 0.000000 21.000000 0.345371
33.000000 5.000000 0.000000 0.000000 21.000000 0.345371
33.000000 6.000000 0.000000 0.000000 21.000000 0.345371
33.000000 7.000000 0.000000 0.000000 21.000000 0.347943
33.000000 8.000000 0.000000 0.000000 21.000000 0.345371
33.000000 9.000000 0.000000 0.000000 21.000000 0.345371
33.000000 10.000000 0.000000 0.000000 21.000000 0.345371
33.000000 11.000000 0.000000 0.000000 21.000000 0.345371
33.000000 12.000000 0.000000 0.000000 21.000000 0.342800
33.000000 13.000000 0.000000 0.000000 21.000000 0.342800
33.000000 14.000000 0.000000 0.000000 21.000000 0.342800
33.000000 15.000000 0.000000 0.000000 21.000000 0.342800
33.000000 16.000000 0.000000 0.000000 21.000000 0.342800
33.000000 17.000000 0.000000 0.000000 21.000000 0.342800
33.000000 18.000000 0.000000 0.000000 21.000000 0.342800
33.000000 19.000000 0.000000 0.000000 21.000000 0.342800
33.000000 20.000000 0.000000 0.000000 21.000000 0.342800
33.000000 21.000000 0.000000 0.000000 21.000000 0.342800
33.000000 22.000000 0.000000 0.000000 21.000000 0.342800
33.000000 23.000000 0.000000 0.000000 21.000000 0.342800
33.000000 24.000000 0.000000 0.000000 21.000000 0.342800
33.000000 25.000000 0.000000 0.000000 21.000000 0.342800
33.000000 26.000000 0.000000 0.000000 21.000000 0.342800
33.000000 27.000000 0.000000 0.000000 21.000000 0.342800
33.000000 28.000000 0.000000 0.000000 21.000000 0.342800
33.000000 29.000000 0.000000 0.000000 21.000000 0.342800
33.000000 30.000000 0.000000 0.000000 21.000000 0.342800
33.000000 31.000000 0.000000 0.000000 21.000000 0.342800
33.000000 32.000000 0.000000 0.000000 21.000000 0.342800
33.000000 33.000000 0.000000 0.000000 21.000000 0.342800
33.000000 34.000000 0.000000 0.000000 21.000000 0.342800
33.000000 35.000000 0.000000 0.000000 21.000000 0.342800
33.000000 36.000000 0.000000 0.000000 21.000000 0.342800
33.000000 37.000000 0.000000 0.000000 21.000000 0.342800
33.000000 38.000000 0.000000 0.000000 21.000000 0.342800
33.000000 39.000000 0.000000 0.000000 21.000000 0.342800
33.000000 40.000000 0.000000 0.000000 21.000000 0.342800
33.000000 41.000000 0.000000 0.000000 21.000000 0.342800
33.000000 42.000000 0.000000 0.000000 21.000000 0.342800
33.000000 43.000000 0.000000 0.000000 21.000000 0.342800
33.000000 44.000000 0.000000 0.000000 21.000000 0.342800
33.000000 45.000000 0.000000 0.000000 21.000000 0.342800
33.000000 46.000000 0.000000 0.000000 21.000000 0.342800
33.000000 47.000000 0.000000 0.000000 21.000000 0.342800
33.000000 48.000000 0.000000 0.000000 21.000000 0.342800
33.000000 49.000000 0.000000 0.000000 21.000000 0.342800
34.000000 0.000000 0.000000 0.000000 21.000000 0.342800
34.000000 1.000000 0.000000 0.000000 21.000000 0.342800
34.000000 2.000000 0.000000 0.000000 21.000000 0.342800
34.000000 3.000000 0.000000 0.000000 21.000000 0.344894
34.000000 4.000000 0.000000 0.000000 21.000000 0.345371
34.000000 5.000000 0.000000 0.000000 21.000000 0.345371
34.000000 6.000000 0.000000 0.000000 21.000000 0.347466
34.000000 7.000000 0.000000 0.000000 21.000000 0.350038
34.000000 8.000000 0.000000 0.000000 21.000000 0.347943
34.000000 9.000000 0.000000 0.000000 21.000000 0.352610
34.000000 10.000000 0.000000 0.000000 21.000000 0.355183
34.000000 11.000000 0.000000 0.000000 21.000000 0.353087
34.000000 12.000000 0.000000 0.000000 21.000000 0.352610
34.000000 13.000000 0.000000 0.000000 21.000000 0.355660
34.000000 14.000000 0.000000 0.000000 21.000000 0.355183
34.000000 15.000000 0.000000 0.000000 21.000000 0.357278
34.000000 16.000000 0.000000 0.000000 21.000000 0.361948
34.000000 17.000000 0.000000 0.000000 20.923681 0.390946
34.000000 18.000000 0.000000 0.000000 20.334860 0.413492
34.000000 19.000000 0.000000 0.000000 20.052059 0.424293
34.000000 20.000000 0.000000 0.000000 19.514791 0.444654
34.000000 21.000000 0.000000 0.000000 18.532110 0.481967
34.000000 22.000000 0.000000 0.000000 18.143068 0.496806
34.000000 23.000000 0.000000 0.000000 16.422609 0.561784
34.000000 24.000000 0.734796 0.000000 0.000000 1.000000
34.000000 25.000000 0.017646 0.000000 9.772281 0.634200
34.000000 26.000000 0.971450 0.000000 0.000000 1.000000
34.000000 27.000000 0.189426 0.000000 5.629361 0.741130
34.000000 28.000000 1.000000 0.000000 0.000000 1.000000
34.000000 29.000000 0.175986 0.000000 5.873015 0.728047
34.000000 30.000000 0.991909 0.000000 0.000000 1.000000
34.000000 31.000000 0.000000 0.000000 10.729074 0.550863
34.000000 32.000000 0.817067 0.000000 0.000000 1.000000
34.000000 33.000000 0.000000 0.000000 15.121635 0.424739
34.000000 34.000000 0.000000 0.000000 15.953339 0.578228
34.000000 35.000000 0.000000 0.000000 17.088158 0.535811
34.000000 36.000000 0.000000 0.000000 17.966908 0.502896
34.000000 37.000000 0.000000 0.000000 19.233044 0.455220
34.000000 38.000000 0.000000 0.000000 18.674864 0.476578
34.000000 39.000000 0.000000 0.000000 18.006828 0.501975
34.000000 40.000000 0.000000 0.000000 18.187033 0.495150
34.000000 41.000000 0.000000 0.000000 18.242750 0.493076
34.000000 42.000000 0.000000 0.000000 18.267092 0.492117
34.000000 43.000000 0.000000 0.000000 17.838934 0.508290
34.000000 44.000000 0.000000 0.000000 18.682819 0.476394
34.000000 45.000000 0.000000 0.000000 18.335171 0.489533
34.000000 46.000000 0.000000 0.000000 17.429789 0.523797
34.000000 47.000000 0.000000 0.000000 16.617952 0.554588
34.000000 48.000000 0.000000 0.000000 16.635098 0.553816
34.000000 49.000000 0.000000 0.000000 16.593529 0.555547
35.000000 0.000000 0.000000 0.000000 21.000000 0.342800
35.000000 1.000000 0.000000 0.000000 21.000000 0.342800
35.000000 2.000000 0.000000 0.000000 21.000000 0.344894
35.000000 3.000000 0.000000 0.000000 21.000000 0.345371
35.000000 4.000000 0.000000 0.000000 21.000000 0.345371
35.000000 5.000000 0.000000 0.000000 21.000000 0.345371
35.000000 6.000000 0.000000 0.000000 21.000000 0.345371
35.000000 7.000000 0.000000 0.000000 21.000000 0.342800
35.000000 8.000000 0.000000 0.000000 21.000000 0.342800
35.000000 9.000000 0.000000 0.000000 21.000000 0.342800
35.000000 10.000000 0.000000 0.000000 21.000000 0.342800
35.000000 11.000000 0.000000 0.000000 21.000000 0.342800
35.000000 12.000000 0.000000 0.000000 21.000000 0.342800
35.000000 13.000000 0.000000 0.000000 21.000000 0.342800
35.000000 14.000000 0.000000 0.000000 21.000000 0.342800
35.000000 15.000000 0.000000 0.000000 21.000000 0.342800
35.000000 16.000000 0.000000 0.000000 21.000000 0.342800
35.000000 17.000000 0.000000 0.000000 21.000000 0.342800
35.000000 18.000000 0.000000 0.000000 21.000000 0.342800
35.000000 19.000000 0.000000 0.000000 21.000000 0.342800
35.000000 20.000000 0.000000 0.000000 21.000000 0.342800
35.000000 21.000000 0.000000 0.000000 21.000000 0.342800
35.000000 22.000000 0.000000 0.000000 21.000000 0.342800
35.000000 23.000000 0.000000 0.000000 21.000000 0.342800
35.000000 24.000000 0.000000 0.000000 21.000000 0.342800
35.000000 25.000000 0.000000 0.000000 21.000000 0.342800
35.000000 26.000000 0.000000 0.000000 21.000000 0.342800
35.000000 27.000000 0.000000 0.000000 21.000000 0.342800
35.000000 28.000000 0.000000 0.000000 21.000000 0.342800
35.000000 29.000000 0.000000 0.000000 21.000000 0.342800
35.000000 30.000000 0.000000 0.000000 21.000000 0.342800
35.000000 31.000000 0.000000 0.000000 21.000000 0.342800
35.000000 32.000000 0.000000 0.000000 21.000000 0.342800
35.000000 33.000000 0.000000 0.000000 21.000000 0.342800
35.000000 34.000000 0.000000 0.000000 21.000000 0.342800
35.000000 35.000000 0.000000 0.000000 21.000000 0.342800
35.000000 36.000000 0.000000 0.000000 21.000000 0.342800
35.000000 37.000000 0.000000 0.000000 21.000000 0.342800
35.000000 38.000000 0.000000 0.000000 21.000000 0.342800
35.000000 39.000000 0.000000 0.000000 21.000000 0.342800
35.000000 40.000000 0.000000 0.000000 21.000000 0.342800
35.000000 41.000000 0.000000 0.000000 21.000000 0.342800
35.000000 42.000000 0.000000 0.000000 21.000000 0.342800
35.000000 43.000000 0.000000 0.000000 21.000000 0.342800
35.000000 44.000000 0.000000 0.000000 21.000000 0.342800
35.000000 45.000000 0.000000 0.000000 21.000000 0.342800
35.000000 46.000000 0.000000 0.000000 21.000000 0.342800
35.000000 47.000000 0.000000 0.000000 21.000000 0.342800
35.000000 48.000000 0.000000 0.000000 21.000000 0.342800
35.000000 49.000000 0.000000 0.000000 21.000000 0.342800
36.000000 0.000000 0.000000 0.000000 21.000000 0.342800
36.000000 1.000000 0.000000 0.000000 21.000000 0.342800
36.000000 2.000000 0.000000 0.000000 21.000000 0.342800
36.000000 3.000000 0.000000 0.000000 21.000000 0.342800
36.000000 4.000000 0.000000 0.000000 21.000000 0.342800
36.000000 5.000000 0.000000 0.000000 21.000000 0.345371
36.000000 6.000000 0.000000 0.000000 21.000000 0.350038
36.000000 7.000000 0.000000 0.000000 21.000000 0.357278
36.000000 8.000000 0.000000 0.000000 21.000000 0.365478
36.000000 9.000000 0.000000 0.000000 21.000000 0.370627
36.000000 10.000000 0.000000 0.000000 21.000000 0.375300
36.000000 11.000000 0.000000 0.000000 20.641520 0.401738
36.000000 12.000000 0.000000 0.000000 20.322767 0.413970
36.000000 13.000000 0.000000 0.000000 20.366219 0.412348
36.000000 14.000000 0.000000 0.000000 20.267212 0.416072
36.000000 15.000000 0.000000 0.000000 19.793205 0.434139
36.000000 16.000000 0.000000 0.000000 20.230921 0.417508
36.000000 17.000000 0.000000 0.000000 20.740381 0.398016
36.000000 18.000000 0.000000 0.000000 20.482193 0.407853
36.000000 19.000000 0.000000 0.000000 20.445929 0.409290
36.000000 20.000000 0.000000 0.000000 20.168169 0.419796
36.000000 21.000000 0.000000 0.000000 19.410551 0.448674
36.000000 22.000000 0.000000 0.000000 18.687546 0.476132
36.000000 23.000000 0.000000 0.000000 18.106543 0.498245
36.000000 24.000000 0.000000 0.000000 16.695942 0.551450
36.000000 25.000000 0.033330 0.000000 12.567023 0.706587
36.000000 26.000000 0.216070 0.000000 7.094592 0.871388
36.000000 27.000000 0.377158 0.000000 4.113713 0.969137
36.000000 28.000000 0.592627 0.000000 0.000000 1.000000
36.000000 29.000000 0.639698 0.000000 0.000000 1.000000
36.000000 30.000000 0.696135 0.000000 0.000000 1.000000
36.000000 31.000000 0.575213 0.000000 0.000000 1.000000
36.000000 32.000000 0.385619 0.000000 2.767859 0.936418
36.000000 33.000000 0.231058 0.000000 7.219976 0.848139
36.000000 34.000000 0.063119 0.000000 11.440268 0.731334
36.000000 35.000000 0.000000 0.000000 15.980475 0.576337
36.000000 36.000000 0.000000 0.000000 18.044247 0.499788
36.000000 37.000000 0.000000 0.000000 18.588247 0.479517
36.000000 38.000000 0.000000 0.000000 19.045937 0.462449
36.000000 39.000000 0.000000 0.000000 19.009823 0.463952
36.000000 40.000000 0.000000 0.000000 17.527325 0.519961
36.000000 41.000000 0.622337 0.000000 0.000000 1.000000
36.000000 42.000000 0.000000 0.000000 16.612717 0.408846
36.000000 43.000000 0.000000 0.000000 15.809780 0.584452
36.000000 44.000000 0.658799 0.000000 0.000000 1.000000
36.000000 45.000000 0.000000 0.000000 17.943275 0.353307
36.000000 46.000000 0.000000 0.000000 17.304127 0.527831
36.000000 47.000000 0.000000 0.000000 18.649839 0.476998
36.000000 48.000000 0.000000 0.000000 18.924559 0.466739
36.000000 49.000000 0.000000 0.000000 19.063080 0.461552
37.000000 0.000000 0.000000 0.000000 21.000000 0.342800
37.000000 1.000000 0.000000 0.000000 21.000000 0.342800
37.000000 2.000000 0.000000 0.000000 21.000000 0.344894
37.000000 3.000000 0.000000 0.000000 21.000000 0.345371
37.000000 4.000000 0.000000 0.000000 21.000000 0.345371
37.000000 5.000000 0.000000 0.000000 21.000000 0.345371
37.000000 6.000000 0.000000 0.000000 21.000000 0.345371
37.000000 7.000000 0.000000 0.000000 21.000000 0.342800
37.000000 8.000000 0.000000 0.000000 21.000000 0.342800
37.000000 9.000000 0.000000 0.000000 21.000000 0.342800
37.000000 10.000000 0.000000 0.000000 21.000000 0.342800
37.000000 11.000000 0.000000 0.000000 21.000000 0.342800
37.000000 12.000000 0.000000 0.000000 21.000000 0.342800
37.000000 13.000000 0.000000 0.000000 21.000000 0.342800
37.000000 14.000000 0.000000 0.000000 21.000000 0.342800
37.000000 15.000000 0.000000 0.000000 21.000000 0.342800
37.000000 16.000000 0.000000 0.000000 21.000000 0.342800
37.000000 17.000000 0.000000 0.000000 21.000000 0.342800
37.000000 18.000000 0.000000 0.000000 21.000000 0.342800
37.000000 19.000000 0.000000 0.000000 21.000000 0.342800
37.000000 20.000000 0.000000 0.000000 21.000000 0.342800
37.000000 21.000000 0.000000 0.000000 21.000000 0.342800
37.000000 22.000000 0.000000 0.000000 21.000000 0.342800
37.000000 23.000000 0.000000 0.000000 21.000000 0.342800
37.000000 24.000000 0.000000 0.000000 21.000000 0.342800
37.000000 25.000000 0.000000 0.000000 21.000000 0.342800
37.000000 26.000000 0.000000 0.000000 21.000000 0.342800
37.000000 27.000000 0.000000 0.000000 21.000000 0.342800
37.000000 28.000000 0.000000 0.000000 21.000000 0.342800
37.000000 29.000000 0.000000 0.000000 21.000000 0.342800
37.000000 30.000000 0.000000 0.000000 21.000000 0.342800
37.000000 31.000000 0.000000 0.000000 21.000000 0.342800
37.000000 32.000000 0.000000 0.000000 21.000000 0.342800
37.000000 33.000000 0.000000 0.000000 21.000000 0.342800
37.000000 34.000000 0.000000 0.000000 21.000000 0.342800
37.000000 35.000000 0.000000 0.000000 21.000000 0.342800
37.000000 36.000000 0.000000 0.000000 21.000000 0.342800
37.000000 37.000000 0.000000 0.000000 21.000000 0.342800
37.000000 38.000000 0.000000 0.000000 21.000000 0.342800
37.000000 39.000000 0.000000 0.000000 21.000000 0.342800
37.000000 40.000000 0.000000 0.000000 21.000000 0.342800
37.000000 41.000000 0.000000 0.000000 21.000000 0.342800
37.000000 42.000000 0.000000 0.000000 21.000000 0.342800
37.000000 43.000000 0.000000 0.000000 21.000000 0.342800
37.000000 44.000000 0.000000 0.000000 21.000000 0.342800
37.000000 45.000000 0.000000 0.000000 21.000000 0.342800
37.000000 46.000000 0.000000 0.000000 21.000000 0.342800
37.000000 47.000000 0.000000 0.000000 21.000000 0.342800
37.000000 48.000000 0.000000 0.000000 21.000000 0.342800
37.000000 49.000000 0.000000 0.000000 21.000000 0.342800
38.000000 0.000000 0.000000 0.000000 21.000000 0.342800
38.000000 1.000000 0.000000 0.000000 21.000000 0.342800
38.000000 2.000000 0.000000 0.000000 21.000000 0.342800
38.000000 3.000000 0.000000 0.000000 21.000000 0.342800
38.000000 4.000000 0.000000 0.000000 21.000000 0.344894
38.000000 5.000000 0.000000 0.000000 21.000000 0.345371
38.000000 6.000000 0.000000 0.000000 21.000000 0.345371
38.000000 7.000000 0.000000 0.000000 21.000000 0.350038
38.000000 8.000000 0.000000 0.000000 21.000000 0.355183
38.000000 9.000000 0.000000 0.000000 21.000000 0.361470
38.000000 10.000000 0.000000 0.000000 20.991154 0.388369
38.000000 11.000000 0.000000 0.000000 20.605280 0.403174
38.000000 12.000000 0.000000 0.000000 19.965050 0.427539
38.000000 13.000000 0.000000 0.000000 19.442017 0.447529
38.000000 14.000000 0.000000 0.000000 19.262667 0.454319
38.000000 15.000000 0.000000 0.000000 19.027422 0.463214
38.000000 16.000000 0.000000 0.000000 17.013023 0.539489
38.000000 17.000000 0.000000 0.000000 16.181080 0.570940
38.000000 18.000000 0.720356 0.000000 0.000000 1.000000
38.000000 19.000000 0.112804 0.000000 7.634222 0.713035
38.000000 20.000000 0.576803 0.000000 0.000000 1.000000
38.000000 21.000000 0.377013 0.000000 3.048197 0.927376
38.000000 22.000000 0.746680 0.000000 0.000000 1.000000
38.000000 23.000000 0.596323 0.000000 0.000000 1.000000
38.000000 24.000000 0.563759 0.000000 0.000000 1.000000
38.000000 25.000000 0.449362 0.000000 1.426741 0.987394
38.000000 26.000000 0.338866 0.000000 4.462949 0.920500
38.000000 27.000000 0.216500 0.000000 7.810847 0.843957
38.000000 28.000000 0.082977 0.000000 10.822722 0.747370
38.000000 29.000000 0.000000 0.000000 13.939770 0.646531
38.000000 30.000000 0.000000 0.000000 15.752464 0.586393
38.000000 31.000000 0.000000 0.000000 16.909267 0.543143
38.000000 32.000000 0.000000 0.000000 15.851197 0.583280
38.000000 33.000000 0.000000 0.000000 15.913244 0.581170
38.000000 34.000000 0.000000 0.000000 15.516571 0.596093
38.000000 35.000000 0.000000 0.000000 15.423685 0.599632
38.000000 36.000000 0.000000 0.000000 15.396861 0.600484
38.000000 37.000000 0.000000 0.000000 14.514152 0.633824
38.000000 38.000000 0.000000 0.000000 14.445668 0.636401
38.000000 39.000000 0.000000 0.000000 14.284225 0.642510
38.000000 40.000000 0.000000 0.000000 14.333165 0.640598
38.000000 41.000000 0.000000 0.000000 14.563087 0.631912
38.000000 42.000000 0.697735 0.000000 0.000000 1.000000
38.000000 43.000000 0.000000 0.000000 14.900203 0.456619
38.000000 44.000000 0.000000 0.000000 13.892197 0.656370
38.000000 45.000000 0.000000 0.000000 14.764537 0.623487
38.000000 46.000000 0.000000 0.000000 15.924206 0.579786
38.000000 47.000000 0.000000 0.000000 17.193199 0.532071
38.000000 48.000000 0.000000 0.000000 18.316036 0.490043
38.000000 49.000000 0.000000 0.000000 18.729658 0.474595
39.000000 0.000000 0.000000 0.000000 21.000000 0.342800
39.000000 1.000000 0.000000 0.000000 21.000000 0.342800
39.000000 2.000000 0.000000 0.000000 21.000000 0.342800
39.000000 3.000000 0.000000 0.000000 21.000000 0.342800
39.000000 4.000000 0.000000 0.000000 21.000000 0.345371
39.000000 5.000000 0.000000 0.000000 21.000000 0.345371
39.000000 6.000000 0.000000 0.000000 21.000000 0.345371
39.000000 7.000000 0.000000 0.000000 21.000000 0.345371
39.000000 8.000000 0.000000 0.000000 21.000000 0.345371
39.000000 9.000000 0.000000 0.000000 21.000000 0.342800
39.000000 10.000000 0.000000 0.000000 21.000000 0.342800
39.000000 11.000000 0.000000 0.000000 21.000000 0.342800
39.000000 12.000000 0.000000 0.000000 21.000000 0.342800
39.000000 13.000000 0.000000 0.000000 21.000000 0.342800
39.000000 14.000000 0.000000 0.000000 21.000000 0.342800
39.000000 15.000000 0.000000 0.000000 21.000000 0.342800
39.000000 16.000000 0.000000 0.000000 21.000000 0.342800
39.000000 17.000000 0.000000 0.000000 21.000000 0.342800
39.000000 18.000000 0.000000 0.000000 21.000000 0.342800
39.000000 19.000000 0.000000 0.000000 21.000000 0.342800
39.000000 20.000000 0.000000 0.000000 21.000000 0.342800
39.000000 21.000000 0.000000 0.000000 21.000000 0.342800
39.000000 22.000000 0.000000 0.000000 21.000000 0.342800
39.000000 23.000000 0.000000 0.000000 21.000000 0.342800
39.000000 24.000000 0.000000 0.000000 21.000000 0.342800
39.000000 25.000000 0.000000 0.000000 21.000000 0.342800
39.000000 26.000000 0.000000 0.000000 21.000000 0.342800
39.000000 27.000000 0.000000 0.000000 21.000000 0.342800
39.000000 28.000000 0.000000 0.000000 21.000000 0.342800
39.000000 29.000000 0.000000 0.000000 21.000000 0.342800
39.000000 30.000000 0.000000 0.000000 21.000000 0.342800
39.000000 31.000000 0.000000 0.000000 21.000000 0.342800
39.000000 32.000000 0.000000 0.000000 21.000000 0.342800
39.000000 33.000000 0.000000 0.000000 21.000000 0.342800
39.000000 34.000000 0.000000 0.000000 21.000000 0.342800
39.000000 35.000000 0.000000 0.000000 21.000000 0.342800
39.000000 36.000000 0.000000 0.000000 21.000000 0.342800
39.000000 37.000000 0.000000 0.000000 21.000000 0.342800
39.000000 38.000000 0.000000 0.000000 21.000000 0.342800
39.000000 39.000000 0.000000 0.000000 21.000000 0.342800
39.000000 40.000000 0.000000 0.000000 21.000000 0.342800
39.000000 41.000000 0.000000 0.000000 21.000000 0.342800
39.000000 42.000000 0.000000 0.000000 21.000000 0.342800
39.000000 43.000000 0.000000 0.000000 21.000000 0.342800
39.000000 44.000000 0.000000 0.000000 21.000000 0.342800
39.000000 45.000000 0.000000 0.000000 21.000000 0.342800
39.000000 46.000000 0.000000 0.000000 21.000000 0.342800
39.000000 47.000000 0.000000 0.000000 21.000000 0.342800
39.000000 48.000000 0.000000 0.000000 21.000000 0.342800
39.000000 49.000000 0.000000 0.000000 21.000000 0.342800
40.000000 0.000000 0.000000 0.000000 21.000000 0.342800
40.000000 1.000000 0.000000 0.000000 21.000000 0.342800
40.000000 2.000000 0.000000 0.000000 21.000000 0.342800
40.000000 3.000000 0.000000 0.000000 21.000000 0.342800
40.000000 4.000000 0.000000 0.000000 21.000000 0.345371
40.000000 5.000000 0.000000 0.000000 21.000000 0.347466
40.000000 6.000000 0.000000 0.000000 21.000000 0.355183
40.000000 7.000000 0.000000 0.000000 21.000000 0.355660
40.000000 8.000000 0.000000 0.000000 21.000000 0.353087
40.000000 9.000000 0.000000 0.000000 21.000000 0.355660
40.000000 10.000000 0.000000 0.000000 21.000000 0.350515
40.000000 11.000000 0.000000 0.000000 21.000000 0.347943
40.000000 12.000000 0.000000 0.000000 21.000000 0.347943
40.000000 13.000000 0.000000 0.000000 21.000000 0.352133
40.000000 14.000000 0.000000 0.000000 21.000000 0.350515
40.000000 15.000000 0.000000 0.000000 21.000000 0.347943
40.000000 16.000000 0.000000 0.000000 21.000000 0.347943
40.000000 17.000000 0.000000 0.000000 21.000000 0.347943
40.000000 18.000000 0.000000 0.000000 21.000000 0.347943
40.000000 19.000000 0.000000 0.000000 21.000000 0.344894
40.000000 20.000000 0.000000 0.000000 21.000000 0.345371
40.000000 21.000000 0.000000 0.000000 21.000000 0.345371
40.000000 22.000000 0.000000 0.000000 21.000000 0.352133
40.000000 23.000000 0.000000 0.000000 21.000000 0.357756
40.000000 24.000000 0.000000 0.000000 21.000000 0.373866
40.000000 25.000000 0.000000 0.000000 21.000000 0.382551
40.000000 26.000000 0.000000 0.000000 20.061909 0.423707
40.000000 27.000000 0.000000 0.000000 18.524883 0.482153
40.000000 28.000000 0.000000 0.000000 17.125164 0.535280
40.000000 29.000000 0.000000 0.000000 13.968744 0.654036
40.000000 30.000000 0.898953 0.000000 0.000000 1.000000
40.000000 31.000000 0.188061 0.000000 5.709127 0.750142
40.000000 32.000000 0.895131 0.000000 0.000000 1.000000
40.000000 33.000000 0.443615 0.000000 0.521310 0.947136
40.000000 34.000000 0.608566 0.000000 0.000000 1.000000
40.000000 35.000000 0.439853 0.000000 1.449872 0.975913
40.000000 36.000000 0.373271 0.000000 3.718622 0.950108
40.000000 37.000000 0.223002 0.000000 7.401758 0.840262
40.000000 38.000000 0.124344 0.000000 9.924001 0.782128
40.000000 39.000000 0.011505 0.000000 12.642576 0.688922
40.000000 40.000000 0.002832 0.000000 10.401505 0.721748
40.000000 41.000000 0.000000 0.000000 13.712319 0.627461
40.000000 42.000000 0.000000 0.000000 16.439489 0.561014
40.000000 43.000000 0.000000 0.000000 16.392023 0.562873
40.000000 44.000000 0.674717 0.000000 0.000000 1.000000
40.000000 45.000000 0.000000 0.000000 15.436387 0.441986
40.000000 46.000000 0.000000 0.000000 14.020302 0.651649
40.000000 47.000000 0.000000 0.000000 13.911016 0.655641
40.000000 48.000000 0.000000 0.000000 14.018629 0.651738
40.000000 49.000000 0.000000 0.000000 15.510323 0.595604
41.000000 0.000000 0.000000 0.000000 21.000000 0.342800
41.000000 1.000000 0.000000 0.000000 21.000000 0.342800
41.000000 2.000000 0.000000 0.000000 21.000000 0.342800
41.000000 3.000000 0.000000 0.000000 21.000000 0.342800
41.000000 4.000000 0.000000 0.000000 21.000000 0.342800
41.000000 5.000000 0.000000 0.000000 21.000000 0.344894
41.000000 6.000000 0.000000 0.000000 21.000000 0.347943
41.000000 7.000000 0.000000 0.000000 21.000000 0.347943
41.000000 8.000000 0.000000 0.000000 21.000000 0.347943
41.000000 9.000000 0.000000 0.000000 21.000000 0.350038
41.000000 10.000000 0.000000 0.000000 21.000000 0.352610
41.000000 11.000000 0.000000 0.000000 21.000000 0.350515
41.000000 12.000000 0.000000 0.000000 21.000000 0.357756
41.000000 13.000000 0.000000 0.000000 21.000000 0.363381
41.000000 14.000000 0.000000 0.000000 21.000000 0.362903
41.000000 15.000000 0.000000 0.000000 21.000000 0.370149
41.000000 16.000000 0.000000 0.000000 21.000000 0.375778
41.000000 17.000000 0.000000 0.000000 21.000000 0.383029
41.000000 18.000000 0.000000 0.000000 20.173092 0.419503
41.000000 19.000000 0.000000 0.000000 19.410551 0.448674
41.000000 20.000000 0.000000 0.000000 19.262667 0.454319
41.000000 21.000000 0.000000 0.000000 17.446918 0.523025
41.000000 22.000000 0.000000 0.000000 14.966619 0.616629
41.000000 23.000000 0.043300 0.000000 12.356698 0.714573
41.000000 24.000000 0.212615 0.000000 7.397942 0.864413
41.000000 25.000000 0.423398 0.000000 3.061857 1.000000
41.000000 26.000000 0.591674 0.000000 0.000000 1.000000
41.000000 27.000000 0.592298 0.000000 0.000000 1.000000
41.000000 28.000000 0.681767 0.000000 0.000000 1.000000
41.000000 29.000000 0.604310 0.000000 0.000000 1.000000
41.000000 30.000000 0.385428 0.000000 2.656899 0.933804
41.000000 31.000000 0.250988 0.000000 6.764701 0.865167
41.000000 32.000000 0.092377 0.000000 10.835468 0.753360
41.000000 33.000000 0.000000 0.000000 14.485744 0.624801
41.000000 34.000000 0.000000 0.000000 17.417221 0.523368
41.000000 35.000000 0.000000 0.000000 18.583523 0.479779
41.000000 36.000000 0.000000 0.000000 18.440987 0.485358
41.000000 37.000000 0.000000 0.000000 18.210644 0.494188
41.000000 38.000000 0.000000 0.000000 18.298664 0.490971
41.000000 39.000000 0.000000 0.000000 17.894907 0.506185
41.000000 40.000000 0.000000 0.000000 17.020493 0.539272
41.000000 41.000000 0.000000 0.000000 16.996090 0.540231
41.000000 42.000000 0.000000 0.000000 16.935072 0.542628
41.000000 43.000000 0.000000 0.000000 17.076567 0.537167
41.000000 44.000000 0.000000 0.000000 16.883923 0.544440
41.000000 45.000000 0.000000 0.000000 16.820559 0.546731
41.000000 46.000000 0.000000 0.000000 15.690091 0.589494
41.000000 47.000000 0.000000 0.000000 14.550854 0.632390
41.000000 48.000000 0.000000 0.000000 14.078753 0.650236
41.000000 49.000000 0.000000 0.000000 14.166797 0.646997
42.000000 0.000000 0.000000 0.000000 21.000000 0.342800
42.000000 1.000000 0.000000 0.000000 21.000000 0.342800
42.000000 2.000000 0.000000 0.000000 21.000000 0.344894
42.000000 3.000000 0.000000 0.000000 21.000000 0.345371
42.000000 4.000000 0.000000 0.000000 21.000000 0.345371
42.000000 5.000000 0.000000 0.000000 21.000000 0.345371
42.000000 6.000000 0.000000 0.000000 21.000000 0.345371
42.000000 7.000000 0.000000 0.000000 21.000000 0.345371
42.000000 8.000000 0.000000 0.000000 21.000000 0.342800
42.000000 9.000000 0.000000 0.000000 21.000000 0.342800
42.000000 10.000000 0.000000 0.000000 21.000000 0.342800
42.000000 11.000000 0.000000 0.000000 21.000000 0.342800
42.000000 12.000000 0.000000 0.000000 21.000000 0.342800
42.000000 13.000000 0.000000 0.000000 21.000000 0.342800
42.000000 14.000000 0.000000 0.000000 21.000000 0.342800
42.000000 15.000000 0.000000 0.000000 21.000000 0.342800
42.000000 16.000000 0.000000 0.000000 21.000000 0.342800
42.000000 17.000000 0.000000 0.000000 21.000000 0.342800
42.000000 18.000000 0.000000 0.000000 21.000000 0.342800
42.000000 19.000000 0.000000 0.000000 21.000000 0.342800
42.000000 20.000000 0.000000 0.000000 21.000000 0.342800
42.000000 21.000000 0.000000 0.000000 21.000000 0.342800
42.000000 22.000000 0.000000 0.000000 21.000000 0.342800
42.000000 23.000000 0.000000 0.000000 21.000000 0.342800
42.000000 24.000000 0.000000 0.000000 21.000000 0.342800
42.000000 25.000000 0.000000 0.000000 21.000000 0.342800
42.000000 26.000000 0.000000 0.000000 21.000000 0.342800
42.000000 27.000000 0.000000 0.000000 21.000000 0.342800
42.000000 28.000000 0.000000 0.000000 21.000000 0.342800
42.000000 29.000000 0.000000 0.000000 21.000000 0.342800
42.000000 30.000000 0.000000 0.000000 21.000000 0.342800
42.000000 31.000000 0.000000 0.000000 21.000000 0.342800
42.000000 32.000000 0.000000 0.000000 21.000000 0.342800
42.000000 33.000000 0.000000 0.000000 21.000000 0.342800
42.000000 34.000000 0.000000 0.000000 21.000000 0.342800
42.000000 35.000000 0.000000 0.000000 21.000000 0.342800
42.000000 36.000000 0.000000 0.000000 21.000000 0.342800
42.000000 37.000000 0.000000 0.000000 21.000000 0.342800
42.000000 38.000000 0.000000 0.000000 21.000000 0.342800
42.000000 39.000000 0.000000 0.000000 21.000000 0.342800
42.000000 40.000000 0.000000 0.000000 21.000000 0.342800
42.000000 41.000000 0.000000 0.000000 21.000000 0.342800
42.000000 42.000000 0.000000 0.000000 21.000000 0.342800
42.000000 43.000000 0.000000 0.000000 21.000000 0.342800
42.000000 44.000000 0.000000 0.000000 21.000000 0.342800
42.000000 45.000000 0.000000 0.000000 21.000000 0.342800
42.000000 46.000000 0.000000 0.000000 21.000000 0.342800
42.000000 47.000000 0.000000 0.000000 21.000000 0.342800
42.000000 48.000000 0.000000 0.000000 21.000000 0.342800
42.000000 49.000000 0.000000 0.000000 21.000000 0.342800
43.000000 0.000000 0.000000 0.000000 21.000000 0.342800
43.000000 1.000000 0.000000 0.000000 21.000000 0.342800
43.000000 2.000000 0.000000 0.000000 21.000000 0.342800
43.000000 3.000000 0.000000 0.000000 21.000000 0.345371
43.000000 4.000000 0.000000 0.000000 21.000000 0.345371
43.000000 5.000000 0.000000 0.000000 21.000000 0.345371
43.000000 6.000000 0.000000 0.000000 21.000000 0.345371
43.000000 7.000000 0.000000 0.000000 21.000000 0.345371
43.000000 8.000000 0.000000 0.000000 21.000000 0.342800
43.000000 9.000000 0.000000 0.000000 21.000000 0.342800
43.000000 10.000000 0.000000 0.000000 21.000000 0.342800
43.000000 11.000000 0.000000 0.000000 21.000000 0.342800
43.000000 12.000000 0.000000 0.000000 21.000000 0.342800
43.000000 13.000000 0.000000 0.000000 21.000000 0.342800
43.000000 14.000000 0.000000 0.000000 21.000000 0.342800
43.000000 15.000000 0.000000 0.000000 21.000000 0.342800
43.000000 16.000000 0.000000 0.000000 21.000000 0.342800
43.000000 17.000000 0.000000 0.000000 21.000000 0.342800
43.000000 18.000000 0.000000 0.000000 21.000000 0.342800
43.000000 19.000000 0.000000 0.000000 21.000000 0.342800
43.000000 20.000000 0.000000 0.000000 21.000000 0.342800
43.000000 21.000000 0.000000 0.000000 21.000000 0.342800
43.000000 22.000000 0.000000 0.000000 21.000000 0.342800
43.000000 23.000000 0.000000 0.000000 21.000000 0.342800
43.000000 24.000000 0.000000 0.000000 21.000000 0.342800
43.000000 25.000000 0.000000 0.000000 21.000000 0.342800
43.000000 26.000000 0.000000 0.000000 21.000000 0.342800
43.000000 27.000000 0.000000 0.000000 21.000000 0.342800
43.000000 28.000000 0.000000 0.000000 21.000000 0.342800
43.000000 29.000000 0.000000 0.000000 21.000000 0.342800
43.000000 30.000000 0.000000 0.000000 21.000000 0.342800
43.000000 31.000000 0.000000 0.000000 21.000000 0.342800
43.000000 32.000000 0.000000 0.000000 21.000000 0.342800
43.000000 33.000000 0.000000 0.000000 21.000000 0.342800
43.000000 34.000000 0.000000 0.000000 21.000000 0.342800
43.000000 35.000000 0.000000 0.000000 21.000000 0.342800
43.000000 36.000000 0.000000 0.000000 21.000000 0.342800
43.000000 37.000000 0.000000 0.000000 21.000000 0.342800
43.000000 38.000000 0.000000 0.000000 21.000000 0.342800
43.000000 39.000000 0.000000 0.000000 21.000000 0.342800
43.000000 40.000000 0.000000 0.000000 21.000000 0.342800
43.000000 41.000000 0.000000 0.000000 21.000000 0.342800
43.000000 42.000000 0.000000 0.000000 21.000000 0.342800
43.000000 43.000000 0.000000 0.000000 21.000000 0.342800
43.000000 44.000000 0.000000 0.000000 21.000000 0.342800
43.000000 45.000000 0.000000 0.000000 21.000000 0.342800
43.000000 46.000000 0.000000 0.000000 21.000000 0.342800
43.000000 47.000000 0.000000 0.000000 21.000000 0.342800
43.000000 48.000000 0.000000 0.000000 21.000000 0.342800
43.000000 49.000000 0.000000 0.000000 21.000000 0.342800
44.000000 0.000000 0.000000 0.000000 21.000000 0.342800
44.000000 1.000000 0.000000 0.000000 21.000000 0.342800
44.000000 2.000000 0.000000 0.000000 21.000000 0.342800
44.000000 3.000000 0.000000 0.000000 21.000000 0.342800
44.000000 4.000000 0.000000 0.000000 21.000000 0.342800
44.000000 5.000000 0.000000 0.000000 21.000000 0.342800
44.000000 6.000000 0.000000 0.000000 21.000000 0.342800
44.000000 7.000000 0.000000 0.000000 21.000000 0.342800
44.000000 8.000000 0.000000 0.000000 21.000000 0.342800
44.000000 9.000000 0.000000 0.000000 21.000000 0.342800
44.000000 10.000000 0.000000 0.000000 21.000000 0.342800
44.000000 11.000000 0.000000 0.000000 21.000000 0.342800
44.000000 12.000000 0.000000 0.000000 21.000000 0.342800
44.000000 13.000000 0.000000 0.000000 21.000000 0.342800
44.000000 14.000000 0.000000 0.000000 21.000000 0.342800
44.000000 15.000000 0.000000 0.000000 21.000000 0.342800
44.000000 16.000000 0.000000 0.000000 21.000000 0.342800
44.000000 17.000000 0.000000 0.000000 21.000000 0.342800
44.000000 18.000000 0.000000 0.000000 21.000000 0.342800
44.000000 19.000000 0.000000 0.000000 21.000000 0.342800
44.000000 20.000000 0.000000 0.000000 21.000000 0.342800
44.000000 21.000000 0.000000 0.000000 21.000000 0.342800
44.000000 22.000000 0.000000 0.000000 21.000000 0.342800
44.000000 23.000000 0.000000 0.000000 21.000000 0.342800
44.000000 24.000000 0.000000 0.000000 21.000000 0.342800
44.000000 25.000000 0.000000 0.000000 21.000000 0.342800
44.000000 26.000000 0.000000 0.000000 21.000000 0.342800
44.000000 27.000000 0.000000 0.000000 21.000000 0.342800
44.000000 28.000000 0.000000 0.000000 21.000000 0.342800
44.000000 29.000000 0.000000 0.000000 21.000000 0.342800
44.000000 30.000000 0.000000 0.000000 21.000000 0.342800
44.000000 31.000000 0.000000 0.000000 21.000000 0.342800
44.000000 32.000000 0.000000 0.000000 21.000000 0.342800
44.000000 33.000000 0.000000 0.000000 21.000000 0.342800
44.000000 34.000000 0.000000 0.000000 21.000000 0.342800
44.000000 35.000000 0.000000 0.000000 21.000000 0.342800
44.000000 36.000000 0.000000 0.000000 21.000000 0.342800
44.000000 37.000000 0.000000 0.000000 21.000000 0.342800
44.000000 38.000000 0.000000 0.000000 21.000000 0.342800
44.000000 39.000000 0.000000 0.000000 21.000000 0.342800
44.000000 40.000000 0.000000 0.000000 21.000000 0.342800
44.000000 41.000000 0.000000 0.000000 21.000000 0.342800
44.000000 42.000000 0.000000 0.000000 21.000000 0.342800
44.000000 43.000000 0.000000 0.000000 21.000000 0.342800
44.000000 44.000000 0.000000 0.000000 21.000000 0.342800
44.000000 45.000000 0.000000 0.000000 21.000000 0.342800
44.000000 46.000000 0.000000 0.000000 21.000000 0.342800
44.000000 47.000000 0.000000 0.000000 21.000000 0.342800
44.000000 48.000000 0.000000 0.000000 21.000000 0.342800
44.000000 49.000000 0.000000 0.000000 21.000000 0.342800
45.000000 0.000000 0.000000 0.000000 21.000000 0.342800
45.000000 1.000000 0.000000 0.000000 21.000000 0.342800
45.000000 2.000000 0.000000 0.000000 21.000000 0.345371
45.000000 3.000000 0.000000 0.000000 21.000000 0.345371
45.000000 4.000000 0.000000 0.000000 21.000000 0.345371
45.000000 5.000000 0.000000 0.000000 21.000000 0.345371
45.000000 6.000000 0.000000 0.000000 21.000000 0.342800
45.000000 7.000000 0.000000 0.000000 21.000000 0.342800
45.000000 8.000000 0.000000 0.000000 21.000000 0.342800
45.000000 9.000000 0.000000 0.000000 21.000000 0.342800
45.000000 10.000000 0.000000 0.000000 21.000000 0.342800
45.000000 11.000000 0.000000 0.000000 21.000000 0.342800
45.000000 12.000000 0.000000 0.000000 21.000000 0.342800
45.000000 13.000000 0.000000 0.000000 21.000000 0.342800
45.000000 14.000000 0.000000 0.000000 21.000000 0.342800
45.000000 15.000000 0.000000 0.000000 21.000000 0.342800
45.000000 16.000000 0.000000 0.000000 21.000000 0.342800
45.000000 17.000000 0.000000 0.000000 21.000000 0.342800
45.000000 18.000000 0.000000 0.000000 21.000000 0.342800
45.000000 19.000000 0.000000 0.000000 21.000000 0.342800
45.000000 20.000000 0.000000 0.000000 21.000000 0.342800
45.000000 21.000000 0.000000 0.000000 21.000000 0.342800
45.000000 22.000000 0.000000 0.000000 21.000000 0.342800
45.000000 23.000000 0.000000 0.000000 21.000000 0.342800
45.000000 24.000000 0.000000 0.000000 21.000000 0.342800
45.000000 25.000000 0.000000 0.000000 21.000000 0.342800
45.000000 26.000000 0.000000 0.000000 21.000000 0.342800
45.000000 27.000000 0.000000 0.000000 21.000000 0.342800
45.000000 28.000000 0.000000 0.000000 21.000000 0.342800
45.000000 29.000000 0.000000 0.000000 21.000000 0.342800
45.000000 30.000000 0.000000 0.000000 21.000000 0.342800
45.000000 31.000000 0.000000 0.000000 21.000000 0.342800
45.000000 32.000000 0.000000 0.000000 21.000000 0.342800
45.000000 33.000000 0.000000 0.000000 21.000000 0.342800
45.000000 34.000000 0.000000 0.000000 21.000000 0.342800
45.000000 35.000000 0.000000 0.000000 21.000000 0.342800
45.000000 36.000000 0.000000 0.000000 21.000000 0.342800
45.000000 37.000000 0.000000 0.000000 21.000000 0.342800
45.000000 38.000000 0.000000 0.000000 21.000000 0.342800
45.000000 39.000000 0.000000 0.000000 21.000000 0.342800
45.000000 40.000000 0.000000 0.000000 21.000000 0.342800
45.000000 41.000000 0.000000 0.000000 21.000000 0.342800
45.000000 42.000000 0.000000 0.000000 21.000000 0.342800
45.000000 43.000000 0.000000 0.000000 21.000000 0.342800
45.000000 44.000000 0.000000 0.000000 21.000000 0.342800
45.000000 45.000000 0.000000 0.000000 21.000000 0.342800
45.000000 46.000000 0.000000 0.000000 21.000000 0.342800
45.000000 47.000000 0.000000 0.000000 21.000000 0.342800
45.000000 48.000000 0.000000 0.000000 21.000000 0.342800
45.000000 49.000000 0.000000 0.000000 21.000000 0.342800
46.000000 0.000000 0.000000 0.000000 21.000000 0.342800
46.000000 1.000000 0.000000 0.000000 21.000000 0.342800
46.000000 2.000000 0.000000 0.000000 21.000000 0.344894
46.000000 3.000000 0.000000 0.000000 21.000000 0.345371
46.000000 4.000000 0.000000 0.000000 21.000000 0.345371
46.000000 5.000000 0.000000 0.000000 21.000000 0.345371
46.000000 6.000000 0.000000 0.000000 21.000000 0.345371
46.000000 7.000000 0.000000 0.000000 21.000000 0.345371
46.000000 8.000000 0.000000 0.000000 21.000000 0.345371
46.000000 9.000000 0.000000 0.000000 21.000000 0.342800
46.000000 10.000000 0.000000 0.000000 21.000000 0.342800
46.000000 11.000000 0.000000 0.000000 21.000000 0.342800
46.000000 12.000000 0.000000 0.000000 21.000000 0.342800
46.000000 13.000000 0.000000 0.000000 21.000000 0.342800
46.000000 14.000000 0.000000 0.000000 21.000000 0.342800
46.000000 15.000000 0.000000 0.000000 21.000000 0.342800
46.000000 16.000000 0.000000 0.000000 21.000000 0.342800
46.000000 17.000000 0.000000 0.000000 21.000000 0.342800
46.000000 18.000000 0.000000 0.000000 21.000000 0.342800
46.000000 19.000000 0.000000 0.000000 21.000000 0.342800
46.000000 20.000000 0.000000 0.000000 21.000000 0.342800
46.000000 21.000000 0.000000 0.000000 21.000000 0.342800
46.000000 22.000000 0.000000 0.000000 21.000000 0.342800
46.000000 23.000000 0.000000 0.000000 21.000000 0.342800
46.000000 24.000000 0.000000 0.000000 21.000000 0.342800
46.000000 25.000000 0.000000 0.000000 21.000000 0.342800
46.000000 26.000000 0.000000 0.000000 21.000000 0.342800
46.000000 27.000000 0.000000 0.000000 21.000000 0.342800
46.000000 28.000000 0.000000 0.000000 21.000000 0.342800
46.000000 29.000000 0.000000 0.000000 21.000000 0.342800
46.000000 30.000000 0.000000 0.000000 21.000000 0.342800
46.000000 31.000000 0.000000 0.000000 21.000000 0.342800
46.000000 32.000000 0.000000 0.000000 21.000000 0.342800
46.000000 33.000000 0.000000 0.000000 21.000000 0.342800
46.000000 34.000000 0.000000 0.000000 21.000000 0.342800
46.000000 35.000000 0.000000 0.000000 21.000000 0.342800
46.000000 36.000000 0.000000 0.000000 21.000000 0.342800
46.000000 37.000000 0.000000 0.000000 21.000000 0.342800
46.000000 38.000000 0.000000 0.000000 21.000000 0.342800
46.000000 39.000000 0.000000 0.000000 21.000000 0.342800
46.000000 40.000000 0.000000 0.000000 21.000000 0.342800
46.000000 41.000000 0.000000 0.000000 21.000000 0.342800
46.000000 42.000000 0.000000 0.000000 21.000000 0.342800
46.000000 43.000000 0.000000 0.000000 21.000000 0.342800
46.000000 44.000000 0.000000 0.000000 21.000000 0.342800
46.000000 45.000000 0.000000 0.000000 21.000000 0.342800
46.000000 46.000000 0.000000 0.000000 21.000000 0.342800
46.000000 47.000000 0.000000 0.000000 21.000000 0.342800
46.000000 48.000000 0.000000 0.000000 21.000000 0.342800
46.000000 49.000000 0.000000 0.000000 21.000000 0.342800
47.000000 0.000000 0.000000 0.000000 21.000000 0.342800
47.000000 1.000000 0.000000 0.000000 21.000000 0.342800
47.000000 2.000000 0.000000 0.000000 21.000000 0.342800
47.000000 3.000000 0.000000 0.000000 21.000000 0.342800
47.000000 4.000000 0.000000 0.000000 21.000000 0.342800
47.000000 5.000000 0.000000 0.000000 21.000000 0.345371
47.000000 6.000000 0.000000 0.000000 21.000000 0.350038
47.000000 7.000000 0.000000 0.000000 21.000000 0.355660
47.000000 8.000000 0.000000 0.000000 21.000000 0.360329
47.000000 9.000000 0.000000 0.000000 21.000000 0.358234
47.000000 10.000000 0.000000 0.000000 21.000000 0.371769
47.000000 11.000000 0.000000 0.000000 20.998302 0.388183
47.000000 12.000000 0.000000 0.000000 20.851273 0.393817
47.000000 13.000000 0.000000 0.000000 20.426672 0.409954
47.000000 14.000000 0.000000 0.000000 19.618992 0.440634
47.000000 15.000000 0.000000 0.000000 18.216106 0.493929
47.000000 16.000000 0.000000 0.000000 18.118719 0.497765
47.000000 17.000000 0.000000 0.000000 16.205315 0.570012
47.000000 18.000000 0.000000 0.000000 13.340007 0.677669
47.000000 19.000000 0.113196 0.000000 10.863568 0.770387
47.000000 20.000000 0.255859 0.000000 6.619998 0.888855
47.000000 21.000000 0.549754 0.000000 0.000000 1.000000
47.000000 22.000000 0.699591 0.000000 0.000000 1.000000
47.000000 23.000000 0.789332 0.000000 0.000000 1.000000
47.000000 24.000000 0.866531 0.000000 0.000000 1.000000
47.000000 25.000000 0.705353 0.000000 0.000000 1.000000
47.000000 26.000000 0.549778 0.000000 0.000000 1.000000
47.000000 27.000000 0.203881 0.000000 6.710793 0.796926
47.000000 28.000000 0.145823 0.000000 8.334025 0.819308
47.000000 29.000000 0.000000 0.000000 15.276209 0.597265
47.000000 30.000000 0.000000 0.000000 18.478971 0.483079
47.000000 31.000000 0.000000 0.000000 19.961174 0.427299
47.000000 32.000000 0.000000 0.000000 20.845583 0.393819
47.000000 33.000000 0.000000 0.000000 20.934685 0.390589
47.000000 34.000000 0.000000 0.000000 20.260038 0.416258
47.000000 35.000000 0.000000 0.000000 19.737543 0.436242
47.000000 36.000000 0.000000 0.000000 19.182629 0.457381
47.000000 37.000000 0.000000 0.000000 18.743393 0.474028
47.000000 38.000000 0.000000 0.000000 19.170488 0.457861
47.000000 39.000000 0.000000 0.000000 19.577690 0.442364
47.000000 40.000000 0.000000 0.000000 19.335480 0.451443
47.000000 41.000000 0.000000 0.000000 19.442017 0.447529
47.000000 42.000000 0.000000 0.000000 19.163279 0.458047
47.000000 43.000000 0.000000 0.000000 19.282009 0.453653
47.000000 44.000000 0.000000 0.000000 18.891514 0.468381
47.000000 45.000000 0.000000 0.000000 18.651072 0.477571
47.000000 46.000000 0.000000 0.000000 18.687546 0.476132
47.000000 47.000000 0.000000 0.000000 18.408175 0.486656
47.000000 48.000000 0.000000 0.000000 17.485813 0.521692
47.000000 49.000000 0.000000 0.000000 17.132633 0.535062
48.000000 0.000000 0.000000 0.000000 21.000000 0.342800
48.000000 1.000000 0.000000 0.000000 21.000000 0.342800
48.000000 2.000000 0.000000 0.000000 21.000000 0.342800
48.000000 3.000000 0.000000 0.000000 21.000000 0.345371
48.000000 4.000000 0.000000 0.000000 21.000000 0.345371
48.000000 5.000000 0.000000 0.000000 21.000000 0.345371
48.000000 6.000000 0.000000 0.000000 21.000000 0.345371
48.000000 7.000000 0.000000 0.000000 21.000000 0.342800
48.000000 8.000000 0.000000 0.000000 21.000000 0.342800
48.000000 9.000000 0.000000 0.000000 21.000000 0.342800
48.000000 10.000000 0.000000 0.000000 21.000000 0.342800
48.000000 11.000000 0.000000 0.000000 21.000000 0.342800
48.000000 12.000000 0.000000 0.000000 21.000000 0.342800
48.000000 13.000000 0.000000 0.000000 21.000000 0.342800
48.000000 14.000000 0.000000 0.000000 21.000000 0.342800
48.000000 15.000000 0.000000 0.000000 21.000000 0.342800
48.000000 16.000000 0.000000 0.000000 21.000000 0.342800
48.000000 17.000000 0.000000 0.000000 21.000000 0.342800
48.000000 18.000000 0.000000 0.000000 21.000000 0.342800
48.000000 19.000000 0.000000 0.000000 21.000000 0.342800
48.000000 20.000000 0.000000 0.000000 21.000000 0.342800
48.000000 21.000000 0.000000 0.000000 21.000000 0.342800
48.000000 22.000000 0.000000 0.000000 21.000000 0.342800
48.000000 23.000000 0.000000 0.000000 21.000000 0.342800
48.000000 24.000000 0.000000 0.000000 21.000000 0.342800
48.000000 25.000000 0.000000 0.000000 21.000000 0.342800
48.000000 26.000000 0.000000 0.000000 21.000000 0.342800
48.000000 27.000000 0.000000 0.000000 21.000000 0.342800
48.000000 28.000000 0.000000 0.000000 21.000000 0.342800
48.000000 29.000000 0.000000 0.000000 21.000000 0.342800
48.000000 30.000000 0.000000 0.000000 21.000000 0.342800
48.000000 31.000000 0.000000 0.000000 21.000000 0.342800
48.000000 32.000000 0.000000 0.000000 21.000000 0.342800
48.000000 33.000000 0.000000 0.000000 21.000000 0.342800
48.000000 34.000000 0.000000 0.000000 21.000000 0.342800
48.000000 35.000000 0.000000 0.000000 21.000000 0.342800
48.000000 36.000000 0.000000 0.000000 21.000000 0.342800
48.000000 37.000000 0.000000 0.000000 21.000000 0.342800
48.000000 38.000000 0.000000 0.000000 21.000000 0.342800
48.000000 39.000000 0.000000 0.000000 21.000000 0.342800
48.000000 40.000000 0.000000 0.000000 21.000000 0.342800
48.000000 41.000000 0.000000 0.000000 21.000000 0.342800
48.000000 42.000000 0.000000 0.000000 21.000000 0.342800
48.000000 43.000000 0.000000 0.000000 21.000000 0.342800
48.000000 44.000000 0.000000 0.000000 21.000000 0.342800
48.000000 45.000000 0.000000 0.000000 21.000000 0.342800
48.000000 46.000000 0.000000 0.000000 21.000000 0.342800
48.000000 47.000000 0.000000 0.000000 21.000000 0.342800
48.000000 48.000000 0.000000 0.000000 21.000000 0.342800
48.000000 49.000000 0.000000 0.000000 21.000000 0.342800
49.000000 0.000000 0.000000 0.000000 21.000000 0.342800
49.000000 1.000000 0.000000 0.000000 21.000000 0.342800
49.000000 2.000000 0.000000 0.000000 21.000000 0.344894
49.000000 3.000000 0.000000 0.000000 21.000000 0.345371
49.000000 4.000000 0.000000 0.000000 21.000000 0.345371
49.000000 5.000000 0.000000 0.000000 21.000000 0.345371
49.000000 6.000000 0.000000 0.000000 21.000000 0.345371
49.000000 7.000000 0.000000 0.000000 21.000000 0.342800
49.000000 8.000000 0.000000 0.000000 21.000000 0.342800
49.000000 9.000000 0.000000 0.000000 21.000000 0.342800
49.000000 10.000000 0.000000 0.000000 21.000000 0.342800
49.000000 11.000000 0.000000 0.000000 21.000000 0.342800
49.000000 12.000000 0.000000 0.000000 21.000000 0.342800
49.000000 13.000000 0.000000 0.000000 21.000000 0.342800
49.000000 14.000000 0.000000 0.000000 21.000000 0.342800
49.000000 15.000000 0.000000 0.000000 21.000000 0.342800
49.000000 16.000000 0.000000 0.000000 21.000000 0.342800
49.000000 17.000000 0.000000 0.000000 21.000000 0.342800
49.000000 18.000000 0.000000 0.000000 21.000000 0.342800
49.000000 19.000000 0.000000 0.000000 21.000000 0.342800
49.000000 20.000000 0.000000 0.000000 21.000000 0.342800
49.000000 21.000000 0.000000 0.000000 21.000000 0.342800
49.000000 22.000000 0.000000 0.000000 21.000000 0.342800
49.000000 23.000000 0.000000 0.000000 21.000000 0.342800
49.000000 24.000000 0.000000 0.000000 21.000000 0.342800
49.000000 25.000000 0.000000 0.000000 21.000000 0.342800
49.000000 26.000000 0.000000 0.000000 21.000000 0.342800
49.000000 27.000000 0.000000 0.000000 21.000000 0.342800
49.000000 28.000000 0.000000 0.000000 21.000000 0.342800
49.000000 29.000000 0.000000 0.000000 21.000000 0.342800
49.000000 30.000000 0.000000 0.000000 21.000000 0.342800
49.000000 31.000000 0.000000 0.000000 21.000000 0.342800
49.000000 32.000000 0.000000 0.000000 21.000000 0.342800
49.000000 33.000000 0.000000 0.000000 21.000000 0.342800
49.000000 34.000000 0.000000 0.000000 21.000000 0.342800
49.000000 35.000000 0.000000 0.000000 21.000000 0.342800
49.000000 36.000000 0.000000 0.000000 21.000000 0.342800
49.000000 37.000000 0.000000 0.000000 21.000000 0.342800
49.000000 38.000000 0.000000 0.000000 21.000000 0.342800
49.000000 39.000000 0.000000 0.000000 21.000000 0.342800
49.000000 40.000000 0.000000 0.000000 21.000000 0.342800
49.000000 41.000000 0.000000 0.000000 21.000000 0.342800
49.000000 42.000000 0.000000 0.000000 21.000000 0.342800
49.000000 43.000000 0.000000 0.000000 21.000000 0.342800
49.000000 44.000000 0.000000 0.000000 21.000000 0.342800
49.000000 45.000000 0.000000 0.000000 21.000000 0.342800
49.000000 46.000000 0.000000 0.000000 21.000000 0.342800
49.000000 47.000000 0.000000 0.000000 21.000000 0.342800
49.000000 48.000000 0.000000 0.000000 21.000000 0.342800
49.000000 49.000000 0.000000 0.000000 21.000000 0.342800
50.000000 0.000000 0.000000 0.000000 21.000000 0.342800
50.000000 1.000000 0.000000 0.000000 21.000000 0.342800
50.000000 2.000000 0.000000 0.000000 21.000000 0.342800
50.000000 3.000000 0.000000 0.000000 21.000000 0.344894
50.000000 4.000000 0.000000 0.000000 21.000000 0.345371
50.000000 5.000000 0.000000 0.000000 21.000000 0.345371
50.000000 6.000000 0.000000 0.000000 21.000000 0.345371
50.000000 7.000000 0.000000 0.000000 21.000000 0.345371
50.000000 8.000000 0.000000 0.000000 21.000000 0.342800
50.000000 9.000000 0.000000 0.000000 21.000000 0.342800
50.000000 10.000000 0.000000 0.000000 21.000000 0.342800
50.000000 11.000000 0.000000 0.000000 21.000000 0.342800
50.000000 12.000000 0.000000 0.000000 21.000000 0.342800
50.000000 13.000000 0.000000 0.000000 21.000000 0.342800
50.000000 14.000000 0.000000 0.000000 21.000000 0.342800
50.000000 15.000000 0.000000 0.000000 21.000000 0.342800
50.000000 16.000000 0.000000 0.000000 21.000000 0.342800
50.000000 17.000000 0.000000 0.000000 21.000000 0.342800
50.000000 18.000000 0.000000 0.000000 21.000000 0.342800
50.000000 19.000000 0.000000 0.000000 21.000000 0.342800
50.000000 20.000000 0.000000 0.000000 21.000000 0.342800
50.000000 21.000000 0.000000 0.000000 21.000000 0.342800
50.000000 22.000000 0.000000 0.000000 21.000000 0.342800
50.000000 23.000000 0.000000 0.000000 21.000000 0.342800
50.000000 24.000000 0.000000 0.000000 21.000000 0.342800
50.000000 25.000000 0.000000 0.000000 21.000000 0.342800
50.000000 26.000000 0.000000 0.000000 21.000000 0.342800
50.000000 27.000000 0.000000 0.000000 21.000000 0.342800
50.000000 28.000000 0.000000 0.000000 21.000000 0.342800
50.000000 29.000000 0.000000 0.000000 21.000000 0.342800
50.000000 30.000000 0.000000 0.000000 21.000000 0.342800
50.000000 31.000000 0.000000 0.000000 21.000000 0.342800
50.000000 32.000000 0.000000 0.000000 21.000000 0.342800
50.000000 33.000000 0.000000 0.000000 21.000000 0.342800
50.000000 34.000000 0.000000 0.000000 21.000000 0.342800
50.000000 35.000000 0.000000 0.000000 21.000000 0.342800
50.000000 36.000000 0.000000 0.000000 21.000000 0.342800
50.000000 37.000000 0.000000 0.000000 21.000000 0.342800
50.000000 38.000000 0.000000 0.000000 21.000000 0.342800
50.000000 39.000000 0.000000 0.000000 21.000000 0.342800
50.000000 40.000000 0.000000 0.000000 21.000000 0.342800
50.000000 41.000000 0.000000 0.000000 21.000000 0.342800
50.000000 42.000000 0.000000 0.000000 21.000000 0.342800
50.000000 43.000000 0.000000 0.000000 21.000000 0.342800
50.000000 44.000000 0.000000 0.000000 21.000000 0.342800
50.000000 45.000000 0.000000 0.000000 21.000000 0.342800
50.000000 46.000000 0.000000 0.000000 21.000000 0.342800
50.000000 47.000000 0.000000 0.000000 21.000000 0.342800
50.000000 48.000000 0.000000 0.000000 21.000000 0.342800
50.000000 49.000000 0.000000 0.000000 21.000000 0.342800
51.000000 0.000000 0.000000 0.000000 21.000000 0.342800
51.000000 1.000000 0.000000 0.000000 21.000000 0.342800
51.000000 2.000000 0.000000 0.000000 21.000000 0.342800
51.000000 3.000000 0.000000 0.000000 21.000000 0.344894
51.000000 4.000000 0.000000 0.000000 21.000000 0.345371
51.000000 5.000000 0.000000 0.000000 21.000000 0.347466
51.000000 6.000000 0.000000 0.000000 21.000000 0.347943
51.000000 7.000000 0.000000 0.000000 21.000000 0.345371
51.000000 8.000000 0.000000 0.000000 21.000000 0.345371
51.000000 9.000000 0.000000 0.000000 21.000000 0.345371
51.000000 10.000000 0.000000 0.000000 21.000000 0.342800
51.000000 11.000000 0.000000 0.000000 21.000000 0.342800
51.000000 12.000000 0.000000 0.000000 21.000000 0.342800
51.000000 13.000000 0.000000 0.000000 21.000000 0.342800
51.000000 14.000000 0.000000 0.000000 21.000000 0.342800
51.000000 15.000000 0.000000 0.000000 21.000000 0.342800
51.000000 16.000000 0.000000 0.000000 21.000000 0.342800
51.000000 17.000000 0.000000 0.000000 21.000000 0.342800
51.000000 18.000000 0.000000 0.000000 21.000000 0.342800
51.000000 19.000000 0.000000 0.000000 21.000000 0.342800
51.000000 20.000000 0.000000 0.000000 21.000000 0.342800
51.000000 21.000000 0.000000 0.000000 21.000000 0.342800
51.000000 22.000000 0.000000 0.000000 21.000000 0.342800
51.000000 23.000000 0.000000 0.000000 21.000000 0.342800
51.000000 24.000000 0.000000 0.000000 21.000000 0.342800
51.000000 25.000000 0.000000 0.000000 21.000000 0.342800
51.000000 26.000000 0.000000 0.000000 21.000000 0.342800
51.000000 27.000000 0.000000 0.000000 21.000000 0.342800
51.000000 28.000000 0.000000 0.000000 21.000000 0.342800
51.000000 29.000000 0.000000 0.000000 21.000000 0.342800
51.000000 30.000000 0.000000 0.000000 21.000000 0.342800
51.000000 31.000000 0.000000 0.000000 21.000000 0.342800
51.000000 32.000000 0.000000 0.000000 21.000000 0.342800
51.000000 33.000000 0.000000 0.000000 21.000000 0.342800
51.000000 34.000000 0.000000 0.000000 21.000000 0.342800
51.000000 35.000000 0.000000 0.000000 21.000000 0.342800
51.000000 36.000000 0.000000 0.000000 21.000000 0.342800
51.000000 37.000000 0.000000 0.000000 21.000000 0.342800
51.000000 38.000000 0.000000 0.000000 21.000000 0.342800
51.000000 39.000000 0.000000 0.000000 21.000000 0.342800
51.000000 40.000000 0.000000 0.000000 21.000000 0.342800
51.000000 41.000000 0.000000 0.000000 21.000000 0.342800
51.000000 42.000000 0.000000 0.000000 21.000000 0.342800
51.000000 43.000000 0.000000 0.000000 21.000000 0.342800
51.000000 44.000000 0.000000 0.000000 21.000000 0.342800
51.000000 45.000000 0.000000 0.000000 21.000000 0.342800
51.000000 46.000000 0.000000 0.000000 21.000000 0.342800
51.000000 47.000000 0.000000 0.000000 21.000000 0.342800
51.000000 48.000000 0.000000 0.000000 21.000000 0.342800
51.000000 49.000000 0.000000 0.000000 21.000000 0.342800
52.000000 0.000000 0.000000 0.000000 21.000000 0.342800
52.000000 1.000000 0.000000 0.000000 21.000000 0.342800
52.000000 2.000000 0.000000 0.000000 21.000000 0.342800
52.000000 3.000000 0.000000 0.000000 21.000000 0.345371
52.000000 4.000000 0.000000 0.000000 21.000000 0.345371
52.000000 5.000000 0.000000 0.000000 21.000000 0.345371
52.000000 6.000000 0.000000 0.000000 21.000000 0.345371
52.000000 7.000000 0.000000 0.000000 21.000000 0.342800
52.000000 8.000000 0.000000 0.000000 21.000000 0.342800
52.000000 9.000000 0.000000 0.000000 21.000000 0.342800
52.000000 10.000000 0.000000 0.000000 21.000000 0.342800
52.000000 11.000000 0.000000 0.000000 21.000000 0.342800
52.000000 12.000000 0.000000 0.000000 21.000000 0.342800
52.000000 13.000000 0.000000 0.000000 21.000000 0.342800
52.000000 14.000000 0.000000 0.000000 21.000000 0.342800
52.000000 15.000000 0.000000 0.000000 21.000000 0.342800
52.000000 16.000000 0.000000 0.000000 21.000000 0.342800
52.000000 17.000000 0.000000 0.000000 21.000000 0.342800
52.000000 18.000000 0.000000 0.000000 21.000000 0.342800
52.000000 19.000000 0.000000 0.000000 21.000000 0.342800
52.000000 20.000000 0.000000 0.000000 21.000000 0.342800
52.000000 21.000000 0.000000 0.000000 21.000000 0.342800
52.000000 22.000000 0.000000 0.000000 21.000000 0.342800
52.000000 23.000000 0.000000 0.000000 21.000000 0.342800
52.000000 24.000000 0.000000 0.000000 21.000000 0.342800
52.000000 25.000000 0.000000 0.000000 21.000000 0.342800
52.000000 26.000000 0.000000 0.000000 21.000000 0.342800
52.000000 27.000000 0.000000 0.000000 21.000000 0.342800
52.000000 28.000000 0.000000 0.000000 21.000000 0.342800
52.000000 29.000000 0.000000 0.000000 21.000000 0.342800
52.000000 30.000000 0.000000 0.000000 21.000000 0.342800
52.000000 31.000000 0.000000 0.000000 21.000000 0.342800
52.000000 32.000000 0.000000 0.000000 21.000000 0.342800
52.000000 33.000000 0.000000 0.000000 21.000000 0.342800
52.000000 34.000000 0.000000 0.000000 21.000000 0.342800
52.000000 35.000000 0.000000 0.000000 21.000000 0.342800
52.000000 36.000000 0.000000 0.000000 21.000000 0.342800
52.000000 37.000000 0.000000 0.000000 21.000000 0.342800
52.000000 38.000000 0.000000 0.000000 21.000000 0.342800
52.000000 39.000000 0.000000 0.000000 21.000000 0.342800
52.000000 40.000000 0.000000 0.000000 21.000000 0.342800
52.000000 41.000000 0.000000 0.000000 21.000000 0.342800
52.000000 42.000000 0.000000 0.000000 21.000000 0.342800
52.000000 43.000000 0.000000 0.000000 21.000000 0.342800
52.000000 44.000000 0.000000 0.000000 21.000000 0.342800
52.000000 45.000000 0.000000 0.000000 21.000000 0.342800
52.000000 46.000000 0.000000 0.000000 21.000000 0.342800
52.000000 47.000000 0.000000 0.000000 21.000000 0.342800
52.000000 48.000000 0.000000 0.000000 21.000000 0.342800
52.000000 49.000000 0.000000 0.000000 21.000000 0.342800
53.000000 0.000000 0.000000 0.000000 21.000000 0.342800
53.000000 1.000000 0.000000 0.000000 21.000000 0.342800
53.000000 2.000000 0.000000 0.000000 21.000000 0.342800
53.000000 3.000000 0.000000 0.000000 21.000000 0.345371
53.000000 4.000000 0.000000 0.000000 21.000000 0.345371
53.000000 5.000000 0.000000 0.000000 21.000000 0.345371
53.000000 6.000000 0.000000 0.000000 21.000000 0.345371
53.000000 7.000000 0.000000 0.000000 21.000000 0.342800
53.000000 8.000000 0.000000 0.000000 21.000000 0.342800
53.000000 9.000000 0.000000 0.000000 21.000000 0.342800
53.000000 10.000000 0.000000 0.000000 21.000000 0.342800
53.000000 11.000000 0.000000 0.000000 21.000000 0.342800
53.000000 12.000000 0.000000 0.000000 21.000000 0.342800
53.000000 13.000000 0.000000 0.000000 21.000000 0.342800
53.000000 14.000000 0.000000 0.000000 21.000000 0.342800
53.000000 15.000000 0.000000 0.000000 21.000000 0.342800
53.000000 16.000000 0.000000 0.000000 21.000000 0.342800
53.000000 17.000000 0.000000 0.000000 21.000000 0.342800
53.000000 18.000000 0.000000 0.000000 21.000000 0.342800
53.000000 19.000000 0.000000 0.000000 21.000000 0.342800
53.000000 20.000000 0.000000 0.000000 21.000000 0.342800
53.000000 21.000000 0.000000 0.000000 21.000000 0.342800
53.000000 22.000000 0.000000 0.000000 21.000000 0.342800
53.000000 23.000000 0.000000 0.000000 21.000000 0.342800
53.000000 24.000000 0.000000 0.000000 21.000000 0.342800
53.000000 25.000000 0.000000 0.000000 21.000000 0.342800
53.000000 26.000000 0.000000 0.000000 21.000000 0.342800
53.000000 27.000000 0.000000 0.000000 21.000000 0.342800
53.000000 28.000000 0.000000 0.000000 21.000000 0.342800
53.000000 29.000000 0.000000 0.000000 21.000000 0.342800
53.000000 30.000000 0.000000 0.000000 21.000000 0.342800
53.000000 31.000000 0.000000 0.000000 21.000000 0.342800
53.000000 32.000000 0.000000 0.000000 21.000000 0.342800
53.000000 33.000000 0.000000 0.000000 21.000000 0.342800
53.000000 34.000000 0.000000 0.000000 21.000000 0.342800
53.000000 35.000000 0.000000 0.000000 21.000000 0.342800
53.000000 36.000000 0.000000 0.000000 21.000000 0.342800
53.000000 37.000000 0.000000 0.000000 21.000000 0.342800
53.000000 38.000000 0.000000 0.000000 21.000000 0.342800
53.000000 39.000000 0.000000 0.000000 21.000000 0.342800
53.000000 40.000000 0.000000 0.000000 21.000000 0.342800
53.000000 41.000000 0.000000 0.000000 21.000000 0.342800
53.000000 42.000000 0.000000 0.000000 21.000000 0.342800
53.000000 43.000000 0.000000 0.000000 21.000000 0.342800
53.000000 44.000000 0.000000 0.000000 21.000000 0.342800
53.000000 45.000000 0.000000 0.000000 21.000000 0.342800
53.000000 46.000000 0.000000 0.000000 21.000000 0.342800
53.000000 47.000000 0.000000 0.000000 21.000000 0.342800
53.000000 48.000000 0.000000 0.000000 21.000000 0.342800
53.000000 49.000000 0.000000 0.000000 21.000000 0.342800
54.000000 0.000000 0.000000 0.000000 21.000000 0.342800
54.000000 1.000000 0.000000 0.000000 21.000000 0.342800
54.000000 2.000000 0.000000 0.000000 21.000000 0.345371
54.000000 3.000000 0.000000 0.000000 21.000000 0.345371
54.000000 4.000000 0.000000 0.000000 21.000000 0.345371
54.000000 5.000000 0.000000 0.000000 21.000000 0.345371
54.000000 6.000000 0.000000 0.000000 21.000000 0.345371
54.000000 7.000000 0.000000 0.000000 21.000000 0.342800
54.000000 8.000000 0.000000 0.000000 21.000000 0.342800
54.000000 9.000000 0.000000 0.000000 21.000000 0.342800
54.000000 10.000000 0.000000 0.000000 21.000000 0.342800
54.000000 11.000000 0.000000 0.000000 21.000000 0.342800
54.000000 12.000000 0.000000 0.000000 21.000000 0.342800
54.000000 13.000000 0.000000 0.000000 21.000000 0.342800
54.000000 14.000000 0.000000 0.000000 21.000000 0.342800
54.000000 15.000000 0.000000 0.000000 21.000000 0.342800
54.000000 16.000000 0.000000 0.000000 21.000000 0.342800
54.000000 17.000000 0.000000 0.000000 21.000000 0.342800
54.000000 18.000000 0.000000 0.000000 21.000000 0.342800
54.000000 19.000000 0.000000 0.000000 21.000000 0.342800
54.000000 20.000000 0.000000 0.000000 21.000000 0.342800
54.000000 21.000000 0.000000 0.000000 21.000000 0.342800
54.000000 22.000000 0.000000 0.000000 21.000000 0.342800
54.000000 23.000000 0.000000 0.000000 21.000000 0.342800
54.000000 24.000000 0.000000 0.000000 21.000000 0.342800
54.000000 25.000000 0.000000 0.000000 21.000000 0.342800
54.000000 26.000000 0.000000 0.000000 21.000000 0.342800
54.000000 27.000000 0.000000 0.000000 21.000000 0.342800
54.000000 28.000000 0.000000 0.000000 21.000000 0.342800
54.000000 29.000000 0.000000 0.000000 21.000000 0.342800
54.000000 30.000000 0.000000 0.000000 21.000000 0.342800
54.000000 31.000000 0.000000 0.000000 21.000000 0.342800
54.000000 32.000000 0.000000 0.000000 21.000000 0.342800
54.000000 33.000000 0.000000 0.000000 21.000000 0.342800
54.000000 34.000000 0.000000 0.000000 21.000000 0.342800
54.000000 35.000000 0.000000 0.000000 21.000000 0.342800
54.000000 36.000000 0.000000 0.000000 21.000000 0.342800
54.000000 37.000000 0.000000 0.000000 21.000000 0.342800
54.000000 38.000000 0.000000 0.000000 21.000000 0.342800
54.000000 39.000000 0.000000 0.000000 21.000000 0.342800
54.000000 40.000000 0.000000 0.000000 21.000000 0.342800
54.000000 41.000000 0.000000 0.000000 21.000000 0.342800
54.000000 42.000000 0.000000 0.000000 21.000000 0.342800
54.000000 43.000000 0.000000 0.000000 21.000000 0.342800
54.000000 44.000000 0.000000 0.000000 21.000000 0.342800
54.000000 45.000000 0.000000 0.000000 21.000000 0.342800
54.000000 46.000000 0.000000 0.000000 21.000000 0.342800
54.000000 47.000000 0.000000 0.000000 21.000000 0.342800
54.000000 48.000000 0.000000 0.000000 21.000000 0.342800
54.000000 49.000000 0.000000 0.000000 21.000000 0.342800
55.000000 0.000000 0.000000 0.000000 21.000000 0.342800
55.000000 1.000000 0.000000 0.000000 21.000000 0.342800
55.000000 2.000000 0.000000 0.000000 21.000000 0.342800
55.000000 3.000000 0.000000 0.000000 21.000000 0.345371
55.000000 4.000000 0.000000 0.000000 21.000000 0.345371
55.000000 5.000000 0.000000 0.000000 21.000000 0.345371
55.000000 6.000000 0.000000 0.000000 21.000000 0.345371
55.000000 7.000000 0.000000 0.000000 21.000000 0.345371
55.000000 8.000000 0.000000 0.000000 21.000000 0.342800
55.000000 9.000000 0.000000 0.000000 21.000000 0.342800
55.000000 10.000000 0.000000 0.000000 21.000000 0.342800
55.000000 11.000000 0.000000 0.000000 21.000000 0.342800
55.000000 12.000000 0.000000 0.000000 21.000000 0.342800
55.000000 13.000000 0.000000 0.000000 21.000000 0.342800
55.000000 14.000000 0.000000 0.000000 21.000000 0.342800
55.000000 15.000000 0.000000 0.000000 21.000000 0.342800
55.000000 16.000000 0.000000 0.000000 21.000000 0.342800
55.000000 17.000000 0.000000 0.000000 21.000000 0.342800
55.000000 18.000000 0.000000 0.000000 21.000000 0.342800
55.000000 19.000000 0.000000 0.000000 21.000000 0.342800
55.000000 20.000000 0.000000 0.000000 21.000000 0.342800
55.000000 21.000000 0.000000 0.000000 21.000000 0.342800
55.000000 22.000000 0.000000 0.000000 21.000000 0.342800
55.000000 23.000000 0.000000 0.000000 21.000000 0.342800
55.000000 24.000000 0.000000 0.000000 21.000000 0.342800
55.000000 25.000000 0.000000 0.000000 21.000000 0.342800
55.000000 26.000000 0.000000 0.000000 21.000000 0.342800
55.000000 27.000000 0.000000 0.000000 21.000000 0.342800
55.000000 28.000000 0.000000 0.000000 21.000000 0.342800
55.000000 29.000000 0.000000 0.000000 21.000000 0.342800
55.000000 30.000000 0.000000 0.000000 21.000000 0.342800
55.000000 31.000000 0.000000 0.000000 21.000000 0.342800
55.000000 32.000000 0.000000 0.000000 21.000000 0.342800
55.000000 33.000000 0.000000 0.000000 21.000000 0.342800
55.000000 34.000000 0.000000 0.000000 21.000000 0.342800
55.000000 35.000000 0.000000 0.000000 21.000000 0.342800
55.000000 36.000000 0.000000 0.000000 21.000000 0.342800
55.000000 37.000000 0.000000 0.000000 21.000000 0.342800
55.000000 38.000000 0.000000 0.000000 21.000000 0.342800
55.000000 39.000000 0.000000 0.000000 21.000000 0.342800
55.000000 40.000000 0.000000 0.000000 21.000000 0.342800
55.000000 41.000000 0.000000 0.000000 21.000000 0.342800
55.000000 42.000000 0.000000 0.000000 21.000000 0.342800
55.000000 43.000000 0.000000 0.000000 21.000000 0.342800
55.000000 44.000000 0.000000 0.000000 21.000000 0.342800
55.000000 45.000000 0.000000 0.000000 21.000000 0.342800
55.000000 46.000000 0.000000 0.000000 21.000000 0.342800
55.000000 47.000000 0.000000 0.000000 21.000000 0.342800
55.000000 48.000000 0.000000 0.000000 21.000000 0.342800
55.000000 49.000000 0.000000 0.000000 21.000000 0.342800
56.000000 0.000000 0.000000 0.000000 21.000000 0.342800
56.000000 1.000000 0.000000 0.000000 21.000000 0.342800
56.000000 2.000000 0.000000 0.000000 21.000000 0.342800
56.000000 3.000000 0.000000 0.000000 21.000000 0.342800
56.000000 4.000000 0.000000 0.000000 21.000000 0.342800
56.000000 5.000000 0.000000 0.000000 21.000000 0.342800
56.000000 6.000000 0.000000 0.000000 21.000000 0.342800
56.000000 7.000000 0.000000 0.000000 21.000000 0.342800
56.000000 8.000000 0.000000 0.000000 21.000000 0.342800
56.000000 9.000000 0.000000 0.000000 21.000000 0.342800
56.000000 10.000000 0.000000 0.000000 21.000000 0.342800
56.000000 11.000000 0.000000 0.000000 21.000000 0.342800
56.000000 12.000000 0.000000 0.000000 21.000000 0.342800
56.000000 13.000000 0.000000 0.000000 21.000000 0.342800
56.000000 14.000000 0.000000 0.000000 21.000000 0.342800
56.000000 15.000000 0.000000 0.000000 21.000000 0.342800
56.000000 16.000000 0.000000 0.000000 21.000000 0.342800
56.000000 17.000000 0.000000 0.000000 21.000000 0.342800
56.000000 18.000000 0.000000 0.000000 21.000000 0.342800
56.000000 19.000000 0.000000 0.000000 21.000000 0.342800
56.000000 20.000000 0.000000 0.000000 21.000000 0.342800
56.000000 21.000000 0.000000 0.000000 21.000000 0.342800
56.000000 22.000000 0.000000 0.000000 21.000000 0.342800
56.000000 23.000000 0.000000 0.000000 21.000000 0.342800
56.000000 24.000000 0.000000 0.000000 21.000000 0.342800
56.000000 25.000000 0.000000 0.000000 21.000000 0.342800
56.000000 26.000000 0.000000 0.000000 21.000000 0.342800
56.000000 27.000000 0.000000 0.000000 21.000000 0.342800
56.000000 28.000000 0.000000 0.000000 21.000000 0.342800
56.000000 29.000000 0.000000 0.000000 21.000000 0.342800
56.000000 30.000000 0.000000 0.000000 21.000000 0.342800
56.000000 31.000000 0.000000 0.000000 21.000000 0.342800
56.000000 32.000000 0.000000 0.000000 21.000000 0.342800
56.000000 33.000000 0.000000 0.000000 21.000000 0.342800
56.000000 34.000000 0.000000 0.000000 21.000000 0.342800
56.000000 35.000000 0.000000 0.000000 21.000000 0.342800
56.000000 36.000000 0.000000 0.000000 21.000000 0.342800
56.000000 37.000000 0.000000 0.000000 21.000000 0.342800
56.000000 38.000000 0.000000 0.000000 21.000000 0.342800
56.000000 39.000000 0.000000 0.000000 21.000000 0.342800
56.000000 40.000000 0.000000 0.000000 21.000000 0.342800
56.000000 41.000000 0.000000 0.000000 21.000000 0.342800
56.000000 42.000000 0.000000 0.000000 21.000000 0.342800
56.000000 43.000000 0.000000 0.000000 21.000000 0.342800
56.000000 44.000000 0.000000 0.000000 21.000000 0.342800
56.000000 45.000000 0.000000 0.000000 21.000000 0.342800
56.000000 46.000000 0.000000 0.000000 21.000000 0.342800
56.000000 47.000000 0.000000 0.000000 21.000000 0.342800
56.000000 48.000000 0.000000 0.000000 21.000000 0.342800
56.000000 49.000000 0.000000 0.000000 21.000000 0.342800
57.000000 0.000000 0.000000 0.000000 21.000000 0.342800
57.000000 1.000000 0.000000 0.000000 21.000000 0.342800
57.000000 2.000000 0.000000 0.000000 21.000000 0.342800
57.000000 3.000000 0.000000 0.000000 21.000000 0.342800
57.000000 4.000000 0.000000 0.000000 21.000000 0.342800
57.000000 5.000000 0.000000 0.000000 21.000000 0.349560
57.000000 6.000000 0.000000 0.000000 21.000000 0.361470
57.000000 7.000000 0.000000 0.000000 21.000000 0.372246
57.000000 8.000000 0.000000 0.000000 21.000000 0.382551
57.000000 9.000000 0.000000 0.000000 20.105402 0.422084
57.000000 10.000000 0.000000 0.000000 18.607370 0.479196
57.000000 11.000000 0.000000 0.000000 17.870543 0.507144
57.000000 12.000000 0.000000 0.000000 16.154291 0.571793
57.000000 13.000000 0.025281 0.000000 12.743121 0.700129
57.000000 14.000000 0.182305 0.000000 8.703565 0.832963
57.000000 15.000000 0.219736 0.000000 7.456295 0.850885
57.000000 16.000000 0.467863 0.000000 1.182779 1.000000
57.000000 17.000000 0.434724 0.000000 2.153639 0.986956
57.000000 18.000000 0.452487 0.000000 2.314752 1.000000
57.000000 19.000000 0.483765 0.000000 1.263816 1.000000
57.000000 20.000000 0.491034 0.000000 0.827128 1.000000
57.000000 21.000000 0.355200 0.000000 3.724012 0.920402
57.000000 22.000000 0.274299 0.000000 6.247176 0.890701
57.000000 23.000000 0.158708 0.000000 9.156887 0.804181
57.000000 24.000000 0.021028 0.000000 12.505973 0.695856
57.000000 25.000000 0.000000 0.000000 13.701867 0.645106
57.000000 26.000000 0.000000 0.000000 16.121197 0.572562
57.000000 27.000000 0.000000 0.000000 15.130086 0.610149
57.000000 28.000000 0.000000 0.000000 13.451708 0.673572
57.000000 29.000000 0.003523 0.000000 13.215079 0.682645
57.000000 30.000000 0.059804 0.000000 11.997010 0.727603
57.000000 31.000000 0.130652 0.000000 10.134986 0.783749
57.000000 32.000000 0.116919 0.000000 9.894065 0.773169
57.000000 33.000000 0.097921 0.000000 10.066311 0.763887
57.000000 34.000000 0.083725 0.000000 10.740006 0.749657
57.000000 35.000000 0.032825 0.000000 11.921217 0.709074
57.000000 36.000000 0.000000 0.000000 14.045546 0.639581
57.000000 37.000000 0.665727 0.000000 0.000000 1.000000
57.000000 38.000000 0.000000 0.000000 17.281902 0.376472
57.000000 39.000000 0.000000 0.000000 16.736359 0.549533
57.000000 40.000000 0.000000 0.000000 16.807167 0.546926
57.000000 41.000000 0.000000 0.000000 16.546970 0.556879
57.000000 42.000000 0.000000 0.000000 15.947583 0.579506
57.000000 43.000000 0.000000 0.000000 15.920681 0.580765
57.000000 44.000000 0.000000 0.000000 15.238379 0.606552
57.000000 45.000000 0.000000 0.000000 14.575322 0.631433
57.000000 46.000000 0.000000 0.000000 14.457903 0.635923
57.000000 47.000000 0.731597 0.000000 0.000000 1.000000
57.000000 48.000000 0.000000 0.000000 14.722942 0.456484
57.000000 49.000000 0.004121 0.000000 13.179402 0.683125
58.000000 0.000000 0.000000 0.000000 21.000000 0.342800
58.000000 1.000000 0.000000 0.000000 21.000000 0.342800
58.000000 2.000000 0.000000 0.000000 21.000000 0.342800
58.000000 3.000000 0.000000 0.000000 21.000000 0.344894
58.000000 4.000000 0.000000 0.000000 21.000000 0.345371
58.000000 5.000000 0.000000 0.000000 21.000000 0.345371
58.000000 6.000000 0.000000 0.000000 21.000000 0.345371
58.000000 7.000000 0.000000 0.000000 21.000000 0.345371
58.000000 8.000000 0.000000 0.000000 21.000000 0.342800
58.000000 9.000000 0.000000 0.000000 21.000000 0.342800
58.000000 10.000000 0.000000 0.000000 21.000000 0.342800
58.000000 11.000000 0.000000 0.000000 21.000000 0.342800
58.000000 12.000000 0.000000 0.000000 21.000000 0.342800
58.000000 13.000000 0.000000 0.000000 21.000000 0.342800
58.000000 14.000000 0.000000 0.000000 21.000000 0.342800
58.000000 15.000000 0.000000 0.000000 21.000000 0.342800
58.000000 16.000000 0.000000 0.000000 21.000000 0.342800
58.000000 17.000000 0.000000 0.000000 21.000000 0.342800
58.000000 18.000000 0.000000 0.000000 21.000000 0.342800
58.000000 19.000000 0.000000 0.000000 21.000000 0.342800
58.000000 20.000000 0.000000 0.000000 21.000000 0.342800
58.000000 21.000000 0.000000 0.000000 21.000000 0.342800
58.000000 22.000000 0.000000 0.000000 21.000000 0.342800
58.000000 23.000000 0.000000 0.000000 21.000000 0.342800
58.000000 24.000000 0.000000 0.000000 21.000000 0.342800
58.000000 25.000000 0.000000 0.000000 21.000000 0.342800
58.000000 26.000000 0.000000 0.000000 21.000000 0.342800
58.000000 27.000000 0.000000 0.000000 21.000000 0.342800
58.000000 28.000000 0.000000 0.000000 21.000000 0.342800
58.000000 29.000000 0.000000 0.000000 21.000000 0.342800
58.000000 30.000000 0.000000 0.000000 21.000000 0.342800
58.000000 31.000000 0.000000 0.000000 21.000000 0.342800
58.000000 32.000000 0.000000 0.000000 21.000000 0.342800
58.000000 33.000000 0.000000 0.000000 21.000000 0.342800
58.000000 34.000000 0.000000 0.000000 21.000000 0.342800
58.000000 35.000000 0.000000 0.000000 21.000000 0.342800
58.000000 36.000000 0.000000 0.000000 21.000000 0.342800
58.000000 37.000000 0.000000 0.000000 21.000000 0.342800
58.000000 38.000000 0.000000 0.000000 21.000000 0.342800
58.000000 39.000000 0.000000 0.000000 21.000000 0.342800
58.000000 40.000000 0.000000 0.000000 21.000000 0.342800
58.000000 41.000000 0.000000 0.000000 21.000000 0.342800
58.000000 42.000000 0.000000 0.000000 21.000000 0.342800
58.000000 43.000000 0.000000 0.000000 21.000000 0.342800
58.000000 44.000000 0.000000 0.000000 21.000000 0.342800
58.000000 45.000000 0.000000 0.000000 21.000000 0.342800
58.000000 46.000000 0.000000 0.000000 21.000000 0.342800
58.000000 47.000000 0.000000 0.000000 21.000000 0.342800
58.000000 48.000000 0.000000 0.000000 21.000000 0.342800
58.000000 49.000000 0.000000 0.000000 21.000000 0.342800
59.000000 0.000000 0.000000 0.000000 21.000000 0.342800
59.000000 1.000000 0.000000 0.000000 21.000000 0.342800
59.000000 2.000000 0.000000 0.000000 21.000000 0.342800
59.000000 3.000000 0.000000 0.000000 21.000000 0.345371
59.000000 4.000000 0.000000 0.000000 21.000000 0.345371
59.000000 5.000000 0.000000 0.000000 21.000000 0.345371
59.000000 6.000000 0.000000 0.000000 21.000000 0.345371
59.000000 7.000000 0.000000 0.000000 21.000000 0.345371
59.000000 8.000000 0.000000 0.000000 21.000000 0.345371
59.000000 9.000000 0.000000 0.000000 21.000000 0.342800
59.000000 10.000000 0.000000 0.000000 21.000000 0.344894
59.000000 11.000000 0.000000 0.000000 21.000000 0.345371
59.000000 12.000000 0.000000 0.000000 21.000000 0.345371
59.000000 13.000000 0.000000 0.000000 21.000000 0.345371
59.000000 14.000000 0.000000 0.000000 21.000000 0.345371
59.000000 15.000000 0.000000 0.000000 21.000000 0.342800
59.000000 16.000000 0.000000 0.000000 21.000000 0.342800
59.000000 17.000000 0.000000 0.000000 21.000000 0.342800
59.000000 18.000000 0.000000 0.000000 21.000000 0.342800
59.000000 19.000000 0.000000 0.000000 21.000000 0.342800
59.000000 20.000000 0.000000 0.000000 21.000000 0.342800
59.000000 21.000000 0.000000 0.000000 21.000000 0.342800
59.000000 22.000000 0.000000 0.000000 21.000000 0.342800
59.000000 23.000000 0.000000 0.000000 21.000000 0.342800
59.000000 24.000000 0.000000 0.000000 21.000000 0.342800
59.000000 25.000000 0.000000 0.000000 21.000000 0.342800
59.000000 26.000000 0.000000 0.000000 21.000000 0.342800
59.000000 27.000000 0.000000 0.000000 21.000000 0.342800
59.000000 28.000000 0.000000 0.000000 21.000000 0.342800
59.000000 29.000000 0.000000 0.000000 21.000000 0.342800
59.000000 30.000000 0.000000 0.000000 21.000000 0.342800
59.000000 31.000000 0.000000 0.000000 21.000000 0.342800
59.000000 32.000000 0.000000 0.000000 21.000000 0.342800
59.000000 33.000000 0.000000 0.000000 21.000000 0.342800
59.000000 34.000000 0.000000 0.000000 21.000000 0.342800
59.000000 35.000000 0.000000 0.000000 21.000000 0.342800
59.000000 36.000000 0.000000 0.000000 21.000000 0.342800
59.000000 37.000000 0.000000 0.000000 21.000000 0.342800
59.000000 38.000000 0.000000 0.000000 21.000000 0.342800
59.000000 39.000000 0.000000 0.000000 21.000000 0.342800
59.000000 40.000000 0.000000 0.000000 21.000000 0.342800
59.000000 41.000000 0.000000 0.000000 21.000000 0.342800
59.000000 42.000000 0.000000 0.000000 21.000000 0.342800
59.000000 43.000000 0.000000 0.000000 21.000000 0.342800
59.000000 44.000000 0.000000 0.000000 21.000000 0.342800
59.000000 45.000000 0.000000 0.000000 21.000000 0.342800
59.000000 46.000000 0.000000 0.000000 21.000000 0.342800
59.000000 47.000000 0.000000 0.000000 21.000000 0.342800
59.000000 48.000000 0.000000 0.000000 21.000000 0.342800
59.000000 49.000000 0.000000 0.000000 21.000000 0.342800
60.000000 0.000000 0.000000 0.000000 21.000000 0.342800
60.000000 1.000000 0.000000 0.000000 21.000000 0.342800
60.000000 2.000000 0.000000 0.000000 21.000000 0.342800
60.000000 3.000000 0.000000 0.000000 21.000000 0.345371
60.000000 4.000000 0.000000 0.000000 21.000000 0.345371
60.000000 5.000000 0.000000 0.000000 21.000000 0.345371
60.000000 6.000000 0.000000 0.000000 21.000000 0.345371
60.000000 7.000000 0.000000 0.000000 21.000000 0.345371
60.000000 8.000000 0.000000 0.000000 21.000000 0.342800
60.000000 9.000000 0.000000 0.000000 21.000000 0.342800
60.000000 10.000000 0.000000 0.000000 21.000000 0.342800
60.000000 11.000000 0.000000 0.000000 21.000000 0.342800
60.000000 12.000000 0.000000 0.000000 21.000000 0.342800
60.000000 13.000000 0.000000 0.000000 21.000000 0.342800
60.000000 14.000000 0.000000 0.000000 21.000000 0.342800
60.000000 15.000000 0.000000 0.000000 21.000000 0.342800
60.000000 16.000000 0.000000 0.000000 21.000000 0.342800
60.000000 17.000000 0.000000 0.000000 21.000000 0.342800
60.000000 18.000000 0.000000 0.000000 21.000000 0.342800
60.000000 19.000000 0.000000 0.000000 21.000000 0.342800
60.000000 20.000000 0.000000 0.000000 21.000000 0.342800
60.000000 21.000000 0.000000 0.000000 21.000000 0.342800
60.000000 22.000000 0.000000 0.000000 21.000000 0.342800
60.000000 23.000000 0.000000 0.000000 21.000000 0.342800
60.000000 24.000000 0.000000 0.000000 21.000000 0.342800
60.000000 25.000000 0.000000 0.000000 21.000000 0.342800
60.000000 26.000000 0.000000 0.000000 21.000000 0.342800
60.000000 27.000000 0.000000 0.000000 21.000000 0.342800
60.000000 28.000000 0.000000 0.000000 21.000000 0.342800
60.000000 29.000000 0.000000 0.000000 21.000000 0.342800
60.000000 30.000000 0.000000 0.000000 21.000000 0.342800
60.000000 31.000000 0.000000 0.000000 21.000000 0.342800
60.000000 32.000000 0.000000 0.000000 21.000000 0.342800
60.000000 33.000000 0.000000 0.000000 21.000000 0.342800
60.000000 34.000000 0.000000 0.000000 21.000000 0.342800
60.000000 35.000000 0.000000 0.000000 21.000000 0.342800
60.000000 36.000000 0.000000 0.000000 21.000000 0.342800
60.000000 37.000000 0.000000 0.000000 21.000000 0.342800
60.000000 38.000000 0.000000 0.000000 21.000000 0.342800
60.000000 39.000000 0.000000 0.000000 21.000000 0.342800
60.000000 40.000000 0.000000 0.000000 21.000000 0.342800
60.000000 41.000000 0.000000 0.000000 21.000000 0.342800
60.000000 42.000000 0.000000 0.000000 21.000000 0.342800
60.000000 43.000000 0.000000 0.000000 21.000000 0.342800
60.000000 44.000000 0.000000 0.000000 21.000000 0.342800
60.000000 45.000000 0.000000 0.000000 21.000000 0.342800
60.000000 46.000000 0.000000 0.000000 21.000000 0.342800
60.000000 47.000000 0.000000 0.000000 21.000000 0.342800
60.000000 48.000000 0.000000 0.000000 21.000000 0.342800
60.000000 49.000000 0.000000 0.000000 21.000000 0.342800
61.000000 0.000000 0.000000 0.000000 21.000000 0.342800
61.000000 1.000000 0.000000 0.000000 21.000000 0.342800
61.000000 2.000000 0.000000 0.000000 21.000000 0.342800
61.000000 3.000000 0.000000 0.000000 21.000000 0.344894
61.000000 4.000000 0.000000 0.000000 21.000000 0.345371
61.000000 5.000000 0.000000 0.000000 21.000000 0.347466
61.000000 6.000000 0.000000 0.000000 21.000000 0.347943
61.000000 7.000000 0.000000 0.000000 21.000000 0.345371
61.000000 8.000000 0.000000 0.000000 21.000000 0.345371
61.000000 9.000000 0.000000 0.000000 21.000000 0.345371
61.000000 10.000000 0.000000 0.000000 21.000000 0.345371
61.000000 11.000000 0.000000 0.000000 21.000000 0.342800
61.000000 12.000000 0.000000 0.000000 21.000000 0.342800
61.000000 13.000000 0.000000 0.000000 21.000000 0.342800
61.000000 14.000000 0.000000 0.000000 21.000000 0.342800
61.000000 15.000000 0.000000 0.000000 21.000000 0.342800
61.000000 16.000000 0.000000 0.000000 21.000000 0.342800
61.000000 17.000000 0.000000 0.000000 21.000000 0.342800
61.000000 18.000000 0.000000 0.000000 21.000000 0.342800
61.000000 19.000000 0.000000 0.000000 21.000000 0.342800
61.000000 20.000000 0.000000 0.000000 21.000000 0.342800
61.000000 21.000000 0.000000 0.000000 21.000000 0.342800
61.000000 22.000000 0.000000 0.000000 21.000000 0.342800
61.000000 23.000000 0.000000 0.000000 21.000000 0.342800
61.000000 24.000000 0.000000 0.000000 21.000000 0.342800
61.000000 25.000000 0.000000 0.000000 21.000000 0.342800
61.000000 26.000000 0.000000 0.000000 21.000000 0.342800
61.000000 27.000000 0.000000 0.000000 21.000000 0.342800
61.000000 28.000000 0.000000 0.000000 21.000000 0.342800
61.000000 29.000000 0.000000 0.000000 21.000000 0.342800
61.000000 30.000000 0.000000 0.000000 21.000000 0.342800
61.000000 31.000000 0.000000 0.000000 21.000000 0.342800
61.000000 32.000000 0.000000 0.000000 21.000000 0.342800
61.000000 33.000000 0.000000 0.000000 21.000000 0.342800
61.000000 34.000000 0.000000 0.000000 21.000000 0.342800
61.000000 35.000000 0.000000 0.000000 21.000000 0.342800
61.000000 36.000000 0.000000 0.000000 21.000000 0.342800
61.000000 37.000000 0.000000 0.000000 21.000000 0.342800
61.000000 38.000000 0.000000 0.000000 21.000000 0.342800
61.000000 39.000000 0.000000 0.000000 21.000000 0.342800
61.000000 40.000000 0.000000 0.000000 21.000000 0.342800
61.000000 41.000000 0.000000 0.000000 21.000000 0.342800
61.000000 42.000000 0.000000 0.000000 21.000000 0.342800
61.000000 43.000000 0.000000 0.000000 21.000000 0.342800
61.000000 44.000000 0.000000 0.000000 21.000000 0.342800
61.000000 45.000000 0.000000 0.000000 21.000000 0.342800
61.000000 46.000000 0.000000 0.000000 21.000000 0.342800
61.000000 47.000000 0.000000 0.000000 21.000000 0.342800
61.000000 48.000000 0.000000 0.000000 21.000000 0.342800
61.000000 49.000000 0.000000 0.000000 21.000000 0.342800
62.000000 0.000000 0.000000 0.000000 21.000000 0.342800
62.000000 1.000000 0.000000 0.000000 21.000000 0.342800
62.000000 2.000000 0.000000 0.000000 21.000000 0.344894
62.000000 3.000000 0.000000 0.000000 21.000000 0.345371
62.000000 4.000000 0.000000 0.000000 21.000000 0.345371
62.000000 5.000000 0.000000 0.000000 21.000000 0.345371
62.000000 6.000000 0.000000 0.000000 21.000000 0.345371
62.000000 7.000000 0.000000 0.000000 21.000000 0.342800
62.000000 8.000000 0.000000 0.000000 21.000000 0.342800
62.000000 9.000000 0.000000 0.000000 21.000000 0.342800
62.000000 10.000000 0.000000 0.000000 21.000000 0.342800
62.000000 11.000000 0.000000 0.000000 21.000000 0.342800
62.000000 12.000000 0.000000 0.000000 21.000000 0.342800
62.000000 13.000000 0.000000 0.000000 21.000000 0.342800
62.000000 14.000000 0.000000 0.000000 21.000000 0.342800
62.000000 15.000000 0.000000 0.000000 21.000000 0.342800
62.000000 16.000000 0.000000 0.000000 21.000000 0.342800
62.000000 17.000000 0.000000 0.000000 21.000000 0.342800
62.000000 18.000000 0.000000 0.000000 21.000000 0.342800
62.000000 19.000000 0.000000 0.000000 21.000000 0.342800
62.000000 20.000000 0.000000 0.000000 21.000000 0.342800
62.000000 21.000000 0.000000 0.000000 21.000000 0.342800
62.000000 22.000000 0.000000 0.000000 21.000000 0.342800
62.000000 23.000000 0.000000 0.000000 21.000000 0.342800
62.000000 24.000000 0.000000 0.000000 21.000000 0.342800
62.000000 25.000000 0.000000 0.000000 21.000000 0.342800
62.000000 26.000000 0.000000 0.000000 21.000000 0.342800
62.000000 27.000000 0.000000 0.000000 21.000000 0.342800
62.000000 28.000000 0.000000 0.000000 21.000000 0.342800
62.000000 29.000000 0.000000 0.000000 21.000000 0.342800
62.000000 30.000000 0.000000 0.000000 21.000000 0.342800
62.000000 31.000000 0.000000 0.000000 21.000000 0.342800
62.000000 32.000000 0.000000 0.000000 21.000000 0.342800
62.000000 33.000000 0.000000 0.000000 21.000000 0.342800
62.000000 34.000000 0.000000 0.000000 21.000000 0.342800
62.000000 35.000000 0.000000 0.000000 21.000000 0.342800
62.000000 36.000000 0.000000 0.000000 21.000000 0.342800
62.000000 37.000000 0.000000 0.000000 21.000000 0.342800
62.000000 38.000000 0.000000 0.000000 21.000000 0.342800
62.000000 39.000000 0.000000 0.000000 21.000000 0.342800
62.000000 40.000000 0.000000 0.000000 21.000000 0.342800
62.000000 41.000000 0.000000 0.000000 21.000000 0.342800
62.000000 42.000000 0.000000 0.000000 21.000000 0.342800
62.000000 43.000000 0.000000 0.000000 21.000000 0.342800
62.000000 44.000000 0.000000 0.000000 21.000000 0.342800
62.000000 45.000000 0.000000 0.000000 21.000000 0.342800
62.000000 46.000000 0.000000 0.000000 21.000000 0.342800
62.000000 47.000000 0.000000 0.000000 21.000000 0.342800
62.000000 48.000000 0.000000 0.000000 21.000000 0.342800
62.000000 49.000000 0.000000 0.000000 21.000000 0.342800
63.000000 0.000000 0.000000 0.000000 21.000000 0.342800
63.000000 1.000000 0.000000 0.000000 21.000000 0.342800
63.000000 2.000000 0.000000 0.000000 21.000000 0.342800
63.000000 3.000000 0.000000 0.000000 21.000000 0.345371
63.000000 4.000000 0.000000 0.000000 21.000000 0.345371
63.000000 5.000000 0.000000 0.000000 21.000000 0.345371
63.000000 6.000000 0.000000 0.000000 21.000000 0.345371
63.000000 7.000000 0.000000 0.000000 21.000000 0.345371
63.000000 8.000000 0.000000 0.000000 21.000000 0.342800
63.000000 9.000000 0.000000 0.000000 21.000000 0.342800
63.000000 10.000000 0.000000 0.000000 21.000000 0.342800
63.000000 11.000000 0.000000 0.000000 21.000000 0.342800
63.000000 12.000000 0.000000 0.000000 21.000000 0.342800
63.000000 13.000000 0.000000 0.000000 21.000000 0.342800
63.000000 14.000000 0.000000 0.000000 21.000000 0.342800
63.000000 15.000000 0.000000 0.000000 21.000000 0.342800
63.000000 16.000000 0.000000 0.000000 21.000000 0.342800
63.000000 17.000000 0.000000 0.000000 21.000000 0.342800
63.000000 18.000000 0.000000 0.000000 21.000000 0.342800
63.000000 19.000000 0.000000 0.000000 21.000000 0.342800
63.000000 20.000000 0.000000 0.000000 21.000000 0.342800
63.000000 21.000000 0.000000 0.000000 21.000000 0.342800
63.000000 22.000000 0.000000 0.000000 21.000000 0.342800
63.000000 23.000000 0.000000 0.000000 21.000000 0.342800
63.000000 24.000000 0.000000 0.000000 21.000000 0.342800
63.000000 25.000000 0.000000 0.000000 21.000000 0.342800
63.000000 26.000000 0.000000 0.000000 21.000000 0.342800
63.000000 27.000000 0.000000 0.000000 21.000000 0.342800
63.000000 28.000000 0.000000 0.000000 21.000000 0.342800
63.000000 29.000000 0.000000 0.000000 21.000000 0.342800
63.000000 30.000000 0.000000 0.000000 21.000000 0.342800
63.000000 31.000000 0.000000 0.000000 21.000000 0.342800
63.000000 32.000000 0.000000 0.000000 21.000000 0.342800
63.000000 33.000000 0.000000 0.000000 21.000000 0.342800
63.000000 34.000000 0.000000 0.000000 21.000000 0.342800
63.000000 35.000000 0.000000 0.000000 21.000000 0.342800
63.000000 36.000000 0.000000 0.000000 21.000000 0.342800
63.000000 37.000000 0.000000 0.000000 21.000000 0.342800
63.000000 38.000000 0.000000 0.000000 21.000000 0.342800
63.000000 39.000000 0.000000 0.000000 21.000000 0.342800
63.000000 40.000000 0.000000 0.000000 21.000000 0.342800
63.000000 41.000000 0.000000 0.000000 21.000000 0.342800
63.000000 42.000000 0.000000 0.000000 21.000000 0.342800
63.000000 43.000000 0.000000 0.000000 21.000000 0.342800
63.000000 44.000000 0.000000 0.000000 21.000000 0.342800
63.000000 45.000000 0.000000 0.000000 21.000000 0.342800
63.000000 46.000000 0.000000 0.000000 21.000000 0.342800
63.000000 47.000000 0.000000 0.000000 21.000000 0.342800
63.000000 48.000000 0.000000 0.000000 21.000000 0.342800
63.000000 49.000000 0.000000 0.000000 21.000000 0.342800
64.000000 0.000000 0.000000 0.000000 21.000000 0.342800
64.000000 1.000000 0.000000 0.000000 21.000000 0.342800
64.000000 2.000000 0.000000 0.000000 21.000000 0.342800
64.000000 3.000000 0.000000 0.000000 21.000000 0.342800
64.000000 4.000000 0.000000 0.000000 21.000000 0.342800
64.000000 5.000000 0.000000 0.000000 21.000000 0.342800
64.000000 6.000000 0.000000 0.000000 21.000000 0.342800
64.000000 7.000000 0.000000 0.000000 21.000000 0.342800
64.000000 8.000000 0.000000 0.000000 21.000000 0.342800
64.000000 9.000000 0.000000 0.000000 21.000000 0.342800
64.000000 10.000000 0.000000 0.000000 21.000000 0.342800
64.000000 11.000000 0.000000 0.000000 21.000000 0.342800
64.000000 12.000000 0.000000 0.000000 21.000000 0.342800
64.000000 13.000000 0.000000 0.000000 21.000000 0.342800
64.000000 14.000000 0.000000 0.000000 21.000000 0.342800
64.000000 15.000000 0.000000 0.000000 21.000000 0.342800
64.000000 16.000000 0.000000 0.000000 21.000000 0.342800
64.000000 17.000000 0.000000 0.000000 21.000000 0.342800
64.000000 18.000000 0.000000 0.000000 21.000000 0.342800
64.000000 19.000000 0.000000 0.000000 21.000000 0.342800
64.000000 20.000000 0.000000 0.000000 21.000000 0.342800
64.000000 21.000000 0.000000 0.000000 21.000000 0.342800
64.000000 22.000000 0.000000 0.000000 21.000000 0.342800
64.000000 23.000000 0.000000 0.000000 21.000000 0.342800
64.000000 24.000000 0.000000 0.000000 21.000000 0.342800
64.000000 25.000000 0.000000 0.000000 21.000000 0.342800
64.000000 26.000000 0.000000 0.000000 21.000000 0.342800
64.000000 27.000000 0.000000 0.000000 21.000000 0.342800
64.000000 28.000000 0.000000 0.000000 21.000000 0.342800
64.000000 29.000000 0.000000 0.000000 21.000000 0.342800
64.000000 30.000000 0.000000 0.000000 21.000000 0.342800
64.000000 31.000000 0.000000 0.000000 21.000000 0.342800
64.000000 32.000000 0.000000 0.000000 21.000000 0.342800
64.000000 33.000000 0.000000 0.000000 21.000000 0.342800
64.000000 34.000000 0.000000 0.000000 21.000000 0.342800
64.000000 35.000000 0.000000 0.000000 21.000000 0.342800
64.000000 36.000000 0.000000 0.000000 21.000000 0.342800
64.000000 37.000000 0.000000 0.000000 21.000000 0.342800
64.000000 38.000000 0.000000 0.000000 21.000000 0.342800
64.000000 39.000000 0.000000 0.000000 21.000000 0.342800
64.000000 40.000000 0.000000 0.000000 21.000000 0.342800
64.000000 41.000000 0.000000 0.000000 21.000000 0.342800
64.000000 42.000000 0.000000 0.000000 21.000000 0.342800
64.000000 43.000000 0.000000 0.000000 21.000000 0.342800
64.000000 44.000000 0.000000 0.000000 21.000000 0.342800
64.000000 45.000000 0.000000 0.000000 21.000000 0.342800
64.000000 46.000000 0.000000 0.000000 21.000000 0.342800
64.000000 47.000000 0.000000 0.000000 21.000000 0.342800
64.000000 48.000000 0.000000 0.000000 21.000000 0.342800
64.000000 49.000000 0.000000 0.000000 21.000000 0.342800
65.000000 0.000000 0.000000 0.000000 21.000000 0.342800
65.000000 1.000000 0.000000 0.000000 21.000000 0.342800
65.000000 2.000000 0.000000 0.000000 21.000000 0.342800
65.000000 3.000000 0.000000 0.000000 21.000000 0.345371
65.000000 4.000000 0.000000 0.000000 21.000000 0.345371
65.000000 5.000000 0.000000 0.000000 21.000000 0.345371
65.000000 6.000000 0.000000 0.000000 21.000000 0.345371
65.000000 7.000000 0.000000 0.000000 21.000000 0.345371
65.000000 8.000000 0.000000 0.000000 21.000000 0.345371
65.000000 9.000000 0.000000 0.000000 21.000000 0.345371
65.000000 10.000000 0.000000 0.000000 21.000000 0.342800
65.000000 11.000000 0.000000 0.000000 21.000000 0.342800
65.000000 12.000000 0.000000 0.000000 21.000000 0.342800
65.000000 13.000000 0.000000 0.000000 21.000000 0.342800
65.000000 14.000000 0.000000 0.000000 21.000000 0.342800
65.000000 15.000000 0.000000 0.000000 21.000000 0.342800
65.000000 16.000000 0.000000 0.000000 21.000000 0.342800
65.000000 17.000000 0.000000 0.000000 21.000000 0.342800
65.000000 18.000000 0.000000 0.000000 21.000000 0.342800
65.000000 19.000000 0.000000 0.000000 21.000000 0.342800
65.000000 20.000000 0.000000 0.000000 21.000000 0.342800
65.000000 21.000000 0.000000 0.000000 21.000000 0.342800
65.000000 22.000000 0.000000 0.000000 21.000000 0.342800
65.000000 23.000000 0.000000 0.000000 21.000000 0.342800
65.000000 24.000000 0.000000 0.000000 21.000000 0.342800
65.000000 25.000000 0.000000 0.000000 21.000000 0.342800
65.000000 26.000000 0.000000 0.000000 21.000000 0.342800
65.000000 27.000000 0.000000 0.000000 21.000000 0.342800
65.000000 28.000000 0.000000 0.000000 21.000000 0.342800
65.000000 29.000000 0.000000 0.000000 21.000000 0.342800
65.000000 30.000000 0.000000 0.000000 21.000000 0.342800
65.000000 31.000000 0.000000 0.000000 21.000000 0.342800
65.000000 32.000000 0.000000 0.000000 21.000000 0.342800
65.000000 33.000000 0.000000 0.000000 21.000000 0.342800
65.000000 34.000000 0.000000 0.000000 21.000000 0.342800
65.000000 35.000000 0.000000 0.000000 21.000000 0.342800
65.000000 36.000000 0.000000 0.000000 21.000000 0.342800
65.000000 37.000000 0.000000 0.000000 21.000000 0.342800
65.000000 38.000000 0.000000 0.000000 21.000000 0.342800
65.000000 39.000000 0.000000 0.000000 21.000000 0.342800
65.000000 40.000000 0.000000 0.000000 21.000000 0.342800
65.000000 41.000000 0.000000 0.000000 21.000000 0.342800
65.000000 42.000000 0.000000 0.000000 21.000000 0.342800
65.000000 43.000000 0.000000 0.000000 21.000000 0.342800
65.000000 44.000000 0.000000 0.000000 21.000000 0.342800
65.000000 45.000000 0.000000 0.000000 21.000000 0.342800
65.000000 46.000000 0.000000 0.000000 21.000000 0.342800
65.000000 47.000000 0.000000 0.000000 21.000000 0.342800
65.000000 48.000000 0.000000 0.000000 21.000000 0.342800
65.000000 49.000000 0.000000 0.000000 21.000000 0.342800
66.000000 0.000000 0.000000 0.000000 21.000000 0.342800
66.000000 1.000000 0.000000 0.000000 21.000000 0.342800
66.000000 2.000000 0.000000 0.000000 21.000000 0.342800
66.000000 3.000000 0.000000 0.000000 21.000000 0.342800
66.000000 4.000000 0.000000 0.000000 21.000000 0.342800
66.000000 5.000000 0.000000 0.000000 21.000000 0.342800
66.000000 6.000000 0.000000 0.000000 21.000000 0.342800
66.000000 7.000000 0.000000 0.000000 21.000000 0.349560
66.000000 8.000000 0.000000 0.000000 21.000000 0.350515
66.000000 9.000000 0.000000 0.000000 21.000000 0.350515
66.000000 10.000000 0.000000 0.000000 21.000000 0.350515
66.000000 11.000000 0.000000 0.000000 21.000000 0.347943
66.000000 12.000000 0.000000 0.000000 21.000000 0.345371
66.000000 13.000000 0.000000 0.000000 21.000000 0.342800
66.000000 14.000000 0.000000 0.000000 21.000000 0.342800
66.000000 15.000000 0.000000 0.000000 21.000000 0.342800
66.000000 16.000000 0.000000 0.000000 21.000000 0.342800
66.000000 17.000000 0.000000 0.000000 21.000000 0.342800
66.000000 18.000000 0.000000 0.000000 21.000000 0.342800
66.000000 19.000000 0.000000 0.000000 21.000000 0.342800
66.000000 20.000000 0.000000 0.000000 21.000000 0.342800
66.000000 21.000000 0.000000 0.000000 21.000000 0.342800
66.000000 22.000000 0.000000 0.000000 21.000000 0.342800
66.000000 23.000000 0.000000 0.000000 21.000000 0.342800
66.000000 24.000000 0.000000 0.000000 21.000000 0.342800
66.000000 25.000000 0.000000 0.000000 21.000000 0.342800
66.000000 26.000000 0.000000 0.000000 21.000000 0.342800
66.000000 27.000000 0.000000 0.000000 21.000000 0.342800
66.000000 28.000000 0.000000 0.000000 21.000000 0.342800
66.000000 29.000000 0.000000 0.000000 21.000000 0.342800
66.000000 30.000000 0.000000 0.000000 21.000000 0.342800
66.000000 31.000000 0.000000 0.000000 21.000000 0.342800
66.000000 32.000000 0.000000 0.000000 21.000000 0.342800
66.000000 33.000000 0.000000 0.000000 21.000000 0.342800
66.000000 34.000000 0.000000 0.000000 21.000000 0.342800
66.000000 35.000000 0.000000 0.000000 21.000000 0.342800
66.000000 36.000000 0.000000 0.000000 21.000000 0.342800
66.000000 37.000000 0.000000 0.000000 21.000000 0.342800
66.000000 38.000000 0.000000 0.000000 21.000000 0.342800
66.000000 39.000000 0.000000 0.000000 21.000000 0.342800
66.000000 40.000000 0.000000 0.000000 21.000000 0.342800
66.000000 41.000000 0.000000 0.000000 21.000000 0.342800
66.000000 42.000000 0.000000 0.000000 21.000000 0.342800
66.000000 43.000000 0.000000 0.000000 21.000000 0.342800
66.000000 44.000000 0.000000 0.000000 21.000000 0.342800
66.000000 45.000000 0.000000 0.000000 21.000000 0.342800
66.000000 46.000000 0.000000 0.000000 21.000000 0.342800
66.000000 47.000000 0.000000 0.000000 21.000000 0.342800
66.000000 48.000000 0.000000 0.000000 21.000000 0.342800
66.000000 49.000000 0.000000 0.000000 21.000000 0.342800
67.000000 0.000000 0.000000 0.000000 21.000000 0.342800
67.000000 1.000000 0.000000 0.000000 21.000000 0.342800
67.000000 2.000000 0.000000 0.000000 21.000000 0.344894
67.000000 3.000000 0.000000 0.000000 21.000000 0.345371
67.000000 4.000000 0.000000 0.000000 21.000000 0.345371
67.000000 5.000000 0.000000 0.000000 21.000000 0.345371
67.000000 6.000000 0.000000 0.000000 21.000000 0.345371
67.000000 7.000000 0.000000 0.000000 21.000000 0.342800
67.000000 8.000000 0.000000 0.000000 21.000000 0.342800
67.000000 9.000000 0.000000 0.000000 21.000000 0.342800
67.000000 10.000000 0.000000 0.000000 21.000000 0.342800
67.000000 11.000000 0.000000 0.000000 21.000000 0.342800
67.000000 12.000000 0.000000 0.000000 21.000000 0.342800
67.000000 13.000000 0.000000 0.000000 21.000000 0.342800
67.000000 14.000000 0.000000 0.000000 21.000000 0.342800
67.000000 15.000000 0.000000 0.000000 21.000000 0.342800
67.000000 16.000000 0.000000 0.000000 21.000000 0.342800
67.000000 17.000000 0.000000 0.000000 21.000000 0.342800
67.000000 18.000000 0.000000 0.000000 21.000000 0.342800
67.000000 19.000000 0.000000 0.000000 21.000000 0.342800
67.000000 20.000000 0.000000 0.000000 21.000000 0.342800
67.000000 21.000000 0.000000 0.000000 21.000000 0.342800
67.000000 22.000000 0.000000 0.000000 21.000000 0.342800
67.000000 23.000000 0.000000 0.000000 21.000000 0.342800
67.000000 24.000000 0.000000 0.000000 21.000000 0.342800
67.000000 25.000000 0.000000 0.000000 21.000000 0.342800
67.000000 26.000000 0.000000 0.000000 21.000000 0.342800
67.000000 27.000000 0.000000 0.000000 21.000000 0.342800
67.000000 28.000000 0.000000 0.000000 21.000000 0.342800
67.000000 29.000000 0.000000 0.000000 21.000000 0.342800
67.000000 30.000000 0.000000 0.000000 21.000000 0.342800
67.000000 31.000000 0.000000 0.000000 21.000000 0.342800
67.000000 32.000000 0.000000 0.000000 21.000000 0.342800
67.000000 33.000000 0.000000 0.000000 21.000000 0.342800
67.000000 34.000000 0.000000 0.000000 21.000000 0.342800
67.000000 35.000000 0.000000 0.000000 21.000000 0.342800
67.000000 36.000000 0.000000 0.000000 21.000000 0.342800
67.000000 37.000000 0.000000 0.000000 21.000000 0.342800
67.000000 38.000000 0.000000 0.000000 21.000000 0.342800
67.000000 39.000000 0.000000 0.000000 21.000000 0.342800
67.000000 40.000000 0.000000 0.000000 21.000000 0.342800
67.000000 41.000000 0.000000 0.000000 21.000000 0.342800
67.000000 42.000000 0.000000 0.000000 21.000000 0.342800
67.000000 43.000000 0.000000 0.000000 21.000000 0.342800
67.000000 44.000000 0.000000 0.000000 21.000000 0.342800
67.000000 45.000000 0.000000 0.000000 21.000000 0.342800
67.000000 46.000000 0.000000 0.000000 21.000000 0.342800
67.000000 47.000000 0.000000 0.000000 21.000000 0.342800
67.000000 48.000000 0.000000 0.000000 21.000000 0.342800
67.000000 49.000000 0.000000 0.000000 21.000000 0.342800
68.000000 0.000000 0.000000 0.000000 21.000000 0.342800
68.000000 1.000000 0.000000 0.000000 21.000000 0.342800
68.000000 2.000000 0.000000 0.000000 21.000000 0.342800
68.000000 3.000000 0.000000 0.000000 21.000000 0.342800
68.000000 4.000000 0.000000 0.000000 21.000000 0.345371
68.000000 5.000000 0.000000 0.000000 21.000000 0.345371
68.000000 6.000000 0.000000 0.000000 21.000000 0.347466
68.000000 7.000000 0.000000 0.000000 21.000000 0.352610
68.000000 8.000000 0.000000 0.000000 21.000000 0.355660
68.000000 9.000000 0.000000 0.000000 21.000000 0.362903
68.000000 10.000000 0.000000 0.000000 21.000000 0.370149
68.000000 11.000000 0.000000 0.000000 21.000000 0.379018
68.000000 12.000000 0.000000 0.000000 17.159710 0.533232
68.000000 13.000000 1.000000 0.000000 0.000000 1.000000
68.000000 14.000000 0.768056 0.000000 0.000000 1.000000
68.000000 15.000000 0.966998 0.000000 0.000000 1.000000
68.000000 16.000000 1.000000 0.000000 0.000000 1.000000
68.000000 17.000000 0.934004 0.000000 0.000000 1.000000
68.000000 18.000000 0.474604 0.000000 0.000000 0.967909
68.000000 19.000000 0.109410 0.000000 9.115301 0.730288
68.000000 20.000000 0.092603 0.000000 7.146590 0.810487
68.000000 21.000000 0.000000 0.000000 18.010948 0.496063
68.000000 22.000000 0.000000 0.000000 20.158039 0.419715
68.000000 23.000000 0.000000 0.000000 20.948418 0.389898
68.000000 24.000000 0.000000 0.000000 21.000000 0.384839
68.000000 25.000000 0.000000 0.000000 21.000000 0.378969
68.000000 26.000000 0.000000 0.000000 21.000000 0.375778
68.000000 27.000000 0.000000 0.000000 21.000000 0.378354
68.000000 28.000000 0.000000 0.000000 21.000000 0.386084
68.000000 29.000000 0.000000 0.000000 20.494280 0.407375
68.000000 30.000000 0.000000 0.000000 19.928717 0.428976
68.000000 31.000000 0.000000 0.000000 19.434814 0.447715
68.000000 32.000000 0.000000 0.000000 19.138996 0.459006
68.000000 33.000000 0.000000 0.000000 18.235514 0.493263
68.000000 34.000000 0.000000 0.000000 18.403238 0.486948
68.000000 35.000000 0.000000 0.000000 18.787077 0.472403
68.000000 36.000000 0.000000 0.000000 18.303600 0.490678
68.000000 37.000000 0.000000 0.000000 18.323002 0.490012
68.000000 38.000000 0.000000 0.000000 18.546566 0.481593
68.000000 39.000000 0.000000 0.000000 18.507788 0.482926
68.000000 40.000000 0.000000 0.000000 18.267092 0.492117
68.000000 41.000000 0.000000 0.000000 18.323002 0.490012
68.000000 42.000000 0.000000 0.000000 18.595209 0.479675
68.000000 43.000000 0.000000 0.000000 18.607370 0.479196
68.000000 44.000000 0.000000 0.000000 18.403238 0.486948
68.000000 45.000000 0.000000 0.000000 18.738459 0.474321
68.000000 46.000000 0.000000 0.000000 19.095358 0.460630
68.000000 47.000000 0.000000 0.000000 18.947327 0.466277
68.000000 48.000000 0.000000 0.000000 19.058928 0.462069
68.000000 49.000000 0.000000 0.000000 19.366953 0.450298
69.000000 0.000000 0.000000 0.000000 21.000000 0.342800
69.000000 1.000000 0.000000 0.000000 21.000000 0.342800
69.000000 2.000000 0.000000 0.000000 21.000000 0.342800
69.000000 3.000000 0.000000 0.000000 21.000000 0.342800
69.000000 4.000000 0.000000 0.000000 21.000000 0.344894
69.000000 5.000000 0.000000 0.000000 21.000000 0.345371
69.000000 6.000000 0.000000 0.000000 21.000000 0.353750
69.000000 7.000000 0.000000 0.000000 21.000000 0.363381
69.000000 8.000000 0.000000 0.000000 21.000000 0.363381
69.000000 9.000000 0.000000 0.000000 21.000000 0.374822
69.000000 10.000000 0.000000 0.000000 20.776604 0.396581
69.000000 11.000000 0.000000 0.000000 20.918766 0.391239
69.000000 12.000000 0.000000 0.000000 20.267212 0.416072
69.000000 13.000000 0.000000 0.000000 18.612305 0.478903
69.000000 14.000000 0.000000 0.000000 17.870543 0.507144
69.000000 15.000000 0.664551 0.000000 0.000000 1.000000
69.000000 16.000000 0.000000 0.000000 11.736365 0.580194
69.000000 17.000000 0.926753 0.000000 0.000000 1.000000
69.000000 18.000000 0.000000 0.000000 10.054777 0.589438
69.000000 19.000000 1.000000 0.000000 0.000000 1.000000
69.000000 20.000000 0.133500 0.000000 6.807358 0.693940
69.000000 21.000000 0.930122 0.000000 0.000000 1.000000
69.000000 22.000000 0.000000 0.000000 12.117173 0.511978
69.000000 23.000000 0.790075 0.000000 0.000000 1.000000
69.000000 24.000000 0.000000 0.000000 16.060705 0.395785
69.000000 25.000000 0.000000 0.000000 16.845383 0.544720
69.000000 26.000000 0.000000 0.000000 18.060163 0.499043
69.000000 27.000000 0.000000 0.000000 18.643648 0.477254
69.000000 28.000000 0.000000 0.000000 19.195053 0.456557
69.000000 29.000000 0.000000 0.000000 19.722815 0.436740
69.000000 30.000000 0.000000 0.000000 19.514791 0.444654
69.000000 31.000000 0.000000 0.000000 18.879362 0.468860
69.000000 32.000000 0.000000 0.000000 19.374155 0.450112
69.000000 33.000000 0.000000 0.000000 18.792011 0.472110
69.000000 34.000000 0.000000 0.000000 18.298664 0.490971
69.000000 35.000000 0.000000 0.000000 17.690409 0.513939
69.000000 36.000000 0.000000 0.000000 17.244745 0.530853
69.000000 37.000000 0.000000 0.000000 16.803415 0.547503
69.000000 38.000000 0.000000 0.000000 16.217731 0.569503
69.000000 39.000000 0.000000 0.000000 14.543543 0.632576
69.000000 40.000000 0.000000 0.000000 13.885502 0.657483
69.000000 41.000000 0.000000 0.000000 13.865946 0.658147
69.000000 42.000000 0.041881 0.000000 12.388489 0.713435
69.000000 43.000000 0.128508 0.000000 9.971728 0.786851
69.000000 44.000000 0.101312 0.000000 10.419082 0.757881
69.000000 45.000000 0.134377 0.000000 9.779610 0.787346
69.000000 46.000000 0.237660 0.000000 6.797763 0.877469
69.000000 47.000000 0.207384 0.000000 7.754509 0.836255
69.000000 48.000000 0.160781 0.000000 9.111006 0.801326
69.000000 49.000000 0.116180 0.000000 10.017220 0.772818
70.000000 0.000000 0.000000 0.000000 21.000000 0.342800
70.000000 1.000000 0.000000 0.000000 21.000000 0.342800
70.000000 2.000000 0.000000 0.000000 21.000000 0.342800
70.000000 3.000000 0.000000 0.000000 21.000000 0.345371
70.000000 4.000000 0.000000 0.000000 21.000000 0.345371
70.000000 5.000000 0.000000 0.000000 21.000000 0.345371
70.000000 6.000000 0.000000 0.000000 21.000000 0.345371
70.000000 7.000000 0.000000 0.000000 21.000000 0.345371
70.000000 8.000000 0.000000 0.000000 21.000000 0.342800
70.000000 9.000000 0.000000 0.000000 21.000000 0.342800
70.000000 10.000000 0.000000 0.000000 21.000000 0.342800
70.000000 11.000000 0.000000 0.000000 21.000000 0.342800
70.000000 12.000000 0.000000 0.000000 21.000000 0.342800
70.000000 13.000000 0.000000 0.000000 21.000000 0.342800
70.000000 14.000000 0.000000 0.000000 21.000000 0.342800
70.000000 15.000000 0.000000 0.000000 21.000000 0.342800
70.000000 16.000000 0.000000 0.000000 21.000000 0.342800
70.000000 17.000000 0.000000 0.000000 21.000000 0.342800
70.000000 18.000000 0.000000 0.000000 21.000000 0.342800
70.000000 19.000000 0.000000 0.000000 21.000000 0.342800
70.000000 20.000000 0.000000 0.000000 21.000000 0.342800
70.000000 21.000000 0.000000 0.000000 21.000000 0.342800
70.000000 22.000000 0.000000 0.000000 21.000000 0.342800
70.000000 23.000000 0.000000 0.000000 21.000000 0.342800
70.000000 24.000000 0.000000 0.000000 21.000000 0.342800
70.000000 25.000000 0.000000 0.000000 21.000000 0.342800
70.000000 26.000000 0.000000 0.000000 21.000000 0.342800
70.000000 27.000000 0.000000 0.000000 21.000000 0.342800
70.000000 28.000000 0.000000 0.000000 21.000000 0.342800
70.000000 29.000000 0.000000 0.000000 21.000000 0.342800
70.000000 30.000000 0.000000 0.000000 21.000000 0.342800
70.000000 31.000000 0.000000 0.000000 21.000000 0.342800
70.000000 32.000000 0.000000 0.000000 21.000000 0.342800
70.000000 33.000000 0.000000 0.000000 21.000000 0.342800
70.000000 34.000000 0.000000 0.000000 21.000000 0.342800
70.000000 35.000000 0.000000 0.000000 21.000000 0.342800
70.000000 36.000000 0.000000 0.000000 21.000000 0.342800
70.000000 37.000000 0.000000 0.000000 21.000000 0.342800
70.000000 38.000000 0.000000 0.000000 21.000000 0.342800
70.000000 39.000000 0.000000 0.000000 21.000000 0.342800
70.000000 40.000000 0.000000 0.000000 21.000000 0.342800
70.000000 41.000000 0.000000 0.000000 21.000000 0.342800
70.000000 42.000000 0.000000 0.000000 21.000000 0.342800
70.000000 43.000000 0.000000 0.000000 21.000000 0.342800
70.000000 44.000000 0.000000 0.000000 21.000000 0.342800
70.000000 45.000000 0.000000 0.000000 21.000000 0.342800
70.000000 46.000000 0.000000 0.000000 21.000000 0.342800
70.000000 47.000000 0.000000 0.000000 21.000000 0.342800
70.000000 48.000000 0.000000 0.000000 21.000000 0.342800
70.000000 49.000000 0.000000 0.000000 21.000000 0.342800
71.000000 0.000000 0.000000 0.000000 21.000000 0.342800
71.000000 1.000000 0.000000 0.000000 21.000000 0.342800
71.000000 2.000000 0.000000 0.000000 21.000000 0.344894
71.000000 3.000000 0.000000 0.000000 21.000000 0.345371
71.000000 4.000000 0.000000 0.000000 21.000000 0.345371
71.000000 5.000000 0.000000 0.000000 21.000000 0.345371
71.000000 6.000000 0.000000 0.000000 21.000000 0.345371
71.000000 7.000000 0.000000 0.000000 21.000000 0.345371
71.000000 8.000000 0.000000 0.000000 21.000000 0.342800
71.000000 9.000000 0.000000 0.000000 21.000000 0.342800
71.000000 10.000000 0.000000 0.000000 21.000000 0.342800
71.000000 11.000000 0.000000 0.000000 21.000000 0.342800
71.000000 12.000000 0.000000 0.000000 21.000000 0.342800
71.000000 13.000000 0.000000 0.000000 21.000000 0.342800
71.000000 14.000000 0.000000 0.000000 21.000000 0.342800
71.000000 15.000000 0.000000 0.000000 21.000000 0.342800
71.000000 16.000000 0.000000 0.000000 21.000000 0.342800
71.000000 17.000000 0.000000 0.000000 21.000000 0.342800
71.000000 18.000000 0.000000 0.000000 21.000000 0.342800
71.000000 19.000000 0.000000 0.000000 21.000000 0.342800
71.000000 20.000000 0.000000 0.000000 21.000000 0.342800
71.000000 21.000000 0.000000 0.000000 21.000000 0.342800
71.000000 22.000000 0.000000 0.000000 21.000000 0.342800
71.000000 23.000000 0.000000 0.000000 21.000000 0.342800
71.000000 24.000000 0.000000 0.000000 21.000000 0.342800
71.000000 25.000000 0.000000 0.000000 21.000000 0.342800
71.000000 26.000000 0.000000 0.000000 21.000000 0.342800
71.000000 27.000000 0.000000 0.000000 21.000000 0.342800
71.000000 28.000000 0.000000 0.000000 21.000000 0.342800
71.000000 29.000000 0.000000 0.000000 21.000000 0.342800
71.000000 30.000000 0.000000 0.000000 21.000000 0.342800
71.000000 31.000000 0.000000 0.000000 21.000000 0.342800
71.000000 32.000000 0.000000 0.000000 21.000000 0.342800
71.000000 33.000000 0.000000 0.000000 21.000000 0.342800
71.000000 34.000000 0.000000 0.000000 21.000000 0.342800
71.000000 35.000000 0.000000 0.000000 21.000000 0.342800
71.000000 36.000000 0.000000 0.000000 21.000000 0.342800
71.000000 37.000000 0.000000 0.000000 21.000000 0.342800
71.000000 38.000000 0.000000 0.000000 21.000000 0.342800
71.000000 39.000000 0.000000 0.000000 21.000000 0.342800
71.000000 40.000000 0.000000 0.000000 21.000000 0.342800
71.000000 41.000000 0.000000 0.000000 21.000000 0.342800
71.000000 42.000000 0.000000 0.000000 21.000000 0.342800
71.000000 43.000000 0.000000 0.000000 21.000000 0.342800
71.000000 44.000000 0.000000 0.000000 21.000000 0.342800
71.000000 45.000000 0.000000 0.000000 21.000000 0.342800
71.000000 46.000000 0.000000 0.000000 21.000000 0.342800
71.000000 47.000000 0.000000 0.000000 21.000000 0.342800
71.000000 48.000000 0.000000 0.000000 21.000000 0.342800
71.000000 49.000000 0.000000 0.000000 21.000000 0.342800
72.000000 0.000000 0.000000 0.000000 21.000000 0.342800
72.000000 1.000000 0.000000 0.000000 21.000000 0.342800
72.000000 2.000000 0.000000 0.000000 21.000000 0.345371
72.000000 3.000000 0.000000 0.000000 21.000000 0.345371
72.000000 4.000000 0.000000 0.000000 21.000000 0.345371
72.000000 5.000000 0.000000 0.000000 21.000000 0.345371
72.000000 6.000000 0.000000 0.000000 21.000000 0.345371
72.000000 7.000000 0.000000 0.000000 21.000000 0.345371
72.000000 8.000000 0.000000 0.000000 21.000000 0.342800
72.000000 9.000000 0.000000 0.000000 21.000000 0.342800
72.000000 10.000000 0.000000 0.000000 21.000000 0.342800
72.000000 11.000000 0.000000 0.000000 21.000000 0.342800
72.000000 12.000000 0.000000 0.000000 21.000000 0.342800
72.000000 13.000000 0.000000 0.000000 21.000000 0.342800
72.000000 14.000000 0.000000 0.000000 21.000000 0.342800
72.000000 15.000000 0.000000 0.000000 21.000000 0.342800
72.000000 16.000000 0.000000 0.000000 21.000000 0.342800
72.000000 17.000000 0.000000 0.000000 21.000000 0.342800
72.000000 18.000000 0.000000 0.000000 21.000000 0.342800
72.000000 19.000000 0.000000 0.000000 21.000000 0.342800
72.000000 20.000000 0.000000 0.000000 21.000000 0.342800
72.000000 21.000000 0.000000 0.000000 21.000000 0.342800
72.000000 22.000000 0.000000 0.000000 21.000000 0.342800
72.000000 23.000000 0.000000 0.000000 21.000000 0.342800
72.000000 24.000000 0.000000 0.000000 21.000000 0.342800
72.000000 25.000000 0.000000 0.000000 21.000000 0.342800
72.000000 26.000000 0.000000 0.000000 21.000000 0.342800
72.000000 27.000000 0.000000 0.000000 21.000000 0.342800
72.000000 28.000000 0.000000 0.000000 21.000000 0.342800
72.000000 29.000000 0.000000 0.000000 21.000000 0.342800
72.000000 30.000000 0.000000 0.000000 21.000000 0.342800
72.000000 31.000000 0.000000 0.000000 21.000000 0.342800
72.000000 32.000000 0.000000 0.000000 21.000000 0.342800
72.000000 33.000000 0.000000 0.000000 21.000000 0.342800
72.000000 34.000000 0.000000 0.000000 21.000000 0.342800
72.000000 35.000000 0.000000 0.000000 21.000000 0.342800
72.000000 36.000000 0.000000 0.000000 21.000000 0.342800
72.000000 37.000000 0.000000 0.000000 21.000000 0.342800
72.000000 38.000000 0.000000 0.000000 21.000000 0.342800
72.000000 39.000000 0.000000 0.000000 21.000000 0.342800
72.000000 40.000000 0.000000 0.000000 21.000000 0.342800
72.000000 41.000000 0.000000 0.000000 21.000000 0.342800
72.000000 42.000000 0.000000 0.000000 21.000000 0.342800
72.000000 43.000000 0.000000 0.000000 21.000000 0.342800
72.000000 44.000000 0.000000 0.000000 21.000000 0.342800
72.000000 45.000000 0.000000 0.000000 21.000000 0.342800
72.000000 46.000000 0.000000 0.000000 21.000000 0.342800
72.000000 47.000000 0.000000 0.000000 21.000000 0.342800
72.000000 48.000000 0.000000 0.000000 21.000000 0.342800
72.000000 49.000000 0.000000 0.000000 21.000000 0.342800
73.000000 0.000000 0.000000 0.000000 21.000000 0.342800
73.000000 1.000000 0.000000 0.000000 21.000000 0.342800
73.000000 2.000000 0.000000 0.000000 21.000000 0.342800
73.000000 3.000000 0.000000 0.000000 21.000000 0.345371
73.000000 4.000000 0.000000 0.000000 21.000000 0.345371
73.000000 5.000000 0.000000 0.000000 21.000000 0.345371
73.000000 6.000000 0.000000 0.000000 21.000000 0.345371
73.000000 7.000000 0.000000 0.000000 21.000000 0.345371
73.000000 8.000000 0.000000 0.000000 21.000000 0.342800
73.000000 9.000000 0.000000 0.000000 21.000000 0.342800
73.000000 10.000000 0.000000 0.000000 21.000000 0.342800
73.000000 11.000000 0.000000 0.000000 21.000000 0.342800
73.000000 12.000000 0.000000 0.000000 21.000000 0.342800
73.000000 13.000000 0.000000 0.000000 21.000000 0.342800
73.000000 14.000000 0.000000 0.000000 21.000000 0.342800
73.000000 15.000000 0.000000 0.000000 21.000000 0.342800
73.000000 16.000000 0.000000 0.000000 21.000000 0.342800
73.000000 17.000000 0.000000 0.000000 21.000000 0.342800
73.000000 18.000000 0.000000 0.000000 21.000000 0.342800
73.000000 19.000000 0.000000 0.000000 21.000000 0.342800
73.000000 20.000000 0.000000 0.000000 21.000000 0.342800
73.000000 21.000000 0.000000 0.000000 21.000000 0.342800
73.000000 22.000000 0.000000 0.000000 21.000000 0.342800
73.000000 23.000000 0.000000 0.000000 21.000000 0.342800
73.000000 24.000000 0.000000 0.000000 21.000000 0.342800
73.000000 25.000000 0.000000 0.000000 21.000000 0.342800
73.000000 26.000000 0.000000 0.000000 21.000000 0.342800
73.000000 27.000000 0.000000 0.000000 21.000000 0.342800
73.000000 28.000000 0.000000 0.000000 21.000000 0.342800
73.000000 29.000000 0.000000 0.000000 21.000000 0.342800
73.000000 30.000000 0.000000 0.000000 21.000000 0.342800
73.000000 31.000000 0.000000 0.000000 21.000000 0.342800
73.000000 32.000000 0.000000 0.000000 21.000000 0.342800
73.000000 33.000000 0.000000 0.000000 21.000000 0.342800
73.000000 34.000000 0.000000 0.000000 21.000000 0.342800
73.000000 35.000000 0.000000 0.000000 21.000000 0.342800
73.000000 36.000000 0.000000 0.000000 21.000000 0.342800
73.000000 37.000000 0.000000 0.000000 21.000000 0.342800
73.000000 38.000000 0.000000 0.000000 21.000000 0.342800
73.000000 39.000000 0.000000 0.000000 21.000000 0.342800
73.000000 40.000000 0.000000 0.000000 21.000000 0.342800
73.000000 41.000000 0.000000 0.000000 21.000000 0.342800
73.000000 42.000000 0.000000 0.000000 21.000000 0.342800
73.000000 43.000000 0.000000 0.000000 21.000000 0.342800
73.000000 44.000000 0.000000 0.000000 21.000000 0.342800
73.000000 45.000000 0.000000 0.000000 21.000000 0.342800
73.000000 46.000000 0.000000 0.000000 21.000000 0.342800
73.000000 47.000000 0.000000 0.000000 21.000000 0.342800
73.000000 48.000000 0.000000 0.000000 21.000000 0.342800
73.000000 49.000000 0.000000 0.000000 21.000000 0.342800
74.000000 0.000000 0.000000 0.000000 21.000000 0.342800
74.000000 1.000000 0.000000 0.000000 21.000000 0.342800
74.000000 2.000000 0.000000 0.000000 21.000000 0.344894
74.000000 3.000000 0.000000 0.000000 21.000000 0.345371
74.000000 4.000000 0.000000 0.000000 21.000000 0.345371
74.000000 5.000000 0.000000 0.000000 21.000000 0.345371
74.000000 6.000000 0.000000 0.000000 21.000000 0.345371
74.000000 7.000000 0.000000 0.000000 21.000000 0.342800
74.000000 8.000000 0.000000 0.000000 21.000000 0.342800
74.000000 9.000000 0.000000 0.000000 21.000000 0.342800
74.000000 10.000000 0.000000 0.000000 21.000000 0.342800
74.000000 11.000000 0.000000 0.000000 21.000000 0.342800
74.000000 12.000000 0.000000 0.000000 21.000000 0.342800
74.000000 13.000000 0.000000 0.000000 21.000000 0.342800
74.000000 14.000000 0.000000 0.000000 21.000000 0.342800
74.000000 15.000000 0.000000 0.000000 21.000000 0.342800
74.000000 16.000000 0.000000 0.000000 21.000000 0.342800
74.000000 17.000000 0.000000 0.000000 21.000000 0.342800
74.000000 18.000000 0.000000 0.000000 21.000000 0.342800
74.000000 19.000000 0.000000 0.000000 21.000000 0.342800
74.000000 20.000000 0.000000 0.000000 21.000000 0.342800
74.000000 21.000000 0.000000 0.000000 21.000000 0.342800
74.000000 22.000000 0.000000 0.000000 21.000000 0.342800
74.000000 23.000000 0.000000 0.000000 21.000000 0.342800
74.000000 24.000000 0.000000 0.000000 21.000000 0.342800
74.000000 25.000000 0.000000 0.000000 21.000000 0.342800
74.000000 26.000000 0.000000 0.000000 21.000000 0.342800
74.000000 27.000000 0.000000 0.000000 21.000000 0.342800
74.000000 28.000000 0.000000 0.000000 21.000000 0.342800
74.000000 29.000000 0.000000 0.000000 21.000000 0.342800
74.000000 30.000000 0.000000 0.000000 21.000000 0.342800
74.000000 31.000000 0.000000 0.000000 21.000000 0.342800
74.000000 32.000000 0.000000 0.000000 21.000000 0.342800
74.000000 33.000000 0.000000 0.000000 21.000000 0.342800
74.000000 34.000000 0.000000 0.000000 21.000000 0.342800
74.000000 35.000000 0.000000 0.000000 21.000000 0.342800
74.000000 36.000000 0.000000 0.000000 21.000000 0.342800
74.000000 37.000000 0.000000 0.000000 21.000000 0.342800
74.000000 38.000000 0.000000 0.000000 21.000000 0.342800
74.000000 39.000000 0.000000 0.000000 21.000000 0.342800
74.000000 40.000000 0.000000 0.000000 21.000000 0.342800
74.000000 41.000000 0.000000 0.000000 21.000000 0.342800
74.000000 42.000000 0.000000 0.000000 21.000000 0.342800
74.000000 43.000000 0.000000 0.000000 21.000000 0.342800
74.000000 44.000000 0.000000 0.000000 21.000000 0.342800
74.000000 45.000000 0.000000 0.000000 21.000000 0.342800
74.000000 46.000000 0.000000 0.000000 21.000000 0.342800
74.000000 47.000000 0.000000 0.000000 21.000000 0.342800
74.000000 48.000000 0.000000 0.000000 21.000000 0.342800
74.000000 49.000000 0.000000 0.000000 21.000000 0.342800
75.000000 0.000000 0.000000 0.000000 21.000000 0.342800
75.000000 1.000000 0.000000 0.000000 21.000000 0.342800
75.000000 2.000000 0.000000 0.000000 21.000000 0.342800
75.000000 3.000000 0.000000 0.000000 21.000000 0.342800
75.000000 4.000000 0.000000 0.000000 21.000000 0.342800
75.000000 5.000000 0.000000 0.000000 21.000000 0.344894
75.000000 6.000000 0.000000 0.000000 21.000000 0.345371
75.000000 7.000000 0.000000 0.000000 21.000000 0.345371
75.000000 8.000000 0.000000 0.000000 21.000000 0.345371
75.000000 9.000000 0.000000 0.000000 21.000000 0.345371
75.000000 10.000000 0.000000 0.000000 21.000000 0.344894
75.000000 11.000000 0.000000 0.000000 21.000000 0.345371
75.000000 12.000000 0.000000 0.000000 21.000000 0.345371
75.000000 13.000000 0.000000 0.000000 21.000000 0.345371
75.000000 14.000000 0.000000 0.000000 21.000000 0.345371
75.000000 15.000000 0.000000 0.000000 21.000000 0.342800
75.000000 16.000000 0.000000 0.000000 21.000000 0.342800
75.000000 17.000000 0.000000 0.000000 21.000000 0.342800
75.000000 18.000000 0.000000 0.000000 21.000000 0.342800
75.000000 19.000000 0.000000 0.000000 21.000000 0.342800
75.000000 20.000000 0.000000 0.000000 21.000000 0.342800
75.000000 21.000000 0.000000 0.000000 21.000000 0.342800
75.000000 22.000000 0.000000 0.000000 21.000000 0.342800
75.000000 23.000000 0.000000 0.000000 21.000000 0.342800
75.000000 24.000000 0.000000 0.000000 21.000000 0.342800
75.000000 25.000000 0.000000 0.000000 21.000000 0.342800
75.000000 26.000000 0.000000 0.000000 21.000000 0.342800
75.000000 27.000000 0.000000 0.000000 21.000000 0.342800
75.000000 28.000000 0.000000 0.000000 21.000000 0.342800
75.000000 29.000000 0.000000 0.000000 21.000000 0.342800
75.000000 30.000000 0.000000 0.000000 21.000000 0.342800
75.000000 31.000000 0.000000 0.000000 21.000000 0.342800
75.000000 32.000000 0.000000 0.000000 21.000000 0.342800
75.000000 33.000000 0.000000 0.000000 21.000000 0.342800
75.000000 34.000000 0.000000 0.000000 21.000000 0.342800
75.000000 35.000000 0.000000 0.000000 21.000000 0.342800
75.000000 36.000000 0.000000 0.000000 21.000000 0.342800
75.000000 37.000000 0.000000 0.000000 21.000000 0.342800
75.000000 38.000000 0.000000 0.000000 21.000000 0.342800
75.000000 39.000000 0.000000 0.000000 21.000000 0.342800
75.000000 40.000000 0.000000 0.000000 21.000000 0.342800
75.000000 41.000000 0.000000 0.000000 21.000000 0.342800
75.000000 42.000000 0.000000 0.000000 21.000000 0.342800
75.000000 43.000000 0.000000 0.000000 21.000000 0.342800
75.000000 44.000000 0.000000 0.000000 21.000000 0.342800
75.000000 45.000000 0.000000 0.000000 21.000000 0.342800
75.000000 46.000000 0.000000 0.000000 21.000000 0.342800
75.000000 47.000000 0.000000 0.000000 21.000000 0.342800
75.000000 48.000000 0.000000 0.000000 21.000000 0.342800
75.000000 49.000000 0.000000 0.000000 21.000000 0.342800
76.000000 0.000000 0.000000 0.000000 21.000000 0.342800
76.000000 1.000000 0.000000 0.000000 21.000000 0.342800
76.000000 2.000000 0.000000 0.000000 21.000000 0.342800
76.000000 3.000000 0.000000 0.000000 21.000000 0.342800
76.000000 4.000000 0.000000 0.000000 21.000000 0.342800
76.000000 5.000000 0.000000 0.000000 21.000000 0.342800
76.000000 6.000000 0.000000 0.000000 21.000000 0.344894
76.000000 7.000000 0.000000 0.000000 21.000000 0.347943
76.000000 8.000000 0.000000 0.000000 21.000000 0.347943
76.000000 9.000000 0.000000 0.000000 21.000000 0.355183
76.000000 10.000000 0.000000 0.000000 21.000000 0.367096
76.000000 11.000000 0.000000 0.000000 21.000000 0.386748
76.000000 12.000000 0.000000 0.000000 20.918766 0.391239
76.000000 13.000000 0.000000 0.000000 20.704153 0.399452
76.000000 14.000000 0.000000 0.000000 20.001373 0.426102
76.000000 15.000000 0.000000 0.000000 19.916605 0.429455
76.000000 16.000000 0.000000 0.000000 20.255116 0.416551
76.000000 17.000000 0.000000 0.000000 19.829552 0.432702
76.000000 18.000000 0.000000 0.000000 19.984341 0.426874
76.000000 19.000000 0.000000 0.000000 19.873081 0.431078
76.000000 20.000000 0.000000 0.000000 19.885195 0.430599
76.000000 21.000000 0.000000 0.000000 19.657627 0.439303
76.000000 22.000000 0.000000 0.000000 18.357208 0.488467
76.000000 23.000000 0.000000 0.000000 13.765558 0.661394
76.000000 24.000000 0.218633 0.000000 8.617116 0.853945
76.000000 25.000000 0.417759 0.000000 2.968599 1.000000
76.000000 26.000000 0.632718 0.000000 0.000000 1.000000
76.000000 27.000000 0.708736 0.000000 0.000000 1.000000
76.000000 28.000000 0.668070 0.000000 0.000000 1.000000
76.000000 29.000000 0.470831 0.000000 0.697833 0.992715
76.000000 30.000000 0.315447 0.000000 4.643003 0.891782
76.000000 31.000000 0.128193 0.000000 9.846362 0.775367
76.000000 32.000000 0.020988 0.000000 11.156345 0.719756
76.000000 33.000000 0.000000 0.000000 17.511959 0.518975
76.000000 34.000000 0.000000 0.000000 19.116980 0.459470
76.000000 35.000000 0.000000 0.000000 19.537146 0.443718
76.000000 36.000000 0.000000 0.000000 19.098711 0.460425
76.000000 37.000000 0.000000 0.000000 17.899843 0.505892
76.000000 38.000000 0.000000 0.000000 17.188690 0.532958
76.000000 39.000000 0.000000 0.000000 16.073694 0.574855
76.000000 40.000000 0.000000 0.000000 14.668269 0.627899
76.000000 41.000000 0.003249 0.000000 13.217667 0.682437
76.000000 42.000000 0.093016 0.000000 10.099608 0.771409
76.000000 43.000000 0.112718 0.000000 9.945362 0.773924
76.000000 44.000000 0.129030 0.000000 9.696602 0.783992
76.000000 45.000000 0.211650 0.000000 7.472888 0.855165
76.000000 46.000000 0.223160 0.000000 7.514443 0.851485
76.000000 47.000000 0.230466 0.000000 7.360494 0.857881
76.000000 48.000000 0.265136 0.000000 6.775727 0.883770
76.000000 49.000000 0.255858 0.000000 6.996230 0.871425
77.000000 0.000000 0.000000 0.000000 21.000000 0.342800
77.000000 1.000000 0.000000 0.000000 21.000000 0.342800
77.000000 2.000000 0.000000 0.000000 21.000000 0.344894
77.000000 3.000000 0.000000 0.000000 21.000000 0.345371
77.000000 4.000000 0.000000 0.000000 21.000000 0.345371
77.000000 5.000000 0.000000 0.000000 21.000000 0.345371
77.000000 6.000000 0.000000 0.000000 21.000000 0.345371
77.000000 7.000000 0.000000 0.000000 21.000000 0.345371
77.000000 8.000000 0.000000 0.000000 21.000000 0.342800
77.000000 9.000000 0.000000 0.000000 21.000000 0.342800
77.000000 10.000000 0.000000 0.000000 21.000000 0.342800
77.000000 11.000000 0.000000 0.000000 21.000000 0.342800
77.000000 12.000000 0.000000 0.000000 21.000000 0.342800
77.000000 13.000000 0.000000 0.000000 21.000000 0.342800
77.000000 14.000000 0.000000 0.000000 21.000000 0.342800
77.000000 15.000000 0.000000 0.000000 21.000000 0.342800
77.000000 16.000000 0.000000 0.000000 21.000000 0.342800
77.000000 17.000000 0.000000 0.000000 21.000000 0.342800
77.000000 18.000000 0.000000 0.000000 21.000000 0.342800
77.000000 19.000000 0.000000 0.000000 21.000000 0.342800
77.000000 20.000000 0.000000 0.000000 21.000000 0.342800
77.000000 21.000000 0.000000 0.000000 21.000000 0.342800
77.000000 22.000000 0.000000 0.000000 21.000000 0.342800
77.000000 23.000000 0.000000 0.000000 21.000000 0.342800
77.000000 24.000000 0.000000 0.000000 21.000000 0.342800
77.000000 25.000000 0.000000 0.000000 21.000000 0.342800
77.000000 26.000000 0.000000 0.000000 21.000000 0.342800
77.000000 27.000000 0.000000 0.000000 21.000000 0.342800
77.000000 28.000000 0.000000 0.000000 21.000000 0.342800
77.000000 29.000000 0.000000 0.000000 21.000000 0.342800
77.000000 30.000000 0.000000 0.000000 21.000000 0.342800
77.000000 31.000000 0.000000 0.000000 21.000000 0.342800
77.000000 32.000000 0.000000 0.000000 21.000000 0.342800
77.000000 33.000000 0.000000 0.000000 21.000000 0.342800
77.000000 34.000000 0.000000 0.000000 21.000000 0.342800
77.000000 35.000000 0.000000 0.000000 21.000000 0.342800
77.000000 36.000000 0.000000 0.000000 21.000000 0.342800
77.000000 37.000000 0.000000 0.000000 21.000000 0.342800
77.000000 38.000000 0.000000 0.000000 21.000000 0.342800
77.000000 39.000000 0.000000 0.000000 21.000000 0.342800
77.000000 40.000000 0.000000 0.000000 21.000000 0.342800
77.000000 41.000000 0.000000 0.000000 21.000000 0.342800
77.000000 42.000000 0.000000 0.000000 21.000000 0.342800
77.000000 43.000000 0.000000 0.000000 21.000000 0.342800
77.000000 44.000000 0.000000 0.000000 21.000000 0.342800
77.000000 45.000000 0.000000 0.000000 21.000000 0.342800
77.000000 46.000000 0.000000 0.000000 21.000000 0.342800
77.000000 47.000000 0.000000 0.000000 21.000000 0.342800
77.000000 48.000000 0.000000 0.000000 21.000000 0.342800
77.000000 49.000000 0.000000 0.000000 21.000000 0.342800
78.000000 0.000000 0.000000 0.000000 21.000000 0.342800
78.000000 1.000000 0.000000 0.000000 21.000000 0.342800
78.000000 2.000000 0.000000 0.000000 21.000000 0.342800
78.000000 3.000000 0.000000 0.000000 21.000000 0.344894
78.000000 4.000000 0.000000 0.000000 21.000000 0.345371
78.000000 5.000000 0.000000 0.000000 21.000000 0.345371
78.000000 6.000000 0.000000 0.000000 21.000000 0.345371
78.000000 7.000000 0.000000 0.000000 21.000000 0.345371
78.000000 8.000000 0.000000 0.000000 21.000000 0.344894
78.000000 9.000000 0.000000 0.000000 21.000000 0.357756
78.000000 10.000000 0.000000 0.000000 21.000000 0.365478
78.000000 11.000000 0.000000 0.000000 21.000000 0.368530
78.000000 12.000000 0.000000 0.000000 21.000000 0.368530
78.000000 13.000000 0.000000 0.000000 21.000000 0.365955
78.000000 14.000000 0.000000 0.000000 21.000000 0.353087
78.000000 15.000000 0.000000 0.000000 21.000000 0.347466
78.000000 16.000000 0.000000 0.000000 21.000000 0.350515
78.000000 17.000000 0.000000 0.000000 21.000000 0.347943
78.000000 18.000000 0.000000 0.000000 21.000000 0.347943
78.000000 19.000000 0.000000 0.000000 21.000000 0.353087
78.000000 20.000000 0.000000 0.000000 21.000000 0.362426
78.000000 21.000000 0.000000 0.000000 21.000000 0.360329
78.000000 22.000000 0.000000 0.000000 21.000000 0.365478
78.000000 23.000000 0.000000 0.000000 18.848194 0.469500
78.000000 24.000000 0.000000 0.000000 14.347732 0.639755
78.000000 25.000000 0.783228 0.000000 0.000000 1.000000
78.000000 26.000000 0.054774 0.000000 8.777617 0.659100
78.000000 27.000000 0.950334 0.000000 0.000000 1.000000
78.000000 28.000000 0.246310 0.000000 4.554333 0.787535
78.000000 29.000000 0.801237 0.000000 0.000000 1.000000
78.000000 30.000000 0.185598 0.000000 6.237659 0.757010
78.000000 31.000000 0.328115 0.000000 4.685259 0.957644
78.000000 32.000000 0.102924 0.000000 9.943715 0.747536
78.000000 33.000000 0.247524 0.000000 3.189086 0.941102
78.000000 34.000000 0.000000 0.000000 13.404285 0.619260
78.000000 35.000000 0.732673 0.000000 0.000000 1.000000
78.000000 36.000000 0.000000 0.000000 16.757656 0.381700
78.000000 37.000000 0.000000 0.000000 15.812036 0.584183
78.000000 38.000000 0.000000 0.000000 16.913357 0.542629
78.000000 39.000000 0.000000 0.000000 17.661573 0.514503
78.000000 40.000000 0.000000 0.000000 18.469135 0.484008
78.000000 41.000000 0.000000 0.000000 18.847712 0.469911
78.000000 42.000000 0.000000 0.000000 19.297499 0.452968
78.000000 43.000000 0.000000 0.000000 19.194767 0.456902
78.000000 44.000000 0.000000 0.000000 19.003132 0.464173
78.000000 45.000000 0.000000 0.000000 18.656006 0.477278
78.000000 46.000000 0.000000 0.000000 18.755547 0.473549
78.000000 47.000000 0.000000 0.000000 18.818604 0.471258
78.000000 48.000000 0.000000 0.000000 18.643847 0.477757
78.000000 49.000000 0.000000 0.000000 17.429789 0.523797
79.000000 0.000000 0.000000 0.000000 21.000000 0.342800
79.000000 1.000000 0.000000 0.000000 21.000000 0.342800
79.000000 2.000000 0.000000 0.000000 21.000000 0.342800
79.000000 3.000000 0.000000 0.000000 21.000000 0.345371
79.000000 4.000000 0.000000 0.000000 21.000000 0.345371
79.000000 5.000000 0.000000 0.000000 21.000000 0.345371
79.000000 6.000000 0.000000 0.000000 21.000000 0.347943
79.000000 7.000000 0.000000 0.000000 21.000000 0.347943
79.000000 8.000000 0.000000 0.000000 21.000000 0.345371
79.000000 9.000000 0.000000 0.000000 21.000000 0.345371
79.000000 10.000000 0.000000 0.000000 21.000000 0.342800
79.000000 11.000000 0.000000 0.000000 21.000000 0.342800
79.000000 12.000000 0.000000 0.000000 21.000000 0.342800
79.000000 13.000000 0.000000 0.000000 21.000000 0.342800
79.000000 14.000000 0.000000 0.000000 21.000000 0.342800
79.000000 15.000000 0.000000 0.000000 21.000000 0.342800
79.000000 16.000000 0.000000 0.000000 21.000000 0.342800
79.000000 17.000000 0.000000 0.000000 21.000000 0.342800
79.000000 18.000000 0.000000 0.000000 21.000000 0.342800
79.000000 19.000000 0.000000 0.000000 21.000000 0.342800
79.000000 20.000000 0.000000 0.000000 21.000000 0.342800
79.000000 21.000000 0.000000 0.000000 21.000000 0.342800
79.000000 22.000000 0.000000 0.000000 21.000000 0.342800
79.000000 23.000000 0.000000 0.000000 21.000000 0.342800
79.000000 24.000000 0.000000 0.000000 21.000000 0.342800
79.000000 25.000000 0.000000 0.000000 21.000000 0.342800
79.000000 26.000000 0.000000 0.000000 21.000000 0.342800
79.000000 27.000000 0.000000 0.000000 21.000000 0.342800
79.000000 28.000000 0.000000 0.000000 21.000000 0.342800
79.000000 29.000000 0.000000 0.000000 21.000000 0.342800
79.000000 30.000000 0.000000 0.000000 21.000000 0.342800
79.000000 31.000000 0.000000 0.000000 21.000000 0.342800
79.000000 32.000000 0.000000 0.000000 21.000000 0.342800
79.000000 33.000000 0.000000 0.000000 21.000000 0.342800
79.000000 34.000000 0.000000 0.000000 21.000000 0.342800
79.000000 35.000000 0.000000 0.000000 21.000000 0.342800
79.000000 36.000000 0.000000 0.000000 21.000000 0.342800
79.000000 37.000000 0.000000 0.000000 21.000000 0.342800
79.000000 38.000000 0.000000 0.000000 21.000000 0.342800
79.000000 39.000000 0.000000 0.000000 21.000000 0.342800
79.000000 40.000000 0.000000 0.000000 21.000000 0.342800
79.000000 41.000000 0.000000 0.000000 21.000000 0.342800
79.000000 42.000000 0.000000 0.000000 21.000000 0.342800
79.000000 43.000000 0.000000 0.000000 21.000000 0.342800
79.000000 44.000000 0.000000 0.000000 21.000000 0.342800
79.000000 45.000000 0.000000 0.000000 21.000000 0.342800
79.000000 46.000000 0.000000 0.000000 21.000000 0.342800
79.000000 47.000000 0.000000 0.000000 21.000000 0.342800
79.000000 48.000000 0.000000 0.000000 21.000000 0.342800
79.000000 49.000000 0.000000 0.000000 21.000000 0.342800
80.000000 0.000000 0.000000 0.000000 21.000000 0.342800
80.000000 1.000000 0.000000 0.000000 21.000000 0.342800
80.000000 2.000000 0.000000 0.000000 21.000000 0.342800
80.000000 3.000000 0.000000 0.000000 21.000000 0.342800
80.000000 4.000000 0.000000 0.000000 21.000000 0.344894
80.000000 5.000000 0.000000 0.000000 21.000000 0.347466
80.000000 6.000000 0.000000 0.000000 21.000000 0.360329
80.000000 7.000000 0.000000 0.000000 21.000000 0.373202
80.000000 8.000000 0.000000 0.000000 21.000000 0.373680
80.000000 9.000000 0.000000 0.000000 20.807905 0.395438
80.000000 10.000000 0.000000 0.000000 20.025589 0.425144
80.000000 11.000000 0.000000 0.000000 19.076002 0.461296
80.000000 12.000000 0.000000 0.000000 18.347340 0.489053
80.000000 13.000000 0.000000 0.000000 17.125164 0.535280
80.000000 14.000000 0.002979 0.000000 13.212820 0.682230
80.000000 15.000000 0.185645 0.000000 9.312445 0.827744
80.000000 16.000000 0.292537 0.000000 5.976109 0.906742
80.000000 17.000000 0.568729 0.000000 0.000000 1.000000
80.000000 18.000000 0.560831 0.000000 0.000000 1.000000
80.000000 19.000000 0.525763 0.000000 0.000000 1.000000
80.000000 20.000000 0.482756 0.000000 0.792541 1.000000
80.000000 21.000000 0.361194 0.000000 3.605587 0.926118
80.000000 22.000000 0.178665 0.000000 8.550555 0.810729
80.000000 23.000000 0.087085 0.000000 10.504230 0.759456
80.000000 24.000000 0.000000 0.000000 13.644815 0.657494
80.000000 25.000000 0.726388 0.000000 0.000000 1.000000
80.000000 26.000000 0.000000 0.000000 15.131958 0.443440
80.000000 27.000000 0.021793 0.000000 12.802728 0.697315
80.000000 28.000000 0.044707 0.000000 11.641120 0.724819
80.000000 29.000000 0.053309 0.000000 11.787733 0.726225
80.000000 30.000000 0.114448 0.000000 10.471306 0.773740
80.000000 31.000000 0.192331 0.000000 8.289782 0.834227
80.000000 32.000000 0.325439 0.000000 5.466465 0.930853
80.000000 33.000000 0.415114 0.000000 3.324502 0.990222
80.000000 34.000000 0.483189 0.000000 1.366491 1.000000
80.000000 35.000000 0.366049 0.000000 3.740861 0.933791
80.000000 36.000000 0.395738 0.000000 3.654029 0.982626
80.000000 37.000000 0.139926 0.000000 8.891228 0.768177
80.000000 38.000000 0.053088 0.000000 11.482758 0.727934
80.000000 39.000000 0.000000 0.000000 13.473601 0.647730
80.000000 40.000000 0.000000 0.000000 17.112736 0.535135
80.000000 41.000000 0.000000 0.000000 18.330702 0.489260
80.000000 42.000000 0.000000 0.000000 18.524220 0.482215
80.000000 43.000000 0.000000 0.000000 18.900505 0.468077
80.000000 44.000000 0.000000 0.000000 18.799231 0.471924
80.000000 45.000000 0.000000 0.000000 19.046782 0.462548
80.000000 46.000000 0.000000 0.000000 19.601940 0.441406
80.000000 47.000000 0.000000 0.000000 19.873081 0.431078
80.000000 48.000000 0.000000 0.000000 19.853781 0.431743
80.000000 49.000000 0.000000 0.000000 19.614063 0.440927
81.000000 0.000000 0.000000 0.000000 21.000000 0.342800
81.000000 1.000000 0.000000 0.000000 21.000000 0.342800
81.000000 2.000000 0.000000 0.000000 21.000000 0.342800
81.000000 3.000000 0.000000 0.000000 21.000000 0.342800
81.000000 4.000000 0.000000 0.000000 21.000000 0.342800
81.000000 5.000000 0.000000 0.000000 21.000000 0.346988
81.000000 6.000000 0.000000 0.000000 21.000000 0.358234
81.000000 7.000000 0.000000 0.000000 21.000000 0.364522
81.000000 8.000000 0.000000 0.000000 21.000000 0.375300
81.000000 9.000000 0.000000 0.000000 20.573952 0.404317
81.000000 10.000000 0.000000 0.000000 20.020664 0.425437
81.000000 11.000000 0.000000 0.000000 20.095556 0.422670
81.000000 12.000000 0.000000 0.000000 19.304005 0.452588
81.000000 13.000000 0.000000 0.000000 16.349562 0.564157
81.000000 14.000000 0.038315 0.000000 12.461857 0.710581
81.000000 15.000000 0.154409 0.000000 8.992536 0.813928
81.000000 16.000000 0.318165 0.000000 5.254651 0.933240
81.000000 17.000000 0.556596 0.000000 0.000000 1.000000
81.000000 18.000000 0.625249 0.000000 0.000000 1.000000
81.000000 19.000000 0.700272 0.000000 0.000000 1.000000
81.000000 20.000000 0.770075 0.000000 0.000000 1.000000
81.000000 21.000000 0.724124 0.000000 0.000000 1.000000
81.000000 22.000000 0.479706 0.000000 0.317747 0.994674
81.000000 23.000000 0.359319 0.000000 3.581853 0.926223
81.000000 24.000000 0.139337 0.000000 9.384312 0.779169
81.000000 25.000000 0.089664 0.000000 8.588742 0.789606
81.000000 26.000000 0.000000 0.000000 16.289394 0.555603
81.000000 27.000000 0.581077 0.000000 0.000000 1.000000
81.000000 28.000000 0.000000 0.000000 20.181993 0.286689
81.000000 29.000000 0.000000 0.000000 19.447641 0.447085
81.000000 30.000000 0.000000 0.000000 19.703897 0.437344
81.000000 31.000000 0.000000 0.000000 20.095987 0.422418
81.000000 32.000000 0.000000 0.000000 20.277422 0.415616
81.000000 33.000000 0.000000 0.000000 20.185905 0.419028
81.000000 34.000000 0.000000 0.000000 19.581043 0.442159
81.000000 35.000000 0.000000 0.000000 19.756851 0.435576
81.000000 36.000000 0.000000 0.000000 19.848856 0.432036
81.000000 37.000000 0.000000 0.000000 19.916605 0.429455
81.000000 38.000000 0.000000 0.000000 20.279310 0.415593
81.000000 39.000000 0.000000 0.000000 20.795834 0.395916
81.000000 40.000000 0.000000 0.000000 20.783762 0.396395
81.000000 41.000000 0.000000 0.000000 20.807905 0.395438
81.000000 42.000000 0.000000 0.000000 20.875412 0.392860
81.000000 43.000000 0.000000 0.000000 20.783762 0.396395
81.000000 44.000000 0.000000 0.000000 21.000000 0.383507
81.000000 45.000000 0.000000 0.000000 21.000000 0.383985
81.000000 46.000000 0.000000 0.000000 20.918766 0.391239
81.000000 47.000000 0.000000 0.000000 20.954962 0.389804
81.000000 48.000000 0.000000 0.000000 20.807905 0.395438
81.000000 49.000000 0.000000 0.000000 20.573952 0.404317
82.000000 0.000000 0.000000 0.000000 21.000000 0.342800
82.000000 1.000000 0.000000 0.000000 21.000000 0.342800
82.000000 2.000000 0.000000 0.000000 21.000000 0.342800
82.000000 3.000000 0.000000 0.000000 21.000000 0.344894
82.000000 4.000000 0.000000 0.000000 21.000000 0.345371
82.000000 5.000000 0.000000 0.000000 21.000000 0.345371
82.000000 6.000000 0.000000 0.000000 21.000000 0.345371
82.000000 7.000000 0.000000 0.000000 21.000000 0.345371
82.000000 8.000000 0.000000 0.000000 21.000000 0.345371
82.000000 9.000000 0.000000 0.000000 21.000000 0.342800
82.000000 10.000000 0.000000 0.000000 21.000000 0.342800
82.000000 11.000000 0.000000 0.000000 21.000000 0.342800
82.000000 12.000000 0.000000 0.000000 21.000000 0.342800
82.000000 13.000000 0.000000 0.000000 21.000000 0.342800
82.000000 14.000000 0.000000 0.000000 21.000000 0.342800
82.000000 15.000000 0.000000 0.000000 21.000000 0.342800
82.000000 16.000000 0.000000 0.000000 21.000000 0.342800
82.000000 17.000000 0.000000 0.000000 21.000000 0.342800
82.000000 18.000000 0.000000 0.000000 21.000000 0.342800
82.000000 19.000000 0.000000 0.000000 21.000000 0.342800
82.000000 20.000000 0.000000 0.000000 21.000000 0.342800
82.000000 21.000000 0.000000 0.000000 21.000000 0.342800
82.000000 22.000000 0.000000 0.000000 21.000000 0.342800
82.000000 23.000000 0.000000 0.000000 21.000000 0.342800
82.000000 24.000000 0.000000 0.000000 21.000000 0.342800
82.000000 25.000000 0.000000 0.000000 21.000000 0.342800
82.000000 26.000000 0.000000 0.000000 21.000000 0.342800
82.000000 27.000000 0.000000 0.000000 21.000000 0.342800
82.000000 28.000000 0.000000 0.000000 21.000000 0.342800
82.000000 29.000000 0.000000 0.000000 21.000000 0.342800
82.000000 30.000000 0.000000 0.000000 21.000000 0.342800
82.000000 31.000000 0.000000 0.000000 21.000000 0.342800
82.000000 32.000000 0.000000 0.000000 21.000000 0.342800
82.000000 33.000000 0.000000 0.000000 21.000000 0.342800
82.000000 34.000000 0.000000 0.000000 21.000000 0.342800
82.000000 35.000000 0.000000 0.000000 21.000000 0.342800
82.000000 36.000000 0.000000 0.000000 21.000000 0.342800
82.000000 37.000000 0.000000 0.000000 21.000000 0.342800
82.000000 38.000000 0.000000 0.000000 21.000000 0.342800
82.000000 39.000000 0.000000 0.000000 21.000000 0.342800
82.000000 40.000000 0.000000 0.000000 21.000000 0.342800
82.000000 41.000000 0.000000 0.000000 21.000000 0.342800
82.000000 42.000000 0.000000 0.000000 21.000000 0.342800
82.000000 43.000000 0.000000 0.000000 21.000000 0.342800
82.000000 44.000000 0.000000 0.000000 21.000000 0.342800
82.000000 45.000000 0.000000 0.000000 21.000000 0.342800
82.000000 46.000000 0.000000 0.000000 21.000000 0.342800
82.000000 47.000000 0.000000 0.000000 21.000000 0.342800
82.000000 48.000000 0.000000 0.000000 21.000000 0.342800
82.000000 49.000000 0.000000 0.000000 21.000000 0.342800
83.000000 0.000000 0.000000 0.000000 21.000000 0.342800
83.000000 1.000000 0.000000 0.000000 21.000000 0.342800
83.000000 2.000000 0.000000 0.000000 21.000000 0.345371
83.000000 3.000000 0.000000 0.000000 21.000000 0.345371
83.000000 4.000000 0.000000 0.000000 21.000000 0.345371
83.000000 5.000000 0.000000 0.000000 21.000000 0.345371
83.000000 6.000000 0.000000 0.000000 21.000000 0.345371
83.000000 7.000000 0.000000 0.000000 21.000000 0.345371
83.000000 8.000000 0.000000 0.000000 21.000000 0.342800
83.000000 9.000000 0.000000 0.000000 21.000000 0.342800
83.000000 10.000000 0.000000 0.000000 21.000000 0.342800
83.000000 11.000000 0.000000 0.000000 21.000000 0.342800
83.000000 12.000000 0.000000 0.000000 21.000000 0.342800
83.000000 13.000000 0.000000 0.000000 21.000000 0.342800
83.000000 14.000000 0.000000 0.000000 21.000000 0.342800
83.000000 15.000000 0.000000 0.000000 21.000000 0.342800
83.000000 16.000000 0.000000 0.000000 21.000000 0.342800
83.000000 17.000000 0.000000 0.000000 21.000000 0.342800
83.000000 18.000000 0.000000 0.000000 21.000000 0.342800
83.000000 19.000000 0.000000 0.000000 21.000000 0.342800
83.000000 20.000000 0.000000 0.000000 21.000000 0.342800
83.000000 21.000000 0.000000 0.000000 21.000000 0.342800
83.000000 22.000000 0.000000 0.000000 21.000000 0.342800
83.000000 23.000000 0.000000 0.000000 21.000000 0.342800
83.000000 24.000000 0.000000 0.000000 21.000000 0.342800
83.000000 25.000000 0.000000 0.000000 21.000000 0.342800
83.000000 26.000000 0.000000 0.000000 21.000000 0.342800
83.000000 27.000000 0.000000 0.000000 21.000000 0.342800
83.000000 28.000000 0.000000 0.000000 21.000000 0.342800
83.000000 29.000000 0.000000 0.000000 21.000000 0.342800
83.000000 30.000000 0.000000 0.000000 21.000000 0.342800
83.000000 31.000000 0.000000 0.000000 21.000000 0.342800
83.000000 32.000000 0.000000 0.000000 21.000000 0.342800
83.000000 33.000000 0.000000 0.000000 21.000000 0.342800
83.000000 34.000000 0.000000 0.000000 21.000000 0.342800
83.000000 35.000000 0.000000 0.000000 21.000000 0.342800
83.000000 36.000000 0.000000 0.000000 21.000000 0.342800
83.000000 37.000000 0.000000 0.000000 21.000000 0.342800
83.000000 38.000000 0.000000 0.000000 21.000000 0.342800
83.000000 39.000000 0.000000 0.000000 21.000000 0.342800
83.000000 40.000000 0.000000 0.000000 21.000000 0.342800
83.000000 41.000000 0.000000 0.000000 21.000000 0.342800
83.000000 42.000000 0.000000 0.000000 21.000000 0.342800
83.000000 43.000000 0.000000 0.000000 21.000000 0.342800
83.000000 44.000000 0.000000 0.000000 21.000000 0.342800
83.000000 45.000000 0.000000 0.000000 21.000000 0.342800
83.000000 46.000000 0.000000 0.000000 21.000000 0.342800
83.000000 47.000000 0.000000 0.000000 21.000000 0.342800
83.000000 48.000000 0.000000 0.000000 21.000000 0.342800
83.000000 49.000000 0.000000 0.000000 21.000000 0.342800
84.000000 0.000000 0.000000 0.000000 21.000000 0.342800
84.000000 1.000000 0.000000 0.000000 21.000000 0.342800
84.000000 2.000000 0.000000 0.000000 21.000000 0.342800
84.000000 3.000000 0.000000 0.000000 21.000000 0.342800
84.000000 4.000000 0.000000 0.000000 21.000000 0.342800
84.000000 5.000000 0.000000 0.000000 21.000000 0.344894
84.000000 6.000000 0.000000 0.000000 21.000000 0.345371
84.000000 7.000000 0.000000 0.000000 21.000000 0.347466
84.000000 8.000000 0.000000 0.000000 21.000000 0.350515
84.000000 9.000000 0.000000 0.000000 21.000000 0.356801
84.000000 10.000000 0.000000 0.000000 21.000000 0.360329
84.000000 11.000000 0.000000 0.000000 21.000000 0.360807
84.000000 12.000000 0.000000 0.000000 21.000000 0.370149
84.000000 13.000000 0.000000 0.000000 20.800751 0.395624
84.000000 14.000000 0.000000 0.000000 20.211645 0.418173
84.000000 15.000000 0.000000 0.000000 19.928717 0.428976
84.000000 16.000000 0.000000 0.000000 19.299076 0.452881
84.000000 17.000000 0.000000 0.000000 18.427570 0.485989
84.000000 18.000000 0.000000 0.000000 18.118719 0.497765
84.000000 19.000000 0.000000 0.000000 18.446966 0.485323
84.000000 20.000000 0.000000 0.000000 17.963051 0.503601
84.000000 21.000000 0.000000 0.000000 17.622427 0.516492
84.000000 22.000000 0.000000 0.000000 17.914537 0.505488
84.000000 23.000000 0.000000 0.000000 17.269140 0.529894
84.000000 24.000000 0.000000 0.000000 15.782952 0.585955
84.000000 25.000000 0.000000 0.000000 15.323492 0.603356
84.000000 26.000000 0.000000 0.000000 14.861456 0.620643
84.000000 27.000000 0.000000 0.000000 14.259756 0.643465
84.000000 28.000000 0.800589 0.000000 0.000000 1.000000
84.000000 29.000000 0.018230 0.000000 9.608284 0.627160
84.000000 30.000000 0.961339 0.000000 0.000000 1.000000
84.000000 31.000000 0.208463 0.000000 5.165151 0.758307
84.000000 32.000000 1.000000 0.000000 0.000000 1.000000
84.000000 33.000000 0.325951 0.000000 2.670254 0.845267
84.000000 34.000000 0.449025 0.000000 2.512607 1.000000
84.000000 35.000000 0.257035 0.000000 5.981116 0.850500
84.000000 36.000000 0.202050 0.000000 7.926435 0.839386
84.000000 37.000000 0.086902 0.000000 10.872265 0.746285
84.000000 38.000000 0.000000 0.000000 13.066163 0.670973
84.000000 39.000000 0.000000 0.000000 14.223121 0.643728
84.000000 40.000000 0.000000 0.000000 14.403727 0.637538
84.000000 41.000000 0.000000 0.000000 14.848209 0.621120
84.000000 42.000000 0.000000 0.000000 14.495822 0.634339
84.000000 43.000000 0.000000 0.000000 13.361989 0.677109
84.000000 44.000000 0.039274 0.000000 12.444735 0.711346
84.000000 45.000000 0.030332 0.000000 12.429367 0.703536
84.000000 46.000000 0.186686 0.000000 7.631896 0.849822
84.000000 47.000000 0.210219 0.000000 7.725933 0.842088
84.000000 48.000000 0.203608 0.000000 7.901402 0.836928
84.000000 49.000000 0.164075 0.000000 8.948312 0.806212
85.000000 0.000000 0.000000 0.000000 21.000000 0.342800
85.000000 1.000000 0.000000 0.000000 21.000000 0.342800
85.000000 2.000000 0.000000 0.000000 21.000000 0.342800
85.000000 3.000000 0.000000 0.000000 21.000000 0.342800
85.000000 4.000000 0.000000 0.000000 21.000000 0.345371
85.000000 5.000000 0.000000 0.000000 21.000000 0.345371
85.000000 6.000000 0.000000 0.000000 21.000000 0.345371
85.000000 7.000000 0.000000 0.000000 21.000000 0.345371
85.000000 8.000000 0.000000 0.000000 21.000000 0.345371
85.000000 9.000000 0.000000 0.000000 21.000000 0.345371
85.000000 10.000000 0.000000 0.000000 21.000000 0.342800
85.000000 11.000000 0.000000 0.000000 21.000000 0.342800
85.000000 12.000000 0.000000 0.000000 21.000000 0.342800
85.000000 13.000000 0.000000 0.000000 21.000000 0.342800
85.000000 14.000000 0.000000 0.000000 21.000000 0.342800
85.000000 15.000000 0.000000 0.000000 21.000000 0.342800
85.000000 16.000000 0.000000 0.000000 21.000000 0.342800
85.000000 17.000000 0.000000 0.000000 21.000000 0.342800
85.000000 18.000000 0.000000 0.000000 21.000000 0.342800
85.000000 19.000000 0.000000 0.000000 21.000000 0.342800
85.000000 20.000000 0.000000 0.000000 21.000000 0.342800
85.000000 21.000000 0.000000 0.000000 21.000000 0.342800
85.000000 22.000000 0.000000 0.000000 21.000000 0.342800
85.000000 23.000000 0.000000 0.000000 21.000000 0.342800
85.000000 24.000000 0.000000 0.000000 21.000000 0.342800
85.000000 25.000000 0.000000 0.000000 21.000000 0.342800
85.000000 26.000000 0.000000 0.000000 21.000000 0.342800
85.000000 27.000000 0.000000 0.000000 21.000000 0.342800
85.000000 28.000000 0.000000 0.000000 21.000000 0.342800
85.000000 29.000000 0.000000 0.000000 21.000000 0.342800
85.000000 30.000000 0.000000 0.000000 21.000000 0.342800
85.000000 31.000000 0.000000 0.000000 21.000000 0.342800
85.000000 32.000000 0.000000 0.000000 21.000000 0.342800
85.000000 33.000000 0.000000 0.000000 21.000000 0.342800
85.000000 34.000000 0.000000 0.000000 21.000000 0.342800
85.000000 35.000000 0.000000 0.000000 21.000000 0.342800
85.000000 36.000000 0.000000 0.000000 21.000000 0.342800
85.000000 37.000000 0.000000 0.000000 21.000000 0.342800
85.000000 38.000000 0.000000 0.000000 21.000000 0.342800
85.000000 39.000000 0.000000 0.000000 21.000000 0.342800
85.000000 40.000000 0.000000 0.000000 21.000000 0.342800
85.000000 41.000000 0.000000 0.000000 21.000000 0.342800
85.000000 42.000000 0.000000 0.000000 21.000000 0.342800
85.000000 43.000000 0.000000 0.000000 21.000000 0.342800
85.000000 44.000000 0.000000 0.000000 21.000000 0.342800
85.000000 45.000000 0.000000 0.000000 21.000000 0.342800
85.000000 46.000000 0.000000 0.000000 21.000000 0.342800
85.000000 47.000000 0.000000 0.000000 21.000000 0.342800
85.000000 48.000000 0.000000 0.000000 21.000000 0.342800
85.000000 49.000000 0.000000 0.000000 21.000000 0.342800
86.000000 0.000000 0.000000 0.000000 21.000000 0.342800
86.000000 1.000000 0.000000 0.000000 21.000000 0.342800
86.000000 2.000000 0.000000 0.000000 21.000000 0.342800
86.000000 3.000000 0.000000 0.000000 21.000000 0.345371
86.000000 4.000000 0.000000 0.000000 21.000000 0.345371
86.000000 5.000000 0.000000 0.000000 21.000000 0.345371
86.000000 6.000000 0.000000 0.000000 21.000000 0.345371
86.000000 7.000000 0.000000 0.000000 21.000000 0.342800
86.000000 8.000000 0.000000 0.000000 21.000000 0.342800
86.000000 9.000000 0.000000 0.000000 21.000000 0.342800
86.000000 10.000000 0.000000 0.000000 21.000000 0.342800
86.000000 11.000000 0.000000 0.000000 21.000000 0.342800
86.000000 12.000000 0.000000 0.000000 21.000000 0.342800
86.000000 13.000000 0.000000 0.000000 21.000000 0.342800
86.000000 14.000000 0.000000 0.000000 21.000000 0.342800
86.000000 15.000000 0.000000 0.000000 21.000000 0.342800
86.000000 16.000000 0.000000 0.000000 21.000000 0.342800
86.000000 17.000000 0.000000 0.000000 21.000000 0.342800
86.000000 18.000000 0.000000 0.000000 21.000000 0.342800
86.000000 19.000000 0.000000 0.000000 21.000000 0.342800
86.000000 20.000000 0.000000 0.000000 21.000000 0.342800
86.000000 21.000000 0.000000 0.000000 21.000000 0.342800
86.000000 22.000000 0.000000 0.000000 21.000000 0.342800
86.000000 23.000000 0.000000 0.000000 21.000000 0.342800
86.000000 24.000000 0.000000 0.000000 21.000000 0.342800
86.000000 25.000000 0.000000 0.000000 21.000000 0.342800
86.000000 26.000000 0.000000 0.000000 21.000000 0.342800
86.000000 27.000000 0.000000 0.000000 21.000000 0.342800
86.000000 28.000000 0.000000 0.000000 21.000000 0.342800
86.000000 29.000000 0.000000 0.000000 21.000000 0.342800
86.000000 30.000000 0.000000 0.000000 21.000000 0.342800
86.000000 31.000000 0.000000 0.000000 21.000000 0.342800
86.000000 32.000000 0.000000 0.000000 21.000000 0.342800
86.000000 33.000000 0.000000 0.000000 21.000000 0.342800
86.000000 34.000000 0.000000 0.000000 21.000000 0.342800
86.000000 35.000000 0.000000 0.000000 21.000000 0.342800
86.000000 36.000000 0.000000 0.000000 21.000000 0.342800
86.000000 37.000000 0.000000 0.000000 21.000000 0.342800
86.000000 38.000000 0.000000 0.000000 21.000000 0.342800
86.000000 39.000000 0.000000 0.000000 21.000000 0.342800
86.000000 40.000000 0.000000 0.000000 21.000000 0.342800
86.000000 41.000000 0.000000 0.000000 21.000000 0.342800
86.000000 42.000000 0.000000 0.000000 21.000000 0.342800
86.000000 43.000000 0.000000 0.000000 21.000000 0.342800
86.000000 44.000000 0.000000 0.000000 21.000000 0.342800
86.000000 45.000000 0.000000 0.000000 21.000000 0.342800
86.000000 46.000000 0.000000 0.000000 21.000000 0.342800
86.000000 47.000000 0.000000 0.000000 21.000000 0.342800
86.000000 48.000000 0.000000 0.000000 21.000000 0.342800
86.000000 49.000000 0.000000 0.000000 21.000000 0.342800
87.000000 0.000000 0.000000 0.000000 21.000000 0.342800
87.000000 1.000000 0.000000 0.000000 21.000000 0.342800
87.000000 2.000000 0.000000 0.000000 21.000000 0.342800
87.000000 3.000000 0.000000 0.000000 21.000000 0.342800
87.000000 4.000000 0.000000 0.000000 21.000000 0.342800
87.000000 5.000000 0.000000 0.000000 21.000000 0.342800
87.000000 6.000000 0.000000 0.000000 21.000000 0.347466
87.000000 7.000000 0.000000 0.000000 21.000000 0.352610
87.000000 8.000000 0.000000 0.000000 21.000000 0.355183
87.000000 9.000000 0.000000 0.000000 21.000000 0.372910
87.000000 10.000000 0.000000 0.000000 21.000000 0.387226
87.000000 11.000000 0.000000 0.000000 20.851273 0.393817
87.000000 12.000000 0.000000 0.000000 20.629440 0.402216
87.000000 13.000000 0.000000 0.000000 20.056984 0.424000
87.000000 14.000000 0.000000 0.000000 19.805321 0.433660
87.000000 15.000000 0.000000 0.000000 19.546244 0.443509
87.000000 16.000000 0.000000 0.000000 19.163279 0.458047
87.000000 17.000000 0.000000 0.000000 18.959475 0.465797
87.000000 18.000000 0.000000 0.000000 18.434801 0.485803
87.000000 19.000000 0.000000 0.000000 17.739153 0.512020
87.000000 20.000000 0.000000 0.000000 17.473827 0.522141
87.000000 21.000000 0.000000 0.000000 16.342243 0.564816
87.000000 22.000000 0.000000 0.000000 14.330770 0.640494
87.000000 23.000000 0.109262 0.000000 10.941662 0.767259
87.000000 24.000000 0.397390 0.000000 3.776827 0.997573
87.000000 25.000000 0.599023 0.000000 0.000000 1.000000
87.000000 26.000000 0.762689 0.000000 0.000000 1.000000
87.000000 27.000000 0.865964 0.000000 0.000000 1.000000
87.000000 28.000000 0.833732 0.000000 0.000000 1.000000
87.000000 29.000000 0.623405 0.000000 0.000000 1.000000
87.000000 30.000000 0.366872 0.000000 3.083616 0.916336
87.000000 31.000000 0.214424 0.000000 7.998477 0.841745
87.000000 32.000000 0.004457 0.000000 12.590247 0.686887
87.000000 33.000000 0.000000 0.000000 17.401693 0.523740
87.000000 34.000000 0.000000 0.000000 19.309811 0.452048
87.000000 35.000000 0.000000 0.000000 20.241879 0.416866
87.000000 36.000000 0.000000 0.000000 20.110493 0.421951
87.000000 37.000000 0.000000 0.000000 20.119761 0.421712
87.000000 38.000000 0.000000 0.000000 19.761778 0.435283
87.000000 39.000000 0.000000 0.000000 19.577690 0.442364
87.000000 40.000000 0.000000 0.000000 19.362024 0.450591
87.000000 41.000000 0.000000 0.000000 18.276960 0.491531
87.000000 42.000000 0.000000 0.000000 17.076365 0.537198
87.000000 43.000000 0.000000 0.000000 16.493498 0.559276
87.000000 44.000000 0.000000 0.000000 15.734057 0.587870
87.000000 45.000000 0.000000 0.000000 14.176633 0.646415
87.000000 46.000000 0.743413 0.000000 0.000000 1.000000
87.000000 47.000000 0.000000 0.000000 14.841877 0.448883
87.000000 48.000000 0.000000 0.000000 13.679922 0.664218
87.000000 49.000000 0.000000 0.000000 14.285121 0.641530
88.000000 0.000000 0.000000 0.000000 21.000000 0.342800
88.000000 1.000000 0.000000 0.000000 21.000000 0.342800
88.000000 2.000000 0.000000 0.000000 21.000000 0.342800
88.000000 3.000000 0.000000 0.000000 21.000000 0.342800
88.000000 4.000000 0.000000 0.000000 21.000000 0.344894
88.000000 5.000000 0.000000 0.000000 21.000000 0.345371
88.000000 6.000000 0.000000 0.000000 21.000000 0.352133
88.000000 7.000000 0.000000 0.000000 21.000000 0.353087
88.000000 8.000000 0.000000 0.000000 21.000000 0.357756
88.000000 9.000000 0.000000 0.000000 21.000000 0.367096
88.000000 10.000000 0.000000 0.000000 21.000000 0.377876
88.000000 11.000000 0.000000 0.000000 21.000000 0.375778
88.000000 12.000000 0.000000 0.000000 21.000000 0.383507
88.000000 13.000000 0.000000 0.000000 21.000000 0.383029
88.000000 14.000000 0.000000 0.000000 21.000000 0.373680
88.000000 15.000000 0.000000 0.000000 21.000000 0.368530
88.000000 16.000000 0.000000 0.000000 21.000000 0.382072
88.000000 17.000000 0.000000 0.000000 20.875412 0.392860
88.000000 18.000000 0.000000 0.000000 20.482193 0.407853
88.000000 19.000000 0.000000 0.000000 18.225975 0.493343
88.000000 20.000000 0.000000 0.000000 14.423534 0.636992
88.000000 21.000000 0.051852 0.000000 12.178196 0.721416
88.000000 22.000000 0.297231 0.000000 5.241081 0.934911
88.000000 23.000000 0.560994 0.000000 0.000000 1.000000
88.000000 24.000000 0.644941 0.000000 0.000000 1.000000
88.000000 25.000000 0.804529 0.000000 0.000000 1.000000
88.000000 26.000000 0.842128 0.000000 0.000000 1.000000
88.000000 27.000000 0.664146 0.000000 0.000000 1.000000
88.000000 28.000000 0.370708 0.000000 2.831136 0.915971
88.000000 29.000000 0.239747 0.000000 7.276010 0.856026
88.000000 30.000000 0.020029 0.000000 12.463170 0.697777
88.000000 31.000000 0.000000 0.000000 17.443090 0.522103
88.000000 32.000000 0.000000 0.000000 19.948444 0.427648
88.000000 33.000000 0.000000 0.000000 20.422701 0.410030
88.000000 34.000000 0.000000 0.000000 20.695423 0.399725
88.000000 35.000000 0.000000 0.000000 20.660761 0.401073
88.000000 36.000000 0.000000 0.000000 20.728306 0.398495
88.000000 37.000000 0.000000 0.000000 20.918766 0.391239
88.000000 38.000000 0.000000 0.000000 21.000000 0.375300
88.000000 39.000000 0.000000 0.000000 21.000000 0.381409
88.000000 40.000000 0.000000 0.000000 21.000000 0.380452
88.000000 41.000000 0.000000 0.000000 20.795834 0.395916
88.000000 42.000000 0.000000 0.000000 20.660761 0.401073
88.000000 43.000000 0.000000 0.000000 20.482193 0.407853
88.000000 44.000000 0.000000 0.000000 19.841667 0.432223
88.000000 45.000000 0.000000 0.000000 19.366953 0.450298
88.000000 46.000000 0.000000 0.000000 19.306280 0.452695
88.000000 47.000000 0.000000 0.000000 19.226252 0.455757
88.000000 48.000000 0.000000 0.000000 18.736170 0.474215
88.000000 49.000000 0.000000 0.000000 18.434801 0.485803
89.000000 0.000000 0.000000 0.000000 21.000000 0.342800
89.000000 1.000000 0.000000 0.000000 21.000000 0.342800
89.000000 2.000000 0.000000 0.000000 21.000000 0.342800
89.000000 3.000000 0.000000 0.000000 21.000000 0.345371
89.000000 4.000000 0.000000 0.000000 21.000000 0.345371
89.000000 5.000000 0.000000 0.000000 21.000000 0.345371
89.000000 6.000000 0.000000 0.000000 21.000000 0.345371
89.000000 7.000000 0.000000 0.000000 21.000000 0.345371
89.000000 8.000000 0.000000 0.000000 21.000000 0.342800
89.000000 9.000000 0.000000 0.000000 21.000000 0.342800
89.000000 10.000000 0.000000 0.000000 21.000000 0.342800
89.000000 11.000000 0.000000 0.000000 21.000000 0.342800
89.000000 12.000000 0.000000 0.000000 21.000000 0.342800
89.000000 13.000000 0.000000 0.000000 21.000000 0.342800
89.000000 14.000000 0.000000 0.000000 21.000000 0.342800
89.000000 15.000000 0.000000 0.000000 21.000000 0.342800
89.000000 16.000000 0.000000 0.000000 21.000000 0.342800
89.000000 17.000000 0.000000 0.000000 21.000000 0.342800
89.000000 18.000000 0.000000 0.000000 21.000000 0.342800
89.000000 19.000000 0.000000 0.000000 21.000000 0.342800
89.000000 20.000000 0.000000 0.000000 21.000000 0.342800
89.000000 21.000000 0.000000 0.000000 21.000000 0.342800
89.000000 22.000000 0.000000 0.000000 21.000000 0.342800
89.000000 23.000000 0.000000 0.000000 21.000000 0.342800
89.000000 24.000000 0.000000 0.000000 21.000000 0.342800
89.000000 25.000000 0.000000 0.000000 21.000000 0.342800
89.000000 26.000000 0.000000 0.000000 21.000000 0.342800
89.000000 27.000000 0.000000 0.000000 21.000000 0.342800
89.000000 28.000000 0.000000 0.000000 21.000000 0.342800
89.000000 29.000000 0.000000 0.000000 21.000000 0.342800
89.000000 30.000000 0.000000 0.000000 21.000000 0.342800
89.000000 31.000000 0.000000 0.000000 21.000000 0.342800
89.000000 32.000000 0.000000 0.000000 21.000000 0.342800
89.000000 33.000000 0.000000 0.000000 21.000000 0.342800
89.000000 34.000000 0.000000 0.000000 21.000000 0.342800
89.000000 35.000000 0.000000 0.000000 21.000000 0.342800
89.000000 36.000000 0.000000 0.000000 21.000000 0.342800
89.000000 37.000000 0.000000 0.000000 21.000000 0.342800
89.000000 38.000000 0.000000 0.000000 21.000000 0.342800
89.000000 39.000000 0.000000 0.000000 21.000000 0.342800
89.000000 40.000000 0.000000 0.000000 21.000000 0.342800
89.000000 41.000000 0.000000 0.000000 21.000000 0.342800
89.000000 42.000000 0.000000 0.000000 21.000000 0.342800
89.000000 43.000000 0.000000 0.000000 21.000000 0.342800
89.000000 44.000000 0.000000 0.000000 21.000000 0.342800
89.000000 45.000000 0.000000 0.000000 21.000000 0.342800
89.000000 46.000000 0.000000 0.000000 21.000000 0.342800
89.000000 47.000000 0.000000 0.000000 21.000000 0.342800
89.000000 48.000000 0.000000 0.000000 21.000000 0.342800
89.000000 49.000000 0.000000 0.000000 21.000000 0.342800
90.000000 0.000000 0.000000 0.000000 21.000000 0.342800
90.000000 1.000000 0.000000 0.000000 21.000000 0.342800
90.000000 2.000000 0.000000 0.000000 21.000000 0.342800
90.000000 3.000000 0.000000 0.000000 21.000000 0.342800
90.000000 4.000000 0.000000 0.000000 21.000000 0.342800
90.000000 5.000000 0.000000 0.000000 21.000000 0.342800
90.000000 6.000000 0.000000 0.000000 21.000000 0.342800
90.000000 7.000000 0.000000 0.000000 21.000000 0.344894
90.000000 8.000000 0.000000 0.000000 21.000000 0.345371
90.000000 9.000000 0.000000 0.000000 21.000000 0.347943
90.000000 10.000000 0.000000 0.000000 21.000000 0.347943
90.000000 11.000000 0.000000 0.000000 21.000000 0.345371
90.000000 12.000000 0.000000 0.000000 21.000000 0.345371
90.000000 13.000000 0.000000 0.000000 21.000000 0.342800
90.000000 14.000000 0.000000 0.000000 21.000000 0.342800
90.000000 15.000000 0.000000 0.000000 21.000000 0.342800
90.000000 16.000000 0.000000 0.000000 21.000000 0.342800
90.000000 17.000000 0.000000 0.000000 21.000000 0.342800
90.000000 18.000000 0.000000 0.000000 21.000000 0.342800
90.000000 19.000000 0.000000 0.000000 21.000000 0.342800
90.000000 20.000000 0.000000 0.000000 21.000000 0.342800
90.000000 21.000000 0.000000 0.000000 21.000000 0.342800
90.000000 22.000000 0.000000 0.000000 21.000000 0.342800
90.000000 23.000000 0.000000 0.000000 21.000000 0.342800
90.000000 24.000000 0.000000 0.000000 21.000000 0.342800
90.000000 25.000000 0.000000 0.000000 21.000000 0.342800
90.000000 26.000000 0.000000 0.000000 21.000000 0.342800
90.000000 27.000000 0.000000 0.000000 21.000000 0.342800
90.000000 28.000000 0.000000 0.000000 21.000000 0.342800
90.000000 29.000000 0.000000 0.000000 21.000000 0.342800
90.000000 30.000000 0.000000 0.000000 21.000000 0.342800
90.000000 31.000000 0.000000 0.000000 21.000000 0.342800
90.000000 32.000000 0.000000 0.000000 21.000000 0.342800
90.000000 33.000000 0.000000 0.000000 21.000000 0.342800
90.000000 34.000000 0.000000 0.000000 21.000000 0.342800
90.000000 35.000000 0.000000 0.000000 21.000000 0.342800
90.000000 36.000000 0.000000 0.000000 21.000000 0.342800
90.000000 37.000000 0.000000 0.000000 21.000000 0.342800
90.000000 38.000000 0.000000 0.000000 21.000000 0.342800
90.000000 39.000000 0.000000 0.000000 21.000000 0.342800
90.000000 40.000000 0.000000 0.000000 21.000000 0.342800
90.000000 41.000000 0.000000 0.000000 21.000000 0.342800
90.000000 42.000000 0.000000 0.000000 21.000000 0.342800
90.000000 43.000000 0.000000 0.000000 21.000000 0.342800
90.000000 44.000000 0.000000 0.000000 21.000000 0.342800
90.000000 45.000000 0.000000 0.000000 21.000000 0.342800
90.000000 46.000000 0.000000 0.000000 21.000000 0.342800
90.000000 47.000000 0.000000 0.000000 21.000000 0.342800
90.000000 48.000000 0.000000 0.000000 21.000000 0.342800
90.000000 49.000000 0.000000 0.000000 21.000000 0.342800
91.000000 0.000000 0.000000 0.000000 21.000000 0.342800
91.000000 1.000000 0.000000 0.000000 21.000000 0.342800
91.000000 2.000000 0.000000 0.000000 21.000000 0.342800
91.000000 3.000000 0.000000 0.000000 21.000000 0.342800
91.000000 4.000000 0.000000 0.000000 21.000000 0.342800
91.000000 5.000000 0.000000 0.000000 21.000000 0.342800
91.000000 6.000000 0.000000 0.000000 21.000000 0.342800
91.000000 7.000000 0.000000 0.000000 21.000000 0.342800
91.000000 8.000000 0.000000 0.000000 21.000000 0.342800
91.000000 9.000000 0.000000 0.000000 21.000000 0.342800
91.000000 10.000000 0.000000 0.000000 21.000000 0.342800
91.000000 11.000000 0.000000 0.000000 21.000000 0.342800
91.000000 12.000000 0.000000 0.000000 21.000000 0.342800
91.000000 13.000000 0.000000 0.000000 21.000000 0.342800
91.000000 14.000000 0.000000 0.000000 21.000000 0.342800
91.000000 15.000000 0.000000 0.000000 21.000000 0.342800
91.000000 16.000000 0.000000 0.000000 21.000000 0.342800
91.000000 17.000000 0.000000 0.000000 21.000000 0.342800
91.000000 18.000000 0.000000 0.000000 21.000000 0.342800
91.000000 19.000000 0.000000 0.000000 21.000000 0.342800
91.000000 20.000000 0.000000 0.000000 21.000000 0.342800
91.000000 21.000000 0.000000 0.000000 21.000000 0.342800
91.000000 22.000000 0.000000 0.000000 21.000000 0.342800
91.000000 23.000000 0.000000 0.000000 21.000000 0.342800
91.000000 24.000000 0.000000 0.000000 21.000000 0.342800
91.000000 25.000000 0.000000 0.000000 21.000000 0.342800
91.000000 26.000000 0.000000 0.000000 21.000000 0.342800
91.000000 27.000000 0.000000 0.000000 21.000000 0.342800
91.000000 28.000000 0.000000 0.000000 21.000000 0.342800
91.000000 29.000000 0.000000 0.000000 21.000000 0.342800
91.000000 30.000000 0.000000 0.000000 21.000000 0.342800
91.000000 31.000000 0.000000 0.000000 21.000000 0.342800
91.000000 32.000000 0.000000 0.000000 21.000000 0.342800
91.000000 33.000000 0.000000 0.000000 21.000000 0.342800
91.000000 34.000000 0.000000 0.000000 21.000000 0.342800
91.000000 35.000000 0.000000 0.000000 21.000000 0.342800
91.000000 36.000000 0.000000 0.000000 21.000000 0.342800
91.000000 37.000000 0.000000 0.000000 21.000000 0.342800
91.000000 38.000000 0.000000 0.000000 21.000000 0.342800
91.000000 39.000000 0.000000 0.000000 21.000000 0.342800
91.000000 40.000000 0.000000 0.000000 21.000000 0.342800
91.000000 41.000000 0.000000 0.000000 21.000000 0.342800
91.000000 42.000000 0.000000 0.000000 21.000000 0.342800
91.000000 43.000000 0.000000 0.000000 21.000000 0.342800
91.000000 44.000000 0.000000 0.000000 21.000000 0.342800
91.000000 45.000000 0.000000 0.000000 21.000000 0.342800
91.000000 46.000000 0.000000 0.000000 21.000000 0.342800
91.000000 47.000000 0.000000 0.000000 21.000000 0.342800
91.000000 48.000000 0.000000 0.000000 21.000000 0.342800
91.000000 49.000000 0.000000 0.000000 21.000000 0.342800
92.000000 0.000000 0.000000 0.000000 21.000000 0.342800
92.000000 1.000000 0.000000 0.000000 21.000000 0.342800
92.000000 2.000000 0.000000 0.000000 21.000000 0.342800
92.000000 3.000000 0.000000 0.000000 21.000000 0.342800
92.000000 4.000000 0.000000 0.000000 21.000000 0.342800
92.000000 5.000000 0.000000 0.000000 21.000000 0.342800
92.000000 6.000000 0.000000 0.000000 21.000000 0.349560
92.000000 7.000000 0.000000 0.000000 21.000000 0.350515
92.000000 8.000000 0.000000 0.000000 21.000000 0.350515
92.000000 9.000000 0.000000 0.000000 21.000000 0.353087
92.000000 10.000000 0.000000 0.000000 21.000000 0.353087
92.000000 11.000000 0.000000 0.000000 21.000000 0.350515
92.000000 12.000000 0.000000 0.000000 21.000000 0.345371
92.000000 13.000000 0.000000 0.000000 21.000000 0.342800
92.000000 14.000000 0.000000 0.000000 21.000000 0.342800
92.000000 15.000000 0.000000 0.000000 21.000000 0.342800
92.000000 16.000000 0.000000 0.000000 21.000000 0.342800
92.000000 17.000000 0.000000 0.000000 21.000000 0.342800
92.000000 18.000000 0.000000 0.000000 21.000000 0.342800
92.000000 19.000000 0.000000 0.000000 21.000000 0.342800
92.000000 20.000000 0.000000 0.000000 21.000000 0.342800
92.000000 21.000000 0.000000 0.000000 21.000000 0.342800
92.000000 22.000000 0.000000 0.000000 21.000000 0.342800
92.000000 23.000000 0.000000 0.000000 21.000000 0.342800
92.000000 24.000000 0.000000 0.000000 21.000000 0.342800
92.000000 25.000000 0.000000 0.000000 21.000000 0.342800
92.000000 26.000000 0.000000 0.000000 21.000000 0.342800
92.000000 27.000000 0.000000 0.000000 21.000000 0.342800
92.000000 28.000000 0.000000 0.000000 21.000000 0.342800
92.000000 29.000000 0.000000 0.000000 21.000000 0.342800
92.000000 30.000000 0.000000 0.000000 21.000000 0.342800
92.000000 31.000000 0.000000 0.000000 21.000000 0.342800
92.000000 32.000000 0.000000 0.000000 21.000000 0.342800
92.000000 33.000000 0.000000 0.000000 21.000000 0.342800
92.000000 34.000000 0.000000 0.000000 21.000000 0.342800
92.000000 35.000000 0.000000 0.000000 21.000000 0.342800
92.000000 36.000000 0.000000 0.000000 21.000000 0.342800
92.000000 37.000000 0.000000 0.000000 21.000000 0.342800
92.000000 38.000000 0.000000 0.000000 21.000000 0.342800
92.000000 39.000000 0.000000 0.000000 21.000000 0.342800
92.000000 40.000000 0.000000 0.000000 21.000000 0.342800
92.000000 41.000000 0.000000 0.000000 21.000000 0.342800
92.000000 42.000000 0.000000 0.000000 21.000000 0.342800
92.000000 43.000000 0.000000 0.000000 21.000000 0.342800
92.000000 44.000000 0.000000 0.000000 21.000000 0.342800
92.000000 45.000000 0.000000 0.000000 21.000000 0.342800
92.000000 46.000000 0.000000 0.000000 21.000000 0.342800
92.000000 47.000000 0.000000 0.000000 21.000000 0.342800
92.000000 48.000000 0.000000 0.000000 21.000000 0.342800
92.000000 49.000000 0.000000 0.000000 21.000000 0.342800
93.000000 0.000000 0.000000 0.000000 21.000000 0.342800
93.000000 1.000000 0.000000 0.000000 21.000000 0.342800
93.000000 2.000000 0.000000 0.000000 21.000000 0.344894
93.000000 3.000000 0.000000 0.000000 21.000000 0.345371
93.000000 4.000000 0.000000 0.000000 21.000000 0.345371
93.000000 5.000000 0.000000 0.000000 21.000000 0.345371
93.000000 6.000000 0.000000 0.000000 21.000000 0.345371
93.000000 7.000000 0.000000 0.000000 21.000000 0.345371
93.000000 8.000000 0.000000 0.000000 21.000000 0.342800
93.000000 9.000000 0.000000 0.000000 21.000000 0.342800
93.000000 10.000000 0.000000 0.000000 21.000000 0.342800
93.000000 11.000000 0.000000 0.000000 21.000000 0.342800
93.000000 12.000000 0.000000 0.000000 21.000000 0.342800
93.000000 13.000000 0.000000 0.000000 21.000000 0.342800
93.000000 14.000000 0.000000 0.000000 21.000000 0.342800
93.000000 15.000000 0.000000 0.000000 21.000000 0.342800
93.000000 16.000000 0.000000 0.000000 21.000000 0.342800
93.000000 17.000000 0.000000 0.000000 21.000000 0.342800
93.000000 18.000000 0.000000 0.000000 21.000000 0.342800
93.000000 19.000000 0.000000 0.000000 21.000000 0.342800
93.000000 20.000000 0.000000 0.000000 21.000000 0.342800
93.000000 21.000000 0.000000 0.000000 21.000000 0.342800
93.000000 22.000000 0.000000 0.000000 21.000000 0.342800
93.000000 23.000000 0.000000 0.000000 21.000000 0.342800
93.000000 24.000000 0.000000 0.000000 21.000000 0.342800
93.000000 25.000000 0.000000 0.000000 21.000000 0.342800
93.000000 26.000000 0.000000 0.000000 21.000000 0.342800
93.000000 27.000000 0.000000 0.000000 21.000000 0.342800
93.000000 28.000000 0.000000 0.000000 21.000000 0.342800
93.000000 29.000000 0.000000 0.000000 21.000000 0.342800
93.000000 30.000000 0.000000 0.000000 21.000000 0.342800
93.000000 31.000000 0.000000 0.000000 21.000000 0.342800
93.000000 32.000000 0.000000 0.000000 21.000000 0.342800
93.000000 33.000000 0.000000 0.000000 21.000000 0.342800
93.000000 34.000000 0.000000 0.000000 21.000000 0.342800
93.000000 35.000000 0.000000 0.000000 21.000000 0.342800
93.000000 36.000000 0.000000 0.000000 21.000000 0.342800
93.000000 37.000000 0.000000 0.000000 21.000000 0.342800
93.000000 38.000000 0.000000 0.000000 21.000000 0.342800
93.000000 39.000000 0.000000 0.000000 21.000000 0.342800
93.000000 40.000000 0.000000 0.000000 21.000000 0.342800
93.000000 41.000000 0.000000 0.000000 21.000000 0.342800
93.000000 42.000000 0.000000 0.000000 21.000000 0.342800
93.000000 43.000000 0.000000 0.000000 21.000000 0.342800
93.000000 44.000000 0.000000 0.000000 21.000000 0.342800
93.000000 45.000000 0.000000 0.000000 21.000000 0.342800
93.000000 46.000000 0.000000 0.000000 21.000000 0.342800
93.000000 47.000000 0.000000 0.000000 21.000000 0.342800
93.000000 48.000000 0.000000 0.000000 21.000000 0.342800
93.000000 49.000000 0.000000 0.000000 21.000000 0.342800
94.000000 0.000000 0.000000 0.000000 21.000000 0.342800
94.000000 1.000000 0.000000 0.000000 21.000000 0.342800
94.000000 2.000000 0.000000 0.000000 21.000000 0.344894
94.000000 3.000000 0.000000 0.000000 21.000000 0.345371
94.000000 4.000000 0.000000 0.000000 21.000000 0.345371
94.000000 5.000000 0.000000 0.000000 21.000000 0.345371
94.000000 6.000000 0.000000 0.000000 21.000000 0.345371
94.000000 7.000000 0.000000 0.000000 21.000000 0.345371
94.000000 8.000000 0.000000 0.000000 21.000000 0.345371
94.000000 9.000000 0.000000 0.000000 21.000000 0.342800
94.000000 10.000000 0.000000 0.000000 21.000000 0.342800
94.000000 11.000000 0.000000 0.000000 21.000000 0.342800
94.000000 12.000000 0.000000 0.000000 21.000000 0.342800
94.000000 13.000000 0.000000 0.000000 21.000000 0.342800
94.000000 14.000000 0.000000 0.000000 21.000000 0.342800
94.000000 15.000000 0.000000 0.000000 21.000000 0.342800
94.000000 16.000000 0.000000 0.000000 21.000000 0.342800
94.000000 17.000000 0.000000 0.000000 21.000000 0.342800
94.000000 18.000000 0.000000 0.000000 21.000000 0.342800
94.000000 19.000000 0.000000 0.000000 21.000000 0.342800
94.000000 20.000000 0.000000 0.000000 21.000000 0.342800
94.000000 21.000000 0.000000 0.000000 21.000000 0.342800
94.000000 22.000000 0.000000 0.000000 21.000000 0.342800
94.000000 23.000000 0.000000 0.000000 21.000000 0.342800
94.000000 24.000000 0.000000 0.000000 21.000000 0.342800
94.000000 25.000000 0.000000 0.000000 21.000000 0.342800
94.000000 26.000000 0.000000 0.000000 21.000000 0.342800
94.000000 27.000000 0.000000 0.000000 21.000000 0.342800
94.000000 28.000000 0.000000 0.000000 21.000000 0.342800
94.000000 29.000000 0.000000 0.000000 21.000000 0.342800
94.000000 30.000000 0.000000 0.000000 21.000000 0.342800
94.000000 31.000000 0.000000 0.000000 21.000000 0.342800
94.000000 32.000000 0.000000 0.000000 21.000000 0.342800
94.000000 33.000000 0.000000 0.000000 21.000000 0.342800
94.000000 34.000000 0.000000 0.000000 21.000000 0.342800
94.000000 35.000000 0.000000 0.000000 21.000000 0.342800
94.000000 36.000000 0.000000 0.000000 21.000000 0.342800
94.000000 37.000000 0.000000 0.000000 21.000000 0.342800
94.000000 38.000000 0.000000 0.000000 21.000000 0.342800
94.000000 39.000000 0.000000 0.000000 21.000000 0.342800
94.000000 40.000000 0.000000 0.000000 21.000000 0.342800
94.000000 41.000000 0.000000 0.000000 21.000000 0.342800
94.000000 42.000000 0.000000 0.000000 21.000000 0.342800
94.000000 43.000000 0.000000 0.000000 21.000000 0.342800
94.000000 44.000000 0.000000 0.000000 21.000000 0.342800
94.000000 45.000000 0.000000 0.000000 21.000000 0.342800
94.000000 46.000000 0.000000 0.000000 21.000000 0.342800
94.000000 47.000000 0.000000 0.000000 21.000000 0.342800
94.000000 48.000000 0.000000 0.000000 21.000000 0.342800
94.000000 49.000000 0.000000 0.000000 21.000000 0.342800
95.000000 0.000000 0.000000 0.000000 21.000000 0.342800
95.000000 1.000000 0.000000 0.000000 21.000000 0.342800
95.000000 2.000000 0.000000 0.000000 21.000000 0.344894
95.000000 3.000000 0.000000 0.000000 21.000000 0.345371
95.000000 4.000000 0.000000 0.000000 21.000000 0.345371
95.000000 5.000000 0.000000 0.000000 21.000000 0.345371
95.000000 6.000000 0.000000 0.000000 21.000000 0.345371
95.000000 7.000000 0.000000 0.000000 21.000000 0.345371
95.000000 8.000000 0.000000 0.000000 21.000000 0.342800
95.000000 9.000000 0.000000 0.000000 21.000000 0.342800
95.000000 10.000000 0.000000 0.000000 21.000000 0.342800
95.000000 11.000000 0.000000 0.000000 21.000000 0.342800
95.000000 12.000000 0.000000 0.000000 21.000000 0.342800
95.000000 13.000000 0.000000 0.000000 21.000000 0.342800
95.000000 14.000000 0.000000 0.000000 21.000000 0.342800
95.000000 15.000000 0.000000 0.000000 21.000000 0.342800
95.000000 16.000000 0.000000 0.000000 21.000000 0.342800
95.000000 17.000000 0.000000 0.000000 21.000000 0.342800
95.000000 18.000000 0.000000 0.000000 21.000000 0.342800
95.000000 19.000000 0.000000 0.000000 21.000000 0.342800
95.000000 20.000000 0.000000 0.000000 21.000000 0.342800
95.000000 21.000000 0.000000 0.000000 21.000000 0.342800
95.000000 22.000000 0.000000 0.000000 21.000000 0.342800
95.000000 23.000000 0.000000 0.000000 21.000000 0.342800
95.000000 24.000000 0.000000 0.000000 21.000000 0.342800
95.000000 25.000000 0.000000 0.000000 21.000000 0.342800
95.000000 26.000000 0.000000 0.000000 21.000000 0.342800
95.000000 27.000000 0.000000 0.000000 21.000000 0.342800
95.000000 28.000000 0.000000 0.000000 21.000000 0.342800
95.000000 29.000000 0.000000 0.000000 21.000000 0.342800
95.000000 30.000000 0.000000 0.000000 21.000000 0.342800
95.000000 31.000000 0.000000 0.000000 21.000000 0.342800
95.000000 32.000000 0.000000 0.000000 21.000000 0.342800
95.000000 33.000000 0.000000 0.000000 21.000000 0.342800
95.000000 34.000000 0.000000 0.000000 21.000000 0.342800
95.000000 35.000000 0.000000 0.000000 21.000000 0.342800
95.000000 36.000000 0.000000 0.000000 21.000000 0.342800
95.000000 37.000000 0.000000 0.000000 21.000000 0.342800
95.000000 38.000000 0.000000 0.000000 21.000000 0.342800
95.000000 39.000000 0.000000 0.000000 21.000000 0.342800
95.000000 40.000000 0.000000 0.000000 21.000000 0.342800
95.000000 41.000000 0.000000 0.000000 21.000000 0.342800
95.000000 42.000000 0.000000 0.000000 21.000000 0.342800
95.000000 43.000000 0.000000 0.000000 21.000000 0.342800
95.000000 44.000000 0.000000 0.000000 21.000000 0.342800
95.000000 45.000000 0.000000 0.000000 21.000000 0.342800
95.000000 46.000000 0.000000 0.000000 21.000000 0.342800
95.000000 47.000000 0.000000 0.000000 21.000000 0.342800
95.000000 48.000000 0.000000 0.000000 21.000000 0.342800
95.000000 49.000000 0.000000 0.000000 21.000000 0.342800
96.000000 0.000000 0.000000 0.000000 21.000000 0.342800
96.000000 1.000000 0.000000 0.000000 21.000000 0.342800
96.000000 2.000000 0.000000 0.000000 21.000000 0.342800
96.000000 3.000000 0.000000 0.000000 21.000000 0.342800
96.000000 4.000000 0.000000 0.000000 21.000000 0.342800
96.000000 5.000000 0.000000 0.000000 21.000000 0.342800
96.000000 6.000000 0.000000 0.000000 21.000000 0.342800
96.000000 7.000000 0.000000 0.000000 21.000000 0.347943
96.000000 8.000000 0.000000 0.000000 21.000000 0.350038
96.000000 9.000000 0.000000 0.000000 21.000000 0.360992
96.000000 10.000000 0.000000 0.000000 20.252861 0.416444
96.000000 11.000000 0.000000 0.000000 18.216106 0.493929
96.000000 12.000000 0.000000 0.000000 16.839832 0.546096
96.000000 13.000000 0.000000 0.000000 14.061713 0.650506
96.000000 14.000000 0.982611 0.000000 0.000000 1.000000
96.000000 15.000000 0.509881 0.000000 0.000000 0.990034
96.000000 16.000000 0.857319 0.000000 0.000000 1.000000
96.000000 17.000000 0.884392 0.000000 0.000000 1.000000
96.000000 18.000000 0.826221 0.000000 0.000000 1.000000
96.000000 19.000000 0.497165 0.000000 0.000000 0.995811
96.000000 20.000000 0.179908 0.000000 7.474636 0.782828
96.000000 21.000000 0.128143 0.000000 7.762720 0.819758
96.000000 22.000000 0.000000 0.000000 16.270857 0.556409
96.000000 23.000000 0.568647 0.000000 0.000000 1.000000
96.000000 24.000000 0.000000 0.000000 20.466324 0.278256
96.000000 25.000000 0.000000 0.000000 19.421305 0.447907
96.000000 26.000000 0.000000 0.000000 19.291941 0.452942
96.000000 27.000000 0.000000 0.000000 19.369123 0.450120
96.000000 28.000000 0.000000 0.000000 19.104557 0.460106
96.000000 29.000000 0.000000 0.000000 18.769478 0.472951
96.000000 30.000000 0.000000 0.000000 18.978315 0.465097
96.000000 31.000000 0.000000 0.000000 19.155010 0.458355
96.000000 32.000000 0.000000 0.000000 18.755547 0.473549
96.000000 33.000000 0.000000 0.000000 18.663229 0.477091
96.000000 34.000000 0.000000 0.000000 18.750614 0.473841
96.000000 35.000000 0.000000 0.000000 18.687546 0.476132
96.000000 36.000000 0.000000 0.000000 18.128592 0.497180
96.000000 37.000000 0.000000 0.000000 16.778801 0.548493
96.000000 38.000000 0.000000 0.000000 15.746282 0.587391
96.000000 39.000000 0.000000 0.000000 15.235518 0.606602
96.000000 40.000000 0.042111 0.000000 12.381152 0.713621
96.000000 41.000000 0.106667 0.000000 10.619889 0.766843
96.000000 42.000000 0.150263 0.000000 9.003417 0.804745
96.000000 43.000000 0.197926 0.000000 7.967619 0.838430
96.000000 44.000000 0.182308 0.000000 8.539147 0.818907
96.000000 45.000000 0.151845 0.000000 9.085217 0.800101
96.000000 46.000000 0.068375 0.000000 11.274267 0.731245
96.000000 47.000000 0.018866 0.000000 12.565693 0.695032
96.000000 48.000000 0.008791 0.000000 12.123241 0.699718
96.000000 49.000000 0.000000 0.000000 11.330145 0.701211
97.000000 0.000000 0.000000 0.000000 21.000000 0.342800
97.000000 1.000000 0.000000 0.000000 21.000000 0.342800
97.000000 2.000000 0.000000 0.000000 21.000000 0.342800
97.000000 3.000000 0.000000 0.000000 21.000000 0.342800
97.000000 4.000000 0.000000 0.000000 21.000000 0.342800
97.000000 5.000000 0.000000 0.000000 21.000000 0.342800
97.000000 6.000000 0.000000 0.000000 21.000000 0.344894
97.000000 7.000000 0.000000 0.000000 21.000000 0.350038
97.000000 8.000000 0.000000 0.000000 21.000000 0.350515
97.000000 9.000000 0.000000 0.000000 21.000000 0.350515
97.000000 10.000000 0.000000 0.000000 21.000000 0.350515
97.000000 11.000000 0.000000 0.000000 21.000000 0.355183
97.000000 12.000000 0.000000 0.000000 21.000000 0.350515
97.000000 13.000000 0.000000 0.000000 21.000000 0.350038
97.000000 14.000000 0.000000 0.000000 21.000000 0.356801
97.000000 15.000000 0.000000 0.000000 20.479944 0.407747
97.000000 16.000000 0.000000 0.000000 18.216106 0.493929
97.000000 17.000000 0.000000 0.000000 17.076365 0.537198
97.000000 18.000000 0.683830 0.000000 0.000000 1.000000
97.000000 19.000000 0.000000 0.000000 11.929924 0.567669
97.000000 20.000000 0.889803 0.000000 0.000000 1.000000
97.000000 21.000000 0.000000 0.000000 11.326193 0.549910
97.000000 22.000000 0.917717 0.000000 0.000000 1.000000
97.000000 23.000000 0.000000 0.000000 12.076999 0.515772
97.000000 24.000000 0.756634 0.000000 0.000000 1.000000
97.000000 25.000000 0.000000 0.000000 17.145691 0.361611
97.000000 26.000000 0.000000 0.000000 17.369781 0.524699
97.000000 27.000000 0.000000 0.000000 18.756155 0.472733
97.000000 28.000000 0.000000 0.000000 19.691360 0.437474
97.000000 29.000000 0.000000 0.000000 18.573069 0.480077
97.000000 30.000000 0.000000 0.000000 16.782129 0.548099
97.000000 31.000000 0.706731 0.000000 0.000000 1.000000
97.000000 32.000000 0.000000 0.000000 11.675401 0.574617
97.000000 33.000000 0.928230 0.000000 0.000000 1.000000
97.000000 34.000000 0.015856 0.000000 9.551695 0.607989
97.000000 35.000000 0.945365 0.000000 0.000000 1.000000
97.000000 36.000000 0.000000 0.000000 10.794777 0.557437
97.000000 37.000000 0.805501 0.000000 0.000000 1.000000
97.000000 38.000000 0.000000 0.000000 14.538807 0.448767
97.000000 39.000000 0.000000 0.000000 14.993537 0.614358
97.000000 40.000000 0.000000 0.000000 16.798004 0.546702
97.000000 41.000000 0.000000 0.000000 17.557325 0.518371
97.000000 42.000000 0.000000 0.000000 18.429615 0.485716
97.000000 43.000000 0.000000 0.000000 19.202709 0.456529
97.000000 44.000000 0.000000 0.000000 19.501602 0.445255
97.000000 45.000000 0.000000 0.000000 19.330551 0.451736
97.000000 46.000000 0.000000 0.000000 19.793205 0.434139
97.000000 47.000000 0.000000 0.000000 19.916605 0.429455
97.000000 48.000000 0.000000 0.000000 19.892384 0.430413
97.000000 49.000000 0.000000 0.000000 20.433840 0.409768
98.000000 0.000000 0.000000 0.000000 21.000000 0.342800
98.000000 1.000000 0.000000 0.000000 21.000000 0.342800
98.000000 2.000000 0.000000 0.000000 21.000000 0.345371
98.000000 3.000000 0.000000 0.000000 21.000000 0.345371
98.000000 4.000000 0.000000 0.000000 21.000000 0.345371
98.000000 5.000000 0.000000 0.000000 21.000000 0.345371
98.000000 6.000000 0.000000 0.000000 21.000000 0.345371
98.000000 7.000000 0.000000 0.000000 21.000000 0.342800
98.000000 8.000000 0.000000 0.000000 21.000000 0.342800
98.000000 9.000000 0.000000 0.000000 21.000000 0.342800
98.000000 10.000000 0.000000 0.000000 21.000000 0.342800
98.000000 11.000000 0.000000 0.000000 21.000000 0.342800
98.000000 12.000000 0.000000 0.000000 21.000000 0.342800
98.000000 13.000000 0.000000 0.000000 21.000000 0.342800
98.000000 14.000000 0.000000 0.000000 21.000000 0.342800
98.000000 15.000000 0.000000 0.000000 21.000000 0.342800
98.000000 16.000000 0.000000 0.000000 21.000000 0.342800
98.000000 17.000000 0.000000 0.000000 21.000000 0.342800
98.000000 18.000000 0.000000 0.000000 21.000000 0.342800
98.000000 19.000000 0.000000 0.000000 21.000000 0.342800
98.000000 20.000000 0.000000 0.000000 21.000000 0.342800
98.000000 21.000000 0.000000 0.000000 21.000000 0.342800
98.000000 22.000000 0.000000 0.000000 21.000000 0.342800
98.000000 23.000000 0.000000 0.000000 21.000000 0.342800
98.000000 24.000000 0.000000 0.000000 21.000000 0.342800
98.000000 25.000000 0.000000 0.000000 21.000000 0.342800
98.000000 26.000000 0.000000 0.000000 21.000000 0.342800
98.000000 27.000000 0.000000 0.000000 21.000000 0.342800
98.000000 28.000000 0.000000 0.000000 21.000000 0.342800
98.000000 29.000000 0.000000 0.000000 21.000000 0.342800
98.000000 30.000000 0.000000 0.000000 21.000000 0.342800
98.000000 31.000000 0.000000 0.000000 21.000000 0.342800
98.000000 32.000000 0.000000 0.000000 21.000000 0.342800
98.000000 33.000000 0.000000 0.000000 21.000000 0.342800
98.000000 34.000000 0.000000 0.000000 21.000000 0.342800
98.000000 35.000000 0.000000 0.000000 21.000000 0.342800
98.000000 36.000000 0.000000 0.000000 21.000000 0.342800
98.000000 37.000000 0.000000 0.000000 21.000000 0.342800
98.000000 38.000000 0.000000 0.000000 21.000000 0.342800
98.000000 39.000000 0.000000 0.000000 21.000000 0.342800
98.000000 40.000000 0.000000 0.000000 21.000000 0.342800
98.000000 41.000000 0.000000 0.000000 21.000000 0.342800
98.000000 42.000000 0.000000 0.000000 21.000000 0.342800
98.000000 43.000000 0.000000 0.000000 21.000000 0.342800
98.000000 44.000000 0.000000 0.000000 21.000000 0.342800
98.000000 45.000000 0.000000 0.000000 21.000000 0.342800
98.000000 46.000000 0.000000 0.000000 21.000000 0.342800
98.000000 47.000000 0.000000 0.000000 21.000000 0.342800
98.000000 48.000000 0.000000 0.000000 21.000000 0.342800
98.000000 49.000000 0.000000 0.000000 21.000000 0.342800
99.000000 0.000000 0.000000 0.000000 21.000000 0.342800
99.000000 1.000000 0.000000 0.000000 21.000000 0.342800
99.000000 2.000000 0.000000 0.000000 21.000000 0.342800
99.000000 3.000000 0.000000 0.000000 21.000000 0.342800
99.000000 4.000000 0.000000 0.000000 21.000000 0.342800
99.000000 5.000000 0.000000 0.000000 21.000000 0.342800
99.000000 6.000000 0.000000 0.000000 21.000000 0.347466
99.000000 7.000000 0.000000 0.000000 21.000000 0.352610
99.000000 8.000000 0.000000 0.000000 21.000000 0.367096
99.000000 9.000000 0.000000 0.000000 20.622280 0.402402
99.000000 10.000000 0.000000 0.000000 20.107658 0.422191
99.000000 11.000000 0.000000 0.000000 19.526917 0.444174
99.000000 12.000000 0.000000 0.000000 17.303202 0.528380
99.000000 13.000000 0.000000 0.000000 14.986156 0.615963
99.000000 14.000000 0.000000 0.000000 14.582633 0.631247
99.000000 15.000000 0.033100 0.000000 12.574358 0.706401
99.000000 16.000000 0.315252 0.000000 5.547799 0.941259
99.000000 17.000000 0.404041 0.000000 3.363554 0.977980
99.000000 18.000000 0.617283 0.000000 0.000000 1.000000
99.000000 19.000000 0.661452 0.000000 0.000000 1.000000
99.000000 20.000000 0.759417 0.000000 0.000000 1.000000
99.000000 21.000000 0.504952 0.000000 0.000000 1.000000
99.000000 22.000000 0.354059 0.000000 3.678530 0.918644
99.000000 23.000000 0.205156 0.000000 8.015960 0.832680
99.000000 24.000000 0.000000 0.000000 13.279647 0.669738
99.000000 25.000000 0.000000 0.000000 16.892685 0.543011
99.000000 26.000000 0.000000 0.000000 18.478140 0.483704
99.000000 27.000000 0.000000 0.000000 19.567022 0.442661
99.000000 28.000000 0.000000 0.000000 20.122049 0.421628
99.000000 29.000000 0.000000 0.000000 20.128548 0.421248
99.000000 30.000000 0.000000 0.000000 19.168209 0.457754
99.000000 31.000000 0.000000 0.000000 18.359507 0.488574
99.000000 32.000000 0.000000 0.000000 17.634409 0.516043
99.000000 33.000000 0.000000 0.000000 15.184224 0.608412
99.000000 34.000000 0.036666 0.000000 12.500984 0.709256
99.000000 35.000000 0.050102 0.000000 11.491772 0.727176
99.000000 36.000000 0.126296 0.000000 9.534774 0.791221
99.000000 37.000000 0.171378 0.000000 8.810410 0.815570
99.000000 38.000000 0.184664 0.000000 8.378380 0.824546
99.000000 39.000000 0.181960 0.000000 8.384340 0.823399
99.000000 40.000000 0.189771 0.000000 8.354663 0.828904
99.000000 41.000000 0.144189 0.000000 9.421057 0.790841
99.000000 42.000000 0.093334 0.000000 10.747147 0.751541
99.000000 43.000000 0.003272 0.000000 12.836764 0.681248
99.000000 44.000000 0.160763 0.000000 4.433955 0.881515
99.000000 45.000000 0.000000 0.000000 14.911055 0.583943
99.000000 46.000000 0.704346 0.000000 0.000000 1.000000
99.000000 47.000000 0.000000 0.000000 16.899736 0.382819
99.000000 48.000000 0.000000 0.000000 14.963296 0.616282
99.000000 49.000000 0.000000 0.000000 15.286689 0.603862
