0.000000 0.000000 1.000000 10000.000000 10000.000000 10000.000000 0.000000
0.000000 1.000000 1.000000 10000.000000 10000.000000 10000.000000 0.000000
0.000000 2.000000 1.000000 10000.000000 10000.000000 10000.000000 0.000000
0.000000 3.000000 1.000000 10000.000000 10000.000000 10000.000000 0.000000
0.000000 4.000000 1.000000 10000.000000 10000.000000 10000.000000 0.000000
0.000000 5.000000 1.000000 10000.000000 10000.000000 10000.000000 0.000000
0.000000 6.000000 1.000000 10000.000000 10000.000000 10000.000000 0.000000
0.000000 7.000000 1.000000 9999.000000 10000.000000 9999.000000 0.000000
0.000000 8.000000 1.000000 9998.000000 10000.000000 9998.000000 0.000000
0.000000 9.000000 1.000000 9998.000000 10000.000000 9998.000000 0.000000
0.000000 10.000000 1.000000 9998.000000 10000.000000 9998.000000 0.000000
0.000000 11.000000 1.000000 9998.000000 10000.000000 9998.000000 0.000000
0.000000 12.000000 1.000000 9998.000000 10000.000000 9998.000000 0.000000
0.000000 13.000000 1.000000 10000.000000 10000.000000 10000.000000 0.000000
0.000000 14.000000 1.000000 10000.000000 10000.000000 10000.000000 0.000000
0.000000 15.000000 1.000000 10000.000000 10000.000000 10000.000000 0.000000
0.000000 16.000000 1.000000 10000.000000 10000.000000 10000.000000 0.000000
0.000000 17.000000 1.000000 10000.000000 10000.000000 10000.000000 0.000000
0.000000 18.000000 1.000000 10000.000000 10000.000000 10000.000000 0.000000
0.000000 19.000000 1.000000 10000.000000 10000.000000 10000.000000 0.000000
0.000000 20.000000 1.000000 10000.000000 10000.000000 10000.000000 0.000000
0.000000 21.000000 1.000000 10000.000000 10000.000000 10000.000000 0.000000
0.000000 22.000000 1.000000 10000.000000 10000.000000 10000.000000 0.000000
0.000000 23.000000 1.000000 10000.000000 10000.000000 10000.000000 0.000000
0.000000 24.000000 1.000000 10000.000000 10000.000000 10000.000000 0.000000
0.000000 25.000000 1.000000 10000.000000 10000.000000 10000.000000 0.000000
0.000000 26.000000 1.000000 10000.000000 10000.000000 10000.000000 0.000000
0.000000 27.000000 1.000000 10000.000000 10000.000000 10000.000000 0.000000
0.000000 28.000000 1.000000 10000.000000 10000.000000 10000.000000 0.000000
0.000000 29.000000 1.000000 10000.000000 10000.000000 10000.000000 0.000000
0.000000 30.000000 1.000000 10000.000000 10000.000000 10000.000000 0.000000
0.000000 31.000000 1.000000 10000.000000 10000.000000 10000.000000 0.000000
0.000000 32.000000 1.000000 10000.000000 10000.000000 10000.000000 0.000000
0.000000 33.000000 1.000000 10000.000000 10000.000000 10000.000000 0.000000
0.000000 34.000000 1.000000 10000.000000 10000.000000 10000.000000 0.000000
0.000000 35.000000 1.000000 10000.000000 10000.000000 10000.000000 0.000000
0.000000 36.000000 1.000000 10000.000000 10000.000000 10000.000000 0.000000
0.000000 37.000000 1.000000 10000.000000 10000.000000 10000.000000 0.000000
0.000000 38.000000 1.000000 10000.000000 10000.000000 10000.000000 0.000000
0.000000 39.000000 1.000000 10000.000000 10000.000000 10000.000000 0.000000
0.000000 40.000000 1.000000 10000.000000 10000.000000 10000.000000 0.000000
0.000000 41.000000 1.000000 10000.000000 10000.000000 10000.000000 0.000000
0.000000 42.000000 1.000000 10000.000000 10000.000000 10000.000000 0.000000
0.000000 43.000000 1.000000 10000.000000 10000.000000 10000.000000 0.000000
0.000000 44.000000 1.000000 10000.000000 10000.000000 10000.000000 0.000000
0.000000 45.000000 1.000000 10000.000000 10000.000000 10000.000000 0.000000
0.000000 46.000000 1.000000 10000.000000 10000.000000 10000.000000 0.000000
0.000000 47.000000 1.000000 10000.000000 10000.000000 10000.000000 0.000000
0.000000 48.000000 1.000000 10000.000000 10000.000000 10000.000000 0.000000
0.000000 49.000000 1.000000 10000.000000 10000.000000 10000.000000 0.000000
1.000000 0.000000 1.000000 10000.000000 10000.000000 10000.000000 0.000000
1.000000 1.000000 1.000000 10000.000000 10000.000000 10000.000000 0.000000
1.000000 2.000000 1.000000 10000.000000 10000.000000 10000.000000 0.000000
1.000000 3.000000 1.000000 9999.000000 10000.000000 9999.000000 0.000000
1.000000 4.000000 1.000000 9999.000000 10000.000000 9999.000000 0.000000
1.000000 5.000000 1.000000 9999.000000 10000.000000 9999.000000 0.000000
1.000000 6.000000 1.000000 9999.000000 10000.000000 9999.000000 0.000000
1.000000 7.000000 1.000000 9999.000000 10000.000000 9999.000000 0.000000
1.000000 8.000000 1.000000 10000.000000 10000.000000 10000.000000 0.000000
1.000000 9.000000 1.000000 10000.000000 10000.000000 10000.000000 0.000000
1.000000 10.000000 1.000000 10000.000000 10000.000000 10000.000000 0.000000
1.000000 11.000000 1.000000 10000.000000 10000.000000 10000.000000 0.000000
1.000000 12.000000 1.000000 10000.000000 10000.000000 10000.000000 0.000000
1.000000 13.000000 1.000000 10000.000000 10000.000000 10000.000000 0.000000
1.000000 14.000000 1.000000 10000.000000 10000.000000 10000.000000 0.000000
1.000000 15.000000 1.000000 10000.000000 10000.000000 10000.000000 0.000000
1.000000 16.000000 1.000000 10000.000000 10000.000000 10000.000000 0.000000
1.000000 17.000000 1.000000 10000.000000 10000.000000 10000.000000 0.000000
1.000000 18.000000 1.000000 10000.000000 10000.000000 10000.000000 0.000000
1.000000 19.000000 1.000000 10000.000000 10000.000000 10000.000000 0.000000
1.000000 20.000000 1.000000 10000.000000 10000.000000 10000.000000 0.000000
1.000000 21.000000 1.000000 10000.000000 10000.000000 10000.000000 0.000000
1.000000 22.000000 1.000000 10000.000000 10000.000000 10000.000000 0.000000
1.000000 23.000000 1.000000 10000.000000 10000.000000 10000.000000 0.000000
1.000000 24.000000 1.000000 10000.000000 10000.000000 10000.000000 0.000000
1.000000 25.000000 1.000000 10000.000000 10000.000000 10000.000000 0.000000
1.000000 26.000000 1.000000 10000.000000 10000.000000 10000.000000 0.000000
1.000000 27.000000 1.000000 10000.000000 10000.000000 10000.000000 0.000000
1.000000 28.000000 1.000000 10000.000000 10000.000000 10000.000000 0.000000
1.000000 29.000000 1.000000 10000.000000 10000.000000 10000.000000 0.000000
1.000000 30.000000 1.000000 10000.000000 10000.000000 10000.000000 0.000000
1.000000 31.000000 1.000000 10000.000000 10000.000000 10000.000000 0.000000
1.000000 32.000000 1.000000 10000.000000 10000.000000 10000.000000 0.000000
1.000000 33.000000 1.000000 10000.000000 10000.000000 10000.000000 0.000000
1.000000 34.000000 1.000000 10000.000000 10000.000000 10000.000000 0.000000
1.000000 35.000000 1.000000 10000.000000 10000.000000 10000.000000 0.000000
1.000000 36.000000 1.000000 10000.000000 10000.000000 10000.000000 0.000000
1.000000 37.000000 1.000000 10000.000000 10000.000000 10000.000000 0.000000
1.000000 38.000000 1.000000 10000.000000 10000.000000 10000.000000 0.000000
1.000000 39.000000 1.000000 10000.000000 10000.000000 10000.000000 0.000000
1.000000 40.000000 1.000000 10000.000000 10000.000000 10000.000000 0.000000
1.000000 41.000000 1.000000 10000.000000 10000.000000 10000.000000 0.000000
1.000000 42.000000 1.000000 10000.000000 10000.000000 10000.000000 0.000000
1.000000 43.000000 1.000000 10000.000000 10000.000000 10000.000000 0.000000
1.000000 44.000000 1.000000 10000.000000 10000.000000 10000.000000 0.000000
1.000000 45.000000 1.000000 10000.000000 10000.000000 10000.000000 0.000000
1.000000 46.000000 1.000000 10000.000000 10000.000000 10000.000000 0.000000
1.000000 47.000000 1.000000 10000.000000 10000.000000 10000.000000 0.000000
1.000000 48.000000 1.000000 10000.000000 10000.000000 10000.000000 0.000000
1.000000 49.000000 1.000000 10000.000000 10000.000000 10000.000000 0.000000
2.000000 0.000000 1.000000 10000.000000 10000.000000 10000.000000 0.000000
2.000000 1.000000 1.000000 10000.000000 10000.000000 10000.000000 0.000000
2.000000 2.000000 1.000000 9999.000000 10000.000000 9999.000000 0.000000
2.000000 3.000000 1.000000 9999.000000 10000.000000 9999.000000 0.000000
2.000000 4.000000 1.000000 9999.000000 10000.000000 9999.000000 0.000000
2.000000 5.000000 1.000000 9999.000000 10000.000000 9999.000000 0.000000
2.000000 6.000000 1.000000 9999.000000 10000.000000 9999.000000 0.000000
2.000000 7.000000 1.000000 9999.000000 10000.000000 9999.000000 0.000000
2.000000 8.000000 1.000000 10000.000000 10000.000000 10000.000000 0.000000
2.000000 9.000000 1.000000 10000.000000 10000.000000 10000.000000 0.000000
2.000000 10.000000 1.000000 10000.000000 10000.000000 10000.000000 0.000000
2.000000 11.000000 1.000000 10000.000000 10000.000000 10000.000000 0.000000
2.000000 12.000000 1.000000 10000.000000 10000.000000 10000.000000 0.000000
2.000000 13.000000 1.000000 10000.000000 10000.000000 10000.000000 0.000000
2.000000 14.000000 1.000000 10000.000000 10000.000000 10000.000000 0.000000
2.000000 15.000000 1.000000 10000.000000 10000.000000 10000.000000 0.000000
2.000000 16.000000 1.000000 10000.000000 10000.000000 10000.000000 0.000000
2.000000 17.000000 1.000000 10000.000000 10000.000000 10000.000000 0.000000
2.000000 18.000000 1.000000 10000.000000 10000.000000 10000.000000 0.000000
2.000000 19.000000 1.000000 10000.000000 10000.000000 10000.000000 0.000000
2.000000 20.000000 1.000000 10000.000000 10000.000000 10000.000000 0.000000
2.000000 21.000000 1.000000 10000.000000 10000.000000 10000.000000 0.000000
2.000000 22.000000 1.000000 10000.000000 10000.000000 10000.000000 0.000000
2.000000 23.000000 1.000000 10000.000000 10000.000000 10000.000000 0.000000
2.000000 24.000000 1.000000 10000.000000 10000.000000 10000.000000 0.000000
2.000000 25.000000 1.000000 10000.000000 10000.000000 10000.000000 0.000000
2.000000 26.000000 1.000000 10000.000000 10000.000000 10000.000000 0.000000
2.000000 27.000000 1.000000 10000.000000 10000.000000 10000.000000 0.000000
2.000000 28.000000 1.000000 10000.000000 10000.000000 10000.000000 0.000000
2.000000 29.000000 1.000000 10000.000000 10000.000000 10000.000000 0.000000
2.000000 30.000000 1.000000 10000.000000 10000.000000 10000.000000 0.000000
2.000000 31.000000 1.000000 10000.000000 10000.000000 10000.000000 0.000000
2.000000 32.000000 1.000000 10000.000000 10000.000000 10000.000000 0.000000
2.000000 33.000000 1.000000 10000.000000 10000.000000 10000.000000 0.000000
2.000000 34.000000 1.000000 10000.000000 10000.000000 10000.000000 0.000000
2.000000 35.000000 1.000000 10000.000000 10000.000000 10000.000000 0.000000
2.000000 36.000000 1.000000 10000.000000 10000.000000 10000.000000 0.000000
2.000000 37.000000 1.000000 10000.000000 10000.000000 10000.000000 0.000000
2.000000 38.000000 1.000000 10000.000000 10000.000000 10000.000000 0.000000
2.000000 39.000000 1.000000 10000.000000 10000.000000 10000.000000 0.000000
2.000000 40.000000 1.000000 10000.000000 10000.000000 10000.000000 0.000000
2.000000 41.000000 1.000000 10000.000000 10000.000000 10000.000000 0.000000
2.000000 42.000000 1.000000 10000.000000 10000.000000 10000.000000 0.000000
2.000000 43.000000 1.000000 10000.000000 10000.000000 10000.000000 0.000000
2.000000 44.000000 1.000000 10000.000000 10000.000000 10000.000000 0.000000
2.000000 45.000000 1.000000 10000.000000 10000.000000 10000.000000 0.000000
2.000000 46.000000 1.000000 10000.000000 10000.000000 10000.000000 0.000000
2.000000 47.000000 1.000000 10000.000000 10000.000000 10000.000000 0.000000
2.000000 48.000000 1.000000 10000.000000 10000.000000 10000.000000 0.000000
2.000000 49.000000 1.000000 10000.000000 10000.000000 10000.000000 0.000000
3.000000 0.000000 1.000000 10000.000000 10000.000000 10000.000000 0.000000
3.000000 1.000000 1.000000 10000.000000 10000.000000 10000.000000 0.000000
3.000000 2.000000 1.000000 10000.000000 10000.000000 10000.000000 0.000000
3.000000 3.000000 1.000000 9999.000000 10000.000000 9999.000000 0.000000
3.000000 4.000000 1.000000 9999.000000 10000.000000 9999.000000 0.000000
3.000000 5.000000 1.000000 9999.000000 10000.000000 9999.000000 0.000000
3.000000 6.000000 1.000000 9999.000000 10000.000000 9999.000000 0.000000
3.000000 7.000000 1.000000 9999.000000 10000.000000 9999.000000 0.000000
3.000000 8.000000 1.000000 10000.000000 10000.000000 10000.000000 0.000000
3.000000 9.000000 1.000000 10000.000000 10000.000000 10000.000000 0.000000
3.000000 10.000000 1.000000 10000.000000 10000.000000 10000.000000 0.000000
3.000000 11.000000 1.000000 10000.000000 10000.000000 10000.000000 0.000000
3.000000 12.000000 1.000000 10000.000000 10000.000000 10000.000000 0.000000
3.000000 13.000000 1.000000 10000.000000 10000.000000 10000.000000 0.000000
3.000000 14.000000 1.000000 10000.000000 10000.000000 10000.000000 0.000000
3.000000 15.000000 1.000000 10000.000000 10000.000000 10000.000000 0.000000
3.000000 16.000000 1.000000 10000.000000 10000.000000 10000.000000 0.000000
3.000000 17.000000 1.000000 10000.000000 10000.000000 10000.000000 0.000000
3.000000 18.000000 1.000000 10000.000000 10000.000000 10000.000000 0.000000
3.000000 19.000000 1.000000 10000.000000 10000.000000 10000.000000 0.000000
3.000000 20.000000 1.000000 10000.000000 10000.000000 10000.000000 0.000000
3.000000 21.000000 1.000000 10000.000000 10000.000000 10000.000000 0.000000
3.000000 22.000000 1.000000 10000.000000 10000.000000 10000.000000 0.000000
3.000000 23.000000 1.000000 10000.000000 10000.000000 10000.000000 0.000000
3.000000 24.000000 1.000000 10000.000000 10000.000000 10000.000000 0.000000
3.000000 25.000000 1.000000 10000.000000 10000.000000 10000.000000 0.000000
3.000000 26.000000 1.000000 10000.000000 10000.000000 10000.000000 0.000000
3.000000 27.000000 1.000000 10000.000000 10000.000000 10000.000000 0.000000
3.000000 28.000000 1.000000 10000.000000 10000.000000 10000.000000 0.000000
3.000000 29.000000 1.000000 10000.000000 10000.000000 10000.000000 0.000000
3.000000 30.000000 1.000000 10000.000000 10000.000000 10000.000000 0.000000
3.000000 31.000000 1.000000 10000.000000 10000.000000 10000.000000 0.000000
3.000000 32.000000 1.000000 10000.000000 10000.000000 10000.000000 0.000000
3.000000 33.000000 1.000000 10000.000000 10000.000000 10000.000000 0.000000
3.000000 34.000000 1.000000 10000.000000 10000.000000 10000.000000 0.000000
3.000000 35.000000 1.000000 10000.000000 10000.000000 10000.000000 0.000000
3.000000 36.000000 1.000000 10000.000000 10000.000000 10000.000000 0.000000
3.000000 37.000000 1.000000 10000.000000 10000.000000 10000.000000 0.000000
3.000000 38.000000 1.000000 10000.000000 10000.000000 10000.000000 0.000000
3.000000 39.000000 1.000000 10000.000000 10000.000000 10000.000000 0.000000
3.000000 40.000000 1.000000 10000.000000 10000.000000 10000.000000 0.000000
3.000000 41.000000 1.000000 10000.000000 10000.000000 10000.000000 0.000000
3.000000 42.000000 1.000000 10000.000000 10000.000000 10000.000000 0.000000
3.000000 43.000000 1.000000 10000.000000 10000.000000 10000.000000 0.000000
3.000000 44.000000 1.000000 10000.000000 10000.000000 10000.000000 0.000000
3.000000 45.000000 1.000000 10000.000000 10000.000000 10000.000000 0.000000
3.000000 46.000000 1.000000 10000.000000 10000.000000 10000.000000 0.000000
3.000000 47.000000 1.000000 10000.000000 10000.000000 10000.000000 0.000000
3.000000 48.000000 1.000000 10000.000000 10000.000000 10000.000000 0.000000
3.000000 49.000000 1.000000 10000.000000 10000.000000 10000.000000 0.000000
4.000000 0.000000 1.000000 10000.000000 10000.000000 10000.000000 0.000000
4.000000 1.000000 1.000000 10000.000000 10000.000000 10000.000000 0.000000
4.000000 2.000000 1.000000 10000.000000 10000.000000 10000.000000 0.000000
4.000000 3.000000 1.000000 10000.000000 10000.000000 10000.000000 0.000000
4.000000 4.000000 1.000000 10000.000000 10000.000000 10000.000000 0.000000
4.000000 5.000000 1.000000 10000.000000 10000.000000 10000.000000 0.000000
4.000000 6.000000 1.000000 9999.000000 10000.000000 9999.000000 0.000000
4.000000 7.000000 1.000000 9998.000000 10000.000000 9998.000000 0.000000
4.000000 8.000000 1.000000 9998.000000 10000.000000 9998.000000 0.000000
4.000000 9.000000 1.000000 9997.000000 10000.000000 9997.000000 0.000000
4.000000 10.000000 1.000000 9995.000000 10000.000000 9995.000000 0.000000
4.000000 11.000000 1.000000 9995.000000 10000.000000 9995.000000 0.000000
4.000000 12.000000 1.000000 9996.000000 10000.000000 9996.000000 0.000000
4.000000 13.000000 1.000000 9995.000000 10000.000000 9995.000000 0.000000
4.000000 14.000000 1.000000 9995.000000 10000.000000 9995.000000 0.000000
4.000000 15.000000 1.000000 9992.000000 10000.000000 9992.000000 0.000000
4.000000 16.000000 1.000000 9992.000000 10000.000000 9992.000000 0.000000
4.000000 17.000000 1.000000 9990.000000 10000.000000 9990.000000 0.000000
4.000000 18.000000 1.000000 9990.000000 10000.000000 9990.000000 0.000000
4.000000 19.000000 1.000000 9982.000000 10000.000000 9982.000000 0.000000
4.000000 20.000000 1.000000 9984.000000 10000.000000 9984.000000 0.000000
4.000000 21.000000 1.000000 9985.000000 10000.000000 9985.000000 0.000000
4.000000 22.000000 1.000000 9983.000000 10000.000000 9983.000000 0.000000
4.000000 23.000000 1.000000 9981.000000 10000.000000 9981.000000 0.000000
4.000000 24.000000 1.000000 9982.000000 10000.000000 9982.000000 0.000000
4.000000 25.000000 1.000000 9980.000000 10000.000000 9980.000000 0.000000
4.000000 26.000000 1.000000 9968.000000 10000.000000 9968.000000 0.000000
4.000000 27.000000 1.000000 9951.000000 10000.000000 9951.000000 0.000000
4.000000 28.000000 1.000000 9938.000000 10000.000000 9938.000000 0.000000
4.000000 29.000000 1.000000 9907.000000 10000.000000 9908.000000 1.000000
4.000000 30.000000 86.000000 9799.000000 9999.000000 9859.000000 59.000000
4.000000 31.000000 1365.000000 8677.000000 9942.000000 9821.000000 1089.000000
4.000000 32.000000 1979.000000 6960.000000 8861.000000 9765.000000 1698.000000
4.000000 33.000000 3237.000000 4830.000000 8314.000000 9639.000000 3219.000000
4.000000 34.000000 5301.000000 4265.000000 10000.000000 9566.000000 5301.000000
4.000000 35.000000 5298.000000 4213.000000 10000.000000 9511.000000 5298.000000
4.000000 36.000000 6375.000000 3051.000000 10000.000000 9426.000000 6375.000000
4.000000 37.000000 5164.000000 4250.000000 10000.000000 9414.000000 5164.000000
4.000000 38.000000 2557.000000 3617.000000 6576.000000 9509.000000 2471.000000
4.000000 39.000000 366.000000 1307.000000 1968.000000 9605.000000 307.000000
4.000000 40.000000 7.000000 86.000000 339.000000 9690.000000 5.000000
4.000000 41.000000 998.000000 8787.000000 9792.000000 9825.000000 831.000000
4.000000 42.000000 1.000000 71.000000 94.000000 9889.000000 1.000000
4.000000 43.000000 5817.000000 4112.000000 10000.000000 9929.000000 5817.000000
4.000000 44.000000 1.000000 13.000000 35.000000 9925.000000 0.000000
4.000000 45.000000 1.000000 3051.000000 3093.000000 9918.000000 0.000000
4.000000 46.000000 1.000000 3351.000000 3385.000000 9922.000000 0.000000
4.000000 47.000000 1.000000 3364.000000 3387.000000 9941.000000 0.000000
4.000000 48.000000 1.000000 4166.000000 4189.000000 9937.000000 0.000000
4.000000 49.000000 1.000000 4169.000000 4190.000000 9941.000000 0.000000
5.000000 0.000000 1.000000 10000.000000 10000.000000 10000.000000 0.000000
5.000000 1.000000 1.000000 10000.000000 10000.000000 10000.000000 0.000000
5.000000 2.000000 1.000000 10000.000000 10000.000000 10000.000000 0.000000
5.000000 3.000000 1.000000 10000.000000 10000.000000 10000.000000 0.000000
5.000000 4.000000 1.000000 10000.000000 10000.000000 10000.000000 0.000000
5.000000 5.000000 1.000000 10000.000000 10000.000000 10000.000000 0.000000
5.000000 6.000000 1.000000 9998.000000 10000.000000 9998.000000 0.000000
5.000000 7.000000 1.000000 9998.000000 10000.000000 9998.000000 0.000000
5.000000 8.000000 1.000000 9998.000000 10000.000000 9998.000000 0.000000
5.000000 9.000000 1.000000 9996.000000 10000.000000 9996.000000 0.000000
5.000000 10.000000 1.000000 9992.000000 10000.000000 9992.000000 0.000000
5.000000 11.000000 1.000000 9986.000000 10000.000000 9986.000000 0.000000
5.000000 12.000000 1.000000 9968.000000 10000.000000 9968.000000 0.000000
5.000000 13.000000 1.000000 9952.000000 10000.000000 9952.000000 0.000000
5.000000 14.000000 1.000000 9920.000000 10000.000000 9921.000000 1.000000
5.000000 15.000000 1.000000 9885.000000 9999.000000 9887.000000 1.000000
5.000000 16.000000 1453.000000 8647.000000 9998.000000 9809.000000 1160.000000
5.000000 17.000000 3939.000000 4994.000000 9234.000000 9691.000000 3939.000000
5.000000 18.000000 6989.000000 2514.000000 10000.000000 9503.000000 6989.000000
5.000000 19.000000 8716.000000 648.000000 10000.000000 9364.000000 8716.000000
5.000000 20.000000 9201.000000 0.000000 10000.000000 9201.000000 9201.000000
5.000000 21.000000 9146.000000 0.000000 10000.000000 9146.000000 9146.000000
5.000000 22.000000 7456.000000 1755.000000 10000.000000 9211.000000 7456.000000
5.000000 23.000000 4341.000000 5152.000000 10000.000000 9371.000000 4219.000000
5.000000 24.000000 33.000000 169.000000 616.000000 9549.000000 26.000000
5.000000 25.000000 1520.000000 6957.000000 8569.000000 9741.000000 1355.000000
5.000000 26.000000 1.000000 112.000000 131.000000 9868.000000 0.000000
5.000000 27.000000 1.000000 160.000000 163.000000 9933.000000 0.000000
5.000000 28.000000 1.000000 210.000000 213.000000 9954.000000 0.000000
5.000000 29.000000 1.000000 580.000000 581.000000 9971.000000 0.000000
5.000000 30.000000 1.000000 5874.000000 5885.000000 9973.000000 0.000000
5.000000 31.000000 1.000000 8611.000000 8629.000000 9979.000000 0.000000
5.000000 32.000000 1.000000 9082.000000 9097.000000 9984.000000 0.000000
5.000000 33.000000 1.000000 9984.000000 10000.000000 9984.000000 0.000000
5.000000 34.000000 1.000000 9981.000000 10000.000000 9981.000000 0.000000
5.000000 35.000000 1.000000 9985.000000 10000.000000 9985.000000 0.000000
5.000000 36.000000 1.000000 9983.000000 10000.000000 9983.000000 0.000000
5.000000 37.000000 1.000000 9981.000000 10000.000000 9981.000000 0.000000
5.000000 38.000000 1.000000 9981.000000 10000.000000 9981.000000 0.000000
5.000000 39.000000 1.000000 9977.000000 10000.000000 9977.000000 0.000000
5.000000 40.000000 1.000000 9973.000000 10000.000000 9973.000000 0.000000
5.000000 41.000000 1.000000 9970.000000 10000.000000 9970.000000 0.000000
5.000000 42.000000 1.000000 9964.000000 10000.000000 9964.000000 0.000000
5.000000 43.000000 1.000000 9958.000000 10000.000000 9958.000000 0.000000
5.000000 44.000000 1.000000 9955.000000 10000.000000 9955.000000 0.000000
5.000000 45.000000 1.000000 9951.000000 10000.000000 9951.000000 0.000000
5.000000 46.000000 1.000000 9944.000000 10000.000000 9944.000000 0.000000
5.000000 47.000000 1.000000 9931.000000 10000.000000 9932.000000 1.000000
5.000000 48.000000 6067.000000 3862.000000 10000.000000 9929.000000 6067.000000
5.000000 49.000000 1.000000 3870.000000 3940.000000 9892.000000 0.000000
6.000000 0.000000 1.000000 10000.000000 10000.000000 10000.000000 0.000000
6.000000 1.000000 1.000000 10000.000000 10000.000000 10000.000000 0.000000
6.000000 2.000000 1.000000 9999.000000 10000.000000 9999.000000 0.000000
6.000000 3.000000 1.000000 9999.000000 10000.000000 9999.000000 0.000000
6.000000 4.000000 1.000000 9999.000000 10000.000000 9999.000000 0.000000
6.000000 5.000000 1.000000 9999.000000 10000.000000 9999.000000 0.000000
6.000000 6.000000 1.000000 9999.000000 10000.000000 9999.000000 0.000000
6.000000 7.000000 1.000000 10000.000000 10000.000000 10000.000000 0.000000
6.000000 8.000000 1.000000 10000.000000 10000.000000 10000.000000 0.000000
6.000000 9.000000 1.000000 10000.000000 10000.000000 10000.000000 0.000000
6.000000 10.000000 1.000000 10000.000000 10000.000000 10000.000000 0.000000
6.000000 11.000000 1.000000 10000.000000 10000.000000 10000.000000 0.000000
6.000000 12.000000 1.000000 10000.000000 10000.000000 10000.000000 0.000000
6.000000 13.000000 1.000000 10000.000000 10000.000000 10000.000000 0.000000
6.000000 14.000000 1.000000 10000.000000 10000.000000 10000.000000 0.000000
6.000000 15.000000 1.000000 10000.000000 10000.000000 10000.000000 0.000000
6.000000 16.000000 1.000000 10000.000000 10000.000000 10000.000000 0.000000
6.000000 17.000000 1.000000 10000.000000 10000.000000 10000.000000 0.000000
6.000000 18.000000 1.000000 10000.000000 10000.000000 10000.000000 0.000000
6.000000 19.000000 1.000000 10000.000000 10000.000000 10000.000000 0.000000
6.000000 20.000000 1.000000 10000.000000 10000.000000 10000.000000 0.000000
6.000000 21.000000 1.000000 10000.000000 10000.000000 10000.000000 0.000000
6.000000 22.000000 1.000000 10000.000000 10000.000000 10000.000000 0.000000
6.000000 23.000000 1.000000 10000.000000 10000.000000 10000.000000 0.000000
6.000000 24.000000 1.000000 10000.000000 10000.000000 10000.000000 0.000000
6.000000 25.000000 1.000000 10000.000000 10000.000000 10000.000000 0.000000
6.000000 26.000000 1.000000 10000.000000 10000.000000 10000.000000 0.000000
6.000000 27.000000 1.000000 10000.000000 10000.000000 10000.000000 0.000000
6.000000 28.000000 1.000000 10000.000000 10000.000000 10000.000000 0.000000
6.000000 29.000000 1.000000 10000.000000 10000.000000 10000.000000 0.000000
6.000000 30.000000 1.000000 10000.000000 10000.000000 10000.000000 0.000000
6.000000 31.000000 1.000000 10000.000000 10000.000000 10000.000000 0.000000
6.000000 32.000000 1.000000 10000.000000 10000.000000 10000.000000 0.000000
6.000000 33.000000 1.000000 10000.000000 10000.000000 10000.000000 0.000000
6.000000 34.000000 1.000000 10000.000000 10000.000000 10000.000000 0.000000
6.000000 35.000000 1.000000 10000.000000 10000.000000 10000.000000 0.000000
6.000000 36.000000 1.000000 10000.000000 10000.000000 10000.000000 0.000000
6.000000 37.000000 1.000000 10000.000000 10000.000000 10000.000000 0.000000
6.000000 38.000000 1.000000 10000.000000 10000.000000 10000.000000 0.000000
6.000000 39.000000 1.000000 10000.000000 10000.000000 10000.000000 0.000000
6.000000 40.000000 1.000000 10000.000000 10000.000000 10000.000000 0.000000
6.000000 41.000000 1.000000 10000.000000 10000.000000 10000.000000 0.000000
6.000000 42.000000 1.000000 10000.000000 10000.000000 10000.000000 0.000000
6.000000 43.000000 1.000000 10000.000000 10000.000000 10000.000000 0.000000
6.000000 44.000000 1.000000 10000.000000 10000.000000 10000.000000 0.000000
6.000000 45.000000 1.000000 10000.000000 10000.000000 10000.000000 0.000000
6.000000 46.000000 1.000000 10000.000000 10000.000000 10000.000000 0.000000
6.000000 47.000000 1.000000 10000.000000 10000.000000 10000.000000 0.000000
6.000000 48.000000 1.000000 10000.000000 10000.000000 10000.000000 0.000000
6.000000 49.000000 1.000000 10000.000000 10000.000000 10000.000000 0.000000
7.000000 0.000000 1.000000 10000.000000 10000.000000 10000.000000 0.000000
7.000000 1.000000 1.000000 10000.000000 10000.000000 10000.000000 0.000000
7.000000 2.000000 1.000000 9999.000000 10000.000000 9999.000000 0.000000
7.000000 3.000000 1.000000 9999.000000 10000.000000 9999.000000 0.000000
7.000000 4.000000 1.000000 9999.000000 10000.000000 9999.000000 0.000000
7.000000 5.000000 1.000000 9999.000000 10000.000000 9999.000000 0.000000
7.000000 6.000000 1.000000 9999.000000 10000.000000 9999.000000 0.000000
7.000000 7.000000 1.000000 10000.000000 10000.000000 10000.000000 0.000000
7.000000 8.000000 1.000000 10000.000000 10000.000000 10000.000000 0.000000
7.000000 9.000000 1.000000 10000.000000 10000.000000 10000.000000 0.000000
7.000000 10.000000 1.000000 10000.000000 10000.000000 10000.000000 0.000000
7.000000 11.000000 1.000000 10000.000000 10000.000000 10000.000000 0.000000
7.000000 12.000000 1.000000 10000.000000 10000.000000 10000.000000 0.000000
7.000000 13.000000 1.000000 10000.000000 10000.000000 10000.000000 0.000000
7.000000 14.000000 1.000000 10000.000000 10000.000000 10000.000000 0.000000
7.000000 15.000000 1.000000 10000.000000 10000.000000 10000.000000 0.000000
7.000000 16.000000 1.000000 10000.000000 10000.000000 10000.000000 0.000000
7.000000 17.000000 1.000000 10000.000000 10000.000000 10000.000000 0.000000
7.000000 18.000000 1.000000 10000.000000 10000.000000 10000.000000 0.000000
7.000000 19.000000 1.000000 10000.000000 10000.000000 10000.000000 0.000000
7.000000 20.000000 1.000000 10000.000000 10000.000000 10000.000000 0.000000
7.000000 21.000000 1.000000 10000.000000 10000.000000 10000.000000 0.000000
7.000000 22.000000 1.000000 10000.000000 10000.000000 10000.000000 0.000000
7.000000 23.000000 1.000000 10000.000000 10000.000000 10000.000000 0.000000
7.000000 24.000000 1.000000 10000.000000 10000.000000 10000.000000 0.000000
7.000000 25.000000 1.000000 10000.000000 10000.000000 10000.000000 0.000000
7.000000 26.000000 1.000000 10000.000000 10000.000000 10000.000000 0.000000
7.000000 27.000000 1.000000 10000.000000 10000.000000 10000.000000 0.000000
7.000000 28.000000 1.000000 10000.000000 10000.000000 10000.000000 0.000000
7.000000 29.000000 1.000000 10000.000000 10000.000000 10000.000000 0.000000
7.000000 30.000000 1.000000 10000.000000 10000.000000 10000.000000 0.000000
7.000000 31.000000 1.000000 10000.000000 10000.000000 10000.000000 0.000000
7.000000 32.000000 1.000000 10000.000000 10000.000000 10000.000000 0.000000
7.000000 33.000000 1.000000 10000.000000 10000.000000 10000.000000 0.000000
7.000000 34.000000 1.000000 10000.000000 10000.000000 10000.000000 0.000000
7.000000 35.000000 1.000000 10000.000000 10000.000000 10000.000000 0.000000
7.000000 36.000000 1.000000 10000.000000 10000.000000 10000.000000 0.000000
7.000000 37.000000 1.000000 10000.000000 10000.000000 10000.000000 0.000000
7.000000 38.000000 1.000000 10000.000000 10000.000000 10000.000000 0.000000
7.000000 39.000000 1.000000 10000.000000 10000.000000 10000.000000 0.000000
7.000000 40.000000 1.000000 10000.000000 10000.000000 10000.000000 0.000000
7.000000 41.000000 1.000000 10000.000000 10000.000000 10000.000000 0.000000
7.000000 42.000000 1.000000 10000.000000 10000.000000 10000.000000 0.000000
7.000000 43.000000 1.000000 10000.000000 10000.000000 10000.000000 0.000000
7.000000 44.000000 1.000000 10000.000000 10000.000000 10000.000000 0.000000
7.000000 45.000000 1.000000 10000.000000 10000.000000 10000.000000 0.000000
7.000000 46.000000 1.000000 10000.000000 10000.000000 10000.000000 0.000000
7.000000 47.000000 1.000000 10000.000000 10000.000000 10000.000000 0.000000
7.000000 48.000000 1.000000 10000.000000 10000.000000 10000.000000 0.000000
7.000000 49.000000 1.000000 10000.000000 10000.000000 10000.000000 0.000000
8.000000 0.000000 1.000000 10000.000000 10000.000000 10000.000000 0.000000
8.000000 1.000000 1.000000 10000.000000 10000.000000 10000.000000 0.000000
8.000000 2.000000 1.000000 10000.000000 10000.000000 10000.000000 0.000000
8.000000 3.000000 1.000000 10000.000000 10000.000000 10000.000000 0.000000
8.000000 4.000000 1.000000 10000.000000 10000.000000 10000.000000 0.000000
8.000000 5.000000 1.000000 10000.000000 10000.000000 10000.000000 0.000000
8.000000 6.000000 1.000000 10000.000000 10000.000000 10000.000000 0.000000
8.000000 7.000000 1.000000 9999.000000 10000.000000 9999.000000 0.000000
8.000000 8.000000 1.000000 9999.000000 10000.000000 9999.000000 0.000000
8.000000 9.000000 1.000000 9998.000000 10000.000000 9998.000000 0.000000
8.000000 10.000000 1.000000 9994.000000 10000.000000 9994.000000 0.000000
8.000000 11.000000 1.000000 9994.000000 10000.000000 9994.000000 0.000000
8.000000 12.000000 1.000000 9992.000000 10000.000000 9992.000000 0.000000
8.000000 13.000000 1.000000 9989.000000 10000.000000 9989.000000 0.000000
8.000000 14.000000 1.000000 9991.000000 10000.000000 9991.000000 0.000000
8.000000 15.000000 1.000000 9991.000000 10000.000000 9991.000000 0.000000
8.000000 16.000000 1.000000 9993.000000 10000.000000 9993.000000 0.000000
8.000000 17.000000 1.000000 9987.000000 10000.000000 9987.000000 0.000000
8.000000 18.000000 1.000000 9983.000000 10000.000000 9983.000000 0.000000
8.000000 19.000000 1.000000 9981.000000 10000.000000 9981.000000 0.000000
8.000000 20.000000 1.000000 9973.000000 10000.000000 9973.000000 0.000000
8.000000 21.000000 1.000000 9969.000000 10000.000000 9969.000000 0.000000
8.000000 22.000000 1.000000 9968.000000 10000.000000 9968.000000 0.000000
8.000000 23.000000 1.000000 9968.000000 10000.000000 9968.000000 0.000000
8.000000 24.000000 1.000000 9961.000000 10000.000000 9961.000000 0.000000
8.000000 25.000000 1.000000 9944.000000 10000.000000 9944.000000 0.000000
8.000000 26.000000 1.000000 9942.000000 10000.000000 9942.000000 0.000000
8.000000 27.000000 1.000000 9919.000000 10000.000000 9920.000000 1.000000
8.000000 28.000000 1.000000 9860.000000 9999.000000 9862.000000 1.000000
8.000000 29.000000 1400.000000 8703.000000 9998.000000 9816.000000 1111.000000
8.000000 30.000000 2099.000000 6866.000000 8898.000000 9753.000000 1830.000000
8.000000 31.000000 3107.000000 4827.000000 8177.000000 9681.000000 3062.000000
8.000000 32.000000 3477.000000 4120.000000 7966.000000 9628.000000 3477.000000
8.000000 33.000000 1887.000000 3390.000000 5505.000000 9636.000000 1773.000000
8.000000 34.000000 1839.000000 3895.000000 5918.000000 9642.000000 1707.000000
8.000000 35.000000 2042.000000 4989.000000 7123.000000 9668.000000 1861.000000
8.000000 36.000000 936.000000 4302.000000 5266.000000 9713.000000 762.000000
8.000000 37.000000 501.000000 4540.000000 5090.000000 9768.000000 380.000000
8.000000 38.000000 301.000000 5487.000000 5868.000000 9791.000000 217.000000
8.000000 39.000000 580.000000 7428.000000 8024.000000 9815.000000 436.000000
8.000000 40.000000 1.000000 7471.000000 7588.000000 9842.000000 1.000000
8.000000 41.000000 7284.000000 2571.000000 10000.000000 9855.000000 7284.000000
8.000000 42.000000 1.000000 1772.000000 1890.000000 9819.000000 0.000000
8.000000 43.000000 31.000000 2185.000000 2316.000000 9826.000000 21.000000
8.000000 44.000000 86.000000 2539.000000 2711.000000 9822.000000 61.000000
8.000000 45.000000 1087.000000 8885.000000 9918.000000 9817.000000 856.000000
8.000000 46.000000 659.000000 8393.000000 9065.000000 9802.000000 484.000000
8.000000 47.000000 617.000000 7984.000000 8596.000000 9823.000000 458.000000
8.000000 48.000000 437.000000 7715.000000 8167.000000 9825.000000 319.000000
8.000000 49.000000 786.000000 7991.000000 8742.000000 9813.000000 606.000000
9.000000 0.000000 1.000000 10000.000000 10000.000000 10000.000000 0.000000
9.000000 1.000000 1.000000 10000.000000 10000.000000 10000.000000 0.000000
9.000000 2.000000 1.000000 10000.000000 10000.000000 10000.000000 0.000000
9.000000 3.000000 1.000000 10000.000000 10000.000000 10000.000000 0.000000
9.000000 4.000000 1.000000 10000.000000 10000.000000 10000.000000 0.000000
9.000000 5.000000 1.000000 10000.000000 10000.000000 10000.000000 0.000000
9.000000 6.000000 1.000000 10000.000000 10000.000000 10000.000000 0.000000
9.000000 7.000000 1.000000 10000.000000 10000.000000 10000.000000 0.000000
9.000000 8.000000 1.000000 9998.000000 10000.000000 9998.000000 0.000000
9.000000 9.000000 1.000000 9993.000000 10000.000000 9993.000000 0.000000
9.000000 10.000000 1.000000 9979.000000 10000.000000 9979.000000 0.000000
9.000000 11.000000 1.000000 9976.000000 10000.000000 9976.000000 0.000000
9.000000 12.000000 1.000000 9967.000000 10000.000000 9967.000000 0.000000
9.000000 13.000000 1.000000 9946.000000 10000.000000 9946.000000 0.000000
9.000000 14.000000 1.000000 9918.000000 10000.000000 9919.000000 1.000000
9.000000 15.000000 1.000000 9904.000000 9999.000000 9906.000000 1.000000
9.000000 16.000000 7342.000000 2531.000000 10000.000000 9873.000000 7342.000000
9.000000 17.000000 33.000000 2509.000000 2684.000000 9740.000000 21.000000
9.000000 18.000000 9434.000000 277.000000 10000.000000 9711.000000 9434.000000
9.000000 19.000000 3.000000 24.000000 280.000000 9628.000000 2.000000
9.000000 20.000000 9586.000000 0.000000 10000.000000 9586.000000 9586.000000
9.000000 21.000000 6.000000 33.000000 430.000000 9562.000000 4.000000
9.000000 22.000000 9213.000000 452.000000 10000.000000 9665.000000 9213.000000
9.000000 23.000000 1.000000 67.000000 272.000000 9698.000000 1.000000
9.000000 24.000000 7623.000000 2159.000000 10000.000000 9782.000000 7623.000000
9.000000 25.000000 1.000000 70.000000 104.000000 9818.000000 0.000000
9.000000 26.000000 1.000000 130.000000 152.000000 9879.000000 1.000000
9.000000 27.000000 1.000000 161.000000 172.000000 9903.000000 0.000000
9.000000 28.000000 1.000000 171.000000 172.000000 9931.000000 0.000000
9.000000 29.000000 1.000000 201.000000 203.000000 9947.000000 0.000000
9.000000 30.000000 1.000000 2376.000000 2378.000000 9980.000000 0.000000
9.000000 31.000000 1.000000 4906.000000 4917.000000 9984.000000 0.000000
9.000000 32.000000 1.000000 9982.000000 9999.000000 9983.000000 0.000000
9.000000 33.000000 1.000000 9987.000000 10000.000000 9987.000000 0.000000
9.000000 34.000000 1.000000 9984.000000 10000.000000 9984.000000 0.000000
9.000000 35.000000 1.000000 9985.000000 10000.000000 9985.000000 0.000000
9.000000 36.000000 1.000000 9983.000000 10000.000000 9983.000000 0.000000
9.000000 37.000000 1.000000 9978.000000 10000.000000 9978.000000 0.000000
9.000000 38.000000 1.000000 9973.000000 10000.000000 9973.000000 0.000000
9.000000 39.000000 1.000000 9975.000000 10000.000000 9975.000000 0.000000
9.000000 40.000000 1.000000 9972.000000 10000.000000 9972.000000 0.000000
9.000000 41.000000 1.000000 9976.000000 10000.000000 9976.000000 0.000000
9.000000 42.000000 1.000000 9982.000000 10000.000000 9982.000000 0.000000
9.000000 43.000000 1.000000 9986.000000 10000.000000 9986.000000 0.000000
9.000000 44.000000 1.000000 9990.000000 10000.000000 9990.000000 0.000000
9.000000 45.000000 1.000000 9990.000000 10000.000000 9990.000000 0.000000
9.000000 46.000000 1.000000 9988.000000 10000.000000 9988.000000 0.000000
9.000000 47.000000 1.000000 9986.000000 10000.000000 9986.000000 0.000000
9.000000 48.000000 1.000000 9986.000000 10000.000000 9986.000000 0.000000
9.000000 49.000000 1.000000 9986.000000 10000.000000 9986.000000 0.000000
10.000000 0.000000 1.000000 10000.000000 10000.000000 10000.000000 0.000000
10.000000 1.000000 1.000000 10000.000000 10000.000000 10000.000000 0.000000
10.000000 2.000000 1.000000 10000.000000 10000.000000 10000.000000 0.000000
10.000000 3.000000 1.000000 10000.000000 10000.000000 10000.000000 0.000000
10.000000 4.000000 1.000000 10000.000000 10000.000000 10000.000000 0.000000
10.000000 5.000000 1.000000 9999.000000 10000.000000 9999.000000 0.000000
10.000000 6.000000 1.000000 9996.000000 10000.000000 9996.000000 0.000000
10.000000 7.000000 1.000000 9993.000000 10000.000000 9993.000000 0.000000
10.000000 8.000000 1.000000 9992.000000 10000.000000 9992.000000 0.000000
10.000000 9.000000 1.000000 9990.000000 10000.000000 9990.000000 0.000000
10.000000 10.000000 1.000000 9987.000000 10000.000000 9987.000000 0.000000
10.000000 11.000000 1.000000 9977.000000 10000.000000 9977.000000 0.000000
10.000000 12.000000 1.000000 9932.000000 10000.000000 9933.000000 1.000000
10.000000 13.000000 7227.000000 2649.000000 10000.000000 9876.000000 7227.000000
10.000000 14.000000 1.000000 2649.000000 2783.000000 9779.000000 1.000000
10.000000 15.000000 9166.000000 566.000000 10000.000000 9732.000000 9166.000000
10.000000 16.000000 1.000000 5.000000 225.000000 9655.000000 1.000000
10.000000 17.000000 9652.000000 0.000000 10000.000000 9652.000000 9652.000000
10.000000 18.000000 1.000000 62.000000 251.000000 9667.000000 1.000000
10.000000 19.000000 8275.000000 1453.000000 10000.000000 9728.000000 8275.000000
10.000000 20.000000 1.000000 52.000000 172.000000 9745.000000 0.000000
10.000000 21.000000 1.000000 133.000000 197.000000 9817.000000 1.000000
10.000000 22.000000 1.000000 181.000000 196.000000 9855.000000 1.000000
10.000000 23.000000 1.000000 214.000000 235.000000 9892.000000 1.000000
10.000000 24.000000 1.000000 1710.000000 1728.000000 9923.000000 0.000000
10.000000 25.000000 1.000000 1720.000000 1728.000000 9946.000000 0.000000
10.000000 26.000000 1.000000 9942.000000 9997.000000 9945.000000 0.000000
10.000000 27.000000 1.000000 9929.000000 9998.000000 9932.000000 1.000000
10.000000 28.000000 1.000000 9916.000000 9998.000000 9919.000000 1.000000
10.000000 29.000000 1.000000 9901.000000 9998.000000 9904.000000 1.000000
10.000000 30.000000 1.000000 9875.000000 9997.000000 9879.000000 1.000000
10.000000 31.000000 1.000000 9864.000000 9996.000000 9869.000000 1.000000
10.000000 32.000000 1.000000 9857.000000 9996.000000 9862.000000 1.000000
10.000000 33.000000 807.000000 9228.000000 9997.000000 9833.000000 602.000000
10.000000 34.000000 1186.000000 8286.000000 9398.000000 9805.000000 930.000000
10.000000 35.000000 1134.000000 7415.000000 8479.000000 9797.000000 894.000000
10.000000 36.000000 1219.000000 6640.000000 7792.000000 9780.000000 986.000000
10.000000 37.000000 865.000000 6375.000000 7205.000000 9773.000000 671.000000
10.000000 38.000000 598.000000 6556.000000 7152.000000 9781.000000 446.000000
10.000000 39.000000 567.000000 7018.000000 7603.000000 9799.000000 422.000000
10.000000 40.000000 1.000000 6795.000000 6897.000000 9843.000000 1.000000
10.000000 41.000000 6796.000000 3075.000000 10000.000000 9871.000000 6796.000000
10.000000 42.000000 1.000000 1088.000000 1152.000000 9871.000000 0.000000
10.000000 43.000000 1.000000 2328.000000 2387.000000 9881.000000 1.000000
10.000000 44.000000 1.000000 2749.000000 2808.000000 9879.000000 1.000000
10.000000 45.000000 1.000000 3142.000000 3207.000000 9884.000000 1.000000
10.000000 46.000000 6450.000000 3444.000000 10000.000000 9894.000000 6450.000000
10.000000 47.000000 1.000000 25.000000 87.000000 9864.000000 0.000000
10.000000 48.000000 1.000000 3486.000000 3559.000000 9863.000000 1.000000
10.000000 49.000000 1.000000 3497.000000 3558.000000 9858.000000 1.000000
11.000000 0.000000 1.000000 10000.000000 10000.000000 10000.000000 0.000000
11.000000 1.000000 1.000000 10000.000000 10000.000000 10000.000000 0.000000
11.000000 2.000000 1.000000 10000.000000 10000.000000 10000.000000 0.000000
11.000000 3.000000 1.000000 9999.000000 10000.000000 9999.000000 0.000000
11.000000 4.000000 1.000000 9999.000000 10000.000000 9999.000000 0.000000
11.000000 5.000000 1.000000 9999.000000 10000.000000 9999.000000 0.000000
11.000000 6.000000 1.000000 9999.000000 10000.000000 9999.000000 0.000000
11.000000 7.000000 1.000000 9999.000000 10000.000000 9999.000000 0.000000
11.000000 8.000000 1.000000 10000.000000 10000.000000 10000.000000 0.000000
11.000000 9.000000 1.000000 10000.000000 10000.000000 10000.000000 0.000000
11.000000 10.000000 1.000000 10000.000000 10000.000000 10000.000000 0.000000
11.000000 11.000000 1.000000 10000.000000 10000.000000 10000.000000 0.000000
11.000000 12.000000 1.000000 10000.000000 10000.000000 10000.000000 0.000000
11.000000 13.000000 1.000000 10000.000000 10000.000000 10000.000000 0.000000
11.000000 14.000000 1.000000 10000.000000 10000.000000 10000.000000 0.000000
11.000000 15.000000 1.000000 10000.000000 10000.000000 10000.000000 0.000000
11.000000 16.000000 1.000000 10000.000000 10000.000000 10000.000000 0.000000
11.000000 17.000000 1.000000 10000.000000 10000.000000 10000.000000 0.000000
11.000000 18.000000 1.000000 10000.000000 10000.000000 10000.000000 0.000000
11.000000 19.000000 1.000000 10000.000000 10000.000000 10000.000000 0.000000
11.000000 20.000000 1.000000 10000.000000 10000.000000 10000.000000 0.000000
11.000000 21.000000 1.000000 10000.000000 10000.000000 10000.000000 0.000000
11.000000 22.000000 1.000000 10000.000000 10000.000000 10000.000000 0.000000
11.000000 23.000000 1.000000 10000.000000 10000.000000 10000.000000 0.000000
11.000000 24.000000 1.000000 10000.000000 10000.000000 10000.000000 0.000000
11.000000 25.000000 1.000000 10000.000000 10000.000000 10000.000000 0.000000
11.000000 26.000000 1.000000 10000.000000 10000.000000 10000.000000 0.000000
11.000000 27.000000 1.000000 10000.000000 10000.000000 10000.000000 0.000000
11.000000 28.000000 1.000000 10000.000000 10000.000000 10000.000000 0.000000
11.000000 29.000000 1.000000 10000.000000 10000.000000 10000.000000 0.000000
11.000000 30.000000 1.000000 10000.000000 10000.000000 10000.000000 0.000000
11.000000 31.000000 1.000000 10000.000000 10000.000000 10000.000000 0.000000
11.000000 32.000000 1.000000 10000.000000 10000.000000 10000.000000 0.000000
11.000000 33.000000 1.000000 10000.000000 10000.000000 10000.000000 0.000000
11.000000 34.000000 1.000000 10000.000000 10000.000000 10000.000000 0.000000
11.000000 35.000000 1.000000 10000.000000 10000.000000 10000.000000 0.000000
11.000000 36.000000 1.000000 10000.000000 10000.000000 10000.000000 0.000000
11.000000 37.000000 1.000000 10000.000000 10000.000000 10000.000000 0.000000
11.000000 38.000000 1.000000 10000.000000 10000.000000 10000.000000 0.000000
11.000000 39.000000 1.000000 10000.000000 10000.000000 10000.000000 0.000000
11.000000 40.000000 1.000000 10000.000000 10000.000000 10000.000000 0.000000
11.000000 41.000000 1.000000 10000.000000 10000.000000 10000.000000 0.000000
11.000000 42.000000 1.000000 10000.000000 10000.000000 10000.000000 0.000000
11.000000 43.000000 1.000000 10000.000000 10000.000000 10000.000000 0.000000
11.000000 44.000000 1.000000 10000.000000 10000.000000 10000.000000 0.000000
11.000000 45.000000 1.000000 10000.000000 10000.000000 10000.000000 0.000000
11.000000 46.000000 1.000000 10000.000000 10000.000000 10000.000000 0.000000
11.000000 47.000000 1.000000 10000.000000 10000.000000 10000.000000 0.000000
11.000000 48.000000 1.000000 10000.000000 10000.000000 10000.000000 0.000000
11.000000 49.000000 1.000000 10000.000000 10000.000000 10000.000000 0.000000
12.000000 0.000000 1.000000 10000.000000 10000.000000 10000.000000 0.000000
12.000000 1.000000 1.000000 10000.000000 10000.000000 10000.000000 0.000000
12.000000 2.000000 1.000000 9999.000000 10000.000000 9999.000000 0.000000
12.000000 3.000000 1.000000 9999.000000 10000.000000 9999.000000 0.000000
12.000000 4.000000 1.000000 9999.000000 10000.000000 9999.000000 0.000000
12.000000 5.000000 1.000000 9999.000000 10000.000000 9999.000000 0.000000
12.000000 6.000000 1.000000 9999.000000 10000.000000 9999.000000 0.000000
12.000000 7.000000 1.000000 9999.000000 10000.000000 9999.000000 0.000000
12.000000 8.000000 1.000000 10000.000000 10000.000000 10000.000000 0.000000
12.000000 9.000000 1.000000 10000.000000 10000.000000 10000.000000 0.000000
12.000000 10.000000 1.000000 10000.000000 10000.000000 10000.000000 0.000000
12.000000 11.000000 1.000000 10000.000000 10000.000000 10000.000000 0.000000
12.000000 12.000000 1.000000 10000.000000 10000.000000 10000.000000 0.000000
12.000000 13.000000 1.000000 10000.000000 10000.000000 10000.000000 0.000000
12.000000 14.000000 1.000000 10000.000000 10000.000000 10000.000000 0.000000
12.000000 15.000000 1.000000 10000.000000 10000.000000 10000.000000 0.000000
12.000000 16.000000 1.000000 10000.000000 10000.000000 10000.000000 0.000000
12.000000 17.000000 1.000000 10000.000000 10000.000000 10000.000000 0.000000
12.000000 18.000000 1.000000 10000.000000 10000.000000 10000.000000 0.000000
12.000000 19.000000 1.000000 10000.000000 10000.000000 10000.000000 0.000000
12.000000 20.000000 1.000000 10000.000000 10000.000000 10000.000000 0.000000
12.000000 21.000000 1.000000 10000.000000 10000.000000 10000.000000 0.000000
12.000000 22.000000 1.000000 10000.000000 10000.000000 10000.000000 0.000000
12.000000 23.000000 1.000000 10000.000000 10000.000000 10000.000000 0.000000
12.000000 24.000000 1.000000 10000.000000 10000.000000 10000.000000 0.000000
12.000000 25.000000 1.000000 10000.000000 10000.000000 10000.000000 0.000000
12.000000 26.000000 1.000000 10000.000000 10000.000000 10000.000000 0.000000
12.000000 27.000000 1.000000 10000.000000 10000.000000 10000.000000 0.000000
12.000000 28.000000 1.000000 10000.000000 10000.000000 10000.000000 0.000000
12.000000 29.000000 1.000000 10000.000000 10000.000000 10000.000000 0.000000
12.000000 30.000000 1.000000 10000.000000 10000.000000 10000.000000 0.000000
12.000000 31.000000 1.000000 10000.000000 10000.000000 10000.000000 0.000000
12.000000 32.000000 1.000000 10000.000000 10000.000000 10000.000000 0.000000
12.000000 33.000000 1.000000 10000.000000 10000.000000 10000.000000 0.000000
12.000000 34.000000 1.000000 10000.000000 10000.000000 10000.000000 0.000000
12.000000 35.000000 1.000000 10000.000000 10000.000000 10000.000000 0.000000
12.000000 36.000000 1.000000 10000.000000 10000.000000 10000.000000 0.000000
12.000000 37.000000 1.000000 10000.000000 10000.000000 10000.000000 0.000000
12.000000 38.000000 1.000000 10000.000000 10000.000000 10000.000000 0.000000
12.000000 39.000000 1.000000 10000.000000 10000.000000 10000.000000 0.000000
12.000000 40.000000 1.000000 10000.000000 10000.000000 10000.000000 0.000000
12.000000 41.000000 1.000000 10000.000000 10000.000000 10000.000000 0.000000
12.000000 42.000000 1.000000 10000.000000 10000.000000 10000.000000 0.000000
12.000000 43.000000 1.000000 10000.000000 10000.000000 10000.000000 0.000000
12.000000 44.000000 1.000000 10000.000000 10000.000000 10000.000000 0.000000
12.000000 45.000000 1.000000 10000.000000 10000.000000 10000.000000 0.000000
12.000000 46.000000 1.000000 10000.000000 10000.000000 10000.000000 0.000000
12.000000 47.000000 1.000000 10000.000000 10000.000000 10000.000000 0.000000
12.000000 48.000000 1.000000 10000.000000 10000.000000 10000.000000 0.000000
12.000000 49.000000 1.000000 10000.000000 10000.000000 10000.000000 0.000000
13.000000 0.000000 1.000000 10000.000000 10000.000000 10000.000000 0.000000
13.000000 1.000000 1.000000 10000.000000 10000.000000 10000.000000 0.000000
13.000000 2.000000 1.000000 10000.000000 10000.000000 10000.000000 0.000000
13.000000 3.000000 1.000000 10000.000000 10000.000000 10000.000000 0.000000
13.000000 4.000000 1.000000 10000.000000 10000.000000 10000.000000 0.000000
13.000000 5.000000 1.000000 9999.000000 10000.000000 9999.000000 0.000000
13.000000 6.000000 1.000000 9998.000000 10000.000000 9998.000000 0.000000
13.000000 7.000000 1.000000 9997.000000 10000.000000 9997.000000 0.000000
13.000000 8.000000 1.000000 9996.000000 10000.000000 9996.000000 0.000000
13.000000 9.000000 1.000000 9996.000000 10000.000000 9996.000000 0.000000
13.000000 10.000000 1.000000 9996.000000 10000.000000 9996.000000 0.000000
13.000000 11.000000 1.000000 9997.000000 10000.000000 9997.000000 0.000000
13.000000 12.000000 1.000000 9997.000000 10000.000000 9997.000000 0.000000
13.000000 13.000000 1.000000 9999.000000 10000.000000 9999.000000 0.000000
13.000000 14.000000 1.000000 9999.000000 10000.000000 9999.000000 0.000000
13.000000 15.000000 1.000000 9999.000000 10000.000000 9999.000000 0.000000
13.000000 16.000000 1.000000 9999.000000 10000.000000 9999.000000 0.000000
13.000000 17.000000 1.000000 10000.000000 10000.000000 10000.000000 0.000000
13.000000 18.000000 1.000000 10000.000000 10000.000000 10000.000000 0.000000
13.000000 19.000000 1.000000 10000.000000 10000.000000 10000.000000 0.000000
13.000000 20.000000 1.000000 10000.000000 10000.000000 10000.000000 0.000000
13.000000 21.000000 1.000000 10000.000000 10000.000000 10000.000000 0.000000
13.000000 22.000000 1.000000 10000.000000 10000.000000 10000.000000 0.000000
13.000000 23.000000 1.000000 10000.000000 10000.000000 10000.000000 0.000000
13.000000 24.000000 1.000000 10000.000000 10000.000000 10000.000000 0.000000
13.000000 25.000000 1.000000 10000.000000 10000.000000 10000.000000 0.000000
13.000000 26.000000 1.000000 10000.000000 10000.000000 10000.000000 0.000000
13.000000 27.000000 1.000000 10000.000000 10000.000000 10000.000000 0.000000
13.000000 28.000000 1.000000 10000.000000 10000.000000 10000.000000 0.000000
13.000000 29.000000 1.000000 10000.000000 10000.000000 10000.000000 0.000000
13.000000 30.000000 1.000000 10000.000000 10000.000000 10000.000000 0.000000
13.000000 31.000000 1.000000 10000.000000 10000.000000 10000.000000 0.000000
13.000000 32.000000 1.000000 10000.000000 10000.000000 10000.000000 0.000000
13.000000 33.000000 1.000000 10000.000000 10000.000000 10000.000000 0.000000
13.000000 34.000000 1.000000 10000.000000 10000.000000 10000.000000 0.000000
13.000000 35.000000 1.000000 10000.000000 10000.000000 10000.000000 0.000000
13.000000 36.000000 1.000000 10000.000000 10000.000000 10000.000000 0.000000
13.000000 37.000000 1.000000 10000.000000 10000.000000 10000.000000 0.000000
13.000000 38.000000 1.000000 10000.000000 10000.000000 10000.000000 0.000000
13.000000 39.000000 1.000000 10000.000000 10000.000000 10000.000000 0.000000
13.000000 40.000000 1.000000 10000.000000 10000.000000 10000.000000 0.000000
13.000000 41.000000 1.000000 10000.000000 10000.000000 10000.000000 0.000000
13.000000 42.000000 1.000000 10000.000000 10000.000000 10000.000000 0.000000
13.000000 43.000000 1.000000 10000.000000 10000.000000 10000.000000 0.000000
13.000000 44.000000 1.000000 10000.000000 10000.000000 10000.000000 0.000000
13.000000 45.000000 1.000000 10000.000000 10000.000000 10000.000000 0.000000
13.000000 46.000000 1.000000 10000.000000 10000.000000 10000.000000 0.000000
13.000000 47.000000 1.000000 10000.000000 10000.000000 10000.000000 0.000000
13.000000 48.000000 1.000000 10000.000000 10000.000000 10000.000000 0.000000
13.000000 49.000000 1.000000 10000.000000 10000.000000 10000.000000 0.000000
14.000000 0.000000 1.000000 10000.000000 10000.000000 10000.000000 0.000000
14.000000 1.000000 1.000000 10000.000000 10000.000000 10000.000000 0.000000
14.000000 2.000000 1.000000 9999.000000 10000.000000 9999.000000 0.000000
14.000000 3.000000 1.000000 9999.000000 10000.000000 9999.000000 0.000000
14.000000 4.000000 1.000000 9999.000000 10000.000000 9999.000000 0.000000
14.000000 5.000000 1.000000 9999.000000 10000.000000 9999.000000 0.000000
14.000000 6.000000 1.000000 9999.000000 10000.000000 9999.000000 0.000000
14.000000 7.000000 1.000000 10000.000000 10000.000000 10000.000000 0.000000
14.000000 8.000000 1.000000 10000.000000 10000.000000 10000.000000 0.000000
14.000000 9.000000 1.000000 10000.000000 10000.000000 10000.000000 0.000000
14.000000 10.000000 1.000000 10000.000000 10000.000000 10000.000000 0.000000
14.000000 11.000000 1.000000 10000.000000 10000.000000 10000.000000 0.000000
14.000000 12.000000 1.000000 10000.000000 10000.000000 10000.000000 0.000000
14.000000 13.000000 1.000000 10000.000000 10000.000000 10000.000000 0.000000
14.000000 14.000000 1.000000 10000.000000 10000.000000 10000.000000 0.000000
14.000000 15.000000 1.000000 10000.000000 10000.000000 10000.000000 0.000000
14.000000 16.000000 1.000000 10000.000000 10000.000000 10000.000000 0.000000
14.000000 17.000000 1.000000 10000.000000 10000.000000 10000.000000 0.000000
14.000000 18.000000 1.000000 10000.000000 10000.000000 10000.000000 0.000000
14.000000 19.000000 1.000000 10000.000000 10000.000000 10000.000000 0.000000
14.000000 20.000000 1.000000 10000.000000 10000.000000 10000.000000 0.000000
14.000000 21.000000 1.000000 10000.000000 10000.000000 10000.000000 0.000000
14.000000 22.000000 1.000000 10000.000000 10000.000000 10000.000000 0.000000
14.000000 23.000000 1.000000 10000.000000 10000.000000 10000.000000 0.000000
14.000000 24.000000 1.000000 10000.000000 10000.000000 10000.000000 0.000000
14.000000 25.000000 1.000000 10000.000000 10000.000000 10000.000000 0.000000
14.000000 26.000000 1.000000 10000.000000 10000.000000 10000.000000 0.000000
14.000000 27.000000 1.000000 10000.000000 10000.000000 10000.000000 0.000000
14.000000 28.000000 1.000000 10000.000000 10000.000000 10000.000000 0.000000
14.000000 29.000000 1.000000 10000.000000 10000.000000 10000.000000 0.000000
14.000000 30.000000 1.000000 10000.000000 10000.000000 10000.000000 0.000000
14.000000 31.000000 1.000000 10000.000000 10000.000000 10000.000000 0.000000
14.000000 32.000000 1.000000 10000.000000 10000.000000 10000.000000 0.000000
14.000000 33.000000 1.000000 10000.000000 10000.000000 10000.000000 0.000000
14.000000 34.000000 1.000000 10000.000000 10000.000000 10000.000000 0.000000
14.000000 35.000000 1.000000 10000.000000 10000.000000 10000.000000 0.000000
14.000000 36.000000 1.000000 10000.000000 10000.000000 10000.000000 0.000000
14.000000 37.000000 1.000000 10000.000000 10000.000000 10000.000000 0.000000
14.000000 38.000000 1.000000 10000.000000 10000.000000 10000.000000 0.000000
14.000000 39.000000 1.000000 10000.000000 10000.000000 10000.000000 0.000000
14.000000 40.000000 1.000000 10000.000000 10000.000000 10000.000000 0.000000
14.000000 41.000000 1.000000 10000.000000 10000.000000 10000.000000 0.000000
14.000000 42.000000 1.000000 10000.000000 10000.000000 10000.000000 0.000000
14.000000 43.000000 1.000000 10000.000000 10000.000000 10000.000000 0.000000
14.000000 44.000000 1.000000 10000.000000 10000.000000 10000.000000 0.000000
14.000000 45.000000 1.000000 10000.000000 10000.000000 10000.000000 0.000000
14.000000 46.000000 1.000000 10000.000000 10000.000000 10000.000000 0.000000
14.000000 47.000000 1.000000 10000.000000 10000.000000 10000.000000 0.000000
14.000000 48.000000 1.000000 10000.000000 10000.000000 10000.000000 0.000000
14.000000 49.000000 1.000000 10000.000000 10000.000000 10000.000000 0.000000
15.000000 0.000000 1.000000 10000.000000 10000.000000 10000.000000 0.000000
15.000000 1.000000 1.000000 10000.000000 10000.000000 10000.000000 0.000000
15.000000 2.000000 1.000000 9999.000000 10000.000000 9999.000000 0.000000
15.000000 3.000000 1.000000 9999.000000 10000.000000 9999.000000 0.000000
15.000000 4.000000 1.000000 9999.000000 10000.000000 9999.000000 0.000000
15.000000 5.000000 1.000000 9999.000000 10000.000000 9999.000000 0.000000
15.000000 6.000000 1.000000 9999.000000 10000.000000 9999.000000 0.000000
15.000000 7.000000 1.000000 9999.000000 10000.000000 9999.000000 0.000000
15.000000 8.000000 1.000000 10000.000000 10000.000000 10000.000000 0.000000
15.000000 9.000000 1.000000 10000.000000 10000.000000 10000.000000 0.000000
15.000000 10.000000 1.000000 10000.000000 10000.000000 10000.000000 0.000000
15.000000 11.000000 1.000000 10000.000000 10000.000000 10000.000000 0.000000
15.000000 12.000000 1.000000 10000.000000 10000.000000 10000.000000 0.000000
15.000000 13.000000 1.000000 10000.000000 10000.000000 10000.000000 0.000000
15.000000 14.000000 1.000000 10000.000000 10000.000000 10000.000000 0.000000
15.000000 15.000000 1.000000 10000.000000 10000.000000 10000.000000 0.000000
15.000000 16.000000 1.000000 10000.000000 10000.000000 10000.000000 0.000000
15.000000 17.000000 1.000000 10000.000000 10000.000000 10000.000000 0.000000
15.000000 18.000000 1.000000 10000.000000 10000.000000 10000.000000 0.000000
15.000000 19.000000 1.000000 10000.000000 10000.000000 10000.000000 0.000000
15.000000 20.000000 1.000000 10000.000000 10000.000000 10000.000000 0.000000
15.000000 21.000000 1.000000 10000.000000 10000.000000 10000.000000 0.000000
15.000000 22.000000 1.000000 10000.000000 10000.000000 10000.000000 0.000000
15.000000 23.000000 1.000000 10000.000000 10000.000000 10000.000000 0.000000
15.000000 24.000000 1.000000 10000.000000 10000.000000 10000.000000 0.000000
15.000000 25.000000 1.000000 10000.000000 10000.000000 10000.000000 0.000000
15.000000 26.000000 1.000000 10000.000000 10000.000000 10000.000000 0.000000
15.000000 27.000000 1.000000 10000.000000 10000.000000 10000.000000 0.000000
15.000000 28.000000 1.000000 10000.000000 10000.000000 10000.000000 0.000000
15.000000 29.000000 1.000000 10000.000000 10000.000000 10000.000000 0.000000
15.000000 30.000000 1.000000 10000.000000 10000.000000 10000.000000 0.000000
15.000000 31.000000 1.000000 10000.000000 10000.000000 10000.000000 0.000000
15.000000 32.000000 1.000000 10000.000000 10000.000000 10000.000000 0.000000
15.000000 33.000000 1.000000 10000.000000 10000.000000 10000.000000 0.000000
15.000000 34.000000 1.000000 10000.000000 10000.000000 10000.000000 0.000000
15.000000 35.000000 1.000000 10000.000000 10000.000000 10000.000000 0.000000
15.000000 36.000000 1.000000 10000.000000 10000.000000 10000.000000 0.000000
15.000000 37.000000 1.000000 10000.000000 10000.000000 10000.000000 0.000000
15.000000 38.000000 1.000000 10000.000000 10000.000000 10000.000000 0.000000
15.000000 39.000000 1.000000 10000.000000 10000.000000 10000.000000 0.000000
15.000000 40.000000 1.000000 10000.000000 10000.000000 10000.000000 0.000000
15.000000 41.000000 1.000000 10000.000000 10000.000000 10000.000000 0.000000
15.000000 42.000000 1.000000 10000.000000 10000.000000 10000.000000 0.000000
15.000000 43.000000 1.000000 10000.000000 10000.000000 10000.000000 0.000000
15.000000 44.000000 1.000000 10000.000000 10000.000000 10000.000000 0.000000
15.000000 45.000000 1.000000 10000.000000 10000.000000 10000.000000 0.000000
15.000000 46.000000 1.000000 10000.000000 10000.000000 10000.000000 0.000000
15.000000 47.000000 1.000000 10000.000000 10000.000000 10000.000000 0.000000
15.000000 48.000000 1.000000 10000.000000 10000.000000 10000.000000 0.000000
15.000000 49.000000 1.000000 10000.000000 10000.000000 10000.000000 0.000000
16.000000 0.000000 1.000000 10000.000000 10000.000000 10000.000000 0.000000
16.000000 1.000000 1.000000 10000.000000 10000.000000 10000.000000 0.000000
16.000000 2.000000 1.000000 10000.000000 10000.000000 10000.000000 0.000000
16.000000 3.000000 1.000000 10000.000000 10000.000000 10000.000000 0.000000
16.000000 4.000000 1.000000 9999.000000 10000.000000 9999.000000 0.000000
16.000000 5.000000 1.000000 9999.000000 10000.000000 9999.000000 0.000000
16.000000 6.000000 1.000000 9999.000000 10000.000000 9999.000000 0.000000
16.000000 7.000000 1.000000 9995.000000 10000.000000 9995.000000 0.000000
16.000000 8.000000 1.000000 9989.000000 10000.000000 9989.000000 0.000000
16.000000 9.000000 1.000000 9975.000000 10000.000000 9975.000000 0.000000
16.000000 10.000000 1.000000 9952.000000 10000.000000 9952.000000 0.000000
16.000000 11.000000 1.000000 9934.000000 10000.000000 9935.000000 1.000000
16.000000 12.000000 1.000000 9912.000000 9999.000000 9914.000000 1.000000
16.000000 13.000000 7641.000000 2213.000000 10000.000000 9854.000000 7641.000000
16.000000 14.000000 314.000000 1987.000000 2403.000000 9692.000000 228.000000
16.000000 15.000000 6216.000000 3435.000000 10000.000000 9651.000000 6216.000000
16.000000 16.000000 1049.000000 2466.000000 3725.000000 9581.000000 912.000000
16.000000 17.000000 6535.000000 2998.000000 10000.000000 9533.000000 6535.000000
16.000000 18.000000 1058.000000 2079.000000 3481.000000 9506.000000 948.000000
16.000000 19.000000 1465.000000 3001.000000 4711.000000 9639.000000 1385.000000
16.000000 20.000000 1066.000000 4326.000000 5499.000000 9679.000000 891.000000
16.000000 21.000000 553.000000 3979.000000 4610.000000 9739.000000 428.000000
16.000000 22.000000 339.000000 6256.000000 6669.000000 9785.000000 245.000000
16.000000 23.000000 1.000000 6928.000000 7055.000000 9830.000000 1.000000
16.000000 24.000000 7334.000000 2508.000000 10000.000000 9842.000000 7334.000000
16.000000 25.000000 1.000000 1365.000000 1476.000000 9830.000000 0.000000
16.000000 26.000000 1.000000 2211.000000 2307.000000 9834.000000 1.000000
16.000000 27.000000 7073.000000 2777.000000 10000.000000 9850.000000 7073.000000
16.000000 28.000000 1.000000 28.000000 83.000000 9853.000000 0.000000
16.000000 29.000000 1.000000 49.000000 92.000000 9868.000000 1.000000
16.000000 30.000000 1.000000 73.000000 91.000000 9913.000000 0.000000
16.000000 31.000000 1.000000 634.000000 647.000000 9944.000000 0.000000
16.000000 32.000000 1.000000 2917.000000 2926.000000 9955.000000 0.000000
16.000000 33.000000 1.000000 2922.000000 2927.000000 9975.000000 0.000000
16.000000 34.000000 1.000000 5276.000000 5285.000000 9982.000000 0.000000
16.000000 35.000000 1.000000 9979.000000 9999.000000 9980.000000 0.000000
16.000000 36.000000 1.000000 9975.000000 10000.000000 9975.000000 0.000000
16.000000 37.000000 1.000000 9972.000000 10000.000000 9972.000000 0.000000
16.000000 38.000000 1.000000 9973.000000 10000.000000 9973.000000 0.000000
16.000000 39.000000 1.000000 9970.000000 10000.000000 9970.000000 0.000000
16.000000 40.000000 1.000000 9964.000000 10000.000000 9964.000000 0.000000
16.000000 41.000000 1.000000 9971.000000 10000.000000 9971.000000 0.000000
16.000000 42.000000 1.000000 9973.000000 10000.000000 9973.000000 0.000000
16.000000 43.000000 1.000000 9966.000000 10000.000000 9966.000000 0.000000
16.000000 44.000000 1.000000 9960.000000 10000.000000 9960.000000 0.000000
16.000000 45.000000 1.000000 9961.000000 10000.000000 9961.000000 0.000000
16.000000 46.000000 1.000000 9961.000000 10000.000000 9961.000000 0.000000
16.000000 47.000000 1.000000 9957.000000 10000.000000 9957.000000 0.000000
16.000000 48.000000 1.000000 9954.000000 10000.000000 9954.000000 0.000000
16.000000 49.000000 1.000000 9960.000000 10000.000000 9960.000000 0.000000
17.000000 0.000000 1.000000 10000.000000 10000.000000 10000.000000 0.000000
17.000000 1.000000 1.000000 10000.000000 10000.000000 10000.000000 0.000000
17.000000 2.000000 1.000000 10000.000000 10000.000000 10000.000000 0.000000
17.000000 3.000000 1.000000 10000.000000 10000.000000 10000.000000 0.000000
17.000000 4.000000 1.000000 9999.000000 10000.000000 9999.000000 0.000000
17.000000 5.000000 1.000000 9999.000000 10000.000000 9999.000000 0.000000
17.000000 6.000000 1.000000 9997.000000 10000.000000 9997.000000 0.000000
17.000000 7.000000 1.000000 9994.000000 10000.000000 9994.000000 0.000000
17.000000 8.000000 1.000000 9992.000000 10000.000000 9992.000000 0.000000
17.000000 9.000000 1.000000 9986.000000 10000.000000 9986.000000 0.000000
17.000000 10.000000 1.000000 9983.000000 10000.000000 9983.000000 0.000000
17.000000 11.000000 1.000000 9981.000000 10000.000000 9981.000000 0.000000
17.000000 12.000000 1.000000 9977.000000 10000.000000 9977.000000 0.000000
17.000000 13.000000 1.000000 9929.000000 10000.000000 9930.000000 1.000000
17.000000 14.000000 399.000000 9565.000000 9999.000000 9850.000000 284.000000
17.000000 15.000000 2103.000000 7716.000000 9721.000000 9793.000000 1812.000000
17.000000 16.000000 3244.000000 4714.000000 8202.000000 9669.000000 3230.000000
17.000000 17.000000 8803.000000 623.000000 10000.000000 9426.000000 8803.000000
17.000000 18.000000 7492.000000 1808.000000 10000.000000 9300.000000 7492.000000
17.000000 19.000000 8312.000000 950.000000 10000.000000 9262.000000 8312.000000
17.000000 20.000000 6924.000000 2346.000000 10000.000000 9270.000000 6924.000000
17.000000 21.000000 5195.000000 4144.000000 10000.000000 9339.000000 5195.000000
17.000000 22.000000 385.000000 1212.000000 1973.000000 9543.000000 321.000000
17.000000 23.000000 181.000000 1237.000000 1653.000000 9694.000000 145.000000
17.000000 24.000000 1.000000 185.000000 237.000000 9829.000000 1.000000
17.000000 25.000000 1.000000 249.000000 267.000000 9888.000000 1.000000
17.000000 26.000000 1.000000 740.000000 748.000000 9925.000000 0.000000
17.000000 27.000000 1.000000 4325.000000 4348.000000 9929.000000 0.000000
17.000000 28.000000 1.000000 9573.000000 9641.000000 9932.000000 1.000000
17.000000 29.000000 1.000000 9830.000000 9901.000000 9929.000000 1.000000
17.000000 30.000000 1.000000 9919.000000 9997.000000 9923.000000 1.000000
17.000000 31.000000 1.000000 9907.000000 9997.000000 9911.000000 1.000000
17.000000 32.000000 1.000000 9905.000000 9996.000000 9910.000000 1.000000
17.000000 33.000000 1.000000 9906.000000 9995.000000 9912.000000 1.000000
17.000000 34.000000 1.000000 9909.000000 9995.000000 9915.000000 1.000000
17.000000 35.000000 1.000000 9914.000000 9995.000000 9920.000000 1.000000
17.000000 36.000000 6507.000000 3399.000000 10000.000000 9906.000000 6507.000000
17.000000 37.000000 1.000000 3416.000000 3498.000000 9879.000000 0.000000
17.000000 38.000000 1.000000 3426.000000 3498.000000 9873.000000 1.000000
17.000000 39.000000 1.000000 3437.000000 3497.000000 9878.000000 1.000000
17.000000 40.000000 1.000000 3445.000000 3497.000000 9879.000000 1.000000
17.000000 41.000000 1.000000 3466.000000 3497.000000 9891.000000 1.000000
17.000000 42.000000 1.000000 5621.000000 5663.000000 9920.000000 1.000000
17.000000 43.000000 6159.000000 3762.000000 10000.000000 9921.000000 6159.000000
17.000000 44.000000 1.000000 3766.000000 3846.000000 9893.000000 0.000000
17.000000 45.000000 1.000000 3769.000000 3847.000000 9876.000000 1.000000
17.000000 46.000000 6609.000000 3270.000000 10000.000000 9879.000000 6609.000000
17.000000 47.000000 1.000000 24.000000 71.000000 9883.000000 0.000000
17.000000 48.000000 1.000000 42.000000 72.000000 9894.000000 1.000000
17.000000 49.000000 1.000000 50.000000 71.000000 9923.000000 0.000000
18.000000 0.000000 1.000000 10000.000000 10000.000000 10000.000000 0.000000
18.000000 1.000000 1.000000 10000.000000 10000.000000 10000.000000 0.000000
18.000000 2.000000 1.000000 10000.000000 10000.000000 10000.000000 0.000000
18.000000 3.000000 1.000000 10000.000000 10000.000000 10000.000000 0.000000
18.000000 4.000000 1.000000 10000.000000 10000.000000 10000.000000 0.000000
18.000000 5.000000 1.000000 10000.000000 10000.000000 10000.000000 0.000000
18.000000 6.000000 1.000000 10000.000000 10000.000000 10000.000000 0.000000
18.000000 7.000000 1.000000 9999.000000 10000.000000 9999.000000 0.000000
18.000000 8.000000 1.000000 9998.000000 10000.000000 9998.000000 0.000000
18.000000 9.000000 1.000000 9998.000000 10000.000000 9998.000000 0.000000
18.000000 10.000000 1.000000 9998.000000 10000.000000 9998.000000 0.000000
18.000000 11.000000 1.000000 9998.000000 10000.000000 9998.000000 0.000000
18.000000 12.000000 1.000000 9998.000000 10000.000000 9998.000000 0.000000
18.000000 13.000000 1.000000 9996.000000 10000.000000 9996.000000 0.000000
18.000000 14.000000 1.000000 9994.000000 10000.000000 9994.000000 0.000000
18.000000 15.000000 1.000000 9992.000000 10000.000000 9992.000000 0.000000
18.000000 16.000000 1.000000 9987.000000 10000.000000 9987.000000 0.000000
18.000000 17.000000 1.000000 9985.000000 10000.000000 9985.000000 0.000000
18.000000 18.000000 1.000000 9984.000000 10000.000000 9984.000000 0.000000
18.000000 19.000000 1.000000 9978.000000 10000.000000 9978.000000 0.000000
18.000000 20.000000 1.000000 9960.000000 10000.000000 9960.000000 0.000000
18.000000 21.000000 1.000000 9911.000000 10000.000000 9912.000000 1.000000
18.000000 22.000000 198.000000 9718.000000 9999.000000 9857.000000 138.000000
18.000000 23.000000 2208.000000 7726.000000 9863.000000 9801.000000 1959.000000
18.000000 24.000000 4262.000000 4749.000000 9355.000000 9656.000000 4262.000000
18.000000 25.000000 6006.000000 3523.000000 10000.000000 9529.000000 6006.000000
18.000000 26.000000 6124.000000 3344.000000 10000.000000 9468.000000 6124.000000
18.000000 27.000000 6916.000000 2487.000000 10000.000000 9403.000000 6916.000000
18.000000 28.000000 5811.000000 3583.000000 10000.000000 9394.000000 5811.000000
18.000000 29.000000 3213.000000 4457.000000 8067.000000 9484.000000 3094.000000
18.000000 30.000000 128.000000 490.000000 940.000000 9599.000000 106.000000
18.000000 31.000000 421.000000 2360.000000 2965.000000 9705.000000 348.000000
18.000000 32.000000 1.000000 126.000000 213.000000 9823.000000 1.000000
18.000000 33.000000 1.000000 192.000000 212.000000 9895.000000 1.000000
18.000000 34.000000 1.000000 867.000000 871.000000 9936.000000 0.000000
18.000000 35.000000 1.000000 4503.000000 4519.000000 9950.000000 0.000000
18.000000 36.000000 1.000000 8471.000000 8514.000000 9952.000000 0.000000
18.000000 37.000000 1.000000 9598.000000 9650.000000 9946.000000 0.000000
18.000000 38.000000 1.000000 9940.000000 9998.000000 9942.000000 0.000000
18.000000 39.000000 1.000000 9933.000000 9999.000000 9934.000000 0.000000
18.000000 40.000000 1.000000 9932.000000 10000.000000 9933.000000 1.000000
18.000000 41.000000 1.000000 9928.000000 9999.000000 9930.000000 1.000000
18.000000 42.000000 1.000000 9927.000000 9998.000000 9930.000000 1.000000
18.000000 43.000000 1.000000 9934.000000 9997.000000 9937.000000 0.000000
18.000000 44.000000 1.000000 9937.000000 9997.000000 9940.000000 0.000000
18.000000 45.000000 1.000000 9932.000000 9997.000000 9935.000000 0.000000
18.000000 46.000000 1.000000 9938.000000 9997.000000 9941.000000 0.000000
18.000000 47.000000 1.000000 9943.000000 9998.000000 9945.000000 0.000000
18.000000 48.000000 1.000000 9943.000000 9999.000000 9944.000000 0.000000
18.000000 49.000000 1.000000 9942.000000 10000.000000 9942.000000 0.000000
19.000000 0.000000 1.000000 10000.000000 10000.000000 10000.000000 0.000000
19.000000 1.000000 1.000000 10000.000000 10000.000000 10000.000000 0.000000
19.000000 2.000000 1.000000 9999.000000 10000.000000 9999.000000 0.000000
19.000000 3.000000 1.000000 9999.000000 10000.000000 9999.000000 0.000000
19.000000 4.000000 1.000000 9999.000000 10000.000000 9999.000000 0.000000
19.000000 5.000000 1.000000 9999.000000 10000.000000 9999.000000 0.000000
19.000000 6.000000 1.000000 9999.000000 10000.000000 9999.000000 0.000000
19.000000 7.000000 1.000000 9999.000000 10000.000000 9999.000000 0.000000
19.000000 8.000000 1.000000 10000.000000 10000.000000 10000.000000 0.000000
19.000000 9.000000 1.000000 10000.000000 10000.000000 10000.000000 0.000000
19.000000 10.000000 1.000000 10000.000000 10000.000000 10000.000000 0.000000
19.000000 11.000000 1.000000 10000.000000 10000.000000 10000.000000 0.000000
19.000000 12.000000 1.000000 10000.000000 10000.000000 10000.000000 0.000000
19.000000 13.000000 1.000000 10000.000000 10000.000000 10000.000000 0.000000
19.000000 14.000000 1.000000 10000.000000 10000.000000 10000.000000 0.000000
19.000000 15.000000 1.000000 10000.000000 10000.000000 10000.000000 0.000000
19.000000 16.000000 1.000000 10000.000000 10000.000000 10000.000000 0.000000
19.000000 17.000000 1.000000 10000.000000 10000.000000 10000.000000 0.000000
19.000000 18.000000 1.000000 10000.000000 10000.000000 10000.000000 0.000000
19.000000 19.000000 1.000000 10000.000000 10000.000000 10000.000000 0.000000
19.000000 20.000000 1.000000 10000.000000 10000.000000 10000.000000 0.000000
19.000000 21.000000 1.000000 10000.000000 10000.000000 10000.000000 0.000000
19.000000 22.000000 1.000000 10000.000000 10000.000000 10000.000000 0.000000
19.000000 23.000000 1.000000 10000.000000 10000.000000 10000.000000 0.000000
19.000000 24.000000 1.000000 10000.000000 10000.000000 10000.000000 0.000000
19.000000 25.000000 1.000000 10000.000000 10000.000000 10000.000000 0.000000
19.000000 26.000000 1.000000 10000.000000 10000.000000 10000.000000 0.000000
19.000000 27.000000 1.000000 10000.000000 10000.000000 10000.000000 0.000000
19.000000 28.000000 1.000000 10000.000000 10000.000000 10000.000000 0.000000
19.000000 29.000000 1.000000 10000.000000 10000.000000 10000.000000 0.000000
19.000000 30.000000 1.000000 10000.000000 10000.000000 10000.000000 0.000000
19.000000 31.000000 1.000000 10000.000000 10000.000000 10000.000000 0.000000
19.000000 32.000000 1.000000 10000.000000 10000.000000 10000.000000 0.000000
19.000000 33.000000 1.000000 10000.000000 10000.000000 10000.000000 0.000000
19.000000 34.000000 1.000000 10000.000000 10000.000000 10000.000000 0.000000
19.000000 35.000000 1.000000 10000.000000 10000.000000 10000.000000 0.000000
19.000000 36.000000 1.000000 10000.000000 10000.000000 10000.000000 0.000000
19.000000 37.000000 1.000000 10000.000000 10000.000000 10000.000000 0.000000
19.000000 38.000000 1.000000 10000.000000 10000.000000 10000.000000 0.000000
19.000000 39.000000 1.000000 10000.000000 10000.000000 10000.000000 0.000000
19.000000 40.000000 1.000000 10000.000000 10000.000000 10000.000000 0.000000
19.000000 41.000000 1.000000 10000.000000 10000.000000 10000.000000 0.000000
19.000000 42.000000 1.000000 10000.000000 10000.000000 10000.000000 0.000000
19.000000 43.000000 1.000000 10000.000000 10000.000000 10000.000000 0.000000
19.000000 44.000000 1.000000 10000.000000 10000.000000 10000.000000 0.000000
19.000000 45.000000 1.000000 10000.000000 10000.000000 10000.000000 0.000000
19.000000 46.000000 1.000000 10000.000000 10000.000000 10000.000000 0.000000
19.000000 47.000000 1.000000 10000.000000 10000.000000 10000.000000 0.000000
19.000000 48.000000 1.000000 10000.000000 10000.000000 10000.000000 0.000000
19.000000 49.000000 1.000000 10000.000000 10000.000000 10000.000000 0.000000
20.000000 0.000000 1.000000 10000.000000 10000.000000 10000.000000 0.000000
20.000000 1.000000 1.000000 10000.000000 10000.000000 10000.000000 0.000000
20.000000 2.000000 1.000000 10000.000000 10000.000000 10000.000000 0.000000
20.000000 3.000000 1.000000 9999.000000 10000.000000 9999.000000 0.000000
20.000000 4.000000 1.000000 9999.000000 10000.000000 9999.000000 0.000000
20.000000 5.000000 1.000000 9999.000000 10000.000000 9999.000000 0.000000
20.000000 6.000000 1.000000 9999.000000 10000.000000 9999.000000 0.000000
20.000000 7.000000 1.000000 9999.000000 10000.000000 9999.000000 0.000000
20.000000 8.000000 1.000000 10000.000000 10000.000000 10000.000000 0.000000
20.000000 9.000000 1.000000 10000.000000 10000.000000 10000.000000 0.000000
20.000000 10.000000 1.000000 10000.000000 10000.000000 10000.000000 0.000000
20.000000 11.000000 1.000000 10000.000000 10000.000000 10000.000000 0.000000
20.000000 12.000000 1.000000 10000.000000 10000.000000 10000.000000 0.000000
20.000000 13.000000 1.000000 10000.000000 10000.000000 10000.000000 0.000000
20.000000 14.000000 1.000000 10000.000000 10000.000000 10000.000000 0.000000
20.000000 15.000000 1.000000 10000.000000 10000.000000 10000.000000 0.000000
20.000000 16.000000 1.000000 10000.000000 10000.000000 10000.000000 0.000000
20.000000 17.000000 1.000000 10000.000000 10000.000000 10000.000000 0.000000
20.000000 18.000000 1.000000 10000.000000 10000.000000 10000.000000 0.000000
20.000000 19.000000 1.000000 10000.000000 10000.000000 10000.000000 0.000000
20.000000 20.000000 1.000000 10000.000000 10000.000000 10000.000000 0.000000
20.000000 21.000000 1.000000 10000.000000 10000.000000 10000.000000 0.000000
20.000000 22.000000 1.000000 10000.000000 10000.000000 10000.000000 0.000000
20.000000 23.000000 1.000000 10000.000000 10000.000000 10000.000000 0.000000
20.000000 24.000000 1.000000 10000.000000 10000.000000 10000.000000 0.000000
20.000000 25.000000 1.000000 10000.000000 10000.000000 10000.000000 0.000000
20.000000 26.000000 1.000000 10000.000000 10000.000000 10000.000000 0.000000
20.000000 27.000000 1.000000 10000.000000 10000.000000 10000.000000 0.000000
20.000000 28.000000 1.000000 10000.000000 10000.000000 10000.000000 0.000000
20.000000 29.000000 1.000000 10000.000000 10000.000000 10000.000000 0.000000
20.000000 30.000000 1.000000 10000.000000 10000.000000 10000.000000 0.000000
20.000000 31.000000 1.000000 10000.000000 10000.000000 10000.000000 0.000000
20.000000 32.000000 1.000000 10000.000000 10000.000000 10000.000000 0.000000
20.000000 33.000000 1.000000 10000.000000 10000.000000 10000.000000 0.000000
20.000000 34.000000 1.000000 10000.000000 10000.000000 10000.000000 0.000000
20.000000 35.000000 1.000000 10000.000000 10000.000000 10000.000000 0.000000
20.000000 36.000000 1.000000 10000.000000 10000.000000 10000.000000 0.000000
20.000000 37.000000 1.000000 10000.000000 10000.000000 10000.000000 0.000000
20.000000 38.000000 1.000000 10000.000000 10000.000000 10000.000000 0.000000
20.000000 39.000000 1.000000 10000.000000 10000.000000 10000.000000 0.000000
20.000000 40.000000 1.000000 10000.000000 10000.000000 10000.000000 0.000000
20.000000 41.000000 1.000000 10000.000000 10000.000000 10000.000000 0.000000
20.000000 42.000000 1.000000 10000.000000 10000.000000 10000.000000 0.000000
20.000000 43.000000 1.000000 10000.000000 10000.000000 10000.000000 0.000000
20.000000 44.000000 1.000000 10000.000000 10000.000000 10000.000000 0.000000
20.000000 45.000000 1.000000 10000.000000 10000.000000 10000.000000 0.000000
20.000000 46.000000 1.000000 10000.000000 10000.000000 10000.000000 0.000000
20.000000 47.000000 1.000000 10000.000000 10000.000000 10000.000000 0.000000
20.000000 48.000000 1.000000 10000.000000 10000.000000 10000.000000 0.000000
20.000000 49.000000 1.000000 10000.000000 10000.000000 10000.000000 0.000000
21.000000 0.000000 1.000000 10000.000000 10000.000000 10000.000000 0.000000
21.000000 1.000000 1.000000 10000.000000 10000.000000 10000.000000 0.000000
21.000000 2.000000 1.000000 10000.000000 10000.000000 10000.000000 0.000000
21.000000 3.000000 1.000000 10000.000000 10000.000000 10000.000000 0.000000
21.000000 4.000000 1.000000 10000.000000 10000.000000 10000.000000 0.000000
21.000000 5.000000 1.000000 10000.000000 10000.000000 10000.000000 0.000000
21.000000 6.000000 1.000000 9999.000000 10000.000000 9999.000000 0.000000
21.000000 7.000000 1.000000 9998.000000 10000.000000 9998.000000 0.000000
21.000000 8.000000 1.000000 9998.000000 10000.000000 9998.000000 0.000000
21.000000 9.000000 1.000000 9998.000000 10000.000000 9998.000000 0.000000
21.000000 10.000000 1.000000 9998.000000 10000.000000 9998.000000 0.000000
21.000000 11.000000 1.000000 9999.000000 10000.000000 9999.000000 0.000000
21.000000 12.000000 1.000000 10000.000000 10000.000000 10000.000000 0.000000
21.000000 13.000000 1.000000 10000.000000 10000.000000 10000.000000 0.000000
21.000000 14.000000 1.000000 10000.000000 10000.000000 10000.000000 0.000000
21.000000 15.000000 1.000000 10000.000000 10000.000000 10000.000000 0.000000
21.000000 16.000000 1.000000 10000.000000 10000.000000 10000.000000 0.000000
21.000000 17.000000 1.000000 10000.000000 10000.000000 10000.000000 0.000000
21.000000 18.000000 1.000000 10000.000000 10000.000000 10000.000000 0.000000
21.000000 19.000000 1.000000 10000.000000 10000.000000 10000.000000 0.000000
21.000000 20.000000 1.000000 10000.000000 10000.000000 10000.000000 0.000000
21.000000 21.000000 1.000000 10000.000000 10000.000000 10000.000000 0.000000
21.000000 22.000000 1.000000 10000.000000 10000.000000 10000.000000 0.000000
21.000000 23.000000 1.000000 10000.000000 10000.000000 10000.000000 0.000000
21.000000 24.000000 1.000000 10000.000000 10000.000000 10000.000000 0.000000
21.000000 25.000000 1.000000 10000.000000 10000.000000 10000.000000 0.000000
21.000000 26.000000 1.000000 10000.000000 10000.000000 10000.000000 0.000000
21.000000 27.000000 1.000000 10000.000000 10000.000000 10000.000000 0.000000
21.000000 28.000000 1.000000 10000.000000 10000.000000 10000.000000 0.000000
21.000000 29.000000 1.000000 10000.000000 10000.000000 10000.000000 0.000000
21.000000 30.000000 1.000000 10000.000000 10000.000000 10000.000000 0.000000
21.000000 31.000000 1.000000 10000.000000 10000.000000 10000.000000 0.000000
21.000000 32.000000 1.000000 10000.000000 10000.000000 10000.000000 0.000000
21.000000 33.000000 1.000000 10000.000000 10000.000000 10000.000000 0.000000
21.000000 34.000000 1.000000 10000.000000 10000.000000 10000.000000 0.000000
21.000000 35.000000 1.000000 10000.000000 10000.000000 10000.000000 0.000000
21.000000 36.000000 1.000000 10000.000000 10000.000000 10000.000000 0.000000
21.000000 37.000000 1.000000 10000.000000 10000.000000 10000.000000 0.000000
21.000000 38.000000 1.000000 10000.000000 10000.000000 10000.000000 0.000000
21.000000 39.000000 1.000000 10000.000000 10000.000000 10000.000000 0.000000
21.000000 40.000000 1.000000 10000.000000 10000.000000 10000.000000 0.000000
21.000000 41.000000 1.000000 10000.000000 10000.000000 10000.000000 0.000000
21.000000 42.000000 1.000000 10000.000000 10000.000000 10000.000000 0.000000
21.000000 43.000000 1.000000 10000.000000 10000.000000 10000.000000 0.000000
21.000000 44.000000 1.000000 10000.000000 10000.000000 10000.000000 0.000000
21.000000 45.000000 1.000000 10000.000000 10000.000000 10000.000000 0.000000
21.000000 46.000000 1.000000 10000.000000 10000.000000 10000.000000 0.000000
21.000000 47.000000 1.000000 10000.000000 10000.000000 10000.000000 0.000000
21.000000 48.000000 1.000000 10000.000000 10000.000000 10000.000000 0.000000
21.000000 49.000000 1.000000 10000.000000 10000.000000 10000.000000 0.000000
22.000000 0.000000 1.000000 10000.000000 10000.000000 10000.000000 0.000000
22.000000 1.000000 1.000000 10000.000000 10000.000000 10000.000000 0.000000
22.000000 2.000000 1.000000 10000.000000 10000.000000 10000.000000 0.000000
22.000000 3.000000 1.000000 10000.000000 10000.000000 10000.000000 0.000000
22.000000 4.000000 1.000000 10000.000000 10000.000000 10000.000000 0.000000
22.000000 5.000000 1.000000 10000.000000 10000.000000 10000.000000 0.000000
22.000000 6.000000 1.000000 10000.000000 10000.000000 10000.000000 0.000000
22.000000 7.000000 1.000000 9997.000000 10000.000000 9997.000000 0.000000
22.000000 8.000000 1.000000 9996.000000 10000.000000 9996.000000 0.000000
22.000000 9.000000 1.000000 9995.000000 10000.000000 9995.000000 0.000000
22.000000 10.000000 1.000000 9995.000000 10000.000000 9995.000000 0.000000
22.000000 11.000000 1.000000 9994.000000 10000.000000 9994.000000 0.000000
22.000000 12.000000 1.000000 9997.000000 10000.000000 9997.000000 0.000000
22.000000 13.000000 1.000000 9997.000000 10000.000000 9997.000000 0.000000
22.000000 14.000000 1.000000 9997.000000 10000.000000 9997.000000 0.000000
22.000000 15.000000 1.000000 9997.000000 10000.000000 9997.000000 0.000000
22.000000 16.000000 1.000000 9998.000000 10000.000000 9998.000000 0.000000
22.000000 17.000000 1.000000 9998.000000 10000.000000 9998.000000 0.000000
22.000000 18.000000 1.000000 9999.000000 10000.000000 9999.000000 0.000000
22.000000 19.000000 1.000000 9999.000000 10000.000000 9999.000000 0.000000
22.000000 20.000000 1.000000 10000.000000 10000.000000 10000.000000 0.000000
22.000000 21.000000 1.000000 10000.000000 10000.000000 10000.000000 0.000000
22.000000 22.000000 1.000000 10000.000000 10000.000000 10000.000000 0.000000
22.000000 23.000000 1.000000 10000.000000 10000.000000 10000.000000 0.000000
22.000000 24.000000 1.000000 10000.000000 10000.000000 10000.000000 0.000000
22.000000 25.000000 1.000000 10000.000000 10000.000000 10000.000000 0.000000
22.000000 26.000000 1.000000 10000.000000 10000.000000 10000.000000 0.000000
22.000000 27.000000 1.000000 10000.000000 10000.000000 10000.000000 0.000000
22.000000 28.000000 1.000000 10000.000000 10000.000000 10000.000000 0.000000
22.000000 29.000000 1.000000 10000.000000 10000.000000 10000.000000 0.000000
22.000000 30.000000 1.000000 10000.000000 10000.000000 10000.000000 0.000000
22.000000 31.000000 1.000000 10000.000000 10000.000000 10000.000000 0.000000
22.000000 32.000000 1.000000 10000.000000 10000.000000 10000.000000 0.000000
22.000000 33.000000 1.000000 10000.000000 10000.000000 10000.000000 0.000000
22.000000 34.000000 1.000000 10000.000000 10000.000000 10000.000000 0.000000
22.000000 35.000000 1.000000 10000.000000 10000.000000 10000.000000 0.000000
22.000000 36.000000 1.000000 10000.000000 10000.000000 10000.000000 0.000000
22.000000 37.000000 1.000000 10000.000000 10000.000000 10000.000000 0.000000
22.000000 38.000000 1.000000 10000.000000 10000.000000 10000.000000 0.000000
22.000000 39.000000 1.000000 10000.000000 10000.000000 10000.000000 0.000000
22.000000 40.000000 1.000000 10000.000000 10000.000000 10000.000000 0.000000
22.000000 41.000000 1.000000 10000.000000 10000.000000 10000.000000 0.000000
22.000000 42.000000 1.000000 10000.000000 10000.000000 10000.000000 0.000000
22.000000 43.000000 1.000000 10000.000000 10000.000000 10000.000000 0.000000
22.000000 44.000000 1.000000 10000.000000 10000.000000 10000.000000 0.000000
22.000000 45.000000 1.000000 10000.000000 10000.000000 10000.000000 0.000000
22.000000 46.000000 1.000000 10000.000000 10000.000000 10000.000000 0.000000
22.000000 47.000000 1.000000 10000.000000 10000.000000 10000.000000 0.000000
22.000000 48.000000 1.000000 10000.000000 10000.000000 10000.000000 0.000000
22.000000 49.000000 1.000000 10000.000000 10000.000000 10000.000000 0.000000
23.000000 0.000000 1.000000 10000.000000 10000.000000 10000.000000 0.000000
23.000000 1.000000 1.000000 10000.000000 10000.000000 10000.000000 0.000000
23.000000 2.000000 1.000000 10000.000000 10000.000000 10000.000000 0.000000
23.000000 3.000000 1.000000 9999.000000 10000.000000 9999.000000 0.000000
23.000000 4.000000 1.000000 9999.000000 10000.000000 9999.000000 0.000000
23.000000 5.000000 1.000000 9999.000000 10000.000000 9999.000000 0.000000
23.000000 6.000000 1.000000 9999.000000 10000.000000 9999.000000 0.000000
23.000000 7.000000 1.000000 9999.000000 10000.000000 9999.000000 0.000000
23.000000 8.000000 1.000000 10000.000000 10000.000000 10000.000000 0.000000
23.000000 9.000000 1.000000 9999.000000 10000.000000 9999.000000 0.000000
23.000000 10.000000 1.000000 9999.000000 10000.000000 9999.000000 0.000000
23.000000 11.000000 1.000000 9999.000000 10000.000000 9999.000000 0.000000
23.000000 12.000000 1.000000 9999.000000 10000.000000 9999.000000 0.000000
23.000000 13.000000 1.000000 9999.000000 10000.000000 9999.000000 0.000000
23.000000 14.000000 1.000000 10000.000000 10000.000000 10000.000000 0.000000
23.000000 15.000000 1.000000 10000.000000 10000.000000 10000.000000 0.000000
23.000000 16.000000 1.000000 10000.000000 10000.000000 10000.000000 0.000000
23.000000 17.000000 1.000000 10000.000000 10000.000000 10000.000000 0.000000
23.000000 18.000000 1.000000 10000.000000 10000.000000 10000.000000 0.000000
23.000000 19.000000 1.000000 10000.000000 10000.000000 10000.000000 0.000000
23.000000 20.000000 1.000000 10000.000000 10000.000000 10000.000000 0.000000
23.000000 21.000000 1.000000 10000.000000 10000.000000 10000.000000 0.000000
23.000000 22.000000 1.000000 10000.000000 10000.000000 10000.000000 0.000000
23.000000 23.000000 1.000000 10000.000000 10000.000000 10000.000000 0.000000
23.000000 24.000000 1.000000 10000.000000 10000.000000 10000.000000 0.000000
23.000000 25.000000 1.000000 10000.000000 10000.000000 10000.000000 0.000000
23.000000 26.000000 1.000000 10000.000000 10000.000000 10000.000000 0.000000
23.000000 27.000000 1.000000 10000.000000 10000.000000 10000.000000 0.000000
23.000000 28.000000 1.000000 10000.000000 10000.000000 10000.000000 0.000000
23.000000 29.000000 1.000000 10000.000000 10000.000000 10000.000000 0.000000
23.000000 30.000000 1.000000 10000.000000 10000.000000 10000.000000 0.000000
23.000000 31.000000 1.000000 10000.000000 10000.000000 10000.000000 0.000000
23.000000 32.000000 1.000000 10000.000000 10000.000000 10000.000000 0.000000
23.000000 33.000000 1.000000 10000.000000 10000.000000 10000.000000 0.000000
23.000000 34.000000 1.000000 10000.000000 10000.000000 10000.000000 0.000000
23.000000 35.000000 1.000000 10000.000000 10000.000000 10000.000000 0.000000
23.000000 36.000000 1.000000 10000.000000 10000.000000 10000.000000 0.000000
23.000000 37.000000 1.000000 10000.000000 10000.000000 10000.000000 0.000000
23.000000 38.000000 1.000000 10000.000000 10000.000000 10000.000000 0.000000
23.000000 39.000000 1.000000 10000.000000 10000.000000 10000.000000 0.000000
23.000000 40.000000 1.000000 10000.000000 10000.000000 10000.000000 0.000000
23.000000 41.000000 1.000000 10000.000000 10000.000000 10000.000000 0.000000
23.000000 42.000000 1.000000 10000.000000 10000.000000 10000.000000 0.000000
23.000000 43.000000 1.000000 10000.000000 10000.000000 10000.000000 0.000000
23.000000 44.000000 1.000000 10000.000000 10000.000000 10000.000000 0.000000
23.000000 45.000000 1.000000 10000.000000 10000.000000 10000.000000 0.000000
23.000000 46.000000 1.000000 10000.000000 10000.000000 10000.000000 0.000000
23.000000 47.000000 1.000000 10000.000000 10000.000000 10000.000000 0.000000
23.000000 48.000000 1.000000 10000.000000 10000.000000 10000.000000 0.000000
23.000000 49.000000 1.000000 10000.000000 10000.000000 10000.000000 0.000000
24.000000 0.000000 1.000000 10000.000000 10000.000000 10000.000000 0.000000
24.000000 1.000000 1.000000 10000.000000 10000.000000 10000.000000 0.000000
24.000000 2.000000 1.000000 10000.000000 10000.000000 10000.000000 0.000000
24.000000 3.000000 1.000000 9999.000000 10000.000000 9999.000000 0.000000
24.000000 4.000000 1.000000 9999.000000 10000.000000 9999.000000 0.000000
24.000000 5.000000 1.000000 9999.000000 10000.000000 9999.000000 0.000000
24.000000 6.000000 1.000000 9998.000000 10000.000000 9998.000000 0.000000
24.000000 7.000000 1.000000 9998.000000 10000.000000 9998.000000 0.000000
24.000000 8.000000 1.000000 9998.000000 10000.000000 9998.000000 0.000000
24.000000 9.000000 1.000000 9999.000000 10000.000000 9999.000000 0.000000
24.000000 10.000000 1.000000 9999.000000 10000.000000 9999.000000 0.000000
24.000000 11.000000 1.000000 10000.000000 10000.000000 10000.000000 0.000000
24.000000 12.000000 1.000000 10000.000000 10000.000000 10000.000000 0.000000
24.000000 13.000000 1.000000 10000.000000 10000.000000 10000.000000 0.000000
24.000000 14.000000 1.000000 10000.000000 10000.000000 10000.000000 0.000000
24.000000 15.000000 1.000000 10000.000000 10000.000000 10000.000000 0.000000
24.000000 16.000000 1.000000 10000.000000 10000.000000 10000.000000 0.000000
24.000000 17.000000 1.000000 10000.000000 10000.000000 10000.000000 0.000000
24.000000 18.000000 1.000000 10000.000000 10000.000000 10000.000000 0.000000
24.000000 19.000000 1.000000 10000.000000 10000.000000 10000.000000 0.000000
24.000000 20.000000 1.000000 10000.000000 10000.000000 10000.000000 0.000000
24.000000 21.000000 1.000000 10000.000000 10000.000000 10000.000000 0.000000
24.000000 22.000000 1.000000 10000.000000 10000.000000 10000.000000 0.000000
24.000000 23.000000 1.000000 10000.000000 10000.000000 10000.000000 0.000000
24.000000 24.000000 1.000000 10000.000000 10000.000000 10000.000000 0.000000
24.000000 25.000000 1.000000 10000.000000 10000.000000 10000.000000 0.000000
24.000000 26.000000 1.000000 10000.000000 10000.000000 10000.000000 0.000000
24.000000 27.000000 1.000000 10000.000000 10000.000000 10000.000000 0.000000
24.000000 28.000000 1.000000 10000.000000 10000.000000 10000.000000 0.000000
24.000000 29.000000 1.000000 10000.000000 10000.000000 10000.000000 0.000000
24.000000 30.000000 1.000000 10000.000000 10000.000000 10000.000000 0.000000
24.000000 31.000000 1.000000 10000.000000 10000.000000 10000.000000 0.000000
24.000000 32.000000 1.000000 10000.000000 10000.000000 10000.000000 0.000000
24.000000 33.000000 1.000000 10000.000000 10000.000000 10000.000000 0.000000
24.000000 34.000000 1.000000 10000.000000 10000.000000 10000.000000 0.000000
24.000000 35.000000 1.000000 10000.000000 10000.000000 10000.000000 0.000000
24.000000 36.000000 1.000000 10000.000000 10000.000000 10000.000000 0.000000
24.000000 37.000000 1.000000 10000.000000 10000.000000 10000.000000 0.000000
24.000000 38.000000 1.000000 10000.000000 10000.000000 10000.000000 0.000000
24.000000 39.000000 1.000000 10000.000000 10000.000000 10000.000000 0.000000
24.000000 40.000000 1.000000 10000.000000 10000.000000 10000.000000 0.000000
24.000000 41.000000 1.000000 10000.000000 10000.000000 10000.000000 0.000000
24.000000 42.000000 1.000000 10000.000000 10000.000000 10000.000000 0.000000
24.000000 43.000000 1.000000 10000.000000 10000.000000 10000.000000 0.000000
24.000000 44.000000 1.000000 10000.000000 10000.000000 10000.000000 0.000000
24.000000 45.000000 1.000000 10000.000000 10000.000000 10000.000000 0.000000
24.000000 46.000000 1.000000 10000.000000 10000.000000 10000.000000 0.000000
24.000000 47.000000 1.000000 10000.000000 10000.000000 10000.000000 0.000000
24.000000 48.000000 1.000000 10000.000000 10000.000000 10000.000000 0.000000
24.000000 49.000000 1.000000 10000.000000 10000.000000 10000.000000 0.000000
25.000000 0.000000 1.000000 10000.000000 10000.000000 10000.000000 0.000000
25.000000 1.000000 1.000000 10000.000000 10000.000000 10000.000000 0.000000
25.000000 2.000000 1.000000 9999.000000 10000.000000 9999.000000 0.000000
25.000000 3.000000 1.000000 9999.000000 10000.000000 9999.000000 0.000000
25.000000 4.000000 1.000000 9999.000000 10000.000000 9999.000000 0.000000
25.000000 5.000000 1.000000 9999.000000 10000.000000 9999.000000 0.000000
25.000000 6.000000 1.000000 9999.000000 10000.000000 9999.000000 0.000000
25.000000 7.000000 1.000000 9999.000000 10000.000000 9999.000000 0.000000
25.000000 8.000000 1.000000 10000.000000 10000.000000 10000.000000 0.000000
25.000000 9.000000 1.000000 10000.000000 10000.000000 10000.000000 0.000000
25.000000 10.000000 1.000000 10000.000000 10000.000000 10000.000000 0.000000
25.000000 11.000000 1.000000 10000.000000 10000.000000 10000.000000 0.000000
25.000000 12.000000 1.000000 10000.000000 10000.000000 10000.000000 0.000000
25.000000 13.000000 1.000000 10000.000000 10000.000000 10000.000000 0.000000
25.000000 14.000000 1.000000 10000.000000 10000.000000 10000.000000 0.000000
25.000000 15.000000 1.000000 10000.000000 10000.000000 10000.000000 0.000000
25.000000 16.000000 1.000000 10000.000000 10000.000000 10000.000000 0.000000
25.000000 17.000000 1.000000 10000.000000 10000.000000 10000.000000 0.000000
25.000000 18.000000 1.000000 10000.000000 10000.000000 10000.000000 0.000000
25.000000 19.000000 1.000000 10000.000000 10000.000000 10000.000000 0.000000
25.000000 20.000000 1.000000 10000.000000 10000.000000 10000.000000 0.000000
25.000000 21.000000 1.000000 10000.000000 10000.000000 10000.000000 0.000000
25.000000 22.000000 1.000000 10000.000000 10000.000000 10000.000000 0.000000
25.000000 23.000000 1.000000 10000.000000 10000.000000 10000.000000 0.000000
25.000000 24.000000 1.000000 10000.000000 10000.000000 10000.000000 0.000000
25.000000 25.000000 1.000000 10000.000000 10000.000000 10000.000000 0.000000
25.000000 26.000000 1.000000 10000.000000 10000.000000 10000.000000 0.000000
25.000000 27.000000 1.000000 10000.000000 10000.000000 10000.000000 0.000000
25.000000 28.000000 1.000000 10000.000000 10000.000000 10000.000000 0.000000
25.000000 29.000000 1.000000 10000.000000 10000.000000 10000.000000 0.000000
25.000000 30.000000 1.000000 10000.000000 10000.000000 10000.000000 0.000000
25.000000 31.000000 1.000000 10000.000000 10000.000000 10000.000000 0.000000
25.000000 32.000000 1.000000 10000.000000 10000.000000 10000.000000 0.000000
25.000000 33.000000 1.000000 10000.000000 10000.000000 10000.000000 0.000000
25.000000 34.000000 1.000000 10000.000000 10000.000000 10000.000000 0.000000
25.000000 35.000000 1.000000 10000.000000 10000.000000 10000.000000 0.000000
25.000000 36.000000 1.000000 10000.000000 10000.000000 10000.000000 0.000000
25.000000 37.000000 1.000000 10000.000000 10000.000000 10000.000000 0.000000
25.000000 38.000000 1.000000 10000.000000 10000.000000 10000.000000 0.000000
25.000000 39.000000 1.000000 10000.000000 10000.000000 10000.000000 0.000000
25.000000 40.000000 1.000000 10000.000000 10000.000000 10000.000000 0.000000
25.000000 41.000000 1.000000 10000.000000 10000.000000 10000.000000 0.000000
25.000000 42.000000 1.000000 10000.000000 10000.000000 10000.000000 0.000000
25.000000 43.000000 1.000000 10000.000000 10000.000000 10000.000000 0.000000
25.000000 44.000000 1.000000 10000.000000 10000.000000 10000.000000 0.000000
25.000000 45.000000 1.000000 10000.000000 10000.000000 10000.000000 0.000000
25.000000 46.000000 1.000000 10000.000000 10000.000000 10000.000000 0.000000
25.000000 47.000000 1.000000 10000.000000 10000.000000 10000.000000 0.000000
25.000000 48.000000 1.000000 10000.000000 10000.000000 10000.000000 0.000000
25.000000 49.000000 1.000000 10000.000000 10000.000000 10000.000000 0.000000
26.000000 0.000000 1.000000 10000.000000 10000.000000 10000.000000 0.000000
26.000000 1.000000 1.000000 10000.000000 10000.000000 10000.000000 0.000000
26.000000 2.000000 1.000000 10000.000000 10000.000000 10000.000000 0.000000
26.000000 3.000000 1.000000 10000.000000 10000.000000 10000.000000 0.000000
26.000000 4.000000 1.000000 9999.000000 10000.000000 9999.000000 0.000000
26.000000 5.000000 1.000000 9999.000000 10000.000000 9999.000000 0.000000
26.000000 6.000000 1.000000 9995.000000 10000.000000 9995.000000 0.000000
26.000000 7.000000 1.000000 9992.000000 10000.000000 9992.000000 0.000000
26.000000 8.000000 1.000000 9988.000000 10000.000000 9988.000000 0.000000
26.000000 9.000000 1.000000 9980.000000 10000.000000 9980.000000 0.000000
26.000000 10.000000 1.000000 9973.000000 10000.000000 9973.000000 0.000000
26.000000 11.000000 1.000000 9972.000000 10000.000000 9972.000000 0.000000
26.000000 12.000000 1.000000 9974.000000 10000.000000 9974.000000 0.000000
26.000000 13.000000 1.000000 9973.000000 10000.000000 9973.000000 0.000000
26.000000 14.000000 1.000000 9974.000000 10000.000000 9974.000000 0.000000
26.000000 15.000000 1.000000 9978.000000 10000.000000 9978.000000 0.000000
26.000000 16.000000 1.000000 9972.000000 10000.000000 9972.000000 0.000000
26.000000 17.000000 1.000000 9952.000000 10000.000000 9952.000000 0.000000
26.000000 18.000000 1.000000 9940.000000 10000.000000 9940.000000 0.000000
26.000000 19.000000 1.000000 9918.000000 10000.000000 9919.000000 1.000000
26.000000 20.000000 7535.000000 2321.000000 10000.000000 9856.000000 7535.000000
26.000000 21.000000 1.000000 2330.000000 2483.000000 9792.000000 1.000000
26.000000 22.000000 8319.000000 1473.000000 10000.000000 9792.000000 8319.000000
26.000000 23.000000 2.000000 19.000000 224.000000 9633.000000 1.000000
26.000000 24.000000 9571.000000 0.000000 10000.000000 9571.000000 9571.000000
26.000000 25.000000 11.000000 36.000000 437.000000 9560.000000 9.000000
26.000000 26.000000 9631.000000 0.000000 10000.000000 9631.000000 9631.000000
26.000000 27.000000 3.000000 23.000000 360.000000 9606.000000 2.000000
26.000000 28.000000 8399.000000 1330.000000 10000.000000 9729.000000 8399.000000
26.000000 29.000000 1.000000 96.000000 136.000000 9805.000000 0.000000
26.000000 30.000000 1.000000 174.000000 197.000000 9879.000000 1.000000
26.000000 31.000000 1.000000 201.000000 214.000000 9900.000000 0.000000
26.000000 32.000000 1.000000 213.000000 214.000000 9944.000000 0.000000
26.000000 33.000000 1.000000 259.000000 265.000000 9963.000000 0.000000
26.000000 34.000000 1.000000 1601.000000 1604.000000 9980.000000 0.000000
26.000000 35.000000 1.000000 4391.000000 4403.000000 9984.000000 0.000000
26.000000 36.000000 1.000000 9985.000000 9999.000000 9986.000000 0.000000
26.000000 37.000000 1.000000 9982.000000 10000.000000 9982.000000 0.000000
26.000000 38.000000 1.000000 9982.000000 10000.000000 9982.000000 0.000000
26.000000 39.000000 1.000000 9982.000000 10000.000000 9982.000000 0.000000
26.000000 40.000000 1.000000 9982.000000 10000.000000 9982.000000 0.000000
26.000000 41.000000 1.000000 9985.000000 10000.000000 9985.000000 0.000000
26.000000 42.000000 1.000000 9984.000000 10000.000000 9984.000000 0.000000
26.000000 43.000000 1.000000 9982.000000 10000.000000 9982.000000 0.000000
26.000000 44.000000 1.000000 9980.000000 10000.000000 9980.000000 0.000000
26.000000 45.000000 1.000000 9985.000000 10000.000000 9985.000000 0.000000
26.000000 46.000000 1.000000 9984.000000 10000.000000 9984.000000 0.000000
26.000000 47.000000 1.000000 9984.000000 10000.000000 9984.000000 0.000000
26.000000 48.000000 1.000000 9989.000000 10000.000000 9989.000000 0.000000
26.000000 49.000000 1.000000 9989.000000 10000.000000 9989.000000 0.000000
27.000000 0.000000 1.000000 10000.000000 10000.000000 10000.000000 0.000000
27.000000 1.000000 1.000000 10000.000000 10000.000000 10000.000000 0.000000
27.000000 2.000000 1.000000 9999.000000 10000.000000 9999.000000 0.000000
27.000000 3.000000 1.000000 9999.000000 10000.000000 9999.000000 0.000000
27.000000 4.000000 1.000000 9999.000000 10000.000000 9999.000000 0.000000
27.000000 5.000000 1.000000 9999.000000 10000.000000 9999.000000 0.000000
27.000000 6.000000 1.000000 9999.000000 10000.000000 9999.000000 0.000000
27.000000 7.000000 1.000000 10000.000000 10000.000000 10000.000000 0.000000
27.000000 8.000000 1.000000 10000.000000 10000.000000 10000.000000 0.000000
27.000000 9.000000 1.000000 10000.000000 10000.000000 10000.000000 0.000000
27.000000 10.000000 1.000000 10000.000000 10000.000000 10000.000000 0.000000
27.000000 11.000000 1.000000 10000.000000 10000.000000 10000.000000 0.000000
27.000000 12.000000 1.000000 10000.000000 10000.000000 10000.000000 0.000000
27.000000 13.000000 1.000000 10000.000000 10000.000000 10000.000000 0.000000
27.000000 14.000000 1.000000 10000.000000 10000.000000 10000.000000 0.000000
27.000000 15.000000 1.000000 10000.000000 10000.000000 10000.000000 0.000000
27.000000 16.000000 1.000000 10000.000000 10000.000000 10000.000000 0.000000
27.000000 17.000000 1.000000 10000.000000 10000.000000 10000.000000 0.000000
27.000000 18.000000 1.000000 10000.000000 10000.000000 10000.000000 0.000000
27.000000 19.000000 1.000000 10000.000000 10000.000000 10000.000000 0.000000
27.000000 20.000000 1.000000 10000.000000 10000.000000 10000.000000 0.000000
27.000000 21.000000 1.000000 10000.000000 10000.000000 10000.000000 0.000000
27.000000 22.000000 1.000000 10000.000000 10000.000000 10000.000000 0.000000
27.000000 23.000000 1.000000 10000.000000 10000.000000 10000.000000 0.000000
27.000000 24.000000 1.000000 10000.000000 10000.000000 10000.000000 0.000000
27.000000 25.000000 1.000000 10000.000000 10000.000000 10000.000000 0.000000
27.000000 26.000000 1.000000 10000.000000 10000.000000 10000.000000 0.000000
27.000000 27.000000 1.000000 10000.000000 10000.000000 10000.000000 0.000000
27.000000 28.000000 1.000000 10000.000000 10000.000000 10000.000000 0.000000
27.000000 29.000000 1.000000 10000.000000 10000.000000 10000.000000 0.000000
27.000000 30.000000 1.000000 10000.000000 10000.000000 10000.000000 0.000000
27.000000 31.000000 1.000000 10000.000000 10000.000000 10000.000000 0.000000
27.000000 32.000000 1.000000 10000.000000 10000.000000 10000.000000 0.000000
27.000000 33.000000 1.000000 10000.000000 10000.000000 10000.000000 0.000000
27.000000 34.000000 1.000000 10000.000000 10000.000000 10000.000000 0.000000
27.000000 35.000000 1.000000 10000.000000 10000.000000 10000.000000 0.000000
27.000000 36.000000 1.000000 10000.000000 10000.000000 10000.000000 0.000000
27.000000 37.000000 1.000000 10000.000000 10000.000000 10000.000000 0.000000
27.000000 38.000000 1.000000 10000.000000 10000.000000 10000.000000 0.000000
27.000000 39.000000 1.000000 10000.000000 10000.000000 10000.000000 0.000000
27.000000 40.000000 1.000000 10000.000000 10000.000000 10000.000000 0.000000
27.000000 41.000000 1.000000 10000.000000 10000.000000 10000.000000 0.000000
27.000000 42.000000 1.000000 10000.000000 10000.000000 10000.000000 0.000000
27.000000 43.000000 1.000000 10000.000000 10000.000000 10000.000000 0.000000
27.000000 44.000000 1.000000 10000.000000 10000.000000 10000.000000 0.000000
27.000000 45.000000 1.000000 10000.000000 10000.000000 10000.000000 0.000000
27.000000 46.000000 1.000000 10000.000000 10000.000000 10000.000000 0.000000
27.000000 47.000000 1.000000 10000.000000 10000.000000 10000.000000 0.000000
27.000000 48.000000 1.000000 10000.000000 10000.000000 10000.000000 0.000000
27.000000 49.000000 1.000000 10000.000000 10000.000000 10000.000000 0.000000
28.000000 0.000000 1.000000 10000.000000 10000.000000 10000.000000 0.000000
28.000000 1.000000 1.000000 10000.000000 10000.000000 10000.000000 0.000000
28.000000 2.000000 1.000000 10000.000000 10000.000000 10000.000000 0.000000
28.000000 3.000000 1.000000 9999.000000 10000.000000 9999.000000 0.000000
28.000000 4.000000 1.000000 9999.000000 10000.000000 9999.000000 0.000000
28.000000 5.000000 1.000000 9999.000000 10000.000000 9999.000000 0.000000
28.000000 6.000000 1.000000 9999.000000 10000.000000 9999.000000 0.000000
28.000000 7.000000 1.000000 9999.000000 10000.000000 9999.000000 0.000000
28.000000 8.000000 1.000000 10000.000000 10000.000000 10000.000000 0.000000
28.000000 9.000000 1.000000 10000.000000 10000.000000 10000.000000 0.000000
28.000000 10.000000 1.000000 10000.000000 10000.000000 10000.000000 0.000000
28.000000 11.000000 1.000000 10000.000000 10000.000000 10000.000000 0.000000
28.000000 12.000000 1.000000 10000.000000 10000.000000 10000.000000 0.000000
28.000000 13.000000 1.000000 10000.000000 10000.000000 10000.000000 0.000000
28.000000 14.000000 1.000000 10000.000000 10000.000000 10000.000000 0.000000
28.000000 15.000000 1.000000 10000.000000 10000.000000 10000.000000 0.000000
28.000000 16.000000 1.000000 10000.000000 10000.000000 10000.000000 0.000000
28.000000 17.000000 1.000000 10000.000000 10000.000000 10000.000000 0.000000
28.000000 18.000000 1.000000 10000.000000 10000.000000 10000.000000 0.000000
28.000000 19.000000 1.000000 10000.000000 10000.000000 10000.000000 0.000000
28.000000 20.000000 1.000000 10000.000000 10000.000000 10000.000000 0.000000
28.000000 21.000000 1.000000 10000.000000 10000.000000 10000.000000 0.000000
28.000000 22.000000 1.000000 10000.000000 10000.000000 10000.000000 0.000000
28.000000 23.000000 1.000000 10000.000000 10000.000000 10000.000000 0.000000
28.000000 24.000000 1.000000 10000.000000 10000.000000 10000.000000 0.000000
28.000000 25.000000 1.000000 10000.000000 10000.000000 10000.000000 0.000000
28.000000 26.000000 1.000000 10000.000000 10000.000000 10000.000000 0.000000
28.000000 27.000000 1.000000 10000.000000 10000.000000 10000.000000 0.000000
28.000000 28.000000 1.000000 10000.000000 10000.000000 10000.000000 0.000000
28.000000 29.000000 1.000000 10000.000000 10000.000000 10000.000000 0.000000
28.000000 30.000000 1.000000 10000.000000 10000.000000 10000.000000 0.000000
28.000000 31.000000 1.000000 10000.000000 10000.000000 10000.000000 0.000000
28.000000 32.000000 1.000000 10000.000000 10000.000000 10000.000000 0.000000
28.000000 33.000000 1.000000 10000.000000 10000.000000 10000.000000 0.000000
28.000000 34.000000 1.000000 10000.000000 10000.000000 10000.000000 0.000000
28.000000 35.000000 1.000000 10000.000000 10000.000000 10000.000000 0.000000
28.000000 36.000000 1.000000 10000.000000 10000.000000 10000.000000 0.000000
28.000000 37.000000 1.000000 10000.000000 10000.000000 10000.000000 0.000000
28.000000 38.000000 1.000000 10000.000000 10000.000000 10000.000000 0.000000
28.000000 39.000000 1.000000 10000.000000 10000.000000 10000.000000 0.000000
28.000000 40.000000 1.000000 10000.000000 10000.000000 10000.000000 0.000000
28.000000 41.000000 1.000000 10000.000000 10000.000000 10000.000000 0.000000
28.000000 42.000000 1.000000 10000.000000 10000.000000 10000.000000 0.000000
28.000000 43.000000 1.000000 10000.000000 10000.000000 10000.000000 0.000000
28.000000 44.000000 1.000000 10000.000000 10000.000000 10000.000000 0.000000
28.000000 45.000000 1.000000 10000.000000 10000.000000 10000.000000 0.000000
28.000000 46.000000 1.000000 10000.000000 10000.000000 10000.000000 0.000000
28.000000 47.000000 1.000000 10000.000000 10000.000000 10000.000000 0.000000
28.000000 48.000000 1.000000 10000.000000 10000.000000 10000.000000 0.000000
28.000000 49.000000 1.000000 10000.000000 10000.000000 10000.000000 0.000000
29.000000 0.000000 1.000000 10000.000000 10000.000000 10000.000000 0.000000
29.000000 1.000000 1.000000 10000.000000 10000.000000 10000.000000 0.000000
29.000000 2.000000 1.000000 10000.000000 10000.000000 10000.000000 0.000000
29.000000 3.000000 1.000000 10000.000000 10000.000000 10000.000000 0.000000
29.000000 4.000000 1.000000 9999.000000 10000.000000 9999.000000 0.000000
29.000000 5.000000 1.000000 9999.000000 10000.000000 9999.000000 0.000000
29.000000 6.000000 1.000000 9998.000000 10000.000000 9998.000000 0.000000
29.000000 7.000000 1.000000 9996.000000 10000.000000 9996.000000 0.000000
29.000000 8.000000 1.000000 9996.000000 10000.000000 9996.000000 0.000000
29.000000 9.000000 1.000000 9996.000000 10000.000000 9996.000000 0.000000
29.000000 10.000000 1.000000 9994.000000 10000.000000 9994.000000 0.000000
29.000000 11.000000 1.000000 9995.000000 10000.000000 9995.000000 0.000000
29.000000 12.000000 1.000000 9996.000000 10000.000000 9996.000000 0.000000
29.000000 13.000000 1.000000 9995.000000 10000.000000 9995.000000 0.000000
29.000000 14.000000 1.000000 9995.000000 10000.000000 9995.000000 0.000000
29.000000 15.000000 1.000000 9996.000000 10000.000000 9996.000000 0.000000
29.000000 16.000000 1.000000 9995.000000 10000.000000 9995.000000 0.000000
29.000000 17.000000 1.000000 9992.000000 10000.000000 9992.000000 0.000000
29.000000 18.000000 1.000000 9991.000000 10000.000000 9991.000000 0.000000
29.000000 19.000000 1.000000 9988.000000 10000.000000 9988.000000 0.000000
29.000000 20.000000 1.000000 9981.000000 10000.000000 9981.000000 0.000000
29.000000 21.000000 1.000000 9979.000000 10000.000000 9979.000000 0.000000
29.000000 22.000000 1.000000 9976.000000 10000.000000 9976.000000 0.000000
29.000000 23.000000 1.000000 9968.000000 10000.000000 9968.000000 0.000000
29.000000 24.000000 1.000000 9963.000000 10000.000000 9963.000000 0.000000
29.000000 25.000000 1.000000 9953.000000 10000.000000 9953.000000 0.000000
29.000000 26.000000 1.000000 9914.000000 10000.000000 9915.000000 1.000000
29.000000 27.000000 2150.000000 7946.000000 9999.000000 9785.000000 1838.000000
29.000000 28.000000 5791.000000 3833.000000 10000.000000 9624.000000 5791.000000
29.000000 29.000000 7384.000000 2081.000000 10000.000000 9465.000000 7384.000000
29.000000 30.000000 9290.000000 0.000000 10000.000000 9290.000000 9290.000000
29.000000 31.000000 9207.000000 4.000000 10000.000000 9211.000000 9207.000000
29.000000 32.000000 6550.000000 2719.000000 10000.000000 9269.000000 6550.000000
29.000000 33.000000 3170.000000 4156.000000 7821.000000 9394.000000 3059.000000
29.000000 34.000000 335.000000 947.000000 1644.000000 9543.000000 291.000000
29.000000 35.000000 14.000000 177.000000 383.000000 9722.000000 10.000000
29.000000 36.000000 1.000000 290.000000 338.000000 9832.000000 1.000000
29.000000 37.000000 1.000000 329.000000 337.000000 9903.000000 0.000000
29.000000 38.000000 1.000000 1335.000000 1343.000000 9933.000000 0.000000
29.000000 39.000000 1.000000 4441.000000 4462.000000 9958.000000 0.000000
29.000000 40.000000 1.000000 8641.000000 8680.000000 9960.000000 0.000000
29.000000 41.000000 1.000000 9848.000000 9893.000000 9955.000000 0.000000
29.000000 42.000000 1.000000 9948.000000 9996.000000 9952.000000 0.000000
29.000000 43.000000 1.000000 9953.000000 10000.000000 9953.000000 0.000000
29.000000 44.000000 1.000000 9954.000000 10000.000000 9954.000000 0.000000
29.000000 45.000000 1.000000 9938.000000 10000.000000 9938.000000 0.000000
29.000000 46.000000 1.000000 9928.000000 10000.000000 9929.000000 1.000000
29.000000 47.000000 1.000000 9915.000000 9999.000000 9917.000000 1.000000
29.000000 48.000000 1.000000 9910.000000 9998.000000 9913.000000 1.000000
29.000000 49.000000 1.000000 9882.000000 9997.000000 9886.000000 1.000000
30.000000 0.000000 1.000000 10000.000000 10000.000000 10000.000000 0.000000
30.000000 1.000000 1.000000 10000.000000 10000.000000 10000.000000 0.000000
30.000000 2.000000 1.000000 9999.000000 10000.000000 9999.000000 0.000000
30.000000 3.000000 1.000000 9999.000000 10000.000000 9999.000000 0.000000
30.000000 4.000000 1.000000 9999.000000 10000.000000 9999.000000 0.000000
30.000000 5.000000 1.000000 9999.000000 10000.000000 9999.000000 0.000000
30.000000 6.000000 1.000000 9999.000000 10000.000000 9999.000000 0.000000
30.000000 7.000000 1.000000 10000.000000 10000.000000 10000.000000 0.000000
30.000000 8.000000 1.000000 10000.000000 10000.000000 10000.000000 0.000000
30.000000 9.000000 1.000000 10000.000000 10000.000000 10000.000000 0.000000
30.000000 10.000000 1.000000 10000.000000 10000.000000 10000.000000 0.000000
30.000000 11.000000 1.000000 10000.000000 10000.000000 10000.000000 0.000000
30.000000 12.000000 1.000000 10000.000000 10000.000000 10000.000000 0.000000
30.000000 13.000000 1.000000 10000.000000 10000.000000 10000.000000 0.000000
30.000000 14.000000 1.000000 10000.000000 10000.000000 10000.000000 0.000000
30.000000 15.000000 1.000000 10000.000000 10000.000000 10000.000000 0.000000
30.000000 16.000000 1.000000 10000.000000 10000.000000 10000.000000 0.000000
30.000000 17.000000 1.000000 10000.000000 10000.000000 10000.000000 0.000000
30.000000 18.000000 1.000000 10000.000000 10000.000000 10000.000000 0.000000
30.000000 19.000000 1.000000 10000.000000 10000.000000 10000.000000 0.000000
30.000000 20.000000 1.000000 10000.000000 10000.000000 10000.000000 0.000000
30.000000 21.000000 1.000000 10000.000000 10000.000000 10000.000000 0.000000
30.000000 22.000000 1.000000 10000.000000 10000.000000 10000.000000 0.000000
30.000000 23.000000 1.000000 10000.000000 10000.000000 10000.000000 0.000000
30.000000 24.000000 1.000000 10000.000000 10000.000000 10000.000000 0.000000
30.000000 25.000000 1.000000 10000.000000 10000.000000 10000.000000 0.000000
30.000000 26.000000 1.000000 10000.000000 10000.000000 10000.000000 0.000000
30.000000 27.000000 1.000000 10000.000000 10000.000000 10000.000000 0.000000
30.000000 28.000000 1.000000 10000.000000 10000.000000 10000.000000 0.000000
30.000000 29.000000 1.000000 10000.000000 10000.000000 10000.000000 0.000000
30.000000 30.000000 1.000000 10000.000000 10000.000000 10000.000000 0.000000
30.000000 31.000000 1.000000 10000.000000 10000.000000 10000.000000 0.000000
30.000000 32.000000 1.000000 10000.000000 10000.000000 10000.000000 0.000000
30.000000 33.000000 1.000000 10000.000000 10000.000000 10000.000000 0.000000
30.000000 34.000000 1.000000 10000.000000 10000.000000 10000.000000 0.000000
30.000000 35.000000 1.000000 10000.000000 10000.000000 10000.000000 0.000000
30.000000 36.000000 1.000000 10000.000000 10000.000000 10000.000000 0.000000
30.000000 37.000000 1.000000 10000.000000 10000.000000 10000.000000 0.000000
30.000000 38.000000 1.000000 10000.000000 10000.000000 10000.000000 0.000000
30.000000 39.000000 1.000000 10000.000000 10000.000000 10000.000000 0.000000
30.000000 40.000000 1.000000 10000.000000 10000.000000 10000.000000 0.000000
30.000000 41.000000 1.000000 10000.000000 10000.000000 10000.000000 0.000000
30.000000 42.000000 1.000000 10000.000000 10000.000000 10000.000000 0.000000
30.000000 43.000000 1.000000 10000.000000 10000.000000 10000.000000 0.000000
30.000000 44.000000 1.000000 10000.000000 10000.000000 10000.000000 0.000000
30.000000 45.000000 1.000000 10000.000000 10000.000000 10000.000000 0.000000
30.000000 46.000000 1.000000 10000.000000 10000.000000 10000.000000 0.000000
30.000000 47.000000 1.000000 10000.000000 10000.000000 10000.000000 0.000000
30.000000 48.000000 1.000000 10000.000000 10000.000000 10000.000000 0.000000
30.000000 49.000000 1.000000 10000.000000 10000.000000 10000.000000 0.000000
31.000000 0.000000 1.000000 10000.000000 10000.000000 10000.000000 0.000000
31.000000 1.000000 1.000000 10000.000000 10000.000000 10000.000000 0.000000
31.000000 2.000000 1.000000 10000.000000 10000.000000 10000.000000 0.000000
31.000000 3.000000 1.000000 10000.000000 10000.000000 10000.000000 0.000000
31.000000 4.000000 1.000000 10000.000000 10000.000000 10000.000000 0.000000
31.000000 5.000000 1.000000 10000.000000 10000.000000 10000.000000 0.000000
31.000000 6.000000 1.000000 9998.000000 10000.000000 9998.000000 0.000000
31.000000 7.000000 1.000000 9997.000000 10000.000000 9997.000000 0.000000
31.000000 8.000000 1.000000 9995.000000 10000.000000 9995.000000 0.000000
31.000000 9.000000 1.000000 9995.000000 10000.000000 9995.000000 0.000000
31.000000 10.000000 1.000000 9992.000000 10000.000000 9992.000000 0.000000
31.000000 11.000000 1.000000 9986.000000 10000.000000 9986.000000 0.000000
31.000000 12.000000 1.000000 9985.000000 10000.000000 9985.000000 0.000000
31.000000 13.000000 1.000000 9976.000000 10000.000000 9976.000000 0.000000
31.000000 14.000000 1.000000 9968.000000 10000.000000 9968.000000 0.000000
31.000000 15.000000 1.000000 9965.000000 10000.000000 9965.000000 0.000000
31.000000 16.000000 1.000000 9950.000000 10000.000000 9950.000000 0.000000
31.000000 17.000000 1.000000 9930.000000 10000.000000 9931.000000 1.000000
31.000000 18.000000 1.000000 9922.000000 9999.000000 9924.000000 1.000000
31.000000 19.000000 6537.000000 3371.000000 10000.000000 9908.000000 6537.000000
31.000000 20.000000 1.000000 3373.000000 3481.000000 9827.000000 0.000000
31.000000 21.000000 157.000000 3266.000000 3481.000000 9802.000000 113.000000
31.000000 22.000000 225.000000 3124.000000 3369.000000 9806.000000 167.000000
31.000000 23.000000 1338.000000 8430.000000 9720.000000 9769.000000 1067.000000
31.000000 24.000000 2929.000000 5743.000000 8824.000000 9681.000000 2771.000000
31.000000 25.000000 3600.000000 4239.000000 8171.000000 9660.000000 3600.000000
31.000000 26.000000 7904.000000 1546.000000 10000.000000 9450.000000 7904.000000
31.000000 27.000000 9245.000000 0.000000 10000.000000 9245.000000 9245.000000
31.000000 28.000000 9141.000000 0.000000 10000.000000 9141.000000 9141.000000
31.000000 29.000000 9151.000000 0.000000 10000.000000 9151.000000 9151.000000
31.000000 30.000000 6566.000000 2677.000000 10000.000000 9243.000000 6566.000000
31.000000 31.000000 3039.000000 4384.000000 7813.000000 9451.000000 2880.000000
31.000000 32.000000 17.000000 222.000000 504.000000 9673.000000 12.000000
31.000000 33.000000 1.000000 387.000000 499.000000 9836.000000 1.000000
31.000000 34.000000 1.000000 417.000000 421.000000 9916.000000 0.000000
31.000000 35.000000 1.000000 478.000000 479.000000 9954.000000 0.000000
31.000000 36.000000 1.000000 520.000000 522.000000 9964.000000 0.000000
31.000000 37.000000 1.000000 3134.000000 3146.000000 9973.000000 0.000000
31.000000 38.000000 1.000000 8996.000000 9028.000000 9965.000000 0.000000
31.000000 39.000000 1.000000 9953.000000 9995.000000 9958.000000 0.000000
31.000000 40.000000 1.000000 9959.000000 10000.000000 9959.000000 0.000000
31.000000 41.000000 1.000000 9952.000000 10000.000000 9952.000000 0.000000
31.000000 42.000000 1.000000 9951.000000 10000.000000 9951.000000 0.000000
31.000000 43.000000 1.000000 9952.000000 10000.000000 9952.000000 0.000000
31.000000 44.000000 1.000000 9959.000000 10000.000000 9959.000000 0.000000
31.000000 45.000000 1.000000 9948.000000 10000.000000 9948.000000 0.000000
31.000000 46.000000 1.000000 9941.000000 10000.000000 9941.000000 0.000000
31.000000 47.000000 1.000000 9940.000000 10000.000000 9940.000000 0.000000
31.000000 48.000000 1.000000 9944.000000 10000.000000 9944.000000 0.000000
31.000000 49.000000 1.000000 9945.000000 10000.000000 9945.000000 0.000000
32.000000 0.000000 1.000000 10000.000000 10000.000000 10000.000000 0.000000
32.000000 1.000000 1.000000 10000.000000 10000.000000 10000.000000 0.000000
32.000000 2.000000 1.000000 10000.000000 10000.000000 10000.000000 0.000000
32.000000 3.000000 1.000000 9999.000000 10000.000000 9999.000000 0.000000
32.000000 4.000000 1.000000 9999.000000 10000.000000 9999.000000 0.000000
32.000000 5.000000 1.000000 9999.000000 10000.000000 9999.000000 0.000000
32.000000 6.000000 1.000000 9999.000000 10000.000000 9999.000000 0.000000
32.000000 7.000000 1.000000 9999.000000 10000.000000 9999.000000 0.000000
32.000000 8.000000 1.000000 9999.000000 10000.000000 9999.000000 0.000000
32.000000 9.000000 1.000000 9999.000000 10000.000000 9999.000000 0.000000
32.000000 10.000000 1.000000 9999.000000 10000.000000 9999.000000 0.000000
32.000000 11.000000 1.000000 9998.000000 10000.000000 9998.000000 0.000000
32.000000 12.000000 1.000000 9998.000000 10000.000000 9998.000000 0.000000
32.000000 13.000000 1.000000 9999.000000 10000.000000 9999.000000 0.000000
32.000000 14.000000 1.000000 9999.000000 10000.000000 9999.000000 0.000000
32.000000 15.000000 1.000000 9999.000000 10000.000000 9999.000000 0.000000
32.000000 16.000000 1.000000 9999.000000 10000.000000 9999.000000 0.000000
32.000000 17.000000 1.000000 9999.000000 10000.000000 9999.000000 0.000000
32.000000 18.000000 1.000000 9997.000000 10000.000000 9997.000000 0.000000
32.000000 19.000000 1.000000 9997.000000 10000.000000 9997.000000 0.000000
32.000000 20.000000 1.000000 9997.000000 10000.000000 9997.000000 0.000000
32.000000 21.000000 1.000000 9996.000000 10000.000000 9996.000000 0.000000
32.000000 22.000000 1.000000 9996.000000 10000.000000 9996.000000 0.000000
32.000000 23.000000 1.000000 9998.000000 10000.000000 9998.000000 0.000000
32.000000 24.000000 1.000000 9998.000000 10000.000000 9998.000000 0.000000
32.000000 25.000000 1.000000 9998.000000 10000.000000 9998.000000 0.000000
32.000000 26.000000 1.000000 9998.000000 10000.000000 9998.000000 0.000000
32.000000 27.000000 1.000000 9999.000000 10000.000000 9999.000000 0.000000
32.000000 28.000000 1.000000 10000.000000 10000.000000 10000.000000 0.000000
32.000000 29.000000 1.000000 10000.000000 10000.000000 10000.000000 0.000000
32.000000 30.000000 1.000000 10000.000000 10000.000000 10000.000000 0.000000
32.000000 31.000000 1.000000 10000.000000 10000.000000 10000.000000 0.000000
32.000000 32.000000 1.000000 10000.000000 10000.000000 10000.000000 0.000000
32.000000 33.000000 1.000000 10000.000000 10000.000000 10000.000000 0.000000
32.000000 34.000000 1.000000 10000.000000 10000.000000 10000.000000 0.000000
32.000000 35.000000 1.000000 10000.000000 10000.000000 10000.000000 0.000000
32.000000 36.000000 1.000000 10000.000000 10000.000000 10000.000000 0.000000
32.000000 37.000000 1.000000 10000.000000 10000.000000 10000.000000 0.000000
32.000000 38.000000 1.000000 10000.000000 10000.000000 10000.000000 0.000000
32.000000 39.000000 1.000000 10000.000000 10000.000000 10000.000000 0.000000
32.000000 40.000000 1.000000 10000.000000 10000.000000 10000.000000 0.000000
32.000000 41.000000 1.000000 10000.000000 10000.000000 10000.000000 0.000000
32.000000 42.000000 1.000000 10000.000000 10000.000000 10000.000000 0.000000
32.000000 43.000000 1.000000 10000.000000 10000.000000 10000.000000 0.000000
32.000000 44.000000 1.000000 10000.000000 10000.000000 10000.000000 0.000000
32.000000 45.000000 1.000000 10000.000000 10000.000000 10000.000000 0.000000
32.000000 46.000000 1.000000 10000.000000 10000.000000 10000.000000 0.000000
32.000000 47.000000 1.000000 10000.000000 10000.000000 10000.000000 0.000000
32.000000 48.000000 1.000000 10000.000000 10000.000000 10000.000000 0.000000
32.000000 49.000000 1.000000 10000.000000 10000.000000 10000.000000 0.000000
33.000000 0.000000 1.000000 10000.000000 10000.000000 10000.000000 0.000000
33.000000 1.000000 1.000000 10000.000000 10000.000000 10000.000000 0.000000
33.000000 2.000000 1.000000 10000.000000 10000.000000 10000.000000 0.000000
33.000000 3.000000 1.000000 9999.000000 10000.000000 9999.000000 0.000000
33.000000 4.000000 1.000000 9999.000000 10000.000000 9999.000000 0.000000
33.000000 5.000000 1.000000 9999.000000 10000.000000 9999.000000 0.000000
33.000000 6.000000 1.000000 9999.000000 10000.000000 9999.000000 0.000000
33.000000 7.000000 1.000000 9998.000000 10000.000000 9998.000000 0.000000
33.000000 8.000000 1.000000 9999.000000 10000.000000 9999.000000 0.000000
33.000000 9.000000 1.000000 9999.000000 10000.000000 9999.000000 0.000000
33.000000 10.000000 1.000000 9999.000000 10000.000000 9999.000000 0.000000
33.000000 11.000000 1.000000 9999.000000 10000.000000 9999.000000 0.000000
33.000000 12.000000 1.000000 10000.000000 10000.000000 10000.000000 0.000000
33.000000 13.000000 1.000000 10000.000000 10000.000000 10000.000000 0.000000
33.000000 14.000000 1.000000 10000.000000 10000.000000 10000.000000 0.000000
33.000000 15.000000 1.000000 10000.000000 10000.000000 10000.000000 0.000000
33.000000 16.000000 1.000000 10000.000000 10000.000000 10000.000000 0.000000
33.000000 17.000000 1.000000 10000.000000 10000.000000 10000.000000 0.000000
33.000000 18.000000 1.000000 10000.000000 10000.000000 10000.000000 0.000000
33.000000 19.000000 1.000000 10000.000000 10000.000000 10000.000000 0.000000
33.000000 20.000000 1.000000 10000.000000 10000.000000 10000.000000 0.000000
33.000000 21.000000 1.000000 10000.000000 10000.000000 10000.000000 0.000000
33.000000 22.000000 1.000000 10000.000000 10000.000000 10000.000000 0.000000
33.000000 23.000000 1.000000 10000.000000 10000.000000 10000.000000 0.000000
33.000000 24.000000 1.000000 10000.000000 10000.000000 10000.000000 0.000000
33.000000 25.000000 1.000000 10000.000000 10000.000000 10000.000000 0.000000
33.000000 26.000000 1.000000 10000.000000 10000.000000 10000.000000 0.000000
33.000000 27.000000 1.000000 10000.000000 10000.000000 10000.000000 0.000000
33.000000 28.000000 1.000000 10000.000000 10000.000000 10000.000000 0.000000
33.000000 29.000000 1.000000 10000.000000 10000.000000 10000.000000 0.000000
33.000000 30.000000 1.000000 10000.000000 10000.000000 10000.000000 0.000000
33.000000 31.000000 1.000000 10000.000000 10000.000000 10000.000000 0.000000
33.000000 32.000000 1.000000 10000.000000 10000.000000 10000.000000 0.000000
33.000000 33.000000 1.000000 10000.000000 10000.000000 10000.000000 0.000000
33.000000 34.000000 1.000000 10000.000000 10000.000000 10000.000000 0.000000
33.000000 35.000000 1.000000 10000.000000 10000.000000 10000.000000 0.000000
33.000000 36.000000 1.000000 10000.000000 10000.000000 10000.000000 0.000000
33.000000 37.000000 1.000000 10000.000000 10000.000000 10000.000000 0.000000
33.000000 38.000000 1.000000 10000.000000 10000.000000 10000.000000 0.000000
33.000000 39.000000 1.000000 10000.000000 10000.000000 10000.000000 0.000000
33.000000 40.000000 1.000000 10000.000000 10000.000000 10000.000000 0.000000
33.000000 41.000000 1.000000 10000.000000 10000.000000 10000.000000 0.000000
33.000000 42.000000 1.000000 10000.000000 10000.000000 10000.000000 0.000000
33.000000 43.000000 1.000000 10000.000000 10000.000000 10000.000000 0.000000
33.000000 44.000000 1.000000 10000.000000 10000.000000 10000.000000 0.000000
33.000000 45.000000 1.000000 10000.000000 10000.000000 10000.000000 0.000000
33.000000 46.000000 1.000000 10000.000000 10000.000000 10000.000000 0.000000
33.000000 47.000000 1.000000 10000.000000 10000.000000 10000.000000 0.000000
33.000000 48.000000 1.000000 10000.000000 10000.000000 10000.000000 0.000000
33.000000 49.000000 1.000000 10000.000000 10000.000000 10000.000000 0.000000
34.000000 0.000000 1.000000 10000.000000 10000.000000 10000.000000 0.000000
34.000000 1.000000 1.000000 10000.000000 10000.000000 10000.000000 0.000000
34.000000 2.000000 1.000000 10000.000000 10000.000000 10000.000000 0.000000
34.000000 3.000000 1.000000 9999.000000 10000.000000 9999.000000 0.000000
34.000000 4.000000 1.000000 9999.000000 10000.000000 9999.000000 0.000000
34.000000 5.000000 1.000000 9999.000000 10000.000000 9999.000000 0.000000
34.000000 6.000000 1.000000 9998.000000 10000.000000 9998.000000 0.000000
34.000000 7.000000 1.000000 9997.000000 10000.000000 9997.000000 0.000000
34.000000 8.000000 1.000000 9997.000000 10000.000000 9997.000000 0.000000
34.000000 9.000000 1.000000 9996.000000 10000.000000 9996.000000 0.000000
34.000000 10.000000 1.000000 9995.000000 10000.000000 9995.000000 0.000000
34.000000 11.000000 1.000000 9996.000000 10000.000000 9996.000000 0.000000
34.000000 12.000000 1.000000 9996.000000 10000.000000 9996.000000 0.000000
34.000000 13.000000 1.000000 9995.000000 10000.000000 9995.000000 0.000000
34.000000 14.000000 1.000000 9995.000000 10000.000000 9995.000000 0.000000
34.000000 15.000000 1.000000 9994.000000 10000.000000 9994.000000 0.000000
34.000000 16.000000 1.000000 9992.000000 10000.000000 9992.000000 0.000000
34.000000 17.000000 1.000000 9980.000000 10000.000000 9980.000000 0.000000
34.000000 18.000000 1.000000 9972.000000 10000.000000 9972.000000 0.000000
34.000000 19.000000 1.000000 9968.000000 10000.000000 9968.000000 0.000000
34.000000 20.000000 1.000000 9958.000000 10000.000000 9958.000000 0.000000
34.000000 21.000000 1.000000 9940.000000 10000.000000 9940.000000 0.000000
34.000000 22.000000 1.000000 9938.000000 10000.000000 9938.000000 0.000000
34.000000 23.000000 1.000000 9909.000000 10000.000000 9910.000000 1.000000
34.000000 24.000000 7254.000000 2618.000000 10000.000000 9872.000000 7254.000000
34.000000 25.000000 46.000000 2593.000000 2767.000000 9732.000000 29.000000
34.000000 26.000000 9422.000000 277.000000 10000.000000 9699.000000 9422.000000
34.000000 27.000000 53.000000 243.000000 605.000000 9582.000000 39.000000
34.000000 28.000000 9577.000000 0.000000 10000.000000 9577.000000 9577.000000
34.000000 29.000000 6.000000 30.000000 438.000000 9538.000000 4.000000
34.000000 30.000000 9573.000000 78.000000 10000.000000 9651.000000 9573.000000
34.000000 31.000000 1.000000 59.000000 262.000000 9661.000000 1.000000
34.000000 32.000000 7975.000000 1786.000000 10000.000000 9761.000000 7975.000000
34.000000 33.000000 1.000000 58.000000 78.000000 9797.000000 0.000000
34.000000 34.000000 1.000000 116.000000 181.000000 9852.000000 1.000000
34.000000 35.000000 1.000000 154.000000 180.000000 9878.000000 1.000000
34.000000 36.000000 1.000000 192.000000 221.000000 9913.000000 1.000000
34.000000 37.000000 1.000000 219.000000 229.000000 9940.000000 0.000000
34.000000 38.000000 1.000000 2019.000000 2026.000000 9947.000000 0.000000
34.000000 39.000000 1.000000 9931.000000 9997.000000 9935.000000 1.000000
34.000000 40.000000 1.000000 9933.000000 9996.000000 9937.000000 0.000000
34.000000 41.000000 1.000000 9937.000000 9997.000000 9940.000000 0.000000
34.000000 42.000000 1.000000 9934.000000 9998.000000 9936.000000 0.000000
34.000000 43.000000 1.000000 9925.000000 9999.000000 9927.000000 1.000000
34.000000 44.000000 1.000000 9944.000000 9998.000000 9946.000000 0.000000
34.000000 45.000000 1.000000 9939.000000 9998.000000 9941.000000 0.000000
34.000000 46.000000 1.000000 9922.000000 9999.000000 9924.000000 1.000000
34.000000 47.000000 1.000000 9910.000000 9998.000000 9913.000000 1.000000
34.000000 48.000000 1.000000 9908.000000 9997.000000 9912.000000 1.000000
34.000000 49.000000 1.000000 9909.000000 9997.000000 9913.000000 1.000000
35.000000 0.000000 1.000000 10000.000000 10000.000000 10000.000000 0.000000
35.000000 1.000000 1.000000 10000.000000 10000.000000 10000.000000 0.000000
35.000000 2.000000 1.000000 9999.000000 10000.000000 9999.000000 0.000000
35.000000 3.000000 1.000000 9999.000000 10000.000000 9999.000000 0.000000
35.000000 4.000000 1.000000 9999.000000 10000.000000 9999.000000 0.000000
35.000000 5.000000 1.000000 9999.000000 10000.000000 9999.000000 0.000000
35.000000 6.000000 1.000000 9999.000000 10000.000000 9999.000000 0.000000
35.000000 7.000000 1.000000 9999.000000 10000.000000 9999.000000 0.000000
35.000000 8.000000 1.000000 10000.000000 10000.000000 10000.000000 0.000000
35.000000 9.000000 1.000000 10000.000000 10000.000000 10000.000000 0.000000
35.000000 10.000000 1.000000 10000.000000 10000.000000 10000.000000 0.000000
35.000000 11.000000 1.000000 10000.000000 10000.000000 10000.000000 0.000000
35.000000 12.000000 1.000000 10000.000000 10000.000000 10000.000000 0.000000
35.000000 13.000000 1.000000 10000.000000 10000.000000 10000.000000 0.000000
35.000000 14.000000 1.000000 10000.000000 10000.000000 10000.000000 0.000000
35.000000 15.000000 1.000000 10000.000000 10000.000000 10000.000000 0.000000
35.000000 16.000000 1.000000 10000.000000 10000.000000 10000.000000 0.000000
35.000000 17.000000 1.000000 10000.000000 10000.000000 10000.000000 0.000000
35.000000 18.000000 1.000000 10000.000000 10000.000000 10000.000000 0.000000
35.000000 19.000000 1.000000 10000.000000 10000.000000 10000.000000 0.000000
35.000000 20.000000 1.000000 10000.000000 10000.000000 10000.000000 0.000000
35.000000 21.000000 1.000000 10000.000000 10000.000000 10000.000000 0.000000
35.000000 22.000000 1.000000 10000.000000 10000.000000 10000.000000 0.000000
35.000000 23.000000 1.000000 10000.000000 10000.000000 10000.000000 0.000000
35.000000 24.000000 1.000000 10000.000000 10000.000000 10000.000000 0.000000
35.000000 25.000000 1.000000 10000.000000 10000.000000 10000.000000 0.000000
35.000000 26.000000 1.000000 10000.000000 10000.000000 10000.000000 0.000000
35.000000 27.000000 1.000000 10000.000000 10000.000000 10000.000000 0.000000
35.000000 28.000000 1.000000 10000.000000 10000.000000 10000.000000 0.000000
35.000000 29.000000 1.000000 10000.000000 10000.000000 10000.000000 0.000000
35.000000 30.000000 1.000000 10000.000000 10000.000000 10000.000000 0.000000
35.000000 31.000000 1.000000 10000.000000 10000.000000 10000.000000 0.000000
35.000000 32.000000 1.000000 10000.000000 10000.000000 10000.000000 0.000000
35.000000 33.000000 1.000000 10000.000000 10000.000000 10000.000000 0.000000
35.000000 34.000000 1.000000 10000.000000 10000.000000 10000.000000 0.000000
35.000000 35.000000 1.000000 10000.000000 10000.000000 10000.000000 0.000000
35.000000 36.000000 1.000000 10000.000000 10000.000000 10000.000000 0.000000
35.000000 37.000000 1.000000 10000.000000 10000.000000 10000.000000 0.000000
35.000000 38.000000 1.000000 10000.000000 10000.000000 10000.000000 0.000000
35.000000 39.000000 1.000000 10000.000000 10000.000000 10000.000000 0.000000
35.000000 40.000000 1.000000 10000.000000 10000.000000 10000.000000 0.000000
35.000000 41.000000 1.000000 10000.000000 10000.000000 10000.000000 0.000000
35.000000 42.000000 1.000000 10000.000000 10000.000000 10000.000000 0.000000
35.000000 43.000000 1.000000 10000.000000 10000.000000 10000.000000 0.000000
35.000000 44.000000 1.000000 10000.000000 10000.000000 10000.000000 0.000000
35.000000 45.000000 1.000000 10000.000000 10000.000000 10000.000000 0.000000
35.000000 46.000000 1.000000 10000.000000 10000.000000 10000.000000 0.000000
35.000000 47.000000 1.000000 10000.000000 10000.000000 10000.000000 0.000000
35.000000 48.000000 1.000000 10000.000000 10000.000000 10000.000000 0.000000
35.000000 49.000000 1.000000 10000.000000 10000.000000 10000.000000 0.000000
36.000000 0.000000 1.000000 10000.000000 10000.000000 10000.000000 0.000000
36.000000 1.000000 1.000000 10000.000000 10000.000000 10000.000000 0.000000
36.000000 2.000000 1.000000 10000.000000 10000.000000 10000.000000 0.000000
36.000000 3.000000 1.000000 10000.000000 10000.000000 10000.000000 0.000000
36.000000 4.000000 1.000000 10000.000000 10000.000000 10000.000000 0.000000
36.000000 5.000000 1.000000 9999.000000 10000.000000 9999.000000 0.000000
36.000000 6.000000 1.000000 9997.000000 10000.000000 9997.000000 0.000000
36.000000 7.000000 1.000000 9994.000000 10000.000000 9994.000000 0.000000
36.000000 8.000000 1.000000 9991.000000 10000.000000 9991.000000 0.000000
36.000000 9.000000 1.000000 9989.000000 10000.000000 9989.000000 0.000000
36.000000 10.000000 1.000000 9986.000000 10000.000000 9986.000000 0.000000
36.000000 11.000000 1.000000 9976.000000 10000.000000 9976.000000 0.000000
36.000000 12.000000 1.000000 9971.000000 10000.000000 9971.000000 0.000000
36.000000 13.000000 1.000000 9973.000000 10000.000000 9973.000000 0.000000
36.000000 14.000000 1.000000 9970.000000 10000.000000 9970.000000 0.000000
36.000000 15.000000 1.000000 9964.000000 10000.000000 9964.000000 0.000000
36.000000 16.000000 1.000000 9969.000000 10000.000000 9969.000000 0.000000
36.000000 17.000000 1.000000 9977.000000 10000.000000 9977.000000 0.000000
36.000000 18.000000 1.000000 9971.000000 10000.000000 9971.000000 0.000000
36.000000 19.000000 1.000000 9969.000000 10000.000000 9969.000000 0.000000
36.000000 20.000000 1.000000 9969.000000 10000.000000 9969.000000 0.000000
36.000000 21.000000 1.000000 9958.000000 10000.000000 9958.000000 0.000000
36.000000 22.000000 1.000000 9945.000000 10000.000000 9945.000000 0.000000
36.000000 23.000000 1.000000 9939.000000 10000.000000 9939.000000 0.000000
36.000000 24.000000 1.000000 9912.000000 10000.000000 9913.000000 1.000000
36.000000 25.000000 328.000000 9618.000000 9999.000000 9851.000000 232.000000
36.000000 26.000000 2073.000000 7788.000000 9772.000000 9799.000000 1806.000000
36.000000 27.000000 2972.000000 5000.000000 8135.000000 9699.000000 2880.000000
36.000000 28.000000 5681.000000 3905.000000 10000.000000 9586.000000 5681.000000
36.000000 29.000000 6078.000000 3423.000000 10000.000000 9501.000000 6078.000000
36.000000 30.000000 6560.000000 2864.000000 10000.000000 9424.000000 6560.000000
36.000000 31.000000 5424.000000 4005.000000 10000.000000 9429.000000 5424.000000
36.000000 32.000000 2271.000000 3762.000000 6390.000000 9494.000000 2127.000000
36.000000 33.000000 412.000000 1435.000000 2126.000000 9607.000000 349.000000
36.000000 34.000000 42.000000 629.000000 877.000000 9714.000000 31.000000
36.000000 35.000000 1.000000 215.000000 279.000000 9838.000000 1.000000
36.000000 36.000000 1.000000 267.000000 278.000000 9902.000000 0.000000
36.000000 37.000000 1.000000 2091.000000 2107.000000 9929.000000 0.000000
36.000000 38.000000 1.000000 5666.000000 5687.000000 9949.000000 0.000000
36.000000 39.000000 1.000000 8866.000000 8912.000000 9952.000000 0.000000
36.000000 40.000000 1.000000 9903.000000 9979.000000 9925.000000 1.000000
36.000000 41.000000 6175.000000 3748.000000 10000.000000 9923.000000 6175.000000
36.000000 42.000000 1.000000 3750.000000 3831.000000 9878.000000 0.000000
36.000000 43.000000 1.000000 3759.000000 3831.000000 9883.000000 1.000000
36.000000 44.000000 6509.000000 3371.000000 10000.000000 9880.000000 6509.000000
36.000000 45.000000 1.000000 22.000000 66.000000 9879.000000 0.000000
36.000000 46.000000 1.000000 38.000000 67.000000 9883.000000 1.000000
36.000000 47.000000 1.000000 55.000000 66.000000 9926.000000 0.000000
36.000000 48.000000 1.000000 3466.000000 3494.000000 9932.000000 0.000000
36.000000 49.000000 1.000000 3475.000000 3494.000000 9936.000000 0.000000
37.000000 0.000000 1.000000 10000.000000 10000.000000 10000.000000 0.000000
37.000000 1.000000 1.000000 10000.000000 10000.000000 10000.000000 0.000000
37.000000 2.000000 1.000000 9999.000000 10000.000000 9999.000000 0.000000
37.000000 3.000000 1.000000 9999.000000 10000.000000 9999.000000 0.000000
37.000000 4.000000 1.000000 9999.000000 10000.000000 9999.000000 0.000000
37.000000 5.000000 1.000000 9999.000000 10000.000000 9999.000000 0.000000
37.000000 6.000000 1.000000 9999.000000 10000.000000 9999.000000 0.000000
37.000000 7.000000 1.000000 9999.000000 10000.000000 9999.000000 0.000000
37.000000 8.000000 1.000000 10000.000000 10000.000000 10000.000000 0.000000
37.000000 9.000000 1.000000 10000.000000 10000.000000 10000.000000 0.000000
37.000000 10.000000 1.000000 10000.000000 10000.000000 10000.000000 0.000000
37.000000 11.000000 1.000000 10000.000000 10000.000000 10000.000000 0.000000
37.000000 12.000000 1.000000 10000.000000 10000.000000 10000.000000 0.000000
37.000000 13.000000 1.000000 10000.000000 10000.000000 10000.000000 0.000000
37.000000 14.000000 1.000000 10000.000000 10000.000000 10000.000000 0.000000
37.000000 15.000000 1.000000 10000.000000 10000.000000 10000.000000 0.000000
37.000000 16.000000 1.000000 10000.000000 10000.000000 10000.000000 0.000000
37.000000 17.000000 1.000000 10000.000000 10000.000000 10000.000000 0.000000
37.000000 18.000000 1.000000 10000.000000 10000.000000 10000.000000 0.000000
37.000000 19.000000 1.000000 10000.000000 10000.000000 10000.000000 0.000000
37.000000 20.000000 1.000000 10000.000000 10000.000000 10000.000000 0.000000
37.000000 21.000000 1.000000 10000.000000 10000.000000 10000.000000 0.000000
37.000000 22.000000 1.000000 10000.000000 10000.000000 10000.000000 0.000000
37.000000 23.000000 1.000000 10000.000000 10000.000000 10000.000000 0.000000
37.000000 24.000000 1.000000 10000.000000 10000.000000 10000.000000 0.000000
37.000000 25.000000 1.000000 10000.000000 10000.000000 10000.000000 0.000000
37.000000 26.000000 1.000000 10000.000000 10000.000000 10000.000000 0.000000
37.000000 27.000000 1.000000 10000.000000 10000.000000 10000.000000 0.000000
37.000000 28.000000 1.000000 10000.000000 10000.000000 10000.000000 0.000000
37.000000 29.000000 1.000000 10000.000000 10000.000000 10000.000000 0.000000
37.000000 30.000000 1.000000 10000.000000 10000.000000 10000.000000 0.000000
37.000000 31.000000 1.000000 10000.000000 10000.000000 10000.000000 0.000000
37.000000 32.000000 1.000000 10000.000000 10000.000000 10000.000000 0.000000
37.000000 33.000000 1.000000 10000.000000 10000.000000 10000.000000 0.000000
37.000000 34.000000 1.000000 10000.000000 10000.000000 10000.000000 0.000000
37.000000 35.000000 1.000000 10000.000000 10000.000000 10000.000000 0.000000
37.000000 36.000000 1.000000 10000.000000 10000.000000 10000.000000 0.000000
37.000000 37.000000 1.000000 10000.000000 10000.000000 10000.000000 0.000000
37.000000 38.000000 1.000000 10000.000000 10000.000000 10000.000000 0.000000
37.000000 39.000000 1.000000 10000.000000 10000.000000 10000.000000 0.000000
37.000000 40.000000 1.000000 10000.000000 10000.000000 10000.000000 0.000000
37.000000 41.000000 1.000000 10000.000000 10000.000000 10000.000000 0.000000
37.000000 42.000000 1.000000 10000.000000 10000.000000 10000.000000 0.000000
37.000000 43.000000 1.000000 10000.000000 10000.000000 10000.000000 0.000000
37.000000 44.000000 1.000000 10000.000000 10000.000000 10000.000000 0.000000
37.000000 45.000000 1.000000 10000.000000 10000.000000 10000.000000 0.000000
37.000000 46.000000 1.000000 10000.000000 10000.000000 10000.000000 0.000000
37.000000 47.000000 1.000000 10000.000000 10000.000000 10000.000000 0.000000
37.000000 48.000000 1.000000 10000.000000 10000.000000 10000.000000 0.000000
37.000000 49.000000 1.000000 10000.000000 10000.000000 10000.000000 0.000000
38.000000 0.000000 1.000000 10000.000000 10000.000000 10000.000000 0.000000
38.000000 1.000000 1.000000 10000.000000 10000.000000 10000.000000 0.000000
38.000000 2.000000 1.000000 10000.000000 10000.000000 10000.000000 0.000000
38.000000 3.000000 1.000000 10000.000000 10000.000000 10000.000000 0.000000
38.000000 4.000000 1.000000 9999.000000 10000.000000 9999.000000 0.000000
38.000000 5.000000 1.000000 9999.000000 10000.000000 9999.000000 0.000000
38.000000 6.000000 1.000000 9999.000000 10000.000000 9999.000000 0.000000
38.000000 7.000000 1.000000 9997.000000 10000.000000 9997.000000 0.000000
38.000000 8.000000 1.000000 9995.000000 10000.000000 9995.000000 0.000000
38.000000 9.000000 1.000000 9992.000000 10000.000000 9992.000000 0.000000
38.000000 10.000000 1.000000 9981.000000 10000.000000 9981.000000 0.000000
38.000000 11.000000 1.000000 9975.000000 10000.000000 9975.000000 0.000000
38.000000 12.000000 1.000000 9966.000000 10000.000000 9966.000000 0.000000
38.000000 13.000000 1.000000 9959.000000 10000.000000 9959.000000 0.000000
38.000000 14.000000 1.000000 9956.000000 10000.000000 9956.000000 0.000000
38.000000 15.000000 1.000000 9952.000000 10000.000000 9952.000000 0.000000
38.000000 16.000000 1.000000 9919.000000 10000.000000 9920.000000 1.000000
38.000000 17.000000 1.000000 9903.000000 9999.000000 9905.000000 1.000000
38.000000 18.000000 7118.000000 2763.000000 10000.000000 9881.000000 7118.000000
38.000000 19.000000 312.000000 2541.000000 2912.000000 9683.000000 222.000000
38.000000 20.000000 5544.000000 4068.000000 10000.000000 9612.000000 5544.000000
38.000000 21.000000 1543.000000 2662.000000 4483.000000 9549.000000 1431.000000
38.000000 22.000000 7073.000000 2399.000000 10000.000000 9472.000000 7073.000000
38.000000 23.000000 5601.000000 3791.000000 10000.000000 9392.000000 5601.000000
38.000000 24.000000 5352.000000 4142.000000 10000.000000 9494.000000 5352.000000
38.000000 25.000000 3480.000000 4308.000000 8225.000000 9519.000000 3436.000000
38.000000 26.000000 1493.000000 3031.000000 4796.000000 9579.000000 1374.000000
38.000000 27.000000 678.000000 2560.000000 3423.000000 9657.000000 572.000000
38.000000 28.000000 221.000000 2504.000000 2852.000000 9748.000000 165.000000
38.000000 29.000000 1.000000 2589.000000 2687.000000 9818.000000 1.000000
38.000000 30.000000 1.000000 4390.000000 4461.000000 9863.000000 1.000000
38.000000 31.000000 1.000000 6688.000000 6746.000000 9899.000000 1.000000
38.000000 32.000000 1.000000 9166.000000 9261.000000 9896.000000 1.000000
38.000000 33.000000 1.000000 9734.000000 9831.000000 9903.000000 1.000000
38.000000 34.000000 1.000000 9890.000000 9995.000000 9896.000000 1.000000
38.000000 35.000000 1.000000 9888.000000 9995.000000 9894.000000 1.000000
38.000000 36.000000 1.000000 9878.000000 9995.000000 9884.000000 1.000000
38.000000 37.000000 1.000000 9878.000000 9996.000000 9883.000000 1.000000
38.000000 38.000000 1.000000 9874.000000 9996.000000 9879.000000 1.000000
38.000000 39.000000 1.000000 9873.000000 9996.000000 9878.000000 1.000000
38.000000 40.000000 1.000000 9868.000000 9996.000000 9873.000000 1.000000
38.000000 41.000000 1.000000 9867.000000 9996.000000 9872.000000 1.000000
38.000000 42.000000 6899.000000 2988.000000 10000.000000 9887.000000 6899.000000
38.000000 43.000000 1.000000 3003.000000 3109.000000 9841.000000 0.000000
38.000000 44.000000 1.000000 3015.000000 3109.000000 9834.000000 1.000000
38.000000 45.000000 1.000000 3041.000000 3109.000000 9847.000000 1.000000
38.000000 46.000000 1.000000 3058.000000 3108.000000 9861.000000 1.000000
38.000000 47.000000 1.000000 3083.000000 3108.000000 9879.000000 1.000000
38.000000 48.000000 1.000000 3098.000000 3107.000000 9929.000000 0.000000
38.000000 49.000000 1.000000 9942.000000 9996.000000 9946.000000 0.000000
39.000000 0.000000 1.000000 10000.000000 10000.000000 10000.000000 0.000000
39.000000 1.000000 1.000000 10000.000000 10000.000000 10000.000000 0.000000
39.000000 2.000000 1.000000 10000.000000 10000.000000 10000.000000 0.000000
39.000000 3.000000 1.000000 10000.000000 10000.000000 10000.000000 0.000000
39.000000 4.000000 1.000000 9999.000000 10000.000000 9999.000000 0.000000
39.000000 5.000000 1.000000 9999.000000 10000.000000 9999.000000 0.000000
39.000000 6.000000 1.000000 9999.000000 10000.000000 9999.000000 0.000000
39.000000 7.000000 1.000000 9999.000000 10000.000000 9999.000000 0.000000
39.000000 8.000000 1.000000 9999.000000 10000.000000 9999.000000 0.000000
39.000000 9.000000 1.000000 10000.000000 10000.000000 10000.000000 0.000000
39.000000 10.000000 1.000000 10000.000000 10000.000000 10000.000000 0.000000
39.000000 11.000000 1.000000 10000.000000 10000.000000 10000.000000 0.000000
39.000000 12.000000 1.000000 10000.000000 10000.000000 10000.000000 0.000000
39.000000 13.000000 1.000000 10000.000000 10000.000000 10000.000000 0.000000
39.000000 14.000000 1.000000 10000.000000 10000.000000 10000.000000 0.000000
39.000000 15.000000 1.000000 10000.000000 10000.000000 10000.000000 0.000000
39.000000 16.000000 1.000000 10000.000000 10000.000000 10000.000000 0.000000
39.000000 17.000000 1.000000 10000.000000 10000.000000 10000.000000 0.000000
39.000000 18.000000 1.000000 10000.000000 10000.000000 10000.000000 0.000000
39.000000 19.000000 1.000000 10000.000000 10000.000000 10000.000000 0.000000
39.000000 20.000000 1.000000 10000.000000 10000.000000 10000.000000 0.000000
39.000000 21.000000 1.000000 10000.000000 10000.000000 10000.000000 0.000000
39.000000 22.000000 1.000000 10000.000000 10000.000000 10000.000000 0.000000
39.000000 23.000000 1.000000 10000.000000 10000.000000 10000.000000 0.000000
39.000000 24.000000 1.000000 10000.000000 10000.000000 10000.000000 0.000000
39.000000 25.000000 1.000000 10000.000000 10000.000000 10000.000000 0.000000
39.000000 26.000000 1.000000 10000.000000 10000.000000 10000.000000 0.000000
39.000000 27.000000 1.000000 10000.000000 10000.000000 10000.000000 0.000000
39.000000 28.000000 1.000000 10000.000000 10000.000000 10000.000000 0.000000
39.000000 29.000000 1.000000 10000.000000 10000.000000 10000.000000 0.000000
39.000000 30.000000 1.000000 10000.000000 10000.000000 10000.000000 0.000000
39.000000 31.000000 1.000000 10000.000000 10000.000000 10000.000000 0.000000
39.000000 32.000000 1.000000 10000.000000 10000.000000 10000.000000 0.000000
39.000000 33.000000 1.000000 10000.000000 10000.000000 10000.000000 0.000000
39.000000 34.000000 1.000000 10000.000000 10000.000000 10000.000000 0.000000
39.000000 35.000000 1.000000 10000.000000 10000.000000 10000.000000 0.000000
39.000000 36.000000 1.000000 10000.000000 10000.000000 10000.000000 0.000000
39.000000 37.000000 1.000000 10000.000000 10000.000000 10000.000000 0.000000
39.000000 38.000000 1.000000 10000.000000 10000.000000 10000.000000 0.000000
39.000000 39.000000 1.000000 10000.000000 10000.000000 10000.000000 0.000000
39.000000 40.000000 1.000000 10000.000000 10000.000000 10000.000000 0.000000
39.000000 41.000000 1.000000 10000.000000 10000.000000 10000.000000 0.000000
39.000000 42.000000 1.000000 10000.000000 10000.000000 10000.000000 0.000000
39.000000 43.000000 1.000000 10000.000000 10000.000000 10000.000000 0.000000
39.000000 44.000000 1.000000 10000.000000 10000.000000 10000.000000 0.000000
39.000000 45.000000 1.000000 10000.000000 10000.000000 10000.000000 0.000000
39.000000 46.000000 1.000000 10000.000000 10000.000000 10000.000000 0.000000
39.000000 47.000000 1.000000 10000.000000 10000.000000 10000.000000 0.000000
39.000000 48.000000 1.000000 10000.000000 10000.000000 10000.000000 0.000000
39.000000 49.000000 1.000000 10000.000000 10000.000000 10000.000000 0.000000
40.000000 0.000000 1.000000 10000.000000 10000.000000 10000.000000 0.000000
40.000000 1.000000 1.000000 10000.000000 10000.000000 10000.000000 0.000000
40.000000 2.000000 1.000000 10000.000000 10000.000000 10000.000000 0.000000
40.000000 3.000000 1.000000 10000.000000 10000.000000 10000.000000 0.000000
40.000000 4.000000 1.000000 9999.000000 10000.000000 9999.000000 0.000000
40.000000 5.000000 1.000000 9998.000000 10000.000000 9998.000000 0.000000
40.000000 6.000000 1.000000 9995.000000 10000.000000 9995.000000 0.000000
40.000000 7.000000 1.000000 9995.000000 10000.000000 9995.000000 0.000000
40.000000 8.000000 1.000000 9995.000000 10000.000000 9995.000000 0.000000
40.000000 9.000000 1.000000 9995.000000 10000.000000 9995.000000 0.000000
40.000000 10.000000 1.000000 9995.000000 10000.000000 9995.000000 0.000000
40.000000 11.000000 1.000000 9998.000000 10000.000000 9998.000000 0.000000
40.000000 12.000000 1.000000 9998.000000 10000.000000 9998.000000 0.000000
40.000000 13.000000 1.000000 9996.000000 10000.000000 9996.000000 0.000000
40.000000 14.000000 1.000000 9997.000000 10000.000000 9997.000000 0.000000
40.000000 15.000000 1.000000 9998.000000 10000.000000 9998.000000 0.000000
40.000000 16.000000 1.000000 9998.000000 10000.000000 9998.000000 0.000000
40.000000 17.000000 1.000000 9998.000000 10000.000000 9998.000000 0.000000
40.000000 18.000000 1.000000 9998.000000 10000.000000 9998.000000 0.000000
40.000000 19.000000 1.000000 9999.000000 10000.000000 9999.000000 0.000000
40.000000 20.000000 1.000000 9999.000000 10000.000000 9999.000000 0.000000
40.000000 21.000000 1.000000 9999.000000 10000.000000 9999.000000 0.000000
40.000000 22.000000 1.000000 9996.000000 10000.000000 9996.000000 0.000000
40.000000 23.000000 1.000000 9994.000000 10000.000000 9994.000000 0.000000
40.000000 24.000000 1.000000 9987.000000 10000.000000 9987.000000 0.000000
40.000000 25.000000 1.000000 9984.000000 10000.000000 9984.000000 0.000000
40.000000 26.000000 1.000000 9965.000000 10000.000000 9965.000000 0.000000
40.000000 27.000000 1.000000 9942.000000 10000.000000 9942.000000 0.000000
40.000000 28.000000 1.000000 9920.000000 10000.000000 9921.000000 1.000000
40.000000 29.000000 1.000000 9869.000000 9999.000000 9871.000000 1.000000
40.000000 30.000000 8810.000000 990.000000 10000.000000 9800.000000 8810.000000
40.000000 31.000000 189.000000 864.000000 1209.000000 9648.000000 142.000000
40.000000 32.000000 8584.000000 1006.000000 10000.000000 9590.000000 8584.000000
40.000000 33.000000 4213.000000 5508.000000 10000.000000 9498.000000 3990.000000
40.000000 34.000000 5752.000000 3700.000000 10000.000000 9452.000000 5752.000000
40.000000 35.000000 3316.000000 4302.000000 8090.000000 9448.000000 3236.000000
40.000000 36.000000 2368.000000 4095.000000 6770.000000 9563.000000 2250.000000
40.000000 37.000000 521.000000 1898.000000 2656.000000 9621.000000 438.000000
40.000000 38.000000 480.000000 3487.000000 4087.000000 9727.000000 375.000000
40.000000 39.000000 41.000000 3535.000000 3715.000000 9788.000000 28.000000
40.000000 40.000000 23.000000 8272.000000 8414.000000 9858.000000 17.000000
40.000000 41.000000 1.000000 8309.000000 8397.000000 9894.000000 1.000000
40.000000 42.000000 1.000000 8323.000000 8396.000000 9905.000000 1.000000
40.000000 43.000000 1.000000 9350.000000 9435.000000 9904.000000 1.000000
40.000000 44.000000 6673.000000 3217.000000 10000.000000 9890.000000 6673.000000
40.000000 45.000000 1.000000 3223.000000 3321.000000 9861.000000 0.000000
40.000000 46.000000 1.000000 3243.000000 3332.000000 9850.000000 1.000000
40.000000 47.000000 1.000000 3246.000000 3331.000000 9841.000000 1.000000
40.000000 48.000000 1.000000 3253.000000 3331.000000 9841.000000 1.000000
40.000000 49.000000 1.000000 3281.000000 3330.000000 9862.000000 1.000000
41.000000 0.000000 1.000000 10000.000000 10000.000000 10000.000000 0.000000
41.000000 1.000000 1.000000 10000.000000 10000.000000 10000.000000 0.000000
41.000000 2.000000 1.000000 10000.000000 10000.000000 10000.000000 0.000000
41.000000 3.000000 1.000000 10000.000000 10000.000000 10000.000000 0.000000
41.000000 4.000000 1.000000 10000.000000 10000.000000 10000.000000 0.000000
41.000000 5.000000 1.000000 9999.000000 10000.000000 9999.000000 0.000000
41.000000 6.000000 1.000000 9998.000000 10000.000000 9998.000000 0.000000
41.000000 7.000000 1.000000 9998.000000 10000.000000 9998.000000 0.000000
41.000000 8.000000 1.000000 9998.000000 10000.000000 9998.000000 0.000000
41.000000 9.000000 1.000000 9997.000000 10000.000000 9997.000000 0.000000
41.000000 10.000000 1.000000 9995.000000 10000.000000 9995.000000 0.000000
41.000000 11.000000 1.000000 9997.000000 10000.000000 9997.000000 0.000000
41.000000 12.000000 1.000000 9994.000000 10000.000000 9994.000000 0.000000
41.000000 13.000000 1.000000 9992.000000 10000.000000 9992.000000 0.000000
41.000000 14.000000 1.000000 9992.000000 10000.000000 9992.000000 0.000000
41.000000 15.000000 1.000000 9989.000000 10000.000000 9989.000000 0.000000
41.000000 16.000000 1.000000 9987.000000 10000.000000 9987.000000 0.000000
41.000000 17.000000 1.000000 9984.000000 10000.000000 9984.000000 0.000000
41.000000 18.000000 1.000000 9968.000000 10000.000000 9968.000000 0.000000
41.000000 19.000000 1.000000 9957.000000 10000.000000 9957.000000 0.000000
41.000000 20.000000 1.000000 9954.000000 10000.000000 9954.000000 0.000000
41.000000 21.000000 1.000000 9925.000000 10000.000000 9926.000000 1.000000
41.000000 22.000000 1.000000 9884.000000 9999.000000 9886.000000 1.000000
41.000000 23.000000 426.000000 9539.000000 9998.000000 9845.000000 304.000000
41.000000 24.000000 2023.000000 7768.000000 9701.000000 9792.000000 1749.000000
41.000000 25.000000 3377.000000 4599.000000 8261.000000 9673.000000 3377.000000
41.000000 26.000000 5662.000000 3908.000000 10000.000000 9570.000000 5662.000000
41.000000 27.000000 5637.000000 3881.000000 10000.000000 9518.000000 5637.000000
41.000000 28.000000 6430.000000 3001.000000 10000.000000 9431.000000 6430.000000
41.000000 29.000000 5694.000000 3729.000000 10000.000000 9423.000000 5694.000000
41.000000 30.000000 2205.000000 3662.000000 6228.000000 9482.000000 2059.000000
41.000000 31.000000 487.000000 1521.000000 2298.000000 9600.000000 421.000000
41.000000 32.000000 136.000000 1373.000000 1704.000000 9689.000000 102.000000
41.000000 33.000000 1.000000 515.000000 605.000000 9806.000000 1.000000
41.000000 34.000000 1.000000 590.000000 604.000000 9885.000000 1.000000
41.000000 35.000000 1.000000 1764.000000 1773.000000 9934.000000 0.000000
41.000000 36.000000 1.000000 7365.000000 7417.000000 9939.000000 0.000000
41.000000 37.000000 1.000000 9414.000000 9475.000000 9938.000000 0.000000
41.000000 38.000000 1.000000 9835.000000 9896.000000 9939.000000 0.000000
41.000000 39.000000 1.000000 9931.000000 9999.000000 9933.000000 1.000000
41.000000 40.000000 1.000000 9916.000000 9999.000000 9918.000000 1.000000
41.000000 41.000000 1.000000 9911.000000 9998.000000 9914.000000 1.000000
41.000000 42.000000 1.000000 9915.000000 9997.000000 9919.000000 1.000000
41.000000 43.000000 1.000000 9912.000000 9996.000000 9917.000000 1.000000
41.000000 44.000000 1.000000 9906.000000 9995.000000 9912.000000 1.000000
41.000000 45.000000 1.000000 9906.000000 9995.000000 9912.000000 1.000000
41.000000 46.000000 1.000000 9894.000000 9995.000000 9900.000000 1.000000
41.000000 47.000000 1.000000 9878.000000 9996.000000 9883.000000 1.000000
41.000000 48.000000 1.000000 9865.000000 9996.000000 9870.000000 1.000000
41.000000 49.000000 1.000000 9873.000000 9996.000000 9878.000000 1.000000
42.000000 0.000000 1.000000 10000.000000 10000.000000 10000.000000 0.000000
42.000000 1.000000 1.000000 10000.000000 10000.000000 10000.000000 0.000000
42.000000 2.000000 1.000000 9999.000000 10000.000000 9999.000000 0.000000
42.000000 3.000000 1.000000 9999.000000 10000.000000 9999.000000 0.000000
42.000000 4.000000 1.000000 9999.000000 10000.000000 9999.000000 0.000000
42.000000 5.000000 1.000000 9999.000000 10000.000000 9999.000000 0.000000
42.000000 6.000000 1.000000 9999.000000 10000.000000 9999.000000 0.000000
42.000000 7.000000 1.000000 9999.000000 10000.000000 9999.000000 0.000000
42.000000 8.000000 1.000000 10000.000000 10000.000000 10000.000000 0.000000
42.000000 9.000000 1.000000 10000.000000 10000.000000 10000.000000 0.000000
42.000000 10.000000 1.000000 10000.000000 10000.000000 10000.000000 0.000000
42.000000 11.000000 1.000000 10000.000000 10000.000000 10000.000000 0.000000
42.000000 12.000000 1.000000 10000.000000 10000.000000 10000.000000 0.000000
42.000000 13.000000 1.000000 10000.000000 10000.000000 10000.000000 0.000000
42.000000 14.000000 1.000000 10000.000000 10000.000000 10000.000000 0.000000
42.000000 15.000000 1.000000 10000.000000 10000.000000 10000.000000 0.000000
42.000000 16.000000 1.000000 10000.000000 10000.000000 10000.000000 0.000000
42.000000 17.000000 1.000000 10000.000000 10000.000000 10000.000000 0.000000
42.000000 18.000000 1.000000 10000.000000 10000.000000 10000.000000 0.000000
42.000000 19.000000 1.000000 10000.000000 10000.000000 10000.000000 0.000000
42.000000 20.000000 1.000000 10000.000000 10000.000000 10000.000000 0.000000
42.000000 21.000000 1.000000 10000.000000 10000.000000 10000.000000 0.000000
42.000000 22.000000 1.000000 10000.000000 10000.000000 10000.000000 0.000000
42.000000 23.000000 1.000000 10000.000000 10000.000000 10000.000000 0.000000
42.000000 24.000000 1.000000 10000.000000 10000.000000 10000.000000 0.000000
42.000000 25.000000 1.000000 10000.000000 10000.000000 10000.000000 0.000000
42.000000 26.000000 1.000000 10000.000000 10000.000000 10000.000000 0.000000
42.000000 27.000000 1.000000 10000.000000 10000.000000 10000.000000 0.000000
42.000000 28.000000 1.000000 10000.000000 10000.000000 10000.000000 0.000000
42.000000 29.000000 1.000000 10000.000000 10000.000000 10000.000000 0.000000
42.000000 30.000000 1.000000 10000.000000 10000.000000 10000.000000 0.000000
42.000000 31.000000 1.000000 10000.000000 10000.000000 10000.000000 0.000000
42.000000 32.000000 1.000000 10000.000000 10000.000000 10000.000000 0.000000
42.000000 33.000000 1.000000 10000.000000 10000.000000 10000.000000 0.000000
42.000000 34.000000 1.000000 10000.000000 10000.000000 10000.000000 0.000000
42.000000 35.000000 1.000000 10000.000000 10000.000000 10000.000000 0.000000
42.000000 36.000000 1.000000 10000.000000 10000.000000 10000.000000 0.000000
42.000000 37.000000 1.000000 10000.000000 10000.000000 10000.000000 0.000000
42.000000 38.000000 1.000000 10000.000000 10000.000000 10000.000000 0.000000
42.000000 39.000000 1.000000 10000.000000 10000.000000 10000.000000 0.000000
42.000000 40.000000 1.000000 10000.000000 10000.000000 10000.000000 0.000000
42.000000 41.000000 1.000000 10000.000000 10000.000000 10000.000000 0.000000
42.000000 42.000000 1.000000 10000.000000 10000.000000 10000.000000 0.000000
42.000000 43.000000 1.000000 10000.000000 10000.000000 10000.000000 0.000000
42.000000 44.000000 1.000000 10000.000000 10000.000000 10000.000000 0.000000
42.000000 45.000000 1.000000 10000.000000 10000.000000 10000.000000 0.000000
42.000000 46.000000 1.000000 10000.000000 10000.000000 10000.000000 0.000000
42.000000 47.000000 1.000000 10000.000000 10000.000000 10000.000000 0.000000
42.000000 48.000000 1.000000 10000.000000 10000.000000 10000.000000 0.000000
42.000000 49.000000 1.000000 10000.000000 10000.000000 10000.000000 0.000000
43.000000 0.000000 1.000000 10000.000000 10000.000000 10000.000000 0.000000
43.000000 1.000000 1.000000 10000.000000 10000.000000 10000.000000 0.000000
43.000000 2.000000 1.000000 10000.000000 10000.000000 10000.000000 0.000000
43.000000 3.000000 1.000000 9999.000000 10000.000000 9999.000000 0.000000
43.000000 4.000000 1.000000 9999.000000 10000.000000 9999.000000 0.000000
43.000000 5.000000 1.000000 9999.000000 10000.000000 9999.000000 0.000000
43.000000 6.000000 1.000000 9999.000000 10000.000000 9999.000000 0.000000
43.000000 7.000000 1.000000 9999.000000 10000.000000 9999.000000 0.000000
43.000000 8.000000 1.000000 10000.000000 10000.000000 10000.000000 0.000000
43.000000 9.000000 1.000000 10000.000000 10000.000000 10000.000000 0.000000
43.000000 10.000000 1.000000 10000.000000 10000.000000 10000.000000 0.000000
43.000000 11.000000 1.000000 10000.000000 10000.000000 10000.000000 0.000000
43.000000 12.000000 1.000000 10000.000000 10000.000000 10000.000000 0.000000
43.000000 13.000000 1.000000 10000.000000 10000.000000 10000.000000 0.000000
43.000000 14.000000 1.000000 10000.000000 10000.000000 10000.000000 0.000000
43.000000 15.000000 1.000000 10000.000000 10000.000000 10000.000000 0.000000
43.000000 16.000000 1.000000 10000.000000 10000.000000 10000.000000 0.000000
43.000000 17.000000 1.000000 10000.000000 10000.000000 10000.000000 0.000000
43.000000 18.000000 1.000000 10000.000000 10000.000000 10000.000000 0.000000
43.000000 19.000000 1.000000 10000.000000 10000.000000 10000.000000 0.000000
43.000000 20.000000 1.000000 10000.000000 10000.000000 10000.000000 0.000000
43.000000 21.000000 1.000000 10000.000000 10000.000000 10000.000000 0.000000
43.000000 22.000000 1.000000 10000.000000 10000.000000 10000.000000 0.000000
43.000000 23.000000 1.000000 10000.000000 10000.000000 10000.000000 0.000000
43.000000 24.000000 1.000000 10000.000000 10000.000000 10000.000000 0.000000
43.000000 25.000000 1.000000 10000.000000 10000.000000 10000.000000 0.000000
43.000000 26.000000 1.000000 10000.000000 10000.000000 10000.000000 0.000000
43.000000 27.000000 1.000000 10000.000000 10000.000000 10000.000000 0.000000
43.000000 28.000000 1.000000 10000.000000 10000.000000 10000.000000 0.000000
43.000000 29.000000 1.000000 10000.000000 10000.000000 10000.000000 0.000000
43.000000 30.000000 1.000000 10000.000000 10000.000000 10000.000000 0.000000
43.000000 31.000000 1.000000 10000.000000 10000.000000 10000.000000 0.000000
43.000000 32.000000 1.000000 10000.000000 10000.000000 10000.000000 0.000000
43.000000 33.000000 1.000000 10000.000000 10000.000000 10000.000000 0.000000
43.000000 34.000000 1.000000 10000.000000 10000.000000 10000.000000 0.000000
43.000000 35.000000 1.000000 10000.000000 10000.000000 10000.000000 0.000000
43.000000 36.000000 1.000000 10000.000000 10000.000000 10000.000000 0.000000
43.000000 37.000000 1.000000 10000.000000 10000.000000 10000.000000 0.000000
43.000000 38.000000 1.000000 10000.000000 10000.000000 10000.000000 0.000000
43.000000 39.000000 1.000000 10000.000000 10000.000000 10000.000000 0.000000
43.000000 40.000000 1.000000 10000.000000 10000.000000 10000.000000 0.000000
43.000000 41.000000 1.000000 10000.000000 10000.000000 10000.000000 0.000000
43.000000 42.000000 1.000000 10000.000000 10000.000000 10000.000000 0.000000
43.000000 43.000000 1.000000 10000.000000 10000.000000 10000.000000 0.000000
43.000000 44.000000 1.000000 10000.000000 10000.000000 10000.000000 0.000000
43.000000 45.000000 1.000000 10000.000000 10000.000000 10000.000000 0.000000
43.000000 46.000000 1.000000 10000.000000 10000.000000 10000.000000 0.000000
43.000000 47.000000 1.000000 10000.000000 10000.000000 10000.000000 0.000000
43.000000 48.000000 1.000000 10000.000000 10000.000000 10000.000000 0.000000
43.000000 49.000000 1.000000 10000.000000 10000.000000 10000.000000 0.000000
44.000000 0.000000 1.000000 10000.000000 10000.000000 10000.000000 0.000000
44.000000 1.000000 1.000000 10000.000000 10000.000000 10000.000000 0.000000
44.000000 2.000000 1.000000 10000.000000 10000.000000 10000.000000 0.000000
44.000000 3.000000 1.000000 10000.000000 10000.000000 10000.000000 0.000000
44.000000 4.000000 1.000000 10000.000000 10000.000000 10000.000000 0.000000
44.000000 5.000000 1.000000 10000.000000 10000.000000 10000.000000 0.000000
44.000000 6.000000 1.000000 10000.000000 10000.000000 10000.000000 0.000000
44.000000 7.000000 1.000000 10000.000000 10000.000000 10000.000000 0.000000
44.000000 8.000000 1.000000 10000.000000 10000.000000 10000.000000 0.000000
44.000000 9.000000 1.000000 10000.000000 10000.000000 10000.000000 0.000000
44.000000 10.000000 1.000000 10000.000000 10000.000000 10000.000000 0.000000
44.000000 11.000000 1.000000 10000.000000 10000.000000 10000.000000 0.000000
44.000000 12.000000 1.000000 10000.000000 10000.000000 10000.000000 0.000000
44.000000 13.000000 1.000000 10000.000000 10000.000000 10000.000000 0.000000
44.000000 14.000000 1.000000 10000.000000 10000.000000 10000.000000 0.000000
44.000000 15.000000 1.000000 10000.000000 10000.000000 10000.000000 0.000000
44.000000 16.000000 1.000000 10000.000000 10000.000000 10000.000000 0.000000
44.000000 17.000000 1.000000 10000.000000 10000.000000 10000.000000 0.000000
44.000000 18.000000 1.000000 10000.000000 10000.000000 10000.000000 0.000000
44.000000 19.000000 1.000000 10000.000000 10000.000000 10000.000000 0.000000
44.000000 20.000000 1.000000 10000.000000 10000.000000 10000.000000 0.000000
44.000000 21.000000 1.000000 10000.000000 10000.000000 10000.000000 0.000000
44.000000 22.000000 1.000000 10000.000000 10000.000000 10000.000000 0.000000
44.000000 23.000000 1.000000 10000.000000 10000.000000 10000.000000 0.000000
44.000000 24.000000 1.000000 10000.000000 10000.000000 10000.000000 0.000000
44.000000 25.000000 1.000000 10000.000000 10000.000000 10000.000000 0.000000
44.000000 26.000000 1.000000 10000.000000 10000.000000 10000.000000 0.000000
44.000000 27.000000 1.000000 10000.000000 10000.000000 10000.000000 0.000000
44.000000 28.000000 1.000000 10000.000000 10000.000000 10000.000000 0.000000
44.000000 29.000000 1.000000 10000.000000 10000.000000 10000.000000 0.000000
44.000000 30.000000 1.000000 10000.000000 10000.000000 10000.000000 0.000000
44.000000 31.000000 1.000000 10000.000000 10000.000000 10000.000000 0.000000
44.000000 32.000000 1.000000 10000.000000 10000.000000 10000.000000 0.000000
44.000000 33.000000 1.000000 10000.000000 10000.000000 10000.000000 0.000000
44.000000 34.000000 1.000000 10000.000000 10000.000000 10000.000000 0.000000
44.000000 35.000000 1.000000 10000.000000 10000.000000 10000.000000 0.000000
44.000000 36.000000 1.000000 10000.000000 10000.000000 10000.000000 0.000000
44.000000 37.000000 1.000000 10000.000000 10000.000000 10000.000000 0.000000
44.000000 38.000000 1.000000 10000.000000 10000.000000 10000.000000 0.000000
44.000000 39.000000 1.000000 10000.000000 10000.000000 10000.000000 0.000000
44.000000 40.000000 1.000000 10000.000000 10000.000000 10000.000000 0.000000
44.000000 41.000000 1.000000 10000.000000 10000.000000 10000.000000 0.000000
44.000000 42.000000 1.000000 10000.000000 10000.000000 10000.000000 0.000000
44.000000 43.000000 1.000000 10000.000000 10000.000000 10000.000000 0.000000
44.000000 44.000000 1.000000 10000.000000 10000.000000 10000.000000 0.000000
44.000000 45.000000 1.000000 10000.000000 10000.000000 10000.000000 0.000000
44.000000 46.000000 1.000000 10000.000000 10000.000000 10000.000000 0.000000
44.000000 47.000000 1.000000 10000.000000 10000.000000 10000.000000 0.000000
44.000000 48.000000 1.000000 10000.000000 10000.000000 10000.000000 0.000000
44.000000 49.000000 1.000000 10000.000000 10000.000000 10000.000000 0.000000
45.000000 0.000000 1.000000 10000.000000 10000.000000 10000.000000 0.000000
45.000000 1.000000 1.000000 10000.000000 10000.000000 10000.000000 0.000000
45.000000 2.000000 1.000000 9999.000000 10000.000000 9999.000000 0.000000
45.000000 3.000000 1.000000 9999.000000 10000.000000 9999.000000 0.000000
45.000000 4.000000 1.000000 9999.000000 10000.000000 9999.000000 0.000000
45.000000 5.000000 1.000000 9999.000000 10000.000000 9999.000000 0.000000
45.000000 6.000000 1.000000 9999.000000 10000.000000 9999.000000 0.000000
45.000000 7.000000 1.000000 10000.000000 10000.000000 10000.000000 0.000000
45.000000 8.000000 1.000000 10000.000000 10000.000000 10000.000000 0.000000
45.000000 9.000000 1.000000 10000.000000 10000.000000 10000.000000 0.000000
45.000000 10.000000 1.000000 10000.000000 10000.000000 10000.000000 0.000000
45.000000 11.000000 1.000000 10000.000000 10000.000000 10000.000000 0.000000
45.000000 12.000000 1.000000 10000.000000 10000.000000 10000.000000 0.000000
45.000000 13.000000 1.000000 10000.000000 10000.000000 10000.000000 0.000000
45.000000 14.000000 1.000000 10000.000000 10000.000000 10000.000000 0.000000
45.000000 15.000000 1.000000 10000.000000 10000.000000 10000.000000 0.000000
45.000000 16.000000 1.000000 10000.000000 10000.000000 10000.000000 0.000000
45.000000 17.000000 1.000000 10000.000000 10000.000000 10000.000000 0.000000
45.000000 18.000000 1.000000 10000.000000 10000.000000 10000.000000 0.000000
45.000000 19.000000 1.000000 10000.000000 10000.000000 10000.000000 0.000000
45.000000 20.000000 1.000000 10000.000000 10000.000000 10000.000000 0.000000
45.000000 21.000000 1.000000 10000.000000 10000.000000 10000.000000 0.000000
45.000000 22.000000 1.000000 10000.000000 10000.000000 10000.000000 0.000000
45.000000 23.000000 1.000000 10000.000000 10000.000000 10000.000000 0.000000
45.000000 24.000000 1.000000 10000.000000 10000.000000 10000.000000 0.000000
45.000000 25.000000 1.000000 10000.000000 10000.000000 10000.000000 0.000000
45.000000 26.000000 1.000000 10000.000000 10000.000000 10000.000000 0.000000
45.000000 27.000000 1.000000 10000.000000 10000.000000 10000.000000 0.000000
45.000000 28.000000 1.000000 10000.000000 10000.000000 10000.000000 0.000000
45.000000 29.000000 1.000000 10000.000000 10000.000000 10000.000000 0.000000
45.000000 30.000000 1.000000 10000.000000 10000.000000 10000.000000 0.000000
45.000000 31.000000 1.000000 10000.000000 10000.000000 10000.000000 0.000000
45.000000 32.000000 1.000000 10000.000000 10000.000000 10000.000000 0.000000
45.000000 33.000000 1.000000 10000.000000 10000.000000 10000.000000 0.000000
45.000000 34.000000 1.000000 10000.000000 10000.000000 10000.000000 0.000000
45.000000 35.000000 1.000000 10000.000000 10000.000000 10000.000000 0.000000
45.000000 36.000000 1.000000 10000.000000 10000.000000 10000.000000 0.000000
45.000000 37.000000 1.000000 10000.000000 10000.000000 10000.000000 0.000000
45.000000 38.000000 1.000000 10000.000000 10000.000000 10000.000000 0.000000
45.000000 39.000000 1.000000 10000.000000 10000.000000 10000.000000 0.000000
45.000000 40.000000 1.000000 10000.000000 10000.000000 10000.000000 0.000000
45.000000 41.000000 1.000000 10000.000000 10000.000000 10000.000000 0.000000
45.000000 42.000000 1.000000 10000.000000 10000.000000 10000.000000 0.000000
45.000000 43.000000 1.000000 10000.000000 10000.000000 10000.000000 0.000000
45.000000 44.000000 1.000000 10000.000000 10000.000000 10000.000000 0.000000
45.000000 45.000000 1.000000 10000.000000 10000.000000 10000.000000 0.000000
45.000000 46.000000 1.000000 10000.000000 10000.000000 10000.000000 0.000000
45.000000 47.000000 1.000000 10000.000000 10000.000000 10000.000000 0.000000
45.000000 48.000000 1.000000 10000.000000 10000.000000 10000.000000 0.000000
45.000000 49.000000 1.000000 10000.000000 10000.000000 10000.000000 0.000000
46.000000 0.000000 1.000000 10000.000000 10000.000000 10000.000000 0.000000
46.000000 1.000000 1.000000 10000.000000 10000.000000 10000.000000 0.000000
46.000000 2.000000 1.000000 9999.000000 10000.000000 9999.000000 0.000000
46.000000 3.000000 1.000000 9999.000000 10000.000000 9999.000000 0.000000
46.000000 4.000000 1.000000 9999.000000 10000.000000 9999.000000 0.000000
46.000000 5.000000 1.000000 9999.000000 10000.000000 9999.000000 0.000000
46.000000 6.000000 1.000000 9999.000000 10000.000000 9999.000000 0.000000
46.000000 7.000000 1.000000 9999.000000 10000.000000 9999.000000 0.000000
46.000000 8.000000 1.000000 9999.000000 10000.000000 9999.000000 0.000000
46.000000 9.000000 1.000000 10000.000000 10000.000000 10000.000000 0.000000
46.000000 10.000000 1.000000 10000.000000 10000.000000 10000.000000 0.000000
46.000000 11.000000 1.000000 10000.000000 10000.000000 10000.000000 0.000000
46.000000 12.000000 1.000000 10000.000000 10000.000000 10000.000000 0.000000
46.000000 13.000000 1.000000 10000.000000 10000.000000 10000.000000 0.000000
46.000000 14.000000 1.000000 10000.000000 10000.000000 10000.000000 0.000000
46.000000 15.000000 1.000000 10000.000000 10000.000000 10000.000000 0.000000
46.000000 16.000000 1.000000 10000.000000 10000.000000 10000.000000 0.000000
46.000000 17.000000 1.000000 10000.000000 10000.000000 10000.000000 0.000000
46.000000 18.000000 1.000000 10000.000000 10000.000000 10000.000000 0.000000
46.000000 19.000000 1.000000 10000.000000 10000.000000 10000.000000 0.000000
46.000000 20.000000 1.000000 10000.000000 10000.000000 10000.000000 0.000000
46.000000 21.000000 1.000000 10000.000000 10000.000000 10000.000000 0.000000
46.000000 22.000000 1.000000 10000.000000 10000.000000 10000.000000 0.000000
46.000000 23.000000 1.000000 10000.000000 10000.000000 10000.000000 0.000000
46.000000 24.000000 1.000000 10000.000000 10000.000000 10000.000000 0.000000
46.000000 25.000000 1.000000 10000.000000 10000.000000 10000.000000 0.000000
46.000000 26.000000 1.000000 10000.000000 10000.000000 10000.000000 0.000000
46.000000 27.000000 1.000000 10000.000000 10000.000000 10000.000000 0.000000
46.000000 28.000000 1.000000 10000.000000 10000.000000 10000.000000 0.000000
46.000000 29.000000 1.000000 10000.000000 10000.000000 10000.000000 0.000000
46.000000 30.000000 1.000000 10000.000000 10000.000000 10000.000000 0.000000
46.000000 31.000000 1.000000 10000.000000 10000.000000 10000.000000 0.000000
46.000000 32.000000 1.000000 10000.000000 10000.000000 10000.000000 0.000000
46.000000 33.000000 1.000000 10000.000000 10000.000000 10000.000000 0.000000
46.000000 34.000000 1.000000 10000.000000 10000.000000 10000.000000 0.000000
46.000000 35.000000 1.000000 10000.000000 10000.000000 10000.000000 0.000000
46.000000 36.000000 1.000000 10000.000000 10000.000000 10000.000000 0.000000
46.000000 37.000000 1.000000 10000.000000 10000.000000 10000.000000 0.000000
46.000000 38.000000 1.000000 10000.000000 10000.000000 10000.000000 0.000000
46.000000 39.000000 1.000000 10000.000000 10000.000000 10000.000000 0.000000
46.000000 40.000000 1.000000 10000.000000 10000.000000 10000.000000 0.000000
46.000000 41.000000 1.000000 10000.000000 10000.000000 10000.000000 0.000000
46.000000 42.000000 1.000000 10000.000000 10000.000000 10000.000000 0.000000
46.000000 43.000000 1.000000 10000.000000 10000.000000 10000.000000 0.000000
46.000000 44.000000 1.000000 10000.000000 10000.000000 10000.000000 0.000000
46.000000 45.000000 1.000000 10000.000000 10000.000000 10000.000000 0.000000
46.000000 46.000000 1.000000 10000.000000 10000.000000 10000.000000 0.000000
46.000000 47.000000 1.000000 10000.000000 10000.000000 10000.000000 0.000000
46.000000 48.000000 1.000000 10000.000000 10000.000000 10000.000000 0.000000
46.000000 49.000000 1.000000 10000.000000 10000.000000 10000.000000 0.000000
47.000000 0.000000 1.000000 10000.000000 10000.000000 10000.000000 0.000000
47.000000 1.000000 1.000000 10000.000000 10000.000000 10000.000000 0.000000
47.000000 2.000000 1.000000 10000.000000 10000.000000 10000.000000 0.000000
47.000000 3.000000 1.000000 10000.000000 10000.000000 10000.000000 0.000000
47.000000 4.000000 1.000000 10000.000000 10000.000000 10000.000000 0.000000
47.000000 5.000000 1.000000 9999.000000 10000.000000 9999.000000 0.000000
47.000000 6.000000 1.000000 9997.000000 10000.000000 9997.000000 0.000000
47.000000 7.000000 1.000000 9995.000000 10000.000000 9995.000000 0.000000
47.000000 8.000000 1.000000 9993.000000 10000.000000 9993.000000 0.000000
47.000000 9.000000 1.000000 9993.000000 10000.000000 9993.000000 0.000000
47.000000 10.000000 1.000000 9987.000000 10000.000000 9987.000000 0.000000
47.000000 11.000000 1.000000 9982.000000 10000.000000 9982.000000 0.000000
47.000000 12.000000 1.000000 9980.000000 10000.000000 9980.000000 0.000000
47.000000 13.000000 1.000000 9972.000000 10000.000000 9972.000000 0.000000
47.000000 14.000000 1.000000 9958.000000 10000.000000 9958.000000 0.000000
47.000000 15.000000 1.000000 9938.000000 10000.000000 9938.000000 0.000000
47.000000 16.000000 1.000000 9938.000000 10000.000000 9938.000000 0.000000
47.000000 17.000000 1.000000 9906.000000 10000.000000 9907.000000 1.000000
47.000000 18.000000 1.000000 9859.000000 9999.000000 9861.000000 1.000000
47.000000 19.000000 1112.000000 8964.000000 9998.000000 9823.000000 857.000000
47.000000 20.000000 2290.000000 6916.000000 9148.000000 9764.000000 2035.000000
47.000000 21.000000 5282.000000 4326.000000 10000.000000 9608.000000 5282.000000
47.000000 22.000000 6627.000000 2845.000000 10000.000000 9472.000000 6627.000000
47.000000 23.000000 7372.000000 1967.000000 10000.000000 9339.000000 7372.000000
47.000000 24.000000 8041.000000 1238.000000 10000.000000 9279.000000 8041.000000
47.000000 25.000000 6553.000000 2738.000000 10000.000000 9291.000000 6553.000000
47.000000 26.000000 5160.000000 4225.000000 10000.000000 9385.000000 5160.000000
47.000000 27.000000 132.000000 541.000000 1073.000000 9525.000000 105.000000
47.000000 28.000000 324.000000 1960.000000 2483.000000 9705.000000 265.000000
47.000000 29.000000 1.000000 164.000000 238.000000 9813.000000 1.000000
47.000000 30.000000 1.000000 227.000000 237.000000 9895.000000 0.000000
47.000000 31.000000 1.000000 267.000000 269.000000 9949.000000 0.000000
47.000000 32.000000 1.000000 2210.000000 2217.000000 9975.000000 0.000000
47.000000 33.000000 1.000000 6185.000000 6195.000000 9979.000000 0.000000
47.000000 34.000000 1.000000 9633.000000 9664.000000 9969.000000 0.000000
47.000000 35.000000 1.000000 9874.000000 9911.000000 9962.000000 0.000000
47.000000 36.000000 1.000000 9955.000000 10000.000000 9955.000000 0.000000
47.000000 37.000000 1.000000 9948.000000 10000.000000 9948.000000 0.000000
47.000000 38.000000 1.000000 9950.000000 10000.000000 9950.000000 0.000000
47.000000 39.000000 1.000000 9958.000000 10000.000000 9958.000000 0.000000
47.000000 40.000000 1.000000 9953.000000 10000.000000 9953.000000 0.000000
47.000000 41.000000 1.000000 9957.000000 10000.000000 9957.000000 0.000000
47.000000 42.000000 1.000000 9952.000000 10000.000000 9952.000000 0.000000
47.000000 43.000000 1.000000 9954.000000 10000.000000 9954.000000 0.000000
47.000000 44.000000 1.000000 9948.000000 10000.000000 9948.000000 0.000000
47.000000 45.000000 1.000000 9945.000000 10000.000000 9945.000000 0.000000
47.000000 46.000000 1.000000 9944.000000 10000.000000 9944.000000 0.000000
47.000000 47.000000 1.000000 9939.000000 10000.000000 9939.000000 0.000000
47.000000 48.000000 1.000000 9927.000000 10000.000000 9928.000000 1.000000
47.000000 49.000000 1.000000 9917.000000 9999.000000 9919.000000 1.000000
48.000000 0.000000 1.000000 10000.000000 10000.000000 10000.000000 0.000000
48.000000 1.000000 1.000000 10000.000000 10000.000000 10000.000000 0.000000
48.000000 2.000000 1.000000 10000.000000 10000.000000 10000.000000 0.000000
48.000000 3.000000 1.000000 9999.000000 10000.000000 9999.000000 0.000000
48.000000 4.000000 1.000000 9999.000000 10000.000000 9999.000000 0.000000
48.000000 5.000000 1.000000 9999.000000 10000.000000 9999.000000 0.000000
48.000000 6.000000 1.000000 9999.000000 10000.000000 9999.000000 0.000000
48.000000 7.000000 1.000000 9999.000000 10000.000000 9999.000000 0.000000
48.000000 8.000000 1.000000 10000.000000 10000.000000 10000.000000 0.000000
48.000000 9.000000 1.000000 10000.000000 10000.000000 10000.000000 0.000000
48.000000 10.000000 1.000000 10000.000000 10000.000000 10000.000000 0.000000
48.000000 11.000000 1.000000 10000.000000 10000.000000 10000.000000 0.000000
48.000000 12.000000 1.000000 10000.000000 10000.000000 10000.000000 0.000000
48.000000 13.000000 1.000000 10000.000000 10000.000000 10000.000000 0.000000
48.000000 14.000000 1.000000 10000.000000 10000.000000 10000.000000 0.000000
48.000000 15.000000 1.000000 10000.000000 10000.000000 10000.000000 0.000000
48.000000 16.000000 1.000000 10000.000000 10000.000000 10000.000000 0.000000
48.000000 17.000000 1.000000 10000.000000 10000.000000 10000.000000 0.000000
48.000000 18.000000 1.000000 10000.000000 10000.000000 10000.000000 0.000000
48.000000 19.000000 1.000000 10000.000000 10000.000000 10000.000000 0.000000
48.000000 20.000000 1.000000 10000.000000 10000.000000 10000.000000 0.000000
48.000000 21.000000 1.000000 10000.000000 10000.000000 10000.000000 0.000000
48.000000 22.000000 1.000000 10000.000000 10000.000000 10000.000000 0.000000
48.000000 23.000000 1.000000 10000.000000 10000.000000 10000.000000 0.000000
48.000000 24.000000 1.000000 10000.000000 10000.000000 10000.000000 0.000000
48.000000 25.000000 1.000000 10000.000000 10000.000000 10000.000000 0.000000
48.000000 26.000000 1.000000 10000.000000 10000.000000 10000.000000 0.000000
48.000000 27.000000 1.000000 10000.000000 10000.000000 10000.000000 0.000000
48.000000 28.000000 1.000000 10000.000000 10000.000000 10000.000000 0.000000
48.000000 29.000000 1.000000 10000.000000 10000.000000 10000.000000 0.000000
48.000000 30.000000 1.000000 10000.000000 10000.000000 10000.000000 0.000000
48.000000 31.000000 1.000000 10000.000000 10000.000000 10000.000000 0.000000
48.000000 32.000000 1.000000 10000.000000 10000.000000 10000.000000 0.000000
48.000000 33.000000 1.000000 10000.000000 10000.000000 10000.000000 0.000000
48.000000 34.000000 1.000000 10000.000000 10000.000000 10000.000000 0.000000
48.000000 35.000000 1.000000 10000.000000 10000.000000 10000.000000 0.000000
48.000000 36.000000 1.000000 10000.000000 10000.000000 10000.000000 0.000000
48.000000 37.000000 1.000000 10000.000000 10000.000000 10000.000000 0.000000
48.000000 38.000000 1.000000 10000.000000 10000.000000 10000.000000 0.000000
48.000000 39.000000 1.000000 10000.000000 10000.000000 10000.000000 0.000000
48.000000 40.000000 1.000000 10000.000000 10000.000000 10000.000000 0.000000
48.000000 41.000000 1.000000 10000.000000 10000.000000 10000.000000 0.000000
48.000000 42.000000 1.000000 10000.000000 10000.000000 10000.000000 0.000000
48.000000 43.000000 1.000000 10000.000000 10000.000000 10000.000000 0.000000
48.000000 44.000000 1.000000 10000.000000 10000.000000 10000.000000 0.000000
48.000000 45.000000 1.000000 10000.000000 10000.000000 10000.000000 0.000000
48.000000 46.000000 1.000000 10000.000000 10000.000000 10000.000000 0.000000
48.000000 47.000000 1.000000 10000.000000 10000.000000 10000.000000 0.000000
48.000000 48.000000 1.000000 10000.000000 10000.000000 10000.000000 0.000000
48.000000 49.000000 1.000000 10000.000000 10000.000000 10000.000000 0.000000
49.000000 0.000000 1.000000 10000.000000 10000.000000 10000.000000 0.000000
49.000000 1.000000 1.000000 10000.000000 10000.000000 10000.000000 0.000000
49.000000 2.000000 1.000000 9999.000000 10000.000000 9999.000000 0.000000
49.000000 3.000000 1.000000 9999.000000 10000.000000 9999.000000 0.000000
49.000000 4.000000 1.000000 9999.000000 10000.000000 9999.000000 0.000000
49.000000 5.000000 1.000000 9999.000000 10000.000000 9999.000000 0.000000
49.000000 6.000000 1.000000 9999.000000 10000.000000 9999.000000 0.000000
49.000000 7.000000 1.000000 10000.000000 10000.000000 10000.000000 0.000000
49.000000 8.000000 1.000000 10000.000000 10000.000000 10000.000000 0.000000
49.000000 9.000000 1.000000 10000.000000 10000.000000 10000.000000 0.000000
49.000000 10.000000 1.000000 10000.000000 10000.000000 10000.000000 0.000000
49.000000 11.000000 1.000000 10000.000000 10000.000000 10000.000000 0.000000
49.000000 12.000000 1.000000 10000.000000 10000.000000 10000.000000 0.000000
49.000000 13.000000 1.000000 10000.000000 10000.000000 10000.000000 0.000000
49.000000 14.000000 1.000000 10000.000000 10000.000000 10000.000000 0.000000
49.000000 15.000000 1.000000 10000.000000 10000.000000 10000.000000 0.000000
49.000000 16.000000 1.000000 10000.000000 10000.000000 10000.000000 0.000000
49.000000 17.000000 1.000000 10000.000000 10000.000000 10000.000000 0.000000
49.000000 18.000000 1.000000 10000.000000 10000.000000 10000.000000 0.000000
49.000000 19.000000 1.000000 10000.000000 10000.000000 10000.000000 0.000000
49.000000 20.000000 1.000000 10000.000000 10000.000000 10000.000000 0.000000
49.000000 21.000000 1.000000 10000.000000 10000.000000 10000.000000 0.000000
49.000000 22.000000 1.000000 10000.000000 10000.000000 10000.000000 0.000000
49.000000 23.000000 1.000000 10000.000000 10000.000000 10000.000000 0.000000
49.000000 24.000000 1.000000 10000.000000 10000.000000 10000.000000 0.000000
49.000000 25.000000 1.000000 10000.000000 10000.000000 10000.000000 0.000000
49.000000 26.000000 1.000000 10000.000000 10000.000000 10000.000000 0.000000
49.000000 27.000000 1.000000 10000.000000 10000.000000 10000.000000 0.000000
49.000000 28.000000 1.000000 10000.000000 10000.000000 10000.000000 0.000000
49.000000 29.000000 1.000000 10000.000000 10000.000000 10000.000000 0.000000
49.000000 30.000000 1.000000 10000.000000 10000.000000 10000.000000 0.000000
49.000000 31.000000 1.000000 10000.000000 10000.000000 10000.000000 0.000000
49.000000 32.000000 1.000000 10000.000000 10000.000000 10000.000000 0.000000
49.000000 33.000000 1.000000 10000.000000 10000.000000 10000.000000 0.000000
49.000000 34.000000 1.000000 10000.000000 10000.000000 10000.000000 0.000000
49.000000 35.000000 1.000000 10000.000000 10000.000000 10000.000000 0.000000
49.000000 36.000000 1.000000 10000.000000 10000.000000 10000.000000 0.000000
49.000000 37.000000 1.000000 10000.000000 10000.000000 10000.000000 0.000000
49.000000 38.000000 1.000000 10000.000000 10000.000000 10000.000000 0.000000
49.000000 39.000000 1.000000 10000.000000 10000.000000 10000.000000 0.000000
49.000000 40.000000 1.000000 10000.000000 10000.000000 10000.000000 0.000000
49.000000 41.000000 1.000000 10000.000000 10000.000000 10000.000000 0.000000
49.000000 42.000000 1.000000 10000.000000 10000.000000 10000.000000 0.000000
49.000000 43.000000 1.000000 10000.000000 10000.000000 10000.000000 0.000000
49.000000 44.000000 1.000000 10000.000000 10000.000000 10000.000000 0.000000
49.000000 45.000000 1.000000 10000.000000 10000.000000 10000.000000 0.000000
49.000000 46.000000 1.000000 10000.000000 10000.000000 10000.000000 0.000000
49.000000 47.000000 1.000000 10000.000000 10000.000000 10000.000000 0.000000
49.000000 48.000000 1.000000 10000.000000 10000.000000 10000.000000 0.000000
49.000000 49.000000 1.000000 10000.000000 10000.000000 10000.000000 0.000000
50.000000 0.000000 1.000000 10000.000000 10000.000000 10000.000000 0.000000
50.000000 1.000000 1.000000 10000.000000 10000.000000 10000.000000 0.000000
50.000000 2.000000 1.000000 10000.000000 10000.000000 10000.000000 0.000000
50.000000 3.000000 1.000000 9999.000000 10000.000000 9999.000000 0.000000
50.000000 4.000000 1.000000 9999.000000 10000.000000 9999.000000 0.000000
50.000000 5.000000 1.000000 9999.000000 10000.000000 9999.000000 0.000000
50.000000 6.000000 1.000000 9999.000000 10000.000000 9999.000000 0.000000
50.000000 7.000000 1.000000 9999.000000 10000.000000 9999.000000 0.000000
50.000000 8.000000 1.000000 10000.000000 10000.000000 10000.000000 0.000000
50.000000 9.000000 1.000000 10000.000000 10000.000000 10000.000000 0.000000
50.000000 10.000000 1.000000 10000.000000 10000.000000 10000.000000 0.000000
50.000000 11.000000 1.000000 10000.000000 10000.000000 10000.000000 0.000000
50.000000 12.000000 1.000000 10000.000000 10000.000000 10000.000000 0.000000
50.000000 13.000000 1.000000 10000.000000 10000.000000 10000.000000 0.000000
50.000000 14.000000 1.000000 10000.000000 10000.000000 10000.000000 0.000000
50.000000 15.000000 1.000000 10000.000000 10000.000000 10000.000000 0.000000
50.000000 16.000000 1.000000 10000.000000 10000.000000 10000.000000 0.000000
50.000000 17.000000 1.000000 10000.000000 10000.000000 10000.000000 0.000000
50.000000 18.000000 1.000000 10000.000000 10000.000000 10000.000000 0.000000
50.000000 19.000000 1.000000 10000.000000 10000.000000 10000.000000 0.000000
50.000000 20.000000 1.000000 10000.000000 10000.000000 10000.000000 0.000000
50.000000 21.000000 1.000000 10000.000000 10000.000000 10000.000000 0.000000
50.000000 22.000000 1.000000 10000.000000 10000.000000 10000.000000 0.000000
50.000000 23.000000 1.000000 10000.000000 10000.000000 10000.000000 0.000000
50.000000 24.000000 1.000000 10000.000000 10000.000000 10000.000000 0.000000
50.000000 25.000000 1.000000 10000.000000 10000.000000 10000.000000 0.000000
50.000000 26.000000 1.000000 10000.000000 10000.000000 10000.000000 0.000000
50.000000 27.000000 1.000000 10000.000000 10000.000000 10000.000000 0.000000
50.000000 28.000000 1.000000 10000.000000 10000.000000 10000.000000 0.000000
50.000000 29.000000 1.000000 10000.000000 10000.000000 10000.000000 0.000000
50.000000 30.000000 1.000000 10000.000000 10000.000000 10000.000000 0.000000
50.000000 31.000000 1.000000 10000.000000 10000.000000 10000.000000 0.000000
50.000000 32.000000 1.000000 10000.000000 10000.000000 10000.000000 0.000000
50.000000 33.000000 1.000000 10000.000000 10000.000000 10000.000000 0.000000
50.000000 34.000000 1.000000 10000.000000 10000.000000 10000.000000 0.000000
50.000000 35.000000 1.000000 10000.000000 10000.000000 10000.000000 0.000000
50.000000 36.000000 1.000000 10000.000000 10000.000000 10000.000000 0.000000
50.000000 37.000000 1.000000 10000.000000 10000.000000 10000.000000 0.000000
50.000000 38.000000 1.000000 10000.000000 10000.000000 10000.000000 0.000000
50.000000 39.000000 1.000000 10000.000000 10000.000000 10000.000000 0.000000
50.000000 40.000000 1.000000 10000.000000 10000.000000 10000.000000 0.000000
50.000000 41.000000 1.000000 10000.000000 10000.000000 10000.000000 0.000000
50.000000 42.000000 1.000000 10000.000000 10000.000000 10000.000000 0.000000
50.000000 43.000000 1.000000 10000.000000 10000.000000 10000.000000 0.000000
50.000000 44.000000 1.000000 10000.000000 10000.000000 10000.000000 0.000000
50.000000 45.000000 1.000000 10000.000000 10000.000000 10000.000000 0.000000
50.000000 46.000000 1.000000 10000.000000 10000.000000 10000.000000 0.000000
50.000000 47.000000 1.000000 10000.000000 10000.000000 10000.000000 0.000000
50.000000 48.000000 1.000000 10000.000000 10000.000000 10000.000000 0.000000
50.000000 49.000000 1.000000 10000.000000 10000.000000 10000.000000 0.000000
51.000000 0.000000 1.000000 10000.000000 10000.000000 10000.000000 0.000000
51.000000 1.000000 1.000000 10000.000000 10000.000000 10000.000000 0.000000
51.000000 2.000000 1.000000 10000.000000 10000.000000 10000.000000 0.000000
51.000000 3.000000 1.000000 9999.000000 10000.000000 9999.000000 0.000000
51.000000 4.000000 1.000000 9999.000000 10000.000000 9999.000000 0.000000
51.000000 5.000000 1.000000 9998.000000 10000.000000 9998.000000 0.000000
51.000000 6.000000 1.000000 9998.000000 10000.000000 9998.000000 0.000000
51.000000 7.000000 1.000000 9998.000000 10000.000000 9998.000000 0.000000
51.000000 8.000000 1.000000 9999.000000 10000.000000 9999.000000 0.000000
51.000000 9.000000 1.000000 9999.000000 10000.000000 9999.000000 0.000000
51.000000 10.000000 1.000000 9999.000000 10000.000000 9999.000000 0.000000
51.000000 11.000000 1.000000 10000.000000 10000.000000 10000.000000 0.000000
51.000000 12.000000 1.000000 10000.000000 10000.000000 10000.000000 0.000000
51.000000 13.000000 1.000000 10000.000000 10000.000000 10000.000000 0.000000
51.000000 14.000000 1.000000 10000.000000 10000.000000 10000.000000 0.000000
51.000000 15.000000 1.000000 10000.000000 10000.000000 10000.000000 0.000000
51.000000 16.000000 1.000000 10000.000000 10000.000000 10000.000000 0.000000
51.000000 17.000000 1.000000 10000.000000 10000.000000 10000.000000 0.000000
51.000000 18.000000 1.000000 10000.000000 10000.000000 10000.000000 0.000000
51.000000 19.000000 1.000000 10000.000000 10000.000000 10000.000000 0.000000
51.000000 20.000000 1.000000 10000.000000 10000.000000 10000.000000 0.000000
51.000000 21.000000 1.000000 10000.000000 10000.000000 10000.000000 0.000000
51.000000 22.000000 1.000000 10000.000000 10000.000000 10000.000000 0.000000
51.000000 23.000000 1.000000 10000.000000 10000.000000 10000.000000 0.000000
51.000000 24.000000 1.000000 10000.000000 10000.000000 10000.000000 0.000000
51.000000 25.000000 1.000000 10000.000000 10000.000000 10000.000000 0.000000
51.000000 26.000000 1.000000 10000.000000 10000.000000 10000.000000 0.000000
51.000000 27.000000 1.000000 10000.000000 10000.000000 10000.000000 0.000000
51.000000 28.000000 1.000000 10000.000000 10000.000000 10000.000000 0.000000
51.000000 29.000000 1.000000 10000.000000 10000.000000 10000.000000 0.000000
51.000000 30.000000 1.000000 10000.000000 10000.000000 10000.000000 0.000000
51.000000 31.000000 1.000000 10000.000000 10000.000000 10000.000000 0.000000
51.000000 32.000000 1.000000 10000.000000 10000.000000 10000.000000 0.000000
51.000000 33.000000 1.000000 10000.000000 10000.000000 10000.000000 0.000000
51.000000 34.000000 1.000000 10000.000000 10000.000000 10000.000000 0.000000
51.000000 35.000000 1.000000 10000.000000 10000.000000 10000.000000 0.000000
51.000000 36.000000 1.000000 10000.000000 10000.000000 10000.000000 0.000000
51.000000 37.000000 1.000000 10000.000000 10000.000000 10000.000000 0.000000
51.000000 38.000000 1.000000 10000.000000 10000.000000 10000.000000 0.000000
51.000000 39.000000 1.000000 10000.000000 10000.000000 10000.000000 0.000000
51.000000 40.000000 1.000000 10000.000000 10000.000000 10000.000000 0.000000
51.000000 41.000000 1.000000 10000.000000 10000.000000 10000.000000 0.000000
51.000000 42.000000 1.000000 10000.000000 10000.000000 10000.000000 0.000000
51.000000 43.000000 1.000000 10000.000000 10000.000000 10000.000000 0.000000
51.000000 44.000000 1.000000 10000.000000 10000.000000 10000.000000 0.000000
51.000000 45.000000 1.000000 10000.000000 10000.000000 10000.000000 0.000000
51.000000 46.000000 1.000000 10000.000000 10000.000000 10000.000000 0.000000
51.000000 47.000000 1.000000 10000.000000 10000.000000 10000.000000 0.000000
51.000000 48.000000 1.000000 10000.000000 10000.000000 10000.000000 0.000000
51.000000 49.000000 1.000000 10000.000000 10000.000000 10000.000000 0.000000
52.000000 0.000000 1.000000 10000.000000 10000.000000 10000.000000 0.000000
52.000000 1.000000 1.000000 10000.000000 10000.000000 10000.000000 0.000000
52.000000 2.000000 1.000000 10000.000000 10000.000000 10000.000000 0.000000
52.000000 3.000000 1.000000 9999.000000 10000.000000 9999.000000 0.000000
52.000000 4.000000 1.000000 9999.000000 10000.000000 9999.000000 0.000000
52.000000 5.000000 1.000000 9999.000000 10000.000000 9999.000000 0.000000
52.000000 6.000000 1.000000 9999.000000 10000.000000 9999.000000 0.000000
52.000000 7.000000 1.000000 9999.000000 10000.000000 9999.000000 0.000000
52.000000 8.000000 1.000000 10000.000000 10000.000000 10000.000000 0.000000
52.000000 9.000000 1.000000 10000.000000 10000.000000 10000.000000 0.000000
52.000000 10.000000 1.000000 10000.000000 10000.000000 10000.000000 0.000000
52.000000 11.000000 1.000000 10000.000000 10000.000000 10000.000000 0.000000
52.000000 12.000000 1.000000 10000.000000 10000.000000 10000.000000 0.000000
52.000000 13.000000 1.000000 10000.000000 10000.000000 10000.000000 0.000000
52.000000 14.000000 1.000000 10000.000000 10000.000000 10000.000000 0.000000
52.000000 15.000000 1.000000 10000.000000 10000.000000 10000.000000 0.000000
52.000000 16.000000 1.000000 10000.000000 10000.000000 10000.000000 0.000000
52.000000 17.000000 1.000000 10000.000000 10000.000000 10000.000000 0.000000
52.000000 18.000000 1.000000 10000.000000 10000.000000 10000.000000 0.000000
52.000000 19.000000 1.000000 10000.000000 10000.000000 10000.000000 0.000000
52.000000 20.000000 1.000000 10000.000000 10000.000000 10000.000000 0.000000
52.000000 21.000000 1.000000 10000.000000 10000.000000 10000.000000 0.000000
52.000000 22.000000 1.000000 10000.000000 10000.000000 10000.000000 0.000000
52.000000 23.000000 1.000000 10000.000000 10000.000000 10000.000000 0.000000
52.000000 24.000000 1.000000 10000.000000 10000.000000 10000.000000 0.000000
52.000000 25.000000 1.000000 10000.000000 10000.000000 10000.000000 0.000000
52.000000 26.000000 1.000000 10000.000000 10000.000000 10000.000000 0.000000
52.000000 27.000000 1.000000 10000.000000 10000.000000 10000.000000 0.000000
52.000000 28.000000 1.000000 10000.000000 10000.000000 10000.000000 0.000000
52.000000 29.000000 1.000000 10000.000000 10000.000000 10000.000000 0.000000
52.000000 30.000000 1.000000 10000.000000 10000.000000 10000.000000 0.000000
52.000000 31.000000 1.000000 10000.000000 10000.000000 10000.000000 0.000000
52.000000 32.000000 1.000000 10000.000000 10000.000000 10000.000000 0.000000
52.000000 33.000000 1.000000 10000.000000 10000.000000 10000.000000 0.000000
52.000000 34.000000 1.000000 10000.000000 10000.000000 10000.000000 0.000000
52.000000 35.000000 1.000000 10000.000000 10000.000000 10000.000000 0.000000
52.000000 36.000000 1.000000 10000.000000 10000.000000 10000.000000 0.000000
52.000000 37.000000 1.000000 10000.000000 10000.000000 10000.000000 0.000000
52.000000 38.000000 1.000000 10000.000000 10000.000000 10000.000000 0.000000
52.000000 39.000000 1.000000 10000.000000 10000.000000 10000.000000 0.000000
52.000000 40.000000 1.000000 10000.000000 10000.000000 10000.000000 0.000000
52.000000 41.000000 1.000000 10000.000000 10000.000000 10000.000000 0.000000
52.000000 42.000000 1.000000 10000.000000 10000.000000 10000.000000 0.000000
52.000000 43.000000 1.000000 10000.000000 10000.000000 10000.000000 0.000000
52.000000 44.000000 1.000000 10000.000000 10000.000000 10000.000000 0.000000
52.000000 45.000000 1.000000 10000.000000 10000.000000 10000.000000 0.000000
52.000000 46.000000 1.000000 10000.000000 10000.000000 10000.000000 0.000000
52.000000 47.000000 1.000000 10000.000000 10000.000000 10000.000000 0.000000
52.000000 48.000000 1.000000 10000.000000 10000.000000 10000.000000 0.000000
52.000000 49.000000 1.000000 10000.000000 10000.000000 10000.000000 0.000000
53.000000 0.000000 1.000000 10000.000000 10000.000000 10000.000000 0.000000
53.000000 1.000000 1.000000 10000.000000 10000.000000 10000.000000 0.000000
53.000000 2.000000 1.000000 10000.000000 10000.000000 10000.000000 0.000000
53.000000 3.000000 1.000000 9999.000000 10000.000000 9999.000000 0.000000
53.000000 4.000000 1.000000 9999.000000 10000.000000 9999.000000 0.000000
53.000000 5.000000 1.000000 9999.000000 10000.000000 9999.000000 0.000000
53.000000 6.000000 1.000000 9999.000000 10000.000000 9999.000000 0.000000
53.000000 7.000000 1.000000 9999.000000 10000.000000 9999.000000 0.000000
53.000000 8.000000 1.000000 10000.000000 10000.000000 10000.000000 0.000000
53.000000 9.000000 1.000000 10000.000000 10000.000000 10000.000000 0.000000
53.000000 10.000000 1.000000 10000.000000 10000.000000 10000.000000 0.000000
53.000000 11.000000 1.000000 10000.000000 10000.000000 10000.000000 0.000000
53.000000 12.000000 1.000000 10000.000000 10000.000000 10000.000000 0.000000
53.000000 13.000000 1.000000 10000.000000 10000.000000 10000.000000 0.000000
53.000000 14.000000 1.000000 10000.000000 10000.000000 10000.000000 0.000000
53.000000 15.000000 1.000000 10000.000000 10000.000000 10000.000000 0.000000
53.000000 16.000000 1.000000 10000.000000 10000.000000 10000.000000 0.000000
53.000000 17.000000 1.000000 10000.000000 10000.000000 10000.000000 0.000000
53.000000 18.000000 1.000000 10000.000000 10000.000000 10000.000000 0.000000
53.000000 19.000000 1.000000 10000.000000 10000.000000 10000.000000 0.000000
53.000000 20.000000 1.000000 10000.000000 10000.000000 10000.000000 0.000000
53.000000 21.000000 1.000000 10000.000000 10000.000000 10000.000000 0.000000
53.000000 22.000000 1.000000 10000.000000 10000.000000 10000.000000 0.000000
53.000000 23.000000 1.000000 10000.000000 10000.000000 10000.000000 0.000000
53.000000 24.000000 1.000000 10000.000000 10000.000000 10000.000000 0.000000
53.000000 25.000000 1.000000 10000.000000 10000.000000 10000.000000 0.000000
53.000000 26.000000 1.000000 10000.000000 10000.000000 10000.000000 0.000000
53.000000 27.000000 1.000000 10000.000000 10000.000000 10000.000000 0.000000
53.000000 28.000000 1.000000 10000.000000 10000.000000 10000.000000 0.000000
53.000000 29.000000 1.000000 10000.000000 10000.000000 10000.000000 0.000000
53.000000 30.000000 1.000000 10000.000000 10000.000000 10000.000000 0.000000
53.000000 31.000000 1.000000 10000.000000 10000.000000 10000.000000 0.000000
53.000000 32.000000 1.000000 10000.000000 10000.000000 10000.000000 0.000000
53.000000 33.000000 1.000000 10000.000000 10000.000000 10000.000000 0.000000
53.000000 34.000000 1.000000 10000.000000 10000.000000 10000.000000 0.000000
53.000000 35.000000 1.000000 10000.000000 10000.000000 10000.000000 0.000000
53.000000 36.000000 1.000000 10000.000000 10000.000000 10000.000000 0.000000
53.000000 37.000000 1.000000 10000.000000 10000.000000 10000.000000 0.000000
53.000000 38.000000 1.000000 10000.000000 10000.000000 10000.000000 0.000000
53.000000 39.000000 1.000000 10000.000000 10000.000000 10000.000000 0.000000
53.000000 40.000000 1.000000 10000.000000 10000.000000 10000.000000 0.000000
53.000000 41.000000 1.000000 10000.000000 10000.000000 10000.000000 0.000000
53.000000 42.000000 1.000000 10000.000000 10000.000000 10000.000000 0.000000
53.000000 43.000000 1.000000 10000.000000 10000.000000 10000.000000 0.000000
53.000000 44.000000 1.000000 10000.000000 10000.000000 10000.000000 0.000000
53.000000 45.000000 1.000000 10000.000000 10000.000000 10000.000000 0.000000
53.000000 46.000000 1.000000 10000.000000 10000.000000 10000.000000 0.000000
53.000000 47.000000 1.000000 10000.000000 10000.000000 10000.000000 0.000000
53.000000 48.000000 1.000000 10000.000000 10000.000000 10000.000000 0.000000
53.000000 49.000000 1.000000 10000.000000 10000.000000 10000.000000 0.000000
54.000000 0.000000 1.000000 10000.000000 10000.000000 10000.000000 0.000000
54.000000 1.000000 1.000000 10000.000000 10000.000000 10000.000000 0.000000
54.000000 2.000000 1.000000 9999.000000 10000.000000 9999.000000 0.000000
54.000000 3.000000 1.000000 9999.000000 10000.000000 9999.000000 0.000000
54.000000 4.000000 1.000000 9999.000000 10000.000000 9999.000000 0.000000
54.000000 5.000000 1.000000 9999.000000 10000.000000 9999.000000 0.000000
54.000000 6.000000 1.000000 9999.000000 10000.000000 9999.000000 0.000000
54.000000 7.000000 1.000000 10000.000000 10000.000000 10000.000000 0.000000
54.000000 8.000000 1.000000 10000.000000 10000.000000 10000.000000 0.000000
54.000000 9.000000 1.000000 10000.000000 10000.000000 10000.000000 0.000000
54.000000 10.000000 1.000000 10000.000000 10000.000000 10000.000000 0.000000
54.000000 11.000000 1.000000 10000.000000 10000.000000 10000.000000 0.000000
54.000000 12.000000 1.000000 10000.000000 10000.000000 10000.000000 0.000000
54.000000 13.000000 1.000000 10000.000000 10000.000000 10000.000000 0.000000
54.000000 14.000000 1.000000 10000.000000 10000.000000 10000.000000 0.000000
54.000000 15.000000 1.000000 10000.000000 10000.000000 10000.000000 0.000000
54.000000 16.000000 1.000000 10000.000000 10000.000000 10000.000000 0.000000
54.000000 17.000000 1.000000 10000.000000 10000.000000 10000.000000 0.000000
54.000000 18.000000 1.000000 10000.000000 10000.000000 10000.000000 0.000000
54.000000 19.000000 1.000000 10000.000000 10000.000000 10000.000000 0.000000
54.000000 20.000000 1.000000 10000.000000 10000.000000 10000.000000 0.000000
54.000000 21.000000 1.000000 10000.000000 10000.000000 10000.000000 0.000000
54.000000 22.000000 1.000000 10000.000000 10000.000000 10000.000000 0.000000
54.000000 23.000000 1.000000 10000.000000 10000.000000 10000.000000 0.000000
54.000000 24.000000 1.000000 10000.000000 10000.000000 10000.000000 0.000000
54.000000 25.000000 1.000000 10000.000000 10000.000000 10000.000000 0.000000
54.000000 26.000000 1.000000 10000.000000 10000.000000 10000.000000 0.000000
54.000000 27.000000 1.000000 10000.000000 10000.000000 10000.000000 0.000000
54.000000 28.000000 1.000000 10000.000000 10000.000000 10000.000000 0.000000
54.000000 29.000000 1.000000 10000.000000 10000.000000 10000.000000 0.000000
54.000000 30.000000 1.000000 10000.000000 10000.000000 10000.000000 0.000000
54.000000 31.000000 1.000000 10000.000000 10000.000000 10000.000000 0.000000
54.000000 32.000000 1.000000 10000.000000 10000.000000 10000.000000 0.000000
54.000000 33.000000 1.000000 10000.000000 10000.000000 10000.000000 0.000000
54.000000 34.000000 1.000000 10000.000000 10000.000000 10000.000000 0.000000
54.000000 35.000000 1.000000 10000.000000 10000.000000 10000.000000 0.000000
54.000000 36.000000 1.000000 10000.000000 10000.000000 10000.000000 0.000000
54.000000 37.000000 1.000000 10000.000000 10000.000000 10000.000000 0.000000
54.000000 38.000000 1.000000 10000.000000 10000.000000 10000.000000 0.000000
54.000000 39.000000 1.000000 10000.000000 10000.000000 10000.000000 0.000000
54.000000 40.000000 1.000000 10000.000000 10000.000000 10000.000000 0.000000
54.000000 41.000000 1.000000 10000.000000 10000.000000 10000.000000 0.000000
54.000000 42.000000 1.000000 10000.000000 10000.000000 10000.000000 0.000000
54.000000 43.000000 1.000000 10000.000000 10000.000000 10000.000000 0.000000
54.000000 44.000000 1.000000 10000.000000 10000.000000 10000.000000 0.000000
54.000000 45.000000 1.000000 10000.000000 10000.000000 10000.000000 0.000000
54.000000 46.000000 1.000000 10000.000000 10000.000000 10000.000000 0.000000
54.000000 47.000000 1.000000 10000.000000 10000.000000 10000.000000 0.000000
54.000000 48.000000 1.000000 10000.000000 10000.000000 10000.000000 0.000000
54.000000 49.000000 1.000000 10000.000000 10000.000000 10000.000000 0.000000
55.000000 0.000000 1.000000 10000.000000 10000.000000 10000.000000 0.000000
55.000000 1.000000 1.000000 10000.000000 10000.000000 10000.000000 0.000000
55.000000 2.000000 1.000000 10000.000000 10000.000000 10000.000000 0.000000
55.000000 3.000000 1.000000 9999.000000 10000.000000 9999.000000 0.000000
55.000000 4.000000 1.000000 9999.000000 10000.000000 9999.000000 0.000000
55.000000 5.000000 1.000000 9999.000000 10000.000000 9999.000000 0.000000
55.000000 6.000000 1.000000 9999.000000 10000.000000 9999.000000 0.000000
55.000000 7.000000 1.000000 9999.000000 10000.000000 9999.000000 0.000000
55.000000 8.000000 1.000000 10000.000000 10000.000000 10000.000000 0.000000
55.000000 9.000000 1.000000 10000.000000 10000.000000 10000.000000 0.000000
55.000000 10.000000 1.000000 10000.000000 10000.000000 10000.000000 0.000000
55.000000 11.000000 1.000000 10000.000000 10000.000000 10000.000000 0.000000
55.000000 12.000000 1.000000 10000.000000 10000.000000 10000.000000 0.000000
55.000000 13.000000 1.000000 10000.000000 10000.000000 10000.000000 0.000000
55.000000 14.000000 1.000000 10000.000000 10000.000000 10000.000000 0.000000
55.000000 15.000000 1.000000 10000.000000 10000.000000 10000.000000 0.000000
55.000000 16.000000 1.000000 10000.000000 10000.000000 10000.000000 0.000000
55.000000 17.000000 1.000000 10000.000000 10000.000000 10000.000000 0.000000
55.000000 18.000000 1.000000 10000.000000 10000.000000 10000.000000 0.000000
55.000000 19.000000 1.000000 10000.000000 10000.000000 10000.000000 0.000000
55.000000 20.000000 1.000000 10000.000000 10000.000000 10000.000000 0.000000
55.000000 21.000000 1.000000 10000.000000 10000.000000 10000.000000 0.000000
55.000000 22.000000 1.000000 10000.000000 10000.000000 10000.000000 0.000000
55.000000 23.000000 1.000000 10000.000000 10000.000000 10000.000000 0.000000
55.000000 24.000000 1.000000 10000.000000 10000.000000 10000.000000 0.000000
55.000000 25.000000 1.000000 10000.000000 10000.000000 10000.000000 0.000000
55.000000 26.000000 1.000000 10000.000000 10000.000000 10000.000000 0.000000
55.000000 27.000000 1.000000 10000.000000 10000.000000 10000.000000 0.000000
55.000000 28.000000 1.000000 10000.000000 10000.000000 10000.000000 0.000000
55.000000 29.000000 1.000000 10000.000000 10000.000000 10000.000000 0.000000
55.000000 30.000000 1.000000 10000.000000 10000.000000 10000.000000 0.000000
55.000000 31.000000 1.000000 10000.000000 10000.000000 10000.000000 0.000000
55.000000 32.000000 1.000000 10000.000000 10000.000000 10000.000000 0.000000
55.000000 33.000000 1.000000 10000.000000 10000.000000 10000.000000 0.000000
55.000000 34.000000 1.000000 10000.000000 10000.000000 10000.000000 0.000000
55.000000 35.000000 1.000000 10000.000000 10000.000000 10000.000000 0.000000
55.000000 36.000000 1.000000 10000.000000 10000.000000 10000.000000 0.000000
55.000000 37.000000 1.000000 10000.000000 10000.000000 10000.000000 0.000000
55.000000 38.000000 1.000000 10000.000000 10000.000000 10000.000000 0.000000
55.000000 39.000000 1.000000 10000.000000 10000.000000 10000.000000 0.000000
55.000000 40.000000 1.000000 10000.000000 10000.000000 10000.000000 0.000000
55.000000 41.000000 1.000000 10000.000000 10000.000000 10000.000000 0.000000
55.000000 42.000000 1.000000 10000.000000 10000.000000 10000.000000 0.000000
55.000000 43.000000 1.000000 10000.000000 10000.000000 10000.000000 0.000000
55.000000 44.000000 1.000000 10000.000000 10000.000000 10000.000000 0.000000
55.000000 45.000000 1.000000 10000.000000 10000.000000 10000.000000 0.000000
55.000000 46.000000 1.000000 10000.000000 10000.000000 10000.000000 0.000000
55.000000 47.000000 1.000000 10000.000000 10000.000000 10000.000000 0.000000
55.000000 48.000000 1.000000 10000.000000 10000.000000 10000.000000 0.000000
55.000000 49.000000 1.000000 10000.000000 10000.000000 10000.000000 0.000000
56.000000 0.000000 1.000000 10000.000000 10000.000000 10000.000000 0.000000
56.000000 1.000000 1.000000 10000.000000 10000.000000 10000.000000 0.000000
56.000000 2.000000 1.000000 10000.000000 10000.000000 10000.000000 0.000000
56.000000 3.000000 1.000000 10000.000000 10000.000000 10000.000000 0.000000
56.000000 4.000000 1.000000 10000.000000 10000.000000 10000.000000 0.000000
56.000000 5.000000 1.000000 10000.000000 10000.000000 10000.000000 0.000000
56.000000 6.000000 1.000000 10000.000000 10000.000000 10000.000000 0.000000
56.000000 7.000000 1.000000 10000.000000 10000.000000 10000.000000 0.000000
56.000000 8.000000 1.000000 10000.000000 10000.000000 10000.000000 0.000000
56.000000 9.000000 1.000000 10000.000000 10000.000000 10000.000000 0.000000
56.000000 10.000000 1.000000 10000.000000 10000.000000 10000.000000 0.000000
56.000000 11.000000 1.000000 10000.000000 10000.000000 10000.000000 0.000000
56.000000 12.000000 1.000000 10000.000000 10000.000000 10000.000000 0.000000
56.000000 13.000000 1.000000 10000.000000 10000.000000 10000.000000 0.000000
56.000000 14.000000 1.000000 10000.000000 10000.000000 10000.000000 0.000000
56.000000 15.000000 1.000000 10000.000000 10000.000000 10000.000000 0.000000
56.000000 16.000000 1.000000 10000.000000 10000.000000 10000.000000 0.000000
56.000000 17.000000 1.000000 10000.000000 10000.000000 10000.000000 0.000000
56.000000 18.000000 1.000000 10000.000000 10000.000000 10000.000000 0.000000
56.000000 19.000000 1.000000 10000.000000 10000.000000 10000.000000 0.000000
56.000000 20.000000 1.000000 10000.000000 10000.000000 10000.000000 0.000000
56.000000 21.000000 1.000000 10000.000000 10000.000000 10000.000000 0.000000
56.000000 22.000000 1.000000 10000.000000 10000.000000 10000.000000 0.000000
56.000000 23.000000 1.000000 10000.000000 10000.000000 10000.000000 0.000000
56.000000 24.000000 1.000000 10000.000000 10000.000000 10000.000000 0.000000
56.000000 25.000000 1.000000 10000.000000 10000.000000 10000.000000 0.000000
56.000000 26.000000 1.000000 10000.000000 10000.000000 10000.000000 0.000000
56.000000 27.000000 1.000000 10000.000000 10000.000000 10000.000000 0.000000
56.000000 28.000000 1.000000 10000.000000 10000.000000 10000.000000 0.000000
56.000000 29.000000 1.000000 10000.000000 10000.000000 10000.000000 0.000000
56.000000 30.000000 1.000000 10000.000000 10000.000000 10000.000000 0.000000
56.000000 31.000000 1.000000 10000.000000 10000.000000 10000.000000 0.000000
56.000000 32.000000 1.000000 10000.000000 10000.000000 10000.000000 0.000000
56.000000 33.000000 1.000000 10000.000000 10000.000000 10000.000000 0.000000
56.000000 34.000000 1.000000 10000.000000 10000.000000 10000.000000 0.000000
56.000000 35.000000 1.000000 10000.000000 10000.000000 10000.000000 0.000000
56.000000 36.000000 1.000000 10000.000000 10000.000000 10000.000000 0.000000
56.000000 37.000000 1.000000 10000.000000 10000.000000 10000.000000 0.000000
56.000000 38.000000 1.000000 10000.000000 10000.000000 10000.000000 0.000000
56.000000 39.000000 1.000000 10000.000000 10000.000000 10000.000000 0.000000
56.000000 40.000000 1.000000 10000.000000 10000.000000 10000.000000 0.000000
56.000000 41.000000 1.000000 10000.000000 10000.000000 10000.000000 0.000000
56.000000 42.000000 1.000000 10000.000000 10000.000000 10000.000000 0.000000
56.000000 43.000000 1.000000 10000.000000 10000.000000 10000.000000 0.000000
56.000000 44.000000 1.000000 10000.000000 10000.000000 10000.000000 0.000000
56.000000 45.000000 1.000000 10000.000000 10000.000000 10000.000000 0.000000
56.000000 46.000000 1.000000 10000.000000 10000.000000 10000.000000 0.000000
56.000000 47.000000 1.000000 10000.000000 10000.000000 10000.000000 0.000000
56.000000 48.000000 1.000000 10000.000000 10000.000000 10000.000000 0.000000
56.000000 49.000000 1.000000 10000.000000 10000.000000 10000.000000 0.000000
57.000000 0.000000 1.000000 10000.000000 10000.000000 10000.000000 0.000000
57.000000 1.000000 1.000000 10000.000000 10000.000000 10000.000000 0.000000
57.000000 2.000000 1.000000 10000.000000 10000.000000 10000.000000 0.000000
57.000000 3.000000 1.000000 10000.000000 10000.000000 10000.000000 0.000000
57.000000 4.000000 1.000000 10000.000000 10000.000000 10000.000000 0.000000
57.000000 5.000000 1.000000 9997.000000 10000.000000 9997.000000 0.000000
57.000000 6.000000 1.000000 9992.000000 10000.000000 9992.000000 0.000000
57.000000 7.000000 1.000000 9988.000000 10000.000000 9988.000000 0.000000
57.000000 8.000000 1.000000 9984.000000 10000.000000 9984.000000 0.000000
57.000000 9.000000 1.000000 9967.000000 10000.000000 9967.000000 0.000000
57.000000 10.000000 1.000000 9945.000000 10000.000000 9945.000000 0.000000
57.000000 11.000000 1.000000 9933.000000 10000.000000 9934.000000 1.000000
57.000000 12.000000 1.000000 9905.000000 9999.000000 9907.000000 1.000000
57.000000 13.000000 249.000000 9676.000000 9998.000000 9852.000000 174.000000
57.000000 14.000000 1758.000000 8177.000000 9831.000000 9802.000000 1464.000000
57.000000 15.000000 1800.000000 6661.000000 8373.000000 9748.000000 1532.000000
57.000000 16.000000 4271.000000 4858.000000 9491.000000 9638.000000 4271.000000
57.000000 17.000000 2926.000000 3842.000000 7158.000000 9570.000000 2888.000000
57.000000 18.000000 3462.000000 4190.000000 8077.000000 9574.000000 3462.000000
57.000000 19.000000 4049.000000 4320.000000 8851.000000 9518.000000 4049.000000
57.000000 20.000000 4678.000000 4849.000000 10000.000000 9527.000000 4678.000000
57.000000 21.000000 1758.000000 3332.000000 5339.000000 9587.000000 1618.000000
57.000000 22.000000 939.000000 2589.000000 3723.000000 9641.000000 836.000000
57.000000 23.000000 421.000000 2316.000000 2887.000000 9688.000000 339.000000
57.000000 24.000000 51.000000 2391.000000 2548.000000 9783.000000 35.000000
57.000000 25.000000 1.000000 5530.000000 5626.000000 9843.000000 1.000000
57.000000 26.000000 1.000000 5572.000000 5625.000000 9874.000000 1.000000
57.000000 27.000000 1.000000 8687.000000 8788.000000 9880.000000 1.000000
57.000000 28.000000 1.000000 9712.000000 9849.000000 9862.000000 1.000000
57.000000 29.000000 35.000000 9825.000000 9985.000000 9864.000000 24.000000
57.000000 30.000000 587.000000 9388.000000 9974.000000 9840.000000 427.000000
57.000000 31.000000 1224.000000 8408.000000 9552.000000 9809.000000 959.000000
57.000000 32.000000 985.000000 7666.000000 8596.000000 9800.000000 762.000000
57.000000 33.000000 755.000000 7137.000000 7851.000000 9799.000000 577.000000
57.000000 34.000000 623.000000 6969.000000 7568.000000 9798.000000 467.000000
57.000000 35.000000 244.000000 7258.000000 7560.000000 9805.000000 173.000000
57.000000 36.000000 1.000000 7305.000000 7387.000000 9843.000000 1.000000
57.000000 37.000000 6574.000000 3301.000000 10000.000000 9875.000000 6574.000000
57.000000 38.000000 1.000000 1684.000000 1748.000000 9879.000000 0.000000
57.000000 39.000000 1.000000 2561.000000 2616.000000 9897.000000 1.000000
57.000000 40.000000 1.000000 3051.000000 3103.000000 9903.000000 1.000000
57.000000 41.000000 1.000000 3313.000000 3372.000000 9899.000000 1.000000
57.000000 42.000000 1.000000 3374.000000 3429.000000 9890.000000 1.000000
57.000000 43.000000 1.000000 9898.000000 9996.000000 9903.000000 1.000000
57.000000 44.000000 1.000000 9887.000000 9995.000000 9893.000000 1.000000
57.000000 45.000000 1.000000 9874.000000 9996.000000 9879.000000 1.000000
57.000000 46.000000 1.000000 9871.000000 9996.000000 9876.000000 1.000000
57.000000 47.000000 7225.000000 2651.000000 10000.000000 9876.000000 7225.000000
57.000000 48.000000 1.000000 2669.000000 2787.000000 9836.000000 0.000000
57.000000 49.000000 11.000000 2679.000000 2787.000000 9832.000000 8.000000
58.000000 0.000000 1.000000 10000.000000 10000.000000 10000.000000 0.000000
58.000000 1.000000 1.000000 10000.000000 10000.000000 10000.000000 0.000000
58.000000 2.000000 1.000000 10000.000000 10000.000000 10000.000000 0.000000
58.000000 3.000000 1.000000 9999.000000 10000.000000 9999.000000 0.000000
58.000000 4.000000 1.000000 9999.000000 10000.000000 9999.000000 0.000000
58.000000 5.000000 1.000000 9999.000000 10000.000000 9999.000000 0.000000
58.000000 6.000000 1.000000 9999.000000 10000.000000 9999.000000 0.000000
58.000000 7.000000 1.000000 9999.000000 10000.000000 9999.000000 0.000000
58.000000 8.000000 1.000000 10000.000000 10000.000000 10000.000000 0.000000
58.000000 9.000000 1.000000 10000.000000 10000.000000 10000.000000 0.000000
58.000000 10.000000 1.000000 10000.000000 10000.000000 10000.000000 0.000000
58.000000 11.000000 1.000000 10000.000000 10000.000000 10000.000000 0.000000
58.000000 12.000000 1.000000 10000.000000 10000.000000 10000.000000 0.000000
58.000000 13.000000 1.000000 10000.000000 10000.000000 10000.000000 0.000000
58.000000 14.000000 1.000000 10000.000000 10000.000000 10000.000000 0.000000
58.000000 15.000000 1.000000 10000.000000 10000.000000 10000.000000 0.000000
58.000000 16.000000 1.000000 10000.000000 10000.000000 10000.000000 0.000000
58.000000 17.000000 1.000000 10000.000000 10000.000000 10000.000000 0.000000
58.000000 18.000000 1.000000 10000.000000 10000.000000 10000.000000 0.000000
58.000000 19.000000 1.000000 10000.000000 10000.000000 10000.000000 0.000000
58.000000 20.000000 1.000000 10000.000000 10000.000000 10000.000000 0.000000
58.000000 21.000000 1.000000 10000.000000 10000.000000 10000.000000 0.000000
58.000000 22.000000 1.000000 10000.000000 10000.000000 10000.000000 0.000000
58.000000 23.000000 1.000000 10000.000000 10000.000000 10000.000000 0.000000
58.000000 24.000000 1.000000 10000.000000 10000.000000 10000.000000 0.000000
58.000000 25.000000 1.000000 10000.000000 10000.000000 10000.000000 0.000000
58.000000 26.000000 1.000000 10000.000000 10000.000000 10000.000000 0.000000
58.000000 27.000000 1.000000 10000.000000 10000.000000 10000.000000 0.000000
58.000000 28.000000 1.000000 10000.000000 10000.000000 10000.000000 0.000000
58.000000 29.000000 1.000000 10000.000000 10000.000000 10000.000000 0.000000
58.000000 30.000000 1.000000 10000.000000 10000.000000 10000.000000 0.000000
58.000000 31.000000 1.000000 10000.000000 10000.000000 10000.000000 0.000000
58.000000 32.000000 1.000000 10000.000000 10000.000000 10000.000000 0.000000
58.000000 33.000000 1.000000 10000.000000 10000.000000 10000.000000 0.000000
58.000000 34.000000 1.000000 10000.000000 10000.000000 10000.000000 0.000000
58.000000 35.000000 1.000000 10000.000000 10000.000000 10000.000000 0.000000
58.000000 36.000000 1.000000 10000.000000 10000.000000 10000.000000 0.000000
58.000000 37.000000 1.000000 10000.000000 10000.000000 10000.000000 0.000000
58.000000 38.000000 1.000000 10000.000000 10000.000000 10000.000000 0.000000
58.000000 39.000000 1.000000 10000.000000 10000.000000 10000.000000 0.000000
58.000000 40.000000 1.000000 10000.000000 10000.000000 10000.000000 0.000000
58.000000 41.000000 1.000000 10000.000000 10000.000000 10000.000000 0.000000
58.000000 42.000000 1.000000 10000.000000 10000.000000 10000.000000 0.000000
58.000000 43.000000 1.000000 10000.000000 10000.000000 10000.000000 0.000000
58.000000 44.000000 1.000000 10000.000000 10000.000000 10000.000000 0.000000
58.000000 45.000000 1.000000 10000.000000 10000.000000 10000.000000 0.000000
58.000000 46.000000 1.000000 10000.000000 10000.000000 10000.000000 0.000000
58.000000 47.000000 1.000000 10000.000000 10000.000000 10000.000000 0.000000
58.000000 48.000000 1.000000 10000.000000 10000.000000 10000.000000 0.000000
58.000000 49.000000 1.000000 10000.000000 10000.000000 10000.000000 0.000000
59.000000 0.000000 1.000000 10000.000000 10000.000000 10000.000000 0.000000
59.000000 1.000000 1.000000 10000.000000 10000.000000 10000.000000 0.000000
59.000000 2.000000 1.000000 10000.000000 10000.000000 10000.000000 0.000000
59.000000 3.000000 1.000000 9999.000000 10000.000000 9999.000000 0.000000
59.000000 4.000000 1.000000 9999.000000 10000.000000 9999.000000 0.000000
59.000000 5.000000 1.000000 9999.000000 10000.000000 9999.000000 0.000000
59.000000 6.000000 1.000000 9999.000000 10000.000000 9999.000000 0.000000
59.000000 7.000000 1.000000 9999.000000 10000.000000 9999.000000 0.000000
59.000000 8.000000 1.000000 9999.000000 10000.000000 9999.000000 0.000000
59.000000 9.000000 1.000000 10000.000000 10000.000000 10000.000000 0.000000
59.000000 10.000000 1.000000 9999.000000 10000.000000 9999.000000 0.000000
59.000000 11.000000 1.000000 9999.000000 10000.000000 9999.000000 0.000000
59.000000 12.000000 1.000000 9999.000000 10000.000000 9999.000000 0.000000
59.000000 13.000000 1.000000 9999.000000 10000.000000 9999.000000 0.000000
59.000000 14.000000 1.000000 9999.000000 10000.000000 9999.000000 0.000000
59.000000 15.000000 1.000000 10000.000000 10000.000000 10000.000000 0.000000
59.000000 16.000000 1.000000 10000.000000 10000.000000 10000.000000 0.000000
59.000000 17.000000 1.000000 10000.000000 10000.000000 10000.000000 0.000000
59.000000 18.000000 1.000000 10000.000000 10000.000000 10000.000000 0.000000
59.000000 19.000000 1.000000 10000.000000 10000.000000 10000.000000 0.000000
59.000000 20.000000 1.000000 10000.000000 10000.000000 10000.000000 0.000000
59.000000 21.000000 1.000000 10000.000000 10000.000000 10000.000000 0.000000
59.000000 22.000000 1.000000 10000.000000 10000.000000 10000.000000 0.000000
59.000000 23.000000 1.000000 10000.000000 10000.000000 10000.000000 0.000000
59.000000 24.000000 1.000000 10000.000000 10000.000000 10000.000000 0.000000
59.000000 25.000000 1.000000 10000.000000 10000.000000 10000.000000 0.000000
59.000000 26.000000 1.000000 10000.000000 10000.000000 10000.000000 0.000000
59.000000 27.000000 1.000000 10000.000000 10000.000000 10000.000000 0.000000
59.000000 28.000000 1.000000 10000.000000 10000.000000 10000.000000 0.000000
59.000000 29.000000 1.000000 10000.000000 10000.000000 10000.000000 0.000000
59.000000 30.000000 1.000000 10000.000000 10000.000000 10000.000000 0.000000
59.000000 31.000000 1.000000 10000.000000 10000.000000 10000.000000 0.000000
59.000000 32.000000 1.000000 10000.000000 10000.000000 10000.000000 0.000000
59.000000 33.000000 1.000000 10000.000000 10000.000000 10000.000000 0.000000
59.000000 34.000000 1.000000 10000.000000 10000.000000 10000.000000 0.000000
59.000000 35.000000 1.000000 10000.000000 10000.000000 10000.000000 0.000000
59.000000 36.000000 1.000000 10000.000000 10000.000000 10000.000000 0.000000
59.000000 37.000000 1.000000 10000.000000 10000.000000 10000.000000 0.000000
59.000000 38.000000 1.000000 10000.000000 10000.000000 10000.000000 0.000000
59.000000 39.000000 1.000000 10000.000000 10000.000000 10000.000000 0.000000
59.000000 40.000000 1.000000 10000.000000 10000.000000 10000.000000 0.000000
59.000000 41.000000 1.000000 10000.000000 10000.000000 10000.000000 0.000000
59.000000 42.000000 1.000000 10000.000000 10000.000000 10000.000000 0.000000
59.000000 43.000000 1.000000 10000.000000 10000.000000 10000.000000 0.000000
59.000000 44.000000 1.000000 10000.000000 10000.000000 10000.000000 0.000000
59.000000 45.000000 1.000000 10000.000000 10000.000000 10000.000000 0.000000
59.000000 46.000000 1.000000 10000.000000 10000.000000 10000.000000 0.000000
59.000000 47.000000 1.000000 10000.000000 10000.000000 10000.000000 0.000000
59.000000 48.000000 1.000000 10000.000000 10000.000000 10000.000000 0.000000
59.000000 49.000000 1.000000 10000.000000 10000.000000 10000.000000 0.000000
60.000000 0.000000 1.000000 10000.000000 10000.000000 10000.000000 0.000000
60.000000 1.000000 1.000000 10000.000000 10000.000000 10000.000000 0.000000
60.000000 2.000000 1.000000 10000.000000 10000.000000 10000.000000 0.000000
60.000000 3.000000 1.000000 9999.000000 10000.000000 9999.000000 0.000000
60.000000 4.000000 1.000000 9999.000000 10000.000000 9999.000000 0.000000
60.000000 5.000000 1.000000 9999.000000 10000.000000 9999.000000 0.000000
60.000000 6.000000 1.000000 9999.000000 10000.000000 9999.000000 0.000000
60.000000 7.000000 1.000000 9999.000000 10000.000000 9999.000000 0.000000
60.000000 8.000000 1.000000 10000.000000 10000.000000 10000.000000 0.000000
60.000000 9.000000 1.000000 10000.000000 10000.000000 10000.000000 0.000000
60.000000 10.000000 1.000000 10000.000000 10000.000000 10000.000000 0.000000
60.000000 11.000000 1.000000 10000.000000 10000.000000 10000.000000 0.000000
60.000000 12.000000 1.000000 10000.000000 10000.000000 10000.000000 0.000000
60.000000 13.000000 1.000000 10000.000000 10000.000000 10000.000000 0.000000
60.000000 14.000000 1.000000 10000.000000 10000.000000 10000.000000 0.000000
60.000000 15.000000 1.000000 10000.000000 10000.000000 10000.000000 0.000000
60.000000 16.000000 1.000000 10000.000000 10000.000000 10000.000000 0.000000
60.000000 17.000000 1.000000 10000.000000 10000.000000 10000.000000 0.000000
60.000000 18.000000 1.000000 10000.000000 10000.000000 10000.000000 0.000000
60.000000 19.000000 1.000000 10000.000000 10000.000000 10000.000000 0.000000
60.000000 20.000000 1.000000 10000.000000 10000.000000 10000.000000 0.000000
60.000000 21.000000 1.000000 10000.000000 10000.000000 10000.000000 0.000000
60.000000 22.000000 1.000000 10000.000000 10000.000000 10000.000000 0.000000
60.000000 23.000000 1.000000 10000.000000 10000.000000 10000.000000 0.000000
60.000000 24.000000 1.000000 10000.000000 10000.000000 10000.000000 0.000000
60.000000 25.000000 1.000000 10000.000000 10000.000000 10000.000000 0.000000
60.000000 26.000000 1.000000 10000.000000 10000.000000 10000.000000 0.000000
60.000000 27.000000 1.000000 10000.000000 10000.000000 10000.000000 0.000000
60.000000 28.000000 1.000000 10000.000000 10000.000000 10000.000000 0.000000
60.000000 29.000000 1.000000 10000.000000 10000.000000 10000.000000 0.000000
60.000000 30.000000 1.000000 10000.000000 10000.000000 10000.000000 0.000000
60.000000 31.000000 1.000000 10000.000000 10000.000000 10000.000000 0.000000
60.000000 32.000000 1.000000 10000.000000 10000.000000 10000.000000 0.000000
60.000000 33.000000 1.000000 10000.000000 10000.000000 10000.000000 0.000000
60.000000 34.000000 1.000000 10000.000000 10000.000000 10000.000000 0.000000
60.000000 35.000000 1.000000 10000.000000 10000.000000 10000.000000 0.000000
60.000000 36.000000 1.000000 10000.000000 10000.000000 10000.000000 0.000000
60.000000 37.000000 1.000000 10000.000000 10000.000000 10000.000000 0.000000
60.000000 38.000000 1.000000 10000.000000 10000.000000 10000.000000 0.000000
60.000000 39.000000 1.000000 10000.000000 10000.000000 10000.000000 0.000000
60.000000 40.000000 1.000000 10000.000000 10000.000000 10000.000000 0.000000
60.000000 41.000000 1.000000 10000.000000 10000.000000 10000.000000 0.000000
60.000000 42.000000 1.000000 10000.000000 10000.000000 10000.000000 0.000000
60.000000 43.000000 1.000000 10000.000000 10000.000000 10000.000000 0.000000
60.000000 44.000000 1.000000 10000.000000 10000.000000 10000.000000 0.000000
60.000000 45.000000 1.000000 10000.000000 10000.000000 10000.000000 0.000000
60.000000 46.000000 1.000000 10000.000000 10000.000000 10000.000000 0.000000
60.000000 47.000000 1.000000 10000.000000 10000.000000 10000.000000 0.000000
60.000000 48.000000 1.000000 10000.000000 10000.000000 10000.000000 0.000000
60.000000 49.000000 1.000000 10000.000000 10000.000000 10000.000000 0.000000
61.000000 0.000000 1.000000 10000.000000 10000.000000 10000.000000 0.000000
61.000000 1.000000 1.000000 10000.000000 10000.000000 10000.000000 0.000000
61.000000 2.000000 1.000000 10000.000000 10000.000000 10000.000000 0.000000
61.000000 3.000000 1.000000 9999.000000 10000.000000 9999.000000 0.000000
61.000000 4.000000 1.000000 9999.000000 10000.000000 9999.000000 0.000000
61.000000 5.000000 1.000000 9998.000000 10000.000000 9998.000000 0.000000
61.000000 6.000000 1.000000 9998.000000 10000.000000 9998.000000 0.000000
61.000000 7.000000 1.000000 9998.000000 10000.000000 9998.000000 0.000000
61.000000 8.000000 1.000000 9999.000000 10000.000000 9999.000000 0.000000
61.000000 9.000000 1.000000 9999.000000 10000.000000 9999.000000 0.000000
61.000000 10.000000 1.000000 9999.000000 10000.000000 9999.000000 0.000000
61.000000 11.000000 1.000000 10000.000000 10000.000000 10000.000000 0.000000
61.000000 12.000000 1.000000 10000.000000 10000.000000 10000.000000 0.000000
61.000000 13.000000 1.000000 10000.000000 10000.000000 10000.000000 0.000000
61.000000 14.000000 1.000000 10000.000000 10000.000000 10000.000000 0.000000
61.000000 15.000000 1.000000 10000.000000 10000.000000 10000.000000 0.000000
61.000000 16.000000 1.000000 10000.000000 10000.000000 10000.000000 0.000000
61.000000 17.000000 1.000000 10000.000000 10000.000000 10000.000000 0.000000
61.000000 18.000000 1.000000 10000.000000 10000.000000 10000.000000 0.000000
61.000000 19.000000 1.000000 10000.000000 10000.000000 10000.000000 0.000000
61.000000 20.000000 1.000000 10000.000000 10000.000000 10000.000000 0.000000
61.000000 21.000000 1.000000 10000.000000 10000.000000 10000.000000 0.000000
61.000000 22.000000 1.000000 10000.000000 10000.000000 10000.000000 0.000000
61.000000 23.000000 1.000000 10000.000000 10000.000000 10000.000000 0.000000
61.000000 24.000000 1.000000 10000.000000 10000.000000 10000.000000 0.000000
61.000000 25.000000 1.000000 10000.000000 10000.000000 10000.000000 0.000000
61.000000 26.000000 1.000000 10000.000000 10000.000000 10000.000000 0.000000
61.000000 27.000000 1.000000 10000.000000 10000.000000 10000.000000 0.000000
61.000000 28.000000 1.000000 10000.000000 10000.000000 10000.000000 0.000000
61.000000 29.000000 1.000000 10000.000000 10000.000000 10000.000000 0.000000
61.000000 30.000000 1.000000 10000.000000 10000.000000 10000.000000 0.000000
61.000000 31.000000 1.000000 10000.000000 10000.000000 10000.000000 0.000000
61.000000 32.000000 1.000000 10000.000000 10000.000000 10000.000000 0.000000
61.000000 33.000000 1.000000 10000.000000 10000.000000 10000.000000 0.000000
61.000000 34.000000 1.000000 10000.000000 10000.000000 10000.000000 0.000000
61.000000 35.000000 1.000000 10000.000000 10000.000000 10000.000000 0.000000
61.000000 36.000000 1.000000 10000.000000 10000.000000 10000.000000 0.000000
61.000000 37.000000 1.000000 10000.000000 10000.000000 10000.000000 0.000000
61.000000 38.000000 1.000000 10000.000000 10000.000000 10000.000000 0.000000
61.000000 39.000000 1.000000 10000.000000 10000.000000 10000.000000 0.000000
61.000000 40.000000 1.000000 10000.000000 10000.000000 10000.000000 0.000000
61.000000 41.000000 1.000000 10000.000000 10000.000000 10000.000000 0.000000
61.000000 42.000000 1.000000 10000.000000 10000.000000 10000.000000 0.000000
61.000000 43.000000 1.000000 10000.000000 10000.000000 10000.000000 0.000000
61.000000 44.000000 1.000000 10000.000000 10000.000000 10000.000000 0.000000
61.000000 45.000000 1.000000 10000.000000 10000.000000 10000.000000 0.000000
61.000000 46.000000 1.000000 10000.000000 10000.000000 10000.000000 0.000000
61.000000 47.000000 1.000000 10000.000000 10000.000000 10000.000000 0.000000
61.000000 48.000000 1.000000 10000.000000 10000.000000 10000.000000 0.000000
61.000000 49.000000 1.000000 10000.000000 10000.000000 10000.000000 0.000000
62.000000 0.000000 1.000000 10000.000000 10000.000000 10000.000000 0.000000
62.000000 1.000000 1.000000 10000.000000 10000.000000 10000.000000 0.000000
62.000000 2.000000 1.000000 9999.000000 10000.000000 9999.000000 0.000000
62.000000 3.000000 1.000000 9999.000000 10000.000000 9999.000000 0.000000
62.000000 4.000000 1.000000 9999.000000 10000.000000 9999.000000 0.000000
62.000000 5.000000 1.000000 9999.000000 10000.000000 9999.000000 0.000000
62.000000 6.000000 1.000000 9999.000000 10000.000000 9999.000000 0.000000
62.000000 7.000000 1.000000 10000.000000 10000.000000 10000.000000 0.000000
62.000000 8.000000 1.000000 10000.000000 10000.000000 10000.000000 0.000000
62.000000 9.000000 1.000000 10000.000000 10000.000000 10000.000000 0.000000
62.000000 10.000000 1.000000 10000.000000 10000.000000 10000.000000 0.000000
62.000000 11.000000 1.000000 10000.000000 10000.000000 10000.000000 0.000000
62.000000 12.000000 1.000000 10000.000000 10000.000000 10000.000000 0.000000
62.000000 13.000000 1.000000 10000.000000 10000.000000 10000.000000 0.000000
62.000000 14.000000 1.000000 10000.000000 10000.000000 10000.000000 0.000000
62.000000 15.000000 1.000000 10000.000000 10000.000000 10000.000000 0.000000
62.000000 16.000000 1.000000 10000.000000 10000.000000 10000.000000 0.000000
62.000000 17.000000 1.000000 10000.000000 10000.000000 10000.000000 0.000000
62.000000 18.000000 1.000000 10000.000000 10000.000000 10000.000000 0.000000
62.000000 19.000000 1.000000 10000.000000 10000.000000 10000.000000 0.000000
62.000000 20.000000 1.000000 10000.000000 10000.000000 10000.000000 0.000000
62.000000 21.000000 1.000000 10000.000000 10000.000000 10000.000000 0.000000
62.000000 22.000000 1.000000 10000.000000 10000.000000 10000.000000 0.000000
62.000000 23.000000 1.000000 10000.000000 10000.000000 10000.000000 0.000000
62.000000 24.000000 1.000000 10000.000000 10000.000000 10000.000000 0.000000
62.000000 25.000000 1.000000 10000.000000 10000.000000 10000.000000 0.000000
62.000000 26.000000 1.000000 10000.000000 10000.000000 10000.000000 0.000000
62.000000 27.000000 1.000000 10000.000000 10000.000000 10000.000000 0.000000
62.000000 28.000000 1.000000 10000.000000 10000.000000 10000.000000 0.000000
62.000000 29.000000 1.000000 10000.000000 10000.000000 10000.000000 0.000000
62.000000 30.000000 1.000000 10000.000000 10000.000000 10000.000000 0.000000
62.000000 31.000000 1.000000 10000.000000 10000.000000 10000.000000 0.000000
62.000000 32.000000 1.000000 10000.000000 10000.000000 10000.000000 0.000000
62.000000 33.000000 1.000000 10000.000000 10000.000000 10000.000000 0.000000
62.000000 34.000000 1.000000 10000.000000 10000.000000 10000.000000 0.000000
62.000000 35.000000 1.000000 10000.000000 10000.000000 10000.000000 0.000000
62.000000 36.000000 1.000000 10000.000000 10000.000000 10000.000000 0.000000
62.000000 37.000000 1.000000 10000.000000 10000.000000 10000.000000 0.000000
62.000000 38.000000 1.000000 10000.000000 10000.000000 10000.000000 0.000000
62.000000 39.000000 1.000000 10000.000000 10000.000000 10000.000000 0.000000
62.000000 40.000000 1.000000 10000.000000 10000.000000 10000.000000 0.000000
62.000000 41.000000 1.000000 10000.000000 10000.000000 10000.000000 0.000000
62.000000 42.000000 1.000000 10000.000000 10000.000000 10000.000000 0.000000
62.000000 43.000000 1.000000 10000.000000 10000.000000 10000.000000 0.000000
62.000000 44.000000 1.000000 10000.000000 10000.000000 10000.000000 0.000000
62.000000 45.000000 1.000000 10000.000000 10000.000000 10000.000000 0.000000
62.000000 46.000000 1.000000 10000.000000 10000.000000 10000.000000 0.000000
62.000000 47.000000 1.000000 10000.000000 10000.000000 10000.000000 0.000000
62.000000 48.000000 1.000000 10000.000000 10000.000000 10000.000000 0.000000
62.000000 49.000000 1.000000 10000.000000 10000.000000 10000.000000 0.000000
63.000000 0.000000 1.000000 10000.000000 10000.000000 10000.000000 0.000000
63.000000 1.000000 1.000000 10000.000000 10000.000000 10000.000000 0.000000
63.000000 2.000000 1.000000 10000.000000 10000.000000 10000.000000 0.000000
63.000000 3.000000 1.000000 9999.000000 10000.000000 9999.000000 0.000000
63.000000 4.000000 1.000000 9999.000000 10000.000000 9999.000000 0.000000
63.000000 5.000000 1.000000 9999.000000 10000.000000 9999.000000 0.000000
63.000000 6.000000 1.000000 9999.000000 10000.000000 9999.000000 0.000000
63.000000 7.000000 1.000000 9999.000000 10000.000000 9999.000000 0.000000
63.000000 8.000000 1.000000 10000.000000 10000.000000 10000.000000 0.000000
63.000000 9.000000 1.000000 10000.000000 10000.000000 10000.000000 0.000000
63.000000 10.000000 1.000000 10000.000000 10000.000000 10000.000000 0.000000
63.000000 11.000000 1.000000 10000.000000 10000.000000 10000.000000 0.000000
63.000000 12.000000 1.000000 10000.000000 10000.000000 10000.000000 0.000000
63.000000 13.000000 1.000000 10000.000000 10000.000000 10000.000000 0.000000
63.000000 14.000000 1.000000 10000.000000 10000.000000 10000.000000 0.000000
63.000000 15.000000 1.000000 10000.000000 10000.000000 10000.000000 0.000000
63.000000 16.000000 1.000000 10000.000000 10000.000000 10000.000000 0.000000
63.000000 17.000000 1.000000 10000.000000 10000.000000 10000.000000 0.000000
63.000000 18.000000 1.000000 10000.000000 10000.000000 10000.000000 0.000000
63.000000 19.000000 1.000000 10000.000000 10000.000000 10000.000000 0.000000
63.000000 20.000000 1.000000 10000.000000 10000.000000 10000.000000 0.000000
63.000000 21.000000 1.000000 10000.000000 10000.000000 10000.000000 0.000000
63.000000 22.000000 1.000000 10000.000000 10000.000000 10000.000000 0.000000
63.000000 23.000000 1.000000 10000.000000 10000.000000 10000.000000 0.000000
63.000000 24.000000 1.000000 10000.000000 10000.000000 10000.000000 0.000000
63.000000 25.000000 1.000000 10000.000000 10000.000000 10000.000000 0.000000
63.000000 26.000000 1.000000 10000.000000 10000.000000 10000.000000 0.000000
63.000000 27.000000 1.000000 10000.000000 10000.000000 10000.000000 0.000000
63.000000 28.000000 1.000000 10000.000000 10000.000000 10000.000000 0.000000
63.000000 29.000000 1.000000 10000.000000 10000.000000 10000.000000 0.000000
63.000000 30.000000 1.000000 10000.000000 10000.000000 10000.000000 0.000000
63.000000 31.000000 1.000000 10000.000000 10000.000000 10000.000000 0.000000
63.000000 32.000000 1.000000 10000.000000 10000.000000 10000.000000 0.000000
63.000000 33.000000 1.000000 10000.000000 10000.000000 10000.000000 0.000000
63.000000 34.000000 1.000000 10000.000000 10000.000000 10000.000000 0.000000
63.000000 35.000000 1.000000 10000.000000 10000.000000 10000.000000 0.000000
63.000000 36.000000 1.000000 10000.000000 10000.000000 10000.000000 0.000000
63.000000 37.000000 1.000000 10000.000000 10000.000000 10000.000000 0.000000
63.000000 38.000000 1.000000 10000.000000 10000.000000 10000.000000 0.000000
63.000000 39.000000 1.000000 10000.000000 10000.000000 10000.000000 0.000000
63.000000 40.000000 1.000000 10000.000000 10000.000000 10000.000000 0.000000
63.000000 41.000000 1.000000 10000.000000 10000.000000 10000.000000 0.000000
63.000000 42.000000 1.000000 10000.000000 10000.000000 10000.000000 0.000000
63.000000 43.000000 1.000000 10000.000000 10000.000000 10000.000000 0.000000
63.000000 44.000000 1.000000 10000.000000 10000.000000 10000.000000 0.000000
63.000000 45.000000 1.000000 10000.000000 10000.000000 10000.000000 0.000000
63.000000 46.000000 1.000000 10000.000000 10000.000000 10000.000000 0.000000
63.000000 47.000000 1.000000 10000.000000 10000.000000 10000.000000 0.000000
63.000000 48.000000 1.000000 10000.000000 10000.000000 10000.000000 0.000000
63.000000 49.000000 1.000000 10000.000000 10000.000000 10000.000000 0.000000
64.000000 0.000000 1.000000 10000.000000 10000.000000 10000.000000 0.000000
64.000000 1.000000 1.000000 10000.000000 10000.000000 10000.000000 0.000000
64.000000 2.000000 1.000000 10000.000000 10000.000000 10000.000000 0.000000
64.000000 3.000000 1.000000 10000.000000 10000.000000 10000.000000 0.000000
64.000000 4.000000 1.000000 10000.000000 10000.000000 10000.000000 0.000000
64.000000 5.000000 1.000000 10000.000000 10000.000000 10000.000000 0.000000
64.000000 6.000000 1.000000 10000.000000 10000.000000 10000.000000 0.000000
64.000000 7.000000 1.000000 10000.000000 10000.000000 10000.000000 0.000000
64.000000 8.000000 1.000000 10000.000000 10000.000000 10000.000000 0.000000
64.000000 9.000000 1.000000 10000.000000 10000.000000 10000.000000 0.000000
64.000000 10.000000 1.000000 10000.000000 10000.000000 10000.000000 0.000000
64.000000 11.000000 1.000000 10000.000000 10000.000000 10000.000000 0.000000
64.000000 12.000000 1.000000 10000.000000 10000.000000 10000.000000 0.000000
64.000000 13.000000 1.000000 10000.000000 10000.000000 10000.000000 0.000000
64.000000 14.000000 1.000000 10000.000000 10000.000000 10000.000000 0.000000
64.000000 15.000000 1.000000 10000.000000 10000.000000 10000.000000 0.000000
64.000000 16.000000 1.000000 10000.000000 10000.000000 10000.000000 0.000000
64.000000 17.000000 1.000000 10000.000000 10000.000000 10000.000000 0.000000
64.000000 18.000000 1.000000 10000.000000 10000.000000 10000.000000 0.000000
64.000000 19.000000 1.000000 10000.000000 10000.000000 10000.000000 0.000000
64.000000 20.000000 1.000000 10000.000000 10000.000000 10000.000000 0.000000
64.000000 21.000000 1.000000 10000.000000 10000.000000 10000.000000 0.000000
64.000000 22.000000 1.000000 10000.000000 10000.000000 10000.000000 0.000000
64.000000 23.000000 1.000000 10000.000000 10000.000000 10000.000000 0.000000
64.000000 24.000000 1.000000 10000.000000 10000.000000 10000.000000 0.000000
64.000000 25.000000 1.000000 10000.000000 10000.000000 10000.000000 0.000000
64.000000 26.000000 1.000000 10000.000000 10000.000000 10000.000000 0.000000
64.000000 27.000000 1.000000 10000.000000 10000.000000 10000.000000 0.000000
64.000000 28.000000 1.000000 10000.000000 10000.000000 10000.000000 0.000000
64.000000 29.000000 1.000000 10000.000000 10000.000000 10000.000000 0.000000
64.000000 30.000000 1.000000 10000.000000 10000.000000 10000.000000 0.000000
64.000000 31.000000 1.000000 10000.000000 10000.000000 10000.000000 0.000000
64.000000 32.000000 1.000000 10000.000000 10000.000000 10000.000000 0.000000
64.000000 33.000000 1.000000 10000.000000 10000.000000 10000.000000 0.000000
64.000000 34.000000 1.000000 10000.000000 10000.000000 10000.000000 0.000000
64.000000 35.000000 1.000000 10000.000000 10000.000000 10000.000000 0.000000
64.000000 36.000000 1.000000 10000.000000 10000.000000 10000.000000 0.000000
64.000000 37.000000 1.000000 10000.000000 10000.000000 10000.000000 0.000000
64.000000 38.000000 1.000000 10000.000000 10000.000000 10000.000000 0.000000
64.000000 39.000000 1.000000 10000.000000 10000.000000 10000.000000 0.000000
64.000000 40.000000 1.000000 10000.000000 10000.000000 10000.000000 0.000000
64.000000 41.000000 1.000000 10000.000000 10000.000000 10000.000000 0.000000
64.000000 42.000000 1.000000 10000.000000 10000.000000 10000.000000 0.000000
64.000000 43.000000 1.000000 10000.000000 10000.000000 10000.000000 0.000000
64.000000 44.000000 1.000000 10000.000000 10000.000000 10000.000000 0.000000
64.000000 45.000000 1.000000 10000.000000 10000.000000 10000.000000 0.000000
64.000000 46.000000 1.000000 10000.000000 10000.000000 10000.000000 0.000000
64.000000 47.000000 1.000000 10000.000000 10000.000000 10000.000000 0.000000
64.000000 48.000000 1.000000 10000.000000 10000.000000 10000.000000 0.000000
64.000000 49.000000 1.000000 10000.000000 10000.000000 10000.000000 0.000000
65.000000 0.000000 1.000000 10000.000000 10000.000000 10000.000000 0.000000
65.000000 1.000000 1.000000 10000.000000 10000.000000 10000.000000 0.000000
65.000000 2.000000 1.000000 10000.000000 10000.000000 10000.000000 0.000000
65.000000 3.000000 1.000000 9999.000000 10000.000000 9999.000000 0.000000
65.000000 4.000000 1.000000 9999.000000 10000.000000 9999.000000 0.000000
65.000000 5.000000 1.000000 9999.000000 10000.000000 9999.000000 0.000000
65.000000 6.000000 1.000000 9999.000000 10000.000000 9999.000000 0.000000
65.000000 7.000000 1.000000 9999.000000 10000.000000 9999.000000 0.000000
65.000000 8.000000 1.000000 9999.000000 10000.000000 9999.000000 0.000000
65.000000 9.000000 1.000000 9999.000000 10000.000000 9999.000000 0.000000
65.000000 10.000000 1.000000 10000.000000 10000.000000 10000.000000 0.000000
65.000000 11.000000 1.000000 10000.000000 10000.000000 10000.000000 0.000000
65.000000 12.000000 1.000000 10000.000000 10000.000000 10000.000000 0.000000
65.000000 13.000000 1.000000 10000.000000 10000.000000 10000.000000 0.000000
65.000000 14.000000 1.000000 10000.000000 10000.000000 10000.000000 0.000000
65.000000 15.000000 1.000000 10000.000000 10000.000000 10000.000000 0.000000
65.000000 16.000000 1.000000 10000.000000 10000.000000 10000.000000 0.000000
65.000000 17.000000 1.000000 10000.000000 10000.000000 10000.000000 0.000000
65.000000 18.000000 1.000000 10000.000000 10000.000000 10000.000000 0.000000
65.000000 19.000000 1.000000 10000.000000 10000.000000 10000.000000 0.000000
65.000000 20.000000 1.000000 10000.000000 10000.000000 10000.000000 0.000000
65.000000 21.000000 1.000000 10000.000000 10000.000000 10000.000000 0.000000
65.000000 22.000000 1.000000 10000.000000 10000.000000 10000.000000 0.000000
65.000000 23.000000 1.000000 10000.000000 10000.000000 10000.000000 0.000000
65.000000 24.000000 1.000000 10000.000000 10000.000000 10000.000000 0.000000
65.000000 25.000000 1.000000 10000.000000 10000.000000 10000.000000 0.000000
65.000000 26.000000 1.000000 10000.000000 10000.000000 10000.000000 0.000000
65.000000 27.000000 1.000000 10000.000000 10000.000000 10000.000000 0.000000
65.000000 28.000000 1.000000 10000.000000 10000.000000 10000.000000 0.000000
65.000000 29.000000 1.000000 10000.000000 10000.000000 10000.000000 0.000000
65.000000 30.000000 1.000000 10000.000000 10000.000000 10000.000000 0.000000
65.000000 31.000000 1.000000 10000.000000 10000.000000 10000.000000 0.000000
65.000000 32.000000 1.000000 10000.000000 10000.000000 10000.000000 0.000000
65.000000 33.000000 1.000000 10000.000000 10000.000000 10000.000000 0.000000
65.000000 34.000000 1.000000 10000.000000 10000.000000 10000.000000 0.000000
65.000000 35.000000 1.000000 10000.000000 10000.000000 10000.000000 0.000000
65.000000 36.000000 1.000000 10000.000000 10000.000000 10000.000000 0.000000
65.000000 37.000000 1.000000 10000.000000 10000.000000 10000.000000 0.000000
65.000000 38.000000 1.000000 10000.000000 10000.000000 10000.000000 0.000000
65.000000 39.000000 1.000000 10000.000000 10000.000000 10000.000000 0.000000
65.000000 40.000000 1.000000 10000.000000 10000.000000 10000.000000 0.000000
65.000000 41.000000 1.000000 10000.000000 10000.000000 10000.000000 0.000000
65.000000 42.000000 1.000000 10000.000000 10000.000000 10000.000000 0.000000
65.000000 43.000000 1.000000 10000.000000 10000.000000 10000.000000 0.000000
65.000000 44.000000 1.000000 10000.000000 10000.000000 10000.000000 0.000000
65.000000 45.000000 1.000000 10000.000000 10000.000000 10000.000000 0.000000
65.000000 46.000000 1.000000 10000.000000 10000.000000 10000.000000 0.000000
65.000000 47.000000 1.000000 10000.000000 10000.000000 10000.000000 0.000000
65.000000 48.000000 1.000000 10000.000000 10000.000000 10000.000000 0.000000
65.000000 49.000000 1.000000 10000.000000 10000.000000 10000.000000 0.000000
66.000000 0.000000 1.000000 10000.000000 10000.000000 10000.000000 0.000000
66.000000 1.000000 1.000000 10000.000000 10000.000000 10000.000000 0.000000
66.000000 2.000000 1.000000 10000.000000 10000.000000 10000.000000 0.000000
66.000000 3.000000 1.000000 10000.000000 10000.000000 10000.000000 0.000000
66.000000 4.000000 1.000000 10000.000000 10000.000000 10000.000000 0.000000
66.000000 5.000000 1.000000 10000.000000 10000.000000 10000.000000 0.000000
66.000000 6.000000 1.000000 10000.000000 10000.000000 10000.000000 0.000000
66.000000 7.000000 1.000000 9997.000000 10000.000000 9997.000000 0.000000
66.000000 8.000000 1.000000 9997.000000 10000.000000 9997.000000 0.000000
66.000000 9.000000 1.000000 9997.000000 10000.000000 9997.000000 0.000000
66.000000 10.000000 1.000000 9997.000000 10000.000000 9997.000000 0.000000
66.000000 11.000000 1.000000 9997.000000 10000.000000 9997.000000 0.000000
66.000000 12.000000 1.000000 9998.000000 10000.000000 9998.000000 0.000000
66.000000 13.000000 1.000000 10000.000000 10000.000000 10000.000000 0.000000
66.000000 14.000000 1.000000 10000.000000 10000.000000 10000.000000 0.000000
66.000000 15.000000 1.000000 10000.000000 10000.000000 10000.000000 0.000000
66.000000 16.000000 1.000000 10000.000000 10000.000000 10000.000000 0.000000
66.000000 17.000000 1.000000 10000.000000 10000.000000 10000.000000 0.000000
66.000000 18.000000 1.000000 10000.000000 10000.000000 10000.000000 0.000000
66.000000 19.000000 1.000000 10000.000000 10000.000000 10000.000000 0.000000
66.000000 20.000000 1.000000 10000.000000 10000.000000 10000.000000 0.000000
66.000000 21.000000 1.000000 10000.000000 10000.000000 10000.000000 0.000000
66.000000 22.000000 1.000000 10000.000000 10000.000000 10000.000000 0.000000
66.000000 23.000000 1.000000 10000.000000 10000.000000 10000.000000 0.000000
66.000000 24.000000 1.000000 10000.000000 10000.000000 10000.000000 0.000000
66.000000 25.000000 1.000000 10000.000000 10000.000000 10000.000000 0.000000
66.000000 26.000000 1.000000 10000.000000 10000.000000 10000.000000 0.000000
66.000000 27.000000 1.000000 10000.000000 10000.000000 10000.000000 0.000000
66.000000 28.000000 1.000000 10000.000000 10000.000000 10000.000000 0.000000
66.000000 29.000000 1.000000 10000.000000 10000.000000 10000.000000 0.000000
66.000000 30.000000 1.000000 10000.000000 10000.000000 10000.000000 0.000000
66.000000 31.000000 1.000000 10000.000000 10000.000000 10000.000000 0.000000
66.000000 32.000000 1.000000 10000.000000 10000.000000 10000.000000 0.000000
66.000000 33.000000 1.000000 10000.000000 10000.000000 10000.000000 0.000000
66.000000 34.000000 1.000000 10000.000000 10000.000000 10000.000000 0.000000
66.000000 35.000000 1.000000 10000.000000 10000.000000 10000.000000 0.000000
66.000000 36.000000 1.000000 10000.000000 10000.000000 10000.000000 0.000000
66.000000 37.000000 1.000000 10000.000000 10000.000000 10000.000000 0.000000
66.000000 38.000000 1.000000 10000.000000 10000.000000 10000.000000 0.000000
66.000000 39.000000 1.000000 10000.000000 10000.000000 10000.000000 0.000000
66.000000 40.000000 1.000000 10000.000000 10000.000000 10000.000000 0.000000
66.000000 41.000000 1.000000 10000.000000 10000.000000 10000.000000 0.000000
66.000000 42.000000 1.000000 10000.000000 10000.000000 10000.000000 0.000000
66.000000 43.000000 1.000000 10000.000000 10000.000000 10000.000000 0.000000
66.000000 44.000000 1.000000 10000.000000 10000.000000 10000.000000 0.000000
66.000000 45.000000 1.000000 10000.000000 10000.000000 10000.000000 0.000000
66.000000 46.000000 1.000000 10000.000000 10000.000000 10000.000000 0.000000
66.000000 47.000000 1.000000 10000.000000 10000.000000 10000.000000 0.000000
66.000000 48.000000 1.000000 10000.000000 10000.000000 10000.000000 0.000000
66.000000 49.000000 1.000000 10000.000000 10000.000000 10000.000000 0.000000
67.000000 0.000000 1.000000 10000.000000 10000.000000 10000.000000 0.000000
67.000000 1.000000 1.000000 10000.000000 10000.000000 10000.000000 0.000000
67.000000 2.000000 1.000000 9999.000000 10000.000000 9999.000000 0.000000
67.000000 3.000000 1.000000 9999.000000 10000.000000 9999.000000 0.000000
67.000000 4.000000 1.000000 9999.000000 10000.000000 9999.000000 0.000000
67.000000 5.000000 1.000000 9999.000000 10000.000000 9999.000000 0.000000
67.000000 6.000000 1.000000 9999.000000 10000.000000 9999.000000 0.000000
67.000000 7.000000 1.000000 10000.000000 10000.000000 10000.000000 0.000000
67.000000 8.000000 1.000000 10000.000000 10000.000000 10000.000000 0.000000
67.000000 9.000000 1.000000 10000.000000 10000.000000 10000.000000 0.000000
67.000000 10.000000 1.000000 10000.000000 10000.000000 10000.000000 0.000000
67.000000 11.000000 1.000000 10000.000000 10000.000000 10000.000000 0.000000
67.000000 12.000000 1.000000 10000.000000 10000.000000 10000.000000 0.000000
67.000000 13.000000 1.000000 10000.000000 10000.000000 10000.000000 0.000000
67.000000 14.000000 1.000000 10000.000000 10000.000000 10000.000000 0.000000
67.000000 15.000000 1.000000 10000.000000 10000.000000 10000.000000 0.000000
67.000000 16.000000 1.000000 10000.000000 10000.000000 10000.000000 0.000000
67.000000 17.000000 1.000000 10000.000000 10000.000000 10000.000000 0.000000
67.000000 18.000000 1.000000 10000.000000 10000.000000 10000.000000 0.000000
67.000000 19.000000 1.000000 10000.000000 10000.000000 10000.000000 0.000000
67.000000 20.000000 1.000000 10000.000000 10000.000000 10000.000000 0.000000
67.000000 21.000000 1.000000 10000.000000 10000.000000 10000.000000 0.000000
67.000000 22.000000 1.000000 10000.000000 10000.000000 10000.000000 0.000000
67.000000 23.000000 1.000000 10000.000000 10000.000000 10000.000000 0.000000
67.000000 24.000000 1.000000 10000.000000 10000.000000 10000.000000 0.000000
67.000000 25.000000 1.000000 10000.000000 10000.000000 10000.000000 0.000000
67.000000 26.000000 1.000000 10000.000000 10000.000000 10000.000000 0.000000
67.000000 27.000000 1.000000 10000.000000 10000.000000 10000.000000 0.000000
67.000000 28.000000 1.000000 10000.000000 10000.000000 10000.000000 0.000000
67.000000 29.000000 1.000000 10000.000000 10000.000000 10000.000000 0.000000
67.000000 30.000000 1.000000 10000.000000 10000.000000 10000.000000 0.000000
67.000000 31.000000 1.000000 10000.000000 10000.000000 10000.000000 0.000000
67.000000 32.000000 1.000000 10000.000000 10000.000000 10000.000000 0.000000
67.000000 33.000000 1.000000 10000.000000 10000.000000 10000.000000 0.000000
67.000000 34.000000 1.000000 10000.000000 10000.000000 10000.000000 0.000000
67.000000 35.000000 1.000000 10000.000000 10000.000000 10000.000000 0.000000
67.000000 36.000000 1.000000 10000.000000 10000.000000 10000.000000 0.000000
67.000000 37.000000 1.000000 10000.000000 10000.000000 10000.000000 0.000000
67.000000 38.000000 1.000000 10000.000000 10000.000000 10000.000000 0.000000
67.000000 39.000000 1.000000 10000.000000 10000.000000 10000.000000 0.000000
67.000000 40.000000 1.000000 10000.000000 10000.000000 10000.000000 0.000000
67.000000 41.000000 1.000000 10000.000000 10000.000000 10000.000000 0.000000
67.000000 42.000000 1.000000 10000.000000 10000.000000 10000.000000 0.000000
67.000000 43.000000 1.000000 10000.000000 10000.000000 10000.000000 0.000000
67.000000 44.000000 1.000000 10000.000000 10000.000000 10000.000000 0.000000
67.000000 45.000000 1.000000 10000.000000 10000.000000 10000.000000 0.000000
67.000000 46.000000 1.000000 10000.000000 10000.000000 10000.000000 0.000000
67.000000 47.000000 1.000000 10000.000000 10000.000000 10000.000000 0.000000
67.000000 48.000000 1.000000 10000.000000 10000.000000 10000.000000 0.000000
67.000000 49.000000 1.000000 10000.000000 10000.000000 10000.000000 0.000000
68.000000 0.000000 1.000000 10000.000000 10000.000000 10000.000000 0.000000
68.000000 1.000000 1.000000 10000.000000 10000.000000 10000.000000 0.000000
68.000000 2.000000 1.000000 10000.000000 10000.000000 10000.000000 0.000000
68.000000 3.000000 1.000000 10000.000000 10000.000000 10000.000000 0.000000
68.000000 4.000000 1.000000 9999.000000 10000.000000 9999.000000 0.000000
68.000000 5.000000 1.000000 9999.000000 10000.000000 9999.000000 0.000000
68.000000 6.000000 1.000000 9998.000000 10000.000000 9998.000000 0.000000
68.000000 7.000000 1.000000 9996.000000 10000.000000 9996.000000 0.000000
68.000000 8.000000 1.000000 9994.000000 10000.000000 9994.000000 0.000000
68.000000 9.000000 1.000000 9992.000000 10000.000000 9992.000000 0.000000
68.000000 10.000000 1.000000 9989.000000 10000.000000 9989.000000 0.000000
68.000000 11.000000 1.000000 9984.000000 10000.000000 9984.000000 0.000000
68.000000 12.000000 1.000000 9913.000000 10000.000000 9914.000000 1.000000
68.000000 13.000000 9721.000000 0.000000 10000.000000 9721.000000 9721.000000
68.000000 14.000000 7240.000000 2187.000000 10000.000000 9427.000000 7240.000000
68.000000 15.000000 9007.000000 307.000000 10000.000000 9314.000000 9007.000000
68.000000 16.000000 9205.000000 0.000000 10000.000000 9205.000000 9205.000000
68.000000 17.000000 8590.000000 607.000000 10000.000000 9197.000000 8590.000000
68.000000 18.000000 4425.000000 5040.000000 10000.000000 9323.000000 4283.000000
68.000000 19.000000 34.000000 286.000000 628.000000 9627.000000 25.000000
68.000000 20.000000 245.000000 2444.000000 2849.000000 9783.000000 199.000000
68.000000 21.000000 1.000000 332.000000 342.000000 9886.000000 0.000000
68.000000 22.000000 1.000000 386.000000 388.000000 9953.000000 0.000000
68.000000 23.000000 1.000000 447.000000 449.000000 9974.000000 0.000000
68.000000 24.000000 1.000000 1001.000000 1004.000000 9980.000000 0.000000
68.000000 25.000000 1.000000 6911.000000 6922.000000 9984.000000 0.000000
68.000000 26.000000 1.000000 9771.000000 9785.000000 9986.000000 0.000000
68.000000 27.000000 1.000000 9854.000000 9868.000000 9986.000000 0.000000
68.000000 28.000000 1.000000 9983.000000 10000.000000 9983.000000 0.000000
68.000000 29.000000 1.000000 9974.000000 10000.000000 9974.000000 0.000000
68.000000 30.000000 1.000000 9965.000000 10000.000000 9965.000000 0.000000
68.000000 31.000000 1.000000 9958.000000 10000.000000 9958.000000 0.000000
68.000000 32.000000 1.000000 9953.000000 10000.000000 9953.000000 0.000000
68.000000 33.000000 1.000000 9939.000000 10000.000000 9939.000000 0.000000
68.000000 34.000000 1.000000 9937.000000 10000.000000 9937.000000 0.000000
68.000000 35.000000 1.000000 9946.000000 10000.000000 9946.000000 0.000000
68.000000 36.000000 1.000000 9939.000000 10000.000000 9939.000000 0.000000
68.000000 37.000000 1.000000 9939.000000 10000.000000 9939.000000 0.000000
68.000000 38.000000 1.000000 9941.000000 10000.000000 9941.000000 0.000000
68.000000 39.000000 1.000000 9941.000000 10000.000000 9941.000000 0.000000
68.000000 40.000000 1.000000 9936.000000 10000.000000 9936.000000 0.000000
68.000000 41.000000 1.000000 9939.000000 10000.000000 9939.000000 0.000000
68.000000 42.000000 1.000000 9943.000000 10000.000000 9943.000000 0.000000
68.000000 43.000000 1.000000 9941.000000 10000.000000 9941.000000 0.000000
68.000000 44.000000 1.000000 9937.000000 10000.000000 9937.000000 0.000000
68.000000 45.000000 1.000000 9946.000000 10000.000000 9946.000000 0.000000
68.000000 46.000000 1.000000 9950.000000 10000.000000 9950.000000 0.000000
68.000000 47.000000 1.000000 9949.000000 10000.000000 9949.000000 0.000000
68.000000 48.000000 1.000000 9952.000000 10000.000000 9952.000000 0.000000
68.000000 49.000000 1.000000 9956.000000 10000.000000 9956.000000 0.000000
69.000000 0.000000 1.000000 10000.000000 10000.000000 10000.000000 0.000000
69.000000 1.000000 1.000000 10000.000000 10000.000000 10000.000000 0.000000
69.000000 2.000000 1.000000 10000.000000 10000.000000 10000.000000 0.000000
69.000000 3.000000 1.000000 10000.000000 10000.000000 10000.000000 0.000000
69.000000 4.000000 1.000000 9999.000000 10000.000000 9999.000000 0.000000
69.000000 5.000000 1.000000 9999.000000 10000.000000 9999.000000 0.000000
69.000000 6.000000 1.000000 9995.000000 10000.000000 9995.000000 0.000000
69.000000 7.000000 1.000000 9992.000000 10000.000000 9992.000000 0.000000
69.000000 8.000000 1.000000 9992.000000 10000.000000 9992.000000 0.000000
69.000000 9.000000 1.000000 9987.000000 10000.000000 9987.000000 0.000000
69.000000 10.000000 1.000000 9978.000000 10000.000000 9978.000000 0.000000
69.000000 11.000000 1.000000 9979.000000 10000.000000 9979.000000 0.000000
69.000000 12.000000 1.000000 9971.000000 10000.000000 9971.000000 0.000000
69.000000 13.000000 1.000000 9944.000000 10000.000000 9944.000000 0.000000
69.000000 14.000000 1.000000 9933.000000 10000.000000 9934.000000 1.000000
69.000000 15.000000 6581.000000 3322.000000 10000.000000 9903.000000 6581.000000
69.000000 16.000000 1.000000 3314.000000 3449.000000 9783.000000 1.000000
69.000000 17.000000 9030.000000 714.000000 10000.000000 9744.000000 9030.000000
69.000000 18.000000 1.000000 25.000000 138.000000 9674.000000 1.000000
69.000000 19.000000 9626.000000 0.000000 10000.000000 9626.000000 9626.000000
69.000000 20.000000 3.000000 24.000000 395.000000 9583.000000 2.000000
69.000000 21.000000 8997.000000 676.000000 10000.000000 9673.000000 8997.000000
69.000000 22.000000 1.000000 63.000000 258.000000 9703.000000 1.000000
69.000000 23.000000 7721.000000 2051.000000 10000.000000 9772.000000 7721.000000
69.000000 24.000000 1.000000 63.000000 101.000000 9810.000000 0.000000
69.000000 25.000000 1.000000 126.000000 159.000000 9867.000000 1.000000
69.000000 26.000000 1.000000 166.000000 174.000000 9900.000000 0.000000
69.000000 27.000000 1.000000 171.000000 174.000000 9923.000000 0.000000
69.000000 28.000000 1.000000 217.000000 225.000000 9939.000000 0.000000
69.000000 29.000000 1.000000 2272.000000 2280.000000 9962.000000 0.000000
69.000000 30.000000 1.000000 7386.000000 7426.000000 9958.000000 0.000000
69.000000 31.000000 1.000000 9949.000000 9999.000000 9950.000000 0.000000
69.000000 32.000000 1.000000 9954.000000 10000.000000 9954.000000 0.000000
69.000000 33.000000 1.000000 9945.000000 10000.000000 9945.000000 0.000000
69.000000 34.000000 1.000000 9938.000000 10000.000000 9938.000000 0.000000
69.000000 35.000000 1.000000 9928.000000 10000.000000 9929.000000 1.000000
69.000000 36.000000 1.000000 9924.000000 9999.000000 9926.000000 1.000000
69.000000 37.000000 1.000000 9912.000000 9998.000000 9915.000000 1.000000
69.000000 38.000000 1.000000 9897.000000 9997.000000 9901.000000 1.000000
69.000000 39.000000 1.000000 9872.000000 9996.000000 9877.000000 1.000000
69.000000 40.000000 1.000000 9865.000000 9996.000000 9870.000000 1.000000
69.000000 41.000000 1.000000 9863.000000 9996.000000 9868.000000 1.000000
69.000000 42.000000 412.000000 9548.000000 9996.000000 9846.000000 294.000000
69.000000 43.000000 1224.000000 8563.000000 9704.000000 9816.000000 963.000000
69.000000 44.000000 869.000000 7916.000000 8744.000000 9810.000000 659.000000
69.000000 45.000000 1066.000000 7093.000000 8090.000000 9796.000000 839.000000
69.000000 46.000000 1976.000000 6582.000000 8511.000000 9749.000000 1734.000000
69.000000 47.000000 1454.000000 5796.000000 7216.000000 9730.000000 1216.000000
69.000000 48.000000 970.000000 5253.000000 6217.000000 9738.000000 777.000000
69.000000 49.000000 675.000000 5286.000000 5997.000000 9760.000000 522.000000
70.000000 0.000000 1.000000 10000.000000 10000.000000 10000.000000 0.000000
70.000000 1.000000 1.000000 10000.000000 10000.000000 10000.000000 0.000000
70.000000 2.000000 1.000000 10000.000000 10000.000000 10000.000000 0.000000
70.000000 3.000000 1.000000 9999.000000 10000.000000 9999.000000 0.000000
70.000000 4.000000 1.000000 9999.000000 10000.000000 9999.000000 0.000000
70.000000 5.000000 1.000000 9999.000000 10000.000000 9999.000000 0.000000
70.000000 6.000000 1.000000 9999.000000 10000.000000 9999.000000 0.000000
70.000000 7.000000 1.000000 9999.000000 10000.000000 9999.000000 0.000000
70.000000 8.000000 1.000000 10000.000000 10000.000000 10000.000000 0.000000
70.000000 9.000000 1.000000 10000.000000 10000.000000 10000.000000 0.000000
70.000000 10.000000 1.000000 10000.000000 10000.000000 10000.000000 0.000000
70.000000 11.000000 1.000000 10000.000000 10000.000000 10000.000000 0.000000
70.000000 12.000000 1.000000 10000.000000 10000.000000 10000.000000 0.000000
70.000000 13.000000 1.000000 10000.000000 10000.000000 10000.000000 0.000000
70.000000 14.000000 1.000000 10000.000000 10000.000000 10000.000000 0.000000
70.000000 15.000000 1.000000 10000.000000 10000.000000 10000.000000 0.000000
70.000000 16.000000 1.000000 10000.000000 10000.000000 10000.000000 0.000000
70.000000 17.000000 1.000000 10000.000000 10000.000000 10000.000000 0.000000
70.000000 18.000000 1.000000 10000.000000 10000.000000 10000.000000 0.000000
70.000000 19.000000 1.000000 10000.000000 10000.000000 10000.000000 0.000000
70.000000 20.000000 1.000000 10000.000000 10000.000000 10000.000000 0.000000
70.000000 21.000000 1.000000 10000.000000 10000.000000 10000.000000 0.000000
70.000000 22.000000 1.000000 10000.000000 10000.000000 10000.000000 0.000000
70.000000 23.000000 1.000000 10000.000000 10000.000000 10000.000000 0.000000
70.000000 24.000000 1.000000 10000.000000 10000.000000 10000.000000 0.000000
70.000000 25.000000 1.000000 10000.000000 10000.000000 10000.000000 0.000000
70.000000 26.000000 1.000000 10000.000000 10000.000000 10000.000000 0.000000
70.000000 27.000000 1.000000 10000.000000 10000.000000 10000.000000 0.000000
70.000000 28.000000 1.000000 10000.000000 10000.000000 10000.000000 0.000000
70.000000 29.000000 1.000000 10000.000000 10000.000000 10000.000000 0.000000
70.000000 30.000000 1.000000 10000.000000 10000.000000 10000.000000 0.000000
70.000000 31.000000 1.000000 10000.000000 10000.000000 10000.000000 0.000000
70.000000 32.000000 1.000000 10000.000000 10000.000000 10000.000000 0.000000
70.000000 33.000000 1.000000 10000.000000 10000.000000 10000.000000 0.000000
70.000000 34.000000 1.000000 10000.000000 10000.000000 10000.000000 0.000000
70.000000 35.000000 1.000000 10000.000000 10000.000000 10000.000000 0.000000
70.000000 36.000000 1.000000 10000.000000 10000.000000 10000.000000 0.000000
70.000000 37.000000 1.000000 10000.000000 10000.000000 10000.000000 0.000000
70.000000 38.000000 1.000000 10000.000000 10000.000000 10000.000000 0.000000
70.000000 39.000000 1.000000 10000.000000 10000.000000 10000.000000 0.000000
70.000000 40.000000 1.000000 10000.000000 10000.000000 10000.000000 0.000000
70.000000 41.000000 1.000000 10000.000000 10000.000000 10000.000000 0.000000
70.000000 42.000000 1.000000 10000.000000 10000.000000 10000.000000 0.000000
70.000000 43.000000 1.000000 10000.000000 10000.000000 10000.000000 0.000000
70.000000 44.000000 1.000000 10000.000000 10000.000000 10000.000000 0.000000
70.000000 45.000000 1.000000 10000.000000 10000.000000 10000.000000 0.000000
70.000000 46.000000 1.000000 10000.000000 10000.000000 10000.000000 0.000000
70.000000 47.000000 1.000000 10000.000000 10000.000000 10000.000000 0.000000
70.000000 48.000000 1.000000 10000.000000 10000.000000 10000.000000 0.000000
70.000000 49.000000 1.000000 10000.000000 10000.000000 10000.000000 0.000000
71.000000 0.000000 1.000000 10000.000000 10000.000000 10000.000000 0.000000
71.000000 1.000000 1.000000 10000.000000 10000.000000 10000.000000 0.000000
71.000000 2.000000 1.000000 9999.000000 10000.000000 9999.000000 0.000000
71.000000 3.000000 1.000000 9999.000000 10000.000000 9999.000000 0.000000
71.000000 4.000000 1.000000 9999.000000 10000.000000 9999.000000 0.000000
71.000000 5.000000 1.000000 9999.000000 10000.000000 9999.000000 0.000000
71.000000 6.000000 1.000000 9999.000000 10000.000000 9999.000000 0.000000
71.000000 7.000000 1.000000 9999.000000 10000.000000 9999.000000 0.000000
71.000000 8.000000 1.000000 10000.000000 10000.000000 10000.000000 0.000000
71.000000 9.000000 1.000000 10000.000000 10000.000000 10000.000000 0.000000
71.000000 10.000000 1.000000 10000.000000 10000.000000 10000.000000 0.000000
71.000000 11.000000 1.000000 10000.000000 10000.000000 10000.000000 0.000000
71.000000 12.000000 1.000000 10000.000000 10000.000000 10000.000000 0.000000
71.000000 13.000000 1.000000 10000.000000 10000.000000 10000.000000 0.000000
71.000000 14.000000 1.000000 10000.000000 10000.000000 10000.000000 0.000000
71.000000 15.000000 1.000000 10000.000000 10000.000000 10000.000000 0.000000
71.000000 16.000000 1.000000 10000.000000 10000.000000 10000.000000 0.000000
71.000000 17.000000 1.000000 10000.000000 10000.000000 10000.000000 0.000000
71.000000 18.000000 1.000000 10000.000000 10000.000000 10000.000000 0.000000
71.000000 19.000000 1.000000 10000.000000 10000.000000 10000.000000 0.000000
71.000000 20.000000 1.000000 10000.000000 10000.000000 10000.000000 0.000000
71.000000 21.000000 1.000000 10000.000000 10000.000000 10000.000000 0.000000
71.000000 22.000000 1.000000 10000.000000 10000.000000 10000.000000 0.000000
71.000000 23.000000 1.000000 10000.000000 10000.000000 10000.000000 0.000000
71.000000 24.000000 1.000000 10000.000000 10000.000000 10000.000000 0.000000
71.000000 25.000000 1.000000 10000.000000 10000.000000 10000.000000 0.000000
71.000000 26.000000 1.000000 10000.000000 10000.000000 10000.000000 0.000000
71.000000 27.000000 1.000000 10000.000000 10000.000000 10000.000000 0.000000
71.000000 28.000000 1.000000 10000.000000 10000.000000 10000.000000 0.000000
71.000000 29.000000 1.000000 10000.000000 10000.000000 10000.000000 0.000000
71.000000 30.000000 1.000000 10000.000000 10000.000000 10000.000000 0.000000
71.000000 31.000000 1.000000 10000.000000 10000.000000 10000.000000 0.000000
71.000000 32.000000 1.000000 10000.000000 10000.000000 10000.000000 0.000000
71.000000 33.000000 1.000000 10000.000000 10000.000000 10000.000000 0.000000
71.000000 34.000000 1.000000 10000.000000 10000.000000 10000.000000 0.000000
71.000000 35.000000 1.000000 10000.000000 10000.000000 10000.000000 0.000000
71.000000 36.000000 1.000000 10000.000000 10000.000000 10000.000000 0.000000
71.000000 37.000000 1.000000 10000.000000 10000.000000 10000.000000 0.000000
71.000000 38.000000 1.000000 10000.000000 10000.000000 10000.000000 0.000000
71.000000 39.000000 1.000000 10000.000000 10000.000000 10000.000000 0.000000
71.000000 40.000000 1.000000 10000.000000 10000.000000 10000.000000 0.000000
71.000000 41.000000 1.000000 10000.000000 10000.000000 10000.000000 0.000000
71.000000 42.000000 1.000000 10000.000000 10000.000000 10000.000000 0.000000
71.000000 43.000000 1.000000 10000.000000 10000.000000 10000.000000 0.000000
71.000000 44.000000 1.000000 10000.000000 10000.000000 10000.000000 0.000000
71.000000 45.000000 1.000000 10000.000000 10000.000000 10000.000000 0.000000
71.000000 46.000000 1.000000 10000.000000 10000.000000 10000.000000 0.000000
71.000000 47.000000 1.000000 10000.000000 10000.000000 10000.000000 0.000000
71.000000 48.000000 1.000000 10000.000000 10000.000000 10000.000000 0.000000
71.000000 49.000000 1.000000 10000.000000 10000.000000 10000.000000 0.000000
72.000000 0.000000 1.000000 10000.000000 10000.000000 10000.000000 0.000000
72.000000 1.000000 1.000000 10000.000000 10000.000000 10000.000000 0.000000
72.000000 2.000000 1.000000 9999.000000 10000.000000 9999.000000 0.000000
72.000000 3.000000 1.000000 9999.000000 10000.000000 9999.000000 0.000000
72.000000 4.000000 1.000000 9999.000000 10000.000000 9999.000000 0.000000
72.000000 5.000000 1.000000 9999.000000 10000.000000 9999.000000 0.000000
72.000000 6.000000 1.000000 9999.000000 10000.000000 9999.000000 0.000000
72.000000 7.000000 1.000000 9999.000000 10000.000000 9999.000000 0.000000
72.000000 8.000000 1.000000 10000.000000 10000.000000 10000.000000 0.000000
72.000000 9.000000 1.000000 10000.000000 10000.000000 10000.000000 0.000000
72.000000 10.000000 1.000000 10000.000000 10000.000000 10000.000000 0.000000
72.000000 11.000000 1.000000 10000.000000 10000.000000 10000.000000 0.000000
72.000000 12.000000 1.000000 10000.000000 10000.000000 10000.000000 0.000000
72.000000 13.000000 1.000000 10000.000000 10000.000000 10000.000000 0.000000
72.000000 14.000000 1.000000 10000.000000 10000.000000 10000.000000 0.000000
72.000000 15.000000 1.000000 10000.000000 10000.000000 10000.000000 0.000000
72.000000 16.000000 1.000000 10000.000000 10000.000000 10000.000000 0.000000
72.000000 17.000000 1.000000 10000.000000 10000.000000 10000.000000 0.000000
72.000000 18.000000 1.000000 10000.000000 10000.000000 10000.000000 0.000000
72.000000 19.000000 1.000000 10000.000000 10000.000000 10000.000000 0.000000
72.000000 20.000000 1.000000 10000.000000 10000.000000 10000.000000 0.000000
72.000000 21.000000 1.000000 10000.000000 10000.000000 10000.000000 0.000000
72.000000 22.000000 1.000000 10000.000000 10000.000000 10000.000000 0.000000
72.000000 23.000000 1.000000 10000.000000 10000.000000 10000.000000 0.000000
72.000000 24.000000 1.000000 10000.000000 10000.000000 10000.000000 0.000000
72.000000 25.000000 1.000000 10000.000000 10000.000000 10000.000000 0.000000
72.000000 26.000000 1.000000 10000.000000 10000.000000 10000.000000 0.000000
72.000000 27.000000 1.000000 10000.000000 10000.000000 10000.000000 0.000000
72.000000 28.000000 1.000000 10000.000000 10000.000000 10000.000000 0.000000
72.000000 29.000000 1.000000 10000.000000 10000.000000 10000.000000 0.000000
72.000000 30.000000 1.000000 10000.000000 10000.000000 10000.000000 0.000000
72.000000 31.000000 1.000000 10000.000000 10000.000000 10000.000000 0.000000
72.000000 32.000000 1.000000 10000.000000 10000.000000 10000.000000 0.000000
72.000000 33.000000 1.000000 10000.000000 10000.000000 10000.000000 0.000000
72.000000 34.000000 1.000000 10000.000000 10000.000000 10000.000000 0.000000
72.000000 35.000000 1.000000 10000.000000 10000.000000 10000.000000 0.000000
72.000000 36.000000 1.000000 10000.000000 10000.000000 10000.000000 0.000000
72.000000 37.000000 1.000000 10000.000000 10000.000000 10000.000000 0.000000
72.000000 38.000000 1.000000 10000.000000 10000.000000 10000.000000 0.000000
72.000000 39.000000 1.000000 10000.000000 10000.000000 10000.000000 0.000000
72.000000 40.000000 1.000000 10000.000000 10000.000000 10000.000000 0.000000
72.000000 41.000000 1.000000 10000.000000 10000.000000 10000.000000 0.000000
72.000000 42.000000 1.000000 10000.000000 10000.000000 10000.000000 0.000000
72.000000 43.000000 1.000000 10000.000000 10000.000000 10000.000000 0.000000
72.000000 44.000000 1.000000 10000.000000 10000.000000 10000.000000 0.000000
72.000000 45.000000 1.000000 10000.000000 10000.000000 10000.000000 0.000000
72.000000 46.000000 1.000000 10000.000000 10000.000000 10000.000000 0.000000
72.000000 47.000000 1.000000 10000.000000 10000.000000 10000.000000 0.000000
72.000000 48.000000 1.000000 10000.000000 10000.000000 10000.000000 0.000000
72.000000 49.000000 1.000000 10000.000000 10000.000000 10000.000000 0.000000
73.000000 0.000000 1.000000 10000.000000 10000.000000 10000.000000 0.000000
73.000000 1.000000 1.000000 10000.000000 10000.000000 10000.000000 0.000000
73.000000 2.000000 1.000000 10000.000000 10000.000000 10000.000000 0.000000
73.000000 3.000000 1.000000 9999.000000 10000.000000 9999.000000 0.000000
73.000000 4.000000 1.000000 9999.000000 10000.000000 9999.000000 0.000000
73.000000 5.000000 1.000000 9999.000000 10000.000000 9999.000000 0.000000
73.000000 6.000000 1.000000 9999.000000 10000.000000 9999.000000 0.000000
73.000000 7.000000 1.000000 9999.000000 10000.000000 9999.000000 0.000000
73.000000 8.000000 1.000000 10000.000000 10000.000000 10000.000000 0.000000
73.000000 9.000000 1.000000 10000.000000 10000.000000 10000.000000 0.000000
73.000000 10.000000 1.000000 10000.000000 10000.000000 10000.000000 0.000000
73.000000 11.000000 1.000000 10000.000000 10000.000000 10000.000000 0.000000
73.000000 12.000000 1.000000 10000.000000 10000.000000 10000.000000 0.000000
73.000000 13.000000 1.000000 10000.000000 10000.000000 10000.000000 0.000000
73.000000 14.000000 1.000000 10000.000000 10000.000000 10000.000000 0.000000
73.000000 15.000000 1.000000 10000.000000 10000.000000 10000.000000 0.000000
73.000000 16.000000 1.000000 10000.000000 10000.000000 10000.000000 0.000000
73.000000 17.000000 1.000000 10000.000000 10000.000000 10000.000000 0.000000
73.000000 18.000000 1.000000 10000.000000 10000.000000 10000.000000 0.000000
73.000000 19.000000 1.000000 10000.000000 10000.000000 10000.000000 0.000000
73.000000 20.000000 1.000000 10000.000000 10000.000000 10000.000000 0.000000
73.000000 21.000000 1.000000 10000.000000 10000.000000 10000.000000 0.000000
73.000000 22.000000 1.000000 10000.000000 10000.000000 10000.000000 0.000000
73.000000 23.000000 1.000000 10000.000000 10000.000000 10000.000000 0.000000
73.000000 24.000000 1.000000 10000.000000 10000.000000 10000.000000 0.000000
73.000000 25.000000 1.000000 10000.000000 10000.000000 10000.000000 0.000000
73.000000 26.000000 1.000000 10000.000000 10000.000000 10000.000000 0.000000
73.000000 27.000000 1.000000 10000.000000 10000.000000 10000.000000 0.000000
73.000000 28.000000 1.000000 10000.000000 10000.000000 10000.000000 0.000000
73.000000 29.000000 1.000000 10000.000000 10000.000000 10000.000000 0.000000
73.000000 30.000000 1.000000 10000.000000 10000.000000 10000.000000 0.000000
73.000000 31.000000 1.000000 10000.000000 10000.000000 10000.000000 0.000000
73.000000 32.000000 1.000000 10000.000000 10000.000000 10000.000000 0.000000
73.000000 33.000000 1.000000 10000.000000 10000.000000 10000.000000 0.000000
73.000000 34.000000 1.000000 10000.000000 10000.000000 10000.000000 0.000000
73.000000 35.000000 1.000000 10000.000000 10000.000000 10000.000000 0.000000
73.000000 36.000000 1.000000 10000.000000 10000.000000 10000.000000 0.000000
73.000000 37.000000 1.000000 10000.000000 10000.000000 10000.000000 0.000000
73.000000 38.000000 1.000000 10000.000000 10000.000000 10000.000000 0.000000
73.000000 39.000000 1.000000 10000.000000 10000.000000 10000.000000 0.000000
73.000000 40.000000 1.000000 10000.000000 10000.000000 10000.000000 0.000000
73.000000 41.000000 1.000000 10000.000000 10000.000000 10000.000000 0.000000
73.000000 42.000000 1.000000 10000.000000 10000.000000 10000.000000 0.000000
73.000000 43.000000 1.000000 10000.000000 10000.000000 10000.000000 0.000000
73.000000 44.000000 1.000000 10000.000000 10000.000000 10000.000000 0.000000
73.000000 45.000000 1.000000 10000.000000 10000.000000 10000.000000 0.000000
73.000000 46.000000 1.000000 10000.000000 10000.000000 10000.000000 0.000000
73.000000 47.000000 1.000000 10000.000000 10000.000000 10000.000000 0.000000
73.000000 48.000000 1.000000 10000.000000 10000.000000 10000.000000 0.000000
73.000000 49.000000 1.000000 10000.000000 10000.000000 10000.000000 0.000000
74.000000 0.000000 1.000000 10000.000000 10000.000000 10000.000000 0.000000
74.000000 1.000000 1.000000 10000.000000 10000.000000 10000.000000 0.000000
74.000000 2.000000 1.000000 9999.000000 10000.000000 9999.000000 0.000000
74.000000 3.000000 1.000000 9999.000000 10000.000000 9999.000000 0.000000
74.000000 4.000000 1.000000 9999.000000 10000.000000 9999.000000 0.000000
74.000000 5.000000 1.000000 9999.000000 10000.000000 9999.000000 0.000000
74.000000 6.000000 1.000000 9999.000000 10000.000000 9999.000000 0.000000
74.000000 7.000000 1.000000 9999.000000 10000.000000 9999.000000 0.000000
74.000000 8.000000 1.000000 10000.000000 10000.000000 10000.000000 0.000000
74.000000 9.000000 1.000000 10000.000000 10000.000000 10000.000000 0.000000
74.000000 10.000000 1.000000 10000.000000 10000.000000 10000.000000 0.000000
74.000000 11.000000 1.000000 10000.000000 10000.000000 10000.000000 0.000000
74.000000 12.000000 1.000000 10000.000000 10000.000000 10000.000000 0.000000
74.000000 13.000000 1.000000 10000.000000 10000.000000 10000.000000 0.000000
74.000000 14.000000 1.000000 10000.000000 10000.000000 10000.000000 0.000000
74.000000 15.000000 1.000000 10000.000000 10000.000000 10000.000000 0.000000
74.000000 16.000000 1.000000 10000.000000 10000.000000 10000.000000 0.000000
74.000000 17.000000 1.000000 10000.000000 10000.000000 10000.000000 0.000000
74.000000 18.000000 1.000000 10000.000000 10000.000000 10000.000000 0.000000
74.000000 19.000000 1.000000 10000.000000 10000.000000 10000.000000 0.000000
74.000000 20.000000 1.000000 10000.000000 10000.000000 10000.000000 0.000000
74.000000 21.000000 1.000000 10000.000000 10000.000000 10000.000000 0.000000
74.000000 22.000000 1.000000 10000.000000 10000.000000 10000.000000 0.000000
74.000000 23.000000 1.000000 10000.000000 10000.000000 10000.000000 0.000000
74.000000 24.000000 1.000000 10000.000000 10000.000000 10000.000000 0.000000
74.000000 25.000000 1.000000 10000.000000 10000.000000 10000.000000 0.000000
74.000000 26.000000 1.000000 10000.000000 10000.000000 10000.000000 0.000000
74.000000 27.000000 1.000000 10000.000000 10000.000000 10000.000000 0.000000
74.000000 28.000000 1.000000 10000.000000 10000.000000 10000.000000 0.000000
74.000000 29.000000 1.000000 10000.000000 10000.000000 10000.000000 0.000000
74.000000 30.000000 1.000000 10000.000000 10000.000000 10000.000000 0.000000
74.000000 31.000000 1.000000 10000.000000 10000.000000 10000.000000 0.000000
74.000000 32.000000 1.000000 10000.000000 10000.000000 10000.000000 0.000000
74.000000 33.000000 1.000000 10000.000000 10000.000000 10000.000000 0.000000
74.000000 34.000000 1.000000 10000.000000 10000.000000 10000.000000 0.000000
74.000000 35.000000 1.000000 10000.000000 10000.000000 10000.000000 0.000000
74.000000 36.000000 1.000000 10000.000000 10000.000000 10000.000000 0.000000
74.000000 37.000000 1.000000 10000.000000 10000.000000 10000.000000 0.000000
74.000000 38.000000 1.000000 10000.000000 10000.000000 10000.000000 0.000000
74.000000 39.000000 1.000000 10000.000000 10000.000000 10000.000000 0.000000
74.000000 40.000000 1.000000 10000.000000 10000.000000 10000.000000 0.000000
74.000000 41.000000 1.000000 10000.000000 10000.000000 10000.000000 0.000000
74.000000 42.000000 1.000000 10000.000000 10000.000000 10000.000000 0.000000
74.000000 43.000000 1.000000 10000.000000 10000.000000 10000.000000 0.000000
74.000000 44.000000 1.000000 10000.000000 10000.000000 10000.000000 0.000000
74.000000 45.000000 1.000000 10000.000000 10000.000000 10000.000000 0.000000
74.000000 46.000000 1.000000 10000.000000 10000.000000 10000.000000 0.000000
74.000000 47.000000 1.000000 10000.000000 10000.000000 10000.000000 0.000000
74.000000 48.000000 1.000000 10000.000000 10000.000000 10000.000000 0.000000
74.000000 49.000000 1.000000 10000.000000 10000.000000 10000.000000 0.000000
75.000000 0.000000 1.000000 10000.000000 10000.000000 10000.000000 0.000000
75.000000 1.000000 1.000000 10000.000000 10000.000000 10000.000000 0.000000
75.000000 2.000000 1.000000 10000.000000 10000.000000 10000.000000 0.000000
75.000000 3.000000 1.000000 10000.000000 10000.000000 10000.000000 0.000000
75.000000 4.000000 1.000000 10000.000000 10000.000000 10000.000000 0.000000
75.000000 5.000000 1.000000 9999.000000 10000.000000 9999.000000 0.000000
75.000000 6.000000 1.000000 9999.000000 10000.000000 9999.000000 0.000000
75.000000 7.000000 1.000000 9999.000000 10000.000000 9999.000000 0.000000
75.000000 8.000000 1.000000 9999.000000 10000.000000 9999.000000 0.000000
75.000000 9.000000 1.000000 9999.000000 10000.000000 9999.000000 0.000000
75.000000 10.000000 1.000000 9999.000000 10000.000000 9999.000000 0.000000
75.000000 11.000000 1.000000 9999.000000 10000.000000 9999.000000 0.000000
75.000000 12.000000 1.000000 9999.000000 10000.000000 9999.000000 0.000000
75.000000 13.000000 1.000000 9999.000000 10000.000000 9999.000000 0.000000
75.000000 14.000000 1.000000 9999.000000 10000.000000 9999.000000 0.000000
75.000000 15.000000 1.000000 10000.000000 10000.000000 10000.000000 0.000000
75.000000 16.000000 1.000000 10000.000000 10000.000000 10000.000000 0.000000
75.000000 17.000000 1.000000 10000.000000 10000.000000 10000.000000 0.000000
75.000000 18.000000 1.000000 10000.000000 10000.000000 10000.000000 0.000000
75.000000 19.000000 1.000000 10000.000000 10000.000000 10000.000000 0.000000
75.000000 20.000000 1.000000 10000.000000 10000.000000 10000.000000 0.000000
75.000000 21.000000 1.000000 10000.000000 10000.000000 10000.000000 0.000000
75.000000 22.000000 1.000000 10000.000000 10000.000000 10000.000000 0.000000
75.000000 23.000000 1.000000 10000.000000 10000.000000 10000.000000 0.000000
75.000000 24.000000 1.000000 10000.000000 10000.000000 10000.000000 0.000000
75.000000 25.000000 1.000000 10000.000000 10000.000000 10000.000000 0.000000
75.000000 26.000000 1.000000 10000.000000 10000.000000 10000.000000 0.000000
75.000000 27.000000 1.000000 10000.000000 10000.000000 10000.000000 0.000000
75.000000 28.000000 1.000000 10000.000000 10000.000000 10000.000000 0.000000
75.000000 29.000000 1.000000 10000.000000 10000.000000 10000.000000 0.000000
75.000000 30.000000 1.000000 10000.000000 10000.000000 10000.000000 0.000000
75.000000 31.000000 1.000000 10000.000000 10000.000000 10000.000000 0.000000
75.000000 32.000000 1.000000 10000.000000 10000.000000 10000.000000 0.000000
75.000000 33.000000 1.000000 10000.000000 10000.000000 10000.000000 0.000000
75.000000 34.000000 1.000000 10000.000000 10000.000000 10000.000000 0.000000
75.000000 35.000000 1.000000 10000.000000 10000.000000 10000.000000 0.000000
75.000000 36.000000 1.000000 10000.000000 10000.000000 10000.000000 0.000000
75.000000 37.000000 1.000000 10000.000000 10000.000000 10000.000000 0.000000
75.000000 38.000000 1.000000 10000.000000 10000.000000 10000.000000 0.000000
75.000000 39.000000 1.000000 10000.000000 10000.000000 10000.000000 0.000000
75.000000 40.000000 1.000000 10000.000000 10000.000000 10000.000000 0.000000
75.000000 41.000000 1.000000 10000.000000 10000.000000 10000.000000 0.000000
75.000000 42.000000 1.000000 10000.000000 10000.000000 10000.000000 0.000000
75.000000 43.000000 1.000000 10000.000000 10000.000000 10000.000000 0.000000
75.000000 44.000000 1.000000 10000.000000 10000.000000 10000.000000 0.000000
75.000000 45.000000 1.000000 10000.000000 10000.000000 10000.000000 0.000000
75.000000 46.000000 1.000000 10000.000000 10000.000000 10000.000000 0.000000
75.000000 47.000000 1.000000 10000.000000 10000.000000 10000.000000 0.000000
75.000000 48.000000 1.000000 10000.000000 10000.000000 10000.000000 0.000000
75.000000 49.000000 1.000000 10000.000000 10000.000000 10000.000000 0.000000
76.000000 0.000000 1.000000 10000.000000 10000.000000 10000.000000 0.000000
76.000000 1.000000 1.000000 10000.000000 10000.000000 10000.000000 0.000000
76.000000 2.000000 1.000000 10000.000000 10000.000000 10000.000000 0.000000
76.000000 3.000000 1.000000 10000.000000 10000.000000 10000.000000 0.000000
76.000000 4.000000 1.000000 10000.000000 10000.000000 10000.000000 0.000000
76.000000 5.000000 1.000000 10000.000000 10000.000000 10000.000000 0.000000
76.000000 6.000000 1.000000 9999.000000 10000.000000 9999.000000 0.000000
76.000000 7.000000 1.000000 9998.000000 10000.000000 9998.000000 0.000000
76.000000 8.000000 1.000000 9998.000000 10000.000000 9998.000000 0.000000
76.000000 9.000000 1.000000 9995.000000 10000.000000 9995.000000 0.000000
76.000000 10.000000 1.000000 9990.000000 10000.000000 9990.000000 0.000000
76.000000 11.000000 1.000000 9982.000000 10000.000000 9982.000000 0.000000
76.000000 12.000000 1.000000 9981.000000 10000.000000 9981.000000 0.000000
76.000000 13.000000 1.000000 9977.000000 10000.000000 9977.000000 0.000000
76.000000 14.000000 1.000000 9965.000000 10000.000000 9965.000000 0.000000
76.000000 15.000000 1.000000 9965.000000 10000.000000 9965.000000 0.000000
76.000000 16.000000 1.000000 9970.000000 10000.000000 9970.000000 0.000000
76.000000 17.000000 1.000000 9963.000000 10000.000000 9963.000000 0.000000
76.000000 18.000000 1.000000 9965.000000 10000.000000 9965.000000 0.000000
76.000000 19.000000 1.000000 9963.000000 10000.000000 9963.000000 0.000000
76.000000 20.000000 1.000000 9964.000000 10000.000000 9964.000000 0.000000
76.000000 21.000000 1.000000 9959.000000 10000.000000 9959.000000 0.000000
76.000000 22.000000 1.000000 9938.000000 10000.000000 9938.000000 0.000000
76.000000 23.000000 1.000000 9864.000000 10000.000000 9865.000000 1.000000
76.000000 24.000000 2141.000000 7963.000000 9999.000000 9792.000000 1828.000000
76.000000 25.000000 3547.000000 4944.000000 8791.000000 9675.000000 3547.000000
76.000000 26.000000 6035.000000 3503.000000 10000.000000 9538.000000 6035.000000
76.000000 27.000000 6703.000000 2754.000000 10000.000000 9457.000000 6703.000000
76.000000 28.000000 6280.000000 3120.000000 10000.000000 9400.000000 6280.000000
76.000000 29.000000 4450.000000 5033.000000 10000.000000 9451.000000 4418.000000
76.000000 30.000000 1252.000000 2853.000000 4395.000000 9552.000000 1117.000000
76.000000 31.000000 20.000000 140.000000 412.000000 9691.000000 16.000000
76.000000 32.000000 44.000000 2068.000000 2280.000000 9773.000000 32.000000
76.000000 33.000000 1.000000 324.000000 346.000000 9891.000000 1.000000
76.000000 34.000000 1.000000 362.000000 366.000000 9932.000000 0.000000
76.000000 35.000000 1.000000 3219.000000 3229.000000 9951.000000 0.000000
76.000000 36.000000 1.000000 7328.000000 7364.000000 9953.000000 0.000000
76.000000 37.000000 1.000000 9889.000000 9957.000000 9933.000000 1.000000
76.000000 38.000000 1.000000 9898.000000 9977.000000 9922.000000 1.000000
76.000000 39.000000 1.000000 9901.000000 9998.000000 9904.000000 1.000000
76.000000 40.000000 1.000000 9879.000000 9997.000000 9882.000000 1.000000
76.000000 41.000000 32.000000 9831.000000 9996.000000 9856.000000 22.000000
76.000000 42.000000 914.000000 9120.000000 9976.000000 9847.000000 705.000000
76.000000 43.000000 1027.000000 8314.000000 9275.000000 9810.000000 795.000000
76.000000 44.000000 1074.000000 7485.000000 8482.000000 9795.000000 842.000000
76.000000 45.000000 1682.000000 6510.000000 8136.000000 9757.000000 1438.000000
76.000000 46.000000 1620.000000 5879.000000 7464.000000 9720.000000 1379.000000
76.000000 47.000000 1539.000000 5356.000000 6911.000000 9706.000000 1320.000000
76.000000 48.000000 1869.000000 5399.000000 7309.000000 9703.000000 1652.000000
76.000000 49.000000 1731.000000 5258.000000 7036.000000 9703.000000 1508.000000
77.000000 0.000000 1.000000 10000.000000 10000.000000 10000.000000 0.000000
77.000000 1.000000 1.000000 10000.000000 10000.000000 10000.000000 0.000000
77.000000 2.000000 1.000000 9999.000000 10000.000000 9999.000000 0.000000
77.000000 3.000000 1.000000 9999.000000 10000.000000 9999.000000 0.000000
77.000000 4.000000 1.000000 9999.000000 10000.000000 9999.000000 0.000000
77.000000 5.000000 1.000000 9999.000000 10000.000000 9999.000000 0.000000
77.000000 6.000000 1.000000 9999.000000 10000.000000 9999.000000 0.000000
77.000000 7.000000 1.000000 9999.000000 10000.000000 9999.000000 0.000000
77.000000 8.000000 1.000000 10000.000000 10000.000000 10000.000000 0.000000
77.000000 9.000000 1.000000 10000.000000 10000.000000 10000.000000 0.000000
77.000000 10.000000 1.000000 10000.000000 10000.000000 10000.000000 0.000000
77.000000 11.000000 1.000000 10000.000000 10000.000000 10000.000000 0.000000
77.000000 12.000000 1.000000 10000.000000 10000.000000 10000.000000 0.000000
77.000000 13.000000 1.000000 10000.000000 10000.000000 10000.000000 0.000000
77.000000 14.000000 1.000000 10000.000000 10000.000000 10000.000000 0.000000
77.000000 15.000000 1.000000 10000.000000 10000.000000 10000.000000 0.000000
77.000000 16.000000 1.000000 10000.000000 10000.000000 10000.000000 0.000000
77.000000 17.000000 1.000000 10000.000000 10000.000000 10000.000000 0.000000
77.000000 18.000000 1.000000 10000.000000 10000.000000 10000.000000 0.000000
77.000000 19.000000 1.000000 10000.000000 10000.000000 10000.000000 0.000000
77.000000 20.000000 1.000000 10000.000000 10000.000000 10000.000000 0.000000
77.000000 21.000000 1.000000 10000.000000 10000.000000 10000.000000 0.000000
77.000000 22.000000 1.000000 10000.000000 10000.000000 10000.000000 0.000000
77.000000 23.000000 1.000000 10000.000000 10000.000000 10000.000000 0.000000
77.000000 24.000000 1.000000 10000.000000 10000.000000 10000.000000 0.000000
77.000000 25.000000 1.000000 10000.000000 10000.000000 10000.000000 0.000000
77.000000 26.000000 1.000000 10000.000000 10000.000000 10000.000000 0.000000
77.000000 27.000000 1.000000 10000.000000 10000.000000 10000.000000 0.000000
77.000000 28.000000 1.000000 10000.000000 10000.000000 10000.000000 0.000000
77.000000 29.000000 1.000000 10000.000000 10000.000000 10000.000000 0.000000
77.000000 30.000000 1.000000 10000.000000 10000.000000 10000.000000 0.000000
77.000000 31.000000 1.000000 10000.000000 10000.000000 10000.000000 0.000000
77.000000 32.000000 1.000000 10000.000000 10000.000000 10000.000000 0.000000
77.000000 33.000000 1.000000 10000.000000 10000.000000 10000.000000 0.000000
77.000000 34.000000 1.000000 10000.000000 10000.000000 10000.000000 0.000000
77.000000 35.000000 1.000000 10000.000000 10000.000000 10000.000000 0.000000
77.000000 36.000000 1.000000 10000.000000 10000.000000 10000.000000 0.000000
77.000000 37.000000 1.000000 10000.000000 10000.000000 10000.000000 0.000000
77.000000 38.000000 1.000000 10000.000000 10000.000000 10000.000000 0.000000
77.000000 39.000000 1.000000 10000.000000 10000.000000 10000.000000 0.000000
77.000000 40.000000 1.000000 10000.000000 10000.000000 10000.000000 0.000000
77.000000 41.000000 1.000000 10000.000000 10000.000000 10000.000000 0.000000
77.000000 42.000000 1.000000 10000.000000 10000.000000 10000.000000 0.000000
77.000000 43.000000 1.000000 10000.000000 10000.000000 10000.000000 0.000000
77.000000 44.000000 1.000000 10000.000000 10000.000000 10000.000000 0.000000
77.000000 45.000000 1.000000 10000.000000 10000.000000 10000.000000 0.000000
77.000000 46.000000 1.000000 10000.000000 10000.000000 10000.000000 0.000000
77.000000 47.000000 1.000000 10000.000000 10000.000000 10000.000000 0.000000
77.000000 48.000000 1.000000 10000.000000 10000.000000 10000.000000 0.000000
77.000000 49.000000 1.000000 10000.000000 10000.000000 10000.000000 0.000000
78.000000 0.000000 1.000000 10000.000000 10000.000000 10000.000000 0.000000
78.000000 1.000000 1.000000 10000.000000 10000.000000 10000.000000 0.000000
78.000000 2.000000 1.000000 10000.000000 10000.000000 10000.000000 0.000000
78.000000 3.000000 1.000000 9999.000000 10000.000000 9999.000000 0.000000
78.000000 4.000000 1.000000 9999.000000 10000.000000 9999.000000 0.000000
78.000000 5.000000 1.000000 9999.000000 10000.000000 9999.000000 0.000000
78.000000 6.000000 1.000000 9999.000000 10000.000000 9999.000000 0.000000
78.000000 7.000000 1.000000 9999.000000 10000.000000 9999.000000 0.000000
78.000000 8.000000 1.000000 9999.000000 10000.000000 9999.000000 0.000000
78.000000 9.000000 1.000000 9994.000000 10000.000000 9994.000000 0.000000
78.000000 10.000000 1.000000 9991.000000 10000.000000 9991.000000 0.000000
78.000000 11.000000 1.000000 9990.000000 10000.000000 9990.000000 0.000000
78.000000 12.000000 1.000000 9990.000000 10000.000000 9990.000000 0.000000
78.000000 13.000000 1.000000 9990.000000 10000.000000 9990.000000 0.000000
78.000000 14.000000 1.000000 9994.000000 10000.000000 9994.000000 0.000000
78.000000 15.000000 1.000000 9998.000000 10000.000000 9998.000000 0.000000
78.000000 16.000000 1.000000 9997.000000 10000.000000 9997.000000 0.000000
78.000000 17.000000 1.000000 9998.000000 10000.000000 9998.000000 0.000000
78.000000 18.000000 1.000000 9998.000000 10000.000000 9998.000000 0.000000
78.000000 19.000000 1.000000 9996.000000 10000.000000 9996.000000 0.000000
78.000000 20.000000 1.000000 9992.000000 10000.000000 9992.000000 0.000000
78.000000 21.000000 1.000000 9993.000000 10000.000000 9993.000000 0.000000
78.000000 22.000000 1.000000 9991.000000 10000.000000 9991.000000 0.000000
78.000000 23.000000 1.000000 9944.000000 10000.000000 9944.000000 0.000000
78.000000 24.000000 1.000000 9878.000000 10000.000000 9879.000000 1.000000
78.000000 25.000000 7719.000000 2137.000000 10000.000000 9856.000000 7719.000000
78.000000 26.000000 117.000000 2062.000000 2287.000000 9700.000000 77.000000
78.000000 27.000000 9143.000000 478.000000 10000.000000 9621.000000 9143.000000
78.000000 28.000000 123.000000 402.000000 876.000000 9564.000000 97.000000
78.000000 29.000000 7680.000000 1905.000000 10000.000000 9585.000000 7680.000000
78.000000 30.000000 353.000000 1634.000000 2287.000000 9566.000000 267.000000
78.000000 31.000000 2254.000000 4710.000000 7183.000000 9673.000000 2159.000000
78.000000 32.000000 28.000000 255.000000 451.000000 9708.000000 21.000000
78.000000 33.000000 2414.000000 7482.000000 9979.000000 9775.000000 2272.000000
78.000000 34.000000 1.000000 3053.000000 3173.000000 9804.000000 1.000000
78.000000 35.000000 7209.000000 2631.000000 10000.000000 9840.000000 7209.000000
78.000000 36.000000 1.000000 42.000000 107.000000 9851.000000 0.000000
78.000000 37.000000 1.000000 686.000000 751.000000 9875.000000 1.000000
78.000000 38.000000 1.000000 710.000000 755.000000 9887.000000 1.000000
78.000000 39.000000 1.000000 1378.000000 1413.000000 9910.000000 1.000000
78.000000 40.000000 1.000000 2767.000000 2794.000000 9920.000000 0.000000
78.000000 41.000000 1.000000 2777.000000 2795.000000 9942.000000 0.000000
78.000000 42.000000 1.000000 7561.000000 7598.000000 9956.000000 0.000000
78.000000 43.000000 1.000000 9949.000000 9997.000000 9952.000000 0.000000
78.000000 44.000000 1.000000 9948.000000 9998.000000 9950.000000 0.000000
78.000000 45.000000 1.000000 9942.000000 9999.000000 9943.000000 0.000000
78.000000 46.000000 1.000000 9946.000000 10000.000000 9946.000000 0.000000
78.000000 47.000000 1.000000 9945.000000 10000.000000 9945.000000 0.000000
78.000000 48.000000 1.000000 9943.000000 10000.000000 9943.000000 0.000000
78.000000 49.000000 1.000000 9926.000000 10000.000000 9927.000000 1.000000
79.000000 0.000000 1.000000 10000.000000 10000.000000 10000.000000 0.000000
79.000000 1.000000 1.000000 10000.000000 10000.000000 10000.000000 0.000000
79.000000 2.000000 1.000000 10000.000000 10000.000000 10000.000000 0.000000
79.000000 3.000000 1.000000 9999.000000 10000.000000 9999.000000 0.000000
79.000000 4.000000 1.000000 9999.000000 10000.000000 9999.000000 0.000000
79.000000 5.000000 1.000000 9999.000000 10000.000000 9999.000000 0.000000
79.000000 6.000000 1.000000 9998.000000 10000.000000 9998.000000 0.000000
79.000000 7.000000 1.000000 9998.000000 10000.000000 9998.000000 0.000000
79.000000 8.000000 1.000000 9999.000000 10000.000000 9999.000000 0.000000
79.000000 9.000000 1.000000 9999.000000 10000.000000 9999.000000 0.000000
79.000000 10.000000 1.000000 9999.000000 10000.000000 9999.000000 0.000000
79.000000 11.000000 1.000000 10000.000000 10000.000000 10000.000000 0.000000
79.000000 12.000000 1.000000 10000.000000 10000.000000 10000.000000 0.000000
79.000000 13.000000 1.000000 10000.000000 10000.000000 10000.000000 0.000000
79.000000 14.000000 1.000000 10000.000000 10000.000000 10000.000000 0.000000
79.000000 15.000000 1.000000 10000.000000 10000.000000 10000.000000 0.000000
79.000000 16.000000 1.000000 10000.000000 10000.000000 10000.000000 0.000000
79.000000 17.000000 1.000000 10000.000000 10000.000000 10000.000000 0.000000
79.000000 18.000000 1.000000 10000.000000 10000.000000 10000.000000 0.000000
79.000000 19.000000 1.000000 10000.000000 10000.000000 10000.000000 0.000000
79.000000 20.000000 1.000000 10000.000000 10000.000000 10000.000000 0.000000
79.000000 21.000000 1.000000 10000.000000 10000.000000 10000.000000 0.000000
79.000000 22.000000 1.000000 10000.000000 10000.000000 10000.000000 0.000000
79.000000 23.000000 1.000000 10000.000000 10000.000000 10000.000000 0.000000
79.000000 24.000000 1.000000 10000.000000 10000.000000 10000.000000 0.000000
79.000000 25.000000 1.000000 10000.000000 10000.000000 10000.000000 0.000000
79.000000 26.000000 1.000000 10000.000000 10000.000000 10000.000000 0.000000
79.000000 27.000000 1.000000 10000.000000 10000.000000 10000.000000 0.000000
79.000000 28.000000 1.000000 10000.000000 10000.000000 10000.000000 0.000000
79.000000 29.000000 1.000000 10000.000000 10000.000000 10000.000000 0.000000
79.000000 30.000000 1.000000 10000.000000 10000.000000 10000.000000 0.000000
79.000000 31.000000 1.000000 10000.000000 10000.000000 10000.000000 0.000000
79.000000 32.000000 1.000000 10000.000000 10000.000000 10000.000000 0.000000
79.000000 33.000000 1.000000 10000.000000 10000.000000 10000.000000 0.000000
79.000000 34.000000 1.000000 10000.000000 10000.000000 10000.000000 0.000000
79.000000 35.000000 1.000000 10000.000000 10000.000000 10000.000000 0.000000
79.000000 36.000000 1.000000 10000.000000 10000.000000 10000.000000 0.000000
79.000000 37.000000 1.000000 10000.000000 10000.000000 10000.000000 0.000000
79.000000 38.000000 1.000000 10000.000000 10000.000000 10000.000000 0.000000
79.000000 39.000000 1.000000 10000.000000 10000.000000 10000.000000 0.000000
79.000000 40.000000 1.000000 10000.000000 10000.000000 10000.000000 0.000000
79.000000 41.000000 1.000000 10000.000000 10000.000000 10000.000000 0.000000
79.000000 42.000000 1.000000 10000.000000 10000.000000 10000.000000 0.000000
79.000000 43.000000 1.000000 10000.000000 10000.000000 10000.000000 0.000000
79.000000 44.000000 1.000000 10000.000000 10000.000000 10000.000000 0.000000
79.000000 45.000000 1.000000 10000.000000 10000.000000 10000.000000 0.000000
79.000000 46.000000 1.000000 10000.000000 10000.000000 10000.000000 0.000000
79.000000 47.000000 1.000000 10000.000000 10000.000000 10000.000000 0.000000
79.000000 48.000000 1.000000 10000.000000 10000.000000 10000.000000 0.000000
79.000000 49.000000 1.000000 10000.000000 10000.000000 10000.000000 0.000000
80.000000 0.000000 1.000000 10000.000000 10000.000000 10000.000000 0.000000
80.000000 1.000000 1.000000 10000.000000 10000.000000 10000.000000 0.000000
80.000000 2.000000 1.000000 10000.000000 10000.000000 10000.000000 0.000000
80.000000 3.000000 1.000000 10000.000000 10000.000000 10000.000000 0.000000
80.000000 4.000000 1.000000 9999.000000 10000.000000 9999.000000 0.000000
80.000000 5.000000 1.000000 9998.000000 10000.000000 9998.000000 0.000000
80.000000 6.000000 1.000000 9993.000000 10000.000000 9993.000000 0.000000
80.000000 7.000000 1.000000 9988.000000 10000.000000 9988.000000 0.000000
80.000000 8.000000 1.000000 9988.000000 10000.000000 9988.000000 0.000000
80.000000 9.000000 1.000000 9979.000000 10000.000000 9979.000000 0.000000
80.000000 10.000000 1.000000 9963.000000 10000.000000 9963.000000 0.000000
80.000000 11.000000 1.000000 9950.000000 10000.000000 9950.000000 0.000000
80.000000 12.000000 1.000000 9942.000000 10000.000000 9942.000000 0.000000
80.000000 13.000000 1.000000 9919.000000 10000.000000 9920.000000 1.000000
80.000000 14.000000 29.000000 9833.000000 9999.000000 9854.000000 20.000000
80.000000 15.000000 1815.000000 8277.000000 9980.000000 9798.000000 1502.000000
80.000000 16.000000 2425.000000 6089.000000 8501.000000 9720.000000 2199.000000
80.000000 17.000000 5465.000000 4144.000000 10000.000000 9609.000000 5465.000000
80.000000 18.000000 5345.000000 4186.000000 10000.000000 9531.000000 5345.000000
80.000000 19.000000 4992.000000 4503.000000 10000.000000 9495.000000 4992.000000
80.000000 20.000000 4584.000000 4911.000000 10000.000000 9495.000000 4584.000000
80.000000 21.000000 1806.000000 3328.000000 5433.000000 9555.000000 1673.000000
80.000000 22.000000 200.000000 959.000000 1406.000000 9662.000000 162.000000
80.000000 23.000000 198.000000 2129.000000 2478.000000 9745.000000 150.000000
80.000000 24.000000 1.000000 2224.000000 2329.000000 9819.000000 1.000000
80.000000 25.000000 7156.000000 2695.000000 10000.000000 9851.000000 7156.000000
80.000000 26.000000 1.000000 1065.000000 1143.000000 9848.000000 0.000000
80.000000 27.000000 57.000000 2572.000000 2716.000000 9833.000000 40.000000
80.000000 28.000000 122.000000 2632.000000 2820.000000 9825.000000 88.000000
80.000000 29.000000 266.000000 4793.000000 5117.000000 9817.000000 193.000000
80.000000 30.000000 1085.000000 8641.000000 9682.000000 9792.000000 840.000000
80.000000 31.000000 1676.000000 7316.000000 8913.000000 9769.000000 1398.000000
80.000000 32.000000 2537.000000 5434.000000 8049.000000 9726.000000 2362.000000
80.000000 33.000000 3050.000000 4328.000000 7655.000000 9650.000000 3020.000000
80.000000 34.000000 4158.000000 4448.000000 8994.000000 9612.000000 4158.000000
80.000000 35.000000 2009.000000 3613.000000 5856.000000 9609.000000 1876.000000
80.000000 36.000000 3076.000000 4750.000000 8127.000000 9637.000000 3023.000000
80.000000 37.000000 319.000000 2037.000000 2523.000000 9691.000000 245.000000
80.000000 38.000000 113.000000 2047.000000 2278.000000 9774.000000 82.000000
80.000000 39.000000 1.000000 3343.000000 3441.000000 9839.000000 1.000000
80.000000 40.000000 1.000000 2163.000000 2196.000000 9888.000000 1.000000
80.000000 41.000000 1.000000 4753.000000 4775.000000 9924.000000 0.000000
80.000000 42.000000 1.000000 6613.000000 6648.000000 9936.000000 0.000000
80.000000 43.000000 1.000000 9621.000000 9671.000000 9947.000000 0.000000
80.000000 44.000000 1.000000 9864.000000 9916.000000 9948.000000 0.000000
80.000000 45.000000 1.000000 9920.000000 9971.000000 9949.000000 0.000000
80.000000 46.000000 1.000000 9954.000000 9999.000000 9955.000000 0.000000
80.000000 47.000000 1.000000 9963.000000 10000.000000 9963.000000 0.000000
80.000000 48.000000 1.000000 9963.000000 10000.000000 9963.000000 0.000000
80.000000 49.000000 1.000000 9960.000000 10000.000000 9960.000000 0.000000
81.000000 0.000000 1.000000 10000.000000 10000.000000 10000.000000 0.000000
81.000000 1.000000 1.000000 10000.000000 10000.000000 10000.000000 0.000000
81.000000 2.000000 1.000000 10000.000000 10000.000000 10000.000000 0.000000
81.000000 3.000000 1.000000 10000.000000 10000.000000 10000.000000 0.000000
81.000000 4.000000 1.000000 10000.000000 10000.000000 10000.000000 0.000000
81.000000 5.000000 1.000000 9998.000000 10000.000000 9998.000000 0.000000
81.000000 6.000000 1.000000 9994.000000 10000.000000 9994.000000 0.000000
81.000000 7.000000 1.000000 9991.000000 10000.000000 9991.000000 0.000000
81.000000 8.000000 1.000000 9987.000000 10000.000000 9987.000000 0.000000
81.000000 9.000000 1.000000 9975.000000 10000.000000 9975.000000 0.000000
81.000000 10.000000 1.000000 9966.000000 10000.000000 9966.000000 0.000000
81.000000 11.000000 1.000000 9969.000000 10000.000000 9969.000000 0.000000
81.000000 12.000000 1.000000 9953.000000 10000.000000 9953.000000 0.000000
81.000000 13.000000 1.000000 9903.000000 10000.000000 9904.000000 1.000000
81.000000 14.000000 377.000000 9580.000000 9999.000000 9849.000000 268.000000
81.000000 15.000000 1477.000000 8362.000000 9733.000000 9817.000000 1202.000000
81.000000 16.000000 2674.000000 5911.000000 8626.000000 9732.000000 2495.000000
81.000000 17.000000 5337.000000 4252.000000 10000.000000 9589.000000 5337.000000
81.000000 18.000000 5945.000000 3564.000000 10000.000000 9509.000000 5945.000000
81.000000 19.000000 6592.000000 2822.000000 10000.000000 9414.000000 6592.000000
81.000000 20.000000 7191.000000 2147.000000 10000.000000 9338.000000 7191.000000
81.000000 21.000000 6752.000000 2573.000000 10000.000000 9325.000000 6752.000000
81.000000 22.000000 4519.000000 4926.000000 10000.000000 9421.000000 4495.000000
81.000000 23.000000 1809.000000 3359.000000 5526.000000 9498.000000 1676.000000
81.000000 24.000000 25.000000 157.000000 435.000000 9660.000000 19.000000
81.000000 25.000000 459.000000 4755.000000 5324.000000 9770.000000 362.000000
81.000000 26.000000 1.000000 118.000000 149.000000 9845.000000 1.000000
81.000000 27.000000 5757.000000 4150.000000 10000.000000 9907.000000 5757.000000
81.000000 28.000000 1.000000 12.000000 15.000000 9938.000000 0.000000
81.000000 29.000000 1.000000 841.000000 860.000000 9949.000000 0.000000
81.000000 30.000000 1.000000 3307.000000 3332.000000 9955.000000 0.000000
81.000000 31.000000 1.000000 3865.000000 3885.000000 9960.000000 0.000000
81.000000 32.000000 1.000000 3987.000000 4004.000000 9964.000000 0.000000
81.000000 33.000000 1.000000 4233.000000 4245.000000 9967.000000 0.000000
81.000000 34.000000 1.000000 8047.000000 8083.000000 9959.000000 0.000000
81.000000 35.000000 1.000000 9962.000000 10000.000000 9962.000000 0.000000
81.000000 36.000000 1.000000 9964.000000 10000.000000 9964.000000 0.000000
81.000000 37.000000 1.000000 9963.000000 10000.000000 9963.000000 0.000000
81.000000 38.000000 1.000000 9966.000000 10000.000000 9966.000000 0.000000
81.000000 39.000000 1.000000 9976.000000 10000.000000 9976.000000 0.000000
81.000000 40.000000 1.000000 9979.000000 10000.000000 9979.000000 0.000000
81.000000 41.000000 1.000000 9977.000000 10000.000000 9977.000000 0.000000
81.000000 42.000000 1.000000 9976.000000 10000.000000 9976.000000 0.000000
81.000000 43.000000 1.000000 9979.000000 10000.000000 9979.000000 0.000000
81.000000 44.000000 1.000000 9981.000000 10000.000000 9981.000000 0.000000
81.000000 45.000000 1.000000 9983.000000 10000.000000 9983.000000 0.000000
81.000000 46.000000 1.000000 9980.000000 10000.000000 9980.000000 0.000000
81.000000 47.000000 1.000000 9979.000000 10000.000000 9979.000000 0.000000
81.000000 48.000000 1.000000 9978.000000 10000.000000 9978.000000 0.000000
81.000000 49.000000 1.000000 9973.000000 10000.000000 9973.000000 0.000000
82.000000 0.000000 1.000000 10000.000000 10000.000000 10000.000000 0.000000
82.000000 1.000000 1.000000 10000.000000 10000.000000 10000.000000 0.000000
82.000000 2.000000 1.000000 10000.000000 10000.000000 10000.000000 0.000000
82.000000 3.000000 1.000000 9999.000000 10000.000000 9999.000000 0.000000
82.000000 4.000000 1.000000 9999.000000 10000.000000 9999.000000 0.000000
82.000000 5.000000 1.000000 9999.000000 10000.000000 9999.000000 0.000000
82.000000 6.000000 1.000000 9999.000000 10000.000000 9999.000000 0.000000
82.000000 7.000000 1.000000 9999.000000 10000.000000 9999.000000 0.000000
82.000000 8.000000 1.000000 9999.000000 10000.000000 9999.000000 0.000000
82.000000 9.000000 1.000000 10000.000000 10000.000000 10000.000000 0.000000
82.000000 10.000000 1.000000 10000.000000 10000.000000 10000.000000 0.000000
82.000000 11.000000 1.000000 10000.000000 10000.000000 10000.000000 0.000000
82.000000 12.000000 1.000000 10000.000000 10000.000000 10000.000000 0.000000
82.000000 13.000000 1.000000 10000.000000 10000.000000 10000.000000 0.000000
82.000000 14.000000 1.000000 10000.000000 10000.000000 10000.000000 0.000000
82.000000 15.000000 1.000000 10000.000000 10000.000000 10000.000000 0.000000
82.000000 16.000000 1.000000 10000.000000 10000.000000 10000.000000 0.000000
82.000000 17.000000 1.000000 10000.000000 10000.000000 10000.000000 0.000000
82.000000 18.000000 1.000000 10000.000000 10000.000000 10000.000000 0.000000
82.000000 19.000000 1.000000 10000.000000 10000.000000 10000.000000 0.000000
82.000000 20.000000 1.000000 10000.000000 10000.000000 10000.000000 0.000000
82.000000 21.000000 1.000000 10000.000000 10000.000000 10000.000000 0.000000
82.000000 22.000000 1.000000 10000.000000 10000.000000 10000.000000 0.000000
82.000000 23.000000 1.000000 10000.000000 10000.000000 10000.000000 0.000000
82.000000 24.000000 1.000000 10000.000000 10000.000000 10000.000000 0.000000
82.000000 25.000000 1.000000 10000.000000 10000.000000 10000.000000 0.000000
82.000000 26.000000 1.000000 10000.000000 10000.000000 10000.000000 0.000000
82.000000 27.000000 1.000000 10000.000000 10000.000000 10000.000000 0.000000
82.000000 28.000000 1.000000 10000.000000 10000.000000 10000.000000 0.000000
82.000000 29.000000 1.000000 10000.000000 10000.000000 10000.000000 0.000000
82.000000 30.000000 1.000000 10000.000000 10000.000000 10000.000000 0.000000
82.000000 31.000000 1.000000 10000.000000 10000.000000 10000.000000 0.000000
82.000000 32.000000 1.000000 10000.000000 10000.000000 10000.000000 0.000000
82.000000 33.000000 1.000000 10000.000000 10000.000000 10000.000000 0.000000
82.000000 34.000000 1.000000 10000.000000 10000.000000 10000.000000 0.000000
82.000000 35.000000 1.000000 10000.000000 10000.000000 10000.000000 0.000000
82.000000 36.000000 1.000000 10000.000000 10000.000000 10000.000000 0.000000
82.000000 37.000000 1.000000 10000.000000 10000.000000 10000.000000 0.000000
82.000000 38.000000 1.000000 10000.000000 10000.000000 10000.000000 0.000000
82.000000 39.000000 1.000000 10000.000000 10000.000000 10000.000000 0.000000
82.000000 40.000000 1.000000 10000.000000 10000.000000 10000.000000 0.000000
82.000000 41.000000 1.000000 10000.000000 10000.000000 10000.000000 0.000000
82.000000 42.000000 1.000000 10000.000000 10000.000000 10000.000000 0.000000
82.000000 43.000000 1.000000 10000.000000 10000.000000 10000.000000 0.000000
82.000000 44.000000 1.000000 10000.000000 10000.000000 10000.000000 0.000000
82.000000 45.000000 1.000000 10000.000000 10000.000000 10000.000000 0.000000
82.000000 46.000000 1.000000 10000.000000 10000.000000 10000.000000 0.000000
82.000000 47.000000 1.000000 10000.000000 10000.000000 10000.000000 0.000000
82.000000 48.000000 1.000000 10000.000000 10000.000000 10000.000000 0.000000
82.000000 49.000000 1.000000 10000.000000 10000.000000 10000.000000 0.000000
83.000000 0.000000 1.000000 10000.000000 10000.000000 10000.000000 0.000000
83.000000 1.000000 1.000000 10000.000000 10000.000000 10000.000000 0.000000
83.000000 2.000000 1.000000 9999.000000 10000.000000 9999.000000 0.000000
83.000000 3.000000 1.000000 9999.000000 10000.000000 9999.000000 0.000000
83.000000 4.000000 1.000000 9999.000000 10000.000000 9999.000000 0.000000
83.000000 5.000000 1.000000 9999.000000 10000.000000 9999.000000 0.000000
83.000000 6.000000 1.000000 9999.000000 10000.000000 9999.000000 0.000000
83.000000 7.000000 1.000000 9999.000000 10000.000000 9999.000000 0.000000
83.000000 8.000000 1.000000 10000.000000 10000.000000 10000.000000 0.000000
83.000000 9.000000 1.000000 10000.000000 10000.000000 10000.000000 0.000000
83.000000 10.000000 1.000000 10000.000000 10000.000000 10000.000000 0.000000
83.000000 11.000000 1.000000 10000.000000 10000.000000 10000.000000 0.000000
83.000000 12.000000 1.000000 10000.000000 10000.000000 10000.000000 0.000000
83.000000 13.000000 1.000000 10000.000000 10000.000000 10000.000000 0.000000
83.000000 14.000000 1.000000 10000.000000 10000.000000 10000.000000 0.000000
83.000000 15.000000 1.000000 10000.000000 10000.000000 10000.000000 0.000000
83.000000 16.000000 1.000000 10000.000000 10000.000000 10000.000000 0.000000
83.000000 17.000000 1.000000 10000.000000 10000.000000 10000.000000 0.000000
83.000000 18.000000 1.000000 10000.000000 10000.000000 10000.000000 0.000000
83.000000 19.000000 1.000000 10000.000000 10000.000000 10000.000000 0.000000
83.000000 20.000000 1.000000 10000.000000 10000.000000 10000.000000 0.000000
83.000000 21.000000 1.000000 10000.000000 10000.000000 10000.000000 0.000000
83.000000 22.000000 1.000000 10000.000000 10000.000000 10000.000000 0.000000
83.000000 23.000000 1.000000 10000.000000 10000.000000 10000.000000 0.000000
83.000000 24.000000 1.000000 10000.000000 10000.000000 10000.000000 0.000000
83.000000 25.000000 1.000000 10000.000000 10000.000000 10000.000000 0.000000
83.000000 26.000000 1.000000 10000.000000 10000.000000 10000.000000 0.000000
83.000000 27.000000 1.000000 10000.000000 10000.000000 10000.000000 0.000000
83.000000 28.000000 1.000000 10000.000000 10000.000000 10000.000000 0.000000
83.000000 29.000000 1.000000 10000.000000 10000.000000 10000.000000 0.000000
83.000000 30.000000 1.000000 10000.000000 10000.000000 10000.000000 0.000000
83.000000 31.000000 1.000000 10000.000000 10000.000000 10000.000000 0.000000
83.000000 32.000000 1.000000 10000.000000 10000.000000 10000.000000 0.000000
83.000000 33.000000 1.000000 10000.000000 10000.000000 10000.000000 0.000000
83.000000 34.000000 1.000000 10000.000000 10000.000000 10000.000000 0.000000
83.000000 35.000000 1.000000 10000.000000 10000.000000 10000.000000 0.000000
83.000000 36.000000 1.000000 10000.000000 10000.000000 10000.000000 0.000000
83.000000 37.000000 1.000000 10000.000000 10000.000000 10000.000000 0.000000
83.000000 38.000000 1.000000 10000.000000 10000.000000 10000.000000 0.000000
83.000000 39.000000 1.000000 10000.000000 10000.000000 10000.000000 0.000000
83.000000 40.000000 1.000000 10000.000000 10000.000000 10000.000000 0.000000
83.000000 41.000000 1.000000 10000.000000 10000.000000 10000.000000 0.000000
83.000000 42.000000 1.000000 10000.000000 10000.000000 10000.000000 0.000000
83.000000 43.000000 1.000000 10000.000000 10000.000000 10000.000000 0.000000
83.000000 44.000000 1.000000 10000.000000 10000.000000 10000.000000 0.000000
83.000000 45.000000 1.000000 10000.000000 10000.000000 10000.000000 0.000000
83.000000 46.000000 1.000000 10000.000000 10000.000000 10000.000000 0.000000
83.000000 47.000000 1.000000 10000.000000 10000.000000 10000.000000 0.000000
83.000000 48.000000 1.000000 10000.000000 10000.000000 10000.000000 0.000000
83.000000 49.000000 1.000000 10000.000000 10000.000000 10000.000000 0.000000
84.000000 0.000000 1.000000 10000.000000 10000.000000 10000.000000 0.000000
84.000000 1.000000 1.000000 10000.000000 10000.000000 10000.000000 0.000000
84.000000 2.000000 1.000000 10000.000000 10000.000000 10000.000000 0.000000
84.000000 3.000000 1.000000 10000.000000 10000.000000 10000.000000 0.000000
84.000000 4.000000 1.000000 10000.000000 10000.000000 10000.000000 0.000000
84.000000 5.000000 1.000000 9999.000000 10000.000000 9999.000000 0.000000
84.000000 6.000000 1.000000 9999.000000 10000.000000 9999.000000 0.000000
84.000000 7.000000 1.000000 9998.000000 10000.000000 9998.000000 0.000000
84.000000 8.000000 1.000000 9997.000000 10000.000000 9997.000000 0.000000
84.000000 9.000000 1.000000 9994.000000 10000.000000 9994.000000 0.000000
84.000000 10.000000 1.000000 9993.000000 10000.000000 9993.000000 0.000000
84.000000 11.000000 1.000000 9993.000000 10000.000000 9993.000000 0.000000
84.000000 12.000000 1.000000 9989.000000 10000.000000 9989.000000 0.000000
84.000000 13.000000 1.000000 9978.000000 10000.000000 9978.000000 0.000000
84.000000 14.000000 1.000000 9970.000000 10000.000000 9970.000000 0.000000
84.000000 15.000000 1.000000 9966.000000 10000.000000 9966.000000 0.000000
84.000000 16.000000 1.000000 9953.000000 10000.000000 9953.000000 0.000000
84.000000 17.000000 1.000000 9938.000000 10000.000000 9938.000000 0.000000
84.000000 18.000000 1.000000 9937.000000 10000.000000 9937.000000 0.000000
84.000000 19.000000 1.000000 9942.000000 10000.000000 9942.000000 0.000000
84.000000 20.000000 1.000000 9932.000000 10000.000000 9933.000000 1.000000
84.000000 21.000000 1.000000 9924.000000 9999.000000 9926.000000 1.000000
84.000000 22.000000 1.000000 9927.000000 9998.000000 9930.000000 1.000000
84.000000 23.000000 1.000000 9922.000000 9997.000000 9926.000000 1.000000
84.000000 24.000000 1.000000 9893.000000 9996.000000 9898.000000 1.000000
84.000000 25.000000 1.000000 9886.000000 9995.000000 9892.000000 1.000000
84.000000 26.000000 1.000000 9878.000000 9996.000000 9883.000000 1.000000
84.000000 27.000000 1.000000 9869.000000 9996.000000 9874.000000 1.000000
84.000000 28.000000 7879.000000 1963.000000 10000.000000 9842.000000 7879.000000
84.000000 29.000000 36.000000 1965.000000 2137.000000 9722.000000 23.000000
84.000000 30.000000 9330.000000 375.000000 10000.000000 9705.000000 9330.000000
84.000000 31.000000 82.000000 332.000000 695.000000 9577.000000 62.000000
84.000000 32.000000 9537.000000 0.000000 10000.000000 9537.000000 9537.000000
84.000000 33.000000 1024.000000 2276.000000 3654.000000 9480.000000 866.000000
84.000000 34.000000 4046.000000 4965.000000 9426.000000 9578.000000 4046.000000
84.000000 35.000000 1287.000000 3913.000000 5385.000000 9585.000000 1095.000000
84.000000 36.000000 874.000000 3592.000000 4577.000000 9689.000000 734.000000
84.000000 37.000000 318.000000 3428.000000 3843.000000 9741.000000 237.000000
84.000000 38.000000 1.000000 3508.000000 3607.000000 9809.000000 1.000000
84.000000 39.000000 1.000000 5141.000000 5241.000000 9838.000000 1.000000
84.000000 40.000000 1.000000 8178.000000 8298.000000 9858.000000 1.000000
84.000000 41.000000 1.000000 9165.000000 9272.000000 9881.000000 1.000000
84.000000 42.000000 1.000000 9716.000000 9838.000000 9877.000000 1.000000
84.000000 43.000000 1.000000 9859.000000 9996.000000 9864.000000 1.000000
84.000000 44.000000 386.000000 9562.000000 9996.000000 9841.000000 275.000000
84.000000 45.000000 290.000000 9371.000000 9722.000000 9848.000000 204.000000
84.000000 46.000000 1748.000000 7877.000000 9528.000000 9806.000000 1485.000000
84.000000 47.000000 1692.000000 6622.000000 8235.000000 9753.000000 1425.000000
84.000000 48.000000 1393.000000 5677.000000 7036.000000 9746.000000 1166.000000
84.000000 49.000000 1024.000000 5418.000000 6432.000000 9758.000000 826.000000
85.000000 0.000000 1.000000 10000.000000 10000.000000 10000.000000 0.000000
85.000000 1.000000 1.000000 10000.000000 10000.000000 10000.000000 0.000000
85.000000 2.000000 1.000000 10000.000000 10000.000000 10000.000000 0.000000
85.000000 3.000000 1.000000 10000.000000 10000.000000 10000.000000 0.000000
85.000000 4.000000 1.000000 9999.000000 10000.000000 9999.000000 0.000000
85.000000 5.000000 1.000000 9999.000000 10000.000000 9999.000000 0.000000
85.000000 6.000000 1.000000 9999.000000 10000.000000 9999.000000 0.000000
85.000000 7.000000 1.000000 9999.000000 10000.000000 9999.000000 0.000000
85.000000 8.000000 1.000000 9999.000000 10000.000000 9999.000000 0.000000
85.000000 9.000000 1.000000 9999.000000 10000.000000 9999.000000 0.000000
85.000000 10.000000 1.000000 10000.000000 10000.000000 10000.000000 0.000000
85.000000 11.000000 1.000000 10000.000000 10000.000000 10000.000000 0.000000
85.000000 12.000000 1.000000 10000.000000 10000.000000 10000.000000 0.000000
85.000000 13.000000 1.000000 10000.000000 10000.000000 10000.000000 0.000000
85.000000 14.000000 1.000000 10000.000000 10000.000000 10000.000000 0.000000
85.000000 15.000000 1.000000 10000.000000 10000.000000 10000.000000 0.000000
85.000000 16.000000 1.000000 10000.000000 10000.000000 10000.000000 0.000000
85.000000 17.000000 1.000000 10000.000000 10000.000000 10000.000000 0.000000
85.000000 18.000000 1.000000 10000.000000 10000.000000 10000.000000 0.000000
85.000000 19.000000 1.000000 10000.000000 10000.000000 10000.000000 0.000000
85.000000 20.000000 1.000000 10000.000000 10000.000000 10000.000000 0.000000
85.000000 21.000000 1.000000 10000.000000 10000.000000 10000.000000 0.000000
85.000000 22.000000 1.000000 10000.000000 10000.000000 10000.000000 0.000000
85.000000 23.000000 1.000000 10000.000000 10000.000000 10000.000000 0.000000
85.000000 24.000000 1.000000 10000.000000 10000.000000 10000.000000 0.000000
85.000000 25.000000 1.000000 10000.000000 10000.000000 10000.000000 0.000000
85.000000 26.000000 1.000000 10000.000000 10000.000000 10000.000000 0.000000
85.000000 27.000000 1.000000 10000.000000 10000.000000 10000.000000 0.000000
85.000000 28.000000 1.000000 10000.000000 10000.000000 10000.000000 0.000000
85.000000 29.000000 1.000000 10000.000000 10000.000000 10000.000000 0.000000
85.000000 30.000000 1.000000 10000.000000 10000.000000 10000.000000 0.000000
85.000000 31.000000 1.000000 10000.000000 10000.000000 10000.000000 0.000000
85.000000 32.000000 1.000000 10000.000000 10000.000000 10000.000000 0.000000
85.000000 33.000000 1.000000 10000.000000 10000.000000 10000.000000 0.000000
85.000000 34.000000 1.000000 10000.000000 10000.000000 10000.000000 0.000000
85.000000 35.000000 1.000000 10000.000000 10000.000000 10000.000000 0.000000
85.000000 36.000000 1.000000 10000.000000 10000.000000 10000.000000 0.000000
85.000000 37.000000 1.000000 10000.000000 10000.000000 10000.000000 0.000000
85.000000 38.000000 1.000000 10000.000000 10000.000000 10000.000000 0.000000
85.000000 39.000000 1.000000 10000.000000 10000.000000 10000.000000 0.000000
85.000000 40.000000 1.000000 10000.000000 10000.000000 10000.000000 0.000000
85.000000 41.000000 1.000000 10000.000000 10000.000000 10000.000000 0.000000
85.000000 42.000000 1.000000 10000.000000 10000.000000 10000.000000 0.000000
85.000000 43.000000 1.000000 10000.000000 10000.000000 10000.000000 0.000000
85.000000 44.000000 1.000000 10000.000000 10000.000000 10000.000000 0.000000
85.000000 45.000000 1.000000 10000.000000 10000.000000 10000.000000 0.000000
85.000000 46.000000 1.000000 10000.000000 10000.000000 10000.000000 0.000000
85.000000 47.000000 1.000000 10000.000000 10000.000000 10000.000000 0.000000
85.000000 48.000000 1.000000 10000.000000 10000.000000 10000.000000 0.000000
85.000000 49.000000 1.000000 10000.000000 10000.000000 10000.000000 0.000000
86.000000 0.000000 1.000000 10000.000000 10000.000000 10000.000000 0.000000
86.000000 1.000000 1.000000 10000.000000 10000.000000 10000.000000 0.000000
86.000000 2.000000 1.000000 10000.000000 10000.000000 10000.000000 0.000000
86.000000 3.000000 1.000000 9999.000000 10000.000000 9999.000000 0.000000
86.000000 4.000000 1.000000 9999.000000 10000.000000 9999.000000 0.000000
86.000000 5.000000 1.000000 9999.000000 10000.000000 9999.000000 0.000000
86.000000 6.000000 1.000000 9999.000000 10000.000000 9999.000000 0.000000
86.000000 7.000000 1.000000 9999.000000 10000.000000 9999.000000 0.000000
86.000000 8.000000 1.000000 10000.000000 10000.000000 10000.000000 0.000000
86.000000 9.000000 1.000000 10000.000000 10000.000000 10000.000000 0.000000
86.000000 10.000000 1.000000 10000.000000 10000.000000 10000.000000 0.000000
86.000000 11.000000 1.000000 10000.000000 10000.000000 10000.000000 0.000000
86.000000 12.000000 1.000000 10000.000000 10000.000000 10000.000000 0.000000
86.000000 13.000000 1.000000 10000.000000 10000.000000 10000.000000 0.000000
86.000000 14.000000 1.000000 10000.000000 10000.000000 10000.000000 0.000000
86.000000 15.000000 1.000000 10000.000000 10000.000000 10000.000000 0.000000
86.000000 16.000000 1.000000 10000.000000 10000.000000 10000.000000 0.000000
86.000000 17.000000 1.000000 10000.000000 10000.000000 10000.000000 0.000000
86.000000 18.000000 1.000000 10000.000000 10000.000000 10000.000000 0.000000
86.000000 19.000000 1.000000 10000.000000 10000.000000 10000.000000 0.000000
86.000000 20.000000 1.000000 10000.000000 10000.000000 10000.000000 0.000000
86.000000 21.000000 1.000000 10000.000000 10000.000000 10000.000000 0.000000
86.000000 22.000000 1.000000 10000.000000 10000.000000 10000.000000 0.000000
86.000000 23.000000 1.000000 10000.000000 10000.000000 10000.000000 0.000000
86.000000 24.000000 1.000000 10000.000000 10000.000000 10000.000000 0.000000
86.000000 25.000000 1.000000 10000.000000 10000.000000 10000.000000 0.000000
86.000000 26.000000 1.000000 10000.000000 10000.000000 10000.000000 0.000000
86.000000 27.000000 1.000000 10000.000000 10000.000000 10000.000000 0.000000
86.000000 28.000000 1.000000 10000.000000 10000.000000 10000.000000 0.000000
86.000000 29.000000 1.000000 10000.000000 10000.000000 10000.000000 0.000000
86.000000 30.000000 1.000000 10000.000000 10000.000000 10000.000000 0.000000
86.000000 31.000000 1.000000 10000.000000 10000.000000 10000.000000 0.000000
86.000000 32.000000 1.000000 10000.000000 10000.000000 10000.000000 0.000000
86.000000 33.000000 1.000000 10000.000000 10000.000000 10000.000000 0.000000
86.000000 34.000000 1.000000 10000.000000 10000.000000 10000.000000 0.000000
86.000000 35.000000 1.000000 10000.000000 10000.000000 10000.000000 0.000000
86.000000 36.000000 1.000000 10000.000000 10000.000000 10000.000000 0.000000
86.000000 37.000000 1.000000 10000.000000 10000.000000 10000.000000 0.000000
86.000000 38.000000 1.000000 10000.000000 10000.000000 10000.000000 0.000000
86.000000 39.000000 1.000000 10000.000000 10000.000000 10000.000000 0.000000
86.000000 40.000000 1.000000 10000.000000 10000.000000 10000.000000 0.000000
86.000000 41.000000 1.000000 10000.000000 10000.000000 10000.000000 0.000000
86.000000 42.000000 1.000000 10000.000000 10000.000000 10000.000000 0.000000
86.000000 43.000000 1.000000 10000.000000 10000.000000 10000.000000 0.000000
86.000000 44.000000 1.000000 10000.000000 10000.000000 10000.000000 0.000000
86.000000 45.000000 1.000000 10000.000000 10000.000000 10000.000000 0.000000
86.000000 46.000000 1.000000 10000.000000 10000.000000 10000.000000 0.000000
86.000000 47.000000 1.000000 10000.000000 10000.000000 10000.000000 0.000000
86.000000 48.000000 1.000000 10000.000000 10000.000000 10000.000000 0.000000
86.000000 49.000000 1.000000 10000.000000 10000.000000 10000.000000 0.000000
87.000000 0.000000 1.000000 10000.000000 10000.000000 10000.000000 0.000000
87.000000 1.000000 1.000000 10000.000000 10000.000000 10000.000000 0.000000
87.000000 2.000000 1.000000 10000.000000 10000.000000 10000.000000 0.000000
87.000000 3.000000 1.000000 10000.000000 10000.000000 10000.000000 0.000000
87.000000 4.000000 1.000000 10000.000000 10000.000000 10000.000000 0.000000
87.000000 5.000000 1.000000 10000.000000 10000.000000 10000.000000 0.000000
87.000000 6.000000 1.000000 9998.000000 10000.000000 9998.000000 0.000000
87.000000 7.000000 1.000000 9996.000000 10000.000000 9996.000000 0.000000
87.000000 8.000000 1.000000 9995.000000 10000.000000 9995.000000 0.000000
87.000000 9.000000 1.000000 9987.000000 10000.000000 9987.000000 0.000000
87.000000 10.000000 1.000000 9980.000000 10000.000000 9980.000000 0.000000
87.000000 11.000000 1.000000 9979.000000 10000.000000 9979.000000 0.000000
87.000000 12.000000 1.000000 9976.000000 10000.000000 9976.000000 0.000000
87.000000 13.000000 1.000000 9966.000000 10000.000000 9966.000000 0.000000
87.000000 14.000000 1.000000 9960.000000 10000.000000 9960.000000 0.000000
87.000000 15.000000 1.000000 9959.000000 10000.000000 9959.000000 0.000000
87.000000 16.000000 1.000000 9954.000000 10000.000000 9954.000000 0.000000
87.000000 17.000000 1.000000 9949.000000 10000.000000 9949.000000 0.000000
87.000000 18.000000 1.000000 9940.000000 10000.000000 9940.000000 0.000000
87.000000 19.000000 1.000000 9928.000000 10000.000000 9929.000000 1.000000
87.000000 20.000000 1.000000 9922.000000 9999.000000 9924.000000 1.000000
87.000000 21.000000 1.000000 9902.000000 9998.000000 9905.000000 1.000000
87.000000 22.000000 1.000000 9871.000000 9997.000000 9875.000000 1.000000
87.000000 23.000000 1073.000000 8997.000000 9997.000000 9822.000000 823.000000
87.000000 24.000000 3552.000000 5395.000000 9188.000000 9714.000000 3543.000000
87.000000 25.000000 5730.000000 3836.000000 10000.000000 9566.000000 5730.000000
87.000000 26.000000 7215.000000 2245.000000 10000.000000 9460.000000 7215.000000
87.000000 27.000000 8089.000000 1252.000000 10000.000000 9341.000000 8089.000000
87.000000 28.000000 7751.000000 1546.000000 10000.000000 9297.000000 7751.000000
87.000000 29.000000 5827.000000 3520.000000 10000.000000 9347.000000 5827.000000
87.000000 30.000000 1349.000000 2441.000000 4186.000000 9484.000000 1236.000000
87.000000 31.000000 360.000000 1378.000000 2039.000000 9613.000000 303.000000
87.000000 32.000000 1.000000 158.000000 318.000000 9768.000000 1.000000
87.000000 33.000000 1.000000 258.000000 277.000000 9876.000000 1.000000
87.000000 34.000000 1.000000 288.000000 291.000000 9942.000000 0.000000
87.000000 35.000000 1.000000 500.000000 503.000000 9961.000000 0.000000
87.000000 36.000000 1.000000 4577.000000 4583.000000 9965.000000 0.000000
87.000000 37.000000 1.000000 8839.000000 8871.000000 9967.000000 0.000000
87.000000 38.000000 1.000000 9859.000000 9897.000000 9962.000000 0.000000
87.000000 39.000000 1.000000 9958.000000 9999.000000 9959.000000 0.000000
87.000000 40.000000 1.000000 9957.000000 10000.000000 9957.000000 0.000000
87.000000 41.000000 1.000000 9937.000000 10000.000000 9937.000000 0.000000
87.000000 42.000000 1.000000 9922.000000 10000.000000 9923.000000 1.000000
87.000000 43.000000 1.000000 9910.000000 9999.000000 9912.000000 1.000000
87.000000 44.000000 1.000000 9900.000000 9998.000000 9903.000000 1.000000
87.000000 45.000000 1.000000 9872.000000 9997.000000 9876.000000 1.000000
87.000000 46.000000 7336.000000 2532.000000 10000.000000 9868.000000 7336.000000
87.000000 47.000000 1.000000 2557.000000 2667.000000 9840.000000 0.000000
87.000000 48.000000 1.000000 2573.000000 2667.000000 9834.000000 1.000000
87.000000 49.000000 1.000000 2591.000000 2667.000000 9841.000000 1.000000
88.000000 0.000000 1.000000 10000.000000 10000.000000 10000.000000 0.000000
88.000000 1.000000 1.000000 10000.000000 10000.000000 10000.000000 0.000000
88.000000 2.000000 1.000000 10000.000000 10000.000000 10000.000000 0.000000
88.000000 3.000000 1.000000 10000.000000 10000.000000 10000.000000 0.000000
88.000000 4.000000 1.000000 9999.000000 10000.000000 9999.000000 0.000000
88.000000 5.000000 1.000000 9999.000000 10000.000000 9999.000000 0.000000
88.000000 6.000000 1.000000 9996.000000 10000.000000 9996.000000 0.000000
88.000000 7.000000 1.000000 9996.000000 10000.000000 9996.000000 0.000000
88.000000 8.000000 1.000000 9994.000000 10000.000000 9994.000000 0.000000
88.000000 9.000000 1.000000 9990.000000 10000.000000 9990.000000 0.000000
88.000000 10.000000 1.000000 9986.000000 10000.000000 9986.000000 0.000000
88.000000 11.000000 1.000000 9986.000000 10000.000000 9986.000000 0.000000
88.000000 12.000000 1.000000 9984.000000 10000.000000 9984.000000 0.000000
88.000000 13.000000 1.000000 9983.000000 10000.000000 9983.000000 0.000000
88.000000 14.000000 1.000000 9985.000000 10000.000000 9985.000000 0.000000
88.000000 15.000000 1.000000 9989.000000 10000.000000 9989.000000 0.000000
88.000000 16.000000 1.000000 9983.000000 10000.000000 9983.000000 0.000000
88.000000 17.000000 1.000000 9980.000000 10000.000000 9980.000000 0.000000
88.000000 18.000000 1.000000 9973.000000 10000.000000 9973.000000 0.000000
88.000000 19.000000 1.000000 9937.000000 10000.000000 9937.000000 0.000000
88.000000 20.000000 1.000000 9878.000000 10000.000000 9879.000000 1.000000
88.000000 21.000000 511.000000 9480.000000 9999.000000 9850.000000 369.000000
88.000000 22.000000 2804.000000 6813.000000 9636.000000 9764.000000 2621.000000
88.000000 23.000000 5393.000000 4220.000000 10000.000000 9613.000000 5393.000000
88.000000 24.000000 6130.000000 3374.000000 10000.000000 9504.000000 6130.000000
88.000000 25.000000 7551.000000 1834.000000 10000.000000 9385.000000 7551.000000
88.000000 26.000000 7841.000000 1470.000000 10000.000000 9311.000000 7841.000000
88.000000 27.000000 6201.000000 3136.000000 10000.000000 9337.000000 6201.000000
88.000000 28.000000 1977.000000 3522.000000 5868.000000 9462.000000 1811.000000
88.000000 29.000000 224.000000 742.000000 1304.000000 9595.000000 192.000000
88.000000 30.000000 3.000000 167.000000 354.000000 9760.000000 2.000000
88.000000 31.000000 1.000000 278.000000 311.000000 9877.000000 1.000000
88.000000 32.000000 1.000000 323.000000 328.000000 9939.000000 0.000000
88.000000 33.000000 1.000000 361.000000 361.000000 9968.000000 0.000000
88.000000 34.000000 1.000000 3855.000000 3862.000000 9974.000000 0.000000
88.000000 35.000000 1.000000 8575.000000 8598.000000 9975.000000 0.000000
88.000000 36.000000 1.000000 9846.000000 9869.000000 9977.000000 0.000000
88.000000 37.000000 1.000000 9974.000000 9998.000000 9976.000000 0.000000
88.000000 38.000000 1.000000 9986.000000 10000.000000 9986.000000 0.000000
88.000000 39.000000 1.000000 9985.000000 10000.000000 9985.000000 0.000000
88.000000 40.000000 1.000000 9985.000000 10000.000000 9985.000000 0.000000
88.000000 41.000000 1.000000 9978.000000 10000.000000 9978.000000 0.000000
88.000000 42.000000 1.000000 9977.000000 10000.000000 9977.000000 0.000000
88.000000 43.000000 1.000000 9973.000000 10000.000000 9973.000000 0.000000
88.000000 44.000000 1.000000 9964.000000 10000.000000 9964.000000 0.000000
88.000000 45.000000 1.000000 9953.000000 10000.000000 9953.000000 0.000000
88.000000 46.000000 1.000000 9956.000000 10000.000000 9956.000000 0.000000
88.000000 47.000000 1.000000 9955.000000 10000.000000 9955.000000 0.000000
88.000000 48.000000 1.000000 9941.000000 10000.000000 9941.000000 0.000000
88.000000 49.000000 1.000000 9941.000000 10000.000000 9941.000000 0.000000
89.000000 0.000000 1.000000 10000.000000 10000.000000 10000.000000 0.000000
89.000000 1.000000 1.000000 10000.000000 10000.000000 10000.000000 0.000000
89.000000 2.000000 1.000000 10000.000000 10000.000000 10000.000000 0.000000
89.000000 3.000000 1.000000 9999.000000 10000.000000 9999.000000 0.000000
89.000000 4.000000 1.000000 9999.000000 10000.000000 9999.000000 0.000000
89.000000 5.000000 1.000000 9999.000000 10000.000000 9999.000000 0.000000
89.000000 6.000000 1.000000 9999.000000 10000.000000 9999.000000 0.000000
89.000000 7.000000 1.000000 9999.000000 10000.000000 9999.000000 0.000000
89.000000 8.000000 1.000000 10000.000000 10000.000000 10000.000000 0.000000
89.000000 9.000000 1.000000 10000.000000 10000.000000 10000.000000 0.000000
89.000000 10.000000 1.000000 10000.000000 10000.000000 10000.000000 0.000000
89.000000 11.000000 1.000000 10000.000000 10000.000000 10000.000000 0.000000
89.000000 12.000000 1.000000 10000.000000 10000.000000 10000.000000 0.000000
89.000000 13.000000 1.000000 10000.000000 10000.000000 10000.000000 0.000000
89.000000 14.000000 1.000000 10000.000000 10000.000000 10000.000000 0.000000
89.000000 15.000000 1.000000 10000.000000 10000.000000 10000.000000 0.000000
89.000000 16.000000 1.000000 10000.000000 10000.000000 10000.000000 0.000000
89.000000 17.000000 1.000000 10000.000000 10000.000000 10000.000000 0.000000
89.000000 18.000000 1.000000 10000.000000 10000.000000 10000.000000 0.000000
89.000000 19.000000 1.000000 10000.000000 10000.000000 10000.000000 0.000000
89.000000 20.000000 1.000000 10000.000000 10000.000000 10000.000000 0.000000
89.000000 21.000000 1.000000 10000.000000 10000.000000 10000.000000 0.000000
89.000000 22.000000 1.000000 10000.000000 10000.000000 10000.000000 0.000000
89.000000 23.000000 1.000000 10000.000000 10000.000000 10000.000000 0.000000
89.000000 24.000000 1.000000 10000.000000 10000.000000 10000.000000 0.000000
89.000000 25.000000 1.000000 10000.000000 10000.000000 10000.000000 0.000000
89.000000 26.000000 1.000000 10000.000000 10000.000000 10000.000000 0.000000
89.000000 27.000000 1.000000 10000.000000 10000.000000 10000.000000 0.000000
89.000000 28.000000 1.000000 10000.000000 10000.000000 10000.000000 0.000000
89.000000 29.000000 1.000000 10000.000000 10000.000000 10000.000000 0.000000
89.000000 30.000000 1.000000 10000.000000 10000.000000 10000.000000 0.000000
89.000000 31.000000 1.000000 10000.000000 10000.000000 10000.000000 0.000000
89.000000 32.000000 1.000000 10000.000000 10000.000000 10000.000000 0.000000
89.000000 33.000000 1.000000 10000.000000 10000.000000 10000.000000 0.000000
89.000000 34.000000 1.000000 10000.000000 10000.000000 10000.000000 0.000000
89.000000 35.000000 1.000000 10000.000000 10000.000000 10000.000000 0.000000
89.000000 36.000000 1.000000 10000.000000 10000.000000 10000.000000 0.000000
89.000000 37.000000 1.000000 10000.000000 10000.000000 10000.000000 0.000000
89.000000 38.000000 1.000000 10000.000000 10000.000000 10000.000000 0.000000
89.000000 39.000000 1.000000 10000.000000 10000.000000 10000.000000 0.000000
89.000000 40.000000 1.000000 10000.000000 10000.000000 10000.000000 0.000000
89.000000 41.000000 1.000000 10000.000000 10000.000000 10000.000000 0.000000
89.000000 42.000000 1.000000 10000.000000 10000.000000 10000.000000 0.000000
89.000000 43.000000 1.000000 10000.000000 10000.000000 10000.000000 0.000000
89.000000 44.000000 1.000000 10000.000000 10000.000000 10000.000000 0.000000
89.000000 45.000000 1.000000 10000.000000 10000.000000 10000.000000 0.000000
89.000000 46.000000 1.000000 10000.000000 10000.000000 10000.000000 0.000000
89.000000 47.000000 1.000000 10000.000000 10000.000000 10000.000000 0.000000
89.000000 48.000000 1.000000 10000.000000 10000.000000 10000.000000 0.000000
89.000000 49.000000 1.000000 10000.000000 10000.000000 10000.000000 0.000000
90.000000 0.000000 1.000000 10000.000000 10000.000000 10000.000000 0.000000
90.000000 1.000000 1.000000 10000.000000 10000.000000 10000.000000 0.000000
90.000000 2.000000 1.000000 10000.000000 10000.000000 10000.000000 0.000000
90.000000 3.000000 1.000000 10000.000000 10000.000000 10000.000000 0.000000
90.000000 4.000000 1.000000 10000.000000 10000.000000 10000.000000 0.000000
90.000000 5.000000 1.000000 10000.000000 10000.000000 10000.000000 0.000000
90.000000 6.000000 1.000000 10000.000000 10000.000000 10000.000000 0.000000
90.000000 7.000000 1.000000 9999.000000 10000.000000 9999.000000 0.000000
90.000000 8.000000 1.000000 9999.000000 10000.000000 9999.000000 0.000000
90.000000 9.000000 1.000000 9998.000000 10000.000000 9998.000000 0.000000
90.000000 10.000000 1.000000 9998.000000 10000.000000 9998.000000 0.000000
90.000000 11.000000 1.000000 9998.000000 10000.000000 9998.000000 0.000000
90.000000 12.000000 1.000000 9999.000000 10000.000000 9999.000000 0.000000
90.000000 13.000000 1.000000 9999.000000 10000.000000 9999.000000 0.000000
90.000000 14.000000 1.000000 10000.000000 10000.000000 10000.000000 0.000000
90.000000 15.000000 1.000000 10000.000000 10000.000000 10000.000000 0.000000
90.000000 16.000000 1.000000 10000.000000 10000.000000 10000.000000 0.000000
90.000000 17.000000 1.000000 10000.000000 10000.000000 10000.000000 0.000000
90.000000 18.000000 1.000000 10000.000000 10000.000000 10000.000000 0.000000
90.000000 19.000000 1.000000 10000.000000 10000.000000 10000.000000 0.000000
90.000000 20.000000 1.000000 10000.000000 10000.000000 10000.000000 0.000000
90.000000 21.000000 1.000000 10000.000000 10000.000000 10000.000000 0.000000
90.000000 22.000000 1.000000 10000.000000 10000.000000 10000.000000 0.000000
90.000000 23.000000 1.000000 10000.000000 10000.000000 10000.000000 0.000000
90.000000 24.000000 1.000000 10000.000000 10000.000000 10000.000000 0.000000
90.000000 25.000000 1.000000 10000.000000 10000.000000 10000.000000 0.000000
90.000000 26.000000 1.000000 10000.000000 10000.000000 10000.000000 0.000000
90.000000 27.000000 1.000000 10000.000000 10000.000000 10000.000000 0.000000
90.000000 28.000000 1.000000 10000.000000 10000.000000 10000.000000 0.000000
90.000000 29.000000 1.000000 10000.000000 10000.000000 10000.000000 0.000000
90.000000 30.000000 1.000000 10000.000000 10000.000000 10000.000000 0.000000
90.000000 31.000000 1.000000 10000.000000 10000.000000 10000.000000 0.000000
90.000000 32.000000 1.000000 10000.000000 10000.000000 10000.000000 0.000000
90.000000 33.000000 1.000000 10000.000000 10000.000000 10000.000000 0.000000
90.000000 34.000000 1.000000 10000.000000 10000.000000 10000.000000 0.000000
90.000000 35.000000 1.000000 10000.000000 10000.000000 10000.000000 0.000000
90.000000 36.000000 1.000000 10000.000000 10000.000000 10000.000000 0.000000
90.000000 37.000000 1.000000 10000.000000 10000.000000 10000.000000 0.000000
90.000000 38.000000 1.000000 10000.000000 10000.000000 10000.000000 0.000000
90.000000 39.000000 1.000000 10000.000000 10000.000000 10000.000000 0.000000
90.000000 40.000000 1.000000 10000.000000 10000.000000 10000.000000 0.000000
90.000000 41.000000 1.000000 10000.000000 10000.000000 10000.000000 0.000000
90.000000 42.000000 1.000000 10000.000000 10000.000000 10000.000000 0.000000
90.000000 43.000000 1.000000 10000.000000 10000.000000 10000.000000 0.000000
90.000000 44.000000 1.000000 10000.000000 10000.000000 10000.000000 0.000000
90.000000 45.000000 1.000000 10000.000000 10000.000000 10000.000000 0.000000
90.000000 46.000000 1.000000 10000.000000 10000.000000 10000.000000 0.000000
90.000000 47.000000 1.000000 10000.000000 10000.000000 10000.000000 0.000000
90.000000 48.000000 1.000000 10000.000000 10000.000000 10000.000000 0.000000
90.000000 49.000000 1.000000 10000.000000 10000.000000 10000.000000 0.000000
91.000000 0.000000 1.000000 10000.000000 10000.000000 10000.000000 0.000000
91.000000 1.000000 1.000000 10000.000000 10000.000000 10000.000000 0.000000
91.000000 2.000000 1.000000 10000.000000 10000.000000 10000.000000 0.000000
91.000000 3.000000 1.000000 10000.000000 10000.000000 10000.000000 0.000000
91.000000 4.000000 1.000000 10000.000000 10000.000000 10000.000000 0.000000
91.000000 5.000000 1.000000 10000.000000 10000.000000 10000.000000 0.000000
91.000000 6.000000 1.000000 10000.000000 10000.000000 10000.000000 0.000000
91.000000 7.000000 1.000000 10000.000000 10000.000000 10000.000000 0.000000
91.000000 8.000000 1.000000 10000.000000 10000.000000 10000.000000 0.000000
91.000000 9.000000 1.000000 10000.000000 10000.000000 10000.000000 0.000000
91.000000 10.000000 1.000000 10000.000000 10000.000000 10000.000000 0.000000
91.000000 11.000000 1.000000 10000.000000 10000.000000 10000.000000 0.000000
91.000000 12.000000 1.000000 10000.000000 10000.000000 10000.000000 0.000000
91.000000 13.000000 1.000000 10000.000000 10000.000000 10000.000000 0.000000
91.000000 14.000000 1.000000 10000.000000 10000.000000 10000.000000 0.000000
91.000000 15.000000 1.000000 10000.000000 10000.000000 10000.000000 0.000000
91.000000 16.000000 1.000000 10000.000000 10000.000000 10000.000000 0.000000
91.000000 17.000000 1.000000 10000.000000 10000.000000 10000.000000 0.000000
91.000000 18.000000 1.000000 10000.000000 10000.000000 10000.000000 0.000000
91.000000 19.000000 1.000000 10000.000000 10000.000000 10000.000000 0.000000
91.000000 20.000000 1.000000 10000.000000 10000.000000 10000.000000 0.000000
91.000000 21.000000 1.000000 10000.000000 10000.000000 10000.000000 0.000000
91.000000 22.000000 1.000000 10000.000000 10000.000000 10000.000000 0.000000
91.000000 23.000000 1.000000 10000.000000 10000.000000 10000.000000 0.000000
91.000000 24.000000 1.000000 10000.000000 10000.000000 10000.000000 0.000000
91.000000 25.000000 1.000000 10000.000000 10000.000000 10000.000000 0.000000
91.000000 26.000000 1.000000 10000.000000 10000.000000 10000.000000 0.000000
91.000000 27.000000 1.000000 10000.000000 10000.000000 10000.000000 0.000000
91.000000 28.000000 1.000000 10000.000000 10000.000000 10000.000000 0.000000
91.000000 29.000000 1.000000 10000.000000 10000.000000 10000.000000 0.000000
91.000000 30.000000 1.000000 10000.000000 10000.000000 10000.000000 0.000000
91.000000 31.000000 1.000000 10000.000000 10000.000000 10000.000000 0.000000
91.000000 32.000000 1.000000 10000.000000 10000.000000 10000.000000 0.000000
91.000000 33.000000 1.000000 10000.000000 10000.000000 10000.000000 0.000000
91.000000 34.000000 1.000000 10000.000000 10000.000000 10000.000000 0.000000
91.000000 35.000000 1.000000 10000.000000 10000.000000 10000.000000 0.000000
91.000000 36.000000 1.000000 10000.000000 10000.000000 10000.000000 0.000000
91.000000 37.000000 1.000000 10000.000000 10000.000000 10000.000000 0.000000
91.000000 38.000000 1.000000 10000.000000 10000.000000 10000.000000 0.000000
91.000000 39.000000 1.000000 10000.000000 10000.000000 10000.000000 0.000000
91.000000 40.000000 1.000000 10000.000000 10000.000000 10000.000000 0.000000
91.000000 41.000000 1.000000 10000.000000 10000.000000 10000.000000 0.000000
91.000000 42.000000 1.000000 10000.000000 10000.000000 10000.000000 0.000000
91.000000 43.000000 1.000000 10000.000000 10000.000000 10000.000000 0.000000
91.000000 44.000000 1.000000 10000.000000 10000.000000 10000.000000 0.000000
91.000000 45.000000 1.000000 10000.000000 10000.000000 10000.000000 0.000000
91.000000 46.000000 1.000000 10000.000000 10000.000000 10000.000000 0.000000
91.000000 47.000000 1.000000 10000.000000 10000.000000 10000.000000 0.000000
91.000000 48.000000 1.000000 10000.000000 10000.000000 10000.000000 0.000000
91.000000 49.000000 1.000000 10000.000000 10000.000000 10000.000000 0.000000
92.000000 0.000000 1.000000 10000.000000 10000.000000 10000.000000 0.000000
92.000000 1.000000 1.000000 10000.000000 10000.000000 10000.000000 0.000000
92.000000 2.000000 1.000000 10000.000000 10000.000000 10000.000000 0.000000
92.000000 3.000000 1.000000 10000.000000 10000.000000 10000.000000 0.000000
92.000000 4.000000 1.000000 10000.000000 10000.000000 10000.000000 0.000000
92.000000 5.000000 1.000000 10000.000000 10000.000000 10000.000000 0.000000
92.000000 6.000000 1.000000 9997.000000 10000.000000 9997.000000 0.000000
92.000000 7.000000 1.000000 9997.000000 10000.000000 9997.000000 0.000000
92.000000 8.000000 1.000000 9997.000000 10000.000000 9997.000000 0.000000
92.000000 9.000000 1.000000 9996.000000 10000.000000 9996.000000 0.000000
92.000000 10.000000 1.000000 9996.000000 10000.000000 9996.000000 0.000000
92.000000 11.000000 1.000000 9997.000000 10000.000000 9997.000000 0.000000
92.000000 12.000000 1.000000 9999.000000 10000.000000 9999.000000 0.000000
92.000000 13.000000 1.000000 9999.000000 10000.000000 9999.000000 0.000000
92.000000 14.000000 1.000000 10000.000000 10000.000000 10000.000000 0.000000
92.000000 15.000000 1.000000 10000.000000 10000.000000 10000.000000 0.000000
92.000000 16.000000 1.000000 10000.000000 10000.000000 10000.000000 0.000000
92.000000 17.000000 1.000000 10000.000000 10000.000000 10000.000000 0.000000
92.000000 18.000000 1.000000 10000.000000 10000.000000 10000.000000 0.000000
92.000000 19.000000 1.000000 10000.000000 10000.000000 10000.000000 0.000000
92.000000 20.000000 1.000000 10000.000000 10000.000000 10000.000000 0.000000
92.000000 21.000000 1.000000 10000.000000 10000.000000 10000.000000 0.000000
92.000000 22.000000 1.000000 10000.000000 10000.000000 10000.000000 0.000000
92.000000 23.000000 1.000000 10000.000000 10000.000000 10000.000000 0.000000
92.000000 24.000000 1.000000 10000.000000 10000.000000 10000.000000 0.000000
92.000000 25.000000 1.000000 10000.000000 10000.000000 10000.000000 0.000000
92.000000 26.000000 1.000000 10000.000000 10000.000000 10000.000000 0.000000
92.000000 27.000000 1.000000 10000.000000 10000.000000 10000.000000 0.000000
92.000000 28.000000 1.000000 10000.000000 10000.000000 10000.000000 0.000000
92.000000 29.000000 1.000000 10000.000000 10000.000000 10000.000000 0.000000
92.000000 30.000000 1.000000 10000.000000 10000.000000 10000.000000 0.000000
92.000000 31.000000 1.000000 10000.000000 10000.000000 10000.000000 0.000000
92.000000 32.000000 1.000000 10000.000000 10000.000000 10000.000000 0.000000
92.000000 33.000000 1.000000 10000.000000 10000.000000 10000.000000 0.000000
92.000000 34.000000 1.000000 10000.000000 10000.000000 10000.000000 0.000000
92.000000 35.000000 1.000000 10000.000000 10000.000000 10000.000000 0.000000
92.000000 36.000000 1.000000 10000.000000 10000.000000 10000.000000 0.000000
92.000000 37.000000 1.000000 10000.000000 10000.000000 10000.000000 0.000000
92.000000 38.000000 1.000000 10000.000000 10000.000000 10000.000000 0.000000
92.000000 39.000000 1.000000 10000.000000 10000.000000 10000.000000 0.000000
92.000000 40.000000 1.000000 10000.000000 10000.000000 10000.000000 0.000000
92.000000 41.000000 1.000000 10000.000000 10000.000000 10000.000000 0.000000
92.000000 42.000000 1.000000 10000.000000 10000.000000 10000.000000 0.000000
92.000000 43.000000 1.000000 10000.000000 10000.000000 10000.000000 0.000000
92.000000 44.000000 1.000000 10000.000000 10000.000000 10000.000000 0.000000
92.000000 45.000000 1.000000 10000.000000 10000.000000 10000.000000 0.000000
92.000000 46.000000 1.000000 10000.000000 10000.000000 10000.000000 0.000000
92.000000 47.000000 1.000000 10000.000000 10000.000000 10000.000000 0.000000
92.000000 48.000000 1.000000 10000.000000 10000.000000 10000.000000 0.000000
92.000000 49.000000 1.000000 10000.000000 10000.000000 10000.000000 0.000000
93.000000 0.000000 1.000000 10000.000000 10000.000000 10000.000000 0.000000
93.000000 1.000000 1.000000 10000.000000 10000.000000 10000.000000 0.000000
93.000000 2.000000 1.000000 9999.000000 10000.000000 9999.000000 0.000000
93.000000 3.000000 1.000000 9999.000000 10000.000000 9999.000000 0.000000
93.000000 4.000000 1.000000 9999.000000 10000.000000 9999.000000 0.000000
93.000000 5.000000 1.000000 9999.000000 10000.000000 9999.000000 0.000000
93.000000 6.000000 1.000000 9999.000000 10000.000000 9999.000000 0.000000
93.000000 7.000000 1.000000 9999.000000 10000.000000 9999.000000 0.000000
93.000000 8.000000 1.000000 10000.000000 10000.000000 10000.000000 0.000000
93.000000 9.000000 1.000000 10000.000000 10000.000000 10000.000000 0.000000
93.000000 10.000000 1.000000 10000.000000 10000.000000 10000.000000 0.000000
93.000000 11.000000 1.000000 10000.000000 10000.000000 10000.000000 0.000000
93.000000 12.000000 1.000000 10000.000000 10000.000000 10000.000000 0.000000
93.000000 13.000000 1.000000 10000.000000 10000.000000 10000.000000 0.000000
93.000000 14.000000 1.000000 10000.000000 10000.000000 10000.000000 0.000000
93.000000 15.000000 1.000000 10000.000000 10000.000000 10000.000000 0.000000
93.000000 16.000000 1.000000 10000.000000 10000.000000 10000.000000 0.000000
93.000000 17.000000 1.000000 10000.000000 10000.000000 10000.000000 0.000000
93.000000 18.000000 1.000000 10000.000000 10000.000000 10000.000000 0.000000
93.000000 19.000000 1.000000 10000.000000 10000.000000 10000.000000 0.000000
93.000000 20.000000 1.000000 10000.000000 10000.000000 10000.000000 0.000000
93.000000 21.000000 1.000000 10000.000000 10000.000000 10000.000000 0.000000
93.000000 22.000000 1.000000 10000.000000 10000.000000 10000.000000 0.000000
93.000000 23.000000 1.000000 10000.000000 10000.000000 10000.000000 0.000000
93.000000 24.000000 1.000000 10000.000000 10000.000000 10000.000000 0.000000
93.000000 25.000000 1.000000 10000.000000 10000.000000 10000.000000 0.000000
93.000000 26.000000 1.000000 10000.000000 10000.000000 10000.000000 0.000000
93.000000 27.000000 1.000000 10000.000000 10000.000000 10000.000000 0.000000
93.000000 28.000000 1.000000 10000.000000 10000.000000 10000.000000 0.000000
93.000000 29.000000 1.000000 10000.000000 10000.000000 10000.000000 0.000000
93.000000 30.000000 1.000000 10000.000000 10000.000000 10000.000000 0.000000
93.000000 31.000000 1.000000 10000.000000 10000.000000 10000.000000 0.000000
93.000000 32.000000 1.000000 10000.000000 10000.000000 10000.000000 0.000000
93.000000 33.000000 1.000000 10000.000000 10000.000000 10000.000000 0.000000
93.000000 34.000000 1.000000 10000.000000 10000.000000 10000.000000 0.000000
93.000000 35.000000 1.000000 10000.000000 10000.000000 10000.000000 0.000000
93.000000 36.000000 1.000000 10000.000000 10000.000000 10000.000000 0.000000
93.000000 37.000000 1.000000 10000.000000 10000.000000 10000.000000 0.000000
93.000000 38.000000 1.000000 10000.000000 10000.000000 10000.000000 0.000000
93.000000 39.000000 1.000000 10000.000000 10000.000000 10000.000000 0.000000
93.000000 40.000000 1.000000 10000.000000 10000.000000 10000.000000 0.000000
93.000000 41.000000 1.000000 10000.000000 10000.000000 10000.000000 0.000000
93.000000 42.000000 1.000000 10000.000000 10000.000000 10000.000000 0.000000
93.000000 43.000000 1.000000 10000.000000 10000.000000 10000.000000 0.000000
93.000000 44.000000 1.000000 10000.000000 10000.000000 10000.000000 0.000000
93.000000 45.000000 1.000000 10000.000000 10000.000000 10000.000000 0.000000
93.000000 46.000000 1.000000 10000.000000 10000.000000 10000.000000 0.000000
93.000000 47.000000 1.000000 10000.000000 10000.000000 10000.000000 0.000000
93.000000 48.000000 1.000000 10000.000000 10000.000000 10000.000000 0.000000
93.000000 49.000000 1.000000 10000.000000 10000.000000 10000.000000 0.000000
94.000000 0.000000 1.000000 10000.000000 10000.000000 10000.000000 0.000000
94.000000 1.000000 1.000000 10000.000000 10000.000000 10000.000000 0.000000
94.000000 2.000000 1.000000 9999.000000 10000.000000 9999.000000 0.000000
94.000000 3.000000 1.000000 9999.000000 10000.000000 9999.000000 0.000000
94.000000 4.000000 1.000000 9999.000000 10000.000000 9999.000000 0.000000
94.000000 5.000000 1.000000 9999.000000 10000.000000 9999.000000 0.000000
94.000000 6.000000 1.000000 9999.000000 10000.000000 9999.000000 0.000000
94.000000 7.000000 1.000000 9999.000000 10000.000000 9999.000000 0.000000
94.000000 8.000000 1.000000 9999.000000 10000.000000 9999.000000 0.000000
94.000000 9.000000 1.000000 10000.000000 10000.000000 10000.000000 0.000000
94.000000 10.000000 1.000000 10000.000000 10000.000000 10000.000000 0.000000
94.000000 11.000000 1.000000 10000.000000 10000.000000 10000.000000 0.000000
94.000000 12.000000 1.000000 10000.000000 10000.000000 10000.000000 0.000000
94.000000 13.000000 1.000000 10000.000000 10000.000000 10000.000000 0.000000
94.000000 14.000000 1.000000 10000.000000 10000.000000 10000.000000 0.000000
94.000000 15.000000 1.000000 10000.000000 10000.000000 10000.000000 0.000000
94.000000 16.000000 1.000000 10000.000000 10000.000000 10000.000000 0.000000
94.000000 17.000000 1.000000 10000.000000 10000.000000 10000.000000 0.000000
94.000000 18.000000 1.000000 10000.000000 10000.000000 10000.000000 0.000000
94.000000 19.000000 1.000000 10000.000000 10000.000000 10000.000000 0.000000
94.000000 20.000000 1.000000 10000.000000 10000.000000 10000.000000 0.000000
94.000000 21.000000 1.000000 10000.000000 10000.000000 10000.000000 0.000000
94.000000 22.000000 1.000000 10000.000000 10000.000000 10000.000000 0.000000
94.000000 23.000000 1.000000 10000.000000 10000.000000 10000.000000 0.000000
94.000000 24.000000 1.000000 10000.000000 10000.000000 10000.000000 0.000000
94.000000 25.000000 1.000000 10000.000000 10000.000000 10000.000000 0.000000
94.000000 26.000000 1.000000 10000.000000 10000.000000 10000.000000 0.000000
94.000000 27.000000 1.000000 10000.000000 10000.000000 10000.000000 0.000000
94.000000 28.000000 1.000000 10000.000000 10000.000000 10000.000000 0.000000
94.000000 29.000000 1.000000 10000.000000 10000.000000 10000.000000 0.000000
94.000000 30.000000 1.000000 10000.000000 10000.000000 10000.000000 0.000000
94.000000 31.000000 1.000000 10000.000000 10000.000000 10000.000000 0.000000
94.000000 32.000000 1.000000 10000.000000 10000.000000 10000.000000 0.000000
94.000000 33.000000 1.000000 10000.000000 10000.000000 10000.000000 0.000000
94.000000 34.000000 1.000000 10000.000000 10000.000000 10000.000000 0.000000
94.000000 35.000000 1.000000 10000.000000 10000.000000 10000.000000 0.000000
94.000000 36.000000 1.000000 10000.000000 10000.000000 10000.000000 0.000000
94.000000 37.000000 1.000000 10000.000000 10000.000000 10000.000000 0.000000
94.000000 38.000000 1.000000 10000.000000 10000.000000 10000.000000 0.000000
94.000000 39.000000 1.000000 10000.000000 10000.000000 10000.000000 0.000000
94.000000 40.000000 1.000000 10000.000000 10000.000000 10000.000000 0.000000
94.000000 41.000000 1.000000 10000.000000 10000.000000 10000.000000 0.000000
94.000000 42.000000 1.000000 10000.000000 10000.000000 10000.000000 0.000000
94.000000 43.000000 1.000000 10000.000000 10000.000000 10000.000000 0.000000
94.000000 44.000000 1.000000 10000.000000 10000.000000 10000.000000 0.000000
94.000000 45.000000 1.000000 10000.000000 10000.000000 10000.000000 0.000000
94.000000 46.000000 1.000000 10000.000000 10000.000000 10000.000000 0.000000
94.000000 47.000000 1.000000 10000.000000 10000.000000 10000.000000 0.000000
94.000000 48.000000 1.000000 10000.000000 10000.000000 10000.000000 0.000000
94.000000 49.000000 1.000000 10000.000000 10000.000000 10000.000000 0.000000
95.000000 0.000000 1.000000 10000.000000 10000.000000 10000.000000 0.000000
95.000000 1.000000 1.000000 10000.000000 10000.000000 10000.000000 0.000000
95.000000 2.000000 1.000000 9999.000000 10000.000000 9999.000000 0.000000
95.000000 3.000000 1.000000 9999.000000 10000.000000 9999.000000 0.000000
95.000000 4.000000 1.000000 9999.000000 10000.000000 9999.000000 0.000000
95.000000 5.000000 1.000000 9999.000000 10000.000000 9999.000000 0.000000
95.000000 6.000000 1.000000 9999.000000 10000.000000 9999.000000 0.000000
95.000000 7.000000 1.000000 9999.000000 10000.000000 9999.000000 0.000000
95.000000 8.000000 1.000000 10000.000000 10000.000000 10000.000000 0.000000
95.000000 9.000000 1.000000 10000.000000 10000.000000 10000.000000 0.000000
95.000000 10.000000 1.000000 10000.000000 10000.000000 10000.000000 0.000000
95.000000 11.000000 1.000000 10000.000000 10000.000000 10000.000000 0.000000
95.000000 12.000000 1.000000 10000.000000 10000.000000 10000.000000 0.000000
95.000000 13.000000 1.000000 10000.000000 10000.000000 10000.000000 0.000000
95.000000 14.000000 1.000000 10000.000000 10000.000000 10000.000000 0.000000
95.000000 15.000000 1.000000 10000.000000 10000.000000 10000.000000 0.000000
95.000000 16.000000 1.000000 10000.000000 10000.000000 10000.000000 0.000000
95.000000 17.000000 1.000000 10000.000000 10000.000000 10000.000000 0.000000
95.000000 18.000000 1.000000 10000.000000 10000.000000 10000.000000 0.000000
95.000000 19.000000 1.000000 10000.000000 10000.000000 10000.000000 0.000000
95.000000 20.000000 1.000000 10000.000000 10000.000000 10000.000000 0.000000
95.000000 21.000000 1.000000 10000.000000 10000.000000 10000.000000 0.000000
95.000000 22.000000 1.000000 10000.000000 10000.000000 10000.000000 0.000000
95.000000 23.000000 1.000000 10000.000000 10000.000000 10000.000000 0.000000
95.000000 24.000000 1.000000 10000.000000 10000.000000 10000.000000 0.000000
95.000000 25.000000 1.000000 10000.000000 10000.000000 10000.000000 0.000000
95.000000 26.000000 1.000000 10000.000000 10000.000000 10000.000000 0.000000
95.000000 27.000000 1.000000 10000.000000 10000.000000 10000.000000 0.000000
95.000000 28.000000 1.000000 10000.000000 10000.000000 10000.000000 0.000000
95.000000 29.000000 1.000000 10000.000000 10000.000000 10000.000000 0.000000
95.000000 30.000000 1.000000 10000.000000 10000.000000 10000.000000 0.000000
95.000000 31.000000 1.000000 10000.000000 10000.000000 10000.000000 0.000000
95.000000 32.000000 1.000000 10000.000000 10000.000000 10000.000000 0.000000
95.000000 33.000000 1.000000 10000.000000 10000.000000 10000.000000 0.000000
95.000000 34.000000 1.000000 10000.000000 10000.000000 10000.000000 0.000000
95.000000 35.000000 1.000000 10000.000000 10000.000000 10000.000000 0.000000
95.000000 36.000000 1.000000 10000.000000 10000.000000 10000.000000 0.000000
95.000000 37.000000 1.000000 10000.000000 10000.000000 10000.000000 0.000000
95.000000 38.000000 1.000000 10000.000000 10000.000000 10000.000000 0.000000
95.000000 39.000000 1.000000 10000.000000 10000.000000 10000.000000 0.000000
95.000000 40.000000 1.000000 10000.000000 10000.000000 10000.000000 0.000000
95.000000 41.000000 1.000000 10000.000000 10000.000000 10000.000000 0.000000
95.000000 42.000000 1.000000 10000.000000 10000.000000 10000.000000 0.000000
95.000000 43.000000 1.000000 10000.000000 10000.000000 10000.000000 0.000000
95.000000 44.000000 1.000000 10000.000000 10000.000000 10000.000000 0.000000
95.000000 45.000000 1.000000 10000.000000 10000.000000 10000.000000 0.000000
95.000000 46.000000 1.000000 10000.000000 10000.000000 10000.000000 0.000000
95.000000 47.000000 1.000000 10000.000000 10000.000000 10000.000000 0.000000
95.000000 48.000000 1.000000 10000.000000 10000.000000 10000.000000 0.000000
95.000000 49.000000 1.000000 10000.000000 10000.000000 10000.000000 0.000000
96.000000 0.000000 1.000000 10000.000000 10000.000000 10000.000000 0.000000
96.000000 1.000000 1.000000 10000.000000 10000.000000 10000.000000 0.000000
96.000000 2.000000 1.000000 10000.000000 10000.000000 10000.000000 0.000000
96.000000 3.000000 1.000000 10000.000000 10000.000000 10000.000000 0.000000
96.000000 4.000000 1.000000 10000.000000 10000.000000 10000.000000 0.000000
96.000000 5.000000 1.000000 10000.000000 10000.000000 10000.000000 0.000000
96.000000 6.000000 1.000000 10000.000000 10000.000000 10000.000000 0.000000
96.000000 7.000000 1.000000 9998.000000 10000.000000 9998.000000 0.000000
96.000000 8.000000 1.000000 9997.000000 10000.000000 9997.000000 0.000000
96.000000 9.000000 1.000000 9992.000000 10000.000000 9992.000000 0.000000
96.000000 10.000000 1.000000 9969.000000 10000.000000 9969.000000 0.000000
96.000000 11.000000 1.000000 9938.000000 10000.000000 9938.000000 0.000000
96.000000 12.000000 1.000000 9918.000000 10000.000000 9919.000000 1.000000
96.000000 13.000000 1.000000 9872.000000 9999.000000 9874.000000 1.000000
96.000000 14.000000 9589.000000 170.000000 10000.000000 9759.000000 9589.000000
96.000000 15.000000 4845.000000 4706.000000 10000.000000 9503.000000 4797.000000
96.000000 16.000000 8081.000000 1345.000000 10000.000000 9426.000000 8081.000000
96.000000 17.000000 8244.000000 1078.000000 10000.000000 9322.000000 8244.000000
96.000000 18.000000 7671.000000 1614.000000 10000.000000 9285.000000 7671.000000
96.000000 19.000000 4652.000000 4724.000000 10000.000000 9357.000000 4633.000000
96.000000 20.000000 49.000000 232.000000 625.000000 9610.000000 38.000000
96.000000 21.000000 441.000000 3076.000000 3688.000000 9732.000000 362.000000
96.000000 22.000000 1.000000 171.000000 212.000000 9860.000000 1.000000
96.000000 23.000000 5643.000000 4280.000000 10000.000000 9923.000000 5643.000000
96.000000 24.000000 1.000000 16.000000 16.000000 9941.000000 0.000000
96.000000 25.000000 1.000000 41.000000 49.000000 9947.000000 0.000000
96.000000 26.000000 1.000000 2435.000000 2454.000000 9946.000000 0.000000
96.000000 27.000000 1.000000 3977.000000 3995.000000 9951.000000 0.000000
96.000000 28.000000 1.000000 4225.000000 4242.000000 9944.000000 0.000000
96.000000 29.000000 1.000000 4339.000000 4361.000000 9943.000000 0.000000
96.000000 30.000000 1.000000 9950.000000 10000.000000 9950.000000 0.000000
96.000000 31.000000 1.000000 9953.000000 10000.000000 9953.000000 0.000000
96.000000 32.000000 1.000000 9946.000000 10000.000000 9946.000000 0.000000
96.000000 33.000000 1.000000 9943.000000 10000.000000 9943.000000 0.000000
96.000000 34.000000 1.000000 9947.000000 10000.000000 9947.000000 0.000000
96.000000 35.000000 1.000000 9945.000000 10000.000000 9945.000000 0.000000
96.000000 36.000000 1.000000 9930.000000 10000.000000 9930.000000 0.000000
96.000000 37.000000 1.000000 9914.000000 10000.000000 9915.000000 1.000000
96.000000 38.000000 1.000000 9900.000000 9999.000000 9902.000000 1.000000
96.000000 39.000000 1.000000 9891.000000 9998.000000 9894.000000 1.000000
96.000000 40.000000 415.000000 9549.000000 9997.000000 9848.000000 296.000000
96.000000 41.000000 1017.000000 8754.000000 9702.000000 9826.000000 780.000000
96.000000 42.000000 1318.000000 7708.000000 8932.000000 9795.000000 1061.000000
96.000000 43.000000 1565.000000 6594.000000 8073.000000 9764.000000 1312.000000
96.000000 44.000000 1263.000000 5895.000000 7118.000000 9745.000000 1034.000000
96.000000 45.000000 973.000000 5627.000000 6599.000000 9747.000000 778.000000
96.000000 46.000000 411.000000 5714.000000 6173.000000 9776.000000 301.000000
96.000000 47.000000 122.000000 6378.000000 6579.000000 9815.000000 85.000000
96.000000 48.000000 68.000000 7638.000000 7805.000000 9840.000000 48.000000
96.000000 49.000000 1.000000 8923.000000 9049.000000 9861.000000 1.000000
97.000000 0.000000 1.000000 10000.000000 10000.000000 10000.000000 0.000000
97.000000 1.000000 1.000000 10000.000000 10000.000000 10000.000000 0.000000
97.000000 2.000000 1.000000 10000.000000 10000.000000 10000.000000 0.000000
97.000000 3.000000 1.000000 10000.000000 10000.000000 10000.000000 0.000000
97.000000 4.000000 1.000000 10000.000000 10000.000000 10000.000000 0.000000
97.000000 5.000000 1.000000 10000.000000 10000.000000 10000.000000 0.000000
97.000000 6.000000 1.000000 9999.000000 10000.000000 9999.000000 0.000000
97.000000 7.000000 1.000000 9997.000000 10000.000000 9997.000000 0.000000
97.000000 8.000000 1.000000 9997.000000 10000.000000 9997.000000 0.000000
97.000000 9.000000 1.000000 9997.000000 10000.000000 9997.000000 0.000000
97.000000 10.000000 1.000000 9997.000000 10000.000000 9997.000000 0.000000
97.000000 11.000000 1.000000 9995.000000 10000.000000 9995.000000 0.000000
97.000000 12.000000 1.000000 9996.000000 10000.000000 9996.000000 0.000000
97.000000 13.000000 1.000000 9997.000000 10000.000000 9997.000000 0.000000
97.000000 14.000000 1.000000 9994.000000 10000.000000 9994.000000 0.000000
97.000000 15.000000 1.000000 9970.000000 10000.000000 9970.000000 0.000000
97.000000 16.000000 1.000000 9939.000000 10000.000000 9939.000000 0.000000
97.000000 17.000000 1.000000 9921.000000 10000.000000 9922.000000 1.000000
97.000000 18.000000 6769.000000 3130.000000 10000.000000 9899.000000 6769.000000
97.000000 19.000000 1.000000 3124.000000 3260.000000 9777.000000 1.000000
97.000000 20.000000 8674.000000 1074.000000 10000.000000 9748.000000 8674.000000
97.000000 21.000000 1.000000 27.000000 123.000000 9714.000000 1.000000
97.000000 22.000000 8906.000000 799.000000 10000.000000 9705.000000 8906.000000
97.000000 23.000000 1.000000 23.000000 214.000000 9687.000000 1.000000
97.000000 24.000000 7404.000000 2382.000000 10000.000000 9786.000000 7404.000000
97.000000 25.000000 1.000000 59.000000 82.000000 9823.000000 0.000000
97.000000 26.000000 1.000000 88.000000 101.000000 9876.000000 1.000000
97.000000 27.000000 1.000000 154.000000 172.000000 9907.000000 0.000000
97.000000 28.000000 1.000000 170.000000 172.000000 9945.000000 0.000000
97.000000 29.000000 1.000000 2584.000000 2596.000000 9931.000000 0.000000
97.000000 30.000000 1.000000 7459.000000 7532.000000 9915.000000 1.000000
97.000000 31.000000 6987.000000 2900.000000 10000.000000 9887.000000 6987.000000
97.000000 32.000000 1.000000 2898.000000 3046.000000 9793.000000 1.000000
97.000000 33.000000 9055.000000 700.000000 10000.000000 9755.000000 9055.000000
97.000000 34.000000 1.000000 22.000000 148.000000 9704.000000 1.000000
97.000000 35.000000 9184.000000 531.000000 10000.000000 9715.000000 9184.000000
97.000000 36.000000 1.000000 34.000000 215.000000 9693.000000 1.000000
97.000000 37.000000 7867.000000 1899.000000 10000.000000 9766.000000 7867.000000
97.000000 38.000000 1.000000 49.000000 110.000000 9780.000000 0.000000
97.000000 39.000000 1.000000 121.000000 176.000000 9843.000000 1.000000
97.000000 40.000000 1.000000 151.000000 175.000000 9868.000000 1.000000
97.000000 41.000000 1.000000 191.000000 214.000000 9904.000000 1.000000
97.000000 42.000000 1.000000 2114.000000 2140.000000 9921.000000 0.000000
97.000000 43.000000 1.000000 2129.000000 2140.000000 9950.000000 0.000000
97.000000 44.000000 1.000000 7349.000000 7379.000000 9959.000000 0.000000
97.000000 45.000000 1.000000 9952.000000 9997.000000 9955.000000 0.000000
97.000000 46.000000 1.000000 9956.000000 9998.000000 9958.000000 0.000000
97.000000 47.000000 1.000000 9963.000000 9999.000000 9964.000000 0.000000
97.000000 48.000000 1.000000 9965.000000 10000.000000 9965.000000 0.000000
97.000000 49.000000 1.000000 9971.000000 10000.000000 9971.000000 0.000000
98.000000 0.000000 1.000000 10000.000000 10000.000000 10000.000000 0.000000
98.000000 1.000000 1.000000 10000.000000 10000.000000 10000.000000 0.000000
98.000000 2.000000 1.000000 9999.000000 10000.000000 9999.000000 0.000000
98.000000 3.000000 1.000000 9999.000000 10000.000000 9999.000000 0.000000
98.000000 4.000000 1.000000 9999.000000 10000.000000 9999.000000 0.000000
98.000000 5.000000 1.000000 9999.000000 10000.000000 9999.000000 0.000000
98.000000 6.000000 1.000000 9999.000000 10000.000000 9999.000000 0.000000
98.000000 7.000000 1.000000 10000.000000 10000.000000 10000.000000 0.000000
98.000000 8.000000 1.000000 10000.000000 10000.000000 10000.000000 0.000000
98.000000 9.000000 1.000000 10000.000000 10000.000000 10000.000000 0.000000
98.000000 10.000000 1.000000 10000.000000 10000.000000 10000.000000 0.000000
98.000000 11.000000 1.000000 10000.000000 10000.000000 10000.000000 0.000000
98.000000 12.000000 1.000000 10000.000000 10000.000000 10000.000000 0.000000
98.000000 13.000000 1.000000 10000.000000 10000.000000 10000.000000 0.000000
98.000000 14.000000 1.000000 10000.000000 10000.000000 10000.000000 0.000000
98.000000 15.000000 1.000000 10000.000000 10000.000000 10000.000000 0.000000
98.000000 16.000000 1.000000 10000.000000 10000.000000 10000.000000 0.000000
98.000000 17.000000 1.000000 10000.000000 10000.000000 10000.000000 0.000000
98.000000 18.000000 1.000000 10000.000000 10000.000000 10000.000000 0.000000
98.000000 19.000000 1.000000 10000.000000 10000.000000 10000.000000 0.000000
98.000000 20.000000 1.000000 10000.000000 10000.000000 10000.000000 0.000000
98.000000 21.000000 1.000000 10000.000000 10000.000000 10000.000000 0.000000
98.000000 22.000000 1.000000 10000.000000 10000.000000 10000.000000 0.000000
98.000000 23.000000 1.000000 10000.000000 10000.000000 10000.000000 0.000000
98.000000 24.000000 1.000000 10000.000000 10000.000000 10000.000000 0.000000
98.000000 25.000000 1.000000 10000.000000 10000.000000 10000.000000 0.000000
98.000000 26.000000 1.000000 10000.000000 10000.000000 10000.000000 0.000000
98.000000 27.000000 1.000000 10000.000000 10000.000000 10000.000000 0.000000
98.000000 28.000000 1.000000 10000.000000 10000.000000 10000.000000 0.000000
98.000000 29.000000 1.000000 10000.000000 10000.000000 10000.000000 0.000000
98.000000 30.000000 1.000000 10000.000000 10000.000000 10000.000000 0.000000
98.000000 31.000000 1.000000 10000.000000 10000.000000 10000.000000 0.000000
98.000000 32.000000 1.000000 10000.000000 10000.000000 10000.000000 0.000000
98.000000 33.000000 1.000000 10000.000000 10000.000000 10000.000000 0.000000
98.000000 34.000000 1.000000 10000.000000 10000.000000 10000.000000 0.000000
98.000000 35.000000 1.000000 10000.000000 10000.000000 10000.000000 0.000000
98.000000 36.000000 1.000000 10000.000000 10000.000000 10000.000000 0.000000
98.000000 37.000000 1.000000 10000.000000 10000.000000 10000.000000 0.000000
98.000000 38.000000 1.000000 10000.000000 10000.000000 10000.000000 0.000000
98.000000 39.000000 1.000000 10000.000000 10000.000000 10000.000000 0.000000
98.000000 40.000000 1.000000 10000.000000 10000.000000 10000.000000 0.000000
98.000000 41.000000 1.000000 10000.000000 10000.000000 10000.000000 0.000000
98.000000 42.000000 1.000000 10000.000000 10000.000000 10000.000000 0.000000
98.000000 43.000000 1.000000 10000.000000 10000.000000 10000.000000 0.000000
98.000000 44.000000 1.000000 10000.000000 10000.000000 10000.000000 0.000000
98.000000 45.000000 1.000000 10000.000000 10000.000000 10000.000000 0.000000
98.000000 46.000000 1.000000 10000.000000 10000.000000 10000.000000 0.000000
98.000000 47.000000 1.000000 10000.000000 10000.000000 10000.000000 0.000000
98.000000 48.000000 1.000000 10000.000000 10000.000000 10000.000000 0.000000
98.000000 49.000000 1.000000 10000.000000 10000.000000 10000.000000 0.000000
99.000000 0.000000 1.000000 10000.000000 10000.000000 10000.000000 0.000000
99.000000 1.000000 1.000000 10000.000000 10000.000000 10000.000000 0.000000
99.000000 2.000000 1.000000 10000.000000 10000.000000 10000.000000 0.000000
99.000000 3.000000 1.000000 10000.000000 10000.000000 10000.000000 0.000000
99.000000 4.000000 1.000000 10000.000000 10000.000000 10000.000000 0.000000
99.000000 5.000000 1.000000 10000.000000 10000.000000 10000.000000 0.000000
99.000000 6.000000 1.000000 9998.000000 10000.000000 9998.000000 0.000000
99.000000 7.000000 1.000000 9996.000000 10000.000000 9996.000000 0.000000
99.000000 8.000000 1.000000 9990.000000 10000.000000 9990.000000 0.000000
99.000000 9.000000 1.000000 9975.000000 10000.000000 9975.000000 0.000000
99.000000 10.000000 1.000000 9968.000000 10000.000000 9968.000000 0.000000
99.000000 11.000000 1.000000 9958.000000 10000.000000 9958.000000 0.000000
99.000000 12.000000 1.000000 9921.000000 10000.000000 9922.000000 1.000000
99.000000 13.000000 1.000000 9889.000000 9999.000000 9891.000000 1.000000
99.000000 14.000000 1.000000 9876.000000 9998.000000 9879.000000 1.000000
99.000000 15.000000 326.000000 9621.000000 9997.000000 9854.000000 230.000000
99.000000 16.000000 3010.000000 6715.000000 9777.000000 9756.000000 2833.000000
99.000000 17.000000 2793.000000 4181.000000 7193.000000 9659.000000 2731.000000
99.000000 18.000000 5913.000000 3666.000000 10000.000000 9579.000000 5913.000000
99.000000 19.000000 6279.000000 3213.000000 10000.000000 9492.000000 6279.000000
99.000000 20.000000 7137.000000 2261.000000 10000.000000 9398.000000 7137.000000
99.000000 21.000000 4772.000000 4678.000000 10000.000000 9450.000000 4772.000000
99.000000 22.000000 1698.000000 3237.000000 5249.000000 9539.000000 1560.000000
99.000000 23.000000 301.000000 1214.000000 1768.000000 9642.000000 251.000000
99.000000 24.000000 1.000000 123.000000 274.000000 9757.000000 1.000000
99.000000 25.000000 1.000000 244.000000 273.000000 9873.000000 1.000000
99.000000 26.000000 1.000000 281.000000 289.000000 9919.000000 0.000000
99.000000 27.000000 1.000000 2662.000000 2670.000000 9949.000000 0.000000
99.000000 28.000000 1.000000 5001.000000 5012.000000 9966.000000 0.000000
99.000000 29.000000 1.000000 8682.000000 8709.000000 9966.000000 0.000000
99.000000 30.000000 1.000000 9866.000000 9915.000000 9951.000000 0.000000
99.000000 31.000000 1.000000 9939.000000 9999.000000 9940.000000 0.000000
99.000000 32.000000 1.000000 9927.000000 10000.000000 9928.000000 1.000000
99.000000 33.000000 1.000000 9890.000000 9999.000000 9892.000000 1.000000
99.000000 34.000000 361.000000 9588.000000 9998.000000 9846.000000 256.000000
99.000000 35.000000 481.000000 9242.000000 9742.000000 9842.000000 350.000000
99.000000 36.000000 1167.000000 8315.000000 9394.000000 9818.000000 923.000000
99.000000 37.000000 1437.000000 7214.000000 8565.000000 9776.000000 1172.000000
99.000000 38.000000 1383.000000 6352.000000 7684.000000 9754.000000 1140.000000
99.000000 39.000000 1256.000000 5868.000000 7084.000000 9755.000000 1034.000000
99.000000 40.000000 1299.000000 5768.000000 7051.000000 9742.000000 1077.000000
99.000000 41.000000 946.000000 5811.000000 6755.000000 9749.000000 748.000000
99.000000 42.000000 615.000000 6128.000000 6766.000000 9772.000000 462.000000
99.000000 43.000000 21.000000 6539.000000 6683.000000 9811.000000 14.000000
99.000000 44.000000 1557.000000 8310.000000 9832.000000 9851.000000 1373.000000
99.000000 45.000000 1.000000 6611.000000 6710.000000 9863.000000 1.000000
99.000000 46.000000 6953.000000 2919.000000 10000.000000 9872.000000 6953.000000
99.000000 47.000000 1.000000 980.000000 1050.000000 9872.000000 0.000000
99.000000 48.000000 1.000000 1647.000000 1716.000000 9865.000000 1.000000
99.000000 49.000000 1.000000 1669.000000 1724.000000 9864.000000 1.000000
