0.000000 0.000000 1.000000 10000.000000 10000.000000 10000.000000 10000.000000
0.000000 1.000000 1.000000 10000.000000 10000.000000 10000.000000 10000.000000
0.000000 2.000000 1.000000 10000.000000 10000.000000 10000.000000 10000.000000
0.000000 3.000000 1.000000 9999.000000 10000.000000 9999.000000 9999.000000
0.000000 4.000000 1.000000 9996.000000 10000.000000 9996.000000 9996.000000
0.000000 5.000000 1.000000 9993.000000 10000.000000 9993.000000 9993.000000
0.000000 6.000000 1.000000 9988.000000 10000.000000 9988.000000 9988.000000
0.000000 7.000000 1.000000 9982.000000 10000.000000 9982.000000 9982.000000
0.000000 8.000000 1.000000 9969.000000 10000.000000 9969.000000 9969.000000
0.000000 9.000000 1.000000 9950.000000 10000.000000 9950.000000 9950.000000
0.000000 10.000000 1.000000 9922.000000 10000.000000 9922.000000 9922.000000
0.000000 11.000000 1.000000 9865.000000 10000.000000 9865.000000 9865.000000
0.000000 12.000000 1.000000 9751.000000 10000.000000 9751.000000 9751.000000
0.000000 13.000000 1.000000 9620.000000 10000.000000 9620.000000 9620.000000
0.000000 14.000000 1.000000 9434.000000 10000.000000 9434.000000 9434.000000
0.000000 15.000000 1.000000 9198.000000 10000.000000 9198.000000 9198.000000
0.000000 16.000000 1.000000 8964.000000 10000.000000 8964.000000 8964.000000
0.000000 17.000000 1.000000 8765.000000 10000.000000 8765.000000 8765.000000
0.000000 18.000000 1.000000 8565.000000 10000.000000 8565.000000 8565.000000
0.000000 19.000000 1.000000 8500.000000 10000.000000 8500.000000 8500.000000
0.000000 20.000000 1.000000 8532.000000 10000.000000 8532.000000 8532.000000
0.000000 21.000000 1.000000 8574.000000 10000.000000 8574.000000 8574.000000
0.000000 22.000000 1.000000 8688.000000 10000.000000 8688.000000 8688.000000
0.000000 23.000000 1.000000 8864.000000 10000.000000 8864.000000 8864.000000
0.000000 24.000000 1.000000 9010.000000 10000.000000 9010.000000 9010.000000
0.000000 25.000000 1.000000 9149.000000 10000.000000 9149.000000 9149.000000
0.000000 26.000000 1.000000 9300.000000 10000.000000 9300.000000 9300.000000
0.000000 27.000000 1.000000 9443.000000 10000.000000 9443.000000 9443.000000
0.000000 28.000000 1.000000 9557.000000 10000.000000 9557.000000 9557.000000
0.000000 29.000000 1.000000 9657.000000 10000.000000 9657.000000 9657.000000
0.000000 30.000000 1.000000 9742.000000 10000.000000 9742.000000 9742.000000
0.000000 31.000000 1.000000 9799.000000 10000.000000 9799.000000 9799.000000
0.000000 32.000000 1.000000 9851.000000 10000.000000 9851.000000 9851.000000
0.000000 33.000000 1.000000 9890.000000 10000.000000 9890.000000 9890.000000
0.000000 34.000000 1.000000 9911.000000 10000.000000 9911.000000 9911.000000
0.000000 35.000000 1.000000 9931.000000 10000.000000 9931.000000 9931.000000
0.000000 36.000000 1.000000 9950.000000 10000.000000 9950.000000 9950.000000
0.000000 37.000000 1.000000 9959.000000 10000.000000 9959.000000 9959.000000
0.000000 38.000000 1.000000 9970.000000 10000.000000 9970.000000 9970.000000
0.000000 39.000000 1.000000 9983.000000 10000.000000 9983.000000 9983.000000
0.000000 40.000000 1.000000 9987.000000 10000.000000 9987.000000 9987.000000
0.000000 41.000000 1.000000 9990.000000 10000.000000 9990.000000 9990.000000
0.000000 42.000000 1.000000 9991.000000 10000.000000 9991.000000 9991.000000
0.000000 43.000000 1.000000 9996.000000 10000.000000 9996.000000 9996.000000
0.000000 44.000000 1.000000 9997.000000 10000.000000 9997.000000 9997.000000
0.000000 45.000000 1.000000 9999.000000 10000.000000 9999.000000 9999.000000
0.000000 46.000000 1.000000 10000.000000 10000.000000 10000.000000 10000.000000
0.000000 47.000000 1.000000 10000.000000 10000.000000 10000.000000 10000.000000
0.000000 48.000000 1.000000 10000.000000 10000.000000 10000.000000 10000.000000
0.000000 49.000000 1.000000 10000.000000 10000.000000 10000.000000 10000.000000
1.000000 0.000000 1.000000 10000.000000 10000.000000 10000.000000 10000.000000
1.000000 1.000000 1.000000 10000.000000 10000.000000 10000.000000 10000.000000
1.000000 2.000000 1.000000 10000.000000 10000.000000 10000.000000 10000.000000
1.000000 3.000000 1.000000 9998.000000 10000.000000 9998.000000 9998.000000
1.000000 4.000000 1.000000 9990.000000 10000.000000 9990.000000 9990.000000
1.000000 5.000000 1.000000 9980.000000 10000.000000 9980.000000 9980.000000
1.000000 6.000000 1.000000 9976.000000 10000.000000 9976.000000 9976.000000
1.000000 7.000000 1.000000 9962.000000 10000.000000 9962.000000 9962.000000
1.000000 8.000000 1.000000 9955.000000 10000.000000 9955.000000 9955.000000
1.000000 9.000000 1.000000 9929.000000 10000.000000 9929.000000 9929.000000
1.000000 10.000000 1.000000 9906.000000 10000.000000 9906.000000 9906.000000
1.000000 11.000000 1.000000 9831.000000 10000.000000 9831.000000 9831.000000
1.000000 12.000000 1.000000 9710.000000 10000.000000 9710.000000 9710.000000
1.000000 13.000000 1.000000 9481.000000 10000.000000 9481.000000 9481.000000
1.000000 14.000000 1.000000 9238.000000 10000.000000 9238.000000 9238.000000
1.000000 15.000000 1.000000 8948.000000 10000.000000 8948.000000 8948.000000
1.000000 16.000000 1.000000 8648.000000 10000.000000 8648.000000 8648.000000
1.000000 17.000000 1.000000 8443.000000 10000.000000 8443.000000 8443.000000
1.000000 18.000000 1.000000 8335.000000 10000.000000 8335.000000 8335.000000
1.000000 19.000000 1.000000 8332.000000 10000.000000 8332.000000 8332.000000
1.000000 20.000000 1.000000 8449.000000 10000.000000 8449.000000 8449.000000
1.000000 21.000000 1.000000 8667.000000 10000.000000 8667.000000 8667.000000
1.000000 22.000000 1.000000 8873.000000 10000.000000 8873.000000 8873.000000
1.000000 23.000000 1.000000 9143.000000 10000.000000 9143.000000 9143.000000
1.000000 24.000000 1.000000 9347.000000 10000.000000 9347.000000 9347.000000
1.000000 25.000000 1.000000 9515.000000 10000.000000 9515.000000 9515.000000
1.000000 26.000000 1.000000 9630.000000 10000.000000 9630.000000 9630.000000
1.000000 27.000000 1.000000 9716.000000 10000.000000 9716.000000 9716.000000
1.000000 28.000000 1.000000 9756.000000 10000.000000 9756.000000 9756.000000
1.000000 29.000000 1.000000 9800.000000 10000.000000 9800.000000 9800.000000
1.000000 30.000000 1.000000 9833.000000 10000.000000 9833.000000 9833.000000
1.000000 31.000000 1.000000 9861.000000 10000.000000 9861.000000 9861.000000
1.000000 32.000000 1.000000 9889.000000 10000.000000 9889.000000 9889.000000
1.000000 33.000000 1.000000 9907.000000 10000.000000 9907.000000 9907.000000
1.000000 34.000000 1.000000 9928.000000 10000.000000 9928.000000 9928.000000
1.000000 35.000000 1.000000 9934.000000 10000.000000 9934.000000 9934.000000
1.000000 36.000000 1.000000 9946.000000 10000.000000 9946.000000 9946.000000
1.000000 37.000000 1.000000 9959.000000 10000.000000 9959.000000 9959.000000
1.000000 38.000000 1.000000 9970.000000 10000.000000 9970.000000 9970.000000
1.000000 39.000000 1.000000 9979.000000 10000.000000 9979.000000 9979.000000
1.000000 40.000000 1.000000 9991.000000 10000.000000 9991.000000 9991.000000
1.000000 41.000000 1.000000 9997.000000 10000.000000 9997.000000 9997.000000
1.000000 42.000000 1.000000 9998.000000 10000.000000 9998.000000 9998.000000
1.000000 43.000000 1.000000 10000.000000 10000.000000 10000.000000 10000.000000
1.000000 44.000000 1.000000 10000.000000 10000.000000 10000.000000 10000.000000
1.000000 45.000000 1.000000 10000.000000 10000.000000 10000.000000 10000.000000
1.000000 46.000000 1.000000 10000.000000 10000.000000 10000.000000 10000.000000
1.000000 47.000000 1.000000 10000.000000 10000.000000 10000.000000 10000.000000
1.000000 48.000000 1.000000 10000.000000 10000.000000 10000.000000 10000.000000
1.000000 49.000000 1.000000 10000.000000 10000.000000 10000.000000 10000.000000
2.000000 0.000000 1.000000 10000.000000 10000.000000 10000.000000 10000.000000
2.000000 1.000000 1.000000 9999.000000 10000.000000 9999.000000 9999.000000
2.000000 2.000000 1.000000 9999.000000 10000.000000 9999.000000 9999.000000
2.000000 3.000000 1.000000 9999.000000 10000.000000 9999.000000 9999.000000
2.000000 4.000000 1.000000 9999.000000 10000.000000 9999.000000 9999.000000
2.000000 5.000000 1.000000 9999.000000 10000.000000 9999.000000 9999.000000
2.000000 6.000000 1.000000 10000.000000 10000.000000 10000.000000 10000.000000
2.000000 7.000000 1.000000 10000.000000 10000.000000 10000.000000 10000.000000
2.000000 8.000000 1.000000 10000.000000 10000.000000 10000.000000 10000.000000
2.000000 9.000000 1.000000 10000.000000 10000.000000 10000.000000 10000.000000
2.000000 10.000000 1.000000 10000.000000 10000.000000 10000.000000 10000.000000
2.000000 11.000000 1.000000 10000.000000 10000.000000 10000.000000 10000.000000
2.000000 12.000000 1.000000 10000.000000 10000.000000 10000.000000 10000.000000
2.000000 13.000000 1.000000 10000.000000 10000.000000 10000.000000 10000.000000
2.000000 14.000000 1.000000 10000.000000 10000.000000 10000.000000 10000.000000
2.000000 15.000000 1.000000 10000.000000 10000.000000 10000.000000 10000.000000
2.000000 16.000000 1.000000 10000.000000 10000.000000 10000.000000 10000.000000
2.000000 17.000000 1.000000 10000.000000 10000.000000 10000.000000 10000.000000
2.000000 18.000000 1.000000 10000.000000 10000.000000 10000.000000 10000.000000
2.000000 19.000000 1.000000 10000.000000 10000.000000 10000.000000 10000.000000
2.000000 20.000000 1.000000 10000.000000 10000.000000 10000.000000 10000.000000
2.000000 21.000000 1.000000 10000.000000 10000.000000 10000.000000 10000.000000
2.000000 22.000000 1.000000 10000.000000 10000.000000 10000.000000 10000.000000
2.000000 23.000000 1.000000 10000.000000 10000.000000 10000.000000 10000.000000
2.000000 24.000000 1.000000 10000.000000 10000.000000 10000.000000 10000.000000
2.000000 25.000000 1.000000 10000.000000 10000.000000 10000.000000 10000.000000
2.000000 26.000000 1.000000 10000.000000 10000.000000 10000.000000 10000.000000
2.000000 27.000000 1.000000 10000.000000 10000.000000 10000.000000 10000.000000
2.000000 28.000000 1.000000 10000.000000 10000.000000 10000.000000 10000.000000
2.000000 29.000000 1.000000 10000.000000 10000.000000 10000.000000 10000.000000
2.000000 30.000000 1.000000 10000.000000 10000.000000 10000.000000 10000.000000
2.000000 31.000000 1.000000 10000.000000 10000.000000 10000.000000 10000.000000
2.000000 32.000000 1.000000 10000.000000 10000.000000 10000.000000 10000.000000
2.000000 33.000000 1.000000 10000.000000 10000.000000 10000.000000 10000.000000
2.000000 34.000000 1.000000 10000.000000 10000.000000 10000.000000 10000.000000
2.000000 35.000000 1.000000 10000.000000 10000.000000 10000.000000 10000.000000
2.000000 36.000000 1.000000 10000.000000 10000.000000 10000.000000 10000.000000
2.000000 37.000000 1.000000 10000.000000 10000.000000 10000.000000 10000.000000
2.000000 38.000000 1.000000 10000.000000 10000.000000 10000.000000 10000.000000
2.000000 39.000000 1.000000 10000.000000 10000.000000 10000.000000 10000.000000
2.000000 40.000000 1.000000 10000.000000 10000.000000 10000.000000 10000.000000
2.000000 41.000000 1.000000 10000.000000 10000.000000 10000.000000 10000.000000
2.000000 42.000000 1.000000 10000.000000 10000.000000 10000.000000 10000.000000
2.000000 43.000000 1.000000 10000.000000 10000.000000 10000.000000 10000.000000
2.000000 44.000000 1.000000 10000.000000 10000.000000 10000.000000 10000.000000
2.000000 45.000000 1.000000 10000.000000 10000.000000 10000.000000 10000.000000
2.000000 46.000000 1.000000 10000.000000 10000.000000 10000.000000 10000.000000
2.000000 47.000000 1.000000 10000.000000 10000.000000 10000.000000 10000.000000
2.000000 48.000000 1.000000 10000.000000 10000.000000 10000.000000 10000.000000
2.000000 49.000000 1.000000 10000.000000 10000.000000 10000.000000 10000.000000
3.000000 0.000000 1.000000 10000.000000 10000.000000 10000.000000 10000.000000
3.000000 1.000000 1.000000 10000.000000 10000.000000 10000.000000 10000.000000
3.000000 2.000000 1.000000 10000.000000 10000.000000 10000.000000 10000.000000
3.000000 3.000000 1.000000 10000.000000 10000.000000 10000.000000 10000.000000
3.000000 4.000000 1.000000 9999.000000 10000.000000 9999.000000 9999.000000
3.000000 5.000000 1.000000 9992.000000 10000.000000 9992.000000 9992.000000
3.000000 6.000000 1.000000 9983.000000 10000.000000 9983.000000 9983.000000
3.000000 7.000000 1.000000 9953.000000 10000.000000 9953.000000 9953.000000
3.000000 8.000000 1.000000 9915.000000 10000.000000 9915.000000 9915.000000
3.000000 9.000000 1.000000 9828.000000 10000.000000 9828.000000 9828.000000
3.000000 10.000000 1.000000 9717.000000 10000.000000 9717.000000 9717.000000
3.000000 11.000000 1.000000 9594.000000 10000.000000 9594.000000 9594.000000
3.000000 12.000000 1.000000 9458.000000 10000.000000 9458.000000 9458.000000
3.000000 13.000000 1.000000 9252.000000 10000.000000 9252.000000 9252.000000
3.000000 14.000000 1.000000 9116.000000 10000.000000 9116.000000 9116.000000
3.000000 15.000000 1.000000 8968.000000 10000.000000 8968.000000 8968.000000
3.000000 16.000000 1.000000 8834.000000 10000.000000 8834.000000 8834.000000
3.000000 17.000000 1.000000 8723.000000 10000.000000 8723.000000 8723.000000
3.000000 18.000000 1.000000 8628.000000 10000.000000 8628.000000 8628.000000
3.000000 19.000000 1.000000 8557.000000 10000.000000 8557.000000 8557.000000
3.000000 20.000000 1.000000 8581.000000 10000.000000 8581.000000 8581.000000
3.000000 21.000000 1.000000 8599.000000 10000.000000 8599.000000 8599.000000
3.000000 22.000000 1.000000 8695.000000 10000.000000 8695.000000 8695.000000
3.000000 23.000000 1.000000 8872.000000 10000.000000 8872.000000 8872.000000
3.000000 24.000000 1.000000 9067.000000 10000.000000 9067.000000 9067.000000
3.000000 25.000000 1.000000 9234.000000 10000.000000 9234.000000 9234.000000
3.000000 26.000000 1.000000 9423.000000 10000.000000 9423.000000 9423.000000
3.000000 27.000000 1.000000 9567.000000 10000.000000 9567.000000 9567.000000
3.000000 28.000000 1.000000 9684.000000 10000.000000 9684.000000 9684.000000
3.000000 29.000000 1.000000 9778.000000 10000.000000 9778.000000 9778.000000
3.000000 30.000000 1.000000 9840.000000 10000.000000 9840.000000 9840.000000
3.000000 31.000000 1.000000 9892.000000 10000.000000 9892.000000 9892.000000
3.000000 32.000000 1.000000 9917.000000 10000.000000 9917.000000 9917.000000
3.000000 33.000000 1.000000 9937.000000 10000.000000 9937.000000 9937.000000
3.000000 34.000000 1.000000 9954.000000 10000.000000 9954.000000 9954.000000
3.000000 35.000000 1.000000 9968.000000 10000.000000 9968.000000 9968.000000
3.000000 36.000000 1.000000 9974.000000 10000.000000 9974.000000 9974.000000
3.000000 37.000000 1.000000 9987.000000 10000.000000 9987.000000 9987.000000
3.000000 38.000000 1.000000 9992.000000 10000.000000 9992.000000 9992.000000
3.000000 39.000000 1.000000 9996.000000 10000.000000 9996.000000 9996.000000
3.000000 40.000000 1.000000 10000.000000 10000.000000 10000.000000 10000.000000
3.000000 41.000000 1.000000 10000.000000 10000.000000 10000.000000 10000.000000
3.000000 42.000000 1.000000 10000.000000 10000.000000 10000.000000 10000.000000
3.000000 43.000000 1.000000 10000.000000 10000.000000 10000.000000 10000.000000
3.000000 44.000000 1.000000 10000.000000 10000.000000 10000.000000 10000.000000
3.000000 45.000000 1.000000 10000.000000 10000.000000 10000.000000 10000.000000
3.000000 46.000000 1.000000 10000.000000 10000.000000 10000.000000 10000.000000
3.000000 47.000000 1.000000 10000.000000 10000.000000 10000.000000 10000.000000
3.000000 48.000000 1.000000 10000.000000 10000.000000 10000.000000 10000.000000
3.000000 49.000000 1.000000 10000.000000 10000.000000 10000.000000 10000.000000
4.000000 0.000000 1.000000 10000.000000 10000.000000 10000.000000 10000.000000
4.000000 1.000000 1.000000 10000.000000 10000.000000 10000.000000 10000.000000
4.000000 2.000000 1.000000 9999.000000 10000.000000 9999.000000 9999.000000
4.000000 3.000000 1.000000 9999.000000 10000.000000 9999.000000 9999.000000
4.000000 4.000000 1.000000 9998.000000 10000.000000 9998.000000 9998.000000
4.000000 5.000000 1.000000 9998.000000 10000.000000 9998.000000 9998.000000
4.000000 6.000000 1.000000 9998.000000 10000.000000 9998.000000 9998.000000
4.000000 7.000000 1.000000 9998.000000 10000.000000 9998.000000 9998.000000
4.000000 8.000000 1.000000 9999.000000 10000.000000 9999.000000 9999.000000
4.000000 9.000000 1.000000 10000.000000 10000.000000 10000.000000 10000.000000
4.000000 10.000000 1.000000 10000.000000 10000.000000 10000.000000 10000.000000
4.000000 11.000000 1.000000 10000.000000 10000.000000 10000.000000 10000.000000
4.000000 12.000000 1.000000 10000.000000 10000.000000 10000.000000 10000.000000
4.000000 13.000000 1.000000 10000.000000 10000.000000 10000.000000 10000.000000
4.000000 14.000000 1.000000 10000.000000 10000.000000 10000.000000 10000.000000
4.000000 15.000000 1.000000 10000.000000 10000.000000 10000.000000 10000.000000
4.000000 16.000000 1.000000 10000.000000 10000.000000 10000.000000 10000.000000
4.000000 17.000000 1.000000 10000.000000 10000.000000 10000.000000 10000.000000
4.000000 18.000000 1.000000 10000.000000 10000.000000 10000.000000 10000.000000
4.000000 19.000000 1.000000 10000.000000 10000.000000 10000.000000 10000.000000
4.000000 20.000000 1.000000 10000.000000 10000.000000 10000.000000 10000.000000
4.000000 21.000000 1.000000 10000.000000 10000.000000 10000.000000 10000.000000
4.000000 22.000000 1.000000 10000.000000 10000.000000 10000.000000 10000.000000
4.000000 23.000000 1.000000 10000.000000 10000.000000 10000.000000 10000.000000
4.000000 24.000000 1.000000 10000.000000 10000.000000 10000.000000 10000.000000
4.000000 25.000000 1.000000 10000.000000 10000.000000 10000.000000 10000.000000
4.000000 26.000000 1.000000 10000.000000 10000.000000 10000.000000 10000.000000
4.000000 27.000000 1.000000 10000.000000 10000.000000 10000.000000 10000.000000
4.000000 28.000000 1.000000 10000.000000 10000.000000 10000.000000 10000.000000
4.000000 29.000000 1.000000 10000.000000 10000.000000 10000.000000 10000.000000
4.000000 30.000000 1.000000 10000.000000 10000.000000 10000.000000 10000.000000
4.000000 31.000000 1.000000 10000.000000 10000.000000 10000.000000 10000.000000
4.000000 32.000000 1.000000 10000.000000 10000.000000 10000.000000 10000.000000
4.000000 33.000000 1.000000 10000.000000 10000.000000 10000.000000 10000.000000
4.000000 34.000000 1.000000 10000.000000 10000.000000 10000.000000 10000.000000
4.000000 35.000000 1.000000 10000.000000 10000.000000 10000.000000 10000.000000
4.000000 36.000000 1.000000 10000.000000 10000.000000 10000.000000 10000.000000
4.000000 37.000000 1.000000 10000.000000 10000.000000 10000.000000 10000.000000
4.000000 38.000000 1.000000 10000.000000 10000.000000 10000.000000 10000.000000
4.000000 39.000000 1.000000 10000.000000 10000.000000 10000.000000 10000.000000
4.000000 40.000000 1.000000 10000.000000 10000.000000 10000.000000 10000.000000
4.000000 41.000000 1.000000 10000.000000 10000.000000 10000.000000 10000.000000
4.000000 42.000000 1.000000 10000.000000 10000.000000 10000.000000 10000.000000
4.000000 43.000000 1.000000 10000.000000 10000.000000 10000.000000 10000.000000
4.000000 44.000000 1.000000 10000.000000 10000.000000 10000.000000 10000.000000
4.000000 45.000000 1.000000 10000.000000 10000.000000 10000.000000 10000.000000
4.000000 46.000000 1.000000 10000.000000 10000.000000 10000.000000 10000.000000
4.000000 47.000000 1.000000 10000.000000 10000.000000 10000.000000 10000.000000
4.000000 48.000000 1.000000 10000.000000 10000.000000 10000.000000 10000.000000
4.000000 49.000000 1.000000 10000.000000 10000.000000 10000.000000 10000.000000
5.000000 0.000000 1.000000 10000.000000 10000.000000 10000.000000 10000.000000
5.000000 1.000000 1.000000 10000.000000 10000.000000 10000.000000 10000.000000
5.000000 2.000000 1.000000 10000.000000 10000.000000 10000.000000 10000.000000
5.000000 3.000000 1.000000 10000.000000 10000.000000 10000.000000 10000.000000
5.000000 4.000000 1.000000 9999.000000 10000.000000 9999.000000 9999.000000
5.000000 5.000000 1.000000 9999.000000 10000.000000 9999.000000 9999.000000
5.000000 6.000000 1.000000 9999.000000 10000.000000 9999.000000 9999.000000
5.000000 7.000000 1.000000 9999.000000 10000.000000 9999.000000 9999.000000
5.000000 8.000000 1.000000 9999.000000 10000.000000 9999.000000 9999.000000
5.000000 9.000000 1.000000 10000.000000 10000.000000 10000.000000 10000.000000
5.000000 10.000000 1.000000 10000.000000 10000.000000 10000.000000 10000.000000
5.000000 11.000000 1.000000 10000.000000 10000.000000 10000.000000 10000.000000
5.000000 12.000000 1.000000 10000.000000 10000.000000 10000.000000 10000.000000
5.000000 13.000000 1.000000 10000.000000 10000.000000 10000.000000 10000.000000
5.000000 14.000000 1.000000 10000.000000 10000.000000 10000.000000 10000.000000
5.000000 15.000000 1.000000 10000.000000 10000.000000 10000.000000 10000.000000
5.000000 16.000000 1.000000 10000.000000 10000.000000 10000.000000 10000.000000
5.000000 17.000000 1.000000 10000.000000 10000.000000 10000.000000 10000.000000
5.000000 18.000000 1.000000 10000.000000 10000.000000 10000.000000 10000.000000
5.000000 19.000000 1.000000 10000.000000 10000.000000 10000.000000 10000.000000
5.000000 20.000000 1.000000 10000.000000 10000.000000 10000.000000 10000.000000
5.000000 21.000000 1.000000 10000.000000 10000.000000 10000.000000 10000.000000
5.000000 22.000000 1.000000 10000.000000 10000.000000 10000.000000 10000.000000
5.000000 23.000000 1.000000 10000.000000 10000.000000 10000.000000 10000.000000
5.000000 24.000000 1.000000 10000.000000 10000.000000 10000.000000 10000.000000
5.000000 25.000000 1.000000 10000.000000 10000.000000 10000.000000 10000.000000
5.000000 26.000000 1.000000 10000.000000 10000.000000 10000.000000 10000.000000
5.000000 27.000000 1.000000 10000.000000 10000.000000 10000.000000 10000.000000
5.000000 28.000000 1.000000 10000.000000 10000.000000 10000.000000 10000.000000
5.000000 29.000000 1.000000 10000.000000 10000.000000 10000.000000 10000.000000
5.000000 30.000000 1.000000 10000.000000 10000.000000 10000.000000 10000.000000
5.000000 31.000000 1.000000 10000.000000 10000.000000 10000.000000 10000.000000
5.000000 32.000000 1.000000 10000.000000 10000.000000 10000.000000 10000.000000
5.000000 33.000000 1.000000 10000.000000 10000.000000 10000.000000 10000.000000
5.000000 34.000000 1.000000 10000.000000 10000.000000 10000.000000 10000.000000
5.000000 35.000000 1.000000 10000.000000 10000.000000 10000.000000 10000.000000
5.000000 36.000000 1.000000 10000.000000 10000.000000 10000.000000 10000.000000
5.000000 37.000000 1.000000 10000.000000 10000.000000 10000.000000 10000.000000
5.000000 38.000000 1.000000 10000.000000 10000.000000 10000.000000 10000.000000
5.000000 39.000000 1.000000 10000.000000 10000.000000 10000.000000 10000.000000
5.000000 40.000000 1.000000 10000.000000 10000.000000 10000.000000 10000.000000
5.000000 41.000000 1.000000 10000.000000 10000.000000 10000.000000 10000.000000
5.000000 42.000000 1.000000 10000.000000 10000.000000 10000.000000 10000.000000
5.000000 43.000000 1.000000 10000.000000 10000.000000 10000.000000 10000.000000
5.000000 44.000000 1.000000 10000.000000 10000.000000 10000.000000 10000.000000
5.000000 45.000000 1.000000 10000.000000 10000.000000 10000.000000 10000.000000
5.000000 46.000000 1.000000 10000.000000 10000.000000 10000.000000 10000.000000
5.000000 47.000000 1.000000 10000.000000 10000.000000 10000.000000 10000.000000
5.000000 48.000000 1.000000 10000.000000 10000.000000 10000.000000 10000.000000
5.000000 49.000000 1.000000 10000.000000 10000.000000 10000.000000 10000.000000
6.000000 0.000000 1.000000 10000.000000 10000.000000 10000.000000 10000.000000
6.000000 1.000000 1.000000 10000.000000 10000.000000 10000.000000 10000.000000
6.000000 2.000000 1.000000 10000.000000 10000.000000 10000.000000 10000.000000
6.000000 3.000000 1.000000 10000.000000 10000.000000 10000.000000 10000.000000
6.000000 4.000000 1.000000 10000.000000 10000.000000 10000.000000 10000.000000
6.000000 5.000000 1.000000 10000.000000 10000.000000 10000.000000 10000.000000
6.000000 6.000000 1.000000 9999.000000 10000.000000 9999.000000 9999.000000
6.000000 7.000000 1.000000 9999.000000 10000.000000 9999.000000 9999.000000
6.000000 8.000000 1.000000 9999.000000 10000.000000 9999.000000 9999.000000
6.000000 9.000000 1.000000 9999.000000 10000.000000 9999.000000 9999.000000
6.000000 10.000000 1.000000 9999.000000 10000.000000 9999.000000 9999.000000
6.000000 11.000000 1.000000 10000.000000 10000.000000 10000.000000 10000.000000
6.000000 12.000000 1.000000 10000.000000 10000.000000 10000.000000 10000.000000
6.000000 13.000000 1.000000 10000.000000 10000.000000 10000.000000 10000.000000
6.000000 14.000000 1.000000 10000.000000 10000.000000 10000.000000 10000.000000
6.000000 15.000000 1.000000 10000.000000 10000.000000 10000.000000 10000.000000
6.000000 16.000000 1.000000 10000.000000 10000.000000 10000.000000 10000.000000
6.000000 17.000000 1.000000 10000.000000 10000.000000 10000.000000 10000.000000
6.000000 18.000000 1.000000 10000.000000 10000.000000 10000.000000 10000.000000
6.000000 19.000000 1.000000 10000.000000 10000.000000 10000.000000 10000.000000
6.000000 20.000000 1.000000 10000.000000 10000.000000 10000.000000 10000.000000
6.000000 21.000000 1.000000 10000.000000 10000.000000 10000.000000 10000.000000
6.000000 22.000000 1.000000 10000.000000 10000.000000 10000.000000 10000.000000
6.000000 23.000000 1.000000 10000.000000 10000.000000 10000.000000 10000.000000
6.000000 24.000000 1.000000 10000.000000 10000.000000 10000.000000 10000.000000
6.000000 25.000000 1.000000 10000.000000 10000.000000 10000.000000 10000.000000
6.000000 26.000000 1.000000 10000.000000 10000.000000 10000.000000 10000.000000
6.000000 27.000000 1.000000 10000.000000 10000.000000 10000.000000 10000.000000
6.000000 28.000000 1.000000 10000.000000 10000.000000 10000.000000 10000.000000
6.000000 29.000000 1.000000 10000.000000 10000.000000 10000.000000 10000.000000
6.000000 30.000000 1.000000 10000.000000 10000.000000 10000.000000 10000.000000
6.000000 31.000000 1.000000 10000.000000 10000.000000 10000.000000 10000.000000
6.000000 32.000000 1.000000 10000.000000 10000.000000 10000.000000 10000.000000
6.000000 33.000000 1.000000 10000.000000 10000.000000 10000.000000 10000.000000
6.000000 34.000000 1.000000 10000.000000 10000.000000 10000.000000 10000.000000
6.000000 35.000000 1.000000 10000.000000 10000.000000 10000.000000 10000.000000
6.000000 36.000000 1.000000 10000.000000 10000.000000 10000.000000 10000.000000
6.000000 37.000000 1.000000 10000.000000 10000.000000 10000.000000 10000.000000
6.000000 38.000000 1.000000 10000.000000 10000.000000 10000.000000 10000.000000
6.000000 39.000000 1.000000 10000.000000 10000.000000 10000.000000 10000.000000
6.000000 40.000000 1.000000 10000.000000 10000.000000 10000.000000 10000.000000
6.000000 41.000000 1.000000 10000.000000 10000.000000 10000.000000 10000.000000
6.000000 42.000000 1.000000 10000.000000 10000.000000 10000.000000 10000.000000
6.000000 43.000000 1.000000 10000.000000 10000.000000 10000.000000 10000.000000
6.000000 44.000000 1.000000 10000.000000 10000.000000 10000.000000 10000.000000
6.000000 45.000000 1.000000 10000.000000 10000.000000 10000.000000 10000.000000
6.000000 46.000000 1.000000 10000.000000 10000.000000 10000.000000 10000.000000
6.000000 47.000000 1.000000 10000.000000 10000.000000 10000.000000 10000.000000
6.000000 48.000000 1.000000 10000.000000 10000.000000 10000.000000 10000.000000
6.000000 49.000000 1.000000 10000.000000 10000.000000 10000.000000 10000.000000
7.000000 0.000000 1.000000 10000.000000 10000.000000 10000.000000 10000.000000
7.000000 1.000000 1.000000 10000.000000 10000.000000 10000.000000 10000.000000
7.000000 2.000000 1.000000 9999.000000 10000.000000 9999.000000 9999.000000
7.000000 3.000000 1.000000 9999.000000 10000.000000 9999.000000 9999.000000
7.000000 4.000000 1.000000 9997.000000 10000.000000 9997.000000 9997.000000
7.000000 5.000000 1.000000 9993.000000 10000.000000 9993.000000 9993.000000
7.000000 6.000000 1.000000 9986.000000 10000.000000 9986.000000 9986.000000
7.000000 7.000000 1.000000 9981.000000 10000.000000 9981.000000 9981.000000
7.000000 8.000000 1.000000 9973.000000 10000.000000 9973.000000 9973.000000
7.000000 9.000000 1.000000 9966.000000 10000.000000 9966.000000 9966.000000
7.000000 10.000000 1.000000 9958.000000 10000.000000 9958.000000 9958.000000
7.000000 11.000000 1.000000 9956.000000 10000.000000 9956.000000 9956.000000
7.000000 12.000000 1.000000 9943.000000 10000.000000 9943.000000 9943.000000
7.000000 13.000000 1.000000 9914.000000 10000.000000 9914.000000 9914.000000
7.000000 14.000000 1.000000 9871.000000 10000.000000 9871.000000 9871.000000
7.000000 15.000000 1.000000 9790.000000 10000.000000 9790.000000 9790.000000
7.000000 16.000000 1.000000 9680.000000 10000.000000 9680.000000 9680.000000
7.000000 17.000000 1.000000 9558.000000 10000.000000 9558.000000 9558.000000
7.000000 18.000000 1.000000 9419.000000 10000.000000 9419.000000 9419.000000
7.000000 19.000000 1.000000 9194.000000 10000.000000 9194.000000 9194.000000
7.000000 20.000000 1.000000 9012.000000 10000.000000 9012.000000 9012.000000
7.000000 21.000000 1.000000 8843.000000 10000.000000 8843.000000 8843.000000
7.000000 22.000000 1.000000 8718.000000 10000.000000 8718.000000 8718.000000
7.000000 23.000000 1.000000 8644.000000 10000.000000 8644.000000 8644.000000
7.000000 24.000000 1.000000 8655.000000 10000.000000 8655.000000 8655.000000
7.000000 25.000000 1.000000 8757.000000 10000.000000 8757.000000 8757.000000
7.000000 26.000000 1.000000 8871.000000 10000.000000 8871.000000 8871.000000
7.000000 27.000000 1.000000 8985.000000 10000.000000 8985.000000 8985.000000
7.000000 28.000000 1.000000 9142.000000 10000.000000 9142.000000 9142.000000
7.000000 29.000000 1.000000 9342.000000 10000.000000 9342.000000 9342.000000
7.000000 30.000000 1.000000 9449.000000 10000.000000 9449.000000 9449.000000
7.000000 31.000000 1.000000 9556.000000 10000.000000 9556.000000 9556.000000
7.000000 32.000000 1.000000 9654.000000 10000.000000 9654.000000 9654.000000
7.000000 33.000000 1.000000 9734.000000 10000.000000 9734.000000 9734.000000
7.000000 34.000000 1.000000 9761.000000 10000.000000 9761.000000 9761.000000
7.000000 35.000000 1.000000 9803.000000 10000.000000 9803.000000 9803.000000
7.000000 36.000000 1.000000 9847.000000 10000.000000 9847.000000 9847.000000
7.000000 37.000000 1.000000 9885.000000 10000.000000 9885.000000 9885.000000
7.000000 38.000000 1.000000 9910.000000 10000.000000 9910.000000 9910.000000
7.000000 39.000000 1.000000 9933.000000 10000.000000 9933.000000 9933.000000
7.000000 40.000000 1.000000 9960.000000 10000.000000 9960.000000 9960.000000
7.000000 41.000000 1.000000 9973.000000 10000.000000 9973.000000 9973.000000
7.000000 42.000000 1.000000 9985.000000 10000.000000 9985.000000 9985.000000
7.000000 43.000000 1.000000 9991.000000 10000.000000 9991.000000 9991.000000
7.000000 44.000000 1.000000 9997.000000 10000.000000 9997.000000 9997.000000
7.000000 45.000000 1.000000 10000.000000 10000.000000 10000.000000 10000.000000
7.000000 46.000000 1.000000 10000.000000 10000.000000 10000.000000 10000.000000
7.000000 47.000000 1.000000 10000.000000 10000.000000 10000.000000 10000.000000
7.000000 48.000000 1.000000 10000.000000 10000.000000 10000.000000 10000.000000
7.000000 49.000000 1.000000 10000.000000 10000.000000 10000.000000 10000.000000
8.000000 0.000000 1.000000 10000.000000 10000.000000 10000.000000 10000.000000
8.000000 1.000000 1.000000 10000.000000 10000.000000 10000.000000 10000.000000
8.000000 2.000000 1.000000 10000.000000 10000.000000 10000.000000 10000.000000
8.000000 3.000000 1.000000 10000.000000 10000.000000 10000.000000 10000.000000
8.000000 4.000000 1.000000 9999.000000 10000.000000 9999.000000 9999.000000
8.000000 5.000000 1.000000 9998.000000 10000.000000 9998.000000 9998.000000
8.000000 6.000000 1.000000 9998.000000 10000.000000 9998.000000 9998.000000
8.000000 7.000000 1.000000 9998.000000 10000.000000 9998.000000 9998.000000
8.000000 8.000000 1.000000 9998.000000 10000.000000 9998.000000 9998.000000
8.000000 9.000000 1.000000 9999.000000 10000.000000 9999.000000 9999.000000
8.000000 10.000000 1.000000 10000.000000 10000.000000 10000.000000 10000.000000
8.000000 11.000000 1.000000 10000.000000 10000.000000 10000.000000 10000.000000
8.000000 12.000000 1.000000 10000.000000 10000.000000 10000.000000 10000.000000
8.000000 13.000000 1.000000 10000.000000 10000.000000 10000.000000 10000.000000
8.000000 14.000000 1.000000 10000.000000 10000.000000 10000.000000 10000.000000
8.000000 15.000000 1.000000 10000.000000 10000.000000 10000.000000 10000.000000
8.000000 16.000000 1.000000 10000.000000 10000.000000 10000.000000 10000.000000
8.000000 17.000000 1.000000 10000.000000 10000.000000 10000.000000 10000.000000
8.000000 18.000000 1.000000 10000.000000 10000.000000 10000.000000 10000.000000
8.000000 19.000000 1.000000 10000.000000 10000.000000 10000.000000 10000.000000
8.000000 20.000000 1.000000 10000.000000 10000.000000 10000.000000 10000.000000
8.000000 21.000000 1.000000 10000.000000 10000.000000 10000.000000 10000.000000
8.000000 22.000000 1.000000 10000.000000 10000.000000 10000.000000 10000.000000
8.000000 23.000000 1.000000 10000.000000 10000.000000 10000.000000 10000.000000
8.000000 24.000000 1.000000 10000.000000 10000.000000 10000.000000 10000.000000
8.000000 25.000000 1.000000 10000.000000 10000.000000 10000.000000 10000.000000
8.000000 26.000000 1.000000 10000.000000 10000.000000 10000.000000 10000.000000
8.000000 27.000000 1.000000 10000.000000 10000.000000 10000.000000 10000.000000
8.000000 28.000000 1.000000 10000.000000 10000.000000 10000.000000 10000.000000
8.000000 29.000000 1.000000 10000.000000 10000.000000 10000.000000 10000.000000
8.000000 30.000000 1.000000 10000.000000 10000.000000 10000.000000 10000.000000
8.000000 31.000000 1.000000 10000.000000 10000.000000 10000.000000 10000.000000
8.000000 32.000000 1.000000 10000.000000 10000.000000 10000.000000 10000.000000
8.000000 33.000000 1.000000 10000.000000 10000.000000 10000.000000 10000.000000
8.000000 34.000000 1.000000 10000.000000 10000.000000 10000.000000 10000.000000
8.000000 35.000000 1.000000 10000.000000 10000.000000 10000.000000 10000.000000
8.000000 36.000000 1.000000 10000.000000 10000.000000 10000.000000 10000.000000
8.000000 37.000000 1.000000 10000.000000 10000.000000 10000.000000 10000.000000
8.000000 38.000000 1.000000 10000.000000 10000.000000 10000.000000 10000.000000
8.000000 39.000000 1.000000 10000.000000 10000.000000 10000.000000 10000.000000
8.000000 40.000000 1.000000 10000.000000 10000.000000 10000.000000 10000.000000
8.000000 41.000000 1.000000 10000.000000 10000.000000 10000.000000 10000.000000
8.000000 42.000000 1.000000 10000.000000 10000.000000 10000.000000 10000.000000
8.000000 43.000000 1.000000 10000.000000 10000.000000 10000.000000 10000.000000
8.000000 44.000000 1.000000 10000.000000 10000.000000 10000.000000 10000.000000
8.000000 45.000000 1.000000 10000.000000 10000.000000 10000.000000 10000.000000
8.000000 46.000000 1.000000 10000.000000 10000.000000 10000.000000 10000.000000
8.000000 47.000000 1.000000 10000.000000 10000.000000 10000.000000 10000.000000
8.000000 48.000000 1.000000 10000.000000 10000.000000 10000.000000 10000.000000
8.000000 49.000000 1.000000 10000.000000 10000.000000 10000.000000 10000.000000
9.000000 0.000000 1.000000 10000.000000 10000.000000 10000.000000 10000.000000
9.000000 1.000000 1.000000 10000.000000 10000.000000 10000.000000 10000.000000
9.000000 2.000000 1.000000 10000.000000 10000.000000 10000.000000 10000.000000
9.000000 3.000000 1.000000 9999.000000 10000.000000 9999.000000 9999.000000
9.000000 4.000000 1.000000 9999.000000 10000.000000 9999.000000 9999.000000
9.000000 5.000000 1.000000 9999.000000 10000.000000 9999.000000 9999.000000
9.000000 6.000000 1.000000 9999.000000 10000.000000 9999.000000 9999.000000
9.000000 7.000000 1.000000 9999.000000 10000.000000 9999.000000 9999.000000
9.000000 8.000000 1.000000 10000.000000 10000.000000 10000.000000 10000.000000
9.000000 9.000000 1.000000 10000.000000 10000.000000 10000.000000 10000.000000
9.000000 10.000000 1.000000 10000.000000 10000.000000 10000.000000 10000.000000
9.000000 11.000000 1.000000 10000.000000 10000.000000 10000.000000 10000.000000
9.000000 12.000000 1.000000 10000.000000 10000.000000 10000.000000 10000.000000
9.000000 13.000000 1.000000 10000.000000 10000.000000 10000.000000 10000.000000
9.000000 14.000000 1.000000 10000.000000 10000.000000 10000.000000 10000.000000
9.000000 15.000000 1.000000 10000.000000 10000.000000 10000.000000 10000.000000
9.000000 16.000000 1.000000 10000.000000 10000.000000 10000.000000 10000.000000
9.000000 17.000000 1.000000 10000.000000 10000.000000 10000.000000 10000.000000
9.000000 18.000000 1.000000 10000.000000 10000.000000 10000.000000 10000.000000
9.000000 19.000000 1.000000 10000.000000 10000.000000 10000.000000 10000.000000
9.000000 20.000000 1.000000 10000.000000 10000.000000 10000.000000 10000.000000
9.000000 21.000000 1.000000 10000.000000 10000.000000 10000.000000 10000.000000
9.000000 22.000000 1.000000 10000.000000 10000.000000 10000.000000 10000.000000
9.000000 23.000000 1.000000 10000.000000 10000.000000 10000.000000 10000.000000
9.000000 24.000000 1.000000 10000.000000 10000.000000 10000.000000 10000.000000
9.000000 25.000000 1.000000 10000.000000 10000.000000 10000.000000 10000.000000
9.000000 26.000000 1.000000 10000.000000 10000.000000 10000.000000 10000.000000
9.000000 27.000000 1.000000 10000.000000 10000.000000 10000.000000 10000.000000
9.000000 28.000000 1.000000 10000.000000 10000.000000 10000.000000 10000.000000
9.000000 29.000000 1.000000 10000.000000 10000.000000 10000.000000 10000.000000
9.000000 30.000000 1.000000 10000.000000 10000.000000 10000.000000 10000.000000
9.000000 31.000000 1.000000 10000.000000 10000.000000 10000.000000 10000.000000
9.000000 32.000000 1.000000 10000.000000 10000.000000 10000.000000 10000.000000
9.000000 33.000000 1.000000 10000.000000 10000.000000 10000.000000 10000.000000
9.000000 34.000000 1.000000 10000.000000 10000.000000 10000.000000 10000.000000
9.000000 35.000000 1.000000 10000.000000 10000.000000 10000.000000 10000.000000
9.000000 36.000000 1.000000 10000.000000 10000.000000 10000.000000 10000.000000
9.000000 37.000000 1.000000 10000.000000 10000.000000 10000.000000 10000.000000
9.000000 38.000000 1.000000 10000.000000 10000.000000 10000.000000 10000.000000
9.000000 39.000000 1.000000 10000.000000 10000.000000 10000.000000 10000.000000
9.000000 40.000000 1.000000 10000.000000 10000.000000 10000.000000 10000.000000
9.000000 41.000000 1.000000 10000.000000 10000.000000 10000.000000 10000.000000
9.000000 42.000000 1.000000 10000.000000 10000.000000 10000.000000 10000.000000
9.000000 43.000000 1.000000 10000.000000 10000.000000 10000.000000 10000.000000
9.000000 44.000000 1.000000 10000.000000 10000.000000 10000.000000 10000.000000
9.000000 45.000000 1.000000 10000.000000 10000.000000 10000.000000 10000.000000
9.000000 46.000000 1.000000 10000.000000 10000.000000 10000.000000 10000.000000
9.000000 47.000000 1.000000 10000.000000 10000.000000 10000.000000 10000.000000
9.000000 48.000000 1.000000 10000.000000 10000.000000 10000.000000 10000.000000
9.000000 49.000000 1.000000 10000.000000 10000.000000 10000.000000 10000.000000
10.000000 0.000000 1.000000 10000.000000 10000.000000 10000.000000 10000.000000
10.000000 1.000000 1.000000 9999.000000 10000.000000 9999.000000 9999.000000
10.000000 2.000000 1.000000 9999.000000 10000.000000 9999.000000 9999.000000
10.000000 3.000000 1.000000 9999.000000 10000.000000 9999.000000 9999.000000
10.000000 4.000000 1.000000 9999.000000 10000.000000 9999.000000 9999.000000
10.000000 5.000000 1.000000 9999.000000 10000.000000 9999.000000 9999.000000
10.000000 6.000000 1.000000 10000.000000 10000.000000 10000.000000 10000.000000
10.000000 7.000000 1.000000 10000.000000 10000.000000 10000.000000 10000.000000
10.000000 8.000000 1.000000 10000.000000 10000.000000 10000.000000 10000.000000
10.000000 9.000000 1.000000 10000.000000 10000.000000 10000.000000 10000.000000
10.000000 10.000000 1.000000 10000.000000 10000.000000 10000.000000 10000.000000
10.000000 11.000000 1.000000 10000.000000 10000.000000 10000.000000 10000.000000
10.000000 12.000000 1.000000 10000.000000 10000.000000 10000.000000 10000.000000
10.000000 13.000000 1.000000 10000.000000 10000.000000 10000.000000 10000.000000
10.000000 14.000000 1.000000 10000.000000 10000.000000 10000.000000 10000.000000
10.000000 15.000000 1.000000 10000.000000 10000.000000 10000.000000 10000.000000
10.000000 16.000000 1.000000 10000.000000 10000.000000 10000.000000 10000.000000
10.000000 17.000000 1.000000 10000.000000 10000.000000 10000.000000 10000.000000
10.000000 18.000000 1.000000 10000.000000 10000.000000 10000.000000 10000.000000
10.000000 19.000000 1.000000 10000.000000 10000.000000 10000.000000 10000.000000
10.000000 20.000000 1.000000 10000.000000 10000.000000 10000.000000 10000.000000
10.000000 21.000000 1.000000 10000.000000 10000.000000 10000.000000 10000.000000
10.000000 22.000000 1.000000 10000.000000 10000.000000 10000.000000 10000.000000
10.000000 23.000000 1.000000 10000.000000 10000.000000 10000.000000 10000.000000
10.000000 24.000000 1.000000 10000.000000 10000.000000 10000.000000 10000.000000
10.000000 25.000000 1.000000 10000.000000 10000.000000 10000.000000 10000.000000
10.000000 26.000000 1.000000 10000.000000 10000.000000 10000.000000 10000.000000
10.000000 27.000000 1.000000 10000.000000 10000.000000 10000.000000 10000.000000
10.000000 28.000000 1.000000 10000.000000 10000.000000 10000.000000 10000.000000
10.000000 29.000000 1.000000 10000.000000 10000.000000 10000.000000 10000.000000
10.000000 30.000000 1.000000 10000.000000 10000.000000 10000.000000 10000.000000
10.000000 31.000000 1.000000 10000.000000 10000.000000 10000.000000 10000.000000
10.000000 32.000000 1.000000 10000.000000 10000.000000 10000.000000 10000.000000
10.000000 33.000000 1.000000 10000.000000 10000.000000 10000.000000 10000.000000
10.000000 34.000000 1.000000 10000.000000 10000.000000 10000.000000 10000.000000
10.000000 35.000000 1.000000 10000.000000 10000.000000 10000.000000 10000.000000
10.000000 36.000000 1.000000 10000.000000 10000.000000 10000.000000 10000.000000
10.000000 37.000000 1.000000 10000.000000 10000.000000 10000.000000 10000.000000
10.000000 38.000000 1.000000 10000.000000 10000.000000 10000.000000 10000.000000
10.000000 39.000000 1.000000 10000.000000 10000.000000 10000.000000 10000.000000
10.000000 40.000000 1.000000 10000.000000 10000.000000 10000.000000 10000.000000
10.000000 41.000000 1.000000 10000.000000 10000.000000 10000.000000 10000.000000
10.000000 42.000000 1.000000 10000.000000 10000.000000 10000.000000 10000.000000
10.000000 43.000000 1.000000 10000.000000 10000.000000 10000.000000 10000.000000
10.000000 44.000000 1.000000 10000.000000 10000.000000 10000.000000 10000.000000
10.000000 45.000000 1.000000 10000.000000 10000.000000 10000.000000 10000.000000
10.000000 46.000000 1.000000 10000.000000 10000.000000 10000.000000 10000.000000
10.000000 47.000000 1.000000 10000.000000 10000.000000 10000.000000 10000.000000
10.000000 48.000000 1.000000 10000.000000 10000.000000 10000.000000 10000.000000
10.000000 49.000000 1.000000 10000.000000 10000.000000 10000.000000 10000.000000
11.000000 0.000000 1.000000 10000.000000 10000.000000 10000.000000 10000.000000
11.000000 1.000000 1.000000 10000.000000 10000.000000 10000.000000 10000.000000
11.000000 2.000000 1.000000 10000.000000 10000.000000 10000.000000 10000.000000
11.000000 3.000000 1.000000 9999.000000 10000.000000 9999.000000 9999.000000
11.000000 4.000000 1.000000 9999.000000 10000.000000 9999.000000 9999.000000
11.000000 5.000000 1.000000 9999.000000 10000.000000 9999.000000 9999.000000
11.000000 6.000000 1.000000 9999.000000 10000.000000 9999.000000 9999.000000
11.000000 7.000000 1.000000 9999.000000 10000.000000 9999.000000 9999.000000
11.000000 8.000000 1.000000 10000.000000 10000.000000 10000.000000 10000.000000
11.000000 9.000000 1.000000 10000.000000 10000.000000 10000.000000 10000.000000
11.000000 10.000000 1.000000 10000.000000 10000.000000 10000.000000 10000.000000
11.000000 11.000000 1.000000 10000.000000 10000.000000 10000.000000 10000.000000
11.000000 12.000000 1.000000 10000.000000 10000.000000 10000.000000 10000.000000
11.000000 13.000000 1.000000 10000.000000 10000.000000 10000.000000 10000.000000
11.000000 14.000000 1.000000 10000.000000 10000.000000 10000.000000 10000.000000
11.000000 15.000000 1.000000 10000.000000 10000.000000 10000.000000 10000.000000
11.000000 16.000000 1.000000 10000.000000 10000.000000 10000.000000 10000.000000
11.000000 17.000000 1.000000 10000.000000 10000.000000 10000.000000 10000.000000
11.000000 18.000000 1.000000 10000.000000 10000.000000 10000.000000 10000.000000
11.000000 19.000000 1.000000 10000.000000 10000.000000 10000.000000 10000.000000
11.000000 20.000000 1.000000 10000.000000 10000.000000 10000.000000 10000.000000
11.000000 21.000000 1.000000 10000.000000 10000.000000 10000.000000 10000.000000
11.000000 22.000000 1.000000 10000.000000 10000.000000 10000.000000 10000.000000
11.000000 23.000000 1.000000 10000.000000 10000.000000 10000.000000 10000.000000
11.000000 24.000000 1.000000 10000.000000 10000.000000 10000.000000 10000.000000
11.000000 25.000000 1.000000 10000.000000 10000.000000 10000.000000 10000.000000
11.000000 26.000000 1.000000 10000.000000 10000.000000 10000.000000 10000.000000
11.000000 27.000000 1.000000 10000.000000 10000.000000 10000.000000 10000.000000
11.000000 28.000000 1.000000 10000.000000 10000.000000 10000.000000 10000.000000
11.000000 29.000000 1.000000 10000.000000 10000.000000 10000.000000 10000.000000
11.000000 30.000000 1.000000 10000.000000 10000.000000 10000.000000 10000.000000
11.000000 31.000000 1.000000 10000.000000 10000.000000 10000.000000 10000.000000
11.000000 32.000000 1.000000 10000.000000 10000.000000 10000.000000 10000.000000
11.000000 33.000000 1.000000 10000.000000 10000.000000 10000.000000 10000.000000
11.000000 34.000000 1.000000 10000.000000 10000.000000 10000.000000 10000.000000
11.000000 35.000000 1.000000 10000.000000 10000.000000 10000.000000 10000.000000
11.000000 36.000000 1.000000 10000.000000 10000.000000 10000.000000 10000.000000
11.000000 37.000000 1.000000 10000.000000 10000.000000 10000.000000 10000.000000
11.000000 38.000000 1.000000 10000.000000 10000.000000 10000.000000 10000.000000
11.000000 39.000000 1.000000 10000.000000 10000.000000 10000.000000 10000.000000
11.000000 40.000000 1.000000 10000.000000 10000.000000 10000.000000 10000.000000
11.000000 41.000000 1.000000 10000.000000 10000.000000 10000.000000 10000.000000
11.000000 42.000000 1.000000 10000.000000 10000.000000 10000.000000 10000.000000
11.000000 43.000000 1.000000 10000.000000 10000.000000 10000.000000 10000.000000
11.000000 44.000000 1.000000 10000.000000 10000.000000 10000.000000 10000.000000
11.000000 45.000000 1.000000 10000.000000 10000.000000 10000.000000 10000.000000
11.000000 46.000000 1.000000 10000.000000 10000.000000 10000.000000 10000.000000
11.000000 47.000000 1.000000 10000.000000 10000.000000 10000.000000 10000.000000
11.000000 48.000000 1.000000 10000.000000 10000.000000 10000.000000 10000.000000
11.000000 49.000000 1.000000 10000.000000 10000.000000 10000.000000 10000.000000
12.000000 0.000000 1.000000 10000.000000 10000.000000 10000.000000 10000.000000
12.000000 1.000000 1.000000 10000.000000 10000.000000 10000.000000 10000.000000
12.000000 2.000000 1.000000 10000.000000 10000.000000 10000.000000 10000.000000
12.000000 3.000000 1.000000 9999.000000 10000.000000 9999.000000 9999.000000
12.000000 4.000000 1.000000 9998.000000 10000.000000 9998.000000 9998.000000
12.000000 5.000000 1.000000 9998.000000 10000.000000 9998.000000 9998.000000
12.000000 6.000000 1.000000 9996.000000 10000.000000 9996.000000 9996.000000
12.000000 7.000000 1.000000 9992.000000 10000.000000 9992.000000 9992.000000
12.000000 8.000000 1.000000 9990.000000 10000.000000 9990.000000 9990.000000
12.000000 9.000000 1.000000 9987.000000 10000.000000 9987.000000 9987.000000
12.000000 10.000000 1.000000 9979.000000 10000.000000 9979.000000 9979.000000
12.000000 11.000000 1.000000 9967.000000 10000.000000 9967.000000 9967.000000
12.000000 12.000000 1.000000 9952.000000 10000.000000 9952.000000 9952.000000
12.000000 13.000000 1.000000 9944.000000 10000.000000 9944.000000 9944.000000
12.000000 14.000000 1.000000 9928.000000 10000.000000 9928.000000 9928.000000
12.000000 15.000000 1.000000 9919.000000 10000.000000 9919.000000 9919.000000
12.000000 16.000000 1.000000 9903.000000 10000.000000 9903.000000 9903.000000
12.000000 17.000000 1.000000 9896.000000 10000.000000 9896.000000 9896.000000
12.000000 18.000000 1.000000 9888.000000 10000.000000 9888.000000 9888.000000
12.000000 19.000000 1.000000 9879.000000 10000.000000 9879.000000 9879.000000
12.000000 20.000000 1.000000 9875.000000 10000.000000 9875.000000 9875.000000
12.000000 21.000000 1.000000 9860.000000 10000.000000 9860.000000 9860.000000
12.000000 22.000000 1.000000 9819.000000 10000.000000 9819.000000 9819.000000
12.000000 23.000000 1.000000 9775.000000 10000.000000 9775.000000 9775.000000
12.000000 24.000000 1.000000 9706.000000 10000.000000 9706.000000 9706.000000
12.000000 25.000000 1.000000 9594.000000 10000.000000 9594.000000 9594.000000
12.000000 26.000000 1.000000 9488.000000 10000.000000 9488.000000 9488.000000
12.000000 27.000000 1.000000 9405.000000 10000.000000 9405.000000 9405.000000
12.000000 28.000000 1.000000 9260.000000 10000.000000 9260.000000 9260.000000
12.000000 29.000000 1.000000 9167.000000 10000.000000 9167.000000 9167.000000
12.000000 30.000000 1.000000 9018.000000 10000.000000 9018.000000 9018.000000
12.000000 31.000000 1.000000 8926.000000 10000.000000 8926.000000 8926.000000
12.000000 32.000000 1.000000 8851.000000 10000.000000 8851.000000 8851.000000
12.000000 33.000000 1.000000 8864.000000 10000.000000 8864.000000 8864.000000
12.000000 34.000000 1.000000 8898.000000 10000.000000 8898.000000 8898.000000
12.000000 35.000000 1.000000 9036.000000 10000.000000 9036.000000 9036.000000
12.000000 36.000000 1.000000 9154.000000 10000.000000 9154.000000 9154.000000
12.000000 37.000000 1.000000 9303.000000 10000.000000 9303.000000 9303.000000
12.000000 38.000000 1.000000 9385.000000 10000.000000 9385.000000 9385.000000
12.000000 39.000000 1.000000 9474.000000 10000.000000 9474.000000 9474.000000
12.000000 40.000000 1.000000 9558.000000 10000.000000 9558.000000 9558.000000
12.000000 41.000000 1.000000 9628.000000 10000.000000 9628.000000 9628.000000
12.000000 42.000000 1.000000 9673.000000 10000.000000 9673.000000 9673.000000
12.000000 43.000000 1.000000 9758.000000 10000.000000 9758.000000 9758.000000
12.000000 44.000000 1.000000 9817.000000 10000.000000 9817.000000 9817.000000
12.000000 45.000000 1.000000 9850.000000 10000.000000 9850.000000 9850.000000
12.000000 46.000000 1.000000 9877.000000 10000.000000 9877.000000 9877.000000
12.000000 47.000000 1.000000 9915.000000 10000.000000 9915.000000 9915.000000
12.000000 48.000000 1.000000 9935.000000 10000.000000 9935.000000 9935.000000
12.000000 49.000000 1.000000 9952.000000 10000.000000 9952.000000 9952.000000
13.000000 0.000000 1.000000 10000.000000 10000.000000 10000.000000 10000.000000
13.000000 1.000000 1.000000 10000.000000 10000.000000 10000.000000 10000.000000
13.000000 2.000000 1.000000 10000.000000 10000.000000 10000.000000 10000.000000
13.000000 3.000000 1.000000 9999.000000 10000.000000 9999.000000 9999.000000
13.000000 4.000000 1.000000 9997.000000 10000.000000 9997.000000 9997.000000
13.000000 5.000000 1.000000 9995.000000 10000.000000 9995.000000 9995.000000
13.000000 6.000000 1.000000 9995.000000 10000.000000 9995.000000 9995.000000
13.000000 7.000000 1.000000 9994.000000 10000.000000 9994.000000 9994.000000
13.000000 8.000000 1.000000 9993.000000 10000.000000 9993.000000 9993.000000
13.000000 9.000000 1.000000 9992.000000 10000.000000 9992.000000 9992.000000
13.000000 10.000000 1.000000 9988.000000 10000.000000 9988.000000 9988.000000
13.000000 11.000000 1.000000 9981.000000 10000.000000 9981.000000 9981.000000
13.000000 12.000000 1.000000 9969.000000 10000.000000 9969.000000 9969.000000
13.000000 13.000000 1.000000 9959.000000 10000.000000 9959.000000 9959.000000
13.000000 14.000000 1.000000 9938.000000 10000.000000 9938.000000 9938.000000
13.000000 15.000000 1.000000 9910.000000 10000.000000 9910.000000 9910.000000
13.000000 16.000000 1.000000 9863.000000 10000.000000 9863.000000 9863.000000
13.000000 17.000000 1.000000 9787.000000 10000.000000 9787.000000 9787.000000
13.000000 18.000000 1.000000 9687.000000 10000.000000 9687.000000 9687.000000
13.000000 19.000000 1.000000 9584.000000 10000.000000 9584.000000 9584.000000
13.000000 20.000000 1.000000 9421.000000 10000.000000 9421.000000 9421.000000
13.000000 21.000000 1.000000 9253.000000 10000.000000 9253.000000 9253.000000
13.000000 22.000000 1.000000 9084.000000 10000.000000 9084.000000 9084.000000
13.000000 23.000000 1.000000 8897.000000 10000.000000 8897.000000 8897.000000
13.000000 24.000000 1.000000 8741.000000 10000.000000 8741.000000 8741.000000
13.000000 25.000000 1.000000 8713.000000 10000.000000 8713.000000 8713.000000
13.000000 26.000000 1.000000 8718.000000 10000.000000 8718.000000 8718.000000
13.000000 27.000000 1.000000 8819.000000 10000.000000 8819.000000 8819.000000
13.000000 28.000000 1.000000 8978.000000 10000.000000 8978.000000 8978.000000
13.000000 29.000000 1.000000 9138.000000 10000.000000 9138.000000 9138.000000
13.000000 30.000000 1.000000 9285.000000 10000.000000 9285.000000 9285.000000
13.000000 31.000000 1.000000 9423.000000 10000.000000 9423.000000 9423.000000
13.000000 32.000000 1.000000 9527.000000 10000.000000 9527.000000 9527.000000
13.000000 33.000000 1.000000 9643.000000 10000.000000 9643.000000 9643.000000
13.000000 34.000000 1.000000 9729.000000 10000.000000 9729.000000 9729.000000
13.000000 35.000000 1.000000 9807.000000 10000.000000 9807.000000 9807.000000
13.000000 36.000000 1.000000 9867.000000 10000.000000 9867.000000 9867.000000
13.000000 37.000000 1.000000 9900.000000 10000.000000 9900.000000 9900.000000
13.000000 38.000000 1.000000 9914.000000 10000.000000 9914.000000 9914.000000
13.000000 39.000000 1.000000 9928.000000 10000.000000 9928.000000 9928.000000
13.000000 40.000000 1.000000 9934.000000 10000.000000 9934.000000 9934.000000
13.000000 41.000000 1.000000 9942.000000 10000.000000 9942.000000 9942.000000
13.000000 42.000000 1.000000 9948.000000 10000.000000 9948.000000 9948.000000
13.000000 43.000000 1.000000 9952.000000 10000.000000 9952.000000 9952.000000
13.000000 44.000000 1.000000 9959.000000 10000.000000 9959.000000 9959.000000
13.000000 45.000000 1.000000 9967.000000 10000.000000 9967.000000 9967.000000
13.000000 46.000000 1.000000 9976.000000 10000.000000 9976.000000 9976.000000
13.000000 47.000000 1.000000 9986.000000 10000.000000 9986.000000 9986.000000
13.000000 48.000000 1.000000 9995.000000 10000.000000 9995.000000 9995.000000
13.000000 49.000000 1.000000 9998.000000 10000.000000 9998.000000 9998.000000
14.000000 0.000000 1.000000 10000.000000 10000.000000 10000.000000 10000.000000
14.000000 1.000000 1.000000 10000.000000 10000.000000 10000.000000 10000.000000
14.000000 2.000000 1.000000 9999.000000 10000.000000 9999.000000 9999.000000
14.000000 3.000000 1.000000 9998.000000 10000.000000 9998.000000 9998.000000
14.000000 4.000000 1.000000 9997.000000 10000.000000 9997.000000 9997.000000
14.000000 5.000000 1.000000 9996.000000 10000.000000 9996.000000 9996.000000
14.000000 6.000000 1.000000 9992.000000 10000.000000 9992.000000 9992.000000
14.000000 7.000000 1.000000 9988.000000 10000.000000 9988.000000 9988.000000
14.000000 8.000000 1.000000 9981.000000 10000.000000 9981.000000 9981.000000
14.000000 9.000000 1.000000 9972.000000 10000.000000 9972.000000 9972.000000
14.000000 10.000000 1.000000 9954.000000 10000.000000 9954.000000 9954.000000
14.000000 11.000000 1.000000 9920.000000 10000.000000 9920.000000 9920.000000
14.000000 12.000000 1.000000 9882.000000 10000.000000 9882.000000 9882.000000
14.000000 13.000000 1.000000 9836.000000 10000.000000 9836.000000 9836.000000
14.000000 14.000000 1.000000 9756.000000 10000.000000 9756.000000 9756.000000
14.000000 15.000000 1.000000 9624.000000 10000.000000 9624.000000 9624.000000
14.000000 16.000000 1.000000 9531.000000 10000.000000 9531.000000 9531.000000
14.000000 17.000000 1.000000 9412.000000 10000.000000 9412.000000 9412.000000
14.000000 18.000000 1.000000 9268.000000 10000.000000 9268.000000 9268.000000
14.000000 19.000000 1.000000 9131.000000 10000.000000 9131.000000 9131.000000
14.000000 20.000000 1.000000 9014.000000 10000.000000 9014.000000 9014.000000
14.000000 21.000000 1.000000 8910.000000 10000.000000 8910.000000 8910.000000
14.000000 22.000000 1.000000 8853.000000 10000.000000 8853.000000 8853.000000
14.000000 23.000000 1.000000 8821.000000 10000.000000 8821.000000 8821.000000
14.000000 24.000000 1.000000 8856.000000 10000.000000 8856.000000 8856.000000
14.000000 25.000000 1.000000 8970.000000 10000.000000 8970.000000 8970.000000
14.000000 26.000000 1.000000 9085.000000 10000.000000 9085.000000 9085.000000
14.000000 27.000000 1.000000 9201.000000 10000.000000 9201.000000 9201.000000
14.000000 28.000000 1.000000 9337.000000 10000.000000 9337.000000 9337.000000
14.000000 29.000000 1.000000 9449.000000 10000.000000 9449.000000 9449.000000
14.000000 30.000000 1.000000 9551.000000 10000.000000 9551.000000 9551.000000
14.000000 31.000000 1.000000 9627.000000 10000.000000 9627.000000 9627.000000
14.000000 32.000000 1.000000 9683.000000 10000.000000 9683.000000 9683.000000
14.000000 33.000000 1.000000 9723.000000 10000.000000 9723.000000 9723.000000
14.000000 34.000000 1.000000 9757.000000 10000.000000 9757.000000 9757.000000
14.000000 35.000000 1.000000 9790.000000 10000.000000 9790.000000 9790.000000
14.000000 36.000000 1.000000 9810.000000 10000.000000 9810.000000 9810.000000
14.000000 37.000000 1.000000 9840.000000 10000.000000 9840.000000 9840.000000
14.000000 38.000000 1.000000 9874.000000 10000.000000 9874.000000 9874.000000
14.000000 39.000000 1.000000 9902.000000 10000.000000 9902.000000 9902.000000
14.000000 40.000000 1.000000 9911.000000 10000.000000 9911.000000 9911.000000
14.000000 41.000000 1.000000 9923.000000 10000.000000 9923.000000 9923.000000
14.000000 42.000000 1.000000 9932.000000 10000.000000 9932.000000 9932.000000
14.000000 43.000000 1.000000 9947.000000 10000.000000 9947.000000 9947.000000
14.000000 44.000000 1.000000 9941.000000 10000.000000 9941.000000 9941.000000
14.000000 45.000000 1.000000 9948.000000 10000.000000 9948.000000 9948.000000
14.000000 46.000000 1.000000 9954.000000 10000.000000 9954.000000 9954.000000
14.000000 47.000000 1.000000 9971.000000 10000.000000 9971.000000 9971.000000
14.000000 48.000000 1.000000 9977.000000 10000.000000 9977.000000 9977.000000
14.000000 49.000000 1.000000 9990.000000 10000.000000 9990.000000 9990.000000
15.000000 0.000000 1.000000 10000.000000 10000.000000 10000.000000 10000.000000
15.000000 1.000000 1.000000 10000.000000 10000.000000 10000.000000 10000.000000
15.000000 2.000000 1.000000 9999.000000 10000.000000 9999.000000 9999.000000
15.000000 3.000000 1.000000 9998.000000 10000.000000 9998.000000 9998.000000
15.000000 4.000000 1.000000 9997.000000 10000.000000 9997.000000 9997.000000
15.000000 5.000000 1.000000 9995.000000 10000.000000 9995.000000 9995.000000
15.000000 6.000000 1.000000 9989.000000 10000.000000 9989.000000 9989.000000
15.000000 7.000000 1.000000 9984.000000 10000.000000 9984.000000 9984.000000
15.000000 8.000000 1.000000 9977.000000 10000.000000 9977.000000 9977.000000
15.000000 9.000000 1.000000 9965.000000 10000.000000 9965.000000 9965.000000
15.000000 10.000000 1.000000 9960.000000 10000.000000 9960.000000 9960.000000
15.000000 11.000000 1.000000 9953.000000 10000.000000 9953.000000 9953.000000
15.000000 12.000000 1.000000 9943.000000 10000.000000 9943.000000 9943.000000
15.000000 13.000000 1.000000 9921.000000 10000.000000 9921.000000 9921.000000
15.000000 14.000000 1.000000 9904.000000 10000.000000 9904.000000 9904.000000
15.000000 15.000000 1.000000 9846.000000 10000.000000 9846.000000 9846.000000
15.000000 16.000000 1.000000 9776.000000 10000.000000 9776.000000 9776.000000
15.000000 17.000000 1.000000 9657.000000 10000.000000 9657.000000 9657.000000
15.000000 18.000000 1.000000 9499.000000 10000.000000 9499.000000 9499.000000
15.000000 19.000000 1.000000 9261.000000 10000.000000 9261.000000 9261.000000
15.000000 20.000000 1.000000 9060.000000 10000.000000 9060.000000 9060.000000
15.000000 21.000000 1.000000 8829.000000 10000.000000 8829.000000 8829.000000
15.000000 22.000000 1.000000 8615.000000 10000.000000 8615.000000 8615.000000
15.000000 23.000000 1.000000 8479.000000 10000.000000 8479.000000 8479.000000
15.000000 24.000000 1.000000 8462.000000 10000.000000 8462.000000 8462.000000
15.000000 25.000000 1.000000 8513.000000 10000.000000 8513.000000 8513.000000
15.000000 26.000000 1.000000 8627.000000 10000.000000 8627.000000 8627.000000
15.000000 27.000000 1.000000 8838.000000 10000.000000 8838.000000 8838.000000
15.000000 28.000000 1.000000 9039.000000 10000.000000 9039.000000 9039.000000
15.000000 29.000000 1.000000 9239.000000 10000.000000 9239.000000 9239.000000
15.000000 30.000000 1.000000 9389.000000 10000.000000 9389.000000 9389.000000
15.000000 31.000000 1.000000 9523.000000 10000.000000 9523.000000 9523.000000
15.000000 32.000000 1.000000 9612.000000 10000.000000 9612.000000 9612.000000
15.000000 33.000000 1.000000 9696.000000 10000.000000 9696.000000 9696.000000
15.000000 34.000000 1.000000 9759.000000 10000.000000 9759.000000 9759.000000
15.000000 35.000000 1.000000 9816.000000 10000.000000 9816.000000 9816.000000
15.000000 36.000000 1.000000 9867.000000 10000.000000 9867.000000 9867.000000
15.000000 37.000000 1.000000 9902.000000 10000.000000 9902.000000 9902.000000
15.000000 38.000000 1.000000 9931.000000 10000.000000 9931.000000 9931.000000
15.000000 39.000000 1.000000 9958.000000 10000.000000 9958.000000 9958.000000
15.000000 40.000000 1.000000 9977.000000 10000.000000 9977.000000 9977.000000
15.000000 41.000000 1.000000 9987.000000 10000.000000 9987.000000 9987.000000
15.000000 42.000000 1.000000 9992.000000 10000.000000 9992.000000 9992.000000
15.000000 43.000000 1.000000 9998.000000 10000.000000 9998.000000 9998.000000
15.000000 44.000000 1.000000 9998.000000 10000.000000 9998.000000 9998.000000
15.000000 45.000000 1.000000 10000.000000 10000.000000 10000.000000 10000.000000
15.000000 46.000000 1.000000 10000.000000 10000.000000 10000.000000 10000.000000
15.000000 47.000000 1.000000 10000.000000 10000.000000 10000.000000 10000.000000
15.000000 48.000000 1.000000 10000.000000 10000.000000 10000.000000 10000.000000
15.000000 49.000000 1.000000 10000.000000 10000.000000 10000.000000 10000.000000
16.000000 0.000000 1.000000 10000.000000 10000.000000 10000.000000 10000.000000
16.000000 1.000000 1.000000 10000.000000 10000.000000 10000.000000 10000.000000
16.000000 2.000000 1.000000 9999.000000 10000.000000 9999.000000 9999.000000
16.000000 3.000000 1.000000 9999.000000 10000.000000 9999.000000 9999.000000
16.000000 4.000000 1.000000 9998.000000 10000.000000 9998.000000 9998.000000
16.000000 5.000000 1.000000 9998.000000 10000.000000 9998.000000 9998.000000
16.000000 6.000000 1.000000 9996.000000 10000.000000 9996.000000 9996.000000
16.000000 7.000000 1.000000 9993.000000 10000.000000 9993.000000 9993.000000
16.000000 8.000000 1.000000 9992.000000 10000.000000 9992.000000 9992.000000
16.000000 9.000000 1.000000 9992.000000 10000.000000 9992.000000 9992.000000
16.000000 10.000000 1.000000 9987.000000 10000.000000 9987.000000 9987.000000
16.000000 11.000000 1.000000 9988.000000 10000.000000 9988.000000 9988.000000
16.000000 12.000000 1.000000 9987.000000 10000.000000 9987.000000 9987.000000
16.000000 13.000000 1.000000 9986.000000 10000.000000 9986.000000 9986.000000
16.000000 14.000000 1.000000 9985.000000 10000.000000 9985.000000 9985.000000
16.000000 15.000000 1.000000 9987.000000 10000.000000 9987.000000 9987.000000
16.000000 16.000000 1.000000 9986.000000 10000.000000 9986.000000 9986.000000
16.000000 17.000000 1.000000 9987.000000 10000.000000 9987.000000 9987.000000
16.000000 18.000000 1.000000 9988.000000 10000.000000 9988.000000 9988.000000
16.000000 19.000000 1.000000 9986.000000 10000.000000 9986.000000 9986.000000
16.000000 20.000000 1.000000 9980.000000 10000.000000 9980.000000 9980.000000
16.000000 21.000000 1.000000 9961.000000 10000.000000 9961.000000 9961.000000
16.000000 22.000000 1.000000 9948.000000 10000.000000 9948.000000 9948.000000
16.000000 23.000000 1.000000 9922.000000 10000.000000 9922.000000 9922.000000
16.000000 24.000000 1.000000 9886.000000 10000.000000 9886.000000 9886.000000
16.000000 25.000000 1.000000 9864.000000 10000.000000 9864.000000 9864.000000
16.000000 26.000000 1.000000 9809.000000 10000.000000 9809.000000 9809.000000
16.000000 27.000000 1.000000 9740.000000 10000.000000 9740.000000 9740.000000
16.000000 28.000000 1.000000 9674.000000 10000.000000 9674.000000 9674.000000
16.000000 29.000000 1.000000 9577.000000 10000.000000 9577.000000 9577.000000
16.000000 30.000000 1.000000 9463.000000 10000.000000 9463.000000 9463.000000
16.000000 31.000000 1.000000 9356.000000 10000.000000 9356.000000 9356.000000
16.000000 32.000000 1.000000 9245.000000 10000.000000 9245.000000 9245.000000
16.000000 33.000000 1.000000 9112.000000 10000.000000 9112.000000 9112.000000
16.000000 34.000000 1.000000 9050.000000 10000.000000 9050.000000 9050.000000
16.000000 35.000000 1.000000 8999.000000 10000.000000 8999.000000 8999.000000
16.000000 36.000000 1.000000 9021.000000 10000.000000 9021.000000 9021.000000
16.000000 37.000000 1.000000 9055.000000 10000.000000 9055.000000 9055.000000
16.000000 38.000000 1.000000 9174.000000 10000.000000 9174.000000 9174.000000
16.000000 39.000000 1.000000 9263.000000 10000.000000 9263.000000 9263.000000
16.000000 40.000000 1.000000 9366.000000 10000.000000 9366.000000 9366.000000
16.000000 41.000000 1.000000 9415.000000 10000.000000 9415.000000 9415.000000
16.000000 42.000000 1.000000 9491.000000 10000.000000 9491.000000 9491.000000
16.000000 43.000000 1.000000 9528.000000 10000.000000 9528.000000 9528.000000
16.000000 44.000000 1.000000 9586.000000 10000.000000 9586.000000 9586.000000
16.000000 45.000000 1.000000 9640.000000 10000.000000 9640.000000 9640.000000
16.000000 46.000000 1.000000 9687.000000 10000.000000 9687.000000 9687.000000
16.000000 47.000000 1.000000 9734.000000 10000.000000 9734.000000 9734.000000
16.000000 48.000000 1.000000 9767.000000 10000.000000 9767.000000 9767.000000
16.000000 49.000000 1.000000 9780.000000 10000.000000 9780.000000 9780.000000
17.000000 0.000000 1.000000 10000.000000 10000.000000 10000.000000 10000.000000
17.000000 1.000000 1.000000 10000.000000 10000.000000 10000.000000 10000.000000
17.000000 2.000000 1.000000 9999.000000 10000.000000 9999.000000 9999.000000
17.000000 3.000000 1.000000 9998.000000 10000.000000 9998.000000 9998.000000
17.000000 4.000000 1.000000 9998.000000 10000.000000 9998.000000 9998.000000
17.000000 5.000000 1.000000 9997.000000 10000.000000 9997.000000 9997.000000
17.000000 6.000000 1.000000 9997.000000 10000.000000 9997.000000 9997.000000
17.000000 7.000000 1.000000 9997.000000 10000.000000 9997.000000 9997.000000
17.000000 8.000000 1.000000 9995.000000 10000.000000 9995.000000 9995.000000
17.000000 9.000000 1.000000 9993.000000 10000.000000 9993.000000 9993.000000
17.000000 10.000000 1.000000 9983.000000 10000.000000 9983.000000 9983.000000
17.000000 11.000000 1.000000 9972.000000 10000.000000 9972.000000 9972.000000
17.000000 12.000000 1.000000 9960.000000 10000.000000 9960.000000 9960.000000
17.000000 13.000000 1.000000 9951.000000 10000.000000 9951.000000 9951.000000
17.000000 14.000000 1.000000 9941.000000 10000.000000 9941.000000 9941.000000
17.000000 15.000000 1.000000 9940.000000 10000.000000 9940.000000 9940.000000
17.000000 16.000000 1.000000 9934.000000 10000.000000 9934.000000 9934.000000
17.000000 17.000000 1.000000 9911.000000 10000.000000 9911.000000 9911.000000
17.000000 18.000000 1.000000 9877.000000 10000.000000 9877.000000 9877.000000
17.000000 19.000000 1.000000 9826.000000 10000.000000 9826.000000 9826.000000
17.000000 20.000000 1.000000 9775.000000 10000.000000 9775.000000 9775.000000
17.000000 21.000000 1.000000 9723.000000 10000.000000 9723.000000 9723.000000
17.000000 22.000000 1.000000 9643.000000 10000.000000 9643.000000 9643.000000
17.000000 23.000000 1.000000 9557.000000 10000.000000 9557.000000 9557.000000
17.000000 24.000000 1.000000 9453.000000 10000.000000 9453.000000 9453.000000
17.000000 25.000000 1.000000 9367.000000 10000.000000 9367.000000 9367.000000
17.000000 26.000000 1.000000 9274.000000 10000.000000 9274.000000 9274.000000
17.000000 27.000000 1.000000 9204.000000 10000.000000 9204.000000 9204.000000
17.000000 28.000000 1.000000 9152.000000 10000.000000 9152.000000 9152.000000
17.000000 29.000000 1.000000 9148.000000 10000.000000 9148.000000 9148.000000
17.000000 30.000000 1.000000 9121.000000 10000.000000 9121.000000 9121.000000
17.000000 31.000000 1.000000 9142.000000 10000.000000 9142.000000 9142.000000
17.000000 32.000000 1.000000 9141.000000 10000.000000 9141.000000 9141.000000
17.000000 33.000000 1.000000 9181.000000 10000.000000 9181.000000 9181.000000
17.000000 34.000000 1.000000 9212.000000 10000.000000 9212.000000 9212.000000
17.000000 35.000000 1.000000 9267.000000 10000.000000 9267.000000 9267.000000
17.000000 36.000000 1.000000 9363.000000 10000.000000 9363.000000 9363.000000
17.000000 37.000000 1.000000 9471.000000 10000.000000 9471.000000 9471.000000
17.000000 38.000000 1.000000 9578.000000 10000.000000 9578.000000 9578.000000
17.000000 39.000000 1.000000 9682.000000 10000.000000 9682.000000 9682.000000
17.000000 40.000000 1.000000 9741.000000 10000.000000 9741.000000 9741.000000
17.000000 41.000000 1.000000 9789.000000 10000.000000 9789.000000 9789.000000
17.000000 42.000000 1.000000 9829.000000 10000.000000 9829.000000 9829.000000
17.000000 43.000000 1.000000 9856.000000 10000.000000 9856.000000 9856.000000
17.000000 44.000000 1.000000 9878.000000 10000.000000 9878.000000 9878.000000
17.000000 45.000000 1.000000 9903.000000 10000.000000 9903.000000 9903.000000
17.000000 46.000000 1.000000 9918.000000 10000.000000 9918.000000 9918.000000
17.000000 47.000000 1.000000 9938.000000 10000.000000 9938.000000 9938.000000
17.000000 48.000000 1.000000 9954.000000 10000.000000 9954.000000 9954.000000
17.000000 49.000000 1.000000 9971.000000 10000.000000 9971.000000 9971.000000
18.000000 0.000000 1.000000 10000.000000 10000.000000 10000.000000 10000.000000
18.000000 1.000000 1.000000 10000.000000 10000.000000 10000.000000 10000.000000
18.000000 2.000000 1.000000 9999.000000 10000.000000 9999.000000 9999.000000
18.000000 3.000000 1.000000 9999.000000 10000.000000 9999.000000 9999.000000
18.000000 4.000000 1.000000 9999.000000 10000.000000 9999.000000 9999.000000
18.000000 5.000000 1.000000 9999.000000 10000.000000 9999.000000 9999.000000
18.000000 6.000000 1.000000 9999.000000 10000.000000 9999.000000 9999.000000
18.000000 7.000000 1.000000 10000.000000 10000.000000 10000.000000 10000.000000
18.000000 8.000000 1.000000 10000.000000 10000.000000 10000.000000 10000.000000
18.000000 9.000000 1.000000 10000.000000 10000.000000 10000.000000 10000.000000
18.000000 10.000000 1.000000 10000.000000 10000.000000 10000.000000 10000.000000
18.000000 11.000000 1.000000 10000.000000 10000.000000 10000.000000 10000.000000
18.000000 12.000000 1.000000 10000.000000 10000.000000 10000.000000 10000.000000
18.000000 13.000000 1.000000 10000.000000 10000.000000 10000.000000 10000.000000
18.000000 14.000000 1.000000 10000.000000 10000.000000 10000.000000 10000.000000
18.000000 15.000000 1.000000 10000.000000 10000.000000 10000.000000 10000.000000
18.000000 16.000000 1.000000 10000.000000 10000.000000 10000.000000 10000.000000
18.000000 17.000000 1.000000 10000.000000 10000.000000 10000.000000 10000.000000
18.000000 18.000000 1.000000 10000.000000 10000.000000 10000.000000 10000.000000
18.000000 19.000000 1.000000 10000.000000 10000.000000 10000.000000 10000.000000
18.000000 20.000000 1.000000 10000.000000 10000.000000 10000.000000 10000.000000
18.000000 21.000000 1.000000 10000.000000 10000.000000 10000.000000 10000.000000
18.000000 22.000000 1.000000 10000.000000 10000.000000 10000.000000 10000.000000
18.000000 23.000000 1.000000 10000.000000 10000.000000 10000.000000 10000.000000
18.000000 24.000000 1.000000 10000.000000 10000.000000 10000.000000 10000.000000
18.000000 25.000000 1.000000 10000.000000 10000.000000 10000.000000 10000.000000
18.000000 26.000000 1.000000 10000.000000 10000.000000 10000.000000 10000.000000
18.000000 27.000000 1.000000 10000.000000 10000.000000 10000.000000 10000.000000
18.000000 28.000000 1.000000 10000.000000 10000.000000 10000.000000 10000.000000
18.000000 29.000000 1.000000 10000.000000 10000.000000 10000.000000 10000.000000
18.000000 30.000000 1.000000 10000.000000 10000.000000 10000.000000 10000.000000
18.000000 31.000000 1.000000 10000.000000 10000.000000 10000.000000 10000.000000
18.000000 32.000000 1.000000 10000.000000 10000.000000 10000.000000 10000.000000
18.000000 33.000000 1.000000 10000.000000 10000.000000 10000.000000 10000.000000
18.000000 34.000000 1.000000 10000.000000 10000.000000 10000.000000 10000.000000
18.000000 35.000000 1.000000 10000.000000 10000.000000 10000.000000 10000.000000
18.000000 36.000000 1.000000 10000.000000 10000.000000 10000.000000 10000.000000
18.000000 37.000000 1.000000 10000.000000 10000.000000 10000.000000 10000.000000
18.000000 38.000000 1.000000 10000.000000 10000.000000 10000.000000 10000.000000
18.000000 39.000000 1.000000 10000.000000 10000.000000 10000.000000 10000.000000
18.000000 40.000000 1.000000 10000.000000 10000.000000 10000.000000 10000.000000
18.000000 41.000000 1.000000 10000.000000 10000.000000 10000.000000 10000.000000
18.000000 42.000000 1.000000 10000.000000 10000.000000 10000.000000 10000.000000
18.000000 43.000000 1.000000 10000.000000 10000.000000 10000.000000 10000.000000
18.000000 44.000000 1.000000 10000.000000 10000.000000 10000.000000 10000.000000
18.000000 45.000000 1.000000 10000.000000 10000.000000 10000.000000 10000.000000
18.000000 46.000000 1.000000 10000.000000 10000.000000 10000.000000 10000.000000
18.000000 47.000000 1.000000 10000.000000 10000.000000 10000.000000 10000.000000
18.000000 48.000000 1.000000 10000.000000 10000.000000 10000.000000 10000.000000
18.000000 49.000000 1.000000 10000.000000 10000.000000 10000.000000 10000.000000
19.000000 0.000000 1.000000 10000.000000 10000.000000 10000.000000 10000.000000
19.000000 1.000000 1.000000 10000.000000 10000.000000 10000.000000 10000.000000
19.000000 2.000000 1.000000 10000.000000 10000.000000 10000.000000 10000.000000
19.000000 3.000000 1.000000 10000.000000 10000.000000 10000.000000 10000.000000
19.000000 4.000000 1.000000 10000.000000 10000.000000 10000.000000 10000.000000
19.000000 5.000000 1.000000 10000.000000 10000.000000 10000.000000 10000.000000
19.000000 6.000000 1.000000 10000.000000 10000.000000 10000.000000 10000.000000
19.000000 7.000000 1.000000 10000.000000 10000.000000 10000.000000 10000.000000
19.000000 8.000000 1.000000 10000.000000 10000.000000 10000.000000 10000.000000
19.000000 9.000000 1.000000 10000.000000 10000.000000 10000.000000 10000.000000
19.000000 10.000000 1.000000 10000.000000 10000.000000 10000.000000 10000.000000
19.000000 11.000000 1.000000 10000.000000 10000.000000 10000.000000 10000.000000
19.000000 12.000000 1.000000 10000.000000 10000.000000 10000.000000 10000.000000
19.000000 13.000000 1.000000 10000.000000 10000.000000 10000.000000 10000.000000
19.000000 14.000000 1.000000 10000.000000 10000.000000 10000.000000 10000.000000
19.000000 15.000000 1.000000 10000.000000 10000.000000 10000.000000 10000.000000
19.000000 16.000000 1.000000 10000.000000 10000.000000 10000.000000 10000.000000
19.000000 17.000000 1.000000 10000.000000 10000.000000 10000.000000 10000.000000
19.000000 18.000000 1.000000 10000.000000 10000.000000 10000.000000 10000.000000
19.000000 19.000000 1.000000 10000.000000 10000.000000 10000.000000 10000.000000
19.000000 20.000000 1.000000 10000.000000 10000.000000 10000.000000 10000.000000
19.000000 21.000000 1.000000 10000.000000 10000.000000 10000.000000 10000.000000
19.000000 22.000000 1.000000 10000.000000 10000.000000 10000.000000 10000.000000
19.000000 23.000000 1.000000 10000.000000 10000.000000 10000.000000 10000.000000
19.000000 24.000000 1.000000 10000.000000 10000.000000 10000.000000 10000.000000
19.000000 25.000000 1.000000 10000.000000 10000.000000 10000.000000 10000.000000
19.000000 26.000000 1.000000 10000.000000 10000.000000 10000.000000 10000.000000
19.000000 27.000000 1.000000 10000.000000 10000.000000 10000.000000 10000.000000
19.000000 28.000000 1.000000 10000.000000 10000.000000 10000.000000 10000.000000
19.000000 29.000000 1.000000 10000.000000 10000.000000 10000.000000 10000.000000
19.000000 30.000000 1.000000 10000.000000 10000.000000 10000.000000 10000.000000
19.000000 31.000000 1.000000 10000.000000 10000.000000 10000.000000 10000.000000
19.000000 32.000000 1.000000 10000.000000 10000.000000 10000.000000 10000.000000
19.000000 33.000000 1.000000 10000.000000 10000.000000 10000.000000 10000.000000
19.000000 34.000000 1.000000 10000.000000 10000.000000 10000.000000 10000.000000
19.000000 35.000000 1.000000 10000.000000 10000.000000 10000.000000 10000.000000
19.000000 36.000000 1.000000 10000.000000 10000.000000 10000.000000 10000.000000
19.000000 37.000000 1.000000 10000.000000 10000.000000 10000.000000 10000.000000
19.000000 38.000000 1.000000 10000.000000 10000.000000 10000.000000 10000.000000
19.000000 39.000000 1.000000 10000.000000 10000.000000 10000.000000 10000.000000
19.000000 40.000000 1.000000 10000.000000 10000.000000 10000.000000 10000.000000
19.000000 41.000000 1.000000 10000.000000 10000.000000 10000.000000 10000.000000
19.000000 42.000000 1.000000 10000.000000 10000.000000 10000.000000 10000.000000
19.000000 43.000000 1.000000 10000.000000 10000.000000 10000.000000 10000.000000
19.000000 44.000000 1.000000 10000.000000 10000.000000 10000.000000 10000.000000
19.000000 45.000000 1.000000 10000.000000 10000.000000 10000.000000 10000.000000
19.000000 46.000000 1.000000 10000.000000 10000.000000 10000.000000 10000.000000
19.000000 47.000000 1.000000 10000.000000 10000.000000 10000.000000 10000.000000
19.000000 48.000000 1.000000 10000.000000 10000.000000 10000.000000 10000.000000
19.000000 49.000000 1.000000 10000.000000 10000.000000 10000.000000 10000.000000
20.000000 0.000000 1.000000 10000.000000 10000.000000 10000.000000 10000.000000
20.000000 1.000000 1.000000 10000.000000 10000.000000 10000.000000 10000.000000
20.000000 2.000000 1.000000 9999.000000 10000.000000 9999.000000 9999.000000
20.000000 3.000000 1.000000 9999.000000 10000.000000 9999.000000 9999.000000
20.000000 4.000000 1.000000 9998.000000 10000.000000 9998.000000 9998.000000
20.000000 5.000000 1.000000 9997.000000 10000.000000 9997.000000 9997.000000
20.000000 6.000000 1.000000 9995.000000 10000.000000 9995.000000 9995.000000
20.000000 7.000000 1.000000 9996.000000 10000.000000 9996.000000 9996.000000
20.000000 8.000000 1.000000 9996.000000 10000.000000 9996.000000 9996.000000
20.000000 9.000000 1.000000 9997.000000 10000.000000 9997.000000 9997.000000
20.000000 10.000000 1.000000 9998.000000 10000.000000 9998.000000 9998.000000
20.000000 11.000000 1.000000 9999.000000 10000.000000 9999.000000 9999.000000
20.000000 12.000000 1.000000 10000.000000 10000.000000 10000.000000 10000.000000
20.000000 13.000000 1.000000 10000.000000 10000.000000 10000.000000 10000.000000
20.000000 14.000000 1.000000 10000.000000 10000.000000 10000.000000 10000.000000
20.000000 15.000000 1.000000 10000.000000 10000.000000 10000.000000 10000.000000
20.000000 16.000000 1.000000 10000.000000 10000.000000 10000.000000 10000.000000
20.000000 17.000000 1.000000 10000.000000 10000.000000 10000.000000 10000.000000
20.000000 18.000000 1.000000 10000.000000 10000.000000 10000.000000 10000.000000
20.000000 19.000000 1.000000 10000.000000 10000.000000 10000.000000 10000.000000
20.000000 20.000000 1.000000 10000.000000 10000.000000 10000.000000 10000.000000
20.000000 21.000000 1.000000 10000.000000 10000.000000 10000.000000 10000.000000
20.000000 22.000000 1.000000 10000.000000 10000.000000 10000.000000 10000.000000
20.000000 23.000000 1.000000 10000.000000 10000.000000 10000.000000 10000.000000
20.000000 24.000000 1.000000 10000.000000 10000.000000 10000.000000 10000.000000
20.000000 25.000000 1.000000 10000.000000 10000.000000 10000.000000 10000.000000
20.000000 26.000000 1.000000 10000.000000 10000.000000 10000.000000 10000.000000
20.000000 27.000000 1.000000 10000.000000 10000.000000 10000.000000 10000.000000
20.000000 28.000000 1.000000 10000.000000 10000.000000 10000.000000 10000.000000
20.000000 29.000000 1.000000 10000.000000 10000.000000 10000.000000 10000.000000
20.000000 30.000000 1.000000 10000.000000 10000.000000 10000.000000 10000.000000
20.000000 31.000000 1.000000 10000.000000 10000.000000 10000.000000 10000.000000
20.000000 32.000000 1.000000 10000.000000 10000.000000 10000.000000 10000.000000
20.000000 33.000000 1.000000 10000.000000 10000.000000 10000.000000 10000.000000
20.000000 34.000000 1.000000 10000.000000 10000.000000 10000.000000 10000.000000
20.000000 35.000000 1.000000 10000.000000 10000.000000 10000.000000 10000.000000
20.000000 36.000000 1.000000 10000.000000 10000.000000 10000.000000 10000.000000
20.000000 37.000000 1.000000 10000.000000 10000.000000 10000.000000 10000.000000
20.000000 38.000000 1.000000 10000.000000 10000.000000 10000.000000 10000.000000
20.000000 39.000000 1.000000 10000.000000 10000.000000 10000.000000 10000.000000
20.000000 40.000000 1.000000 10000.000000 10000.000000 10000.000000 10000.000000
20.000000 41.000000 1.000000 10000.000000 10000.000000 10000.000000 10000.000000
20.000000 42.000000 1.000000 10000.000000 10000.000000 10000.000000 10000.000000
20.000000 43.000000 1.000000 10000.000000 10000.000000 10000.000000 10000.000000
20.000000 44.000000 1.000000 10000.000000 10000.000000 10000.000000 10000.000000
20.000000 45.000000 1.000000 10000.000000 10000.000000 10000.000000 10000.000000
20.000000 46.000000 1.000000 10000.000000 10000.000000 10000.000000 10000.000000
20.000000 47.000000 1.000000 10000.000000 10000.000000 10000.000000 10000.000000
20.000000 48.000000 1.000000 10000.000000 10000.000000 10000.000000 10000.000000
20.000000 49.000000 1.000000 10000.000000 10000.000000 10000.000000 10000.000000
21.000000 0.000000 1.000000 10000.000000 10000.000000 10000.000000 10000.000000
21.000000 1.000000 1.000000 10000.000000 10000.000000 10000.000000 10000.000000
21.000000 2.000000 1.000000 9999.000000 10000.000000 9999.000000 9999.000000
21.000000 3.000000 1.000000 9999.000000 10000.000000 9999.000000 9999.000000
21.000000 4.000000 1.000000 9999.000000 10000.000000 9999.000000 9999.000000
21.000000 5.000000 1.000000 9999.000000 10000.000000 9999.000000 9999.000000
21.000000 6.000000 1.000000 9999.000000 10000.000000 9999.000000 9999.000000
21.000000 7.000000 1.000000 10000.000000 10000.000000 10000.000000 10000.000000
21.000000 8.000000 1.000000 10000.000000 10000.000000 10000.000000 10000.000000
21.000000 9.000000 1.000000 10000.000000 10000.000000 10000.000000 10000.000000
21.000000 10.000000 1.000000 10000.000000 10000.000000 10000.000000 10000.000000
21.000000 11.000000 1.000000 10000.000000 10000.000000 10000.000000 10000.000000
21.000000 12.000000 1.000000 10000.000000 10000.000000 10000.000000 10000.000000
21.000000 13.000000 1.000000 10000.000000 10000.000000 10000.000000 10000.000000
21.000000 14.000000 1.000000 10000.000000 10000.000000 10000.000000 10000.000000
21.000000 15.000000 1.000000 10000.000000 10000.000000 10000.000000 10000.000000
21.000000 16.000000 1.000000 10000.000000 10000.000000 10000.000000 10000.000000
21.000000 17.000000 1.000000 10000.000000 10000.000000 10000.000000 10000.000000
21.000000 18.000000 1.000000 10000.000000 10000.000000 10000.000000 10000.000000
21.000000 19.000000 1.000000 10000.000000 10000.000000 10000.000000 10000.000000
21.000000 20.000000 1.000000 10000.000000 10000.000000 10000.000000 10000.000000
21.000000 21.000000 1.000000 10000.000000 10000.000000 10000.000000 10000.000000
21.000000 22.000000 1.000000 10000.000000 10000.000000 10000.000000 10000.000000
21.000000 23.000000 1.000000 10000.000000 10000.000000 10000.000000 10000.000000
21.000000 24.000000 1.000000 10000.000000 10000.000000 10000.000000 10000.000000
21.000000 25.000000 1.000000 10000.000000 10000.000000 10000.000000 10000.000000
21.000000 26.000000 1.000000 10000.000000 10000.000000 10000.000000 10000.000000
21.000000 27.000000 1.000000 10000.000000 10000.000000 10000.000000 10000.000000
21.000000 28.000000 1.000000 10000.000000 10000.000000 10000.000000 10000.000000
21.000000 29.000000 1.000000 10000.000000 10000.000000 10000.000000 10000.000000
21.000000 30.000000 1.000000 10000.000000 10000.000000 10000.000000 10000.000000
21.000000 31.000000 1.000000 10000.000000 10000.000000 10000.000000 10000.000000
21.000000 32.000000 1.000000 10000.000000 10000.000000 10000.000000 10000.000000
21.000000 33.000000 1.000000 10000.000000 10000.000000 10000.000000 10000.000000
21.000000 34.000000 1.000000 10000.000000 10000.000000 10000.000000 10000.000000
21.000000 35.000000 1.000000 10000.000000 10000.000000 10000.000000 10000.000000
21.000000 36.000000 1.000000 10000.000000 10000.000000 10000.000000 10000.000000
21.000000 37.000000 1.000000 10000.000000 10000.000000 10000.000000 10000.000000
21.000000 38.000000 1.000000 10000.000000 10000.000000 10000.000000 10000.000000
21.000000 39.000000 1.000000 10000.000000 10000.000000 10000.000000 10000.000000
21.000000 40.000000 1.000000 10000.000000 10000.000000 10000.000000 10000.000000
21.000000 41.000000 1.000000 10000.000000 10000.000000 10000.000000 10000.000000
21.000000 42.000000 1.000000 10000.000000 10000.000000 10000.000000 10000.000000
21.000000 43.000000 1.000000 10000.000000 10000.000000 10000.000000 10000.000000
21.000000 44.000000 1.000000 10000.000000 10000.000000 10000.000000 10000.000000
21.000000 45.000000 1.000000 10000.000000 10000.000000 10000.000000 10000.000000
21.000000 46.000000 1.000000 10000.000000 10000.000000 10000.000000 10000.000000
21.000000 47.000000 1.000000 10000.000000 10000.000000 10000.000000 10000.000000
21.000000 48.000000 1.000000 10000.000000 10000.000000 10000.000000 10000.000000
21.000000 49.000000 1.000000 10000.000000 10000.000000 10000.000000 10000.000000
22.000000 0.000000 1.000000 10000.000000 10000.000000 10000.000000 10000.000000
22.000000 1.000000 1.000000 10000.000000 10000.000000 10000.000000 10000.000000
22.000000 2.000000 1.000000 9999.000000 10000.000000 9999.000000 9999.000000
22.000000 3.000000 1.000000 9997.000000 10000.000000 9997.000000 9997.000000
22.000000 4.000000 1.000000 9995.000000 10000.000000 9995.000000 9995.000000
22.000000 5.000000 1.000000 9993.000000 10000.000000 9993.000000 9993.000000
22.000000 6.000000 1.000000 9992.000000 10000.000000 9992.000000 9992.000000
22.000000 7.000000 1.000000 9991.000000 10000.000000 9991.000000 9991.000000
22.000000 8.000000 1.000000 9985.000000 10000.000000 9985.000000 9985.000000
22.000000 9.000000 1.000000 9987.000000 10000.000000 9987.000000 9987.000000
22.000000 10.000000 1.000000 9987.000000 10000.000000 9987.000000 9987.000000
22.000000 11.000000 1.000000 9988.000000 10000.000000 9988.000000 9988.000000
22.000000 12.000000 1.000000 9990.000000 10000.000000 9990.000000 9990.000000
22.000000 13.000000 1.000000 9996.000000 10000.000000 9996.000000 9996.000000
22.000000 14.000000 1.000000 9998.000000 10000.000000 9998.000000 9998.000000
22.000000 15.000000 1.000000 10000.000000 10000.000000 10000.000000 10000.000000
22.000000 16.000000 1.000000 10000.000000 10000.000000 10000.000000 10000.000000
22.000000 17.000000 1.000000 10000.000000 10000.000000 10000.000000 10000.000000
22.000000 18.000000 1.000000 10000.000000 10000.000000 10000.000000 10000.000000
22.000000 19.000000 1.000000 10000.000000 10000.000000 10000.000000 10000.000000
22.000000 20.000000 1.000000 10000.000000 10000.000000 10000.000000 10000.000000
22.000000 21.000000 1.000000 10000.000000 10000.000000 10000.000000 10000.000000
22.000000 22.000000 1.000000 10000.000000 10000.000000 10000.000000 10000.000000
22.000000 23.000000 1.000000 10000.000000 10000.000000 10000.000000 10000.000000
22.000000 24.000000 1.000000 10000.000000 10000.000000 10000.000000 10000.000000
22.000000 25.000000 1.000000 10000.000000 10000.000000 10000.000000 10000.000000
22.000000 26.000000 1.000000 10000.000000 10000.000000 10000.000000 10000.000000
22.000000 27.000000 1.000000 10000.000000 10000.000000 10000.000000 10000.000000
22.000000 28.000000 1.000000 10000.000000 10000.000000 10000.000000 10000.000000
22.000000 29.000000 1.000000 10000.000000 10000.000000 10000.000000 10000.000000
22.000000 30.000000 1.000000 10000.000000 10000.000000 10000.000000 10000.000000
22.000000 31.000000 1.000000 10000.000000 10000.000000 10000.000000 10000.000000
22.000000 32.000000 1.000000 10000.000000 10000.000000 10000.000000 10000.000000
22.000000 33.000000 1.000000 10000.000000 10000.000000 10000.000000 10000.000000
22.000000 34.000000 1.000000 10000.000000 10000.000000 10000.000000 10000.000000
22.000000 35.000000 1.000000 10000.000000 10000.000000 10000.000000 10000.000000
22.000000 36.000000 1.000000 10000.000000 10000.000000 10000.000000 10000.000000
22.000000 37.000000 1.000000 10000.000000 10000.000000 10000.000000 10000.000000
22.000000 38.000000 1.000000 10000.000000 10000.000000 10000.000000 10000.000000
22.000000 39.000000 1.000000 10000.000000 10000.000000 10000.000000 10000.000000
22.000000 40.000000 1.000000 10000.000000 10000.000000 10000.000000 10000.000000
22.000000 41.000000 1.000000 10000.000000 10000.000000 10000.000000 10000.000000
22.000000 42.000000 1.000000 10000.000000 10000.000000 10000.000000 10000.000000
22.000000 43.000000 1.000000 10000.000000 10000.000000 10000.000000 10000.000000
22.000000 44.000000 1.000000 10000.000000 10000.000000 10000.000000 10000.000000
22.000000 45.000000 1.000000 10000.000000 10000.000000 10000.000000 10000.000000
22.000000 46.000000 1.000000 10000.000000 10000.000000 10000.000000 10000.000000
22.000000 47.000000 1.000000 10000.000000 10000.000000 10000.000000 10000.000000
22.000000 48.000000 1.000000 10000.000000 10000.000000 10000.000000 10000.000000
22.000000 49.000000 1.000000 10000.000000 10000.000000 10000.000000 10000.000000
23.000000 0.000000 1.000000 10000.000000 10000.000000 10000.000000 10000.000000
23.000000 1.000000 1.000000 10000.000000 10000.000000 10000.000000 10000.000000
23.000000 2.000000 1.000000 10000.000000 10000.000000 10000.000000 10000.000000
23.000000 3.000000 1.000000 10000.000000 10000.000000 10000.000000 10000.000000
23.000000 4.000000 1.000000 9999.000000 10000.000000 9999.000000 9999.000000
23.000000 5.000000 1.000000 9999.000000 10000.000000 9999.000000 9999.000000
23.000000 6.000000 1.000000 9999.000000 10000.000000 9999.000000 9999.000000
23.000000 7.000000 1.000000 9998.000000 10000.000000 9998.000000 9998.000000
23.000000 8.000000 1.000000 9996.000000 10000.000000 9996.000000 9996.000000
23.000000 9.000000 1.000000 9995.000000 10000.000000 9995.000000 9995.000000
23.000000 10.000000 1.000000 9994.000000 10000.000000 9994.000000 9994.000000
23.000000 11.000000 1.000000 9992.000000 10000.000000 9992.000000 9992.000000
23.000000 12.000000 1.000000 9993.000000 10000.000000 9993.000000 9993.000000
23.000000 13.000000 1.000000 9995.000000 10000.000000 9995.000000 9995.000000
23.000000 14.000000 1.000000 9996.000000 10000.000000 9996.000000 9996.000000
23.000000 15.000000 1.000000 9998.000000 10000.000000 9998.000000 9998.000000
23.000000 16.000000 1.000000 10000.000000 10000.000000 10000.000000 10000.000000
23.000000 17.000000 1.000000 10000.000000 10000.000000 10000.000000 10000.000000
23.000000 18.000000 1.000000 10000.000000 10000.000000 10000.000000 10000.000000
23.000000 19.000000 1.000000 10000.000000 10000.000000 10000.000000 10000.000000
23.000000 20.000000 1.000000 10000.000000 10000.000000 10000.000000 10000.000000
23.000000 21.000000 1.000000 10000.000000 10000.000000 10000.000000 10000.000000
23.000000 22.000000 1.000000 10000.000000 10000.000000 10000.000000 10000.000000
23.000000 23.000000 1.000000 10000.000000 10000.000000 10000.000000 10000.000000
23.000000 24.000000 1.000000 10000.000000 10000.000000 10000.000000 10000.000000
23.000000 25.000000 1.000000 10000.000000 10000.000000 10000.000000 10000.000000
23.000000 26.000000 1.000000 10000.000000 10000.000000 10000.000000 10000.000000
23.000000 27.000000 1.000000 10000.000000 10000.000000 10000.000000 10000.000000
23.000000 28.000000 1.000000 10000.000000 10000.000000 10000.000000 10000.000000
23.000000 29.000000 1.000000 10000.000000 10000.000000 10000.000000 10000.000000
23.000000 30.000000 1.000000 10000.000000 10000.000000 10000.000000 10000.000000
23.000000 31.000000 1.000000 10000.000000 10000.000000 10000.000000 10000.000000
23.000000 32.000000 1.000000 10000.000000 10000.000000 10000.000000 10000.000000
23.000000 33.000000 1.000000 10000.000000 10000.000000 10000.000000 10000.000000
23.000000 34.000000 1.000000 10000.000000 10000.000000 10000.000000 10000.000000
23.000000 35.000000 1.000000 10000.000000 10000.000000 10000.000000 10000.000000
23.000000 36.000000 1.000000 10000.000000 10000.000000 10000.000000 10000.000000
23.000000 37.000000 1.000000 10000.000000 10000.000000 10000.000000 10000.000000
23.000000 38.000000 1.000000 10000.000000 10000.000000 10000.000000 10000.000000
23.000000 39.000000 1.000000 10000.000000 10000.000000 10000.000000 10000.000000
23.000000 40.000000 1.000000 10000.000000 10000.000000 10000.000000 10000.000000
23.000000 41.000000 1.000000 10000.000000 10000.000000 10000.000000 10000.000000
23.000000 42.000000 1.000000 10000.000000 10000.000000 10000.000000 10000.000000
23.000000 43.000000 1.000000 10000.000000 10000.000000 10000.000000 10000.000000
23.000000 44.000000 1.000000 10000.000000 10000.000000 10000.000000 10000.000000
23.000000 45.000000 1.000000 10000.000000 10000.000000 10000.000000 10000.000000
23.000000 46.000000 1.000000 10000.000000 10000.000000 10000.000000 10000.000000
23.000000 47.000000 1.000000 10000.000000 10000.000000 10000.000000 10000.000000
23.000000 48.000000 1.000000 10000.000000 10000.000000 10000.000000 10000.000000
23.000000 49.000000 1.000000 10000.000000 10000.000000 10000.000000 10000.000000
24.000000 0.000000 1.000000 10000.000000 10000.000000 10000.000000 10000.000000
24.000000 1.000000 1.000000 10000.000000 10000.000000 10000.000000 10000.000000
24.000000 2.000000 1.000000 10000.000000 10000.000000 10000.000000 10000.000000
24.000000 3.000000 1.000000 9998.000000 10000.000000 9998.000000 9998.000000
24.000000 4.000000 1.000000 9997.000000 10000.000000 9997.000000 9997.000000
24.000000 5.000000 1.000000 9980.000000 10000.000000 9980.000000 9980.000000
24.000000 6.000000 1.000000 9939.000000 10000.000000 9939.000000 9939.000000
24.000000 7.000000 1.000000 9899.000000 10000.000000 9899.000000 9899.000000
24.000000 8.000000 1.000000 9844.000000 10000.000000 9844.000000 9844.000000
24.000000 9.000000 1.000000 9786.000000 10000.000000 9786.000000 9786.000000
24.000000 10.000000 1.000000 9689.000000 10000.000000 9689.000000 9689.000000
24.000000 11.000000 1.000000 9552.000000 10000.000000 9552.000000 9552.000000
24.000000 12.000000 1.000000 9384.000000 10000.000000 9384.000000 9384.000000
24.000000 13.000000 1.000000 9169.000000 10000.000000 9169.000000 9169.000000
24.000000 14.000000 1.000000 8913.000000 10000.000000 8913.000000 8913.000000
24.000000 15.000000 1.000000 8690.000000 10000.000000 8690.000000 8690.000000
24.000000 16.000000 1.000000 8556.000000 10000.000000 8556.000000 8556.000000
24.000000 17.000000 1.000000 8485.000000 10000.000000 8485.000000 8485.000000
24.000000 18.000000 1.000000 8490.000000 10000.000000 8490.000000 8490.000000
24.000000 19.000000 1.000000 8573.000000 10000.000000 8573.000000 8573.000000
24.000000 20.000000 1.000000 8707.000000 10000.000000 8707.000000 8707.000000
24.000000 21.000000 1.000000 8855.000000 10000.000000 8855.000000 8855.000000
24.000000 22.000000 1.000000 9003.000000 10000.000000 9003.000000 9003.000000
24.000000 23.000000 1.000000 9163.000000 10000.000000 9163.000000 9163.000000
24.000000 24.000000 1.000000 9309.000000 10000.000000 9309.000000 9309.000000
24.000000 25.000000 1.000000 9488.000000 10000.000000 9488.000000 9488.000000
24.000000 26.000000 1.000000 9609.000000 10000.000000 9609.000000 9609.000000
24.000000 27.000000 1.000000 9737.000000 10000.000000 9737.000000 9737.000000
24.000000 28.000000 1.000000 9825.000000 10000.000000 9825.000000 9825.000000
24.000000 29.000000 1.000000 9885.000000 10000.000000 9885.000000 9885.000000
24.000000 30.000000 1.000000 9909.000000 10000.000000 9909.000000 9909.000000
24.000000 31.000000 1.000000 9942.000000 10000.000000 9942.000000 9942.000000
24.000000 32.000000 1.000000 9944.000000 10000.000000 9944.000000 9944.000000
24.000000 33.000000 1.000000 9960.000000 10000.000000 9960.000000 9960.000000
24.000000 34.000000 1.000000 9969.000000 10000.000000 9969.000000 9969.000000
24.000000 35.000000 1.000000 9978.000000 10000.000000 9978.000000 9978.000000
24.000000 36.000000 1.000000 9987.000000 10000.000000 9987.000000 9987.000000
24.000000 37.000000 1.000000 9993.000000 10000.000000 9993.000000 9993.000000
24.000000 38.000000 1.000000 9998.000000 10000.000000 9998.000000 9998.000000
24.000000 39.000000 1.000000 9999.000000 10000.000000 9999.000000 9999.000000
24.000000 40.000000 1.000000 9999.000000 10000.000000 9999.000000 9999.000000
24.000000 41.000000 1.000000 10000.000000 10000.000000 10000.000000 10000.000000
24.000000 42.000000 1.000000 10000.000000 10000.000000 10000.000000 10000.000000
24.000000 43.000000 1.000000 10000.000000 10000.000000 10000.000000 10000.000000
24.000000 44.000000 1.000000 10000.000000 10000.000000 10000.000000 10000.000000
24.000000 45.000000 1.000000 10000.000000 10000.000000 10000.000000 10000.000000
24.000000 46.000000 1.000000 10000.000000 10000.000000 10000.000000 10000.000000
24.000000 47.000000 1.000000 10000.000000 10000.000000 10000.000000 10000.000000
24.000000 48.000000 1.000000 10000.000000 10000.000000 10000.000000 10000.000000
24.000000 49.000000 1.000000 10000.000000 10000.000000 10000.000000 10000.000000
25.000000 0.000000 1.000000 10000.000000 10000.000000 10000.000000 10000.000000
25.000000 1.000000 1.000000 10000.000000 10000.000000 10000.000000 10000.000000
25.000000 2.000000 1.000000 10000.000000 10000.000000 10000.000000 10000.000000
25.000000 3.000000 1.000000 10000.000000 10000.000000 10000.000000 10000.000000
25.000000 4.000000 1.000000 9994.000000 10000.000000 9994.000000 9994.000000
25.000000 5.000000 1.000000 9983.000000 10000.000000 9983.000000 9983.000000
25.000000 6.000000 1.000000 9959.000000 10000.000000 9959.000000 9959.000000
25.000000 7.000000 1.000000 9934.000000 10000.000000 9934.000000 9934.000000
25.000000 8.000000 1.000000 9900.000000 10000.000000 9900.000000 9900.000000
25.000000 9.000000 1.000000 9883.000000 10000.000000 9883.000000 9883.000000
25.000000 10.000000 1.000000 9857.000000 10000.000000 9857.000000 9857.000000
25.000000 11.000000 1.000000 9845.000000 10000.000000 9845.000000 9845.000000
25.000000 12.000000 1.000000 9827.000000 10000.000000 9827.000000 9827.000000
25.000000 13.000000 1.000000 9785.000000 10000.000000 9785.000000 9785.000000
25.000000 14.000000 1.000000 9701.000000 10000.000000 9701.000000 9701.000000
25.000000 15.000000 1.000000 9616.000000 10000.000000 9616.000000 9616.000000
25.000000 16.000000 1.000000 9488.000000 10000.000000 9488.000000 9488.000000
25.000000 17.000000 1.000000 9338.000000 10000.000000 9338.000000 9338.000000
25.000000 18.000000 1.000000 9191.000000 10000.000000 9191.000000 9191.000000
25.000000 19.000000 1.000000 9068.000000 10000.000000 9068.000000 9068.000000
25.000000 20.000000 1.000000 8956.000000 10000.000000 8956.000000 8956.000000
25.000000 21.000000 1.000000 8902.000000 10000.000000 8902.000000 8902.000000
25.000000 22.000000 1.000000 8886.000000 10000.000000 8886.000000 8886.000000
25.000000 23.000000 1.000000 8921.000000 10000.000000 8921.000000 8921.000000
25.000000 24.000000 1.000000 8995.000000 10000.000000 8995.000000 8995.000000
25.000000 25.000000 1.000000 9092.000000 10000.000000 9092.000000 9092.000000
25.000000 26.000000 1.000000 9196.000000 10000.000000 9196.000000 9196.000000
25.000000 27.000000 1.000000 9312.000000 10000.000000 9312.000000 9312.000000
25.000000 28.000000 1.000000 9410.000000 10000.000000 9410.000000 9410.000000
25.000000 29.000000 1.000000 9503.000000 10000.000000 9503.000000 9503.000000
25.000000 30.000000 1.000000 9586.000000 10000.000000 9586.000000 9586.000000
25.000000 31.000000 1.000000 9655.000000 10000.000000 9655.000000 9655.000000
25.000000 32.000000 1.000000 9713.000000 10000.000000 9713.000000 9713.000000
25.000000 33.000000 1.000000 9761.000000 10000.000000 9761.000000 9761.000000
25.000000 34.000000 1.000000 9805.000000 10000.000000 9805.000000 9805.000000
25.000000 35.000000 1.000000 9850.000000 10000.000000 9850.000000 9850.000000
25.000000 36.000000 1.000000 9885.000000 10000.000000 9885.000000 9885.000000
25.000000 37.000000 1.000000 9925.000000 10000.000000 9925.000000 9925.000000
25.000000 38.000000 1.000000 9952.000000 10000.000000 9952.000000 9952.000000
25.000000 39.000000 1.000000 9977.000000 10000.000000 9977.000000 9977.000000
25.000000 40.000000 1.000000 9985.000000 10000.000000 9985.000000 9985.000000
25.000000 41.000000 1.000000 9991.000000 10000.000000 9991.000000 9991.000000
25.000000 42.000000 1.000000 9996.000000 10000.000000 9996.000000 9996.000000
25.000000 43.000000 1.000000 9999.000000 10000.000000 9999.000000 9999.000000
25.000000 44.000000 1.000000 9999.000000 10000.000000 9999.000000 9999.000000
25.000000 45.000000 1.000000 9999.000000 10000.000000 9999.000000 9999.000000
25.000000 46.000000 1.000000 9999.000000 10000.000000 9999.000000 9999.000000
25.000000 47.000000 1.000000 10000.000000 10000.000000 10000.000000 10000.000000
25.000000 48.000000 1.000000 10000.000000 10000.000000 10000.000000 10000.000000
25.000000 49.000000 1.000000 10000.000000 10000.000000 10000.000000 10000.000000
26.000000 0.000000 1.000000 10000.000000 10000.000000 10000.000000 10000.000000
26.000000 1.000000 1.000000 10000.000000 10000.000000 10000.000000 10000.000000
26.000000 2.000000 1.000000 10000.000000 10000.000000 10000.000000 10000.000000
26.000000 3.000000 1.000000 9999.000000 10000.000000 9999.000000 9999.000000
26.000000 4.000000 1.000000 9999.000000 10000.000000 9999.000000 9999.000000
26.000000 5.000000 1.000000 9999.000000 10000.000000 9999.000000 9999.000000
26.000000 6.000000 1.000000 9999.000000 10000.000000 9999.000000 9999.000000
26.000000 7.000000 1.000000 9999.000000 10000.000000 9999.000000 9999.000000
26.000000 8.000000 1.000000 10000.000000 10000.000000 10000.000000 10000.000000
26.000000 9.000000 1.000000 10000.000000 10000.000000 10000.000000 10000.000000
26.000000 10.000000 1.000000 10000.000000 10000.000000 10000.000000 10000.000000
26.000000 11.000000 1.000000 10000.000000 10000.000000 10000.000000 10000.000000
26.000000 12.000000 1.000000 10000.000000 10000.000000 10000.000000 10000.000000
26.000000 13.000000 1.000000 10000.000000 10000.000000 10000.000000 10000.000000
26.000000 14.000000 1.000000 10000.000000 10000.000000 10000.000000 10000.000000
26.000000 15.000000 1.000000 10000.000000 10000.000000 10000.000000 10000.000000
26.000000 16.000000 1.000000 10000.000000 10000.000000 10000.000000 10000.000000
26.000000 17.000000 1.000000 10000.000000 10000.000000 10000.000000 10000.000000
26.000000 18.000000 1.000000 10000.000000 10000.000000 10000.000000 10000.000000
26.000000 19.000000 1.000000 10000.000000 10000.000000 10000.000000 10000.000000
26.000000 20.000000 1.000000 10000.000000 10000.000000 10000.000000 10000.000000
26.000000 21.000000 1.000000 10000.000000 10000.000000 10000.000000 10000.000000
26.000000 22.000000 1.000000 10000.000000 10000.000000 10000.000000 10000.000000
26.000000 23.000000 1.000000 10000.000000 10000.000000 10000.000000 10000.000000
26.000000 24.000000 1.000000 10000.000000 10000.000000 10000.000000 10000.000000
26.000000 25.000000 1.000000 10000.000000 10000.000000 10000.000000 10000.000000
26.000000 26.000000 1.000000 10000.000000 10000.000000 10000.000000 10000.000000
26.000000 27.000000 1.000000 10000.000000 10000.000000 10000.000000 10000.000000
26.000000 28.000000 1.000000 10000.000000 10000.000000 10000.000000 10000.000000
26.000000 29.000000 1.000000 10000.000000 10000.000000 10000.000000 10000.000000
26.000000 30.000000 1.000000 10000.000000 10000.000000 10000.000000 10000.000000
26.000000 31.000000 1.000000 10000.000000 10000.000000 10000.000000 10000.000000
26.000000 32.000000 1.000000 10000.000000 10000.000000 10000.000000 10000.000000
26.000000 33.000000 1.000000 10000.000000 10000.000000 10000.000000 10000.000000
26.000000 34.000000 1.000000 10000.000000 10000.000000 10000.000000 10000.000000
26.000000 35.000000 1.000000 10000.000000 10000.000000 10000.000000 10000.000000
26.000000 36.000000 1.000000 10000.000000 10000.000000 10000.000000 10000.000000
26.000000 37.000000 1.000000 10000.000000 10000.000000 10000.000000 10000.000000
26.000000 38.000000 1.000000 10000.000000 10000.000000 10000.000000 10000.000000
26.000000 39.000000 1.000000 10000.000000 10000.000000 10000.000000 10000.000000
26.000000 40.000000 1.000000 10000.000000 10000.000000 10000.000000 10000.000000
26.000000 41.000000 1.000000 10000.000000 10000.000000 10000.000000 10000.000000
26.000000 42.000000 1.000000 10000.000000 10000.000000 10000.000000 10000.000000
26.000000 43.000000 1.000000 10000.000000 10000.000000 10000.000000 10000.000000
26.000000 44.000000 1.000000 10000.000000 10000.000000 10000.000000 10000.000000
26.000000 45.000000 1.000000 10000.000000 10000.000000 10000.000000 10000.000000
26.000000 46.000000 1.000000 10000.000000 10000.000000 10000.000000 10000.000000
26.000000 47.000000 1.000000 10000.000000 10000.000000 10000.000000 10000.000000
26.000000 48.000000 1.000000 10000.000000 10000.000000 10000.000000 10000.000000
26.000000 49.000000 1.000000 10000.000000 10000.000000 10000.000000 10000.000000
27.000000 0.000000 1.000000 10000.000000 10000.000000 10000.000000 10000.000000
27.000000 1.000000 1.000000 10000.000000 10000.000000 10000.000000 10000.000000
27.000000 2.000000 1.000000 10000.000000 10000.000000 10000.000000 10000.000000
27.000000 3.000000 1.000000 9999.000000 10000.000000 9999.000000 9999.000000
27.000000 4.000000 1.000000 9999.000000 10000.000000 9999.000000 9999.000000
27.000000 5.000000 1.000000 9999.000000 10000.000000 9999.000000 9999.000000
27.000000 6.000000 1.000000 9998.000000 10000.000000 9998.000000 9998.000000
27.000000 7.000000 1.000000 9998.000000 10000.000000 9998.000000 9998.000000
27.000000 8.000000 1.000000 9999.000000 10000.000000 9999.000000 9999.000000
27.000000 9.000000 1.000000 9999.000000 10000.000000 9999.000000 9999.000000
27.000000 10.000000 1.000000 9999.000000 10000.000000 9999.000000 9999.000000
27.000000 11.000000 1.000000 10000.000000 10000.000000 10000.000000 10000.000000
27.000000 12.000000 1.000000 10000.000000 10000.000000 10000.000000 10000.000000
27.000000 13.000000 1.000000 10000.000000 10000.000000 10000.000000 10000.000000
27.000000 14.000000 1.000000 10000.000000 10000.000000 10000.000000 10000.000000
27.000000 15.000000 1.000000 10000.000000 10000.000000 10000.000000 10000.000000
27.000000 16.000000 1.000000 10000.000000 10000.000000 10000.000000 10000.000000
27.000000 17.000000 1.000000 10000.000000 10000.000000 10000.000000 10000.000000
27.000000 18.000000 1.000000 10000.000000 10000.000000 10000.000000 10000.000000
27.000000 19.000000 1.000000 10000.000000 10000.000000 10000.000000 10000.000000
27.000000 20.000000 1.000000 10000.000000 10000.000000 10000.000000 10000.000000
27.000000 21.000000 1.000000 10000.000000 10000.000000 10000.000000 10000.000000
27.000000 22.000000 1.000000 10000.000000 10000.000000 10000.000000 10000.000000
27.000000 23.000000 1.000000 10000.000000 10000.000000 10000.000000 10000.000000
27.000000 24.000000 1.000000 10000.000000 10000.000000 10000.000000 10000.000000
27.000000 25.000000 1.000000 10000.000000 10000.000000 10000.000000 10000.000000
27.000000 26.000000 1.000000 10000.000000 10000.000000 10000.000000 10000.000000
27.000000 27.000000 1.000000 10000.000000 10000.000000 10000.000000 10000.000000
27.000000 28.000000 1.000000 10000.000000 10000.000000 10000.000000 10000.000000
27.000000 29.000000 1.000000 10000.000000 10000.000000 10000.000000 10000.000000
27.000000 30.000000 1.000000 10000.000000 10000.000000 10000.000000 10000.000000
27.000000 31.000000 1.000000 10000.000000 10000.000000 10000.000000 10000.000000
27.000000 32.000000 1.000000 10000.000000 10000.000000 10000.000000 10000.000000
27.000000 33.000000 1.000000 10000.000000 10000.000000 10000.000000 10000.000000
27.000000 34.000000 1.000000 10000.000000 10000.000000 10000.000000 10000.000000
27.000000 35.000000 1.000000 10000.000000 10000.000000 10000.000000 10000.000000
27.000000 36.000000 1.000000 10000.000000 10000.000000 10000.000000 10000.000000
27.000000 37.000000 1.000000 10000.000000 10000.000000 10000.000000 10000.000000
27.000000 38.000000 1.000000 10000.000000 10000.000000 10000.000000 10000.000000
27.000000 39.000000 1.000000 10000.000000 10000.000000 10000.000000 10000.000000
27.000000 40.000000 1.000000 10000.000000 10000.000000 10000.000000 10000.000000
27.000000 41.000000 1.000000 10000.000000 10000.000000 10000.000000 10000.000000
27.000000 42.000000 1.000000 10000.000000 10000.000000 10000.000000 10000.000000
27.000000 43.000000 1.000000 10000.000000 10000.000000 10000.000000 10000.000000
27.000000 44.000000 1.000000 10000.000000 10000.000000 10000.000000 10000.000000
27.000000 45.000000 1.000000 10000.000000 10000.000000 10000.000000 10000.000000
27.000000 46.000000 1.000000 10000.000000 10000.000000 10000.000000 10000.000000
27.000000 47.000000 1.000000 10000.000000 10000.000000 10000.000000 10000.000000
27.000000 48.000000 1.000000 10000.000000 10000.000000 10000.000000 10000.000000
27.000000 49.000000 1.000000 10000.000000 10000.000000 10000.000000 10000.000000
28.000000 0.000000 1.000000 10000.000000 10000.000000 10000.000000 10000.000000
28.000000 1.000000 1.000000 10000.000000 10000.000000 10000.000000 10000.000000
28.000000 2.000000 1.000000 10000.000000 10000.000000 10000.000000 10000.000000
28.000000 3.000000 1.000000 9999.000000 10000.000000 9999.000000 9999.000000
28.000000 4.000000 1.000000 9998.000000 10000.000000 9998.000000 9998.000000
28.000000 5.000000 1.000000 9997.000000 10000.000000 9997.000000 9997.000000
28.000000 6.000000 1.000000 9995.000000 10000.000000 9995.000000 9995.000000
28.000000 7.000000 1.000000 9993.000000 10000.000000 9993.000000 9993.000000
28.000000 8.000000 1.000000 9993.000000 10000.000000 9993.000000 9993.000000
28.000000 9.000000 1.000000 9991.000000 10000.000000 9991.000000 9991.000000
28.000000 10.000000 1.000000 9987.000000 10000.000000 9987.000000 9987.000000
28.000000 11.000000 1.000000 9981.000000 10000.000000 9981.000000 9981.000000
28.000000 12.000000 1.000000 9967.000000 10000.000000 9967.000000 9967.000000
28.000000 13.000000 1.000000 9950.000000 10000.000000 9950.000000 9950.000000
28.000000 14.000000 1.000000 9935.000000 10000.000000 9935.000000 9935.000000
28.000000 15.000000 1.000000 9913.000000 10000.000000 9913.000000 9913.000000
28.000000 16.000000 1.000000 9879.000000 10000.000000 9879.000000 9879.000000
28.000000 17.000000 1.000000 9844.000000 10000.000000 9844.000000 9844.000000
28.000000 18.000000 1.000000 9790.000000 10000.000000 9790.000000 9790.000000
28.000000 19.000000 1.000000 9704.000000 10000.000000 9704.000000 9704.000000
28.000000 20.000000 1.000000 9580.000000 10000.000000 9580.000000 9580.000000
28.000000 21.000000 1.000000 9454.000000 10000.000000 9454.000000 9454.000000
28.000000 22.000000 1.000000 9302.000000 10000.000000 9302.000000 9302.000000
28.000000 23.000000 1.000000 9177.000000 10000.000000 9177.000000 9177.000000
28.000000 24.000000 1.000000 9101.000000 10000.000000 9101.000000 9101.000000
28.000000 25.000000 1.000000 9029.000000 10000.000000 9029.000000 9029.000000
28.000000 26.000000 1.000000 8991.000000 10000.000000 8991.000000 8991.000000
28.000000 27.000000 1.000000 9010.000000 10000.000000 9010.000000 9010.000000
28.000000 28.000000 1.000000 9022.000000 10000.000000 9022.000000 9022.000000
28.000000 29.000000 1.000000 9043.000000 10000.000000 9043.000000 9043.000000
28.000000 30.000000 1.000000 9134.000000 10000.000000 9134.000000 9134.000000
28.000000 31.000000 1.000000 9213.000000 10000.000000 9213.000000 9213.000000
28.000000 32.000000 1.000000 9310.000000 10000.000000 9310.000000 9310.000000
28.000000 33.000000 1.000000 9415.000000 10000.000000 9415.000000 9415.000000
28.000000 34.000000 1.000000 9524.000000 10000.000000 9524.000000 9524.000000
28.000000 35.000000 1.000000 9588.000000 10000.000000 9588.000000 9588.000000
28.000000 36.000000 1.000000 9658.000000 10000.000000 9658.000000 9658.000000
28.000000 37.000000 1.000000 9696.000000 10000.000000 9696.000000 9696.000000
28.000000 38.000000 1.000000 9722.000000 10000.000000 9722.000000 9722.000000
28.000000 39.000000 1.000000 9747.000000 10000.000000 9747.000000 9747.000000
28.000000 40.000000 1.000000 9784.000000 10000.000000 9784.000000 9784.000000
28.000000 41.000000 1.000000 9801.000000 10000.000000 9801.000000 9801.000000
28.000000 42.000000 1.000000 9829.000000 10000.000000 9829.000000 9829.000000
28.000000 43.000000 1.000000 9859.000000 10000.000000 9859.000000 9859.000000
28.000000 44.000000 1.000000 9858.000000 10000.000000 9858.000000 9858.000000
28.000000 45.000000 1.000000 9871.000000 10000.000000 9871.000000 9871.000000
28.000000 46.000000 1.000000 9895.000000 10000.000000 9895.000000 9895.000000
28.000000 47.000000 1.000000 9917.000000 10000.000000 9917.000000 9917.000000
28.000000 48.000000 1.000000 9937.000000 10000.000000 9937.000000 9937.000000
28.000000 49.000000 1.000000 9962.000000 10000.000000 9962.000000 9962.000000
29.000000 0.000000 1.000000 10000.000000 10000.000000 10000.000000 10000.000000
29.000000 1.000000 1.000000 10000.000000 10000.000000 10000.000000 10000.000000
29.000000 2.000000 1.000000 10000.000000 10000.000000 10000.000000 10000.000000
29.000000 3.000000 1.000000 9999.000000 10000.000000 9999.000000 9999.000000
29.000000 4.000000 1.000000 9999.000000 10000.000000 9999.000000 9999.000000
29.000000 5.000000 1.000000 9999.000000 10000.000000 9999.000000 9999.000000
29.000000 6.000000 1.000000 9999.000000 10000.000000 9999.000000 9999.000000
29.000000 7.000000 1.000000 9999.000000 10000.000000 9999.000000 9999.000000
29.000000 8.000000 1.000000 10000.000000 10000.000000 10000.000000 10000.000000
29.000000 9.000000 1.000000 10000.000000 10000.000000 10000.000000 10000.000000
29.000000 10.000000 1.000000 10000.000000 10000.000000 10000.000000 10000.000000
29.000000 11.000000 1.000000 10000.000000 10000.000000 10000.000000 10000.000000
29.000000 12.000000 1.000000 10000.000000 10000.000000 10000.000000 10000.000000
29.000000 13.000000 1.000000 10000.000000 10000.000000 10000.000000 10000.000000
29.000000 14.000000 1.000000 10000.000000 10000.000000 10000.000000 10000.000000
29.000000 15.000000 1.000000 10000.000000 10000.000000 10000.000000 10000.000000
29.000000 16.000000 1.000000 10000.000000 10000.000000 10000.000000 10000.000000
29.000000 17.000000 1.000000 10000.000000 10000.000000 10000.000000 10000.000000
29.000000 18.000000 1.000000 10000.000000 10000.000000 10000.000000 10000.000000
29.000000 19.000000 1.000000 10000.000000 10000.000000 10000.000000 10000.000000
29.000000 20.000000 1.000000 10000.000000 10000.000000 10000.000000 10000.000000
29.000000 21.000000 1.000000 10000.000000 10000.000000 10000.000000 10000.000000
29.000000 22.000000 1.000000 10000.000000 10000.000000 10000.000000 10000.000000
29.000000 23.000000 1.000000 10000.000000 10000.000000 10000.000000 10000.000000
29.000000 24.000000 1.000000 10000.000000 10000.000000 10000.000000 10000.000000
29.000000 25.000000 1.000000 10000.000000 10000.000000 10000.000000 10000.000000
29.000000 26.000000 1.000000 10000.000000 10000.000000 10000.000000 10000.000000
29.000000 27.000000 1.000000 10000.000000 10000.000000 10000.000000 10000.000000
29.000000 28.000000 1.000000 10000.000000 10000.000000 10000.000000 10000.000000
29.000000 29.000000 1.000000 10000.000000 10000.000000 10000.000000 10000.000000
29.000000 30.000000 1.000000 10000.000000 10000.000000 10000.000000 10000.000000
29.000000 31.000000 1.000000 10000.000000 10000.000000 10000.000000 10000.000000
29.000000 32.000000 1.000000 10000.000000 10000.000000 10000.000000 10000.000000
29.000000 33.000000 1.000000 10000.000000 10000.000000 10000.000000 10000.000000
29.000000 34.000000 1.000000 10000.000000 10000.000000 10000.000000 10000.000000
29.000000 35.000000 1.000000 10000.000000 10000.000000 10000.000000 10000.000000
29.000000 36.000000 1.000000 10000.000000 10000.000000 10000.000000 10000.000000
29.000000 37.000000 1.000000 10000.000000 10000.000000 10000.000000 10000.000000
29.000000 38.000000 1.000000 10000.000000 10000.000000 10000.000000 10000.000000
29.000000 39.000000 1.000000 10000.000000 10000.000000 10000.000000 10000.000000
29.000000 40.000000 1.000000 10000.000000 10000.000000 10000.000000 10000.000000
29.000000 41.000000 1.000000 10000.000000 10000.000000 10000.000000 10000.000000
29.000000 42.000000 1.000000 10000.000000 10000.000000 10000.000000 10000.000000
29.000000 43.000000 1.000000 10000.000000 10000.000000 10000.000000 10000.000000
29.000000 44.000000 1.000000 10000.000000 10000.000000 10000.000000 10000.000000
29.000000 45.000000 1.000000 10000.000000 10000.000000 10000.000000 10000.000000
29.000000 46.000000 1.000000 10000.000000 10000.000000 10000.000000 10000.000000
29.000000 47.000000 1.000000 10000.000000 10000.000000 10000.000000 10000.000000
29.000000 48.000000 1.000000 10000.000000 10000.000000 10000.000000 10000.000000
29.000000 49.000000 1.000000 10000.000000 10000.000000 10000.000000 10000.000000
30.000000 0.000000 1.000000 10000.000000 10000.000000 10000.000000 10000.000000
30.000000 1.000000 1.000000 10000.000000 10000.000000 10000.000000 10000.000000
30.000000 2.000000 1.000000 10000.000000 10000.000000 10000.000000 10000.000000
30.000000 3.000000 1.000000 9999.000000 10000.000000 9999.000000 9999.000000
30.000000 4.000000 1.000000 9999.000000 10000.000000 9999.000000 9999.000000
30.000000 5.000000 1.000000 9999.000000 10000.000000 9999.000000 9999.000000
30.000000 6.000000 1.000000 9999.000000 10000.000000 9999.000000 9999.000000
30.000000 7.000000 1.000000 9999.000000 10000.000000 9999.000000 9999.000000
30.000000 8.000000 1.000000 10000.000000 10000.000000 10000.000000 10000.000000
30.000000 9.000000 1.000000 10000.000000 10000.000000 10000.000000 10000.000000
30.000000 10.000000 1.000000 10000.000000 10000.000000 10000.000000 10000.000000
30.000000 11.000000 1.000000 10000.000000 10000.000000 10000.000000 10000.000000
30.000000 12.000000 1.000000 10000.000000 10000.000000 10000.000000 10000.000000
30.000000 13.000000 1.000000 10000.000000 10000.000000 10000.000000 10000.000000
30.000000 14.000000 1.000000 10000.000000 10000.000000 10000.000000 10000.000000
30.000000 15.000000 1.000000 10000.000000 10000.000000 10000.000000 10000.000000
30.000000 16.000000 1.000000 10000.000000 10000.000000 10000.000000 10000.000000
30.000000 17.000000 1.000000 10000.000000 10000.000000 10000.000000 10000.000000
30.000000 18.000000 1.000000 10000.000000 10000.000000 10000.000000 10000.000000
30.000000 19.000000 1.000000 10000.000000 10000.000000 10000.000000 10000.000000
30.000000 20.000000 1.000000 10000.000000 10000.000000 10000.000000 10000.000000
30.000000 21.000000 1.000000 10000.000000 10000.000000 10000.000000 10000.000000
30.000000 22.000000 1.000000 10000.000000 10000.000000 10000.000000 10000.000000
30.000000 23.000000 1.000000 10000.000000 10000.000000 10000.000000 10000.000000
30.000000 24.000000 1.000000 10000.000000 10000.000000 10000.000000 10000.000000
30.000000 25.000000 1.000000 10000.000000 10000.000000 10000.000000 10000.000000
30.000000 26.000000 1.000000 10000.000000 10000.000000 10000.000000 10000.000000
30.000000 27.000000 1.000000 10000.000000 10000.000000 10000.000000 10000.000000
30.000000 28.000000 1.000000 10000.000000 10000.000000 10000.000000 10000.000000
30.000000 29.000000 1.000000 10000.000000 10000.000000 10000.000000 10000.000000
30.000000 30.000000 1.000000 10000.000000 10000.000000 10000.000000 10000.000000
30.000000 31.000000 1.000000 10000.000000 10000.000000 10000.000000 10000.000000
30.000000 32.000000 1.000000 10000.000000 10000.000000 10000.000000 10000.000000
30.000000 33.000000 1.000000 10000.000000 10000.000000 10000.000000 10000.000000
30.000000 34.000000 1.000000 10000.000000 10000.000000 10000.000000 10000.000000
30.000000 35.000000 1.000000 10000.000000 10000.000000 10000.000000 10000.000000
30.000000 36.000000 1.000000 10000.000000 10000.000000 10000.000000 10000.000000
30.000000 37.000000 1.000000 10000.000000 10000.000000 10000.000000 10000.000000
30.000000 38.000000 1.000000 10000.000000 10000.000000 10000.000000 10000.000000
30.000000 39.000000 1.000000 10000.000000 10000.000000 10000.000000 10000.000000
30.000000 40.000000 1.000000 10000.000000 10000.000000 10000.000000 10000.000000
30.000000 41.000000 1.000000 10000.000000 10000.000000 10000.000000 10000.000000
30.000000 42.000000 1.000000 10000.000000 10000.000000 10000.000000 10000.000000
30.000000 43.000000 1.000000 10000.000000 10000.000000 10000.000000 10000.000000
30.000000 44.000000 1.000000 10000.000000 10000.000000 10000.000000 10000.000000
30.000000 45.000000 1.000000 10000.000000 10000.000000 10000.000000 10000.000000
30.000000 46.000000 1.000000 10000.000000 10000.000000 10000.000000 10000.000000
30.000000 47.000000 1.000000 10000.000000 10000.000000 10000.000000 10000.000000
30.000000 48.000000 1.000000 10000.000000 10000.000000 10000.000000 10000.000000
30.000000 49.000000 1.000000 10000.000000 10000.000000 10000.000000 10000.000000
31.000000 0.000000 1.000000 10000.000000 10000.000000 10000.000000 10000.000000
31.000000 1.000000 1.000000 10000.000000 10000.000000 10000.000000 10000.000000
31.000000 2.000000 1.000000 10000.000000 10000.000000 10000.000000 10000.000000
31.000000 3.000000 1.000000 9998.000000 10000.000000 9998.000000 9998.000000
31.000000 4.000000 1.000000 9992.000000 10000.000000 9992.000000 9992.000000
31.000000 5.000000 1.000000 9990.000000 10000.000000 9990.000000 9990.000000
31.000000 6.000000 1.000000 9987.000000 10000.000000 9987.000000 9987.000000
31.000000 7.000000 1.000000 9986.000000 10000.000000 9986.000000 9986.000000
31.000000 8.000000 1.000000 9984.000000 10000.000000 9984.000000 9984.000000
31.000000 9.000000 1.000000 9985.000000 10000.000000 9985.000000 9985.000000
31.000000 10.000000 1.000000 9981.000000 10000.000000 9981.000000 9981.000000
31.000000 11.000000 1.000000 9982.000000 10000.000000 9982.000000 9982.000000
31.000000 12.000000 1.000000 9969.000000 10000.000000 9969.000000 9969.000000
31.000000 13.000000 1.000000 9952.000000 10000.000000 9952.000000 9952.000000
31.000000 14.000000 1.000000 9923.000000 10000.000000 9923.000000 9923.000000
31.000000 15.000000 1.000000 9858.000000 10000.000000 9858.000000 9858.000000
31.000000 16.000000 1.000000 9773.000000 10000.000000 9773.000000 9773.000000
31.000000 17.000000 1.000000 9674.000000 10000.000000 9674.000000 9674.000000
31.000000 18.000000 1.000000 9526.000000 10000.000000 9526.000000 9526.000000
31.000000 19.000000 1.000000 9331.000000 10000.000000 9331.000000 9331.000000
31.000000 20.000000 1.000000 9150.000000 10000.000000 9150.000000 9150.000000
31.000000 21.000000 1.000000 9007.000000 10000.000000 9007.000000 9007.000000
31.000000 22.000000 1.000000 8871.000000 10000.000000 8871.000000 8871.000000
31.000000 23.000000 1.000000 8826.000000 10000.000000 8826.000000 8826.000000
31.000000 24.000000 1.000000 8823.000000 10000.000000 8823.000000 8823.000000
31.000000 25.000000 1.000000 8864.000000 10000.000000 8864.000000 8864.000000
31.000000 26.000000 1.000000 8944.000000 10000.000000 8944.000000 8944.000000
31.000000 27.000000 1.000000 9070.000000 10000.000000 9070.000000 9070.000000
31.000000 28.000000 1.000000 9174.000000 10000.000000 9174.000000 9174.000000
31.000000 29.000000 1.000000 9306.000000 10000.000000 9306.000000 9306.000000
31.000000 30.000000 1.000000 9426.000000 10000.000000 9426.000000 9426.000000
31.000000 31.000000 1.000000 9523.000000 10000.000000 9523.000000 9523.000000
31.000000 32.000000 1.000000 9608.000000 10000.000000 9608.000000 9608.000000
31.000000 33.000000 1.000000 9677.000000 10000.000000 9677.000000 9677.000000
31.000000 34.000000 1.000000 9732.000000 10000.000000 9732.000000 9732.000000
31.000000 35.000000 1.000000 9787.000000 10000.000000 9787.000000 9787.000000
31.000000 36.000000 1.000000 9839.000000 10000.000000 9839.000000 9839.000000
31.000000 37.000000 1.000000 9876.000000 10000.000000 9876.000000 9876.000000
31.000000 38.000000 1.000000 9901.000000 10000.000000 9901.000000 9901.000000
31.000000 39.000000 1.000000 9919.000000 10000.000000 9919.000000 9919.000000
31.000000 40.000000 1.000000 9932.000000 10000.000000 9932.000000 9932.000000
31.000000 41.000000 1.000000 9939.000000 10000.000000 9939.000000 9939.000000
31.000000 42.000000 1.000000 9945.000000 10000.000000 9945.000000 9945.000000
31.000000 43.000000 1.000000 9951.000000 10000.000000 9951.000000 9951.000000
31.000000 44.000000 1.000000 9967.000000 10000.000000 9967.000000 9967.000000
31.000000 45.000000 1.000000 9980.000000 10000.000000 9980.000000 9980.000000
31.000000 46.000000 1.000000 9988.000000 10000.000000 9988.000000 9988.000000
31.000000 47.000000 1.000000 9995.000000 10000.000000 9995.000000 9995.000000
31.000000 48.000000 1.000000 9997.000000 10000.000000 9997.000000 9997.000000
31.000000 49.000000 1.000000 9996.000000 10000.000000 9996.000000 9996.000000
32.000000 0.000000 1.000000 10000.000000 10000.000000 10000.000000 10000.000000
32.000000 1.000000 1.000000 10000.000000 10000.000000 10000.000000 10000.000000
32.000000 2.000000 1.000000 9999.000000 10000.000000 9999.000000 9999.000000
32.000000 3.000000 1.000000 9999.000000 10000.000000 9999.000000 9999.000000
32.000000 4.000000 1.000000 9998.000000 10000.000000 9998.000000 9998.000000
32.000000 5.000000 1.000000 9998.000000 10000.000000 9998.000000 9998.000000
32.000000 6.000000 1.000000 9998.000000 10000.000000 9998.000000 9998.000000
32.000000 7.000000 1.000000 9999.000000 10000.000000 9999.000000 9999.000000
32.000000 8.000000 1.000000 9999.000000 10000.000000 9999.000000 9999.000000
32.000000 9.000000 1.000000 10000.000000 10000.000000 10000.000000 10000.000000
32.000000 10.000000 1.000000 10000.000000 10000.000000 10000.000000 10000.000000
32.000000 11.000000 1.000000 10000.000000 10000.000000 10000.000000 10000.000000
32.000000 12.000000 1.000000 10000.000000 10000.000000 10000.000000 10000.000000
32.000000 13.000000 1.000000 10000.000000 10000.000000 10000.000000 10000.000000
32.000000 14.000000 1.000000 10000.000000 10000.000000 10000.000000 10000.000000
32.000000 15.000000 1.000000 10000.000000 10000.000000 10000.000000 10000.000000
32.000000 16.000000 1.000000 10000.000000 10000.000000 10000.000000 10000.000000
32.000000 17.000000 1.000000 10000.000000 10000.000000 10000.000000 10000.000000
32.000000 18.000000 1.000000 10000.000000 10000.000000 10000.000000 10000.000000
32.000000 19.000000 1.000000 10000.000000 10000.000000 10000.000000 10000.000000
32.000000 20.000000 1.000000 10000.000000 10000.000000 10000.000000 10000.000000
32.000000 21.000000 1.000000 10000.000000 10000.000000 10000.000000 10000.000000
32.000000 22.000000 1.000000 10000.000000 10000.000000 10000.000000 10000.000000
32.000000 23.000000 1.000000 10000.000000 10000.000000 10000.000000 10000.000000
32.000000 24.000000 1.000000 10000.000000 10000.000000 10000.000000 10000.000000
32.000000 25.000000 1.000000 10000.000000 10000.000000 10000.000000 10000.000000
32.000000 26.000000 1.000000 10000.000000 10000.000000 10000.000000 10000.000000
32.000000 27.000000 1.000000 10000.000000 10000.000000 10000.000000 10000.000000
32.000000 28.000000 1.000000 10000.000000 10000.000000 10000.000000 10000.000000
32.000000 29.000000 1.000000 10000.000000 10000.000000 10000.000000 10000.000000
32.000000 30.000000 1.000000 10000.000000 10000.000000 10000.000000 10000.000000
32.000000 31.000000 1.000000 10000.000000 10000.000000 10000.000000 10000.000000
32.000000 32.000000 1.000000 10000.000000 10000.000000 10000.000000 10000.000000
32.000000 33.000000 1.000000 10000.000000 10000.000000 10000.000000 10000.000000
32.000000 34.000000 1.000000 10000.000000 10000.000000 10000.000000 10000.000000
32.000000 35.000000 1.000000 10000.000000 10000.000000 10000.000000 10000.000000
32.000000 36.000000 1.000000 10000.000000 10000.000000 10000.000000 10000.000000
32.000000 37.000000 1.000000 10000.000000 10000.000000 10000.000000 10000.000000
32.000000 38.000000 1.000000 10000.000000 10000.000000 10000.000000 10000.000000
32.000000 39.000000 1.000000 10000.000000 10000.000000 10000.000000 10000.000000
32.000000 40.000000 1.000000 10000.000000 10000.000000 10000.000000 10000.000000
32.000000 41.000000 1.000000 10000.000000 10000.000000 10000.000000 10000.000000
32.000000 42.000000 1.000000 10000.000000 10000.000000 10000.000000 10000.000000
32.000000 43.000000 1.000000 10000.000000 10000.000000 10000.000000 10000.000000
32.000000 44.000000 1.000000 10000.000000 10000.000000 10000.000000 10000.000000
32.000000 45.000000 1.000000 10000.000000 10000.000000 10000.000000 10000.000000
32.000000 46.000000 1.000000 10000.000000 10000.000000 10000.000000 10000.000000
32.000000 47.000000 1.000000 10000.000000 10000.000000 10000.000000 10000.000000
32.000000 48.000000 1.000000 10000.000000 10000.000000 10000.000000 10000.000000
32.000000 49.000000 1.000000 10000.000000 10000.000000 10000.000000 10000.000000
33.000000 0.000000 1.000000 10000.000000 10000.000000 10000.000000 10000.000000
33.000000 1.000000 1.000000 10000.000000 10000.000000 10000.000000 10000.000000
33.000000 2.000000 1.000000 10000.000000 10000.000000 10000.000000 10000.000000
33.000000 3.000000 1.000000 9999.000000 10000.000000 9999.000000 9999.000000
33.000000 4.000000 1.000000 9999.000000 10000.000000 9999.000000 9999.000000
33.000000 5.000000 1.000000 9999.000000 10000.000000 9999.000000 9999.000000
33.000000 6.000000 1.000000 9999.000000 10000.000000 9999.000000 9999.000000
33.000000 7.000000 1.000000 9999.000000 10000.000000 9999.000000 9999.000000
33.000000 8.000000 1.000000 10000.000000 10000.000000 10000.000000 10000.000000
33.000000 9.000000 1.000000 10000.000000 10000.000000 10000.000000 10000.000000
33.000000 10.000000 1.000000 10000.000000 10000.000000 10000.000000 10000.000000
33.000000 11.000000 1.000000 10000.000000 10000.000000 10000.000000 10000.000000
33.000000 12.000000 1.000000 10000.000000 10000.000000 10000.000000 10000.000000
33.000000 13.000000 1.000000 10000.000000 10000.000000 10000.000000 10000.000000
33.000000 14.000000 1.000000 10000.000000 10000.000000 10000.000000 10000.000000
33.000000 15.000000 1.000000 10000.000000 10000.000000 10000.000000 10000.000000
33.000000 16.000000 1.000000 10000.000000 10000.000000 10000.000000 10000.000000
33.000000 17.000000 1.000000 10000.000000 10000.000000 10000.000000 10000.000000
33.000000 18.000000 1.000000 10000.000000 10000.000000 10000.000000 10000.000000
33.000000 19.000000 1.000000 10000.000000 10000.000000 10000.000000 10000.000000
33.000000 20.000000 1.000000 10000.000000 10000.000000 10000.000000 10000.000000
33.000000 21.000000 1.000000 10000.000000 10000.000000 10000.000000 10000.000000
33.000000 22.000000 1.000000 10000.000000 10000.000000 10000.000000 10000.000000
33.000000 23.000000 1.000000 10000.000000 10000.000000 10000.000000 10000.000000
33.000000 24.000000 1.000000 10000.000000 10000.000000 10000.000000 10000.000000
33.000000 25.000000 1.000000 10000.000000 10000.000000 10000.000000 10000.000000
33.000000 26.000000 1.000000 10000.000000 10000.000000 10000.000000 10000.000000
33.000000 27.000000 1.000000 10000.000000 10000.000000 10000.000000 10000.000000
33.000000 28.000000 1.000000 10000.000000 10000.000000 10000.000000 10000.000000
33.000000 29.000000 1.000000 10000.000000 10000.000000 10000.000000 10000.000000
33.000000 30.000000 1.000000 10000.000000 10000.000000 10000.000000 10000.000000
33.000000 31.000000 1.000000 10000.000000 10000.000000 10000.000000 10000.000000
33.000000 32.000000 1.000000 10000.000000 10000.000000 10000.000000 10000.000000
33.000000 33.000000 1.000000 10000.000000 10000.000000 10000.000000 10000.000000
33.000000 34.000000 1.000000 10000.000000 10000.000000 10000.000000 10000.000000
33.000000 35.000000 1.000000 10000.000000 10000.000000 10000.000000 10000.000000
33.000000 36.000000 1.000000 10000.000000 10000.000000 10000.000000 10000.000000
33.000000 37.000000 1.000000 10000.000000 10000.000000 10000.000000 10000.000000
33.000000 38.000000 1.000000 10000.000000 10000.000000 10000.000000 10000.000000
33.000000 39.000000 1.000000 10000.000000 10000.000000 10000.000000 10000.000000
33.000000 40.000000 1.000000 10000.000000 10000.000000 10000.000000 10000.000000
33.000000 41.000000 1.000000 10000.000000 10000.000000 10000.000000 10000.000000
33.000000 42.000000 1.000000 10000.000000 10000.000000 10000.000000 10000.000000
33.000000 43.000000 1.000000 10000.000000 10000.000000 10000.000000 10000.000000
33.000000 44.000000 1.000000 10000.000000 10000.000000 10000.000000 10000.000000
33.000000 45.000000 1.000000 10000.000000 10000.000000 10000.000000 10000.000000
33.000000 46.000000 1.000000 10000.000000 10000.000000 10000.000000 10000.000000
33.000000 47.000000 1.000000 10000.000000 10000.000000 10000.000000 10000.000000
33.000000 48.000000 1.000000 10000.000000 10000.000000 10000.000000 10000.000000
33.000000 49.000000 1.000000 10000.000000 10000.000000 10000.000000 10000.000000
34.000000 0.000000 1.000000 10000.000000 10000.000000 10000.000000 10000.000000
34.000000 1.000000 1.000000 10000.000000 10000.000000 10000.000000 10000.000000
34.000000 2.000000 1.000000 9999.000000 10000.000000 9999.000000 9999.000000
34.000000 3.000000 1.000000 9999.000000 10000.000000 9999.000000 9999.000000
34.000000 4.000000 1.000000 9999.000000 10000.000000 9999.000000 9999.000000
34.000000 5.000000 1.000000 9998.000000 10000.000000 9998.000000 9998.000000
34.000000 6.000000 1.000000 9997.000000 10000.000000 9997.000000 9997.000000
34.000000 7.000000 1.000000 9996.000000 10000.000000 9996.000000 9996.000000
34.000000 8.000000 1.000000 9993.000000 10000.000000 9993.000000 9993.000000
34.000000 9.000000 1.000000 9991.000000 10000.000000 9991.000000 9991.000000
34.000000 10.000000 1.000000 9990.000000 10000.000000 9990.000000 9990.000000
34.000000 11.000000 1.000000 9985.000000 10000.000000 9985.000000 9985.000000
34.000000 12.000000 1.000000 9981.000000 10000.000000 9981.000000 9981.000000
34.000000 13.000000 1.000000 9977.000000 10000.000000 9977.000000 9977.000000
34.000000 14.000000 1.000000 9970.000000 10000.000000 9970.000000 9970.000000
34.000000 15.000000 1.000000 9960.000000 10000.000000 9960.000000 9960.000000
34.000000 16.000000 1.000000 9941.000000 10000.000000 9941.000000 9941.000000
34.000000 17.000000 1.000000 9912.000000 10000.000000 9912.000000 9912.000000
34.000000 18.000000 1.000000 9864.000000 10000.000000 9864.000000 9864.000000
34.000000 19.000000 1.000000 9808.000000 10000.000000 9808.000000 9808.000000
34.000000 20.000000 1.000000 9707.000000 10000.000000 9707.000000 9707.000000
34.000000 21.000000 1.000000 9581.000000 10000.000000 9581.000000 9581.000000
34.000000 22.000000 1.000000 9458.000000 10000.000000 9458.000000 9458.000000
34.000000 23.000000 1.000000 9326.000000 10000.000000 9326.000000 9326.000000
34.000000 24.000000 1.000000 9155.000000 10000.000000 9155.000000 9155.000000
34.000000 25.000000 1.000000 9007.000000 10000.000000 9007.000000 9007.000000
34.000000 26.000000 1.000000 8916.000000 10000.000000 8916.000000 8916.000000
34.000000 27.000000 1.000000 8815.000000 10000.000000 8815.000000 8815.000000
34.000000 28.000000 1.000000 8788.000000 10000.000000 8788.000000 8788.000000
34.000000 29.000000 1.000000 8793.000000 10000.000000 8793.000000 8793.000000
34.000000 30.000000 1.000000 8874.000000 10000.000000 8874.000000 8874.000000
34.000000 31.000000 1.000000 8962.000000 10000.000000 8962.000000 8962.000000
34.000000 32.000000 1.000000 9063.000000 10000.000000 9063.000000 9063.000000
34.000000 33.000000 1.000000 9188.000000 10000.000000 9188.000000 9188.000000
34.000000 34.000000 1.000000 9332.000000 10000.000000 9332.000000 9332.000000
34.000000 35.000000 1.000000 9448.000000 10000.000000 9448.000000 9448.000000
34.000000 36.000000 1.000000 9546.000000 10000.000000 9546.000000 9546.000000
34.000000 37.000000 1.000000 9649.000000 10000.000000 9649.000000 9649.000000
34.000000 38.000000 1.000000 9730.000000 10000.000000 9730.000000 9730.000000
34.000000 39.000000 1.000000 9805.000000 10000.000000 9805.000000 9805.000000
34.000000 40.000000 1.000000 9860.000000 10000.000000 9860.000000 9860.000000
34.000000 41.000000 1.000000 9910.000000 10000.000000 9910.000000 9910.000000
34.000000 42.000000 1.000000 9940.000000 10000.000000 9940.000000 9940.000000
34.000000 43.000000 1.000000 9959.000000 10000.000000 9959.000000 9959.000000
34.000000 44.000000 1.000000 9975.000000 10000.000000 9975.000000 9975.000000
34.000000 45.000000 1.000000 9981.000000 10000.000000 9981.000000 9981.000000
34.000000 46.000000 1.000000 9991.000000 10000.000000 9991.000000 9991.000000
34.000000 47.000000 1.000000 9995.000000 10000.000000 9995.000000 9995.000000
34.000000 48.000000 1.000000 9996.000000 10000.000000 9996.000000 9996.000000
34.000000 49.000000 1.000000 9997.000000 10000.000000 9997.000000 9997.000000
35.000000 0.000000 1.000000 10000.000000 10000.000000 10000.000000 10000.000000
35.000000 1.000000 1.000000 10000.000000 10000.000000 10000.000000 10000.000000
35.000000 2.000000 1.000000 10000.000000 10000.000000 10000.000000 10000.000000
35.000000 3.000000 1.000000 9999.000000 10000.000000 9999.000000 9999.000000
35.000000 4.000000 1.000000 9999.000000 10000.000000 9999.000000 9999.000000
35.000000 5.000000 1.000000 9999.000000 10000.000000 9999.000000 9999.000000
35.000000 6.000000 1.000000 9999.000000 10000.000000 9999.000000 9999.000000
35.000000 7.000000 1.000000 9999.000000 10000.000000 9999.000000 9999.000000
35.000000 8.000000 1.000000 10000.000000 10000.000000 10000.000000 10000.000000
35.000000 9.000000 1.000000 10000.000000 10000.000000 10000.000000 10000.000000
35.000000 10.000000 1.000000 10000.000000 10000.000000 10000.000000 10000.000000
35.000000 11.000000 1.000000 10000.000000 10000.000000 10000.000000 10000.000000
35.000000 12.000000 1.000000 10000.000000 10000.000000 10000.000000 10000.000000
35.000000 13.000000 1.000000 10000.000000 10000.000000 10000.000000 10000.000000
35.000000 14.000000 1.000000 10000.000000 10000.000000 10000.000000 10000.000000
35.000000 15.000000 1.000000 10000.000000 10000.000000 10000.000000 10000.000000
35.000000 16.000000 1.000000 10000.000000 10000.000000 10000.000000 10000.000000
35.000000 17.000000 1.000000 10000.000000 10000.000000 10000.000000 10000.000000
35.000000 18.000000 1.000000 10000.000000 10000.000000 10000.000000 10000.000000
35.000000 19.000000 1.000000 10000.000000 10000.000000 10000.000000 10000.000000
35.000000 20.000000 1.000000 10000.000000 10000.000000 10000.000000 10000.000000
35.000000 21.000000 1.000000 10000.000000 10000.000000 10000.000000 10000.000000
35.000000 22.000000 1.000000 10000.000000 10000.000000 10000.000000 10000.000000
35.000000 23.000000 1.000000 10000.000000 10000.000000 10000.000000 10000.000000
35.000000 24.000000 1.000000 10000.000000 10000.000000 10000.000000 10000.000000
35.000000 25.000000 1.000000 10000.000000 10000.000000 10000.000000 10000.000000
35.000000 26.000000 1.000000 10000.000000 10000.000000 10000.000000 10000.000000
35.000000 27.000000 1.000000 10000.000000 10000.000000 10000.000000 10000.000000
35.000000 28.000000 1.000000 10000.000000 10000.000000 10000.000000 10000.000000
35.000000 29.000000 1.000000 10000.000000 10000.000000 10000.000000 10000.000000
35.000000 30.000000 1.000000 10000.000000 10000.000000 10000.000000 10000.000000
35.000000 31.000000 1.000000 10000.000000 10000.000000 10000.000000 10000.000000
35.000000 32.000000 1.000000 10000.000000 10000.000000 10000.000000 10000.000000
35.000000 33.000000 1.000000 10000.000000 10000.000000 10000.000000 10000.000000
35.000000 34.000000 1.000000 10000.000000 10000.000000 10000.000000 10000.000000
35.000000 35.000000 1.000000 10000.000000 10000.000000 10000.000000 10000.000000
35.000000 36.000000 1.000000 10000.000000 10000.000000 10000.000000 10000.000000
35.000000 37.000000 1.000000 10000.000000 10000.000000 10000.000000 10000.000000
35.000000 38.000000 1.000000 10000.000000 10000.000000 10000.000000 10000.000000
35.000000 39.000000 1.000000 10000.000000 10000.000000 10000.000000 10000.000000
35.000000 40.000000 1.000000 10000.000000 10000.000000 10000.000000 10000.000000
35.000000 41.000000 1.000000 10000.000000 10000.000000 10000.000000 10000.000000
35.000000 42.000000 1.000000 10000.000000 10000.000000 10000.000000 10000.000000
35.000000 43.000000 1.000000 10000.000000 10000.000000 10000.000000 10000.000000
35.000000 44.000000 1.000000 10000.000000 10000.000000 10000.000000 10000.000000
35.000000 45.000000 1.000000 10000.000000 10000.000000 10000.000000 10000.000000
35.000000 46.000000 1.000000 10000.000000 10000.000000 10000.000000 10000.000000
35.000000 47.000000 1.000000 10000.000000 10000.000000 10000.000000 10000.000000
35.000000 48.000000 1.000000 10000.000000 10000.000000 10000.000000 10000.000000
35.000000 49.000000 1.000000 10000.000000 10000.000000 10000.000000 10000.000000
36.000000 0.000000 1.000000 10000.000000 10000.000000 10000.000000 10000.000000
36.000000 1.000000 1.000000 10000.000000 10000.000000 10000.000000 10000.000000
36.000000 2.000000 1.000000 9999.000000 10000.000000 9999.000000 9999.000000
36.000000 3.000000 1.000000 9999.000000 10000.000000 9999.000000 9999.000000
36.000000 4.000000 1.000000 9999.000000 10000.000000 9999.000000 9999.000000
36.000000 5.000000 1.000000 9999.000000 10000.000000 9999.000000 9999.000000
36.000000 6.000000 1.000000 9999.000000 10000.000000 9999.000000 9999.000000
36.000000 7.000000 1.000000 10000.000000 10000.000000 10000.000000 10000.000000
36.000000 8.000000 1.000000 10000.000000 10000.000000 10000.000000 10000.000000
36.000000 9.000000 1.000000 10000.000000 10000.000000 10000.000000 10000.000000
36.000000 10.000000 1.000000 10000.000000 10000.000000 10000.000000 10000.000000
36.000000 11.000000 1.000000 10000.000000 10000.000000 10000.000000 10000.000000
36.000000 12.000000 1.000000 10000.000000 10000.000000 10000.000000 10000.000000
36.000000 13.000000 1.000000 10000.000000 10000.000000 10000.000000 10000.000000
36.000000 14.000000 1.000000 10000.000000 10000.000000 10000.000000 10000.000000
36.000000 15.000000 1.000000 10000.000000 10000.000000 10000.000000 10000.000000
36.000000 16.000000 1.000000 10000.000000 10000.000000 10000.000000 10000.000000
36.000000 17.000000 1.000000 10000.000000 10000.000000 10000.000000 10000.000000
36.000000 18.000000 1.000000 10000.000000 10000.000000 10000.000000 10000.000000
36.000000 19.000000 1.000000 10000.000000 10000.000000 10000.000000 10000.000000
36.000000 20.000000 1.000000 10000.000000 10000.000000 10000.000000 10000.000000
36.000000 21.000000 1.000000 10000.000000 10000.000000 10000.000000 10000.000000
36.000000 22.000000 1.000000 10000.000000 10000.000000 10000.000000 10000.000000
36.000000 23.000000 1.000000 10000.000000 10000.000000 10000.000000 10000.000000
36.000000 24.000000 1.000000 10000.000000 10000.000000 10000.000000 10000.000000
36.000000 25.000000 1.000000 10000.000000 10000.000000 10000.000000 10000.000000
36.000000 26.000000 1.000000 10000.000000 10000.000000 10000.000000 10000.000000
36.000000 27.000000 1.000000 10000.000000 10000.000000 10000.000000 10000.000000
36.000000 28.000000 1.000000 10000.000000 10000.000000 10000.000000 10000.000000
36.000000 29.000000 1.000000 10000.000000 10000.000000 10000.000000 10000.000000
36.000000 30.000000 1.000000 10000.000000 10000.000000 10000.000000 10000.000000
36.000000 31.000000 1.000000 10000.000000 10000.000000 10000.000000 10000.000000
36.000000 32.000000 1.000000 10000.000000 10000.000000 10000.000000 10000.000000
36.000000 33.000000 1.000000 10000.000000 10000.000000 10000.000000 10000.000000
36.000000 34.000000 1.000000 10000.000000 10000.000000 10000.000000 10000.000000
36.000000 35.000000 1.000000 10000.000000 10000.000000 10000.000000 10000.000000
36.000000 36.000000 1.000000 10000.000000 10000.000000 10000.000000 10000.000000
36.000000 37.000000 1.000000 10000.000000 10000.000000 10000.000000 10000.000000
36.000000 38.000000 1.000000 10000.000000 10000.000000 10000.000000 10000.000000
36.000000 39.000000 1.000000 10000.000000 10000.000000 10000.000000 10000.000000
36.000000 40.000000 1.000000 10000.000000 10000.000000 10000.000000 10000.000000
36.000000 41.000000 1.000000 10000.000000 10000.000000 10000.000000 10000.000000
36.000000 42.000000 1.000000 10000.000000 10000.000000 10000.000000 10000.000000
36.000000 43.000000 1.000000 10000.000000 10000.000000 10000.000000 10000.000000
36.000000 44.000000 1.000000 10000.000000 10000.000000 10000.000000 10000.000000
36.000000 45.000000 1.000000 10000.000000 10000.000000 10000.000000 10000.000000
36.000000 46.000000 1.000000 10000.000000 10000.000000 10000.000000 10000.000000
36.000000 47.000000 1.000000 10000.000000 10000.000000 10000.000000 10000.000000
36.000000 48.000000 1.000000 10000.000000 10000.000000 10000.000000 10000.000000
36.000000 49.000000 1.000000 10000.000000 10000.000000 10000.000000 10000.000000
37.000000 0.000000 1.000000 10000.000000 10000.000000 10000.000000 10000.000000
37.000000 1.000000 1.000000 10000.000000 10000.000000 10000.000000 10000.000000
37.000000 2.000000 1.000000 9999.000000 10000.000000 9999.000000 9999.000000
37.000000 3.000000 1.000000 9999.000000 10000.000000 9999.000000 9999.000000
37.000000 4.000000 1.000000 9999.000000 10000.000000 9999.000000 9999.000000
37.000000 5.000000 1.000000 9999.000000 10000.000000 9999.000000 9999.000000
37.000000 6.000000 1.000000 9999.000000 10000.000000 9999.000000 9999.000000
37.000000 7.000000 1.000000 10000.000000 10000.000000 10000.000000 10000.000000
37.000000 8.000000 1.000000 10000.000000 10000.000000 10000.000000 10000.000000
37.000000 9.000000 1.000000 10000.000000 10000.000000 10000.000000 10000.000000
37.000000 10.000000 1.000000 10000.000000 10000.000000 10000.000000 10000.000000
37.000000 11.000000 1.000000 10000.000000 10000.000000 10000.000000 10000.000000
37.000000 12.000000 1.000000 10000.000000 10000.000000 10000.000000 10000.000000
37.000000 13.000000 1.000000 10000.000000 10000.000000 10000.000000 10000.000000
37.000000 14.000000 1.000000 10000.000000 10000.000000 10000.000000 10000.000000
37.000000 15.000000 1.000000 10000.000000 10000.000000 10000.000000 10000.000000
37.000000 16.000000 1.000000 10000.000000 10000.000000 10000.000000 10000.000000
37.000000 17.000000 1.000000 10000.000000 10000.000000 10000.000000 10000.000000
37.000000 18.000000 1.000000 10000.000000 10000.000000 10000.000000 10000.000000
37.000000 19.000000 1.000000 10000.000000 10000.000000 10000.000000 10000.000000
37.000000 20.000000 1.000000 10000.000000 10000.000000 10000.000000 10000.000000
37.000000 21.000000 1.000000 10000.000000 10000.000000 10000.000000 10000.000000
37.000000 22.000000 1.000000 10000.000000 10000.000000 10000.000000 10000.000000
37.000000 23.000000 1.000000 10000.000000 10000.000000 10000.000000 10000.000000
37.000000 24.000000 1.000000 10000.000000 10000.000000 10000.000000 10000.000000
37.000000 25.000000 1.000000 10000.000000 10000.000000 10000.000000 10000.000000
37.000000 26.000000 1.000000 10000.000000 10000.000000 10000.000000 10000.000000
37.000000 27.000000 1.000000 10000.000000 10000.000000 10000.000000 10000.000000
37.000000 28.000000 1.000000 10000.000000 10000.000000 10000.000000 10000.000000
37.000000 29.000000 1.000000 10000.000000 10000.000000 10000.000000 10000.000000
37.000000 30.000000 1.000000 10000.000000 10000.000000 10000.000000 10000.000000
37.000000 31.000000 1.000000 10000.000000 10000.000000 10000.000000 10000.000000
37.000000 32.000000 1.000000 10000.000000 10000.000000 10000.000000 10000.000000
37.000000 33.000000 1.000000 10000.000000 10000.000000 10000.000000 10000.000000
37.000000 34.000000 1.000000 10000.000000 10000.000000 10000.000000 10000.000000
37.000000 35.000000 1.000000 10000.000000 10000.000000 10000.000000 10000.000000
37.000000 36.000000 1.000000 10000.000000 10000.000000 10000.000000 10000.000000
37.000000 37.000000 1.000000 10000.000000 10000.000000 10000.000000 10000.000000
37.000000 38.000000 1.000000 10000.000000 10000.000000 10000.000000 10000.000000
37.000000 39.000000 1.000000 10000.000000 10000.000000 10000.000000 10000.000000
37.000000 40.000000 1.000000 10000.000000 10000.000000 10000.000000 10000.000000
37.000000 41.000000 1.000000 10000.000000 10000.000000 10000.000000 10000.000000
37.000000 42.000000 1.000000 10000.000000 10000.000000 10000.000000 10000.000000
37.000000 43.000000 1.000000 10000.000000 10000.000000 10000.000000 10000.000000
37.000000 44.000000 1.000000 10000.000000 10000.000000 10000.000000 10000.000000
37.000000 45.000000 1.000000 10000.000000 10000.000000 10000.000000 10000.000000
37.000000 46.000000 1.000000 10000.000000 10000.000000 10000.000000 10000.000000
37.000000 47.000000 1.000000 10000.000000 10000.000000 10000.000000 10000.000000
37.000000 48.000000 1.000000 10000.000000 10000.000000 10000.000000 10000.000000
37.000000 49.000000 1.000000 10000.000000 10000.000000 10000.000000 10000.000000
38.000000 0.000000 1.000000 10000.000000 10000.000000 10000.000000 10000.000000
38.000000 1.000000 1.000000 10000.000000 10000.000000 10000.000000 10000.000000
38.000000 2.000000 1.000000 9999.000000 10000.000000 9999.000000 9999.000000
38.000000 3.000000 1.000000 9999.000000 10000.000000 9999.000000 9999.000000
38.000000 4.000000 1.000000 9999.000000 10000.000000 9999.000000 9999.000000
38.000000 5.000000 1.000000 9999.000000 10000.000000 9999.000000 9999.000000
38.000000 6.000000 1.000000 9999.000000 10000.000000 9999.000000 9999.000000
38.000000 7.000000 1.000000 10000.000000 10000.000000 10000.000000 10000.000000
38.000000 8.000000 1.000000 10000.000000 10000.000000 10000.000000 10000.000000
38.000000 9.000000 1.000000 10000.000000 10000.000000 10000.000000 10000.000000
38.000000 10.000000 1.000000 10000.000000 10000.000000 10000.000000 10000.000000
38.000000 11.000000 1.000000 10000.000000 10000.000000 10000.000000 10000.000000
38.000000 12.000000 1.000000 10000.000000 10000.000000 10000.000000 10000.000000
38.000000 13.000000 1.000000 10000.000000 10000.000000 10000.000000 10000.000000
38.000000 14.000000 1.000000 10000.000000 10000.000000 10000.000000 10000.000000
38.000000 15.000000 1.000000 10000.000000 10000.000000 10000.000000 10000.000000
38.000000 16.000000 1.000000 10000.000000 10000.000000 10000.000000 10000.000000
38.000000 17.000000 1.000000 10000.000000 10000.000000 10000.000000 10000.000000
38.000000 18.000000 1.000000 10000.000000 10000.000000 10000.000000 10000.000000
38.000000 19.000000 1.000000 10000.000000 10000.000000 10000.000000 10000.000000
38.000000 20.000000 1.000000 10000.000000 10000.000000 10000.000000 10000.000000
38.000000 21.000000 1.000000 10000.000000 10000.000000 10000.000000 10000.000000
38.000000 22.000000 1.000000 10000.000000 10000.000000 10000.000000 10000.000000
38.000000 23.000000 1.000000 10000.000000 10000.000000 10000.000000 10000.000000
38.000000 24.000000 1.000000 10000.000000 10000.000000 10000.000000 10000.000000
38.000000 25.000000 1.000000 10000.000000 10000.000000 10000.000000 10000.000000
38.000000 26.000000 1.000000 10000.000000 10000.000000 10000.000000 10000.000000
38.000000 27.000000 1.000000 10000.000000 10000.000000 10000.000000 10000.000000
38.000000 28.000000 1.000000 10000.000000 10000.000000 10000.000000 10000.000000
38.000000 29.000000 1.000000 10000.000000 10000.000000 10000.000000 10000.000000
38.000000 30.000000 1.000000 10000.000000 10000.000000 10000.000000 10000.000000
38.000000 31.000000 1.000000 10000.000000 10000.000000 10000.000000 10000.000000
38.000000 32.000000 1.000000 10000.000000 10000.000000 10000.000000 10000.000000
38.000000 33.000000 1.000000 10000.000000 10000.000000 10000.000000 10000.000000
38.000000 34.000000 1.000000 10000.000000 10000.000000 10000.000000 10000.000000
38.000000 35.000000 1.000000 10000.000000 10000.000000 10000.000000 10000.000000
38.000000 36.000000 1.000000 10000.000000 10000.000000 10000.000000 10000.000000
38.000000 37.000000 1.000000 10000.000000 10000.000000 10000.000000 10000.000000
38.000000 38.000000 1.000000 10000.000000 10000.000000 10000.000000 10000.000000
38.000000 39.000000 1.000000 10000.000000 10000.000000 10000.000000 10000.000000
38.000000 40.000000 1.000000 10000.000000 10000.000000 10000.000000 10000.000000
38.000000 41.000000 1.000000 10000.000000 10000.000000 10000.000000 10000.000000
38.000000 42.000000 1.000000 10000.000000 10000.000000 10000.000000 10000.000000
38.000000 43.000000 1.000000 10000.000000 10000.000000 10000.000000 10000.000000
38.000000 44.000000 1.000000 10000.000000 10000.000000 10000.000000 10000.000000
38.000000 45.000000 1.000000 10000.000000 10000.000000 10000.000000 10000.000000
38.000000 46.000000 1.000000 10000.000000 10000.000000 10000.000000 10000.000000
38.000000 47.000000 1.000000 10000.000000 10000.000000 10000.000000 10000.000000
38.000000 48.000000 1.000000 10000.000000 10000.000000 10000.000000 10000.000000
38.000000 49.000000 1.000000 10000.000000 10000.000000 10000.000000 10000.000000
39.000000 0.000000 1.000000 10000.000000 10000.000000 10000.000000 10000.000000
39.000000 1.000000 1.000000 10000.000000 10000.000000 10000.000000 10000.000000
39.000000 2.000000 1.000000 9999.000000 10000.000000 9999.000000 9999.000000
39.000000 3.000000 1.000000 9999.000000 10000.000000 9999.000000 9999.000000
39.000000 4.000000 1.000000 9998.000000 10000.000000 9998.000000 9998.000000
39.000000 5.000000 1.000000 9997.000000 10000.000000 9997.000000 9997.000000
39.000000 6.000000 1.000000 9995.000000 10000.000000 9995.000000 9995.000000
39.000000 7.000000 1.000000 9989.000000 10000.000000 9989.000000 9989.000000
39.000000 8.000000 1.000000 9985.000000 10000.000000 9985.000000 9985.000000
39.000000 9.000000 1.000000 9982.000000 10000.000000 9982.000000 9982.000000
39.000000 10.000000 1.000000 9980.000000 10000.000000 9980.000000 9980.000000
39.000000 11.000000 1.000000 9980.000000 10000.000000 9980.000000 9980.000000
39.000000 12.000000 1.000000 9980.000000 10000.000000 9980.000000 9980.000000
39.000000 13.000000 1.000000 9976.000000 10000.000000 9976.000000 9976.000000
39.000000 14.000000 1.000000 9974.000000 10000.000000 9974.000000 9974.000000
39.000000 15.000000 1.000000 9973.000000 10000.000000 9973.000000 9973.000000
39.000000 16.000000 1.000000 9959.000000 10000.000000 9959.000000 9959.000000
39.000000 17.000000 1.000000 9943.000000 10000.000000 9943.000000 9943.000000
39.000000 18.000000 1.000000 9928.000000 10000.000000 9928.000000 9928.000000
39.000000 19.000000 1.000000 9897.000000 10000.000000 9897.000000 9897.000000
39.000000 20.000000 1.000000 9837.000000 10000.000000 9837.000000 9837.000000
39.000000 21.000000 1.000000 9733.000000 10000.000000 9733.000000 9733.000000
39.000000 22.000000 1.000000 9592.000000 10000.000000 9592.000000 9592.000000
39.000000 23.000000 1.000000 9383.000000 10000.000000 9383.000000 9383.000000
39.000000 24.000000 1.000000 9174.000000 10000.000000 9174.000000 9174.000000
39.000000 25.000000 1.000000 8959.000000 10000.000000 8959.000000 8959.000000
39.000000 26.000000 1.000000 8787.000000 10000.000000 8787.000000 8787.000000
39.000000 27.000000 1.000000 8670.000000 10000.000000 8670.000000 8670.000000
39.000000 28.000000 1.000000 8635.000000 10000.000000 8635.000000 8635.000000
39.000000 29.000000 1.000000 8692.000000 10000.000000 8692.000000 8692.000000
39.000000 30.000000 1.000000 8767.000000 10000.000000 8767.000000 8767.000000
39.000000 31.000000 1.000000 8844.000000 10000.000000 8844.000000 8844.000000
39.000000 32.000000 1.000000 8970.000000 10000.000000 8970.000000 8970.000000
39.000000 33.000000 1.000000 9115.000000 10000.000000 9115.000000 9115.000000
39.000000 34.000000 1.000000 9233.000000 10000.000000 9233.000000 9233.000000
39.000000 35.000000 1.000000 9357.000000 10000.000000 9357.000000 9357.000000
39.000000 36.000000 1.000000 9495.000000 10000.000000 9495.000000 9495.000000
39.000000 37.000000 1.000000 9597.000000 10000.000000 9597.000000 9597.000000
39.000000 38.000000 1.000000 9677.000000 10000.000000 9677.000000 9677.000000
39.000000 39.000000 1.000000 9743.000000 10000.000000 9743.000000 9743.000000
39.000000 40.000000 1.000000 9803.000000 10000.000000 9803.000000 9803.000000
39.000000 41.000000 1.000000 9855.000000 10000.000000 9855.000000 9855.000000
39.000000 42.000000 1.000000 9883.000000 10000.000000 9883.000000 9883.000000
39.000000 43.000000 1.000000 9918.000000 10000.000000 9918.000000 9918.000000
39.000000 44.000000 1.000000 9944.000000 10000.000000 9944.000000 9944.000000
39.000000 45.000000 1.000000 9960.000000 10000.000000 9960.000000 9960.000000
39.000000 46.000000 1.000000 9967.000000 10000.000000 9967.000000 9967.000000
39.000000 47.000000 1.000000 9974.000000 10000.000000 9974.000000 9974.000000
39.000000 48.000000 1.000000 9984.000000 10000.000000 9984.000000 9984.000000
39.000000 49.000000 1.000000 9987.000000 10000.000000 9987.000000 9987.000000
40.000000 0.000000 1.000000 10000.000000 10000.000000 10000.000000 10000.000000
40.000000 1.000000 1.000000 10000.000000 10000.000000 10000.000000 10000.000000
40.000000 2.000000 1.000000 10000.000000 10000.000000 10000.000000 10000.000000
40.000000 3.000000 1.000000 9999.000000 10000.000000 9999.000000 9999.000000
40.000000 4.000000 1.000000 9999.000000 10000.000000 9999.000000 9999.000000
40.000000 5.000000 1.000000 9998.000000 10000.000000 9998.000000 9998.000000
40.000000 6.000000 1.000000 9998.000000 10000.000000 9998.000000 9998.000000
40.000000 7.000000 1.000000 9998.000000 10000.000000 9998.000000 9998.000000
40.000000 8.000000 1.000000 9999.000000 10000.000000 9999.000000 9999.000000
40.000000 9.000000 1.000000 9999.000000 10000.000000 9999.000000 9999.000000
40.000000 10.000000 1.000000 10000.000000 10000.000000 10000.000000 10000.000000
40.000000 11.000000 1.000000 10000.000000 10000.000000 10000.000000 10000.000000
40.000000 12.000000 1.000000 10000.000000 10000.000000 10000.000000 10000.000000
40.000000 13.000000 1.000000 10000.000000 10000.000000 10000.000000 10000.000000
40.000000 14.000000 1.000000 10000.000000 10000.000000 10000.000000 10000.000000
40.000000 15.000000 1.000000 10000.000000 10000.000000 10000.000000 10000.000000
40.000000 16.000000 1.000000 10000.000000 10000.000000 10000.000000 10000.000000
40.000000 17.000000 1.000000 10000.000000 10000.000000 10000.000000 10000.000000
40.000000 18.000000 1.000000 10000.000000 10000.000000 10000.000000 10000.000000
40.000000 19.000000 1.000000 10000.000000 10000.000000 10000.000000 10000.000000
40.000000 20.000000 1.000000 10000.000000 10000.000000 10000.000000 10000.000000
40.000000 21.000000 1.000000 10000.000000 10000.000000 10000.000000 10000.000000
40.000000 22.000000 1.000000 10000.000000 10000.000000 10000.000000 10000.000000
40.000000 23.000000 1.000000 10000.000000 10000.000000 10000.000000 10000.000000
40.000000 24.000000 1.000000 10000.000000 10000.000000 10000.000000 10000.000000
40.000000 25.000000 1.000000 10000.000000 10000.000000 10000.000000 10000.000000
40.000000 26.000000 1.000000 10000.000000 10000.000000 10000.000000 10000.000000
40.000000 27.000000 1.000000 10000.000000 10000.000000 10000.000000 10000.000000
40.000000 28.000000 1.000000 10000.000000 10000.000000 10000.000000 10000.000000
40.000000 29.000000 1.000000 10000.000000 10000.000000 10000.000000 10000.000000
40.000000 30.000000 1.000000 10000.000000 10000.000000 10000.000000 10000.000000
40.000000 31.000000 1.000000 10000.000000 10000.000000 10000.000000 10000.000000
40.000000 32.000000 1.000000 10000.000000 10000.000000 10000.000000 10000.000000
40.000000 33.000000 1.000000 10000.000000 10000.000000 10000.000000 10000.000000
40.000000 34.000000 1.000000 10000.000000 10000.000000 10000.000000 10000.000000
40.000000 35.000000 1.000000 10000.000000 10000.000000 10000.000000 10000.000000
40.000000 36.000000 1.000000 10000.000000 10000.000000 10000.000000 10000.000000
40.000000 37.000000 1.000000 10000.000000 10000.000000 10000.000000 10000.000000
40.000000 38.000000 1.000000 10000.000000 10000.000000 10000.000000 10000.000000
40.000000 39.000000 1.000000 10000.000000 10000.000000 10000.000000 10000.000000
40.000000 40.000000 1.000000 10000.000000 10000.000000 10000.000000 10000.000000
40.000000 41.000000 1.000000 10000.000000 10000.000000 10000.000000 10000.000000
40.000000 42.000000 1.000000 10000.000000 10000.000000 10000.000000 10000.000000
40.000000 43.000000 1.000000 10000.000000 10000.000000 10000.000000 10000.000000
40.000000 44.000000 1.000000 10000.000000 10000.000000 10000.000000 10000.000000
40.000000 45.000000 1.000000 10000.000000 10000.000000 10000.000000 10000.000000
40.000000 46.000000 1.000000 10000.000000 10000.000000 10000.000000 10000.000000
40.000000 47.000000 1.000000 10000.000000 10000.000000 10000.000000 10000.000000
40.000000 48.000000 1.000000 10000.000000 10000.000000 10000.000000 10000.000000
40.000000 49.000000 1.000000 10000.000000 10000.000000 10000.000000 10000.000000
41.000000 0.000000 1.000000 10000.000000 10000.000000 10000.000000 10000.000000
41.000000 1.000000 1.000000 9999.000000 10000.000000 9999.000000 9999.000000
41.000000 2.000000 1.000000 9999.000000 10000.000000 9999.000000 9999.000000
41.000000 3.000000 1.000000 9999.000000 10000.000000 9999.000000 9999.000000
41.000000 4.000000 1.000000 9999.000000 10000.000000 9999.000000 9999.000000
41.000000 5.000000 1.000000 9999.000000 10000.000000 9999.000000 9999.000000
41.000000 6.000000 1.000000 10000.000000 10000.000000 10000.000000 10000.000000
41.000000 7.000000 1.000000 10000.000000 10000.000000 10000.000000 10000.000000
41.000000 8.000000 1.000000 10000.000000 10000.000000 10000.000000 10000.000000
41.000000 9.000000 1.000000 10000.000000 10000.000000 10000.000000 10000.000000
41.000000 10.000000 1.000000 10000.000000 10000.000000 10000.000000 10000.000000
41.000000 11.000000 1.000000 10000.000000 10000.000000 10000.000000 10000.000000
41.000000 12.000000 1.000000 10000.000000 10000.000000 10000.000000 10000.000000
41.000000 13.000000 1.000000 10000.000000 10000.000000 10000.000000 10000.000000
41.000000 14.000000 1.000000 10000.000000 10000.000000 10000.000000 10000.000000
41.000000 15.000000 1.000000 10000.000000 10000.000000 10000.000000 10000.000000
41.000000 16.000000 1.000000 10000.000000 10000.000000 10000.000000 10000.000000
41.000000 17.000000 1.000000 10000.000000 10000.000000 10000.000000 10000.000000
41.000000 18.000000 1.000000 10000.000000 10000.000000 10000.000000 10000.000000
41.000000 19.000000 1.000000 10000.000000 10000.000000 10000.000000 10000.000000
41.000000 20.000000 1.000000 10000.000000 10000.000000 10000.000000 10000.000000
41.000000 21.000000 1.000000 10000.000000 10000.000000 10000.000000 10000.000000
41.000000 22.000000 1.000000 10000.000000 10000.000000 10000.000000 10000.000000
41.000000 23.000000 1.000000 10000.000000 10000.000000 10000.000000 10000.000000
41.000000 24.000000 1.000000 10000.000000 10000.000000 10000.000000 10000.000000
41.000000 25.000000 1.000000 10000.000000 10000.000000 10000.000000 10000.000000
41.000000 26.000000 1.000000 10000.000000 10000.000000 10000.000000 10000.000000
41.000000 27.000000 1.000000 10000.000000 10000.000000 10000.000000 10000.000000
41.000000 28.000000 1.000000 10000.000000 10000.000000 10000.000000 10000.000000
41.000000 29.000000 1.000000 10000.000000 10000.000000 10000.000000 10000.000000
41.000000 30.000000 1.000000 10000.000000 10000.000000 10000.000000 10000.000000
41.000000 31.000000 1.000000 10000.000000 10000.000000 10000.000000 10000.000000
41.000000 32.000000 1.000000 10000.000000 10000.000000 10000.000000 10000.000000
41.000000 33.000000 1.000000 10000.000000 10000.000000 10000.000000 10000.000000
41.000000 34.000000 1.000000 10000.000000 10000.000000 10000.000000 10000.000000
41.000000 35.000000 1.000000 10000.000000 10000.000000 10000.000000 10000.000000
41.000000 36.000000 1.000000 10000.000000 10000.000000 10000.000000 10000.000000
41.000000 37.000000 1.000000 10000.000000 10000.000000 10000.000000 10000.000000
41.000000 38.000000 1.000000 10000.000000 10000.000000 10000.000000 10000.000000
41.000000 39.000000 1.000000 10000.000000 10000.000000 10000.000000 10000.000000
41.000000 40.000000 1.000000 10000.000000 10000.000000 10000.000000 10000.000000
41.000000 41.000000 1.000000 10000.000000 10000.000000 10000.000000 10000.000000
41.000000 42.000000 1.000000 10000.000000 10000.000000 10000.000000 10000.000000
41.000000 43.000000 1.000000 10000.000000 10000.000000 10000.000000 10000.000000
41.000000 44.000000 1.000000 10000.000000 10000.000000 10000.000000 10000.000000
41.000000 45.000000 1.000000 10000.000000 10000.000000 10000.000000 10000.000000
41.000000 46.000000 1.000000 10000.000000 10000.000000 10000.000000 10000.000000
41.000000 47.000000 1.000000 10000.000000 10000.000000 10000.000000 10000.000000
41.000000 48.000000 1.000000 10000.000000 10000.000000 10000.000000 10000.000000
41.000000 49.000000 1.000000 10000.000000 10000.000000 10000.000000 10000.000000
42.000000 0.000000 1.000000 10000.000000 10000.000000 10000.000000 10000.000000
42.000000 1.000000 1.000000 10000.000000 10000.000000 10000.000000 10000.000000
42.000000 2.000000 1.000000 10000.000000 10000.000000 10000.000000 10000.000000
42.000000 3.000000 1.000000 9999.000000 10000.000000 9999.000000 9999.000000
42.000000 4.000000 1.000000 9999.000000 10000.000000 9999.000000 9999.000000
42.000000 5.000000 1.000000 9998.000000 10000.000000 9998.000000 9998.000000
42.000000 6.000000 1.000000 9995.000000 10000.000000 9995.000000 9995.000000
42.000000 7.000000 1.000000 9992.000000 10000.000000 9992.000000 9992.000000
42.000000 8.000000 1.000000 9990.000000 10000.000000 9990.000000 9990.000000
42.000000 9.000000 1.000000 9990.000000 10000.000000 9990.000000 9990.000000
42.000000 10.000000 1.000000 9989.000000 10000.000000 9989.000000 9989.000000
42.000000 11.000000 1.000000 9989.000000 10000.000000 9989.000000 9989.000000
42.000000 12.000000 1.000000 9991.000000 10000.000000 9991.000000 9991.000000
42.000000 13.000000 1.000000 9993.000000 10000.000000 9993.000000 9993.000000
42.000000 14.000000 1.000000 9994.000000 10000.000000 9994.000000 9994.000000
42.000000 15.000000 1.000000 9996.000000 10000.000000 9996.000000 9996.000000
42.000000 16.000000 1.000000 9998.000000 10000.000000 9998.000000 9998.000000
42.000000 17.000000 1.000000 10000.000000 10000.000000 10000.000000 10000.000000
42.000000 18.000000 1.000000 10000.000000 10000.000000 10000.000000 10000.000000
42.000000 19.000000 1.000000 10000.000000 10000.000000 10000.000000 10000.000000
42.000000 20.000000 1.000000 10000.000000 10000.000000 10000.000000 10000.000000
42.000000 21.000000 1.000000 10000.000000 10000.000000 10000.000000 10000.000000
42.000000 22.000000 1.000000 10000.000000 10000.000000 10000.000000 10000.000000
42.000000 23.000000 1.000000 10000.000000 10000.000000 10000.000000 10000.000000
42.000000 24.000000 1.000000 10000.000000 10000.000000 10000.000000 10000.000000
42.000000 25.000000 1.000000 10000.000000 10000.000000 10000.000000 10000.000000
42.000000 26.000000 1.000000 10000.000000 10000.000000 10000.000000 10000.000000
42.000000 27.000000 1.000000 10000.000000 10000.000000 10000.000000 10000.000000
42.000000 28.000000 1.000000 10000.000000 10000.000000 10000.000000 10000.000000
42.000000 29.000000 1.000000 10000.000000 10000.000000 10000.000000 10000.000000
42.000000 30.000000 1.000000 10000.000000 10000.000000 10000.000000 10000.000000
42.000000 31.000000 1.000000 10000.000000 10000.000000 10000.000000 10000.000000
42.000000 32.000000 1.000000 10000.000000 10000.000000 10000.000000 10000.000000
42.000000 33.000000 1.000000 10000.000000 10000.000000 10000.000000 10000.000000
42.000000 34.000000 1.000000 10000.000000 10000.000000 10000.000000 10000.000000
42.000000 35.000000 1.000000 10000.000000 10000.000000 10000.000000 10000.000000
42.000000 36.000000 1.000000 10000.000000 10000.000000 10000.000000 10000.000000
42.000000 37.000000 1.000000 10000.000000 10000.000000 10000.000000 10000.000000
42.000000 38.000000 1.000000 10000.000000 10000.000000 10000.000000 10000.000000
42.000000 39.000000 1.000000 10000.000000 10000.000000 10000.000000 10000.000000
42.000000 40.000000 1.000000 10000.000000 10000.000000 10000.000000 10000.000000
42.000000 41.000000 1.000000 10000.000000 10000.000000 10000.000000 10000.000000
42.000000 42.000000 1.000000 10000.000000 10000.000000 10000.000000 10000.000000
42.000000 43.000000 1.000000 10000.000000 10000.000000 10000.000000 10000.000000
42.000000 44.000000 1.000000 10000.000000 10000.000000 10000.000000 10000.000000
42.000000 45.000000 1.000000 10000.000000 10000.000000 10000.000000 10000.000000
42.000000 46.000000 1.000000 10000.000000 10000.000000 10000.000000 10000.000000
42.000000 47.000000 1.000000 10000.000000 10000.000000 10000.000000 10000.000000
42.000000 48.000000 1.000000 10000.000000 10000.000000 10000.000000 10000.000000
42.000000 49.000000 1.000000 10000.000000 10000.000000 10000.000000 10000.000000
43.000000 0.000000 1.000000 10000.000000 10000.000000 10000.000000 10000.000000
43.000000 1.000000 1.000000 10000.000000 10000.000000 10000.000000 10000.000000
43.000000 2.000000 1.000000 9999.000000 10000.000000 9999.000000 9999.000000
43.000000 3.000000 1.000000 9999.000000 10000.000000 9999.000000 9999.000000
43.000000 4.000000 1.000000 9999.000000 10000.000000 9999.000000 9999.000000
43.000000 5.000000 1.000000 9999.000000 10000.000000 9999.000000 9999.000000
43.000000 6.000000 1.000000 9999.000000 10000.000000 9999.000000 9999.000000
43.000000 7.000000 1.000000 10000.000000 10000.000000 10000.000000 10000.000000
43.000000 8.000000 1.000000 10000.000000 10000.000000 10000.000000 10000.000000
43.000000 9.000000 1.000000 10000.000000 10000.000000 10000.000000 10000.000000
43.000000 10.000000 1.000000 10000.000000 10000.000000 10000.000000 10000.000000
43.000000 11.000000 1.000000 10000.000000 10000.000000 10000.000000 10000.000000
43.000000 12.000000 1.000000 10000.000000 10000.000000 10000.000000 10000.000000
43.000000 13.000000 1.000000 10000.000000 10000.000000 10000.000000 10000.000000
43.000000 14.000000 1.000000 10000.000000 10000.000000 10000.000000 10000.000000
43.000000 15.000000 1.000000 10000.000000 10000.000000 10000.000000 10000.000000
43.000000 16.000000 1.000000 10000.000000 10000.000000 10000.000000 10000.000000
43.000000 17.000000 1.000000 10000.000000 10000.000000 10000.000000 10000.000000
43.000000 18.000000 1.000000 10000.000000 10000.000000 10000.000000 10000.000000
43.000000 19.000000 1.000000 10000.000000 10000.000000 10000.000000 10000.000000
43.000000 20.000000 1.000000 10000.000000 10000.000000 10000.000000 10000.000000
43.000000 21.000000 1.000000 10000.000000 10000.000000 10000.000000 10000.000000
43.000000 22.000000 1.000000 10000.000000 10000.000000 10000.000000 10000.000000
43.000000 23.000000 1.000000 10000.000000 10000.000000 10000.000000 10000.000000
43.000000 24.000000 1.000000 10000.000000 10000.000000 10000.000000 10000.000000
43.000000 25.000000 1.000000 10000.000000 10000.000000 10000.000000 10000.000000
43.000000 26.000000 1.000000 10000.000000 10000.000000 10000.000000 10000.000000
43.000000 27.000000 1.000000 10000.000000 10000.000000 10000.000000 10000.000000
43.000000 28.000000 1.000000 10000.000000 10000.000000 10000.000000 10000.000000
43.000000 29.000000 1.000000 10000.000000 10000.000000 10000.000000 10000.000000
43.000000 30.000000 1.000000 10000.000000 10000.000000 10000.000000 10000.000000
43.000000 31.000000 1.000000 10000.000000 10000.000000 10000.000000 10000.000000
43.000000 32.000000 1.000000 10000.000000 10000.000000 10000.000000 10000.000000
43.000000 33.000000 1.000000 10000.000000 10000.000000 10000.000000 10000.000000
43.000000 34.000000 1.000000 10000.000000 10000.000000 10000.000000 10000.000000
43.000000 35.000000 1.000000 10000.000000 10000.000000 10000.000000 10000.000000
43.000000 36.000000 1.000000 10000.000000 10000.000000 10000.000000 10000.000000
43.000000 37.000000 1.000000 10000.000000 10000.000000 10000.000000 10000.000000
43.000000 38.000000 1.000000 10000.000000 10000.000000 10000.000000 10000.000000
43.000000 39.000000 1.000000 10000.000000 10000.000000 10000.000000 10000.000000
43.000000 40.000000 1.000000 10000.000000 10000.000000 10000.000000 10000.000000
43.000000 41.000000 1.000000 10000.000000 10000.000000 10000.000000 10000.000000
43.000000 42.000000 1.000000 10000.000000 10000.000000 10000.000000 10000.000000
43.000000 43.000000 1.000000 10000.000000 10000.000000 10000.000000 10000.000000
43.000000 44.000000 1.000000 10000.000000 10000.000000 10000.000000 10000.000000
43.000000 45.000000 1.000000 10000.000000 10000.000000 10000.000000 10000.000000
43.000000 46.000000 1.000000 10000.000000 10000.000000 10000.000000 10000.000000
43.000000 47.000000 1.000000 10000.000000 10000.000000 10000.000000 10000.000000
43.000000 48.000000 1.000000 10000.000000 10000.000000 10000.000000 10000.000000
43.000000 49.000000 1.000000 10000.000000 10000.000000 10000.000000 10000.000000
44.000000 0.000000 1.000000 10000.000000 10000.000000 10000.000000 10000.000000
44.000000 1.000000 1.000000 9999.000000 10000.000000 9999.000000 9999.000000
44.000000 2.000000 1.000000 9999.000000 10000.000000 9999.000000 9999.000000
44.000000 3.000000 1.000000 9999.000000 10000.000000 9999.000000 9999.000000
44.000000 4.000000 1.000000 9999.000000 10000.000000 9999.000000 9999.000000
44.000000 5.000000 1.000000 9999.000000 10000.000000 9999.000000 9999.000000
44.000000 6.000000 1.000000 10000.000000 10000.000000 10000.000000 10000.000000
44.000000 7.000000 1.000000 10000.000000 10000.000000 10000.000000 10000.000000
44.000000 8.000000 1.000000 10000.000000 10000.000000 10000.000000 10000.000000
44.000000 9.000000 1.000000 10000.000000 10000.000000 10000.000000 10000.000000
44.000000 10.000000 1.000000 10000.000000 10000.000000 10000.000000 10000.000000
44.000000 11.000000 1.000000 10000.000000 10000.000000 10000.000000 10000.000000
44.000000 12.000000 1.000000 10000.000000 10000.000000 10000.000000 10000.000000
44.000000 13.000000 1.000000 10000.000000 10000.000000 10000.000000 10000.000000
44.000000 14.000000 1.000000 10000.000000 10000.000000 10000.000000 10000.000000
44.000000 15.000000 1.000000 10000.000000 10000.000000 10000.000000 10000.000000
44.000000 16.000000 1.000000 10000.000000 10000.000000 10000.000000 10000.000000
44.000000 17.000000 1.000000 10000.000000 10000.000000 10000.000000 10000.000000
44.000000 18.000000 1.000000 10000.000000 10000.000000 10000.000000 10000.000000
44.000000 19.000000 1.000000 10000.000000 10000.000000 10000.000000 10000.000000
44.000000 20.000000 1.000000 10000.000000 10000.000000 10000.000000 10000.000000
44.000000 21.000000 1.000000 10000.000000 10000.000000 10000.000000 10000.000000
44.000000 22.000000 1.000000 10000.000000 10000.000000 10000.000000 10000.000000
44.000000 23.000000 1.000000 10000.000000 10000.000000 10000.000000 10000.000000
44.000000 24.000000 1.000000 10000.000000 10000.000000 10000.000000 10000.000000
44.000000 25.000000 1.000000 10000.000000 10000.000000 10000.000000 10000.000000
44.000000 26.000000 1.000000 10000.000000 10000.000000 10000.000000 10000.000000
44.000000 27.000000 1.000000 10000.000000 10000.000000 10000.000000 10000.000000
44.000000 28.000000 1.000000 10000.000000 10000.000000 10000.000000 10000.000000
44.000000 29.000000 1.000000 10000.000000 10000.000000 10000.000000 10000.000000
44.000000 30.000000 1.000000 10000.000000 10000.000000 10000.000000 10000.000000
44.000000 31.000000 1.000000 10000.000000 10000.000000 10000.000000 10000.000000
44.000000 32.000000 1.000000 10000.000000 10000.000000 10000.000000 10000.000000
44.000000 33.000000 1.000000 10000.000000 10000.000000 10000.000000 10000.000000
44.000000 34.000000 1.000000 10000.000000 10000.000000 10000.000000 10000.000000
44.000000 35.000000 1.000000 10000.000000 10000.000000 10000.000000 10000.000000
44.000000 36.000000 1.000000 10000.000000 10000.000000 10000.000000 10000.000000
44.000000 37.000000 1.000000 10000.000000 10000.000000 10000.000000 10000.000000
44.000000 38.000000 1.000000 10000.000000 10000.000000 10000.000000 10000.000000
44.000000 39.000000 1.000000 10000.000000 10000.000000 10000.000000 10000.000000
44.000000 40.000000 1.000000 10000.000000 10000.000000 10000.000000 10000.000000
44.000000 41.000000 1.000000 10000.000000 10000.000000 10000.000000 10000.000000
44.000000 42.000000 1.000000 10000.000000 10000.000000 10000.000000 10000.000000
44.000000 43.000000 1.000000 10000.000000 10000.000000 10000.000000 10000.000000
44.000000 44.000000 1.000000 10000.000000 10000.000000 10000.000000 10000.000000
44.000000 45.000000 1.000000 10000.000000 10000.000000 10000.000000 10000.000000
44.000000 46.000000 1.000000 10000.000000 10000.000000 10000.000000 10000.000000
44.000000 47.000000 1.000000 10000.000000 10000.000000 10000.000000 10000.000000
44.000000 48.000000 1.000000 10000.000000 10000.000000 10000.000000 10000.000000
44.000000 49.000000 1.000000 10000.000000 10000.000000 10000.000000 10000.000000
45.000000 0.000000 1.000000 10000.000000 10000.000000 10000.000000 10000.000000
45.000000 1.000000 1.000000 10000.000000 10000.000000 10000.000000 10000.000000
45.000000 2.000000 1.000000 9999.000000 10000.000000 9999.000000 9999.000000
45.000000 3.000000 1.000000 9996.000000 10000.000000 9996.000000 9996.000000
45.000000 4.000000 1.000000 9995.000000 10000.000000 9995.000000 9995.000000
45.000000 5.000000 1.000000 9990.000000 10000.000000 9990.000000 9990.000000
45.000000 6.000000 1.000000 9986.000000 10000.000000 9986.000000 9986.000000
45.000000 7.000000 1.000000 9981.000000 10000.000000 9981.000000 9981.000000
45.000000 8.000000 1.000000 9983.000000 10000.000000 9983.000000 9983.000000
45.000000 9.000000 1.000000 9980.000000 10000.000000 9980.000000 9980.000000
45.000000 10.000000 1.000000 9981.000000 10000.000000 9981.000000 9981.000000
45.000000 11.000000 1.000000 9984.000000 10000.000000 9984.000000 9984.000000
45.000000 12.000000 1.000000 9987.000000 10000.000000 9987.000000 9987.000000
45.000000 13.000000 1.000000 9988.000000 10000.000000 9988.000000 9988.000000
45.000000 14.000000 1.000000 9990.000000 10000.000000 9990.000000 9990.000000
45.000000 15.000000 1.000000 9993.000000 10000.000000 9993.000000 9993.000000
45.000000 16.000000 1.000000 9991.000000 10000.000000 9991.000000 9991.000000
45.000000 17.000000 1.000000 9992.000000 10000.000000 9992.000000 9992.000000
45.000000 18.000000 1.000000 9992.000000 10000.000000 9992.000000 9992.000000
45.000000 19.000000 1.000000 9994.000000 10000.000000 9994.000000 9994.000000
45.000000 20.000000 1.000000 9995.000000 10000.000000 9995.000000 9995.000000
45.000000 21.000000 1.000000 9998.000000 10000.000000 9998.000000 9998.000000
45.000000 22.000000 1.000000 9998.000000 10000.000000 9998.000000 9998.000000
45.000000 23.000000 1.000000 10000.000000 10000.000000 10000.000000 10000.000000
45.000000 24.000000 1.000000 10000.000000 10000.000000 10000.000000 10000.000000
45.000000 25.000000 1.000000 10000.000000 10000.000000 10000.000000 10000.000000
45.000000 26.000000 1.000000 10000.000000 10000.000000 10000.000000 10000.000000
45.000000 27.000000 1.000000 10000.000000 10000.000000 10000.000000 10000.000000
45.000000 28.000000 1.000000 10000.000000 10000.000000 10000.000000 10000.000000
45.000000 29.000000 1.000000 10000.000000 10000.000000 10000.000000 10000.000000
45.000000 30.000000 1.000000 10000.000000 10000.000000 10000.000000 10000.000000
45.000000 31.000000 1.000000 10000.000000 10000.000000 10000.000000 10000.000000
45.000000 32.000000 1.000000 10000.000000 10000.000000 10000.000000 10000.000000
45.000000 33.000000 1.000000 10000.000000 10000.000000 10000.000000 10000.000000
45.000000 34.000000 1.000000 10000.000000 10000.000000 10000.000000 10000.000000
45.000000 35.000000 1.000000 10000.000000 10000.000000 10000.000000 10000.000000
45.000000 36.000000 1.000000 10000.000000 10000.000000 10000.000000 10000.000000
45.000000 37.000000 1.000000 10000.000000 10000.000000 10000.000000 10000.000000
45.000000 38.000000 1.000000 10000.000000 10000.000000 10000.000000 10000.000000
45.000000 39.000000 1.000000 10000.000000 10000.000000 10000.000000 10000.000000
45.000000 40.000000 1.000000 10000.000000 10000.000000 10000.000000 10000.000000
45.000000 41.000000 1.000000 10000.000000 10000.000000 10000.000000 10000.000000
45.000000 42.000000 1.000000 10000.000000 10000.000000 10000.000000 10000.000000
45.000000 43.000000 1.000000 10000.000000 10000.000000 10000.000000 10000.000000
45.000000 44.000000 1.000000 10000.000000 10000.000000 10000.000000 10000.000000
45.000000 45.000000 1.000000 10000.000000 10000.000000 10000.000000 10000.000000
45.000000 46.000000 1.000000 10000.000000 10000.000000 10000.000000 10000.000000
45.000000 47.000000 1.000000 10000.000000 10000.000000 10000.000000 10000.000000
45.000000 48.000000 1.000000 10000.000000 10000.000000 10000.000000 10000.000000
45.000000 49.000000 1.000000 10000.000000 10000.000000 10000.000000 10000.000000
46.000000 0.000000 1.000000 10000.000000 10000.000000 10000.000000 10000.000000
46.000000 1.000000 1.000000 10000.000000 10000.000000 10000.000000 10000.000000
46.000000 2.000000 1.000000 9999.000000 10000.000000 9999.000000 9999.000000
46.000000 3.000000 1.000000 9999.000000 10000.000000 9999.000000 9999.000000
46.000000 4.000000 1.000000 9998.000000 10000.000000 9998.000000 9998.000000
46.000000 5.000000 1.000000 9996.000000 10000.000000 9996.000000 9996.000000
46.000000 6.000000 1.000000 9991.000000 10000.000000 9991.000000 9991.000000
46.000000 7.000000 1.000000 9989.000000 10000.000000 9989.000000 9989.000000
46.000000 8.000000 1.000000 9987.000000 10000.000000 9987.000000 9987.000000
46.000000 9.000000 1.000000 9984.000000 10000.000000 9984.000000 9984.000000
46.000000 10.000000 1.000000 9984.000000 10000.000000 9984.000000 9984.000000
46.000000 11.000000 1.000000 9986.000000 10000.000000 9986.000000 9986.000000
46.000000 12.000000 1.000000 9981.000000 10000.000000 9981.000000 9981.000000
46.000000 13.000000 1.000000 9977.000000 10000.000000 9977.000000 9977.000000
46.000000 14.000000 1.000000 9963.000000 10000.000000 9963.000000 9963.000000
46.000000 15.000000 1.000000 9950.000000 10000.000000 9950.000000 9950.000000
46.000000 16.000000 1.000000 9909.000000 10000.000000 9909.000000 9909.000000
46.000000 17.000000 1.000000 9851.000000 10000.000000 9851.000000 9851.000000
46.000000 18.000000 1.000000 9781.000000 10000.000000 9781.000000 9781.000000
46.000000 19.000000 1.000000 9690.000000 10000.000000 9690.000000 9690.000000
46.000000 20.000000 1.000000 9590.000000 10000.000000 9590.000000 9590.000000
46.000000 21.000000 1.000000 9493.000000 10000.000000 9493.000000 9493.000000
46.000000 22.000000 1.000000 9355.000000 10000.000000 9355.000000 9355.000000
46.000000 23.000000 1.000000 9186.000000 10000.000000 9186.000000 9186.000000
46.000000 24.000000 1.000000 9013.000000 10000.000000 9013.000000 9013.000000
46.000000 25.000000 1.000000 8865.000000 10000.000000 8865.000000 8865.000000
46.000000 26.000000 1.000000 8767.000000 10000.000000 8767.000000 8767.000000
46.000000 27.000000 1.000000 8742.000000 10000.000000 8742.000000 8742.000000
46.000000 28.000000 1.000000 8791.000000 10000.000000 8791.000000 8791.000000
46.000000 29.000000 1.000000 8894.000000 10000.000000 8894.000000 8894.000000
46.000000 30.000000 1.000000 9044.000000 10000.000000 9044.000000 9044.000000
46.000000 31.000000 1.000000 9202.000000 10000.000000 9202.000000 9202.000000
46.000000 32.000000 1.000000 9359.000000 10000.000000 9359.000000 9359.000000
46.000000 33.000000 1.000000 9502.000000 10000.000000 9502.000000 9502.000000
46.000000 34.000000 1.000000 9660.000000 10000.000000 9660.000000 9660.000000
46.000000 35.000000 1.000000 9741.000000 10000.000000 9741.000000 9741.000000
46.000000 36.000000 1.000000 9808.000000 10000.000000 9808.000000 9808.000000
46.000000 37.000000 1.000000 9855.000000 10000.000000 9855.000000 9855.000000
46.000000 38.000000 1.000000 9883.000000 10000.000000 9883.000000 9883.000000
46.000000 39.000000 1.000000 9896.000000 10000.000000 9896.000000 9896.000000
46.000000 40.000000 1.000000 9919.000000 10000.000000 9919.000000 9919.000000
46.000000 41.000000 1.000000 9935.000000 10000.000000 9935.000000 9935.000000
46.000000 42.000000 1.000000 9948.000000 10000.000000 9948.000000 9948.000000
46.000000 43.000000 1.000000 9956.000000 10000.000000 9956.000000 9956.000000
46.000000 44.000000 1.000000 9962.000000 10000.000000 9962.000000 9962.000000
46.000000 45.000000 1.000000 9969.000000 10000.000000 9969.000000 9969.000000
46.000000 46.000000 1.000000 9978.000000 10000.000000 9978.000000 9978.000000
46.000000 47.000000 1.000000 9983.000000 10000.000000 9983.000000 9983.000000
46.000000 48.000000 1.000000 9990.000000 10000.000000 9990.000000 9990.000000
46.000000 49.000000 1.000000 9995.000000 10000.000000 9995.000000 9995.000000
47.000000 0.000000 1.000000 10000.000000 10000.000000 10000.000000 10000.000000
47.000000 1.000000 1.000000 10000.000000 10000.000000 10000.000000 10000.000000
47.000000 2.000000 1.000000 9999.000000 10000.000000 9999.000000 9999.000000
47.000000 3.000000 1.000000 9999.000000 10000.000000 9999.000000 9999.000000
47.000000 4.000000 1.000000 9999.000000 10000.000000 9999.000000 9999.000000
47.000000 5.000000 1.000000 9999.000000 10000.000000 9999.000000 9999.000000
47.000000 6.000000 1.000000 9999.000000 10000.000000 9999.000000 9999.000000
47.000000 7.000000 1.000000 10000.000000 10000.000000 10000.000000 10000.000000
47.000000 8.000000 1.000000 10000.000000 10000.000000 10000.000000 10000.000000
47.000000 9.000000 1.000000 10000.000000 10000.000000 10000.000000 10000.000000
47.000000 10.000000 1.000000 10000.000000 10000.000000 10000.000000 10000.000000
47.000000 11.000000 1.000000 10000.000000 10000.000000 10000.000000 10000.000000
47.000000 12.000000 1.000000 10000.000000 10000.000000 10000.000000 10000.000000
47.000000 13.000000 1.000000 10000.000000 10000.000000 10000.000000 10000.000000
47.000000 14.000000 1.000000 10000.000000 10000.000000 10000.000000 10000.000000
47.000000 15.000000 1.000000 10000.000000 10000.000000 10000.000000 10000.000000
47.000000 16.000000 1.000000 10000.000000 10000.000000 10000.000000 10000.000000
47.000000 17.000000 1.000000 10000.000000 10000.000000 10000.000000 10000.000000
47.000000 18.000000 1.000000 10000.000000 10000.000000 10000.000000 10000.000000
47.000000 19.000000 1.000000 10000.000000 10000.000000 10000.000000 10000.000000
47.000000 20.000000 1.000000 10000.000000 10000.000000 10000.000000 10000.000000
47.000000 21.000000 1.000000 10000.000000 10000.000000 10000.000000 10000.000000
47.000000 22.000000 1.000000 10000.000000 10000.000000 10000.000000 10000.000000
47.000000 23.000000 1.000000 10000.000000 10000.000000 10000.000000 10000.000000
47.000000 24.000000 1.000000 10000.000000 10000.000000 10000.000000 10000.000000
47.000000 25.000000 1.000000 10000.000000 10000.000000 10000.000000 10000.000000
47.000000 26.000000 1.000000 10000.000000 10000.000000 10000.000000 10000.000000
47.000000 27.000000 1.000000 10000.000000 10000.000000 10000.000000 10000.000000
47.000000 28.000000 1.000000 10000.000000 10000.000000 10000.000000 10000.000000
47.000000 29.000000 1.000000 10000.000000 10000.000000 10000.000000 10000.000000
47.000000 30.000000 1.000000 10000.000000 10000.000000 10000.000000 10000.000000
47.000000 31.000000 1.000000 10000.000000 10000.000000 10000.000000 10000.000000
47.000000 32.000000 1.000000 10000.000000 10000.000000 10000.000000 10000.000000
47.000000 33.000000 1.000000 10000.000000 10000.000000 10000.000000 10000.000000
47.000000 34.000000 1.000000 10000.000000 10000.000000 10000.000000 10000.000000
47.000000 35.000000 1.000000 10000.000000 10000.000000 10000.000000 10000.000000
47.000000 36.000000 1.000000 10000.000000 10000.000000 10000.000000 10000.000000
47.000000 37.000000 1.000000 10000.000000 10000.000000 10000.000000 10000.000000
47.000000 38.000000 1.000000 10000.000000 10000.000000 10000.000000 10000.000000
47.000000 39.000000 1.000000 10000.000000 10000.000000 10000.000000 10000.000000
47.000000 40.000000 1.000000 10000.000000 10000.000000 10000.000000 10000.000000
47.000000 41.000000 1.000000 10000.000000 10000.000000 10000.000000 10000.000000
47.000000 42.000000 1.000000 10000.000000 10000.000000 10000.000000 10000.000000
47.000000 43.000000 1.000000 10000.000000 10000.000000 10000.000000 10000.000000
47.000000 44.000000 1.000000 10000.000000 10000.000000 10000.000000 10000.000000
47.000000 45.000000 1.000000 10000.000000 10000.000000 10000.000000 10000.000000
47.000000 46.000000 1.000000 10000.000000 10000.000000 10000.000000 10000.000000
47.000000 47.000000 1.000000 10000.000000 10000.000000 10000.000000 10000.000000
47.000000 48.000000 1.000000 10000.000000 10000.000000 10000.000000 10000.000000
47.000000 49.000000 1.000000 10000.000000 10000.000000 10000.000000 10000.000000
48.000000 0.000000 1.000000 10000.000000 10000.000000 10000.000000 10000.000000
48.000000 1.000000 1.000000 10000.000000 10000.000000 10000.000000 10000.000000
48.000000 2.000000 1.000000 10000.000000 10000.000000 10000.000000 10000.000000
48.000000 3.000000 1.000000 9999.000000 10000.000000 9999.000000 9999.000000
48.000000 4.000000 1.000000 9999.000000 10000.000000 9999.000000 9999.000000
48.000000 5.000000 1.000000 9999.000000 10000.000000 9999.000000 9999.000000
48.000000 6.000000 1.000000 9999.000000 10000.000000 9999.000000 9999.000000
48.000000 7.000000 1.000000 9999.000000 10000.000000 9999.000000 9999.000000
48.000000 8.000000 1.000000 10000.000000 10000.000000 10000.000000 10000.000000
48.000000 9.000000 1.000000 10000.000000 10000.000000 10000.000000 10000.000000
48.000000 10.000000 1.000000 10000.000000 10000.000000 10000.000000 10000.000000
48.000000 11.000000 1.000000 10000.000000 10000.000000 10000.000000 10000.000000
48.000000 12.000000 1.000000 10000.000000 10000.000000 10000.000000 10000.000000
48.000000 13.000000 1.000000 10000.000000 10000.000000 10000.000000 10000.000000
48.000000 14.000000 1.000000 10000.000000 10000.000000 10000.000000 10000.000000
48.000000 15.000000 1.000000 10000.000000 10000.000000 10000.000000 10000.000000
48.000000 16.000000 1.000000 10000.000000 10000.000000 10000.000000 10000.000000
48.000000 17.000000 1.000000 10000.000000 10000.000000 10000.000000 10000.000000
48.000000 18.000000 1.000000 10000.000000 10000.000000 10000.000000 10000.000000
48.000000 19.000000 1.000000 10000.000000 10000.000000 10000.000000 10000.000000
48.000000 20.000000 1.000000 10000.000000 10000.000000 10000.000000 10000.000000
48.000000 21.000000 1.000000 10000.000000 10000.000000 10000.000000 10000.000000
48.000000 22.000000 1.000000 10000.000000 10000.000000 10000.000000 10000.000000
48.000000 23.000000 1.000000 10000.000000 10000.000000 10000.000000 10000.000000
48.000000 24.000000 1.000000 10000.000000 10000.000000 10000.000000 10000.000000
48.000000 25.000000 1.000000 10000.000000 10000.000000 10000.000000 10000.000000
48.000000 26.000000 1.000000 10000.000000 10000.000000 10000.000000 10000.000000
48.000000 27.000000 1.000000 10000.000000 10000.000000 10000.000000 10000.000000
48.000000 28.000000 1.000000 10000.000000 10000.000000 10000.000000 10000.000000
48.000000 29.000000 1.000000 10000.000000 10000.000000 10000.000000 10000.000000
48.000000 30.000000 1.000000 10000.000000 10000.000000 10000.000000 10000.000000
48.000000 31.000000 1.000000 10000.000000 10000.000000 10000.000000 10000.000000
48.000000 32.000000 1.000000 10000.000000 10000.000000 10000.000000 10000.000000
48.000000 33.000000 1.000000 10000.000000 10000.000000 10000.000000 10000.000000
48.000000 34.000000 1.000000 10000.000000 10000.000000 10000.000000 10000.000000
48.000000 35.000000 1.000000 10000.000000 10000.000000 10000.000000 10000.000000
48.000000 36.000000 1.000000 10000.000000 10000.000000 10000.000000 10000.000000
48.000000 37.000000 1.000000 10000.000000 10000.000000 10000.000000 10000.000000
48.000000 38.000000 1.000000 10000.000000 10000.000000 10000.000000 10000.000000
48.000000 39.000000 1.000000 10000.000000 10000.000000 10000.000000 10000.000000
48.000000 40.000000 1.000000 10000.000000 10000.000000 10000.000000 10000.000000
48.000000 41.000000 1.000000 10000.000000 10000.000000 10000.000000 10000.000000
48.000000 42.000000 1.000000 10000.000000 10000.000000 10000.000000 10000.000000
48.000000 43.000000 1.000000 10000.000000 10000.000000 10000.000000 10000.000000
48.000000 44.000000 1.000000 10000.000000 10000.000000 10000.000000 10000.000000
48.000000 45.000000 1.000000 10000.000000 10000.000000 10000.000000 10000.000000
48.000000 46.000000 1.000000 10000.000000 10000.000000 10000.000000 10000.000000
48.000000 47.000000 1.000000 10000.000000 10000.000000 10000.000000 10000.000000
48.000000 48.000000 1.000000 10000.000000 10000.000000 10000.000000 10000.000000
48.000000 49.000000 1.000000 10000.000000 10000.000000 10000.000000 10000.000000
49.000000 0.000000 1.000000 10000.000000 10000.000000 10000.000000 10000.000000
49.000000 1.000000 1.000000 10000.000000 10000.000000 10000.000000 10000.000000
49.000000 2.000000 1.000000 10000.000000 10000.000000 10000.000000 10000.000000
49.000000 3.000000 1.000000 9999.000000 10000.000000 9999.000000 9999.000000
49.000000 4.000000 1.000000 9997.000000 10000.000000 9997.000000 9997.000000
49.000000 5.000000 1.000000 9993.000000 10000.000000 9993.000000 9993.000000
49.000000 6.000000 1.000000 9989.000000 10000.000000 9989.000000 9989.000000
49.000000 7.000000 1.000000 9981.000000 10000.000000 9981.000000 9981.000000
49.000000 8.000000 1.000000 9964.000000 10000.000000 9964.000000 9964.000000
49.000000 9.000000 1.000000 9930.000000 10000.000000 9930.000000 9930.000000
49.000000 10.000000 1.000000 9883.000000 10000.000000 9883.000000 9883.000000
49.000000 11.000000 1.000000 9836.000000 10000.000000 9836.000000 9836.000000
49.000000 12.000000 1.000000 9794.000000 10000.000000 9794.000000 9794.000000
49.000000 13.000000 1.000000 9734.000000 10000.000000 9734.000000 9734.000000
49.000000 14.000000 1.000000 9635.000000 10000.000000 9635.000000 9635.000000
49.000000 15.000000 1.000000 9531.000000 10000.000000 9531.000000 9531.000000
49.000000 16.000000 1.000000 9427.000000 10000.000000 9427.000000 9427.000000
49.000000 17.000000 1.000000 9268.000000 10000.000000 9268.000000 9268.000000
49.000000 18.000000 1.000000 9097.000000 10000.000000 9097.000000 9097.000000
49.000000 19.000000 1.000000 8976.000000 10000.000000 8976.000000 8976.000000
49.000000 20.000000 1.000000 8903.000000 10000.000000 8903.000000 8903.000000
49.000000 21.000000 1.000000 8808.000000 10000.000000 8808.000000 8808.000000
49.000000 22.000000 1.000000 8809.000000 10000.000000 8809.000000 8809.000000
49.000000 23.000000 1.000000 8836.000000 10000.000000 8836.000000 8836.000000
49.000000 24.000000 1.000000 8886.000000 10000.000000 8886.000000 8886.000000
49.000000 25.000000 1.000000 8983.000000 10000.000000 8983.000000 8983.000000
49.000000 26.000000 1.000000 9088.000000 10000.000000 9088.000000 9088.000000
49.000000 27.000000 1.000000 9232.000000 10000.000000 9232.000000 9232.000000
49.000000 28.000000 1.000000 9371.000000 10000.000000 9371.000000 9371.000000
49.000000 29.000000 1.000000 9517.000000 10000.000000 9517.000000 9517.000000
49.000000 30.000000 1.000000 9615.000000 10000.000000 9615.000000 9615.000000
49.000000 31.000000 1.000000 9726.000000 10000.000000 9726.000000 9726.000000
49.000000 32.000000 1.000000 9802.000000 10000.000000 9802.000000 9802.000000
49.000000 33.000000 1.000000 9853.000000 10000.000000 9853.000000 9853.000000
49.000000 34.000000 1.000000 9890.000000 10000.000000 9890.000000 9890.000000
49.000000 35.000000 1.000000 9912.000000 10000.000000 9912.000000 9912.000000
49.000000 36.000000 1.000000 9916.000000 10000.000000 9916.000000 9916.000000
49.000000 37.000000 1.000000 9933.000000 10000.000000 9933.000000 9933.000000
49.000000 38.000000 1.000000 9942.000000 10000.000000 9942.000000 9942.000000
49.000000 39.000000 1.000000 9949.000000 10000.000000 9949.000000 9949.000000
49.000000 40.000000 1.000000 9962.000000 10000.000000 9962.000000 9962.000000
49.000000 41.000000 1.000000 9977.000000 10000.000000 9977.000000 9977.000000
49.000000 42.000000 1.000000 9984.000000 10000.000000 9984.000000 9984.000000
49.000000 43.000000 1.000000 9990.000000 10000.000000 9990.000000 9990.000000
49.000000 44.000000 1.000000 9995.000000 10000.000000 9995.000000 9995.000000
49.000000 45.000000 1.000000 9997.000000 10000.000000 9997.000000 9997.000000
49.000000 46.000000 1.000000 9998.000000 10000.000000 9998.000000 9998.000000
49.000000 47.000000 1.000000 9999.000000 10000.000000 9999.000000 9999.000000
49.000000 48.000000 1.000000 10000.000000 10000.000000 10000.000000 10000.000000
49.000000 49.000000 1.000000 10000.000000 10000.000000 10000.000000 10000.000000
50.000000 0.000000 1.000000 10000.000000 10000.000000 10000.000000 10000.000000
50.000000 1.000000 1.000000 10000.000000 10000.000000 10000.000000 10000.000000
50.000000 2.000000 1.000000 10000.000000 10000.000000 10000.000000 10000.000000
50.000000 3.000000 1.000000 9999.000000 10000.000000 9999.000000 9999.000000
50.000000 4.000000 1.000000 9999.000000 10000.000000 9999.000000 9999.000000
50.000000 5.000000 1.000000 9999.000000 10000.000000 9999.000000 9999.000000
50.000000 6.000000 1.000000 9999.000000 10000.000000 9999.000000 9999.000000
50.000000 7.000000 1.000000 9999.000000 10000.000000 9999.000000 9999.000000
50.000000 8.000000 1.000000 10000.000000 10000.000000 10000.000000 10000.000000
50.000000 9.000000 1.000000 10000.000000 10000.000000 10000.000000 10000.000000
50.000000 10.000000 1.000000 10000.000000 10000.000000 10000.000000 10000.000000
50.000000 11.000000 1.000000 10000.000000 10000.000000 10000.000000 10000.000000
50.000000 12.000000 1.000000 10000.000000 10000.000000 10000.000000 10000.000000
50.000000 13.000000 1.000000 10000.000000 10000.000000 10000.000000 10000.000000
50.000000 14.000000 1.000000 10000.000000 10000.000000 10000.000000 10000.000000
50.000000 15.000000 1.000000 10000.000000 10000.000000 10000.000000 10000.000000
50.000000 16.000000 1.000000 10000.000000 10000.000000 10000.000000 10000.000000
50.000000 17.000000 1.000000 10000.000000 10000.000000 10000.000000 10000.000000
50.000000 18.000000 1.000000 10000.000000 10000.000000 10000.000000 10000.000000
50.000000 19.000000 1.000000 10000.000000 10000.000000 10000.000000 10000.000000
50.000000 20.000000 1.000000 10000.000000 10000.000000 10000.000000 10000.000000
50.000000 21.000000 1.000000 10000.000000 10000.000000 10000.000000 10000.000000
50.000000 22.000000 1.000000 10000.000000 10000.000000 10000.000000 10000.000000
50.000000 23.000000 1.000000 10000.000000 10000.000000 10000.000000 10000.000000
50.000000 24.000000 1.000000 10000.000000 10000.000000 10000.000000 10000.000000
50.000000 25.000000 1.000000 10000.000000 10000.000000 10000.000000 10000.000000
50.000000 26.000000 1.000000 10000.000000 10000.000000 10000.000000 10000.000000
50.000000 27.000000 1.000000 10000.000000 10000.000000 10000.000000 10000.000000
50.000000 28.000000 1.000000 10000.000000 10000.000000 10000.000000 10000.000000
50.000000 29.000000 1.000000 10000.000000 10000.000000 10000.000000 10000.000000
50.000000 30.000000 1.000000 10000.000000 10000.000000 10000.000000 10000.000000
50.000000 31.000000 1.000000 10000.000000 10000.000000 10000.000000 10000.000000
50.000000 32.000000 1.000000 10000.000000 10000.000000 10000.000000 10000.000000
50.000000 33.000000 1.000000 10000.000000 10000.000000 10000.000000 10000.000000
50.000000 34.000000 1.000000 10000.000000 10000.000000 10000.000000 10000.000000
50.000000 35.000000 1.000000 10000.000000 10000.000000 10000.000000 10000.000000
50.000000 36.000000 1.000000 10000.000000 10000.000000 10000.000000 10000.000000
50.000000 37.000000 1.000000 10000.000000 10000.000000 10000.000000 10000.000000
50.000000 38.000000 1.000000 10000.000000 10000.000000 10000.000000 10000.000000
50.000000 39.000000 1.000000 10000.000000 10000.000000 10000.000000 10000.000000
50.000000 40.000000 1.000000 10000.000000 10000.000000 10000.000000 10000.000000
50.000000 41.000000 1.000000 10000.000000 10000.000000 10000.000000 10000.000000
50.000000 42.000000 1.000000 10000.000000 10000.000000 10000.000000 10000.000000
50.000000 43.000000 1.000000 10000.000000 10000.000000 10000.000000 10000.000000
50.000000 44.000000 1.000000 10000.000000 10000.000000 10000.000000 10000.000000
50.000000 45.000000 1.000000 10000.000000 10000.000000 10000.000000 10000.000000
50.000000 46.000000 1.000000 10000.000000 10000.000000 10000.000000 10000.000000
50.000000 47.000000 1.000000 10000.000000 10000.000000 10000.000000 10000.000000
50.000000 48.000000 1.000000 10000.000000 10000.000000 10000.000000 10000.000000
50.000000 49.000000 1.000000 10000.000000 10000.000000 10000.000000 10000.000000
51.000000 0.000000 1.000000 10000.000000 10000.000000 10000.000000 10000.000000
51.000000 1.000000 1.000000 10000.000000 10000.000000 10000.000000 10000.000000
51.000000 2.000000 1.000000 10000.000000 10000.000000 10000.000000 10000.000000
51.000000 3.000000 1.000000 9999.000000 10000.000000 9999.000000 9999.000000
51.000000 4.000000 1.000000 9999.000000 10000.000000 9999.000000 9999.000000
51.000000 5.000000 1.000000 9999.000000 10000.000000 9999.000000 9999.000000
51.000000 6.000000 1.000000 9999.000000 10000.000000 9999.000000 9999.000000
51.000000 7.000000 1.000000 9999.000000 10000.000000 9999.000000 9999.000000
51.000000 8.000000 1.000000 10000.000000 10000.000000 10000.000000 10000.000000
51.000000 9.000000 1.000000 10000.000000 10000.000000 10000.000000 10000.000000
51.000000 10.000000 1.000000 10000.000000 10000.000000 10000.000000 10000.000000
51.000000 11.000000 1.000000 10000.000000 10000.000000 10000.000000 10000.000000
51.000000 12.000000 1.000000 10000.000000 10000.000000 10000.000000 10000.000000
51.000000 13.000000 1.000000 10000.000000 10000.000000 10000.000000 10000.000000
51.000000 14.000000 1.000000 10000.000000 10000.000000 10000.000000 10000.000000
51.000000 15.000000 1.000000 10000.000000 10000.000000 10000.000000 10000.000000
51.000000 16.000000 1.000000 10000.000000 10000.000000 10000.000000 10000.000000
51.000000 17.000000 1.000000 10000.000000 10000.000000 10000.000000 10000.000000
51.000000 18.000000 1.000000 10000.000000 10000.000000 10000.000000 10000.000000
51.000000 19.000000 1.000000 10000.000000 10000.000000 10000.000000 10000.000000
51.000000 20.000000 1.000000 10000.000000 10000.000000 10000.000000 10000.000000
51.000000 21.000000 1.000000 10000.000000 10000.000000 10000.000000 10000.000000
51.000000 22.000000 1.000000 10000.000000 10000.000000 10000.000000 10000.000000
51.000000 23.000000 1.000000 10000.000000 10000.000000 10000.000000 10000.000000
51.000000 24.000000 1.000000 10000.000000 10000.000000 10000.000000 10000.000000
51.000000 25.000000 1.000000 10000.000000 10000.000000 10000.000000 10000.000000
51.000000 26.000000 1.000000 10000.000000 10000.000000 10000.000000 10000.000000
51.000000 27.000000 1.000000 10000.000000 10000.000000 10000.000000 10000.000000
51.000000 28.000000 1.000000 10000.000000 10000.000000 10000.000000 10000.000000
51.000000 29.000000 1.000000 10000.000000 10000.000000 10000.000000 10000.000000
51.000000 30.000000 1.000000 10000.000000 10000.000000 10000.000000 10000.000000
51.000000 31.000000 1.000000 10000.000000 10000.000000 10000.000000 10000.000000
51.000000 32.000000 1.000000 10000.000000 10000.000000 10000.000000 10000.000000
51.000000 33.000000 1.000000 10000.000000 10000.000000 10000.000000 10000.000000
51.000000 34.000000 1.000000 10000.000000 10000.000000 10000.000000 10000.000000
51.000000 35.000000 1.000000 10000.000000 10000.000000 10000.000000 10000.000000
51.000000 36.000000 1.000000 10000.000000 10000.000000 10000.000000 10000.000000
51.000000 37.000000 1.000000 10000.000000 10000.000000 10000.000000 10000.000000
51.000000 38.000000 1.000000 10000.000000 10000.000000 10000.000000 10000.000000
51.000000 39.000000 1.000000 10000.000000 10000.000000 10000.000000 10000.000000
51.000000 40.000000 1.000000 10000.000000 10000.000000 10000.000000 10000.000000
51.000000 41.000000 1.000000 10000.000000 10000.000000 10000.000000 10000.000000
51.000000 42.000000 1.000000 10000.000000 10000.000000 10000.000000 10000.000000
51.000000 43.000000 1.000000 10000.000000 10000.000000 10000.000000 10000.000000
51.000000 44.000000 1.000000 10000.000000 10000.000000 10000.000000 10000.000000
51.000000 45.000000 1.000000 10000.000000 10000.000000 10000.000000 10000.000000
51.000000 46.000000 1.000000 10000.000000 10000.000000 10000.000000 10000.000000
51.000000 47.000000 1.000000 10000.000000 10000.000000 10000.000000 10000.000000
51.000000 48.000000 1.000000 10000.000000 10000.000000 10000.000000 10000.000000
51.000000 49.000000 1.000000 10000.000000 10000.000000 10000.000000 10000.000000
52.000000 0.000000 1.000000 10000.000000 10000.000000 10000.000000 10000.000000
52.000000 1.000000 1.000000 10000.000000 10000.000000 10000.000000 10000.000000
52.000000 2.000000 1.000000 10000.000000 10000.000000 10000.000000 10000.000000
52.000000 3.000000 1.000000 9999.000000 10000.000000 9999.000000 9999.000000
52.000000 4.000000 1.000000 9999.000000 10000.000000 9999.000000 9999.000000
52.000000 5.000000 1.000000 9998.000000 10000.000000 9998.000000 9998.000000
52.000000 6.000000 1.000000 9998.000000 10000.000000 9998.000000 9998.000000
52.000000 7.000000 1.000000 9997.000000 10000.000000 9997.000000 9997.000000
52.000000 8.000000 1.000000 9997.000000 10000.000000 9997.000000 9997.000000
52.000000 9.000000 1.000000 9996.000000 10000.000000 9996.000000 9996.000000
52.000000 10.000000 1.000000 9988.000000 10000.000000 9988.000000 9988.000000
52.000000 11.000000 1.000000 9960.000000 10000.000000 9960.000000 9960.000000
52.000000 12.000000 1.000000 9884.000000 10000.000000 9884.000000 9884.000000
52.000000 13.000000 1.000000 9695.000000 10000.000000 9695.000000 9695.000000
52.000000 14.000000 1.000000 9451.000000 10000.000000 9451.000000 9451.000000
52.000000 15.000000 1.000000 9162.000000 10000.000000 9162.000000 9162.000000
52.000000 16.000000 1.000000 8724.000000 10000.000000 8724.000000 8724.000000
52.000000 17.000000 1.000000 8366.000000 10000.000000 8366.000000 8366.000000
52.000000 18.000000 1.000000 8164.000000 10000.000000 8164.000000 8164.000000
52.000000 19.000000 1.000000 8056.000000 10000.000000 8056.000000 8056.000000
52.000000 20.000000 1.000000 8021.000000 10000.000000 8021.000000 8021.000000
52.000000 21.000000 1.000000 8220.000000 10000.000000 8220.000000 8220.000000
52.000000 22.000000 1.000000 8472.000000 10000.000000 8472.000000 8472.000000
52.000000 23.000000 1.000000 8668.000000 10000.000000 8668.000000 8668.000000
52.000000 24.000000 1.000000 8916.000000 10000.000000 8916.000000 8916.000000
52.000000 25.000000 1.000000 9139.000000 10000.000000 9139.000000 9139.000000
52.000000 26.000000 1.000000 9314.000000 10000.000000 9314.000000 9314.000000
52.000000 27.000000 1.000000 9490.000000 10000.000000 9490.000000 9490.000000
52.000000 28.000000 1.000000 9591.000000 10000.000000 9591.000000 9591.000000
52.000000 29.000000 1.000000 9713.000000 10000.000000 9713.000000 9713.000000
52.000000 30.000000 1.000000 9795.000000 10000.000000 9795.000000 9795.000000
52.000000 31.000000 1.000000 9855.000000 10000.000000 9855.000000 9855.000000
52.000000 32.000000 1.000000 9884.000000 10000.000000 9884.000000 9884.000000
52.000000 33.000000 1.000000 9927.000000 10000.000000 9927.000000 9927.000000
52.000000 34.000000 1.000000 9950.000000 10000.000000 9950.000000 9950.000000
52.000000 35.000000 1.000000 9962.000000 10000.000000 9962.000000 9962.000000
52.000000 36.000000 1.000000 9966.000000 10000.000000 9966.000000 9966.000000
52.000000 37.000000 1.000000 9976.000000 10000.000000 9976.000000 9976.000000
52.000000 38.000000 1.000000 9976.000000 10000.000000 9976.000000 9976.000000
52.000000 39.000000 1.000000 9977.000000 10000.000000 9977.000000 9977.000000
52.000000 40.000000 1.000000 9982.000000 10000.000000 9982.000000 9982.000000
52.000000 41.000000 1.000000 9984.000000 10000.000000 9984.000000 9984.000000
52.000000 42.000000 1.000000 9988.000000 10000.000000 9988.000000 9988.000000
52.000000 43.000000 1.000000 9991.000000 10000.000000 9991.000000 9991.000000
52.000000 44.000000 1.000000 9997.000000 10000.000000 9997.000000 9997.000000
52.000000 45.000000 1.000000 9997.000000 10000.000000 9997.000000 9997.000000
52.000000 46.000000 1.000000 9998.000000 10000.000000 9998.000000 9998.000000
52.000000 47.000000 1.000000 9999.000000 10000.000000 9999.000000 9999.000000
52.000000 48.000000 1.000000 10000.000000 10000.000000 10000.000000 10000.000000
52.000000 49.000000 1.000000 10000.000000 10000.000000 10000.000000 10000.000000
53.000000 0.000000 1.000000 10000.000000 10000.000000 10000.000000 10000.000000
53.000000 1.000000 1.000000 10000.000000 10000.000000 10000.000000 10000.000000
53.000000 2.000000 1.000000 9999.000000 10000.000000 9999.000000 9999.000000
53.000000 3.000000 1.000000 9999.000000 10000.000000 9999.000000 9999.000000
53.000000 4.000000 1.000000 9999.000000 10000.000000 9999.000000 9999.000000
53.000000 5.000000 1.000000 9999.000000 10000.000000 9999.000000 9999.000000
53.000000 6.000000 1.000000 9999.000000 10000.000000 9999.000000 9999.000000
53.000000 7.000000 1.000000 10000.000000 10000.000000 10000.000000 10000.000000
53.000000 8.000000 1.000000 10000.000000 10000.000000 10000.000000 10000.000000
53.000000 9.000000 1.000000 10000.000000 10000.000000 10000.000000 10000.000000
53.000000 10.000000 1.000000 10000.000000 10000.000000 10000.000000 10000.000000
53.000000 11.000000 1.000000 10000.000000 10000.000000 10000.000000 10000.000000
53.000000 12.000000 1.000000 10000.000000 10000.000000 10000.000000 10000.000000
53.000000 13.000000 1.000000 10000.000000 10000.000000 10000.000000 10000.000000
53.000000 14.000000 1.000000 10000.000000 10000.000000 10000.000000 10000.000000
53.000000 15.000000 1.000000 10000.000000 10000.000000 10000.000000 10000.000000
53.000000 16.000000 1.000000 10000.000000 10000.000000 10000.000000 10000.000000
53.000000 17.000000 1.000000 10000.000000 10000.000000 10000.000000 10000.000000
53.000000 18.000000 1.000000 10000.000000 10000.000000 10000.000000 10000.000000
53.000000 19.000000 1.000000 10000.000000 10000.000000 10000.000000 10000.000000
53.000000 20.000000 1.000000 10000.000000 10000.000000 10000.000000 10000.000000
53.000000 21.000000 1.000000 10000.000000 10000.000000 10000.000000 10000.000000
53.000000 22.000000 1.000000 10000.000000 10000.000000 10000.000000 10000.000000
53.000000 23.000000 1.000000 10000.000000 10000.000000 10000.000000 10000.000000
53.000000 24.000000 1.000000 10000.000000 10000.000000 10000.000000 10000.000000
53.000000 25.000000 1.000000 10000.000000 10000.000000 10000.000000 10000.000000
53.000000 26.000000 1.000000 10000.000000 10000.000000 10000.000000 10000.000000
53.000000 27.000000 1.000000 10000.000000 10000.000000 10000.000000 10000.000000
53.000000 28.000000 1.000000 10000.000000 10000.000000 10000.000000 10000.000000
53.000000 29.000000 1.000000 10000.000000 10000.000000 10000.000000 10000.000000
53.000000 30.000000 1.000000 10000.000000 10000.000000 10000.000000 10000.000000
53.000000 31.000000 1.000000 10000.000000 10000.000000 10000.000000 10000.000000
53.000000 32.000000 1.000000 10000.000000 10000.000000 10000.000000 10000.000000
53.000000 33.000000 1.000000 10000.000000 10000.000000 10000.000000 10000.000000
53.000000 34.000000 1.000000 10000.000000 10000.000000 10000.000000 10000.000000
53.000000 35.000000 1.000000 10000.000000 10000.000000 10000.000000 10000.000000
53.000000 36.000000 1.000000 10000.000000 10000.000000 10000.000000 10000.000000
53.000000 37.000000 1.000000 10000.000000 10000.000000 10000.000000 10000.000000
53.000000 38.000000 1.000000 10000.000000 10000.000000 10000.000000 10000.000000
53.000000 39.000000 1.000000 10000.000000 10000.000000 10000.000000 10000.000000
53.000000 40.000000 1.000000 10000.000000 10000.000000 10000.000000 10000.000000
53.000000 41.000000 1.000000 10000.000000 10000.000000 10000.000000 10000.000000
53.000000 42.000000 1.000000 10000.000000 10000.000000 10000.000000 10000.000000
53.000000 43.000000 1.000000 10000.000000 10000.000000 10000.000000 10000.000000
53.000000 44.000000 1.000000 10000.000000 10000.000000 10000.000000 10000.000000
53.000000 45.000000 1.000000 10000.000000 10000.000000 10000.000000 10000.000000
53.000000 46.000000 1.000000 10000.000000 10000.000000 10000.000000 10000.000000
53.000000 47.000000 1.000000 10000.000000 10000.000000 10000.000000 10000.000000
53.000000 48.000000 1.000000 10000.000000 10000.000000 10000.000000 10000.000000
53.000000 49.000000 1.000000 10000.000000 10000.000000 10000.000000 10000.000000
54.000000 0.000000 1.000000 10000.000000 10000.000000 10000.000000 10000.000000
54.000000 1.000000 1.000000 9999.000000 10000.000000 9999.000000 9999.000000
54.000000 2.000000 1.000000 9999.000000 10000.000000 9999.000000 9999.000000
54.000000 3.000000 1.000000 9999.000000 10000.000000 9999.000000 9999.000000
54.000000 4.000000 1.000000 9999.000000 10000.000000 9999.000000 9999.000000
54.000000 5.000000 1.000000 9999.000000 10000.000000 9999.000000 9999.000000
54.000000 6.000000 1.000000 10000.000000 10000.000000 10000.000000 10000.000000
54.000000 7.000000 1.000000 10000.000000 10000.000000 10000.000000 10000.000000
54.000000 8.000000 1.000000 10000.000000 10000.000000 10000.000000 10000.000000
54.000000 9.000000 1.000000 10000.000000 10000.000000 10000.000000 10000.000000
54.000000 10.000000 1.000000 10000.000000 10000.000000 10000.000000 10000.000000
54.000000 11.000000 1.000000 10000.000000 10000.000000 10000.000000 10000.000000
54.000000 12.000000 1.000000 10000.000000 10000.000000 10000.000000 10000.000000
54.000000 13.000000 1.000000 10000.000000 10000.000000 10000.000000 10000.000000
54.000000 14.000000 1.000000 10000.000000 10000.000000 10000.000000 10000.000000
54.000000 15.000000 1.000000 10000.000000 10000.000000 10000.000000 10000.000000
54.000000 16.000000 1.000000 10000.000000 10000.000000 10000.000000 10000.000000
54.000000 17.000000 1.000000 10000.000000 10000.000000 10000.000000 10000.000000
54.000000 18.000000 1.000000 10000.000000 10000.000000 10000.000000 10000.000000
54.000000 19.000000 1.000000 10000.000000 10000.000000 10000.000000 10000.000000
54.000000 20.000000 1.000000 10000.000000 10000.000000 10000.000000 10000.000000
54.000000 21.000000 1.000000 10000.000000 10000.000000 10000.000000 10000.000000
54.000000 22.000000 1.000000 10000.000000 10000.000000 10000.000000 10000.000000
54.000000 23.000000 1.000000 10000.000000 10000.000000 10000.000000 10000.000000
54.000000 24.000000 1.000000 10000.000000 10000.000000 10000.000000 10000.000000
54.000000 25.000000 1.000000 10000.000000 10000.000000 10000.000000 10000.000000
54.000000 26.000000 1.000000 10000.000000 10000.000000 10000.000000 10000.000000
54.000000 27.000000 1.000000 10000.000000 10000.000000 10000.000000 10000.000000
54.000000 28.000000 1.000000 10000.000000 10000.000000 10000.000000 10000.000000
54.000000 29.000000 1.000000 10000.000000 10000.000000 10000.000000 10000.000000
54.000000 30.000000 1.000000 10000.000000 10000.000000 10000.000000 10000.000000
54.000000 31.000000 1.000000 10000.000000 10000.000000 10000.000000 10000.000000
54.000000 32.000000 1.000000 10000.000000 10000.000000 10000.000000 10000.000000
54.000000 33.000000 1.000000 10000.000000 10000.000000 10000.000000 10000.000000
54.000000 34.000000 1.000000 10000.000000 10000.000000 10000.000000 10000.000000
54.000000 35.000000 1.000000 10000.000000 10000.000000 10000.000000 10000.000000
54.000000 36.000000 1.000000 10000.000000 10000.000000 10000.000000 10000.000000
54.000000 37.000000 1.000000 10000.000000 10000.000000 10000.000000 10000.000000
54.000000 38.000000 1.000000 10000.000000 10000.000000 10000.000000 10000.000000
54.000000 39.000000 1.000000 10000.000000 10000.000000 10000.000000 10000.000000
54.000000 40.000000 1.000000 10000.000000 10000.000000 10000.000000 10000.000000
54.000000 41.000000 1.000000 10000.000000 10000.000000 10000.000000 10000.000000
54.000000 42.000000 1.000000 10000.000000 10000.000000 10000.000000 10000.000000
54.000000 43.000000 1.000000 10000.000000 10000.000000 10000.000000 10000.000000
54.000000 44.000000 1.000000 10000.000000 10000.000000 10000.000000 10000.000000
54.000000 45.000000 1.000000 10000.000000 10000.000000 10000.000000 10000.000000
54.000000 46.000000 1.000000 10000.000000 10000.000000 10000.000000 10000.000000
54.000000 47.000000 1.000000 10000.000000 10000.000000 10000.000000 10000.000000
54.000000 48.000000 1.000000 10000.000000 10000.000000 10000.000000 10000.000000
54.000000 49.000000 1.000000 10000.000000 10000.000000 10000.000000 10000.000000
55.000000 0.000000 1.000000 10000.000000 10000.000000 10000.000000 10000.000000
55.000000 1.000000 1.000000 10000.000000 10000.000000 10000.000000 10000.000000
55.000000 2.000000 1.000000 10000.000000 10000.000000 10000.000000 10000.000000
55.000000 3.000000 1.000000 10000.000000 10000.000000 10000.000000 10000.000000
55.000000 4.000000 1.000000 9996.000000 10000.000000 9996.000000 9996.000000
55.000000 5.000000 1.000000 9990.000000 10000.000000 9990.000000 9990.000000
55.000000 6.000000 1.000000 9986.000000 10000.000000 9986.000000 9986.000000
55.000000 7.000000 1.000000 9979.000000 10000.000000 9979.000000 9979.000000
55.000000 8.000000 1.000000 9972.000000 10000.000000 9972.000000 9972.000000
55.000000 9.000000 1.000000 9940.000000 10000.000000 9940.000000 9940.000000
55.000000 10.000000 1.000000 9804.000000 10000.000000 9804.000000 9804.000000
55.000000 11.000000 1.000000 9666.000000 10000.000000 9666.000000 9666.000000
55.000000 12.000000 1.000000 9461.000000 10000.000000 9461.000000 9461.000000
55.000000 13.000000 1.000000 9168.000000 10000.000000 9168.000000 9168.000000
55.000000 14.000000 1.000000 8894.000000 10000.000000 8894.000000 8894.000000
55.000000 15.000000 1.000000 8636.000000 10000.000000 8636.000000 8636.000000
55.000000 16.000000 1.000000 8370.000000 10000.000000 8370.000000 8370.000000
55.000000 17.000000 1.000000 8173.000000 10000.000000 8173.000000 8173.000000
55.000000 18.000000 1.000000 8122.000000 10000.000000 8122.000000 8122.000000
55.000000 19.000000 1.000000 8109.000000 10000.000000 8109.000000 8109.000000
55.000000 20.000000 1.000000 8257.000000 10000.000000 8257.000000 8257.000000
55.000000 21.000000 1.000000 8468.000000 10000.000000 8468.000000 8468.000000
55.000000 22.000000 1.000000 8744.000000 10000.000000 8744.000000 8744.000000
55.000000 23.000000 1.000000 8992.000000 10000.000000 8992.000000 8992.000000
55.000000 24.000000 1.000000 9225.000000 10000.000000 9225.000000 9225.000000
55.000000 25.000000 1.000000 9405.000000 10000.000000 9405.000000 9405.000000
55.000000 26.000000 1.000000 9568.000000 10000.000000 9568.000000 9568.000000
55.000000 27.000000 1.000000 9675.000000 10000.000000 9675.000000 9675.000000
55.000000 28.000000 1.000000 9771.000000 10000.000000 9771.000000 9771.000000
55.000000 29.000000 1.000000 9834.000000 10000.000000 9834.000000 9834.000000
55.000000 30.000000 1.000000 9889.000000 10000.000000 9889.000000 9889.000000
55.000000 31.000000 1.000000 9918.000000 10000.000000 9918.000000 9918.000000
55.000000 32.000000 1.000000 9935.000000 10000.000000 9935.000000 9935.000000
55.000000 33.000000 1.000000 9952.000000 10000.000000 9952.000000 9952.000000
55.000000 34.000000 1.000000 9967.000000 10000.000000 9967.000000 9967.000000
55.000000 35.000000 1.000000 9977.000000 10000.000000 9977.000000 9977.000000
55.000000 36.000000 1.000000 9984.000000 10000.000000 9984.000000 9984.000000
55.000000 37.000000 1.000000 9989.000000 10000.000000 9989.000000 9989.000000
55.000000 38.000000 1.000000 9992.000000 10000.000000 9992.000000 9992.000000
55.000000 39.000000 1.000000 9994.000000 10000.000000 9994.000000 9994.000000
55.000000 40.000000 1.000000 9996.000000 10000.000000 9996.000000 9996.000000
55.000000 41.000000 1.000000 9997.000000 10000.000000 9997.000000 9997.000000
55.000000 42.000000 1.000000 9999.000000 10000.000000 9999.000000 9999.000000
55.000000 43.000000 1.000000 9999.000000 10000.000000 9999.000000 9999.000000
55.000000 44.000000 1.000000 10000.000000 10000.000000 10000.000000 10000.000000
55.000000 45.000000 1.000000 10000.000000 10000.000000 10000.000000 10000.000000
55.000000 46.000000 1.000000 10000.000000 10000.000000 10000.000000 10000.000000
55.000000 47.000000 1.000000 10000.000000 10000.000000 10000.000000 10000.000000
55.000000 48.000000 1.000000 10000.000000 10000.000000 10000.000000 10000.000000
55.000000 49.000000 1.000000 10000.000000 10000.000000 10000.000000 10000.000000
56.000000 0.000000 1.000000 10000.000000 10000.000000 10000.000000 10000.000000
56.000000 1.000000 1.000000 10000.000000 10000.000000 10000.000000 10000.000000
56.000000 2.000000 1.000000 10000.000000 10000.000000 10000.000000 10000.000000
56.000000 3.000000 1.000000 9999.000000 10000.000000 9999.000000 9999.000000
56.000000 4.000000 1.000000 9999.000000 10000.000000 9999.000000 9999.000000
56.000000 5.000000 1.000000 9999.000000 10000.000000 9999.000000 9999.000000
56.000000 6.000000 1.000000 9999.000000 10000.000000 9999.000000 9999.000000
56.000000 7.000000 1.000000 9999.000000 10000.000000 9999.000000 9999.000000
56.000000 8.000000 1.000000 10000.000000 10000.000000 10000.000000 10000.000000
56.000000 9.000000 1.000000 10000.000000 10000.000000 10000.000000 10000.000000
56.000000 10.000000 1.000000 10000.000000 10000.000000 10000.000000 10000.000000
56.000000 11.000000 1.000000 10000.000000 10000.000000 10000.000000 10000.000000
56.000000 12.000000 1.000000 10000.000000 10000.000000 10000.000000 10000.000000
56.000000 13.000000 1.000000 10000.000000 10000.000000 10000.000000 10000.000000
56.000000 14.000000 1.000000 10000.000000 10000.000000 10000.000000 10000.000000
56.000000 15.000000 1.000000 10000.000000 10000.000000 10000.000000 10000.000000
56.000000 16.000000 1.000000 10000.000000 10000.000000 10000.000000 10000.000000
56.000000 17.000000 1.000000 10000.000000 10000.000000 10000.000000 10000.000000
56.000000 18.000000 1.000000 10000.000000 10000.000000 10000.000000 10000.000000
56.000000 19.000000 1.000000 10000.000000 10000.000000 10000.000000 10000.000000
56.000000 20.000000 1.000000 10000.000000 10000.000000 10000.000000 10000.000000
56.000000 21.000000 1.000000 10000.000000 10000.000000 10000.000000 10000.000000
56.000000 22.000000 1.000000 10000.000000 10000.000000 10000.000000 10000.000000
56.000000 23.000000 1.000000 10000.000000 10000.000000 10000.000000 10000.000000
56.000000 24.000000 1.000000 10000.000000 10000.000000 10000.000000 10000.000000
56.000000 25.000000 1.000000 10000.000000 10000.000000 10000.000000 10000.000000
56.000000 26.000000 1.000000 10000.000000 10000.000000 10000.000000 10000.000000
56.000000 27.000000 1.000000 10000.000000 10000.000000 10000.000000 10000.000000
56.000000 28.000000 1.000000 10000.000000 10000.000000 10000.000000 10000.000000
56.000000 29.000000 1.000000 10000.000000 10000.000000 10000.000000 10000.000000
56.000000 30.000000 1.000000 10000.000000 10000.000000 10000.000000 10000.000000
56.000000 31.000000 1.000000 10000.000000 10000.000000 10000.000000 10000.000000
56.000000 32.000000 1.000000 10000.000000 10000.000000 10000.000000 10000.000000
56.000000 33.000000 1.000000 10000.000000 10000.000000 10000.000000 10000.000000
56.000000 34.000000 1.000000 10000.000000 10000.000000 10000.000000 10000.000000
56.000000 35.000000 1.000000 10000.000000 10000.000000 10000.000000 10000.000000
56.000000 36.000000 1.000000 10000.000000 10000.000000 10000.000000 10000.000000
56.000000 37.000000 1.000000 10000.000000 10000.000000 10000.000000 10000.000000
56.000000 38.000000 1.000000 10000.000000 10000.000000 10000.000000 10000.000000
56.000000 39.000000 1.000000 10000.000000 10000.000000 10000.000000 10000.000000
56.000000 40.000000 1.000000 10000.000000 10000.000000 10000.000000 10000.000000
56.000000 41.000000 1.000000 10000.000000 10000.000000 10000.000000 10000.000000
56.000000 42.000000 1.000000 10000.000000 10000.000000 10000.000000 10000.000000
56.000000 43.000000 1.000000 10000.000000 10000.000000 10000.000000 10000.000000
56.000000 44.000000 1.000000 10000.000000 10000.000000 10000.000000 10000.000000
56.000000 45.000000 1.000000 10000.000000 10000.000000 10000.000000 10000.000000
56.000000 46.000000 1.000000 10000.000000 10000.000000 10000.000000 10000.000000
56.000000 47.000000 1.000000 10000.000000 10000.000000 10000.000000 10000.000000
56.000000 48.000000 1.000000 10000.000000 10000.000000 10000.000000 10000.000000
56.000000 49.000000 1.000000 10000.000000 10000.000000 10000.000000 10000.000000
57.000000 0.000000 1.000000 10000.000000 10000.000000 10000.000000 10000.000000
57.000000 1.000000 1.000000 10000.000000 10000.000000 10000.000000 10000.000000
57.000000 2.000000 1.000000 10000.000000 10000.000000 10000.000000 10000.000000
57.000000 3.000000 1.000000 9999.000000 10000.000000 9999.000000 9999.000000
57.000000 4.000000 1.000000 9998.000000 10000.000000 9998.000000 9998.000000
57.000000 5.000000 1.000000 9996.000000 10000.000000 9996.000000 9996.000000
57.000000 6.000000 1.000000 9995.000000 10000.000000 9995.000000 9995.000000
57.000000 7.000000 1.000000 9992.000000 10000.000000 9992.000000 9992.000000
57.000000 8.000000 1.000000 9991.000000 10000.000000 9991.000000 9991.000000
57.000000 9.000000 1.000000 9983.000000 10000.000000 9983.000000 9983.000000
57.000000 10.000000 1.000000 9972.000000 10000.000000 9972.000000 9972.000000
57.000000 11.000000 1.000000 9952.000000 10000.000000 9952.000000 9952.000000
57.000000 12.000000 1.000000 9916.000000 10000.000000 9916.000000 9916.000000
57.000000 13.000000 1.000000 9871.000000 10000.000000 9871.000000 9871.000000
57.000000 14.000000 1.000000 9819.000000 10000.000000 9819.000000 9819.000000
57.000000 15.000000 1.000000 9756.000000 10000.000000 9756.000000 9756.000000
57.000000 16.000000 1.000000 9712.000000 10000.000000 9712.000000 9712.000000
57.000000 17.000000 1.000000 9673.000000 10000.000000 9673.000000 9673.000000
57.000000 18.000000 1.000000 9608.000000 10000.000000 9608.000000 9608.000000
57.000000 19.000000 1.000000 9534.000000 10000.000000 9534.000000 9534.000000
57.000000 20.000000 1.000000 9463.000000 10000.000000 9463.000000 9463.000000
57.000000 21.000000 1.000000 9378.000000 10000.000000 9378.000000 9378.000000
57.000000 22.000000 1.000000 9272.000000 10000.000000 9272.000000 9272.000000
57.000000 23.000000 1.000000 9192.000000 10000.000000 9192.000000 9192.000000
57.000000 24.000000 1.000000 9144.000000 10000.000000 9144.000000 9144.000000
57.000000 25.000000 1.000000 9137.000000 10000.000000 9137.000000 9137.000000
57.000000 26.000000 1.000000 9127.000000 10000.000000 9127.000000 9127.000000
57.000000 27.000000 1.000000 9163.000000 10000.000000 9163.000000 9163.000000
57.000000 28.000000 1.000000 9221.000000 10000.000000 9221.000000 9221.000000
57.000000 29.000000 1.000000 9292.000000 10000.000000 9292.000000 9292.000000
57.000000 30.000000 1.000000 9325.000000 10000.000000 9325.000000 9325.000000
57.000000 31.000000 1.000000 9407.000000 10000.000000 9407.000000 9407.000000
57.000000 32.000000 1.000000 9463.000000 10000.000000 9463.000000 9463.000000
57.000000 33.000000 1.000000 9508.000000 10000.000000 9508.000000 9508.000000
57.000000 34.000000 1.000000 9527.000000 10000.000000 9527.000000 9527.000000
57.000000 35.000000 1.000000 9589.000000 10000.000000 9589.000000 9589.000000
57.000000 36.000000 1.000000 9612.000000 10000.000000 9612.000000 9612.000000
57.000000 37.000000 1.000000 9654.000000 10000.000000 9654.000000 9654.000000
57.000000 38.000000 1.000000 9684.000000 10000.000000 9684.000000 9684.000000
57.000000 39.000000 1.000000 9744.000000 10000.000000 9744.000000 9744.000000
57.000000 40.000000 1.000000 9753.000000 10000.000000 9753.000000 9753.000000
57.000000 41.000000 1.000000 9788.000000 10000.000000 9788.000000 9788.000000
57.000000 42.000000 1.000000 9803.000000 10000.000000 9803.000000 9803.000000
57.000000 43.000000 1.000000 9833.000000 10000.000000 9833.000000 9833.000000
57.000000 44.000000 1.000000 9843.000000 10000.000000 9843.000000 9843.000000
57.000000 45.000000 1.000000 9863.000000 10000.000000 9863.000000 9863.000000
57.000000 46.000000 1.000000 9893.000000 10000.000000 9893.000000 9893.000000
57.000000 47.000000 1.000000 9915.000000 10000.000000 9915.000000 9915.000000
57.000000 48.000000 1.000000 9939.000000 10000.000000 9939.000000 9939.000000
57.000000 49.000000 1.000000 9956.000000 10000.000000 9956.000000 9956.000000
58.000000 0.000000 1.000000 10000.000000 10000.000000 10000.000000 10000.000000
58.000000 1.000000 1.000000 10000.000000 10000.000000 10000.000000 10000.000000
58.000000 2.000000 1.000000 10000.000000 10000.000000 10000.000000 10000.000000
58.000000 3.000000 1.000000 9999.000000 10000.000000 9999.000000 9999.000000
58.000000 4.000000 1.000000 9998.000000 10000.000000 9998.000000 9998.000000
58.000000 5.000000 1.000000 9994.000000 10000.000000 9994.000000 9994.000000
58.000000 6.000000 1.000000 9993.000000 10000.000000 9993.000000 9993.000000
58.000000 7.000000 1.000000 9990.000000 10000.000000 9990.000000 9990.000000
58.000000 8.000000 1.000000 9991.000000 10000.000000 9991.000000 9991.000000
58.000000 9.000000 1.000000 9992.000000 10000.000000 9992.000000 9992.000000
58.000000 10.000000 1.000000 9995.000000 10000.000000 9995.000000 9995.000000
58.000000 11.000000 1.000000 9989.000000 10000.000000 9989.000000 9989.000000
58.000000 12.000000 1.000000 9960.000000 10000.000000 9960.000000 9960.000000
58.000000 13.000000 1.000000 9899.000000 10000.000000 9899.000000 9899.000000
58.000000 14.000000 1.000000 9817.000000 10000.000000 9817.000000 9817.000000
58.000000 15.000000 1.000000 9699.000000 10000.000000 9699.000000 9699.000000
58.000000 16.000000 1.000000 9569.000000 10000.000000 9569.000000 9569.000000
58.000000 17.000000 1.000000 9407.000000 10000.000000 9407.000000 9407.000000
58.000000 18.000000 1.000000 9262.000000 10000.000000 9262.000000 9262.000000
58.000000 19.000000 1.000000 9121.000000 10000.000000 9121.000000 9121.000000
58.000000 20.000000 1.000000 9015.000000 10000.000000 9015.000000 9015.000000
58.000000 21.000000 1.000000 8917.000000 10000.000000 8917.000000 8917.000000
58.000000 22.000000 1.000000 8890.000000 10000.000000 8890.000000 8890.000000
58.000000 23.000000 1.000000 8890.000000 10000.000000 8890.000000 8890.000000
58.000000 24.000000 1.000000 8930.000000 10000.000000 8930.000000 8930.000000
58.000000 25.000000 1.000000 8959.000000 10000.000000 8959.000000 8959.000000
58.000000 26.000000 1.000000 9067.000000 10000.000000 9067.000000 9067.000000
58.000000 27.000000 1.000000 9160.000000 10000.000000 9160.000000 9160.000000
58.000000 28.000000 1.000000 9248.000000 10000.000000 9248.000000 9248.000000
58.000000 29.000000 1.000000 9360.000000 10000.000000 9360.000000 9360.000000
58.000000 30.000000 1.000000 9486.000000 10000.000000 9486.000000 9486.000000
58.000000 31.000000 1.000000 9584.000000 10000.000000 9584.000000 9584.000000
58.000000 32.000000 1.000000 9680.000000 10000.000000 9680.000000 9680.000000
58.000000 33.000000 1.000000 9769.000000 10000.000000 9769.000000 9769.000000
58.000000 34.000000 1.000000 9827.000000 10000.000000 9827.000000 9827.000000
58.000000 35.000000 1.000000 9866.000000 10000.000000 9866.000000 9866.000000
58.000000 36.000000 1.000000 9895.000000 10000.000000 9895.000000 9895.000000
58.000000 37.000000 1.000000 9910.000000 10000.000000 9910.000000 9910.000000
58.000000 38.000000 1.000000 9920.000000 10000.000000 9920.000000 9920.000000
58.000000 39.000000 1.000000 9931.000000 10000.000000 9931.000000 9931.000000
58.000000 40.000000 1.000000 9937.000000 10000.000000 9937.000000 9937.000000
58.000000 41.000000 1.000000 9945.000000 10000.000000 9945.000000 9945.000000
58.000000 42.000000 1.000000 9959.000000 10000.000000 9959.000000 9959.000000
58.000000 43.000000 1.000000 9971.000000 10000.000000 9971.000000 9971.000000
58.000000 44.000000 1.000000 9979.000000 10000.000000 9979.000000 9979.000000
58.000000 45.000000 1.000000 9983.000000 10000.000000 9983.000000 9983.000000
58.000000 46.000000 1.000000 9989.000000 10000.000000 9989.000000 9989.000000
58.000000 47.000000 1.000000 9993.000000 10000.000000 9993.000000 9993.000000
58.000000 48.000000 1.000000 9993.000000 10000.000000 9993.000000 9993.000000
58.000000 49.000000 1.000000 9995.000000 10000.000000 9995.000000 9995.000000
59.000000 0.000000 1.000000 10000.000000 10000.000000 10000.000000 10000.000000
59.000000 1.000000 1.000000 10000.000000 10000.000000 10000.000000 10000.000000
59.000000 2.000000 1.000000 10000.000000 10000.000000 10000.000000 10000.000000
59.000000 3.000000 1.000000 9999.000000 10000.000000 9999.000000 9999.000000
59.000000 4.000000 1.000000 9998.000000 10000.000000 9998.000000 9998.000000
59.000000 5.000000 1.000000 9997.000000 10000.000000 9997.000000 9997.000000
59.000000 6.000000 1.000000 9997.000000 10000.000000 9997.000000 9997.000000
59.000000 7.000000 1.000000 9997.000000 10000.000000 9997.000000 9997.000000
59.000000 8.000000 1.000000 9998.000000 10000.000000 9998.000000 9998.000000
59.000000 9.000000 1.000000 9999.000000 10000.000000 9999.000000 9999.000000
59.000000 10.000000 1.000000 10000.000000 10000.000000 10000.000000 10000.000000
59.000000 11.000000 1.000000 10000.000000 10000.000000 10000.000000 10000.000000
59.000000 12.000000 1.000000 10000.000000 10000.000000 10000.000000 10000.000000
59.000000 13.000000 1.000000 10000.000000 10000.000000 10000.000000 10000.000000
59.000000 14.000000 1.000000 10000.000000 10000.000000 10000.000000 10000.000000
59.000000 15.000000 1.000000 10000.000000 10000.000000 10000.000000 10000.000000
59.000000 16.000000 1.000000 10000.000000 10000.000000 10000.000000 10000.000000
59.000000 17.000000 1.000000 10000.000000 10000.000000 10000.000000 10000.000000
59.000000 18.000000 1.000000 10000.000000 10000.000000 10000.000000 10000.000000
59.000000 19.000000 1.000000 10000.000000 10000.000000 10000.000000 10000.000000
59.000000 20.000000 1.000000 10000.000000 10000.000000 10000.000000 10000.000000
59.000000 21.000000 1.000000 10000.000000 10000.000000 10000.000000 10000.000000
59.000000 22.000000 1.000000 10000.000000 10000.000000 10000.000000 10000.000000
59.000000 23.000000 1.000000 10000.000000 10000.000000 10000.000000 10000.000000
59.000000 24.000000 1.000000 10000.000000 10000.000000 10000.000000 10000.000000
59.000000 25.000000 1.000000 10000.000000 10000.000000 10000.000000 10000.000000
59.000000 26.000000 1.000000 10000.000000 10000.000000 10000.000000 10000.000000
59.000000 27.000000 1.000000 10000.000000 10000.000000 10000.000000 10000.000000
59.000000 28.000000 1.000000 10000.000000 10000.000000 10000.000000 10000.000000
59.000000 29.000000 1.000000 10000.000000 10000.000000 10000.000000 10000.000000
59.000000 30.000000 1.000000 10000.000000 10000.000000 10000.000000 10000.000000
59.000000 31.000000 1.000000 10000.000000 10000.000000 10000.000000 10000.000000
59.000000 32.000000 1.000000 10000.000000 10000.000000 10000.000000 10000.000000
59.000000 33.000000 1.000000 10000.000000 10000.000000 10000.000000 10000.000000
59.000000 34.000000 1.000000 10000.000000 10000.000000 10000.000000 10000.000000
59.000000 35.000000 1.000000 10000.000000 10000.000000 10000.000000 10000.000000
59.000000 36.000000 1.000000 10000.000000 10000.000000 10000.000000 10000.000000
59.000000 37.000000 1.000000 10000.000000 10000.000000 10000.000000 10000.000000
59.000000 38.000000 1.000000 10000.000000 10000.000000 10000.000000 10000.000000
59.000000 39.000000 1.000000 10000.000000 10000.000000 10000.000000 10000.000000
59.000000 40.000000 1.000000 10000.000000 10000.000000 10000.000000 10000.000000
59.000000 41.000000 1.000000 10000.000000 10000.000000 10000.000000 10000.000000
59.000000 42.000000 1.000000 10000.000000 10000.000000 10000.000000 10000.000000
59.000000 43.000000 1.000000 10000.000000 10000.000000 10000.000000 10000.000000
59.000000 44.000000 1.000000 10000.000000 10000.000000 10000.000000 10000.000000
59.000000 45.000000 1.000000 10000.000000 10000.000000 10000.000000 10000.000000
59.000000 46.000000 1.000000 10000.000000 10000.000000 10000.000000 10000.000000
59.000000 47.000000 1.000000 10000.000000 10000.000000 10000.000000 10000.000000
59.000000 48.000000 1.000000 10000.000000 10000.000000 10000.000000 10000.000000
59.000000 49.000000 1.000000 10000.000000 10000.000000 10000.000000 10000.000000
60.000000 0.000000 1.000000 10000.000000 10000.000000 10000.000000 10000.000000
60.000000 1.000000 1.000000 10000.000000 10000.000000 10000.000000 10000.000000
60.000000 2.000000 1.000000 9999.000000 10000.000000 9999.000000 9999.000000
60.000000 3.000000 1.000000 9999.000000 10000.000000 9999.000000 9999.000000
60.000000 4.000000 1.000000 9999.000000 10000.000000 9999.000000 9999.000000
60.000000 5.000000 1.000000 9999.000000 10000.000000 9999.000000 9999.000000
60.000000 6.000000 1.000000 9999.000000 10000.000000 9999.000000 9999.000000
60.000000 7.000000 1.000000 10000.000000 10000.000000 10000.000000 10000.000000
60.000000 8.000000 1.000000 10000.000000 10000.000000 10000.000000 10000.000000
60.000000 9.000000 1.000000 10000.000000 10000.000000 10000.000000 10000.000000
60.000000 10.000000 1.000000 10000.000000 10000.000000 10000.000000 10000.000000
60.000000 11.000000 1.000000 10000.000000 10000.000000 10000.000000 10000.000000
60.000000 12.000000 1.000000 10000.000000 10000.000000 10000.000000 10000.000000
60.000000 13.000000 1.000000 10000.000000 10000.000000 10000.000000 10000.000000
60.000000 14.000000 1.000000 10000.000000 10000.000000 10000.000000 10000.000000
60.000000 15.000000 1.000000 10000.000000 10000.000000 10000.000000 10000.000000
60.000000 16.000000 1.000000 10000.000000 10000.000000 10000.000000 10000.000000
60.000000 17.000000 1.000000 10000.000000 10000.000000 10000.000000 10000.000000
60.000000 18.000000 1.000000 10000.000000 10000.000000 10000.000000 10000.000000
60.000000 19.000000 1.000000 10000.000000 10000.000000 10000.000000 10000.000000
60.000000 20.000000 1.000000 10000.000000 10000.000000 10000.000000 10000.000000
60.000000 21.000000 1.000000 10000.000000 10000.000000 10000.000000 10000.000000
60.000000 22.000000 1.000000 10000.000000 10000.000000 10000.000000 10000.000000
60.000000 23.000000 1.000000 10000.000000 10000.000000 10000.000000 10000.000000
60.000000 24.000000 1.000000 10000.000000 10000.000000 10000.000000 10000.000000
60.000000 25.000000 1.000000 10000.000000 10000.000000 10000.000000 10000.000000
60.000000 26.000000 1.000000 10000.000000 10000.000000 10000.000000 10000.000000
60.000000 27.000000 1.000000 10000.000000 10000.000000 10000.000000 10000.000000
60.000000 28.000000 1.000000 10000.000000 10000.000000 10000.000000 10000.000000
60.000000 29.000000 1.000000 10000.000000 10000.000000 10000.000000 10000.000000
60.000000 30.000000 1.000000 10000.000000 10000.000000 10000.000000 10000.000000
60.000000 31.000000 1.000000 10000.000000 10000.000000 10000.000000 10000.000000
60.000000 32.000000 1.000000 10000.000000 10000.000000 10000.000000 10000.000000
60.000000 33.000000 1.000000 10000.000000 10000.000000 10000.000000 10000.000000
60.000000 34.000000 1.000000 10000.000000 10000.000000 10000.000000 10000.000000
60.000000 35.000000 1.000000 10000.000000 10000.000000 10000.000000 10000.000000
60.000000 36.000000 1.000000 10000.000000 10000.000000 10000.000000 10000.000000
60.000000 37.000000 1.000000 10000.000000 10000.000000 10000.000000 10000.000000
60.000000 38.000000 1.000000 10000.000000 10000.000000 10000.000000 10000.000000
60.000000 39.000000 1.000000 10000.000000 10000.000000 10000.000000 10000.000000
60.000000 40.000000 1.000000 10000.000000 10000.000000 10000.000000 10000.000000
60.000000 41.000000 1.000000 10000.000000 10000.000000 10000.000000 10000.000000
60.000000 42.000000 1.000000 10000.000000 10000.000000 10000.000000 10000.000000
60.000000 43.000000 1.000000 10000.000000 10000.000000 10000.000000 10000.000000
60.000000 44.000000 1.000000 10000.000000 10000.000000 10000.000000 10000.000000
60.000000 45.000000 1.000000 10000.000000 10000.000000 10000.000000 10000.000000
60.000000 46.000000 1.000000 10000.000000 10000.000000 10000.000000 10000.000000
60.000000 47.000000 1.000000 10000.000000 10000.000000 10000.000000 10000.000000
60.000000 48.000000 1.000000 10000.000000 10000.000000 10000.000000 10000.000000
60.000000 49.000000 1.000000 10000.000000 10000.000000 10000.000000 10000.000000
61.000000 0.000000 1.000000 10000.000000 10000.000000 10000.000000 10000.000000
61.000000 1.000000 1.000000 10000.000000 10000.000000 10000.000000 10000.000000
61.000000 2.000000 1.000000 10000.000000 10000.000000 10000.000000 10000.000000
61.000000 3.000000 1.000000 10000.000000 10000.000000 10000.000000 10000.000000
61.000000 4.000000 1.000000 9998.000000 10000.000000 9998.000000 9998.000000
61.000000 5.000000 1.000000 9984.000000 10000.000000 9984.000000 9984.000000
61.000000 6.000000 1.000000 9979.000000 10000.000000 9979.000000 9979.000000
61.000000 7.000000 1.000000 9971.000000 10000.000000 9971.000000 9971.000000
61.000000 8.000000 1.000000 9965.000000 10000.000000 9965.000000 9965.000000
61.000000 9.000000 1.000000 9960.000000 10000.000000 9960.000000 9960.000000
61.000000 10.000000 1.000000 9960.000000 10000.000000 9960.000000 9960.000000
61.000000 11.000000 1.000000 9919.000000 10000.000000 9919.000000 9919.000000
61.000000 12.000000 1.000000 9853.000000 10000.000000 9853.000000 9853.000000
61.000000 13.000000 1.000000 9764.000000 10000.000000 9764.000000 9764.000000
61.000000 14.000000 1.000000 9621.000000 10000.000000 9621.000000 9621.000000
61.000000 15.000000 1.000000 9480.000000 10000.000000 9480.000000 9480.000000
61.000000 16.000000 1.000000 9326.000000 10000.000000 9326.000000 9326.000000
61.000000 17.000000 1.000000 9164.000000 10000.000000 9164.000000 9164.000000
61.000000 18.000000 1.000000 9013.000000 10000.000000 9013.000000 9013.000000
61.000000 19.000000 1.000000 8913.000000 10000.000000 8913.000000 8913.000000
61.000000 20.000000 1.000000 8769.000000 10000.000000 8769.000000 8769.000000
61.000000 21.000000 1.000000 8702.000000 10000.000000 8702.000000 8702.000000
61.000000 22.000000 1.000000 8706.000000 10000.000000 8706.000000 8706.000000
61.000000 23.000000 1.000000 8802.000000 10000.000000 8802.000000 8802.000000
61.000000 24.000000 1.000000 8913.000000 10000.000000 8913.000000 8913.000000
61.000000 25.000000 1.000000 9086.000000 10000.000000 9086.000000 9086.000000
61.000000 26.000000 1.000000 9262.000000 10000.000000 9262.000000 9262.000000
61.000000 27.000000 1.000000 9411.000000 10000.000000 9411.000000 9411.000000
61.000000 28.000000 1.000000 9535.000000 10000.000000 9535.000000 9535.000000
61.000000 29.000000 1.000000 9624.000000 10000.000000 9624.000000 9624.000000
61.000000 30.000000 1.000000 9698.000000 10000.000000 9698.000000 9698.000000
61.000000 31.000000 1.000000 9756.000000 10000.000000 9756.000000 9756.000000
61.000000 32.000000 1.000000 9798.000000 10000.000000 9798.000000 9798.000000
61.000000 33.000000 1.000000 9834.000000 10000.000000 9834.000000 9834.000000
61.000000 34.000000 1.000000 9873.000000 10000.000000 9873.000000 9873.000000
61.000000 35.000000 1.000000 9917.000000 10000.000000 9917.000000 9917.000000
61.000000 36.000000 1.000000 9947.000000 10000.000000 9947.000000 9947.000000
61.000000 37.000000 1.000000 9965.000000 10000.000000 9965.000000 9965.000000
61.000000 38.000000 1.000000 9983.000000 10000.000000 9983.000000 9983.000000
61.000000 39.000000 1.000000 9989.000000 10000.000000 9989.000000 9989.000000
61.000000 40.000000 1.000000 9993.000000 10000.000000 9993.000000 9993.000000
61.000000 41.000000 1.000000 9995.000000 10000.000000 9995.000000 9995.000000
61.000000 42.000000 1.000000 9997.000000 10000.000000 9997.000000 9997.000000
61.000000 43.000000 1.000000 9998.000000 10000.000000 9998.000000 9998.000000
61.000000 44.000000 1.000000 10000.000000 10000.000000 10000.000000 10000.000000
61.000000 45.000000 1.000000 10000.000000 10000.000000 10000.000000 10000.000000
61.000000 46.000000 1.000000 10000.000000 10000.000000 10000.000000 10000.000000
61.000000 47.000000 1.000000 10000.000000 10000.000000 10000.000000 10000.000000
61.000000 48.000000 1.000000 10000.000000 10000.000000 10000.000000 10000.000000
61.000000 49.000000 1.000000 10000.000000 10000.000000 10000.000000 10000.000000
62.000000 0.000000 1.000000 10000.000000 10000.000000 10000.000000 10000.000000
62.000000 1.000000 1.000000 10000.000000 10000.000000 10000.000000 10000.000000
62.000000 2.000000 1.000000 9999.000000 10000.000000 9999.000000 9999.000000
62.000000 3.000000 1.000000 9999.000000 10000.000000 9999.000000 9999.000000
62.000000 4.000000 1.000000 9999.000000 10000.000000 9999.000000 9999.000000
62.000000 5.000000 1.000000 9999.000000 10000.000000 9999.000000 9999.000000
62.000000 6.000000 1.000000 9999.000000 10000.000000 9999.000000 9999.000000
62.000000 7.000000 1.000000 10000.000000 10000.000000 10000.000000 10000.000000
62.000000 8.000000 1.000000 10000.000000 10000.000000 10000.000000 10000.000000
62.000000 9.000000 1.000000 10000.000000 10000.000000 10000.000000 10000.000000
62.000000 10.000000 1.000000 10000.000000 10000.000000 10000.000000 10000.000000
62.000000 11.000000 1.000000 10000.000000 10000.000000 10000.000000 10000.000000
62.000000 12.000000 1.000000 10000.000000 10000.000000 10000.000000 10000.000000
62.000000 13.000000 1.000000 10000.000000 10000.000000 10000.000000 10000.000000
62.000000 14.000000 1.000000 10000.000000 10000.000000 10000.000000 10000.000000
62.000000 15.000000 1.000000 10000.000000 10000.000000 10000.000000 10000.000000
62.000000 16.000000 1.000000 10000.000000 10000.000000 10000.000000 10000.000000
62.000000 17.000000 1.000000 10000.000000 10000.000000 10000.000000 10000.000000
62.000000 18.000000 1.000000 10000.000000 10000.000000 10000.000000 10000.000000
62.000000 19.000000 1.000000 10000.000000 10000.000000 10000.000000 10000.000000
62.000000 20.000000 1.000000 10000.000000 10000.000000 10000.000000 10000.000000
62.000000 21.000000 1.000000 10000.000000 10000.000000 10000.000000 10000.000000
62.000000 22.000000 1.000000 10000.000000 10000.000000 10000.000000 10000.000000
62.000000 23.000000 1.000000 10000.000000 10000.000000 10000.000000 10000.000000
62.000000 24.000000 1.000000 10000.000000 10000.000000 10000.000000 10000.000000
62.000000 25.000000 1.000000 10000.000000 10000.000000 10000.000000 10000.000000
62.000000 26.000000 1.000000 10000.000000 10000.000000 10000.000000 10000.000000
62.000000 27.000000 1.000000 10000.000000 10000.000000 10000.000000 10000.000000
62.000000 28.000000 1.000000 10000.000000 10000.000000 10000.000000 10000.000000
62.000000 29.000000 1.000000 10000.000000 10000.000000 10000.000000 10000.000000
62.000000 30.000000 1.000000 10000.000000 10000.000000 10000.000000 10000.000000
62.000000 31.000000 1.000000 10000.000000 10000.000000 10000.000000 10000.000000
62.000000 32.000000 1.000000 10000.000000 10000.000000 10000.000000 10000.000000
62.000000 33.000000 1.000000 10000.000000 10000.000000 10000.000000 10000.000000
62.000000 34.000000 1.000000 10000.000000 10000.000000 10000.000000 10000.000000
62.000000 35.000000 1.000000 10000.000000 10000.000000 10000.000000 10000.000000
62.000000 36.000000 1.000000 10000.000000 10000.000000 10000.000000 10000.000000
62.000000 37.000000 1.000000 10000.000000 10000.000000 10000.000000 10000.000000
62.000000 38.000000 1.000000 10000.000000 10000.000000 10000.000000 10000.000000
62.000000 39.000000 1.000000 10000.000000 10000.000000 10000.000000 10000.000000
62.000000 40.000000 1.000000 10000.000000 10000.000000 10000.000000 10000.000000
62.000000 41.000000 1.000000 10000.000000 10000.000000 10000.000000 10000.000000
62.000000 42.000000 1.000000 10000.000000 10000.000000 10000.000000 10000.000000
62.000000 43.000000 1.000000 10000.000000 10000.000000 10000.000000 10000.000000
62.000000 44.000000 1.000000 10000.000000 10000.000000 10000.000000 10000.000000
62.000000 45.000000 1.000000 10000.000000 10000.000000 10000.000000 10000.000000
62.000000 46.000000 1.000000 10000.000000 10000.000000 10000.000000 10000.000000
62.000000 47.000000 1.000000 10000.000000 10000.000000 10000.000000 10000.000000
62.000000 48.000000 1.000000 10000.000000 10000.000000 10000.000000 10000.000000
62.000000 49.000000 1.000000 10000.000000 10000.000000 10000.000000 10000.000000
63.000000 0.000000 1.000000 10000.000000 10000.000000 10000.000000 10000.000000
63.000000 1.000000 1.000000 10000.000000 10000.000000 10000.000000 10000.000000
63.000000 2.000000 1.000000 9999.000000 10000.000000 9999.000000 9999.000000
63.000000 3.000000 1.000000 9998.000000 10000.000000 9998.000000 9998.000000
63.000000 4.000000 1.000000 9998.000000 10000.000000 9998.000000 9998.000000
63.000000 5.000000 1.000000 9998.000000 10000.000000 9998.000000 9998.000000
63.000000 6.000000 1.000000 9998.000000 10000.000000 9998.000000 9998.000000
63.000000 7.000000 1.000000 9999.000000 10000.000000 9999.000000 9999.000000
63.000000 8.000000 1.000000 10000.000000 10000.000000 10000.000000 10000.000000
63.000000 9.000000 1.000000 10000.000000 10000.000000 10000.000000 10000.000000
63.000000 10.000000 1.000000 10000.000000 10000.000000 10000.000000 10000.000000
63.000000 11.000000 1.000000 10000.000000 10000.000000 10000.000000 10000.000000
63.000000 12.000000 1.000000 10000.000000 10000.000000 10000.000000 10000.000000
63.000000 13.000000 1.000000 10000.000000 10000.000000 10000.000000 10000.000000
63.000000 14.000000 1.000000 10000.000000 10000.000000 10000.000000 10000.000000
63.000000 15.000000 1.000000 10000.000000 10000.000000 10000.000000 10000.000000
63.000000 16.000000 1.000000 10000.000000 10000.000000 10000.000000 10000.000000
63.000000 17.000000 1.000000 10000.000000 10000.000000 10000.000000 10000.000000
63.000000 18.000000 1.000000 10000.000000 10000.000000 10000.000000 10000.000000
63.000000 19.000000 1.000000 10000.000000 10000.000000 10000.000000 10000.000000
63.000000 20.000000 1.000000 10000.000000 10000.000000 10000.000000 10000.000000
63.000000 21.000000 1.000000 10000.000000 10000.000000 10000.000000 10000.000000
63.000000 22.000000 1.000000 10000.000000 10000.000000 10000.000000 10000.000000
63.000000 23.000000 1.000000 10000.000000 10000.000000 10000.000000 10000.000000
63.000000 24.000000 1.000000 10000.000000 10000.000000 10000.000000 10000.000000
63.000000 25.000000 1.000000 10000.000000 10000.000000 10000.000000 10000.000000
63.000000 26.000000 1.000000 10000.000000 10000.000000 10000.000000 10000.000000
63.000000 27.000000 1.000000 10000.000000 10000.000000 10000.000000 10000.000000
63.000000 28.000000 1.000000 10000.000000 10000.000000 10000.000000 10000.000000
63.000000 29.000000 1.000000 10000.000000 10000.000000 10000.000000 10000.000000
63.000000 30.000000 1.000000 10000.000000 10000.000000 10000.000000 10000.000000
63.000000 31.000000 1.000000 10000.000000 10000.000000 10000.000000 10000.000000
63.000000 32.000000 1.000000 10000.000000 10000.000000 10000.000000 10000.000000
63.000000 33.000000 1.000000 10000.000000 10000.000000 10000.000000 10000.000000
63.000000 34.000000 1.000000 10000.000000 10000.000000 10000.000000 10000.000000
63.000000 35.000000 1.000000 10000.000000 10000.000000 10000.000000 10000.000000
63.000000 36.000000 1.000000 10000.000000 10000.000000 10000.000000 10000.000000
63.000000 37.000000 1.000000 10000.000000 10000.000000 10000.000000 10000.000000
63.000000 38.000000 1.000000 10000.000000 10000.000000 10000.000000 10000.000000
63.000000 39.000000 1.000000 10000.000000 10000.000000 10000.000000 10000.000000
63.000000 40.000000 1.000000 10000.000000 10000.000000 10000.000000 10000.000000
63.000000 41.000000 1.000000 10000.000000 10000.000000 10000.000000 10000.000000
63.000000 42.000000 1.000000 10000.000000 10000.000000 10000.000000 10000.000000
63.000000 43.000000 1.000000 10000.000000 10000.000000 10000.000000 10000.000000
63.000000 44.000000 1.000000 10000.000000 10000.000000 10000.000000 10000.000000
63.000000 45.000000 1.000000 10000.000000 10000.000000 10000.000000 10000.000000
63.000000 46.000000 1.000000 10000.000000 10000.000000 10000.000000 10000.000000
63.000000 47.000000 1.000000 10000.000000 10000.000000 10000.000000 10000.000000
63.000000 48.000000 1.000000 10000.000000 10000.000000 10000.000000 10000.000000
63.000000 49.000000 1.000000 10000.000000 10000.000000 10000.000000 10000.000000
64.000000 0.000000 1.000000 10000.000000 10000.000000 10000.000000 10000.000000
64.000000 1.000000 1.000000 10000.000000 10000.000000 10000.000000 10000.000000
64.000000 2.000000 1.000000 10000.000000 10000.000000 10000.000000 10000.000000
64.000000 3.000000 1.000000 10000.000000 10000.000000 10000.000000 10000.000000
64.000000 4.000000 1.000000 9997.000000 10000.000000 9997.000000 9997.000000
64.000000 5.000000 1.000000 9996.000000 10000.000000 9996.000000 9996.000000
64.000000 6.000000 1.000000 9996.000000 10000.000000 9996.000000 9996.000000
64.000000 7.000000 1.000000 9988.000000 10000.000000 9988.000000 9988.000000
64.000000 8.000000 1.000000 9979.000000 10000.000000 9979.000000 9979.000000
64.000000 9.000000 1.000000 9977.000000 10000.000000 9977.000000 9977.000000
64.000000 10.000000 1.000000 9969.000000 10000.000000 9969.000000 9969.000000
64.000000 11.000000 1.000000 9936.000000 10000.000000 9936.000000 9936.000000
64.000000 12.000000 1.000000 9920.000000 10000.000000 9920.000000 9920.000000
64.000000 13.000000 1.000000 9876.000000 10000.000000 9876.000000 9876.000000
64.000000 14.000000 1.000000 9805.000000 10000.000000 9805.000000 9805.000000
64.000000 15.000000 1.000000 9746.000000 10000.000000 9746.000000 9746.000000
64.000000 16.000000 1.000000 9668.000000 10000.000000 9668.000000 9668.000000
64.000000 17.000000 1.000000 9575.000000 10000.000000 9575.000000 9575.000000
64.000000 18.000000 1.000000 9462.000000 10000.000000 9462.000000 9462.000000
64.000000 19.000000 1.000000 9368.000000 10000.000000 9368.000000 9368.000000
64.000000 20.000000 1.000000 9182.000000 10000.000000 9182.000000 9182.000000
64.000000 21.000000 1.000000 9052.000000 10000.000000 9052.000000 9052.000000
64.000000 22.000000 1.000000 8974.000000 10000.000000 8974.000000 8974.000000
64.000000 23.000000 1.000000 8909.000000 10000.000000 8909.000000 8909.000000
64.000000 24.000000 1.000000 8854.000000 10000.000000 8854.000000 8854.000000
64.000000 25.000000 1.000000 8894.000000 10000.000000 8894.000000 8894.000000
64.000000 26.000000 1.000000 8922.000000 10000.000000 8922.000000 8922.000000
64.000000 27.000000 1.000000 8985.000000 10000.000000 8985.000000 8985.000000
64.000000 28.000000 1.000000 9080.000000 10000.000000 9080.000000 9080.000000
64.000000 29.000000 1.000000 9191.000000 10000.000000 9191.000000 9191.000000
64.000000 30.000000 1.000000 9330.000000 10000.000000 9330.000000 9330.000000
64.000000 31.000000 1.000000 9453.000000 10000.000000 9453.000000 9453.000000
64.000000 32.000000 1.000000 9566.000000 10000.000000 9566.000000 9566.000000
64.000000 33.000000 1.000000 9653.000000 10000.000000 9653.000000 9653.000000
64.000000 34.000000 1.000000 9739.000000 10000.000000 9739.000000 9739.000000
64.000000 35.000000 1.000000 9806.000000 10000.000000 9806.000000 9806.000000
64.000000 36.000000 1.000000 9877.000000 10000.000000 9877.000000 9877.000000
64.000000 37.000000 1.000000 9913.000000 10000.000000 9913.000000 9913.000000
64.000000 38.000000 1.000000 9941.000000 10000.000000 9941.000000 9941.000000
64.000000 39.000000 1.000000 9956.000000 10000.000000 9956.000000 9956.000000
64.000000 40.000000 1.000000 9970.000000 10000.000000 9970.000000 9970.000000
64.000000 41.000000 1.000000 9976.000000 10000.000000 9976.000000 9976.000000
64.000000 42.000000 1.000000 9979.000000 10000.000000 9979.000000 9979.000000
64.000000 43.000000 1.000000 9981.000000 10000.000000 9981.000000 9981.000000
64.000000 44.000000 1.000000 9984.000000 10000.000000 9984.000000 9984.000000
64.000000 45.000000 1.000000 9987.000000 10000.000000 9987.000000 9987.000000
64.000000 46.000000 1.000000 9991.000000 10000.000000 9991.000000 9991.000000
64.000000 47.000000 1.000000 9993.000000 10000.000000 9993.000000 9993.000000
64.000000 48.000000 1.000000 9995.000000 10000.000000 9995.000000 9995.000000
64.000000 49.000000 1.000000 9998.000000 10000.000000 9998.000000 9998.000000
65.000000 0.000000 1.000000 10000.000000 10000.000000 10000.000000 10000.000000
65.000000 1.000000 1.000000 10000.000000 10000.000000 10000.000000 10000.000000
65.000000 2.000000 1.000000 9999.000000 10000.000000 9999.000000 9999.000000
65.000000 3.000000 1.000000 9999.000000 10000.000000 9999.000000 9999.000000
65.000000 4.000000 1.000000 9998.000000 10000.000000 9998.000000 9998.000000
65.000000 5.000000 1.000000 9997.000000 10000.000000 9997.000000 9997.000000
65.000000 6.000000 1.000000 9997.000000 10000.000000 9997.000000 9997.000000
65.000000 7.000000 1.000000 9998.000000 10000.000000 9998.000000 9998.000000
65.000000 8.000000 1.000000 9998.000000 10000.000000 9998.000000 9998.000000
65.000000 9.000000 1.000000 9999.000000 10000.000000 9999.000000 9999.000000
65.000000 10.000000 1.000000 10000.000000 10000.000000 10000.000000 10000.000000
65.000000 11.000000 1.000000 10000.000000 10000.000000 10000.000000 10000.000000
65.000000 12.000000 1.000000 10000.000000 10000.000000 10000.000000 10000.000000
65.000000 13.000000 1.000000 10000.000000 10000.000000 10000.000000 10000.000000
65.000000 14.000000 1.000000 10000.000000 10000.000000 10000.000000 10000.000000
65.000000 15.000000 1.000000 10000.000000 10000.000000 10000.000000 10000.000000
65.000000 16.000000 1.000000 10000.000000 10000.000000 10000.000000 10000.000000
65.000000 17.000000 1.000000 10000.000000 10000.000000 10000.000000 10000.000000
65.000000 18.000000 1.000000 10000.000000 10000.000000 10000.000000 10000.000000
65.000000 19.000000 1.000000 10000.000000 10000.000000 10000.000000 10000.000000
65.000000 20.000000 1.000000 10000.000000 10000.000000 10000.000000 10000.000000
65.000000 21.000000 1.000000 10000.000000 10000.000000 10000.000000 10000.000000
65.000000 22.000000 1.000000 10000.000000 10000.000000 10000.000000 10000.000000
65.000000 23.000000 1.000000 10000.000000 10000.000000 10000.000000 10000.000000
65.000000 24.000000 1.000000 10000.000000 10000.000000 10000.000000 10000.000000
65.000000 25.000000 1.000000 10000.000000 10000.000000 10000.000000 10000.000000
65.000000 26.000000 1.000000 10000.000000 10000.000000 10000.000000 10000.000000
65.000000 27.000000 1.000000 10000.000000 10000.000000 10000.000000 10000.000000
65.000000 28.000000 1.000000 10000.000000 10000.000000 10000.000000 10000.000000
65.000000 29.000000 1.000000 10000.000000 10000.000000 10000.000000 10000.000000
65.000000 30.000000 1.000000 10000.000000 10000.000000 10000.000000 10000.000000
65.000000 31.000000 1.000000 10000.000000 10000.000000 10000.000000 10000.000000
65.000000 32.000000 1.000000 10000.000000 10000.000000 10000.000000 10000.000000
65.000000 33.000000 1.000000 10000.000000 10000.000000 10000.000000 10000.000000
65.000000 34.000000 1.000000 10000.000000 10000.000000 10000.000000 10000.000000
65.000000 35.000000 1.000000 10000.000000 10000.000000 10000.000000 10000.000000
65.000000 36.000000 1.000000 10000.000000 10000.000000 10000.000000 10000.000000
65.000000 37.000000 1.000000 10000.000000 10000.000000 10000.000000 10000.000000
65.000000 38.000000 1.000000 10000.000000 10000.000000 10000.000000 10000.000000
65.000000 39.000000 1.000000 10000.000000 10000.000000 10000.000000 10000.000000
65.000000 40.000000 1.000000 10000.000000 10000.000000 10000.000000 10000.000000
65.000000 41.000000 1.000000 10000.000000 10000.000000 10000.000000 10000.000000
65.000000 42.000000 1.000000 10000.000000 10000.000000 10000.000000 10000.000000
65.000000 43.000000 1.000000 10000.000000 10000.000000 10000.000000 10000.000000
65.000000 44.000000 1.000000 10000.000000 10000.000000 10000.000000 10000.000000
65.000000 45.000000 1.000000 10000.000000 10000.000000 10000.000000 10000.000000
65.000000 46.000000 1.000000 10000.000000 10000.000000 10000.000000 10000.000000
65.000000 47.000000 1.000000 10000.000000 10000.000000 10000.000000 10000.000000
65.000000 48.000000 1.000000 10000.000000 10000.000000 10000.000000 10000.000000
65.000000 49.000000 1.000000 10000.000000 10000.000000 10000.000000 10000.000000
66.000000 0.000000 1.000000 10000.000000 10000.000000 10000.000000 10000.000000
66.000000 1.000000 1.000000 10000.000000 10000.000000 10000.000000 10000.000000
66.000000 2.000000 1.000000 10000.000000 10000.000000 10000.000000 10000.000000
66.000000 3.000000 1.000000 9999.000000 10000.000000 9999.000000 9999.000000
66.000000 4.000000 1.000000 9998.000000 10000.000000 9998.000000 9998.000000
66.000000 5.000000 1.000000 9998.000000 10000.000000 9998.000000 9998.000000
66.000000 6.000000 1.000000 9994.000000 10000.000000 9994.000000 9994.000000
66.000000 7.000000 1.000000 9991.000000 10000.000000 9991.000000 9991.000000
66.000000 8.000000 1.000000 9980.000000 10000.000000 9980.000000 9980.000000
66.000000 9.000000 1.000000 9957.000000 10000.000000 9957.000000 9957.000000
66.000000 10.000000 1.000000 9895.000000 10000.000000 9895.000000 9895.000000
66.000000 11.000000 1.000000 9758.000000 10000.000000 9758.000000 9758.000000
66.000000 12.000000 1.000000 9653.000000 10000.000000 9653.000000 9653.000000
66.000000 13.000000 1.000000 9497.000000 10000.000000 9497.000000 9497.000000
66.000000 14.000000 1.000000 9320.000000 10000.000000 9320.000000 9320.000000
66.000000 15.000000 1.000000 9200.000000 10000.000000 9200.000000 9200.000000
66.000000 16.000000 1.000000 9074.000000 10000.000000 9074.000000 9074.000000
66.000000 17.000000 1.000000 8917.000000 10000.000000 8917.000000 8917.000000
66.000000 18.000000 1.000000 8795.000000 10000.000000 8795.000000 8795.000000
66.000000 19.000000 1.000000 8713.000000 10000.000000 8713.000000 8713.000000
66.000000 20.000000 1.000000 8635.000000 10000.000000 8635.000000 8635.000000
66.000000 21.000000 1.000000 8654.000000 10000.000000 8654.000000 8654.000000
66.000000 22.000000 1.000000 8709.000000 10000.000000 8709.000000 8709.000000
66.000000 23.000000 1.000000 8829.000000 10000.000000 8829.000000 8829.000000
66.000000 24.000000 1.000000 8980.000000 10000.000000 8980.000000 8980.000000
66.000000 25.000000 1.000000 9137.000000 10000.000000 9137.000000 9137.000000
66.000000 26.000000 1.000000 9307.000000 10000.000000 9307.000000 9307.000000
66.000000 27.000000 1.000000 9464.000000 10000.000000 9464.000000 9464.000000
66.000000 28.000000 1.000000 9574.000000 10000.000000 9574.000000 9574.000000
66.000000 29.000000 1.000000 9680.000000 10000.000000 9680.000000 9680.000000
66.000000 30.000000 1.000000 9774.000000 10000.000000 9774.000000 9774.000000
66.000000 31.000000 1.000000 9833.000000 10000.000000 9833.000000 9833.000000
66.000000 32.000000 1.000000 9872.000000 10000.000000 9872.000000 9872.000000
66.000000 33.000000 1.000000 9911.000000 10000.000000 9911.000000 9911.000000
66.000000 34.000000 1.000000 9932.000000 10000.000000 9932.000000 9932.000000
66.000000 35.000000 1.000000 9952.000000 10000.000000 9952.000000 9952.000000
66.000000 36.000000 1.000000 9958.000000 10000.000000 9958.000000 9958.000000
66.000000 37.000000 1.000000 9970.000000 10000.000000 9970.000000 9970.000000
66.000000 38.000000 1.000000 9974.000000 10000.000000 9974.000000 9974.000000
66.000000 39.000000 1.000000 9982.000000 10000.000000 9982.000000 9982.000000
66.000000 40.000000 1.000000 9985.000000 10000.000000 9985.000000 9985.000000
66.000000 41.000000 1.000000 9991.000000 10000.000000 9991.000000 9991.000000
66.000000 42.000000 1.000000 9992.000000 10000.000000 9992.000000 9992.000000
66.000000 43.000000 1.000000 9996.000000 10000.000000 9996.000000 9996.000000
66.000000 44.000000 1.000000 9997.000000 10000.000000 9997.000000 9997.000000
66.000000 45.000000 1.000000 9999.000000 10000.000000 9999.000000 9999.000000
66.000000 46.000000 1.000000 10000.000000 10000.000000 10000.000000 10000.000000
66.000000 47.000000 1.000000 10000.000000 10000.000000 10000.000000 10000.000000
66.000000 48.000000 1.000000 10000.000000 10000.000000 10000.000000 10000.000000
66.000000 49.000000 1.000000 10000.000000 10000.000000 10000.000000 10000.000000
67.000000 0.000000 1.000000 10000.000000 10000.000000 10000.000000 10000.000000
67.000000 1.000000 1.000000 10000.000000 10000.000000 10000.000000 10000.000000
67.000000 2.000000 1.000000 10000.000000 10000.000000 10000.000000 10000.000000
67.000000 3.000000 1.000000 9999.000000 10000.000000 9999.000000 9999.000000
67.000000 4.000000 1.000000 9999.000000 10000.000000 9999.000000 9999.000000
67.000000 5.000000 1.000000 9999.000000 10000.000000 9999.000000 9999.000000
67.000000 6.000000 1.000000 9999.000000 10000.000000 9999.000000 9999.000000
67.000000 7.000000 1.000000 9999.000000 10000.000000 9999.000000 9999.000000
67.000000 8.000000 1.000000 10000.000000 10000.000000 10000.000000 10000.000000
67.000000 9.000000 1.000000 10000.000000 10000.000000 10000.000000 10000.000000
67.000000 10.000000 1.000000 10000.000000 10000.000000 10000.000000 10000.000000
67.000000 11.000000 1.000000 10000.000000 10000.000000 10000.000000 10000.000000
67.000000 12.000000 1.000000 10000.000000 10000.000000 10000.000000 10000.000000
67.000000 13.000000 1.000000 10000.000000 10000.000000 10000.000000 10000.000000
67.000000 14.000000 1.000000 10000.000000 10000.000000 10000.000000 10000.000000
67.000000 15.000000 1.000000 10000.000000 10000.000000 10000.000000 10000.000000
67.000000 16.000000 1.000000 10000.000000 10000.000000 10000.000000 10000.000000
67.000000 17.000000 1.000000 10000.000000 10000.000000 10000.000000 10000.000000
67.000000 18.000000 1.000000 10000.000000 10000.000000 10000.000000 10000.000000
67.000000 19.000000 1.000000 10000.000000 10000.000000 10000.000000 10000.000000
67.000000 20.000000 1.000000 10000.000000 10000.000000 10000.000000 10000.000000
67.000000 21.000000 1.000000 10000.000000 10000.000000 10000.000000 10000.000000
67.000000 22.000000 1.000000 10000.000000 10000.000000 10000.000000 10000.000000
67.000000 23.000000 1.000000 10000.000000 10000.000000 10000.000000 10000.000000
67.000000 24.000000 1.000000 10000.000000 10000.000000 10000.000000 10000.000000
67.000000 25.000000 1.000000 10000.000000 10000.000000 10000.000000 10000.000000
67.000000 26.000000 1.000000 10000.000000 10000.000000 10000.000000 10000.000000
67.000000 27.000000 1.000000 10000.000000 10000.000000 10000.000000 10000.000000
67.000000 28.000000 1.000000 10000.000000 10000.000000 10000.000000 10000.000000
67.000000 29.000000 1.000000 10000.000000 10000.000000 10000.000000 10000.000000
67.000000 30.000000 1.000000 10000.000000 10000.000000 10000.000000 10000.000000
67.000000 31.000000 1.000000 10000.000000 10000.000000 10000.000000 10000.000000
67.000000 32.000000 1.000000 10000.000000 10000.000000 10000.000000 10000.000000
67.000000 33.000000 1.000000 10000.000000 10000.000000 10000.000000 10000.000000
67.000000 34.000000 1.000000 10000.000000 10000.000000 10000.000000 10000.000000
67.000000 35.000000 1.000000 10000.000000 10000.000000 10000.000000 10000.000000
67.000000 36.000000 1.000000 10000.000000 10000.000000 10000.000000 10000.000000
67.000000 37.000000 1.000000 10000.000000 10000.000000 10000.000000 10000.000000
67.000000 38.000000 1.000000 10000.000000 10000.000000 10000.000000 10000.000000
67.000000 39.000000 1.000000 10000.000000 10000.000000 10000.000000 10000.000000
67.000000 40.000000 1.000000 10000.000000 10000.000000 10000.000000 10000.000000
67.000000 41.000000 1.000000 10000.000000 10000.000000 10000.000000 10000.000000
67.000000 42.000000 1.000000 10000.000000 10000.000000 10000.000000 10000.000000
67.000000 43.000000 1.000000 10000.000000 10000.000000 10000.000000 10000.000000
67.000000 44.000000 1.000000 10000.000000 10000.000000 10000.000000 10000.000000
67.000000 45.000000 1.000000 10000.000000 10000.000000 10000.000000 10000.000000
67.000000 46.000000 1.000000 10000.000000 10000.000000 10000.000000 10000.000000
67.000000 47.000000 1.000000 10000.000000 10000.000000 10000.000000 10000.000000
67.000000 48.000000 1.000000 10000.000000 10000.000000 10000.000000 10000.000000
67.000000 49.000000 1.000000 10000.000000 10000.000000 10000.000000 10000.000000
68.000000 0.000000 1.000000 10000.000000 10000.000000 10000.000000 10000.000000
68.000000 1.000000 1.000000 10000.000000 10000.000000 10000.000000 10000.000000
68.000000 2.000000 1.000000 10000.000000 10000.000000 10000.000000 10000.000000
68.000000 3.000000 1.000000 9999.000000 10000.000000 9999.000000 9999.000000
68.000000 4.000000 1.000000 9999.000000 10000.000000 9999.000000 9999.000000
68.000000 5.000000 1.000000 9999.000000 10000.000000 9999.000000 9999.000000
68.000000 6.000000 1.000000 9999.000000 10000.000000 9999.000000 9999.000000
68.000000 7.000000 1.000000 9999.000000 10000.000000 9999.000000 9999.000000
68.000000 8.000000 1.000000 10000.000000 10000.000000 10000.000000 10000.000000
68.000000 9.000000 1.000000 10000.000000 10000.000000 10000.000000 10000.000000
68.000000 10.000000 1.000000 10000.000000 10000.000000 10000.000000 10000.000000
68.000000 11.000000 1.000000 10000.000000 10000.000000 10000.000000 10000.000000
68.000000 12.000000 1.000000 10000.000000 10000.000000 10000.000000 10000.000000
68.000000 13.000000 1.000000 10000.000000 10000.000000 10000.000000 10000.000000
68.000000 14.000000 1.000000 10000.000000 10000.000000 10000.000000 10000.000000
68.000000 15.000000 1.000000 10000.000000 10000.000000 10000.000000 10000.000000
68.000000 16.000000 1.000000 10000.000000 10000.000000 10000.000000 10000.000000
68.000000 17.000000 1.000000 10000.000000 10000.000000 10000.000000 10000.000000
68.000000 18.000000 1.000000 10000.000000 10000.000000 10000.000000 10000.000000
68.000000 19.000000 1.000000 10000.000000 10000.000000 10000.000000 10000.000000
68.000000 20.000000 1.000000 10000.000000 10000.000000 10000.000000 10000.000000
68.000000 21.000000 1.000000 10000.000000 10000.000000 10000.000000 10000.000000
68.000000 22.000000 1.000000 10000.000000 10000.000000 10000.000000 10000.000000
68.000000 23.000000 1.000000 10000.000000 10000.000000 10000.000000 10000.000000
68.000000 24.000000 1.000000 10000.000000 10000.000000 10000.000000 10000.000000
68.000000 25.000000 1.000000 10000.000000 10000.000000 10000.000000 10000.000000
68.000000 26.000000 1.000000 10000.000000 10000.000000 10000.000000 10000.000000
68.000000 27.000000 1.000000 10000.000000 10000.000000 10000.000000 10000.000000
68.000000 28.000000 1.000000 10000.000000 10000.000000 10000.000000 10000.000000
68.000000 29.000000 1.000000 10000.000000 10000.000000 10000.000000 10000.000000
68.000000 30.000000 1.000000 10000.000000 10000.000000 10000.000000 10000.000000
68.000000 31.000000 1.000000 10000.000000 10000.000000 10000.000000 10000.000000
68.000000 32.000000 1.000000 10000.000000 10000.000000 10000.000000 10000.000000
68.000000 33.000000 1.000000 10000.000000 10000.000000 10000.000000 10000.000000
68.000000 34.000000 1.000000 10000.000000 10000.000000 10000.000000 10000.000000
68.000000 35.000000 1.000000 10000.000000 10000.000000 10000.000000 10000.000000
68.000000 36.000000 1.000000 10000.000000 10000.000000 10000.000000 10000.000000
68.000000 37.000000 1.000000 10000.000000 10000.000000 10000.000000 10000.000000
68.000000 38.000000 1.000000 10000.000000 10000.000000 10000.000000 10000.000000
68.000000 39.000000 1.000000 10000.000000 10000.000000 10000.000000 10000.000000
68.000000 40.000000 1.000000 10000.000000 10000.000000 10000.000000 10000.000000
68.000000 41.000000 1.000000 10000.000000 10000.000000 10000.000000 10000.000000
68.000000 42.000000 1.000000 10000.000000 10000.000000 10000.000000 10000.000000
68.000000 43.000000 1.000000 10000.000000 10000.000000 10000.000000 10000.000000
68.000000 44.000000 1.000000 10000.000000 10000.000000 10000.000000 10000.000000
68.000000 45.000000 1.000000 10000.000000 10000.000000 10000.000000 10000.000000
68.000000 46.000000 1.000000 10000.000000 10000.000000 10000.000000 10000.000000
68.000000 47.000000 1.000000 10000.000000 10000.000000 10000.000000 10000.000000
68.000000 48.000000 1.000000 10000.000000 10000.000000 10000.000000 10000.000000
68.000000 49.000000 1.000000 10000.000000 10000.000000 10000.000000 10000.000000
69.000000 0.000000 1.000000 10000.000000 10000.000000 10000.000000 10000.000000
69.000000 1.000000 1.000000 10000.000000 10000.000000 10000.000000 10000.000000
69.000000 2.000000 1.000000 9999.000000 10000.000000 9999.000000 9999.000000
69.000000 3.000000 1.000000 9999.000000 10000.000000 9999.000000 9999.000000
69.000000 4.000000 1.000000 9999.000000 10000.000000 9999.000000 9999.000000
69.000000 5.000000 1.000000 9999.000000 10000.000000 9999.000000 9999.000000
69.000000 6.000000 1.000000 9999.000000 10000.000000 9999.000000 9999.000000
69.000000 7.000000 1.000000 10000.000000 10000.000000 10000.000000 10000.000000
69.000000 8.000000 1.000000 10000.000000 10000.000000 10000.000000 10000.000000
69.000000 9.000000 1.000000 10000.000000 10000.000000 10000.000000 10000.000000
69.000000 10.000000 1.000000 10000.000000 10000.000000 10000.000000 10000.000000
69.000000 11.000000 1.000000 10000.000000 10000.000000 10000.000000 10000.000000
69.000000 12.000000 1.000000 10000.000000 10000.000000 10000.000000 10000.000000
69.000000 13.000000 1.000000 10000.000000 10000.000000 10000.000000 10000.000000
69.000000 14.000000 1.000000 10000.000000 10000.000000 10000.000000 10000.000000
69.000000 15.000000 1.000000 10000.000000 10000.000000 10000.000000 10000.000000
69.000000 16.000000 1.000000 10000.000000 10000.000000 10000.000000 10000.000000
69.000000 17.000000 1.000000 10000.000000 10000.000000 10000.000000 10000.000000
69.000000 18.000000 1.000000 10000.000000 10000.000000 10000.000000 10000.000000
69.000000 19.000000 1.000000 10000.000000 10000.000000 10000.000000 10000.000000
69.000000 20.000000 1.000000 10000.000000 10000.000000 10000.000000 10000.000000
69.000000 21.000000 1.000000 10000.000000 10000.000000 10000.000000 10000.000000
69.000000 22.000000 1.000000 10000.000000 10000.000000 10000.000000 10000.000000
69.000000 23.000000 1.000000 10000.000000 10000.000000 10000.000000 10000.000000
69.000000 24.000000 1.000000 10000.000000 10000.000000 10000.000000 10000.000000
69.000000 25.000000 1.000000 10000.000000 10000.000000 10000.000000 10000.000000
69.000000 26.000000 1.000000 10000.000000 10000.000000 10000.000000 10000.000000
69.000000 27.000000 1.000000 10000.000000 10000.000000 10000.000000 10000.000000
69.000000 28.000000 1.000000 10000.000000 10000.000000 10000.000000 10000.000000
69.000000 29.000000 1.000000 10000.000000 10000.000000 10000.000000 10000.000000
69.000000 30.000000 1.000000 10000.000000 10000.000000 10000.000000 10000.000000
69.000000 31.000000 1.000000 10000.000000 10000.000000 10000.000000 10000.000000
69.000000 32.000000 1.000000 10000.000000 10000.000000 10000.000000 10000.000000
69.000000 33.000000 1.000000 10000.000000 10000.000000 10000.000000 10000.000000
69.000000 34.000000 1.000000 10000.000000 10000.000000 10000.000000 10000.000000
69.000000 35.000000 1.000000 10000.000000 10000.000000 10000.000000 10000.000000
69.000000 36.000000 1.000000 10000.000000 10000.000000 10000.000000 10000.000000
69.000000 37.000000 1.000000 10000.000000 10000.000000 10000.000000 10000.000000
69.000000 38.000000 1.000000 10000.000000 10000.000000 10000.000000 10000.000000
69.000000 39.000000 1.000000 10000.000000 10000.000000 10000.000000 10000.000000
69.000000 40.000000 1.000000 10000.000000 10000.000000 10000.000000 10000.000000
69.000000 41.000000 1.000000 10000.000000 10000.000000 10000.000000 10000.000000
69.000000 42.000000 1.000000 10000.000000 10000.000000 10000.000000 10000.000000
69.000000 43.000000 1.000000 10000.000000 10000.000000 10000.000000 10000.000000
69.000000 44.000000 1.000000 10000.000000 10000.000000 10000.000000 10000.000000
69.000000 45.000000 1.000000 10000.000000 10000.000000 10000.000000 10000.000000
69.000000 46.000000 1.000000 10000.000000 10000.000000 10000.000000 10000.000000
69.000000 47.000000 1.000000 10000.000000 10000.000000 10000.000000 10000.000000
69.000000 48.000000 1.000000 10000.000000 10000.000000 10000.000000 10000.000000
69.000000 49.000000 1.000000 10000.000000 10000.000000 10000.000000 10000.000000
70.000000 0.000000 1.000000 10000.000000 10000.000000 10000.000000 10000.000000
70.000000 1.000000 1.000000 10000.000000 10000.000000 10000.000000 10000.000000
70.000000 2.000000 1.000000 10000.000000 10000.000000 10000.000000 10000.000000
70.000000 3.000000 1.000000 9999.000000 10000.000000 9999.000000 9999.000000
70.000000 4.000000 1.000000 9999.000000 10000.000000 9999.000000 9999.000000
70.000000 5.000000 1.000000 9999.000000 10000.000000 9999.000000 9999.000000
70.000000 6.000000 1.000000 9999.000000 10000.000000 9999.000000 9999.000000
70.000000 7.000000 1.000000 9999.000000 10000.000000 9999.000000 9999.000000
70.000000 8.000000 1.000000 10000.000000 10000.000000 10000.000000 10000.000000
70.000000 9.000000 1.000000 10000.000000 10000.000000 10000.000000 10000.000000
70.000000 10.000000 1.000000 10000.000000 10000.000000 10000.000000 10000.000000
70.000000 11.000000 1.000000 10000.000000 10000.000000 10000.000000 10000.000000
70.000000 12.000000 1.000000 10000.000000 10000.000000 10000.000000 10000.000000
70.000000 13.000000 1.000000 10000.000000 10000.000000 10000.000000 10000.000000
70.000000 14.000000 1.000000 10000.000000 10000.000000 10000.000000 10000.000000
70.000000 15.000000 1.000000 10000.000000 10000.000000 10000.000000 10000.000000
70.000000 16.000000 1.000000 10000.000000 10000.000000 10000.000000 10000.000000
70.000000 17.000000 1.000000 10000.000000 10000.000000 10000.000000 10000.000000
70.000000 18.000000 1.000000 10000.000000 10000.000000 10000.000000 10000.000000
70.000000 19.000000 1.000000 10000.000000 10000.000000 10000.000000 10000.000000
70.000000 20.000000 1.000000 10000.000000 10000.000000 10000.000000 10000.000000
70.000000 21.000000 1.000000 10000.000000 10000.000000 10000.000000 10000.000000
70.000000 22.000000 1.000000 10000.000000 10000.000000 10000.000000 10000.000000
70.000000 23.000000 1.000000 10000.000000 10000.000000 10000.000000 10000.000000
70.000000 24.000000 1.000000 10000.000000 10000.000000 10000.000000 10000.000000
70.000000 25.000000 1.000000 10000.000000 10000.000000 10000.000000 10000.000000
70.000000 26.000000 1.000000 10000.000000 10000.000000 10000.000000 10000.000000
70.000000 27.000000 1.000000 10000.000000 10000.000000 10000.000000 10000.000000
70.000000 28.000000 1.000000 10000.000000 10000.000000 10000.000000 10000.000000
70.000000 29.000000 1.000000 10000.000000 10000.000000 10000.000000 10000.000000
70.000000 30.000000 1.000000 10000.000000 10000.000000 10000.000000 10000.000000
70.000000 31.000000 1.000000 10000.000000 10000.000000 10000.000000 10000.000000
70.000000 32.000000 1.000000 10000.000000 10000.000000 10000.000000 10000.000000
70.000000 33.000000 1.000000 10000.000000 10000.000000 10000.000000 10000.000000
70.000000 34.000000 1.000000 10000.000000 10000.000000 10000.000000 10000.000000
70.000000 35.000000 1.000000 10000.000000 10000.000000 10000.000000 10000.000000
70.000000 36.000000 1.000000 10000.000000 10000.000000 10000.000000 10000.000000
70.000000 37.000000 1.000000 10000.000000 10000.000000 10000.000000 10000.000000
70.000000 38.000000 1.000000 10000.000000 10000.000000 10000.000000 10000.000000
70.000000 39.000000 1.000000 10000.000000 10000.000000 10000.000000 10000.000000
70.000000 40.000000 1.000000 10000.000000 10000.000000 10000.000000 10000.000000
70.000000 41.000000 1.000000 10000.000000 10000.000000 10000.000000 10000.000000
70.000000 42.000000 1.000000 10000.000000 10000.000000 10000.000000 10000.000000
70.000000 43.000000 1.000000 10000.000000 10000.000000 10000.000000 10000.000000
70.000000 44.000000 1.000000 10000.000000 10000.000000 10000.000000 10000.000000
70.000000 45.000000 1.000000 10000.000000 10000.000000 10000.000000 10000.000000
70.000000 46.000000 1.000000 10000.000000 10000.000000 10000.000000 10000.000000
70.000000 47.000000 1.000000 10000.000000 10000.000000 10000.000000 10000.000000
70.000000 48.000000 1.000000 10000.000000 10000.000000 10000.000000 10000.000000
70.000000 49.000000 1.000000 10000.000000 10000.000000 10000.000000 10000.000000
71.000000 0.000000 1.000000 10000.000000 10000.000000 10000.000000 10000.000000
71.000000 1.000000 1.000000 10000.000000 10000.000000 10000.000000 10000.000000
71.000000 2.000000 1.000000 10000.000000 10000.000000 10000.000000 10000.000000
71.000000 3.000000 1.000000 10000.000000 10000.000000 10000.000000 10000.000000
71.000000 4.000000 1.000000 9999.000000 10000.000000 9999.000000 9999.000000
71.000000 5.000000 1.000000 9998.000000 10000.000000 9998.000000 9998.000000
71.000000 6.000000 1.000000 9997.000000 10000.000000 9997.000000 9997.000000
71.000000 7.000000 1.000000 9997.000000 10000.000000 9997.000000 9997.000000
71.000000 8.000000 1.000000 9996.000000 10000.000000 9996.000000 9996.000000
71.000000 9.000000 1.000000 9994.000000 10000.000000 9994.000000 9994.000000
71.000000 10.000000 1.000000 9991.000000 10000.000000 9991.000000 9991.000000
71.000000 11.000000 1.000000 9990.000000 10000.000000 9990.000000 9990.000000
71.000000 12.000000 1.000000 9987.000000 10000.000000 9987.000000 9987.000000
71.000000 13.000000 1.000000 9983.000000 10000.000000 9983.000000 9983.000000
71.000000 14.000000 1.000000 9985.000000 10000.000000 9985.000000 9985.000000
71.000000 15.000000 1.000000 9987.000000 10000.000000 9987.000000 9987.000000
71.000000 16.000000 1.000000 9990.000000 10000.000000 9990.000000 9990.000000
71.000000 17.000000 1.000000 9992.000000 10000.000000 9992.000000 9992.000000
71.000000 18.000000 1.000000 9997.000000 10000.000000 9997.000000 9997.000000
71.000000 19.000000 1.000000 9999.000000 10000.000000 9999.000000 9999.000000
71.000000 20.000000 1.000000 9999.000000 10000.000000 9999.000000 9999.000000
71.000000 21.000000 1.000000 10000.000000 10000.000000 10000.000000 10000.000000
71.000000 22.000000 1.000000 10000.000000 10000.000000 10000.000000 10000.000000
71.000000 23.000000 1.000000 10000.000000 10000.000000 10000.000000 10000.000000
71.000000 24.000000 1.000000 10000.000000 10000.000000 10000.000000 10000.000000
71.000000 25.000000 1.000000 10000.000000 10000.000000 10000.000000 10000.000000
71.000000 26.000000 1.000000 10000.000000 10000.000000 10000.000000 10000.000000
71.000000 27.000000 1.000000 10000.000000 10000.000000 10000.000000 10000.000000
71.000000 28.000000 1.000000 10000.000000 10000.000000 10000.000000 10000.000000
71.000000 29.000000 1.000000 10000.000000 10000.000000 10000.000000 10000.000000
71.000000 30.000000 1.000000 10000.000000 10000.000000 10000.000000 10000.000000
71.000000 31.000000 1.000000 10000.000000 10000.000000 10000.000000 10000.000000
71.000000 32.000000 1.000000 10000.000000 10000.000000 10000.000000 10000.000000
71.000000 33.000000 1.000000 10000.000000 10000.000000 10000.000000 10000.000000
71.000000 34.000000 1.000000 10000.000000 10000.000000 10000.000000 10000.000000
71.000000 35.000000 1.000000 10000.000000 10000.000000 10000.000000 10000.000000
71.000000 36.000000 1.000000 10000.000000 10000.000000 10000.000000 10000.000000
71.000000 37.000000 1.000000 10000.000000 10000.000000 10000.000000 10000.000000
71.000000 38.000000 1.000000 10000.000000 10000.000000 10000.000000 10000.000000
71.000000 39.000000 1.000000 10000.000000 10000.000000 10000.000000 10000.000000
71.000000 40.000000 1.000000 10000.000000 10000.000000 10000.000000 10000.000000
71.000000 41.000000 1.000000 10000.000000 10000.000000 10000.000000 10000.000000
71.000000 42.000000 1.000000 10000.000000 10000.000000 10000.000000 10000.000000
71.000000 43.000000 1.000000 10000.000000 10000.000000 10000.000000 10000.000000
71.000000 44.000000 1.000000 10000.000000 10000.000000 10000.000000 10000.000000
71.000000 45.000000 1.000000 10000.000000 10000.000000 10000.000000 10000.000000
71.000000 46.000000 1.000000 10000.000000 10000.000000 10000.000000 10000.000000
71.000000 47.000000 1.000000 10000.000000 10000.000000 10000.000000 10000.000000
71.000000 48.000000 1.000000 10000.000000 10000.000000 10000.000000 10000.000000
71.000000 49.000000 1.000000 10000.000000 10000.000000 10000.000000 10000.000000
72.000000 0.000000 1.000000 10000.000000 10000.000000 10000.000000 10000.000000
72.000000 1.000000 1.000000 10000.000000 10000.000000 10000.000000 10000.000000
72.000000 2.000000 1.000000 10000.000000 10000.000000 10000.000000 10000.000000
72.000000 3.000000 1.000000 9999.000000 10000.000000 9999.000000 9999.000000
72.000000 4.000000 1.000000 9999.000000 10000.000000 9999.000000 9999.000000
72.000000 5.000000 1.000000 9999.000000 10000.000000 9999.000000 9999.000000
72.000000 6.000000 1.000000 9999.000000 10000.000000 9999.000000 9999.000000
72.000000 7.000000 1.000000 9999.000000 10000.000000 9999.000000 9999.000000
72.000000 8.000000 1.000000 10000.000000 10000.000000 10000.000000 10000.000000
72.000000 9.000000 1.000000 10000.000000 10000.000000 10000.000000 10000.000000
72.000000 10.000000 1.000000 10000.000000 10000.000000 10000.000000 10000.000000
72.000000 11.000000 1.000000 10000.000000 10000.000000 10000.000000 10000.000000
72.000000 12.000000 1.000000 10000.000000 10000.000000 10000.000000 10000.000000
72.000000 13.000000 1.000000 10000.000000 10000.000000 10000.000000 10000.000000
72.000000 14.000000 1.000000 10000.000000 10000.000000 10000.000000 10000.000000
72.000000 15.000000 1.000000 10000.000000 10000.000000 10000.000000 10000.000000
72.000000 16.000000 1.000000 10000.000000 10000.000000 10000.000000 10000.000000
72.000000 17.000000 1.000000 10000.000000 10000.000000 10000.000000 10000.000000
72.000000 18.000000 1.000000 10000.000000 10000.000000 10000.000000 10000.000000
72.000000 19.000000 1.000000 10000.000000 10000.000000 10000.000000 10000.000000
72.000000 20.000000 1.000000 10000.000000 10000.000000 10000.000000 10000.000000
72.000000 21.000000 1.000000 10000.000000 10000.000000 10000.000000 10000.000000
72.000000 22.000000 1.000000 10000.000000 10000.000000 10000.000000 10000.000000
72.000000 23.000000 1.000000 10000.000000 10000.000000 10000.000000 10000.000000
72.000000 24.000000 1.000000 10000.000000 10000.000000 10000.000000 10000.000000
72.000000 25.000000 1.000000 10000.000000 10000.000000 10000.000000 10000.000000
72.000000 26.000000 1.000000 10000.000000 10000.000000 10000.000000 10000.000000
72.000000 27.000000 1.000000 10000.000000 10000.000000 10000.000000 10000.000000
72.000000 28.000000 1.000000 10000.000000 10000.000000 10000.000000 10000.000000
72.000000 29.000000 1.000000 10000.000000 10000.000000 10000.000000 10000.000000
72.000000 30.000000 1.000000 10000.000000 10000.000000 10000.000000 10000.000000
72.000000 31.000000 1.000000 10000.000000 10000.000000 10000.000000 10000.000000
72.000000 32.000000 1.000000 10000.000000 10000.000000 10000.000000 10000.000000
72.000000 33.000000 1.000000 10000.000000 10000.000000 10000.000000 10000.000000
72.000000 34.000000 1.000000 10000.000000 10000.000000 10000.000000 10000.000000
72.000000 35.000000 1.000000 10000.000000 10000.000000 10000.000000 10000.000000
72.000000 36.000000 1.000000 10000.000000 10000.000000 10000.000000 10000.000000
72.000000 37.000000 1.000000 10000.000000 10000.000000 10000.000000 10000.000000
72.000000 38.000000 1.000000 10000.000000 10000.000000 10000.000000 10000.000000
72.000000 39.000000 1.000000 10000.000000 10000.000000 10000.000000 10000.000000
72.000000 40.000000 1.000000 10000.000000 10000.000000 10000.000000 10000.000000
72.000000 41.000000 1.000000 10000.000000 10000.000000 10000.000000 10000.000000
72.000000 42.000000 1.000000 10000.000000 10000.000000 10000.000000 10000.000000
72.000000 43.000000 1.000000 10000.000000 10000.000000 10000.000000 10000.000000
72.000000 44.000000 1.000000 10000.000000 10000.000000 10000.000000 10000.000000
72.000000 45.000000 1.000000 10000.000000 10000.000000 10000.000000 10000.000000
72.000000 46.000000 1.000000 10000.000000 10000.000000 10000.000000 10000.000000
72.000000 47.000000 1.000000 10000.000000 10000.000000 10000.000000 10000.000000
72.000000 48.000000 1.000000 10000.000000 10000.000000 10000.000000 10000.000000
72.000000 49.000000 1.000000 10000.000000 10000.000000 10000.000000 10000.000000
73.000000 0.000000 1.000000 10000.000000 10000.000000 10000.000000 10000.000000
73.000000 1.000000 1.000000 10000.000000 10000.000000 10000.000000 10000.000000
73.000000 2.000000 1.000000 10000.000000 10000.000000 10000.000000 10000.000000
73.000000 3.000000 1.000000 9999.000000 10000.000000 9999.000000 9999.000000
73.000000 4.000000 1.000000 9999.000000 10000.000000 9999.000000 9999.000000
73.000000 5.000000 1.000000 9999.000000 10000.000000 9999.000000 9999.000000
73.000000 6.000000 1.000000 9999.000000 10000.000000 9999.000000 9999.000000
73.000000 7.000000 1.000000 9999.000000 10000.000000 9999.000000 9999.000000
73.000000 8.000000 1.000000 10000.000000 10000.000000 10000.000000 10000.000000
73.000000 9.000000 1.000000 10000.000000 10000.000000 10000.000000 10000.000000
73.000000 10.000000 1.000000 10000.000000 10000.000000 10000.000000 10000.000000
73.000000 11.000000 1.000000 10000.000000 10000.000000 10000.000000 10000.000000
73.000000 12.000000 1.000000 10000.000000 10000.000000 10000.000000 10000.000000
73.000000 13.000000 1.000000 10000.000000 10000.000000 10000.000000 10000.000000
73.000000 14.000000 1.000000 10000.000000 10000.000000 10000.000000 10000.000000
73.000000 15.000000 1.000000 10000.000000 10000.000000 10000.000000 10000.000000
73.000000 16.000000 1.000000 10000.000000 10000.000000 10000.000000 10000.000000
73.000000 17.000000 1.000000 10000.000000 10000.000000 10000.000000 10000.000000
73.000000 18.000000 1.000000 10000.000000 10000.000000 10000.000000 10000.000000
73.000000 19.000000 1.000000 10000.000000 10000.000000 10000.000000 10000.000000
73.000000 20.000000 1.000000 10000.000000 10000.000000 10000.000000 10000.000000
73.000000 21.000000 1.000000 10000.000000 10000.000000 10000.000000 10000.000000
73.000000 22.000000 1.000000 10000.000000 10000.000000 10000.000000 10000.000000
73.000000 23.000000 1.000000 10000.000000 10000.000000 10000.000000 10000.000000
73.000000 24.000000 1.000000 10000.000000 10000.000000 10000.000000 10000.000000
73.000000 25.000000 1.000000 10000.000000 10000.000000 10000.000000 10000.000000
73.000000 26.000000 1.000000 10000.000000 10000.000000 10000.000000 10000.000000
73.000000 27.000000 1.000000 10000.000000 10000.000000 10000.000000 10000.000000
73.000000 28.000000 1.000000 10000.000000 10000.000000 10000.000000 10000.000000
73.000000 29.000000 1.000000 10000.000000 10000.000000 10000.000000 10000.000000
73.000000 30.000000 1.000000 10000.000000 10000.000000 10000.000000 10000.000000
73.000000 31.000000 1.000000 10000.000000 10000.000000 10000.000000 10000.000000
73.000000 32.000000 1.000000 10000.000000 10000.000000 10000.000000 10000.000000
73.000000 33.000000 1.000000 10000.000000 10000.000000 10000.000000 10000.000000
73.000000 34.000000 1.000000 10000.000000 10000.000000 10000.000000 10000.000000
73.000000 35.000000 1.000000 10000.000000 10000.000000 10000.000000 10000.000000
73.000000 36.000000 1.000000 10000.000000 10000.000000 10000.000000 10000.000000
73.000000 37.000000 1.000000 10000.000000 10000.000000 10000.000000 10000.000000
73.000000 38.000000 1.000000 10000.000000 10000.000000 10000.000000 10000.000000
73.000000 39.000000 1.000000 10000.000000 10000.000000 10000.000000 10000.000000
73.000000 40.000000 1.000000 10000.000000 10000.000000 10000.000000 10000.000000
73.000000 41.000000 1.000000 10000.000000 10000.000000 10000.000000 10000.000000
73.000000 42.000000 1.000000 10000.000000 10000.000000 10000.000000 10000.000000
73.000000 43.000000 1.000000 10000.000000 10000.000000 10000.000000 10000.000000
73.000000 44.000000 1.000000 10000.000000 10000.000000 10000.000000 10000.000000
73.000000 45.000000 1.000000 10000.000000 10000.000000 10000.000000 10000.000000
73.000000 46.000000 1.000000 10000.000000 10000.000000 10000.000000 10000.000000
73.000000 47.000000 1.000000 10000.000000 10000.000000 10000.000000 10000.000000
73.000000 48.000000 1.000000 10000.000000 10000.000000 10000.000000 10000.000000
73.000000 49.000000 1.000000 10000.000000 10000.000000 10000.000000 10000.000000
74.000000 0.000000 1.000000 10000.000000 10000.000000 10000.000000 10000.000000
74.000000 1.000000 1.000000 10000.000000 10000.000000 10000.000000 10000.000000
74.000000 2.000000 1.000000 10000.000000 10000.000000 10000.000000 10000.000000
74.000000 3.000000 1.000000 10000.000000 10000.000000 10000.000000 10000.000000
74.000000 4.000000 1.000000 9999.000000 10000.000000 9999.000000 9999.000000
74.000000 5.000000 1.000000 9996.000000 10000.000000 9996.000000 9996.000000
74.000000 6.000000 1.000000 9995.000000 10000.000000 9995.000000 9995.000000
74.000000 7.000000 1.000000 9991.000000 10000.000000 9991.000000 9991.000000
74.000000 8.000000 1.000000 9991.000000 10000.000000 9991.000000 9991.000000
74.000000 9.000000 1.000000 9990.000000 10000.000000 9990.000000 9990.000000
74.000000 10.000000 1.000000 9993.000000 10000.000000 9993.000000 9993.000000
74.000000 11.000000 1.000000 9992.000000 10000.000000 9992.000000 9992.000000
74.000000 12.000000 1.000000 9992.000000 10000.000000 9992.000000 9992.000000
74.000000 13.000000 1.000000 9991.000000 10000.000000 9991.000000 9991.000000
74.000000 14.000000 1.000000 9990.000000 10000.000000 9990.000000 9990.000000
74.000000 15.000000 1.000000 9988.000000 10000.000000 9988.000000 9988.000000
74.000000 16.000000 1.000000 9989.000000 10000.000000 9989.000000 9989.000000
74.000000 17.000000 1.000000 9991.000000 10000.000000 9991.000000 9991.000000
74.000000 18.000000 1.000000 9990.000000 10000.000000 9990.000000 9990.000000
74.000000 19.000000 1.000000 9991.000000 10000.000000 9991.000000 9991.000000
74.000000 20.000000 1.000000 9993.000000 10000.000000 9993.000000 9993.000000
74.000000 21.000000 1.000000 9993.000000 10000.000000 9993.000000 9993.000000
74.000000 22.000000 1.000000 9993.000000 10000.000000 9993.000000 9993.000000
74.000000 23.000000 1.000000 9996.000000 10000.000000 9996.000000 9996.000000
74.000000 24.000000 1.000000 9997.000000 10000.000000 9997.000000 9997.000000
74.000000 25.000000 1.000000 9998.000000 10000.000000 9998.000000 9998.000000
74.000000 26.000000 1.000000 9999.000000 10000.000000 9999.000000 9999.000000
74.000000 27.000000 1.000000 10000.000000 10000.000000 10000.000000 10000.000000
74.000000 28.000000 1.000000 10000.000000 10000.000000 10000.000000 10000.000000
74.000000 29.000000 1.000000 10000.000000 10000.000000 10000.000000 10000.000000
74.000000 30.000000 1.000000 10000.000000 10000.000000 10000.000000 10000.000000
74.000000 31.000000 1.000000 10000.000000 10000.000000 10000.000000 10000.000000
74.000000 32.000000 1.000000 10000.000000 10000.000000 10000.000000 10000.000000
74.000000 33.000000 1.000000 10000.000000 10000.000000 10000.000000 10000.000000
74.000000 34.000000 1.000000 10000.000000 10000.000000 10000.000000 10000.000000
74.000000 35.000000 1.000000 10000.000000 10000.000000 10000.000000 10000.000000
74.000000 36.000000 1.000000 10000.000000 10000.000000 10000.000000 10000.000000
74.000000 37.000000 1.000000 10000.000000 10000.000000 10000.000000 10000.000000
74.000000 38.000000 1.000000 10000.000000 10000.000000 10000.000000 10000.000000
74.000000 39.000000 1.000000 10000.000000 10000.000000 10000.000000 10000.000000
74.000000 40.000000 1.000000 10000.000000 10000.000000 10000.000000 10000.000000
74.000000 41.000000 1.000000 10000.000000 10000.000000 10000.000000 10000.000000
74.000000 42.000000 1.000000 10000.000000 10000.000000 10000.000000 10000.000000
74.000000 43.000000 1.000000 10000.000000 10000.000000 10000.000000 10000.000000
74.000000 44.000000 1.000000 10000.000000 10000.000000 10000.000000 10000.000000
74.000000 45.000000 1.000000 10000.000000 10000.000000 10000.000000 10000.000000
74.000000 46.000000 1.000000 10000.000000 10000.000000 10000.000000 10000.000000
74.000000 47.000000 1.000000 10000.000000 10000.000000 10000.000000 10000.000000
74.000000 48.000000 1.000000 10000.000000 10000.000000 10000.000000 10000.000000
74.000000 49.000000 1.000000 10000.000000 10000.000000 10000.000000 10000.000000
75.000000 0.000000 1.000000 10000.000000 10000.000000 10000.000000 10000.000000
75.000000 1.000000 1.000000 9999.000000 10000.000000 9999.000000 9999.000000
75.000000 2.000000 1.000000 9999.000000 10000.000000 9999.000000 9999.000000
75.000000 3.000000 1.000000 9999.000000 10000.000000 9999.000000 9999.000000
75.000000 4.000000 1.000000 9999.000000 10000.000000 9999.000000 9999.000000
75.000000 5.000000 1.000000 9999.000000 10000.000000 9999.000000 9999.000000
75.000000 6.000000 1.000000 10000.000000 10000.000000 10000.000000 10000.000000
75.000000 7.000000 1.000000 10000.000000 10000.000000 10000.000000 10000.000000
75.000000 8.000000 1.000000 10000.000000 10000.000000 10000.000000 10000.000000
75.000000 9.000000 1.000000 10000.000000 10000.000000 10000.000000 10000.000000
75.000000 10.000000 1.000000 10000.000000 10000.000000 10000.000000 10000.000000
75.000000 11.000000 1.000000 10000.000000 10000.000000 10000.000000 10000.000000
75.000000 12.000000 1.000000 10000.000000 10000.000000 10000.000000 10000.000000
75.000000 13.000000 1.000000 10000.000000 10000.000000 10000.000000 10000.000000
75.000000 14.000000 1.000000 10000.000000 10000.000000 10000.000000 10000.000000
75.000000 15.000000 1.000000 10000.000000 10000.000000 10000.000000 10000.000000
75.000000 16.000000 1.000000 10000.000000 10000.000000 10000.000000 10000.000000
75.000000 17.000000 1.000000 10000.000000 10000.000000 10000.000000 10000.000000
75.000000 18.000000 1.000000 10000.000000 10000.000000 10000.000000 10000.000000
75.000000 19.000000 1.000000 10000.000000 10000.000000 10000.000000 10000.000000
75.000000 20.000000 1.000000 10000.000000 10000.000000 10000.000000 10000.000000
75.000000 21.000000 1.000000 10000.000000 10000.000000 10000.000000 10000.000000
75.000000 22.000000 1.000000 10000.000000 10000.000000 10000.000000 10000.000000
75.000000 23.000000 1.000000 10000.000000 10000.000000 10000.000000 10000.000000
75.000000 24.000000 1.000000 10000.000000 10000.000000 10000.000000 10000.000000
75.000000 25.000000 1.000000 10000.000000 10000.000000 10000.000000 10000.000000
75.000000 26.000000 1.000000 10000.000000 10000.000000 10000.000000 10000.000000
75.000000 27.000000 1.000000 10000.000000 10000.000000 10000.000000 10000.000000
75.000000 28.000000 1.000000 10000.000000 10000.000000 10000.000000 10000.000000
75.000000 29.000000 1.000000 10000.000000 10000.000000 10000.000000 10000.000000
75.000000 30.000000 1.000000 10000.000000 10000.000000 10000.000000 10000.000000
75.000000 31.000000 1.000000 10000.000000 10000.000000 10000.000000 10000.000000
75.000000 32.000000 1.000000 10000.000000 10000.000000 10000.000000 10000.000000
75.000000 33.000000 1.000000 10000.000000 10000.000000 10000.000000 10000.000000
75.000000 34.000000 1.000000 10000.000000 10000.000000 10000.000000 10000.000000
75.000000 35.000000 1.000000 10000.000000 10000.000000 10000.000000 10000.000000
75.000000 36.000000 1.000000 10000.000000 10000.000000 10000.000000 10000.000000
75.000000 37.000000 1.000000 10000.000000 10000.000000 10000.000000 10000.000000
75.000000 38.000000 1.000000 10000.000000 10000.000000 10000.000000 10000.000000
75.000000 39.000000 1.000000 10000.000000 10000.000000 10000.000000 10000.000000
75.000000 40.000000 1.000000 10000.000000 10000.000000 10000.000000 10000.000000
75.000000 41.000000 1.000000 10000.000000 10000.000000 10000.000000 10000.000000
75.000000 42.000000 1.000000 10000.000000 10000.000000 10000.000000 10000.000000
75.000000 43.000000 1.000000 10000.000000 10000.000000 10000.000000 10000.000000
75.000000 44.000000 1.000000 10000.000000 10000.000000 10000.000000 10000.000000
75.000000 45.000000 1.000000 10000.000000 10000.000000 10000.000000 10000.000000
75.000000 46.000000 1.000000 10000.000000 10000.000000 10000.000000 10000.000000
75.000000 47.000000 1.000000 10000.000000 10000.000000 10000.000000 10000.000000
75.000000 48.000000 1.000000 10000.000000 10000.000000 10000.000000 10000.000000
75.000000 49.000000 1.000000 10000.000000 10000.000000 10000.000000 10000.000000
76.000000 0.000000 1.000000 10000.000000 10000.000000 10000.000000 10000.000000
76.000000 1.000000 1.000000 10000.000000 10000.000000 10000.000000 10000.000000
76.000000 2.000000 1.000000 10000.000000 10000.000000 10000.000000 10000.000000
76.000000 3.000000 1.000000 10000.000000 10000.000000 10000.000000 10000.000000
76.000000 4.000000 1.000000 10000.000000 10000.000000 10000.000000 10000.000000
76.000000 5.000000 1.000000 9995.000000 10000.000000 9995.000000 9995.000000
76.000000 6.000000 1.000000 9988.000000 10000.000000 9988.000000 9988.000000
76.000000 7.000000 1.000000 9976.000000 10000.000000 9976.000000 9976.000000
76.000000 8.000000 1.000000 9971.000000 10000.000000 9971.000000 9971.000000
76.000000 9.000000 1.000000 9965.000000 10000.000000 9965.000000 9965.000000
76.000000 10.000000 1.000000 9962.000000 10000.000000 9962.000000 9962.000000
76.000000 11.000000 1.000000 9962.000000 10000.000000 9962.000000 9962.000000
76.000000 12.000000 1.000000 9969.000000 10000.000000 9969.000000 9969.000000
76.000000 13.000000 1.000000 9950.000000 10000.000000 9950.000000 9950.000000
76.000000 14.000000 1.000000 9926.000000 10000.000000 9926.000000 9926.000000
76.000000 15.000000 1.000000 9877.000000 10000.000000 9877.000000 9877.000000
76.000000 16.000000 1.000000 9802.000000 10000.000000 9802.000000 9802.000000
76.000000 17.000000 1.000000 9714.000000 10000.000000 9714.000000 9714.000000
76.000000 18.000000 1.000000 9602.000000 10000.000000 9602.000000 9602.000000
76.000000 19.000000 1.000000 9485.000000 10000.000000 9485.000000 9485.000000
76.000000 20.000000 1.000000 9321.000000 10000.000000 9321.000000 9321.000000
76.000000 21.000000 1.000000 9161.000000 10000.000000 9161.000000 9161.000000
76.000000 22.000000 1.000000 9036.000000 10000.000000 9036.000000 9036.000000
76.000000 23.000000 1.000000 8979.000000 10000.000000 8979.000000 8979.000000
76.000000 24.000000 1.000000 8931.000000 10000.000000 8931.000000 8931.000000
76.000000 25.000000 1.000000 8982.000000 10000.000000 8982.000000 8982.000000
76.000000 26.000000 1.000000 9011.000000 10000.000000 9011.000000 9011.000000
76.000000 27.000000 1.000000 9033.000000 10000.000000 9033.000000 9033.000000
76.000000 28.000000 1.000000 9046.000000 10000.000000 9046.000000 9046.000000
76.000000 29.000000 1.000000 9092.000000 10000.000000 9092.000000 9092.000000
76.000000 30.000000 1.000000 9088.000000 10000.000000 9088.000000 9088.000000
76.000000 31.000000 1.000000 9197.000000 10000.000000 9197.000000 9197.000000
76.000000 32.000000 1.000000 9273.000000 10000.000000 9273.000000 9273.000000
76.000000 33.000000 1.000000 9379.000000 10000.000000 9379.000000 9379.000000
76.000000 34.000000 1.000000 9477.000000 10000.000000 9477.000000 9477.000000
76.000000 35.000000 1.000000 9599.000000 10000.000000 9599.000000 9599.000000
76.000000 36.000000 1.000000 9665.000000 10000.000000 9665.000000 9665.000000
76.000000 37.000000 1.000000 9761.000000 10000.000000 9761.000000 9761.000000
76.000000 38.000000 1.000000 9826.000000 10000.000000 9826.000000 9826.000000
76.000000 39.000000 1.000000 9872.000000 10000.000000 9872.000000 9872.000000
76.000000 40.000000 1.000000 9909.000000 10000.000000 9909.000000 9909.000000
76.000000 41.000000 1.000000 9935.000000 10000.000000 9935.000000 9935.000000
76.000000 42.000000 1.000000 9947.000000 10000.000000 9947.000000 9947.000000
76.000000 43.000000 1.000000 9962.000000 10000.000000 9962.000000 9962.000000
76.000000 44.000000 1.000000 9965.000000 10000.000000 9965.000000 9965.000000
76.000000 45.000000 1.000000 9976.000000 10000.000000 9976.000000 9976.000000
76.000000 46.000000 1.000000 9981.000000 10000.000000 9981.000000 9981.000000
76.000000 47.000000 1.000000 9988.000000 10000.000000 9988.000000 9988.000000
76.000000 48.000000 1.000000 9992.000000 10000.000000 9992.000000 9992.000000
76.000000 49.000000 1.000000 9995.000000 10000.000000 9995.000000 9995.000000
77.000000 0.000000 1.000000 10000.000000 10000.000000 10000.000000 10000.000000
77.000000 1.000000 1.000000 10000.000000 10000.000000 10000.000000 10000.000000
77.000000 2.000000 1.000000 10000.000000 10000.000000 10000.000000 10000.000000
77.000000 3.000000 1.000000 9999.000000 10000.000000 9999.000000 9999.000000
77.000000 4.000000 1.000000 9999.000000 10000.000000 9999.000000 9999.000000
77.000000 5.000000 1.000000 9999.000000 10000.000000 9999.000000 9999.000000
77.000000 6.000000 1.000000 9999.000000 10000.000000 9999.000000 9999.000000
77.000000 7.000000 1.000000 9999.000000 10000.000000 9999.000000 9999.000000
77.000000 8.000000 1.000000 10000.000000 10000.000000 10000.000000 10000.000000
77.000000 9.000000 1.000000 10000.000000 10000.000000 10000.000000 10000.000000
77.000000 10.000000 1.000000 10000.000000 10000.000000 10000.000000 10000.000000
77.000000 11.000000 1.000000 10000.000000 10000.000000 10000.000000 10000.000000
77.000000 12.000000 1.000000 10000.000000 10000.000000 10000.000000 10000.000000
77.000000 13.000000 1.000000 10000.000000 10000.000000 10000.000000 10000.000000
77.000000 14.000000 1.000000 10000.000000 10000.000000 10000.000000 10000.000000
77.000000 15.000000 1.000000 10000.000000 10000.000000 10000.000000 10000.000000
77.000000 16.000000 1.000000 10000.000000 10000.000000 10000.000000 10000.000000
77.000000 17.000000 1.000000 10000.000000 10000.000000 10000.000000 10000.000000
77.000000 18.000000 1.000000 10000.000000 10000.000000 10000.000000 10000.000000
77.000000 19.000000 1.000000 10000.000000 10000.000000 10000.000000 10000.000000
77.000000 20.000000 1.000000 10000.000000 10000.000000 10000.000000 10000.000000
77.000000 21.000000 1.000000 10000.000000 10000.000000 10000.000000 10000.000000
77.000000 22.000000 1.000000 10000.000000 10000.000000 10000.000000 10000.000000
77.000000 23.000000 1.000000 10000.000000 10000.000000 10000.000000 10000.000000
77.000000 24.000000 1.000000 10000.000000 10000.000000 10000.000000 10000.000000
77.000000 25.000000 1.000000 10000.000000 10000.000000 10000.000000 10000.000000
77.000000 26.000000 1.000000 10000.000000 10000.000000 10000.000000 10000.000000
77.000000 27.000000 1.000000 10000.000000 10000.000000 10000.000000 10000.000000
77.000000 28.000000 1.000000 10000.000000 10000.000000 10000.000000 10000.000000
77.000000 29.000000 1.000000 10000.000000 10000.000000 10000.000000 10000.000000
77.000000 30.000000 1.000000 10000.000000 10000.000000 10000.000000 10000.000000
77.000000 31.000000 1.000000 10000.000000 10000.000000 10000.000000 10000.000000
77.000000 32.000000 1.000000 10000.000000 10000.000000 10000.000000 10000.000000
77.000000 33.000000 1.000000 10000.000000 10000.000000 10000.000000 10000.000000
77.000000 34.000000 1.000000 10000.000000 10000.000000 10000.000000 10000.000000
77.000000 35.000000 1.000000 10000.000000 10000.000000 10000.000000 10000.000000
77.000000 36.000000 1.000000 10000.000000 10000.000000 10000.000000 10000.000000
77.000000 37.000000 1.000000 10000.000000 10000.000000 10000.000000 10000.000000
77.000000 38.000000 1.000000 10000.000000 10000.000000 10000.000000 10000.000000
77.000000 39.000000 1.000000 10000.000000 10000.000000 10000.000000 10000.000000
77.000000 40.000000 1.000000 10000.000000 10000.000000 10000.000000 10000.000000
77.000000 41.000000 1.000000 10000.000000 10000.000000 10000.000000 10000.000000
77.000000 42.000000 1.000000 10000.000000 10000.000000 10000.000000 10000.000000
77.000000 43.000000 1.000000 10000.000000 10000.000000 10000.000000 10000.000000
77.000000 44.000000 1.000000 10000.000000 10000.000000 10000.000000 10000.000000
77.000000 45.000000 1.000000 10000.000000 10000.000000 10000.000000 10000.000000
77.000000 46.000000 1.000000 10000.000000 10000.000000 10000.000000 10000.000000
77.000000 47.000000 1.000000 10000.000000 10000.000000 10000.000000 10000.000000
77.000000 48.000000 1.000000 10000.000000 10000.000000 10000.000000 10000.000000
77.000000 49.000000 1.000000 10000.000000 10000.000000 10000.000000 10000.000000
78.000000 0.000000 1.000000 10000.000000 10000.000000 10000.000000 10000.000000
78.000000 1.000000 1.000000 10000.000000 10000.000000 10000.000000 10000.000000
78.000000 2.000000 1.000000 10000.000000 10000.000000 10000.000000 10000.000000
78.000000 3.000000 1.000000 9999.000000 10000.000000 9999.000000 9999.000000
78.000000 4.000000 1.000000 9999.000000 10000.000000 9999.000000 9999.000000
78.000000 5.000000 1.000000 9999.000000 10000.000000 9999.000000 9999.000000
78.000000 6.000000 1.000000 9999.000000 10000.000000 9999.000000 9999.000000
78.000000 7.000000 1.000000 9999.000000 10000.000000 9999.000000 9999.000000
78.000000 8.000000 1.000000 10000.000000 10000.000000 10000.000000 10000.000000
78.000000 9.000000 1.000000 10000.000000 10000.000000 10000.000000 10000.000000
78.000000 10.000000 1.000000 10000.000000 10000.000000 10000.000000 10000.000000
78.000000 11.000000 1.000000 10000.000000 10000.000000 10000.000000 10000.000000
78.000000 12.000000 1.000000 10000.000000 10000.000000 10000.000000 10000.000000
78.000000 13.000000 1.000000 10000.000000 10000.000000 10000.000000 10000.000000
78.000000 14.000000 1.000000 10000.000000 10000.000000 10000.000000 10000.000000
78.000000 15.000000 1.000000 10000.000000 10000.000000 10000.000000 10000.000000
78.000000 16.000000 1.000000 10000.000000 10000.000000 10000.000000 10000.000000
78.000000 17.000000 1.000000 10000.000000 10000.000000 10000.000000 10000.000000
78.000000 18.000000 1.000000 10000.000000 10000.000000 10000.000000 10000.000000
78.000000 19.000000 1.000000 10000.000000 10000.000000 10000.000000 10000.000000
78.000000 20.000000 1.000000 10000.000000 10000.000000 10000.000000 10000.000000
78.000000 21.000000 1.000000 10000.000000 10000.000000 10000.000000 10000.000000
78.000000 22.000000 1.000000 10000.000000 10000.000000 10000.000000 10000.000000
78.000000 23.000000 1.000000 10000.000000 10000.000000 10000.000000 10000.000000
78.000000 24.000000 1.000000 10000.000000 10000.000000 10000.000000 10000.000000
78.000000 25.000000 1.000000 10000.000000 10000.000000 10000.000000 10000.000000
78.000000 26.000000 1.000000 10000.000000 10000.000000 10000.000000 10000.000000
78.000000 27.000000 1.000000 10000.000000 10000.000000 10000.000000 10000.000000
78.000000 28.000000 1.000000 10000.000000 10000.000000 10000.000000 10000.000000
78.000000 29.000000 1.000000 10000.000000 10000.000000 10000.000000 10000.000000
78.000000 30.000000 1.000000 10000.000000 10000.000000 10000.000000 10000.000000
78.000000 31.000000 1.000000 10000.000000 10000.000000 10000.000000 10000.000000
78.000000 32.000000 1.000000 10000.000000 10000.000000 10000.000000 10000.000000
78.000000 33.000000 1.000000 10000.000000 10000.000000 10000.000000 10000.000000
78.000000 34.000000 1.000000 10000.000000 10000.000000 10000.000000 10000.000000
78.000000 35.000000 1.000000 10000.000000 10000.000000 10000.000000 10000.000000
78.000000 36.000000 1.000000 10000.000000 10000.000000 10000.000000 10000.000000
78.000000 37.000000 1.000000 10000.000000 10000.000000 10000.000000 10000.000000
78.000000 38.000000 1.000000 10000.000000 10000.000000 10000.000000 10000.000000
78.000000 39.000000 1.000000 10000.000000 10000.000000 10000.000000 10000.000000
78.000000 40.000000 1.000000 10000.000000 10000.000000 10000.000000 10000.000000
78.000000 41.000000 1.000000 10000.000000 10000.000000 10000.000000 10000.000000
78.000000 42.000000 1.000000 10000.000000 10000.000000 10000.000000 10000.000000
78.000000 43.000000 1.000000 10000.000000 10000.000000 10000.000000 10000.000000
78.000000 44.000000 1.000000 10000.000000 10000.000000 10000.000000 10000.000000
78.000000 45.000000 1.000000 10000.000000 10000.000000 10000.000000 10000.000000
78.000000 46.000000 1.000000 10000.000000 10000.000000 10000.000000 10000.000000
78.000000 47.000000 1.000000 10000.000000 10000.000000 10000.000000 10000.000000
78.000000 48.000000 1.000000 10000.000000 10000.000000 10000.000000 10000.000000
78.000000 49.000000 1.000000 10000.000000 10000.000000 10000.000000 10000.000000
79.000000 0.000000 1.000000 10000.000000 10000.000000 10000.000000 10000.000000
79.000000 1.000000 1.000000 10000.000000 10000.000000 10000.000000 10000.000000
79.000000 2.000000 1.000000 9999.000000 10000.000000 9999.000000 9999.000000
79.000000 3.000000 1.000000 9997.000000 10000.000000 9997.000000 9997.000000
79.000000 4.000000 1.000000 9995.000000 10000.000000 9995.000000 9995.000000
79.000000 5.000000 1.000000 9995.000000 10000.000000 9995.000000 9995.000000
79.000000 6.000000 1.000000 9994.000000 10000.000000 9994.000000 9994.000000
79.000000 7.000000 1.000000 9995.000000 10000.000000 9995.000000 9995.000000
79.000000 8.000000 1.000000 9996.000000 10000.000000 9996.000000 9996.000000
79.000000 9.000000 1.000000 9998.000000 10000.000000 9998.000000 9998.000000
79.000000 10.000000 1.000000 9997.000000 10000.000000 9997.000000 9997.000000
79.000000 11.000000 1.000000 9998.000000 10000.000000 9998.000000 9998.000000
79.000000 12.000000 1.000000 9993.000000 10000.000000 9993.000000 9993.000000
79.000000 13.000000 1.000000 9993.000000 10000.000000 9993.000000 9993.000000
79.000000 14.000000 1.000000 9991.000000 10000.000000 9991.000000 9991.000000
79.000000 15.000000 1.000000 9991.000000 10000.000000 9991.000000 9991.000000
79.000000 16.000000 1.000000 9991.000000 10000.000000 9991.000000 9991.000000
79.000000 17.000000 1.000000 9995.000000 10000.000000 9995.000000 9995.000000
79.000000 18.000000 1.000000 9996.000000 10000.000000 9996.000000 9996.000000
79.000000 19.000000 1.000000 9994.000000 10000.000000 9994.000000 9994.000000
79.000000 20.000000 1.000000 9995.000000 10000.000000 9995.000000 9995.000000
79.000000 21.000000 1.000000 9993.000000 10000.000000 9993.000000 9993.000000
79.000000 22.000000 1.000000 9991.000000 10000.000000 9991.000000 9991.000000
79.000000 23.000000 1.000000 9983.000000 10000.000000 9983.000000 9983.000000
79.000000 24.000000 1.000000 9982.000000 10000.000000 9982.000000 9982.000000
79.000000 25.000000 1.000000 9973.000000 10000.000000 9973.000000 9973.000000
79.000000 26.000000 1.000000 9959.000000 10000.000000 9959.000000 9959.000000
79.000000 27.000000 1.000000 9947.000000 10000.000000 9947.000000 9947.000000
79.000000 28.000000 1.000000 9939.000000 10000.000000 9939.000000 9939.000000
79.000000 29.000000 1.000000 9901.000000 10000.000000 9901.000000 9901.000000
79.000000 30.000000 1.000000 9842.000000 10000.000000 9842.000000 9842.000000
79.000000 31.000000 1.000000 9767.000000 10000.000000 9767.000000 9767.000000
79.000000 32.000000 1.000000 9666.000000 10000.000000 9666.000000 9666.000000
79.000000 33.000000 1.000000 9517.000000 10000.000000 9517.000000 9517.000000
79.000000 34.000000 1.000000 9378.000000 10000.000000 9378.000000 9378.000000
79.000000 35.000000 1.000000 9202.000000 10000.000000 9202.000000 9202.000000
79.000000 36.000000 1.000000 9054.000000 10000.000000 9054.000000 9054.000000
79.000000 37.000000 1.000000 8953.000000 10000.000000 8953.000000 8953.000000
79.000000 38.000000 1.000000 8865.000000 10000.000000 8865.000000 8865.000000
79.000000 39.000000 1.000000 8812.000000 10000.000000 8812.000000 8812.000000
79.000000 40.000000 1.000000 8818.000000 10000.000000 8818.000000 8818.000000
79.000000 41.000000 1.000000 8862.000000 10000.000000 8862.000000 8862.000000
79.000000 42.000000 1.000000 8885.000000 10000.000000 8885.000000 8885.000000
79.000000 43.000000 1.000000 8970.000000 10000.000000 8970.000000 8970.000000
79.000000 44.000000 1.000000 9103.000000 10000.000000 9103.000000 9103.000000
79.000000 45.000000 1.000000 9229.000000 10000.000000 9229.000000 9229.000000
79.000000 46.000000 1.000000 9369.000000 10000.000000 9369.000000 9369.000000
79.000000 47.000000 1.000000 9504.000000 10000.000000 9504.000000 9504.000000
79.000000 48.000000 1.000000 9630.000000 10000.000000 9630.000000 9630.000000
79.000000 49.000000 1.000000 9704.000000 10000.000000 9704.000000 9704.000000
80.000000 0.000000 1.000000 10000.000000 10000.000000 10000.000000 10000.000000
80.000000 1.000000 1.000000 10000.000000 10000.000000 10000.000000 10000.000000
80.000000 2.000000 1.000000 10000.000000 10000.000000 10000.000000 10000.000000
80.000000 3.000000 1.000000 9999.000000 10000.000000 9999.000000 9999.000000
80.000000 4.000000 1.000000 9999.000000 10000.000000 9999.000000 9999.000000
80.000000 5.000000 1.000000 9999.000000 10000.000000 9999.000000 9999.000000
80.000000 6.000000 1.000000 9999.000000 10000.000000 9999.000000 9999.000000
80.000000 7.000000 1.000000 9999.000000 10000.000000 9999.000000 9999.000000
80.000000 8.000000 1.000000 10000.000000 10000.000000 10000.000000 10000.000000
80.000000 9.000000 1.000000 10000.000000 10000.000000 10000.000000 10000.000000
80.000000 10.000000 1.000000 10000.000000 10000.000000 10000.000000 10000.000000
80.000000 11.000000 1.000000 10000.000000 10000.000000 10000.000000 10000.000000
80.000000 12.000000 1.000000 10000.000000 10000.000000 10000.000000 10000.000000
80.000000 13.000000 1.000000 10000.000000 10000.000000 10000.000000 10000.000000
80.000000 14.000000 1.000000 10000.000000 10000.000000 10000.000000 10000.000000
80.000000 15.000000 1.000000 10000.000000 10000.000000 10000.000000 10000.000000
80.000000 16.000000 1.000000 10000.000000 10000.000000 10000.000000 10000.000000
80.000000 17.000000 1.000000 10000.000000 10000.000000 10000.000000 10000.000000
80.000000 18.000000 1.000000 10000.000000 10000.000000 10000.000000 10000.000000
80.000000 19.000000 1.000000 10000.000000 10000.000000 10000.000000 10000.000000
80.000000 20.000000 1.000000 10000.000000 10000.000000 10000.000000 10000.000000
80.000000 21.000000 1.000000 10000.000000 10000.000000 10000.000000 10000.000000
80.000000 22.000000 1.000000 10000.000000 10000.000000 10000.000000 10000.000000
80.000000 23.000000 1.000000 10000.000000 10000.000000 10000.000000 10000.000000
80.000000 24.000000 1.000000 10000.000000 10000.000000 10000.000000 10000.000000
80.000000 25.000000 1.000000 10000.000000 10000.000000 10000.000000 10000.000000
80.000000 26.000000 1.000000 10000.000000 10000.000000 10000.000000 10000.000000
80.000000 27.000000 1.000000 10000.000000 10000.000000 10000.000000 10000.000000
80.000000 28.000000 1.000000 10000.000000 10000.000000 10000.000000 10000.000000
80.000000 29.000000 1.000000 10000.000000 10000.000000 10000.000000 10000.000000
80.000000 30.000000 1.000000 10000.000000 10000.000000 10000.000000 10000.000000
80.000000 31.000000 1.000000 10000.000000 10000.000000 10000.000000 10000.000000
80.000000 32.000000 1.000000 10000.000000 10000.000000 10000.000000 10000.000000
80.000000 33.000000 1.000000 10000.000000 10000.000000 10000.000000 10000.000000
80.000000 34.000000 1.000000 10000.000000 10000.000000 10000.000000 10000.000000
80.000000 35.000000 1.000000 10000.000000 10000.000000 10000.000000 10000.000000
80.000000 36.000000 1.000000 10000.000000 10000.000000 10000.000000 10000.000000
80.000000 37.000000 1.000000 10000.000000 10000.000000 10000.000000 10000.000000
80.000000 38.000000 1.000000 10000.000000 10000.000000 10000.000000 10000.000000
80.000000 39.000000 1.000000 10000.000000 10000.000000 10000.000000 10000.000000
80.000000 40.000000 1.000000 10000.000000 10000.000000 10000.000000 10000.000000
80.000000 41.000000 1.000000 10000.000000 10000.000000 10000.000000 10000.000000
80.000000 42.000000 1.000000 10000.000000 10000.000000 10000.000000 10000.000000
80.000000 43.000000 1.000000 10000.000000 10000.000000 10000.000000 10000.000000
80.000000 44.000000 1.000000 10000.000000 10000.000000 10000.000000 10000.000000
80.000000 45.000000 1.000000 10000.000000 10000.000000 10000.000000 10000.000000
80.000000 46.000000 1.000000 10000.000000 10000.000000 10000.000000 10000.000000
80.000000 47.000000 1.000000 10000.000000 10000.000000 10000.000000 10000.000000
80.000000 48.000000 1.000000 10000.000000 10000.000000 10000.000000 10000.000000
80.000000 49.000000 1.000000 10000.000000 10000.000000 10000.000000 10000.000000
81.000000 0.000000 1.000000 10000.000000 10000.000000 10000.000000 10000.000000
81.000000 1.000000 1.000000 10000.000000 10000.000000 10000.000000 10000.000000
81.000000 2.000000 1.000000 10000.000000 10000.000000 10000.000000 10000.000000
81.000000 3.000000 1.000000 9998.000000 10000.000000 9998.000000 9998.000000
81.000000 4.000000 1.000000 9996.000000 10000.000000 9996.000000 9996.000000
81.000000 5.000000 1.000000 9990.000000 10000.000000 9990.000000 9990.000000
81.000000 6.000000 1.000000 9985.000000 10000.000000 9985.000000 9985.000000
81.000000 7.000000 1.000000 9969.000000 10000.000000 9969.000000 9969.000000
81.000000 8.000000 1.000000 9946.000000 10000.000000 9946.000000 9946.000000
81.000000 9.000000 1.000000 9929.000000 10000.000000 9929.000000 9929.000000
81.000000 10.000000 1.000000 9907.000000 10000.000000 9907.000000 9907.000000
81.000000 11.000000 1.000000 9870.000000 10000.000000 9870.000000 9870.000000
81.000000 12.000000 1.000000 9833.000000 10000.000000 9833.000000 9833.000000
81.000000 13.000000 1.000000 9771.000000 10000.000000 9771.000000 9771.000000
81.000000 14.000000 1.000000 9660.000000 10000.000000 9660.000000 9660.000000
81.000000 15.000000 1.000000 9537.000000 10000.000000 9537.000000 9537.000000
81.000000 16.000000 1.000000 9365.000000 10000.000000 9365.000000 9365.000000
81.000000 17.000000 1.000000 9158.000000 10000.000000 9158.000000 9158.000000
81.000000 18.000000 1.000000 8856.000000 10000.000000 8856.000000 8856.000000
81.000000 19.000000 1.000000 8649.000000 10000.000000 8649.000000 8649.000000
81.000000 20.000000 1.000000 8446.000000 10000.000000 8446.000000 8446.000000
81.000000 21.000000 1.000000 8333.000000 10000.000000 8333.000000 8333.000000
81.000000 22.000000 1.000000 8370.000000 10000.000000 8370.000000 8370.000000
81.000000 23.000000 1.000000 8554.000000 10000.000000 8554.000000 8554.000000
81.000000 24.000000 1.000000 8733.000000 10000.000000 8733.000000 8733.000000
81.000000 25.000000 1.000000 8982.000000 10000.000000 8982.000000 8982.000000
81.000000 26.000000 1.000000 9200.000000 10000.000000 9200.000000 9200.000000
81.000000 27.000000 1.000000 9359.000000 10000.000000 9359.000000 9359.000000
81.000000 28.000000 1.000000 9492.000000 10000.000000 9492.000000 9492.000000
81.000000 29.000000 1.000000 9616.000000 10000.000000 9616.000000 9616.000000
81.000000 30.000000 1.000000 9699.000000 10000.000000 9699.000000 9699.000000
81.000000 31.000000 1.000000 9792.000000 10000.000000 9792.000000 9792.000000
81.000000 32.000000 1.000000 9845.000000 10000.000000 9845.000000 9845.000000
81.000000 33.000000 1.000000 9894.000000 10000.000000 9894.000000 9894.000000
81.000000 34.000000 1.000000 9926.000000 10000.000000 9926.000000 9926.000000
81.000000 35.000000 1.000000 9950.000000 10000.000000 9950.000000 9950.000000
81.000000 36.000000 1.000000 9969.000000 10000.000000 9969.000000 9969.000000
81.000000 37.000000 1.000000 9979.000000 10000.000000 9979.000000 9979.000000
81.000000 38.000000 1.000000 9989.000000 10000.000000 9989.000000 9989.000000
81.000000 39.000000 1.000000 9995.000000 10000.000000 9995.000000 9995.000000
81.000000 40.000000 1.000000 9998.000000 10000.000000 9998.000000 9998.000000
81.000000 41.000000 1.000000 9999.000000 10000.000000 9999.000000 9999.000000
81.000000 42.000000 1.000000 9999.000000 10000.000000 9999.000000 9999.000000
81.000000 43.000000 1.000000 10000.000000 10000.000000 10000.000000 10000.000000
81.000000 44.000000 1.000000 10000.000000 10000.000000 10000.000000 10000.000000
81.000000 45.000000 1.000000 10000.000000 10000.000000 10000.000000 10000.000000
81.000000 46.000000 1.000000 10000.000000 10000.000000 10000.000000 10000.000000
81.000000 47.000000 1.000000 10000.000000 10000.000000 10000.000000 10000.000000
81.000000 48.000000 1.000000 10000.000000 10000.000000 10000.000000 10000.000000
81.000000 49.000000 1.000000 10000.000000 10000.000000 10000.000000 10000.000000
82.000000 0.000000 1.000000 10000.000000 10000.000000 10000.000000 10000.000000
82.000000 1.000000 1.000000 10000.000000 10000.000000 10000.000000 10000.000000
82.000000 2.000000 1.000000 10000.000000 10000.000000 10000.000000 10000.000000
82.000000 3.000000 1.000000 10000.000000 10000.000000 10000.000000 10000.000000
82.000000 4.000000 1.000000 9999.000000 10000.000000 9999.000000 9999.000000
82.000000 5.000000 1.000000 9998.000000 10000.000000 9998.000000 9998.000000
82.000000 6.000000 1.000000 9998.000000 10000.000000 9998.000000 9998.000000
82.000000 7.000000 1.000000 9997.000000 10000.000000 9997.000000 9997.000000
82.000000 8.000000 1.000000 9993.000000 10000.000000 9993.000000 9993.000000
82.000000 9.000000 1.000000 9993.000000 10000.000000 9993.000000 9993.000000
82.000000 10.000000 1.000000 9994.000000 10000.000000 9994.000000 9994.000000
82.000000 11.000000 1.000000 9994.000000 10000.000000 9994.000000 9994.000000
82.000000 12.000000 1.000000 9995.000000 10000.000000 9995.000000 9995.000000
82.000000 13.000000 1.000000 9999.000000 10000.000000 9999.000000 9999.000000
82.000000 14.000000 1.000000 10000.000000 10000.000000 10000.000000 10000.000000
82.000000 15.000000 1.000000 10000.000000 10000.000000 10000.000000 10000.000000
82.000000 16.000000 1.000000 10000.000000 10000.000000 10000.000000 10000.000000
82.000000 17.000000 1.000000 10000.000000 10000.000000 10000.000000 10000.000000
82.000000 18.000000 1.000000 10000.000000 10000.000000 10000.000000 10000.000000
82.000000 19.000000 1.000000 10000.000000 10000.000000 10000.000000 10000.000000
82.000000 20.000000 1.000000 10000.000000 10000.000000 10000.000000 10000.000000
82.000000 21.000000 1.000000 10000.000000 10000.000000 10000.000000 10000.000000
82.000000 22.000000 1.000000 10000.000000 10000.000000 10000.000000 10000.000000
82.000000 23.000000 1.000000 10000.000000 10000.000000 10000.000000 10000.000000
82.000000 24.000000 1.000000 10000.000000 10000.000000 10000.000000 10000.000000
82.000000 25.000000 1.000000 10000.000000 10000.000000 10000.000000 10000.000000
82.000000 26.000000 1.000000 10000.000000 10000.000000 10000.000000 10000.000000
82.000000 27.000000 1.000000 10000.000000 10000.000000 10000.000000 10000.000000
82.000000 28.000000 1.000000 10000.000000 10000.000000 10000.000000 10000.000000
82.000000 29.000000 1.000000 10000.000000 10000.000000 10000.000000 10000.000000
82.000000 30.000000 1.000000 10000.000000 10000.000000 10000.000000 10000.000000
82.000000 31.000000 1.000000 10000.000000 10000.000000 10000.000000 10000.000000
82.000000 32.000000 1.000000 10000.000000 10000.000000 10000.000000 10000.000000
82.000000 33.000000 1.000000 10000.000000 10000.000000 10000.000000 10000.000000
82.000000 34.000000 1.000000 10000.000000 10000.000000 10000.000000 10000.000000
82.000000 35.000000 1.000000 10000.000000 10000.000000 10000.000000 10000.000000
82.000000 36.000000 1.000000 10000.000000 10000.000000 10000.000000 10000.000000
82.000000 37.000000 1.000000 10000.000000 10000.000000 10000.000000 10000.000000
82.000000 38.000000 1.000000 10000.000000 10000.000000 10000.000000 10000.000000
82.000000 39.000000 1.000000 10000.000000 10000.000000 10000.000000 10000.000000
82.000000 40.000000 1.000000 10000.000000 10000.000000 10000.000000 10000.000000
82.000000 41.000000 1.000000 10000.000000 10000.000000 10000.000000 10000.000000
82.000000 42.000000 1.000000 10000.000000 10000.000000 10000.000000 10000.000000
82.000000 43.000000 1.000000 10000.000000 10000.000000 10000.000000 10000.000000
82.000000 44.000000 1.000000 10000.000000 10000.000000 10000.000000 10000.000000
82.000000 45.000000 1.000000 10000.000000 10000.000000 10000.000000 10000.000000
82.000000 46.000000 1.000000 10000.000000 10000.000000 10000.000000 10000.000000
82.000000 47.000000 1.000000 10000.000000 10000.000000 10000.000000 10000.000000
82.000000 48.000000 1.000000 10000.000000 10000.000000 10000.000000 10000.000000
82.000000 49.000000 1.000000 10000.000000 10000.000000 10000.000000 10000.000000
83.000000 0.000000 1.000000 10000.000000 10000.000000 10000.000000 10000.000000
83.000000 1.000000 1.000000 10000.000000 10000.000000 10000.000000 10000.000000
83.000000 2.000000 1.000000 10000.000000 10000.000000 10000.000000 10000.000000
83.000000 3.000000 1.000000 9999.000000 10000.000000 9999.000000 9999.000000
83.000000 4.000000 1.000000 9999.000000 10000.000000 9999.000000 9999.000000
83.000000 5.000000 1.000000 9999.000000 10000.000000 9999.000000 9999.000000
83.000000 6.000000 1.000000 9999.000000 10000.000000 9999.000000 9999.000000
83.000000 7.000000 1.000000 9999.000000 10000.000000 9999.000000 9999.000000
83.000000 8.000000 1.000000 10000.000000 10000.000000 10000.000000 10000.000000
83.000000 9.000000 1.000000 10000.000000 10000.000000 10000.000000 10000.000000
83.000000 10.000000 1.000000 10000.000000 10000.000000 10000.000000 10000.000000
83.000000 11.000000 1.000000 10000.000000 10000.000000 10000.000000 10000.000000
83.000000 12.000000 1.000000 10000.000000 10000.000000 10000.000000 10000.000000
83.000000 13.000000 1.000000 10000.000000 10000.000000 10000.000000 10000.000000
83.000000 14.000000 1.000000 10000.000000 10000.000000 10000.000000 10000.000000
83.000000 15.000000 1.000000 10000.000000 10000.000000 10000.000000 10000.000000
83.000000 16.000000 1.000000 10000.000000 10000.000000 10000.000000 10000.000000
83.000000 17.000000 1.000000 10000.000000 10000.000000 10000.000000 10000.000000
83.000000 18.000000 1.000000 10000.000000 10000.000000 10000.000000 10000.000000
83.000000 19.000000 1.000000 10000.000000 10000.000000 10000.000000 10000.000000
83.000000 20.000000 1.000000 10000.000000 10000.000000 10000.000000 10000.000000
83.000000 21.000000 1.000000 10000.000000 10000.000000 10000.000000 10000.000000
83.000000 22.000000 1.000000 10000.000000 10000.000000 10000.000000 10000.000000
83.000000 23.000000 1.000000 10000.000000 10000.000000 10000.000000 10000.000000
83.000000 24.000000 1.000000 10000.000000 10000.000000 10000.000000 10000.000000
83.000000 25.000000 1.000000 10000.000000 10000.000000 10000.000000 10000.000000
83.000000 26.000000 1.000000 10000.000000 10000.000000 10000.000000 10000.000000
83.000000 27.000000 1.000000 10000.000000 10000.000000 10000.000000 10000.000000
83.000000 28.000000 1.000000 10000.000000 10000.000000 10000.000000 10000.000000
83.000000 29.000000 1.000000 10000.000000 10000.000000 10000.000000 10000.000000
83.000000 30.000000 1.000000 10000.000000 10000.000000 10000.000000 10000.000000
83.000000 31.000000 1.000000 10000.000000 10000.000000 10000.000000 10000.000000
83.000000 32.000000 1.000000 10000.000000 10000.000000 10000.000000 10000.000000
83.000000 33.000000 1.000000 10000.000000 10000.000000 10000.000000 10000.000000
83.000000 34.000000 1.000000 10000.000000 10000.000000 10000.000000 10000.000000
83.000000 35.000000 1.000000 10000.000000 10000.000000 10000.000000 10000.000000
83.000000 36.000000 1.000000 10000.000000 10000.000000 10000.000000 10000.000000
83.000000 37.000000 1.000000 10000.000000 10000.000000 10000.000000 10000.000000
83.000000 38.000000 1.000000 10000.000000 10000.000000 10000.000000 10000.000000
83.000000 39.000000 1.000000 10000.000000 10000.000000 10000.000000 10000.000000
83.000000 40.000000 1.000000 10000.000000 10000.000000 10000.000000 10000.000000
83.000000 41.000000 1.000000 10000.000000 10000.000000 10000.000000 10000.000000
83.000000 42.000000 1.000000 10000.000000 10000.000000 10000.000000 10000.000000
83.000000 43.000000 1.000000 10000.000000 10000.000000 10000.000000 10000.000000
83.000000 44.000000 1.000000 10000.000000 10000.000000 10000.000000 10000.000000
83.000000 45.000000 1.000000 10000.000000 10000.000000 10000.000000 10000.000000
83.000000 46.000000 1.000000 10000.000000 10000.000000 10000.000000 10000.000000
83.000000 47.000000 1.000000 10000.000000 10000.000000 10000.000000 10000.000000
83.000000 48.000000 1.000000 10000.000000 10000.000000 10000.000000 10000.000000
83.000000 49.000000 1.000000 10000.000000 10000.000000 10000.000000 10000.000000
84.000000 0.000000 1.000000 10000.000000 10000.000000 10000.000000 10000.000000
84.000000 1.000000 1.000000 10000.000000 10000.000000 10000.000000 10000.000000
84.000000 2.000000 1.000000 10000.000000 10000.000000 10000.000000 10000.000000
84.000000 3.000000 1.000000 10000.000000 10000.000000 10000.000000 10000.000000
84.000000 4.000000 1.000000 9999.000000 10000.000000 9999.000000 9999.000000
84.000000 5.000000 1.000000 9997.000000 10000.000000 9997.000000 9997.000000
84.000000 6.000000 1.000000 9995.000000 10000.000000 9995.000000 9995.000000
84.000000 7.000000 1.000000 9992.000000 10000.000000 9992.000000 9992.000000
84.000000 8.000000 1.000000 9991.000000 10000.000000 9991.000000 9991.000000
84.000000 9.000000 1.000000 9992.000000 10000.000000 9992.000000 9992.000000
84.000000 10.000000 1.000000 9994.000000 10000.000000 9994.000000 9994.000000
84.000000 11.000000 1.000000 9996.000000 10000.000000 9996.000000 9996.000000
84.000000 12.000000 1.000000 9998.000000 10000.000000 9998.000000 9998.000000
84.000000 13.000000 1.000000 10000.000000 10000.000000 10000.000000 10000.000000
84.000000 14.000000 1.000000 10000.000000 10000.000000 10000.000000 10000.000000
84.000000 15.000000 1.000000 10000.000000 10000.000000 10000.000000 10000.000000
84.000000 16.000000 1.000000 10000.000000 10000.000000 10000.000000 10000.000000
84.000000 17.000000 1.000000 10000.000000 10000.000000 10000.000000 10000.000000
84.000000 18.000000 1.000000 10000.000000 10000.000000 10000.000000 10000.000000
84.000000 19.000000 1.000000 10000.000000 10000.000000 10000.000000 10000.000000
84.000000 20.000000 1.000000 10000.000000 10000.000000 10000.000000 10000.000000
84.000000 21.000000 1.000000 10000.000000 10000.000000 10000.000000 10000.000000
84.000000 22.000000 1.000000 10000.000000 10000.000000 10000.000000 10000.000000
84.000000 23.000000 1.000000 10000.000000 10000.000000 10000.000000 10000.000000
84.000000 24.000000 1.000000 10000.000000 10000.000000 10000.000000 10000.000000
84.000000 25.000000 1.000000 10000.000000 10000.000000 10000.000000 10000.000000
84.000000 26.000000 1.000000 10000.000000 10000.000000 10000.000000 10000.000000
84.000000 27.000000 1.000000 10000.000000 10000.000000 10000.000000 10000.000000
84.000000 28.000000 1.000000 10000.000000 10000.000000 10000.000000 10000.000000
84.000000 29.000000 1.000000 10000.000000 10000.000000 10000.000000 10000.000000
84.000000 30.000000 1.000000 10000.000000 10000.000000 10000.000000 10000.000000
84.000000 31.000000 1.000000 10000.000000 10000.000000 10000.000000 10000.000000
84.000000 32.000000 1.000000 10000.000000 10000.000000 10000.000000 10000.000000
84.000000 33.000000 1.000000 10000.000000 10000.000000 10000.000000 10000.000000
84.000000 34.000000 1.000000 10000.000000 10000.000000 10000.000000 10000.000000
84.000000 35.000000 1.000000 10000.000000 10000.000000 10000.000000 10000.000000
84.000000 36.000000 1.000000 10000.000000 10000.000000 10000.000000 10000.000000
84.000000 37.000000 1.000000 10000.000000 10000.000000 10000.000000 10000.000000
84.000000 38.000000 1.000000 10000.000000 10000.000000 10000.000000 10000.000000
84.000000 39.000000 1.000000 10000.000000 10000.000000 10000.000000 10000.000000
84.000000 40.000000 1.000000 10000.000000 10000.000000 10000.000000 10000.000000
84.000000 41.000000 1.000000 10000.000000 10000.000000 10000.000000 10000.000000
84.000000 42.000000 1.000000 10000.000000 10000.000000 10000.000000 10000.000000
84.000000 43.000000 1.000000 10000.000000 10000.000000 10000.000000 10000.000000
84.000000 44.000000 1.000000 10000.000000 10000.000000 10000.000000 10000.000000
84.000000 45.000000 1.000000 10000.000000 10000.000000 10000.000000 10000.000000
84.000000 46.000000 1.000000 10000.000000 10000.000000 10000.000000 10000.000000
84.000000 47.000000 1.000000 10000.000000 10000.000000 10000.000000 10000.000000
84.000000 48.000000 1.000000 10000.000000 10000.000000 10000.000000 10000.000000
84.000000 49.000000 1.000000 10000.000000 10000.000000 10000.000000 10000.000000
85.000000 0.000000 1.000000 10000.000000 10000.000000 10000.000000 10000.000000
85.000000 1.000000 1.000000 10000.000000 10000.000000 10000.000000 10000.000000
85.000000 2.000000 1.000000 10000.000000 10000.000000 10000.000000 10000.000000
85.000000 3.000000 1.000000 9999.000000 10000.000000 9999.000000 9999.000000
85.000000 4.000000 1.000000 9998.000000 10000.000000 9998.000000 9998.000000
85.000000 5.000000 1.000000 9997.000000 10000.000000 9997.000000 9997.000000
85.000000 6.000000 1.000000 9997.000000 10000.000000 9997.000000 9997.000000
85.000000 7.000000 1.000000 9996.000000 10000.000000 9996.000000 9996.000000
85.000000 8.000000 1.000000 9997.000000 10000.000000 9997.000000 9997.000000
85.000000 9.000000 1.000000 9998.000000 10000.000000 9998.000000 9998.000000
85.000000 10.000000 1.000000 9998.000000 10000.000000 9998.000000 9998.000000
85.000000 11.000000 1.000000 9999.000000 10000.000000 9999.000000 9999.000000
85.000000 12.000000 1.000000 10000.000000 10000.000000 10000.000000 10000.000000
85.000000 13.000000 1.000000 10000.000000 10000.000000 10000.000000 10000.000000
85.000000 14.000000 1.000000 10000.000000 10000.000000 10000.000000 10000.000000
85.000000 15.000000 1.000000 10000.000000 10000.000000 10000.000000 10000.000000
85.000000 16.000000 1.000000 10000.000000 10000.000000 10000.000000 10000.000000
85.000000 17.000000 1.000000 10000.000000 10000.000000 10000.000000 10000.000000
85.000000 18.000000 1.000000 10000.000000 10000.000000 10000.000000 10000.000000
85.000000 19.000000 1.000000 10000.000000 10000.000000 10000.000000 10000.000000
85.000000 20.000000 1.000000 10000.000000 10000.000000 10000.000000 10000.000000
85.000000 21.000000 1.000000 10000.000000 10000.000000 10000.000000 10000.000000
85.000000 22.000000 1.000000 10000.000000 10000.000000 10000.000000 10000.000000
85.000000 23.000000 1.000000 10000.000000 10000.000000 10000.000000 10000.000000
85.000000 24.000000 1.000000 10000.000000 10000.000000 10000.000000 10000.000000
85.000000 25.000000 1.000000 10000.000000 10000.000000 10000.000000 10000.000000
85.000000 26.000000 1.000000 10000.000000 10000.000000 10000.000000 10000.000000
85.000000 27.000000 1.000000 10000.000000 10000.000000 10000.000000 10000.000000
85.000000 28.000000 1.000000 10000.000000 10000.000000 10000.000000 10000.000000
85.000000 29.000000 1.000000 10000.000000 10000.000000 10000.000000 10000.000000
85.000000 30.000000 1.000000 10000.000000 10000.000000 10000.000000 10000.000000
85.000000 31.000000 1.000000 10000.000000 10000.000000 10000.000000 10000.000000
85.000000 32.000000 1.000000 10000.000000 10000.000000 10000.000000 10000.000000
85.000000 33.000000 1.000000 10000.000000 10000.000000 10000.000000 10000.000000
85.000000 34.000000 1.000000 10000.000000 10000.000000 10000.000000 10000.000000
85.000000 35.000000 1.000000 10000.000000 10000.000000 10000.000000 10000.000000
85.000000 36.000000 1.000000 10000.000000 10000.000000 10000.000000 10000.000000
85.000000 37.000000 1.000000 10000.000000 10000.000000 10000.000000 10000.000000
85.000000 38.000000 1.000000 10000.000000 10000.000000 10000.000000 10000.000000
85.000000 39.000000 1.000000 10000.000000 10000.000000 10000.000000 10000.000000
85.000000 40.000000 1.000000 10000.000000 10000.000000 10000.000000 10000.000000
85.000000 41.000000 1.000000 10000.000000 10000.000000 10000.000000 10000.000000
85.000000 42.000000 1.000000 10000.000000 10000.000000 10000.000000 10000.000000
85.000000 43.000000 1.000000 10000.000000 10000.000000 10000.000000 10000.000000
85.000000 44.000000 1.000000 10000.000000 10000.000000 10000.000000 10000.000000
85.000000 45.000000 1.000000 10000.000000 10000.000000 10000.000000 10000.000000
85.000000 46.000000 1.000000 10000.000000 10000.000000 10000.000000 10000.000000
85.000000 47.000000 1.000000 10000.000000 10000.000000 10000.000000 10000.000000
85.000000 48.000000 1.000000 10000.000000 10000.000000 10000.000000 10000.000000
85.000000 49.000000 1.000000 10000.000000 10000.000000 10000.000000 10000.000000
86.000000 0.000000 1.000000 10000.000000 10000.000000 10000.000000 10000.000000
86.000000 1.000000 1.000000 10000.000000 10000.000000 10000.000000 10000.000000
86.000000 2.000000 1.000000 10000.000000 10000.000000 10000.000000 10000.000000
86.000000 3.000000 1.000000 9999.000000 10000.000000 9999.000000 9999.000000
86.000000 4.000000 1.000000 9997.000000 10000.000000 9997.000000 9997.000000
86.000000 5.000000 1.000000 9996.000000 10000.000000 9996.000000 9996.000000
86.000000 6.000000 1.000000 9996.000000 10000.000000 9996.000000 9996.000000
86.000000 7.000000 1.000000 9996.000000 10000.000000 9996.000000 9996.000000
86.000000 8.000000 1.000000 9997.000000 10000.000000 9997.000000 9997.000000
86.000000 9.000000 1.000000 9999.000000 10000.000000 9999.000000 9999.000000
86.000000 10.000000 1.000000 10000.000000 10000.000000 10000.000000 10000.000000
86.000000 11.000000 1.000000 10000.000000 10000.000000 10000.000000 10000.000000
86.000000 12.000000 1.000000 10000.000000 10000.000000 10000.000000 10000.000000
86.000000 13.000000 1.000000 10000.000000 10000.000000 10000.000000 10000.000000
86.000000 14.000000 1.000000 10000.000000 10000.000000 10000.000000 10000.000000
86.000000 15.000000 1.000000 10000.000000 10000.000000 10000.000000 10000.000000
86.000000 16.000000 1.000000 10000.000000 10000.000000 10000.000000 10000.000000
86.000000 17.000000 1.000000 10000.000000 10000.000000 10000.000000 10000.000000
86.000000 18.000000 1.000000 10000.000000 10000.000000 10000.000000 10000.000000
86.000000 19.000000 1.000000 10000.000000 10000.000000 10000.000000 10000.000000
86.000000 20.000000 1.000000 10000.000000 10000.000000 10000.000000 10000.000000
86.000000 21.000000 1.000000 10000.000000 10000.000000 10000.000000 10000.000000
86.000000 22.000000 1.000000 10000.000000 10000.000000 10000.000000 10000.000000
86.000000 23.000000 1.000000 10000.000000 10000.000000 10000.000000 10000.000000
86.000000 24.000000 1.000000 10000.000000 10000.000000 10000.000000 10000.000000
86.000000 25.000000 1.000000 10000.000000 10000.000000 10000.000000 10000.000000
86.000000 26.000000 1.000000 10000.000000 10000.000000 10000.000000 10000.000000
86.000000 27.000000 1.000000 10000.000000 10000.000000 10000.000000 10000.000000
86.000000 28.000000 1.000000 10000.000000 10000.000000 10000.000000 10000.000000
86.000000 29.000000 1.000000 10000.000000 10000.000000 10000.000000 10000.000000
86.000000 30.000000 1.000000 10000.000000 10000.000000 10000.000000 10000.000000
86.000000 31.000000 1.000000 10000.000000 10000.000000 10000.000000 10000.000000
86.000000 32.000000 1.000000 10000.000000 10000.000000 10000.000000 10000.000000
86.000000 33.000000 1.000000 10000.000000 10000.000000 10000.000000 10000.000000
86.000000 34.000000 1.000000 10000.000000 10000.000000 10000.000000 10000.000000
86.000000 35.000000 1.000000 10000.000000 10000.000000 10000.000000 10000.000000
86.000000 36.000000 1.000000 10000.000000 10000.000000 10000.000000 10000.000000
86.000000 37.000000 1.000000 10000.000000 10000.000000 10000.000000 10000.000000
86.000000 38.000000 1.000000 10000.000000 10000.000000 10000.000000 10000.000000
86.000000 39.000000 1.000000 10000.000000 10000.000000 10000.000000 10000.000000
86.000000 40.000000 1.000000 10000.000000 10000.000000 10000.000000 10000.000000
86.000000 41.000000 1.000000 10000.000000 10000.000000 10000.000000 10000.000000
86.000000 42.000000 1.000000 10000.000000 10000.000000 10000.000000 10000.000000
86.000000 43.000000 1.000000 10000.000000 10000.000000 10000.000000 10000.000000
86.000000 44.000000 1.000000 10000.000000 10000.000000 10000.000000 10000.000000
86.000000 45.000000 1.000000 10000.000000 10000.000000 10000.000000 10000.000000
86.000000 46.000000 1.000000 10000.000000 10000.000000 10000.000000 10000.000000
86.000000 47.000000 1.000000 10000.000000 10000.000000 10000.000000 10000.000000
86.000000 48.000000 1.000000 10000.000000 10000.000000 10000.000000 10000.000000
86.000000 49.000000 1.000000 10000.000000 10000.000000 10000.000000 10000.000000
87.000000 0.000000 1.000000 10000.000000 10000.000000 10000.000000 10000.000000
87.000000 1.000000 1.000000 10000.000000 10000.000000 10000.000000 10000.000000
87.000000 2.000000 1.000000 10000.000000 10000.000000 10000.000000 10000.000000
87.000000 3.000000 1.000000 10000.000000 10000.000000 10000.000000 10000.000000
87.000000 4.000000 1.000000 9999.000000 10000.000000 9999.000000 9999.000000
87.000000 5.000000 1.000000 9999.000000 10000.000000 9999.000000 9999.000000
87.000000 6.000000 1.000000 9999.000000 10000.000000 9999.000000 9999.000000
87.000000 7.000000 1.000000 9999.000000 10000.000000 9999.000000 9999.000000
87.000000 8.000000 1.000000 9999.000000 10000.000000 9999.000000 9999.000000
87.000000 9.000000 1.000000 10000.000000 10000.000000 10000.000000 10000.000000
87.000000 10.000000 1.000000 10000.000000 10000.000000 10000.000000 10000.000000
87.000000 11.000000 1.000000 10000.000000 10000.000000 10000.000000 10000.000000
87.000000 12.000000 1.000000 10000.000000 10000.000000 10000.000000 10000.000000
87.000000 13.000000 1.000000 10000.000000 10000.000000 10000.000000 10000.000000
87.000000 14.000000 1.000000 10000.000000 10000.000000 10000.000000 10000.000000
87.000000 15.000000 1.000000 10000.000000 10000.000000 10000.000000 10000.000000
87.000000 16.000000 1.000000 10000.000000 10000.000000 10000.000000 10000.000000
87.000000 17.000000 1.000000 10000.000000 10000.000000 10000.000000 10000.000000
87.000000 18.000000 1.000000 10000.000000 10000.000000 10000.000000 10000.000000
87.000000 19.000000 1.000000 10000.000000 10000.000000 10000.000000 10000.000000
87.000000 20.000000 1.000000 10000.000000 10000.000000 10000.000000 10000.000000
87.000000 21.000000 1.000000 10000.000000 10000.000000 10000.000000 10000.000000
87.000000 22.000000 1.000000 10000.000000 10000.000000 10000.000000 10000.000000
87.000000 23.000000 1.000000 10000.000000 10000.000000 10000.000000 10000.000000
87.000000 24.000000 1.000000 10000.000000 10000.000000 10000.000000 10000.000000
87.000000 25.000000 1.000000 10000.000000 10000.000000 10000.000000 10000.000000
87.000000 26.000000 1.000000 10000.000000 10000.000000 10000.000000 10000.000000
87.000000 27.000000 1.000000 10000.000000 10000.000000 10000.000000 10000.000000
87.000000 28.000000 1.000000 10000.000000 10000.000000 10000.000000 10000.000000
87.000000 29.000000 1.000000 10000.000000 10000.000000 10000.000000 10000.000000
87.000000 30.000000 1.000000 10000.000000 10000.000000 10000.000000 10000.000000
87.000000 31.000000 1.000000 10000.000000 10000.000000 10000.000000 10000.000000
87.000000 32.000000 1.000000 10000.000000 10000.000000 10000.000000 10000.000000
87.000000 33.000000 1.000000 10000.000000 10000.000000 10000.000000 10000.000000
87.000000 34.000000 1.000000 10000.000000 10000.000000 10000.000000 10000.000000
87.000000 35.000000 1.000000 10000.000000 10000.000000 10000.000000 10000.000000
87.000000 36.000000 1.000000 10000.000000 10000.000000 10000.000000 10000.000000
87.000000 37.000000 1.000000 10000.000000 10000.000000 10000.000000 10000.000000
87.000000 38.000000 1.000000 10000.000000 10000.000000 10000.000000 10000.000000
87.000000 39.000000 1.000000 10000.000000 10000.000000 10000.000000 10000.000000
87.000000 40.000000 1.000000 10000.000000 10000.000000 10000.000000 10000.000000
87.000000 41.000000 1.000000 10000.000000 10000.000000 10000.000000 10000.000000
87.000000 42.000000 1.000000 10000.000000 10000.000000 10000.000000 10000.000000
87.000000 43.000000 1.000000 10000.000000 10000.000000 10000.000000 10000.000000
87.000000 44.000000 1.000000 10000.000000 10000.000000 10000.000000 10000.000000
87.000000 45.000000 1.000000 10000.000000 10000.000000 10000.000000 10000.000000
87.000000 46.000000 1.000000 10000.000000 10000.000000 10000.000000 10000.000000
87.000000 47.000000 1.000000 10000.000000 10000.000000 10000.000000 10000.000000
87.000000 48.000000 1.000000 10000.000000 10000.000000 10000.000000 10000.000000
87.000000 49.000000 1.000000 10000.000000 10000.000000 10000.000000 10000.000000
88.000000 0.000000 1.000000 10000.000000 10000.000000 10000.000000 10000.000000
88.000000 1.000000 1.000000 10000.000000 10000.000000 10000.000000 10000.000000
88.000000 2.000000 1.000000 9999.000000 10000.000000 9999.000000 9999.000000
88.000000 3.000000 1.000000 9999.000000 10000.000000 9999.000000 9999.000000
88.000000 4.000000 1.000000 9999.000000 10000.000000 9999.000000 9999.000000
88.000000 5.000000 1.000000 9998.000000 10000.000000 9998.000000 9998.000000
88.000000 6.000000 1.000000 9998.000000 10000.000000 9998.000000 9998.000000
88.000000 7.000000 1.000000 9998.000000 10000.000000 9998.000000 9998.000000
88.000000 8.000000 1.000000 9999.000000 10000.000000 9999.000000 9999.000000
88.000000 9.000000 1.000000 9999.000000 10000.000000 9999.000000 9999.000000
88.000000 10.000000 1.000000 10000.000000 10000.000000 10000.000000 10000.000000
88.000000 11.000000 1.000000 10000.000000 10000.000000 10000.000000 10000.000000
88.000000 12.000000 1.000000 10000.000000 10000.000000 10000.000000 10000.000000
88.000000 13.000000 1.000000 10000.000000 10000.000000 10000.000000 10000.000000
88.000000 14.000000 1.000000 10000.000000 10000.000000 10000.000000 10000.000000
88.000000 15.000000 1.000000 10000.000000 10000.000000 10000.000000 10000.000000
88.000000 16.000000 1.000000 10000.000000 10000.000000 10000.000000 10000.000000
88.000000 17.000000 1.000000 10000.000000 10000.000000 10000.000000 10000.000000
88.000000 18.000000 1.000000 10000.000000 10000.000000 10000.000000 10000.000000
88.000000 19.000000 1.000000 10000.000000 10000.000000 10000.000000 10000.000000
88.000000 20.000000 1.000000 10000.000000 10000.000000 10000.000000 10000.000000
88.000000 21.000000 1.000000 10000.000000 10000.000000 10000.000000 10000.000000
88.000000 22.000000 1.000000 10000.000000 10000.000000 10000.000000 10000.000000
88.000000 23.000000 1.000000 10000.000000 10000.000000 10000.000000 10000.000000
88.000000 24.000000 1.000000 10000.000000 10000.000000 10000.000000 10000.000000
88.000000 25.000000 1.000000 10000.000000 10000.000000 10000.000000 10000.000000
88.000000 26.000000 1.000000 10000.000000 10000.000000 10000.000000 10000.000000
88.000000 27.000000 1.000000 10000.000000 10000.000000 10000.000000 10000.000000
88.000000 28.000000 1.000000 10000.000000 10000.000000 10000.000000 10000.000000
88.000000 29.000000 1.000000 10000.000000 10000.000000 10000.000000 10000.000000
88.000000 30.000000 1.000000 10000.000000 10000.000000 10000.000000 10000.000000
88.000000 31.000000 1.000000 10000.000000 10000.000000 10000.000000 10000.000000
88.000000 32.000000 1.000000 10000.000000 10000.000000 10000.000000 10000.000000
88.000000 33.000000 1.000000 10000.000000 10000.000000 10000.000000 10000.000000
88.000000 34.000000 1.000000 10000.000000 10000.000000 10000.000000 10000.000000
88.000000 35.000000 1.000000 10000.000000 10000.000000 10000.000000 10000.000000
88.000000 36.000000 1.000000 10000.000000 10000.000000 10000.000000 10000.000000
88.000000 37.000000 1.000000 10000.000000 10000.000000 10000.000000 10000.000000
88.000000 38.000000 1.000000 10000.000000 10000.000000 10000.000000 10000.000000
88.000000 39.000000 1.000000 10000.000000 10000.000000 10000.000000 10000.000000
88.000000 40.000000 1.000000 10000.000000 10000.000000 10000.000000 10000.000000
88.000000 41.000000 1.000000 10000.000000 10000.000000 10000.000000 10000.000000
88.000000 42.000000 1.000000 10000.000000 10000.000000 10000.000000 10000.000000
88.000000 43.000000 1.000000 10000.000000 10000.000000 10000.000000 10000.000000
88.000000 44.000000 1.000000 10000.000000 10000.000000 10000.000000 10000.000000
88.000000 45.000000 1.000000 10000.000000 10000.000000 10000.000000 10000.000000
88.000000 46.000000 1.000000 10000.000000 10000.000000 10000.000000 10000.000000
88.000000 47.000000 1.000000 10000.000000 10000.000000 10000.000000 10000.000000
88.000000 48.000000 1.000000 10000.000000 10000.000000 10000.000000 10000.000000
88.000000 49.000000 1.000000 10000.000000 10000.000000 10000.000000 10000.000000
89.000000 0.000000 1.000000 10000.000000 10000.000000 10000.000000 10000.000000
89.000000 1.000000 1.000000 10000.000000 10000.000000 10000.000000 10000.000000
89.000000 2.000000 1.000000 9999.000000 10000.000000 9999.000000 9999.000000
89.000000 3.000000 1.000000 9999.000000 10000.000000 9999.000000 9999.000000
89.000000 4.000000 1.000000 9999.000000 10000.000000 9999.000000 9999.000000
89.000000 5.000000 1.000000 9999.000000 10000.000000 9999.000000 9999.000000
89.000000 6.000000 1.000000 9999.000000 10000.000000 9999.000000 9999.000000
89.000000 7.000000 1.000000 10000.000000 10000.000000 10000.000000 10000.000000
89.000000 8.000000 1.000000 10000.000000 10000.000000 10000.000000 10000.000000
89.000000 9.000000 1.000000 10000.000000 10000.000000 10000.000000 10000.000000
89.000000 10.000000 1.000000 10000.000000 10000.000000 10000.000000 10000.000000
89.000000 11.000000 1.000000 10000.000000 10000.000000 10000.000000 10000.000000
89.000000 12.000000 1.000000 10000.000000 10000.000000 10000.000000 10000.000000
89.000000 13.000000 1.000000 10000.000000 10000.000000 10000.000000 10000.000000
89.000000 14.000000 1.000000 10000.000000 10000.000000 10000.000000 10000.000000
89.000000 15.000000 1.000000 10000.000000 10000.000000 10000.000000 10000.000000
89.000000 16.000000 1.000000 10000.000000 10000.000000 10000.000000 10000.000000
89.000000 17.000000 1.000000 10000.000000 10000.000000 10000.000000 10000.000000
89.000000 18.000000 1.000000 10000.000000 10000.000000 10000.000000 10000.000000
89.000000 19.000000 1.000000 10000.000000 10000.000000 10000.000000 10000.000000
89.000000 20.000000 1.000000 10000.000000 10000.000000 10000.000000 10000.000000
89.000000 21.000000 1.000000 10000.000000 10000.000000 10000.000000 10000.000000
89.000000 22.000000 1.000000 10000.000000 10000.000000 10000.000000 10000.000000
89.000000 23.000000 1.000000 10000.000000 10000.000000 10000.000000 10000.000000
89.000000 24.000000 1.000000 10000.000000 10000.000000 10000.000000 10000.000000
89.000000 25.000000 1.000000 10000.000000 10000.000000 10000.000000 10000.000000
89.000000 26.000000 1.000000 10000.000000 10000.000000 10000.000000 10000.000000
89.000000 27.000000 1.000000 10000.000000 10000.000000 10000.000000 10000.000000
89.000000 28.000000 1.000000 10000.000000 10000.000000 10000.000000 10000.000000
89.000000 29.000000 1.000000 10000.000000 10000.000000 10000.000000 10000.000000
89.000000 30.000000 1.000000 10000.000000 10000.000000 10000.000000 10000.000000
89.000000 31.000000 1.000000 10000.000000 10000.000000 10000.000000 10000.000000
89.000000 32.000000 1.000000 10000.000000 10000.000000 10000.000000 10000.000000
89.000000 33.000000 1.000000 10000.000000 10000.000000 10000.000000 10000.000000
89.000000 34.000000 1.000000 10000.000000 10000.000000 10000.000000 10000.000000
89.000000 35.000000 1.000000 10000.000000 10000.000000 10000.000000 10000.000000
89.000000 36.000000 1.000000 10000.000000 10000.000000 10000.000000 10000.000000
89.000000 37.000000 1.000000 10000.000000 10000.000000 10000.000000 10000.000000
89.000000 38.000000 1.000000 10000.000000 10000.000000 10000.000000 10000.000000
89.000000 39.000000 1.000000 10000.000000 10000.000000 10000.000000 10000.000000
89.000000 40.000000 1.000000 10000.000000 10000.000000 10000.000000 10000.000000
89.000000 41.000000 1.000000 10000.000000 10000.000000 10000.000000 10000.000000
89.000000 42.000000 1.000000 10000.000000 10000.000000 10000.000000 10000.000000
89.000000 43.000000 1.000000 10000.000000 10000.000000 10000.000000 10000.000000
89.000000 44.000000 1.000000 10000.000000 10000.000000 10000.000000 10000.000000
89.000000 45.000000 1.000000 10000.000000 10000.000000 10000.000000 10000.000000
89.000000 46.000000 1.000000 10000.000000 10000.000000 10000.000000 10000.000000
89.000000 47.000000 1.000000 10000.000000 10000.000000 10000.000000 10000.000000
89.000000 48.000000 1.000000 10000.000000 10000.000000 10000.000000 10000.000000
89.000000 49.000000 1.000000 10000.000000 10000.000000 10000.000000 10000.000000
90.000000 0.000000 1.000000 10000.000000 10000.000000 10000.000000 10000.000000
90.000000 1.000000 1.000000 10000.000000 10000.000000 10000.000000 10000.000000
90.000000 2.000000 1.000000 9999.000000 10000.000000 9999.000000 9999.000000
90.000000 3.000000 1.000000 9998.000000 10000.000000 9998.000000 9998.000000
90.000000 4.000000 1.000000 9998.000000 10000.000000 9998.000000 9998.000000
90.000000 5.000000 1.000000 9998.000000 10000.000000 9998.000000 9998.000000
90.000000 6.000000 1.000000 9998.000000 10000.000000 9998.000000 9998.000000
90.000000 7.000000 1.000000 9999.000000 10000.000000 9999.000000 9999.000000
90.000000 8.000000 1.000000 10000.000000 10000.000000 10000.000000 10000.000000
90.000000 9.000000 1.000000 10000.000000 10000.000000 10000.000000 10000.000000
90.000000 10.000000 1.000000 10000.000000 10000.000000 10000.000000 10000.000000
90.000000 11.000000 1.000000 10000.000000 10000.000000 10000.000000 10000.000000
90.000000 12.000000 1.000000 10000.000000 10000.000000 10000.000000 10000.000000
90.000000 13.000000 1.000000 10000.000000 10000.000000 10000.000000 10000.000000
90.000000 14.000000 1.000000 10000.000000 10000.000000 10000.000000 10000.000000
90.000000 15.000000 1.000000 10000.000000 10000.000000 10000.000000 10000.000000
90.000000 16.000000 1.000000 10000.000000 10000.000000 10000.000000 10000.000000
90.000000 17.000000 1.000000 10000.000000 10000.000000 10000.000000 10000.000000
90.000000 18.000000 1.000000 10000.000000 10000.000000 10000.000000 10000.000000
90.000000 19.000000 1.000000 10000.000000 10000.000000 10000.000000 10000.000000
90.000000 20.000000 1.000000 10000.000000 10000.000000 10000.000000 10000.000000
90.000000 21.000000 1.000000 10000.000000 10000.000000 10000.000000 10000.000000
90.000000 22.000000 1.000000 10000.000000 10000.000000 10000.000000 10000.000000
90.000000 23.000000 1.000000 10000.000000 10000.000000 10000.000000 10000.000000
90.000000 24.000000 1.000000 10000.000000 10000.000000 10000.000000 10000.000000
90.000000 25.000000 1.000000 10000.000000 10000.000000 10000.000000 10000.000000
90.000000 26.000000 1.000000 10000.000000 10000.000000 10000.000000 10000.000000
90.000000 27.000000 1.000000 10000.000000 10000.000000 10000.000000 10000.000000
90.000000 28.000000 1.000000 10000.000000 10000.000000 10000.000000 10000.000000
90.000000 29.000000 1.000000 10000.000000 10000.000000 10000.000000 10000.000000
90.000000 30.000000 1.000000 10000.000000 10000.000000 10000.000000 10000.000000
90.000000 31.000000 1.000000 10000.000000 10000.000000 10000.000000 10000.000000
90.000000 32.000000 1.000000 10000.000000 10000.000000 10000.000000 10000.000000
90.000000 33.000000 1.000000 10000.000000 10000.000000 10000.000000 10000.000000
90.000000 34.000000 1.000000 10000.000000 10000.000000 10000.000000 10000.000000
90.000000 35.000000 1.000000 10000.000000 10000.000000 10000.000000 10000.000000
90.000000 36.000000 1.000000 10000.000000 10000.000000 10000.000000 10000.000000
90.000000 37.000000 1.000000 10000.000000 10000.000000 10000.000000 10000.000000
90.000000 38.000000 1.000000 10000.000000 10000.000000 10000.000000 10000.000000
90.000000 39.000000 1.000000 10000.000000 10000.000000 10000.000000 10000.000000
90.000000 40.000000 1.000000 10000.000000 10000.000000 10000.000000 10000.000000
90.000000 41.000000 1.000000 10000.000000 10000.000000 10000.000000 10000.000000
90.000000 42.000000 1.000000 10000.000000 10000.000000 10000.000000 10000.000000
90.000000 43.000000 1.000000 10000.000000 10000.000000 10000.000000 10000.000000
90.000000 44.000000 1.000000 10000.000000 10000.000000 10000.000000 10000.000000
90.000000 45.000000 1.000000 10000.000000 10000.000000 10000.000000 10000.000000
90.000000 46.000000 1.000000 10000.000000 10000.000000 10000.000000 10000.000000
90.000000 47.000000 1.000000 10000.000000 10000.000000 10000.000000 10000.000000
90.000000 48.000000 1.000000 10000.000000 10000.000000 10000.000000 10000.000000
90.000000 49.000000 1.000000 10000.000000 10000.000000 10000.000000 10000.000000
91.000000 0.000000 1.000000 10000.000000 10000.000000 10000.000000 10000.000000
91.000000 1.000000 1.000000 10000.000000 10000.000000 10000.000000 10000.000000
91.000000 2.000000 1.000000 10000.000000 10000.000000 10000.000000 10000.000000
91.000000 3.000000 1.000000 9999.000000 10000.000000 9999.000000 9999.000000
91.000000 4.000000 1.000000 9999.000000 10000.000000 9999.000000 9999.000000
91.000000 5.000000 1.000000 9999.000000 10000.000000 9999.000000 9999.000000
91.000000 6.000000 1.000000 9999.000000 10000.000000 9999.000000 9999.000000
91.000000 7.000000 1.000000 9999.000000 10000.000000 9999.000000 9999.000000
91.000000 8.000000 1.000000 10000.000000 10000.000000 10000.000000 10000.000000
91.000000 9.000000 1.000000 10000.000000 10000.000000 10000.000000 10000.000000
91.000000 10.000000 1.000000 10000.000000 10000.000000 10000.000000 10000.000000
91.000000 11.000000 1.000000 10000.000000 10000.000000 10000.000000 10000.000000
91.000000 12.000000 1.000000 10000.000000 10000.000000 10000.000000 10000.000000
91.000000 13.000000 1.000000 10000.000000 10000.000000 10000.000000 10000.000000
91.000000 14.000000 1.000000 10000.000000 10000.000000 10000.000000 10000.000000
91.000000 15.000000 1.000000 10000.000000 10000.000000 10000.000000 10000.000000
91.000000 16.000000 1.000000 10000.000000 10000.000000 10000.000000 10000.000000
91.000000 17.000000 1.000000 10000.000000 10000.000000 10000.000000 10000.000000
91.000000 18.000000 1.000000 10000.000000 10000.000000 10000.000000 10000.000000
91.000000 19.000000 1.000000 10000.000000 10000.000000 10000.000000 10000.000000
91.000000 20.000000 1.000000 10000.000000 10000.000000 10000.000000 10000.000000
91.000000 21.000000 1.000000 10000.000000 10000.000000 10000.000000 10000.000000
91.000000 22.000000 1.000000 10000.000000 10000.000000 10000.000000 10000.000000
91.000000 23.000000 1.000000 10000.000000 10000.000000 10000.000000 10000.000000
91.000000 24.000000 1.000000 10000.000000 10000.000000 10000.000000 10000.000000
91.000000 25.000000 1.000000 10000.000000 10000.000000 10000.000000 10000.000000
91.000000 26.000000 1.000000 10000.000000 10000.000000 10000.000000 10000.000000
91.000000 27.000000 1.000000 10000.000000 10000.000000 10000.000000 10000.000000
91.000000 28.000000 1.000000 10000.000000 10000.000000 10000.000000 10000.000000
91.000000 29.000000 1.000000 10000.000000 10000.000000 10000.000000 10000.000000
91.000000 30.000000 1.000000 10000.000000 10000.000000 10000.000000 10000.000000
91.000000 31.000000 1.000000 10000.000000 10000.000000 10000.000000 10000.000000
91.000000 32.000000 1.000000 10000.000000 10000.000000 10000.000000 10000.000000
91.000000 33.000000 1.000000 10000.000000 10000.000000 10000.000000 10000.000000
91.000000 34.000000 1.000000 10000.000000 10000.000000 10000.000000 10000.000000
91.000000 35.000000 1.000000 10000.000000 10000.000000 10000.000000 10000.000000
91.000000 36.000000 1.000000 10000.000000 10000.000000 10000.000000 10000.000000
91.000000 37.000000 1.000000 10000.000000 10000.000000 10000.000000 10000.000000
91.000000 38.000000 1.000000 10000.000000 10000.000000 10000.000000 10000.000000
91.000000 39.000000 1.000000 10000.000000 10000.000000 10000.000000 10000.000000
91.000000 40.000000 1.000000 10000.000000 10000.000000 10000.000000 10000.000000
91.000000 41.000000 1.000000 10000.000000 10000.000000 10000.000000 10000.000000
91.000000 42.000000 1.000000 10000.000000 10000.000000 10000.000000 10000.000000
91.000000 43.000000 1.000000 10000.000000 10000.000000 10000.000000 10000.000000
91.000000 44.000000 1.000000 10000.000000 10000.000000 10000.000000 10000.000000
91.000000 45.000000 1.000000 10000.000000 10000.000000 10000.000000 10000.000000
91.000000 46.000000 1.000000 10000.000000 10000.000000 10000.000000 10000.000000
91.000000 47.000000 1.000000 10000.000000 10000.000000 10000.000000 10000.000000
91.000000 48.000000 1.000000 10000.000000 10000.000000 10000.000000 10000.000000
91.000000 49.000000 1.000000 10000.000000 10000.000000 10000.000000 10000.000000
92.000000 0.000000 1.000000 10000.000000 10000.000000 10000.000000 10000.000000
92.000000 1.000000 1.000000 10000.000000 10000.000000 10000.000000 10000.000000
92.000000 2.000000 1.000000 9999.000000 10000.000000 9999.000000 9999.000000
92.000000 3.000000 1.000000 9998.000000 10000.000000 9998.000000 9998.000000
92.000000 4.000000 1.000000 9996.000000 10000.000000 9996.000000 9996.000000
92.000000 5.000000 1.000000 9991.000000 10000.000000 9991.000000 9991.000000
92.000000 6.000000 1.000000 9989.000000 10000.000000 9989.000000 9989.000000
92.000000 7.000000 1.000000 9987.000000 10000.000000 9987.000000 9987.000000
92.000000 8.000000 1.000000 9986.000000 10000.000000 9986.000000 9986.000000
92.000000 9.000000 1.000000 9989.000000 10000.000000 9989.000000 9989.000000
92.000000 10.000000 1.000000 9992.000000 10000.000000 9992.000000 9992.000000
92.000000 11.000000 1.000000 9995.000000 10000.000000 9995.000000 9995.000000
92.000000 12.000000 1.000000 9997.000000 10000.000000 9997.000000 9997.000000
92.000000 13.000000 1.000000 9999.000000 10000.000000 9999.000000 9999.000000
92.000000 14.000000 1.000000 9999.000000 10000.000000 9999.000000 9999.000000
92.000000 15.000000 1.000000 10000.000000 10000.000000 10000.000000 10000.000000
92.000000 16.000000 1.000000 10000.000000 10000.000000 10000.000000 10000.000000
92.000000 17.000000 1.000000 10000.000000 10000.000000 10000.000000 10000.000000
92.000000 18.000000 1.000000 10000.000000 10000.000000 10000.000000 10000.000000
92.000000 19.000000 1.000000 10000.000000 10000.000000 10000.000000 10000.000000
92.000000 20.000000 1.000000 10000.000000 10000.000000 10000.000000 10000.000000
92.000000 21.000000 1.000000 10000.000000 10000.000000 10000.000000 10000.000000
92.000000 22.000000 1.000000 10000.000000 10000.000000 10000.000000 10000.000000
92.000000 23.000000 1.000000 10000.000000 10000.000000 10000.000000 10000.000000
92.000000 24.000000 1.000000 10000.000000 10000.000000 10000.000000 10000.000000
92.000000 25.000000 1.000000 10000.000000 10000.000000 10000.000000 10000.000000
92.000000 26.000000 1.000000 10000.000000 10000.000000 10000.000000 10000.000000
92.000000 27.000000 1.000000 10000.000000 10000.000000 10000.000000 10000.000000
92.000000 28.000000 1.000000 10000.000000 10000.000000 10000.000000 10000.000000
92.000000 29.000000 1.000000 10000.000000 10000.000000 10000.000000 10000.000000
92.000000 30.000000 1.000000 10000.000000 10000.000000 10000.000000 10000.000000
92.000000 31.000000 1.000000 10000.000000 10000.000000 10000.000000 10000.000000
92.000000 32.000000 1.000000 10000.000000 10000.000000 10000.000000 10000.000000
92.000000 33.000000 1.000000 10000.000000 10000.000000 10000.000000 10000.000000
92.000000 34.000000 1.000000 10000.000000 10000.000000 10000.000000 10000.000000
92.000000 35.000000 1.000000 10000.000000 10000.000000 10000.000000 10000.000000
92.000000 36.000000 1.000000 10000.000000 10000.000000 10000.000000 10000.000000
92.000000 37.000000 1.000000 10000.000000 10000.000000 10000.000000 10000.000000
92.000000 38.000000 1.000000 10000.000000 10000.000000 10000.000000 10000.000000
92.000000 39.000000 1.000000 10000.000000 10000.000000 10000.000000 10000.000000
92.000000 40.000000 1.000000 10000.000000 10000.000000 10000.000000 10000.000000
92.000000 41.000000 1.000000 10000.000000 10000.000000 10000.000000 10000.000000
92.000000 42.000000 1.000000 10000.000000 10000.000000 10000.000000 10000.000000
92.000000 43.000000 1.000000 10000.000000 10000.000000 10000.000000 10000.000000
92.000000 44.000000 1.000000 10000.000000 10000.000000 10000.000000 10000.000000
92.000000 45.000000 1.000000 10000.000000 10000.000000 10000.000000 10000.000000
92.000000 46.000000 1.000000 10000.000000 10000.000000 10000.000000 10000.000000
92.000000 47.000000 1.000000 10000.000000 10000.000000 10000.000000 10000.000000
92.000000 48.000000 1.000000 10000.000000 10000.000000 10000.000000 10000.000000
92.000000 49.000000 1.000000 10000.000000 10000.000000 10000.000000 10000.000000
93.000000 0.000000 1.000000 10000.000000 10000.000000 10000.000000 10000.000000
93.000000 1.000000 1.000000 10000.000000 10000.000000 10000.000000 10000.000000
93.000000 2.000000 1.000000 10000.000000 10000.000000 10000.000000 10000.000000
93.000000 3.000000 1.000000 10000.000000 10000.000000 10000.000000 10000.000000
93.000000 4.000000 1.000000 9998.000000 10000.000000 9998.000000 9998.000000
93.000000 5.000000 1.000000 9997.000000 10000.000000 9997.000000 9997.000000
93.000000 6.000000 1.000000 9989.000000 10000.000000 9989.000000 9989.000000
93.000000 7.000000 1.000000 9963.000000 10000.000000 9963.000000 9963.000000
93.000000 8.000000 1.000000 9918.000000 10000.000000 9918.000000 9918.000000
93.000000 9.000000 1.000000 9879.000000 10000.000000 9879.000000 9879.000000
93.000000 10.000000 1.000000 9802.000000 10000.000000 9802.000000 9802.000000
93.000000 11.000000 1.000000 9731.000000 10000.000000 9731.000000 9731.000000
93.000000 12.000000 1.000000 9642.000000 10000.000000 9642.000000 9642.000000
93.000000 13.000000 1.000000 9551.000000 10000.000000 9551.000000 9551.000000
93.000000 14.000000 1.000000 9404.000000 10000.000000 9404.000000 9404.000000
93.000000 15.000000 1.000000 9256.000000 10000.000000 9256.000000 9256.000000
93.000000 16.000000 1.000000 9069.000000 10000.000000 9069.000000 9069.000000
93.000000 17.000000 1.000000 8908.000000 10000.000000 8908.000000 8908.000000
93.000000 18.000000 1.000000 8780.000000 10000.000000 8780.000000 8780.000000
93.000000 19.000000 1.000000 8655.000000 10000.000000 8655.000000 8655.000000
93.000000 20.000000 1.000000 8657.000000 10000.000000 8657.000000 8657.000000
93.000000 21.000000 1.000000 8700.000000 10000.000000 8700.000000 8700.000000
93.000000 22.000000 1.000000 8820.000000 10000.000000 8820.000000 8820.000000
93.000000 23.000000 1.000000 8952.000000 10000.000000 8952.000000 8952.000000
93.000000 24.000000 1.000000 9106.000000 10000.000000 9106.000000 9106.000000
93.000000 25.000000 1.000000 9232.000000 10000.000000 9232.000000 9232.000000
93.000000 26.000000 1.000000 9388.000000 10000.000000 9388.000000 9388.000000
93.000000 27.000000 1.000000 9495.000000 10000.000000 9495.000000 9495.000000
93.000000 28.000000 1.000000 9603.000000 10000.000000 9603.000000 9603.000000
93.000000 29.000000 1.000000 9702.000000 10000.000000 9702.000000 9702.000000
93.000000 30.000000 1.000000 9798.000000 10000.000000 9798.000000 9798.000000
93.000000 31.000000 1.000000 9845.000000 10000.000000 9845.000000 9845.000000
93.000000 32.000000 1.000000 9893.000000 10000.000000 9893.000000 9893.000000
93.000000 33.000000 1.000000 9915.000000 10000.000000 9915.000000 9915.000000
93.000000 34.000000 1.000000 9946.000000 10000.000000 9946.000000 9946.000000
93.000000 35.000000 1.000000 9956.000000 10000.000000 9956.000000 9956.000000
93.000000 36.000000 1.000000 9969.000000 10000.000000 9969.000000 9969.000000
93.000000 37.000000 1.000000 9973.000000 10000.000000 9973.000000 9973.000000
93.000000 38.000000 1.000000 9973.000000 10000.000000 9973.000000 9973.000000
93.000000 39.000000 1.000000 9976.000000 10000.000000 9976.000000 9976.000000
93.000000 40.000000 1.000000 9982.000000 10000.000000 9982.000000 9982.000000
93.000000 41.000000 1.000000 9986.000000 10000.000000 9986.000000 9986.000000
93.000000 42.000000 1.000000 9992.000000 10000.000000 9992.000000 9992.000000
93.000000 43.000000 1.000000 9996.000000 10000.000000 9996.000000 9996.000000
93.000000 44.000000 1.000000 9997.000000 10000.000000 9997.000000 9997.000000
93.000000 45.000000 1.000000 9996.000000 10000.000000 9996.000000 9996.000000
93.000000 46.000000 1.000000 9995.000000 10000.000000 9995.000000 9995.000000
93.000000 47.000000 1.000000 9996.000000 10000.000000 9996.000000 9996.000000
93.000000 48.000000 1.000000 9996.000000 10000.000000 9996.000000 9996.000000
93.000000 49.000000 1.000000 9996.000000 10000.000000 9996.000000 9996.000000
94.000000 0.000000 1.000000 10000.000000 10000.000000 10000.000000 10000.000000
94.000000 1.000000 1.000000 10000.000000 10000.000000 10000.000000 10000.000000
94.000000 2.000000 1.000000 9999.000000 10000.000000 9999.000000 9999.000000
94.000000 3.000000 1.000000 9999.000000 10000.000000 9999.000000 9999.000000
94.000000 4.000000 1.000000 9999.000000 10000.000000 9999.000000 9999.000000
94.000000 5.000000 1.000000 9999.000000 10000.000000 9999.000000 9999.000000
94.000000 6.000000 1.000000 9999.000000 10000.000000 9999.000000 9999.000000
94.000000 7.000000 1.000000 10000.000000 10000.000000 10000.000000 10000.000000
94.000000 8.000000 1.000000 10000.000000 10000.000000 10000.000000 10000.000000
94.000000 9.000000 1.000000 10000.000000 10000.000000 10000.000000 10000.000000
94.000000 10.000000 1.000000 10000.000000 10000.000000 10000.000000 10000.000000
94.000000 11.000000 1.000000 10000.000000 10000.000000 10000.000000 10000.000000
94.000000 12.000000 1.000000 10000.000000 10000.000000 10000.000000 10000.000000
94.000000 13.000000 1.000000 10000.000000 10000.000000 10000.000000 10000.000000
94.000000 14.000000 1.000000 10000.000000 10000.000000 10000.000000 10000.000000
94.000000 15.000000 1.000000 10000.000000 10000.000000 10000.000000 10000.000000
94.000000 16.000000 1.000000 10000.000000 10000.000000 10000.000000 10000.000000
94.000000 17.000000 1.000000 10000.000000 10000.000000 10000.000000 10000.000000
94.000000 18.000000 1.000000 10000.000000 10000.000000 10000.000000 10000.000000
94.000000 19.000000 1.000000 10000.000000 10000.000000 10000.000000 10000.000000
94.000000 20.000000 1.000000 10000.000000 10000.000000 10000.000000 10000.000000
94.000000 21.000000 1.000000 10000.000000 10000.000000 10000.000000 10000.000000
94.000000 22.000000 1.000000 10000.000000 10000.000000 10000.000000 10000.000000
94.000000 23.000000 1.000000 10000.000000 10000.000000 10000.000000 10000.000000
94.000000 24.000000 1.000000 10000.000000 10000.000000 10000.000000 10000.000000
94.000000 25.000000 1.000000 10000.000000 10000.000000 10000.000000 10000.000000
94.000000 26.000000 1.000000 10000.000000 10000.000000 10000.000000 10000.000000
94.000000 27.000000 1.000000 10000.000000 10000.000000 10000.000000 10000.000000
94.000000 28.000000 1.000000 10000.000000 10000.000000 10000.000000 10000.000000
94.000000 29.000000 1.000000 10000.000000 10000.000000 10000.000000 10000.000000
94.000000 30.000000 1.000000 10000.000000 10000.000000 10000.000000 10000.000000
94.000000 31.000000 1.000000 10000.000000 10000.000000 10000.000000 10000.000000
94.000000 32.000000 1.000000 10000.000000 10000.000000 10000.000000 10000.000000
94.000000 33.000000 1.000000 10000.000000 10000.000000 10000.000000 10000.000000
94.000000 34.000000 1.000000 10000.000000 10000.000000 10000.000000 10000.000000
94.000000 35.000000 1.000000 10000.000000 10000.000000 10000.000000 10000.000000
94.000000 36.000000 1.000000 10000.000000 10000.000000 10000.000000 10000.000000
94.000000 37.000000 1.000000 10000.000000 10000.000000 10000.000000 10000.000000
94.000000 38.000000 1.000000 10000.000000 10000.000000 10000.000000 10000.000000
94.000000 39.000000 1.000000 10000.000000 10000.000000 10000.000000 10000.000000
94.000000 40.000000 1.000000 10000.000000 10000.000000 10000.000000 10000.000000
94.000000 41.000000 1.000000 10000.000000 10000.000000 10000.000000 10000.000000
94.000000 42.000000 1.000000 10000.000000 10000.000000 10000.000000 10000.000000
94.000000 43.000000 1.000000 10000.000000 10000.000000 10000.000000 10000.000000
94.000000 44.000000 1.000000 10000.000000 10000.000000 10000.000000 10000.000000
94.000000 45.000000 1.000000 10000.000000 10000.000000 10000.000000 10000.000000
94.000000 46.000000 1.000000 10000.000000 10000.000000 10000.000000 10000.000000
94.000000 47.000000 1.000000 10000.000000 10000.000000 10000.000000 10000.000000
94.000000 48.000000 1.000000 10000.000000 10000.000000 10000.000000 10000.000000
94.000000 49.000000 1.000000 10000.000000 10000.000000 10000.000000 10000.000000
95.000000 0.000000 1.000000 10000.000000 10000.000000 10000.000000 10000.000000
95.000000 1.000000 1.000000 9999.000000 10000.000000 9999.000000 9999.000000
95.000000 2.000000 1.000000 9999.000000 10000.000000 9999.000000 9999.000000
95.000000 3.000000 1.000000 9999.000000 10000.000000 9999.000000 9999.000000
95.000000 4.000000 1.000000 9999.000000 10000.000000 9999.000000 9999.000000
95.000000 5.000000 1.000000 9999.000000 10000.000000 9999.000000 9999.000000
95.000000 6.000000 1.000000 10000.000000 10000.000000 10000.000000 10000.000000
95.000000 7.000000 1.000000 10000.000000 10000.000000 10000.000000 10000.000000
95.000000 8.000000 1.000000 10000.000000 10000.000000 10000.000000 10000.000000
95.000000 9.000000 1.000000 10000.000000 10000.000000 10000.000000 10000.000000
95.000000 10.000000 1.000000 10000.000000 10000.000000 10000.000000 10000.000000
95.000000 11.000000 1.000000 10000.000000 10000.000000 10000.000000 10000.000000
95.000000 12.000000 1.000000 10000.000000 10000.000000 10000.000000 10000.000000
95.000000 13.000000 1.000000 10000.000000 10000.000000 10000.000000 10000.000000
95.000000 14.000000 1.000000 10000.000000 10000.000000 10000.000000 10000.000000
95.000000 15.000000 1.000000 10000.000000 10000.000000 10000.000000 10000.000000
95.000000 16.000000 1.000000 10000.000000 10000.000000 10000.000000 10000.000000
95.000000 17.000000 1.000000 10000.000000 10000.000000 10000.000000 10000.000000
95.000000 18.000000 1.000000 10000.000000 10000.000000 10000.000000 10000.000000
95.000000 19.000000 1.000000 10000.000000 10000.000000 10000.000000 10000.000000
95.000000 20.000000 1.000000 10000.000000 10000.000000 10000.000000 10000.000000
95.000000 21.000000 1.000000 10000.000000 10000.000000 10000.000000 10000.000000
95.000000 22.000000 1.000000 10000.000000 10000.000000 10000.000000 10000.000000
95.000000 23.000000 1.000000 10000.000000 10000.000000 10000.000000 10000.000000
95.000000 24.000000 1.000000 10000.000000 10000.000000 10000.000000 10000.000000
95.000000 25.000000 1.000000 10000.000000 10000.000000 10000.000000 10000.000000
95.000000 26.000000 1.000000 10000.000000 10000.000000 10000.000000 10000.000000
95.000000 27.000000 1.000000 10000.000000 10000.000000 10000.000000 10000.000000
95.000000 28.000000 1.000000 10000.000000 10000.000000 10000.000000 10000.000000
95.000000 29.000000 1.000000 10000.000000 10000.000000 10000.000000 10000.000000
95.000000 30.000000 1.000000 10000.000000 10000.000000 10000.000000 10000.000000
95.000000 31.000000 1.000000 10000.000000 10000.000000 10000.000000 10000.000000
95.000000 32.000000 1.000000 10000.000000 10000.000000 10000.000000 10000.000000
95.000000 33.000000 1.000000 10000.000000 10000.000000 10000.000000 10000.000000
95.000000 34.000000 1.000000 10000.000000 10000.000000 10000.000000 10000.000000
95.000000 35.000000 1.000000 10000.000000 10000.000000 10000.000000 10000.000000
95.000000 36.000000 1.000000 10000.000000 10000.000000 10000.000000 10000.000000
95.000000 37.000000 1.000000 10000.000000 10000.000000 10000.000000 10000.000000
95.000000 38.000000 1.000000 10000.000000 10000.000000 10000.000000 10000.000000
95.000000 39.000000 1.000000 10000.000000 10000.000000 10000.000000 10000.000000
95.000000 40.000000 1.000000 10000.000000 10000.000000 10000.000000 10000.000000
95.000000 41.000000 1.000000 10000.000000 10000.000000 10000.000000 10000.000000
95.000000 42.000000 1.000000 10000.000000 10000.000000 10000.000000 10000.000000
95.000000 43.000000 1.000000 10000.000000 10000.000000 10000.000000 10000.000000
95.000000 44.000000 1.000000 10000.000000 10000.000000 10000.000000 10000.000000
95.000000 45.000000 1.000000 10000.000000 10000.000000 10000.000000 10000.000000
95.000000 46.000000 1.000000 10000.000000 10000.000000 10000.000000 10000.000000
95.000000 47.000000 1.000000 10000.000000 10000.000000 10000.000000 10000.000000
95.000000 48.000000 1.000000 10000.000000 10000.000000 10000.000000 10000.000000
95.000000 49.000000 1.000000 10000.000000 10000.000000 10000.000000 10000.000000
96.000000 0.000000 1.000000 10000.000000 10000.000000 10000.000000 10000.000000
96.000000 1.000000 1.000000 10000.000000 10000.000000 10000.000000 10000.000000
96.000000 2.000000 1.000000 10000.000000 10000.000000 10000.000000 10000.000000
96.000000 3.000000 1.000000 9998.000000 10000.000000 9998.000000 9998.000000
96.000000 4.000000 1.000000 9997.000000 10000.000000 9997.000000 9997.000000
96.000000 5.000000 1.000000 9997.000000 10000.000000 9997.000000 9997.000000
96.000000 6.000000 1.000000 9997.000000 10000.000000 9997.000000 9997.000000
96.000000 7.000000 1.000000 9997.000000 10000.000000 9997.000000 9997.000000
96.000000 8.000000 1.000000 9999.000000 10000.000000 9999.000000 9999.000000
96.000000 9.000000 1.000000 10000.000000 10000.000000 10000.000000 10000.000000
96.000000 10.000000 1.000000 10000.000000 10000.000000 10000.000000 10000.000000
96.000000 11.000000 1.000000 10000.000000 10000.000000 10000.000000 10000.000000
96.000000 12.000000 1.000000 10000.000000 10000.000000 10000.000000 10000.000000
96.000000 13.000000 1.000000 10000.000000 10000.000000 10000.000000 10000.000000
96.000000 14.000000 1.000000 10000.000000 10000.000000 10000.000000 10000.000000
96.000000 15.000000 1.000000 10000.000000 10000.000000 10000.000000 10000.000000
96.000000 16.000000 1.000000 10000.000000 10000.000000 10000.000000 10000.000000
96.000000 17.000000 1.000000 10000.000000 10000.000000 10000.000000 10000.000000
96.000000 18.000000 1.000000 10000.000000 10000.000000 10000.000000 10000.000000
96.000000 19.000000 1.000000 10000.000000 10000.000000 10000.000000 10000.000000
96.000000 20.000000 1.000000 10000.000000 10000.000000 10000.000000 10000.000000
96.000000 21.000000 1.000000 10000.000000 10000.000000 10000.000000 10000.000000
96.000000 22.000000 1.000000 10000.000000 10000.000000 10000.000000 10000.000000
96.000000 23.000000 1.000000 10000.000000 10000.000000 10000.000000 10000.000000
96.000000 24.000000 1.000000 10000.000000 10000.000000 10000.000000 10000.000000
96.000000 25.000000 1.000000 10000.000000 10000.000000 10000.000000 10000.000000
96.000000 26.000000 1.000000 10000.000000 10000.000000 10000.000000 10000.000000
96.000000 27.000000 1.000000 10000.000000 10000.000000 10000.000000 10000.000000
96.000000 28.000000 1.000000 10000.000000 10000.000000 10000.000000 10000.000000
96.000000 29.000000 1.000000 10000.000000 10000.000000 10000.000000 10000.000000
96.000000 30.000000 1.000000 10000.000000 10000.000000 10000.000000 10000.000000
96.000000 31.000000 1.000000 10000.000000 10000.000000 10000.000000 10000.000000
96.000000 32.000000 1.000000 10000.000000 10000.000000 10000.000000 10000.000000
96.000000 33.000000 1.000000 10000.000000 10000.000000 10000.000000 10000.000000
96.000000 34.000000 1.000000 10000.000000 10000.000000 10000.000000 10000.000000
96.000000 35.000000 1.000000 10000.000000 10000.000000 10000.000000 10000.000000
96.000000 36.000000 1.000000 10000.000000 10000.000000 10000.000000 10000.000000
96.000000 37.000000 1.000000 10000.000000 10000.000000 10000.000000 10000.000000
96.000000 38.000000 1.000000 10000.000000 10000.000000 10000.000000 10000.000000
96.000000 39.000000 1.000000 10000.000000 10000.000000 10000.000000 10000.000000
96.000000 40.000000 1.000000 10000.000000 10000.000000 10000.000000 10000.000000
96.000000 41.000000 1.000000 10000.000000 10000.000000 10000.000000 10000.000000
96.000000 42.000000 1.000000 10000.000000 10000.000000 10000.000000 10000.000000
96.000000 43.000000 1.000000 10000.000000 10000.000000 10000.000000 10000.000000
96.000000 44.000000 1.000000 10000.000000 10000.000000 10000.000000 10000.000000
96.000000 45.000000 1.000000 10000.000000 10000.000000 10000.000000 10000.000000
96.000000 46.000000 1.000000 10000.000000 10000.000000 10000.000000 10000.000000
96.000000 47.000000 1.000000 10000.000000 10000.000000 10000.000000 10000.000000
96.000000 48.000000 1.000000 10000.000000 10000.000000 10000.000000 10000.000000
96.000000 49.000000 1.000000 10000.000000 10000.000000 10000.000000 10000.000000
97.000000 0.000000 1.000000 10000.000000 10000.000000 10000.000000 10000.000000
97.000000 1.000000 1.000000 9999.000000 10000.000000 9999.000000 9999.000000
97.000000 2.000000 1.000000 9999.000000 10000.000000 9999.000000 9999.000000
97.000000 3.000000 1.000000 9999.000000 10000.000000 9999.000000 9999.000000
97.000000 4.000000 1.000000 9999.000000 10000.000000 9999.000000 9999.000000
97.000000 5.000000 1.000000 9999.000000 10000.000000 9999.000000 9999.000000
97.000000 6.000000 1.000000 10000.000000 10000.000000 10000.000000 10000.000000
97.000000 7.000000 1.000000 10000.000000 10000.000000 10000.000000 10000.000000
97.000000 8.000000 1.000000 10000.000000 10000.000000 10000.000000 10000.000000
97.000000 9.000000 1.000000 10000.000000 10000.000000 10000.000000 10000.000000
97.000000 10.000000 1.000000 10000.000000 10000.000000 10000.000000 10000.000000
97.000000 11.000000 1.000000 10000.000000 10000.000000 10000.000000 10000.000000
97.000000 12.000000 1.000000 10000.000000 10000.000000 10000.000000 10000.000000
97.000000 13.000000 1.000000 10000.000000 10000.000000 10000.000000 10000.000000
97.000000 14.000000 1.000000 10000.000000 10000.000000 10000.000000 10000.000000
97.000000 15.000000 1.000000 10000.000000 10000.000000 10000.000000 10000.000000
97.000000 16.000000 1.000000 10000.000000 10000.000000 10000.000000 10000.000000
97.000000 17.000000 1.000000 10000.000000 10000.000000 10000.000000 10000.000000
97.000000 18.000000 1.000000 10000.000000 10000.000000 10000.000000 10000.000000
97.000000 19.000000 1.000000 10000.000000 10000.000000 10000.000000 10000.000000
97.000000 20.000000 1.000000 10000.000000 10000.000000 10000.000000 10000.000000
97.000000 21.000000 1.000000 10000.000000 10000.000000 10000.000000 10000.000000
97.000000 22.000000 1.000000 10000.000000 10000.000000 10000.000000 10000.000000
97.000000 23.000000 1.000000 10000.000000 10000.000000 10000.000000 10000.000000
97.000000 24.000000 1.000000 10000.000000 10000.000000 10000.000000 10000.000000
97.000000 25.000000 1.000000 10000.000000 10000.000000 10000.000000 10000.000000
97.000000 26.000000 1.000000 10000.000000 10000.000000 10000.000000 10000.000000
97.000000 27.000000 1.000000 10000.000000 10000.000000 10000.000000 10000.000000
97.000000 28.000000 1.000000 10000.000000 10000.000000 10000.000000 10000.000000
97.000000 29.000000 1.000000 10000.000000 10000.000000 10000.000000 10000.000000
97.000000 30.000000 1.000000 10000.000000 10000.000000 10000.000000 10000.000000
97.000000 31.000000 1.000000 10000.000000 10000.000000 10000.000000 10000.000000
97.000000 32.000000 1.000000 10000.000000 10000.000000 10000.000000 10000.000000
97.000000 33.000000 1.000000 10000.000000 10000.000000 10000.000000 10000.000000
97.000000 34.000000 1.000000 10000.000000 10000.000000 10000.000000 10000.000000
97.000000 35.000000 1.000000 10000.000000 10000.000000 10000.000000 10000.000000
97.000000 36.000000 1.000000 10000.000000 10000.000000 10000.000000 10000.000000
97.000000 37.000000 1.000000 10000.000000 10000.000000 10000.000000 10000.000000
97.000000 38.000000 1.000000 10000.000000 10000.000000 10000.000000 10000.000000
97.000000 39.000000 1.000000 10000.000000 10000.000000 10000.000000 10000.000000
97.000000 40.000000 1.000000 10000.000000 10000.000000 10000.000000 10000.000000
97.000000 41.000000 1.000000 10000.000000 10000.000000 10000.000000 10000.000000
97.000000 42.000000 1.000000 10000.000000 10000.000000 10000.000000 10000.000000
97.000000 43.000000 1.000000 10000.000000 10000.000000 10000.000000 10000.000000
97.000000 44.000000 1.000000 10000.000000 10000.000000 10000.000000 10000.000000
97.000000 45.000000 1.000000 10000.000000 10000.000000 10000.000000 10000.000000
97.000000 46.000000 1.000000 10000.000000 10000.000000 10000.000000 10000.000000
97.000000 47.000000 1.000000 10000.000000 10000.000000 10000.000000 10000.000000
97.000000 48.000000 1.000000 10000.000000 10000.000000 10000.000000 10000.000000
97.000000 49.000000 1.000000 10000.000000 10000.000000 10000.000000 10000.000000
98.000000 0.000000 1.000000 10000.000000 10000.000000 10000.000000 10000.000000
98.000000 1.000000 1.000000 10000.000000 10000.000000 10000.000000 10000.000000
98.000000 2.000000 1.000000 10000.000000 10000.000000 10000.000000 10000.000000
98.000000 3.000000 1.000000 10000.000000 10000.000000 10000.000000 10000.000000
98.000000 4.000000 1.000000 10000.000000 10000.000000 10000.000000 10000.000000
98.000000 5.000000 1.000000 9999.000000 10000.000000 9999.000000 9999.000000
98.000000 6.000000 1.000000 9999.000000 10000.000000 9999.000000 9999.000000
98.000000 7.000000 1.000000 9999.000000 10000.000000 9999.000000 9999.000000
98.000000 8.000000 1.000000 9999.000000 10000.000000 9999.000000 9999.000000
98.000000 9.000000 1.000000 9999.000000 10000.000000 9999.000000 9999.000000
98.000000 10.000000 1.000000 10000.000000 10000.000000 10000.000000 10000.000000
98.000000 11.000000 1.000000 10000.000000 10000.000000 10000.000000 10000.000000
98.000000 12.000000 1.000000 10000.000000 10000.000000 10000.000000 10000.000000
98.000000 13.000000 1.000000 10000.000000 10000.000000 10000.000000 10000.000000
98.000000 14.000000 1.000000 10000.000000 10000.000000 10000.000000 10000.000000
98.000000 15.000000 1.000000 10000.000000 10000.000000 10000.000000 10000.000000
98.000000 16.000000 1.000000 10000.000000 10000.000000 10000.000000 10000.000000
98.000000 17.000000 1.000000 10000.000000 10000.000000 10000.000000 10000.000000
98.000000 18.000000 1.000000 10000.000000 10000.000000 10000.000000 10000.000000
98.000000 19.000000 1.000000 10000.000000 10000.000000 10000.000000 10000.000000
98.000000 20.000000 1.000000 10000.000000 10000.000000 10000.000000 10000.000000
98.000000 21.000000 1.000000 10000.000000 10000.000000 10000.000000 10000.000000
98.000000 22.000000 1.000000 10000.000000 10000.000000 10000.000000 10000.000000
98.000000 23.000000 1.000000 10000.000000 10000.000000 10000.000000 10000.000000
98.000000 24.000000 1.000000 10000.000000 10000.000000 10000.000000 10000.000000
98.000000 25.000000 1.000000 10000.000000 10000.000000 10000.000000 10000.000000
98.000000 26.000000 1.000000 10000.000000 10000.000000 10000.000000 10000.000000
98.000000 27.000000 1.000000 10000.000000 10000.000000 10000.000000 10000.000000
98.000000 28.000000 1.000000 10000.000000 10000.000000 10000.000000 10000.000000
98.000000 29.000000 1.000000 10000.000000 10000.000000 10000.000000 10000.000000
98.000000 30.000000 1.000000 10000.000000 10000.000000 10000.000000 10000.000000
98.000000 31.000000 1.000000 10000.000000 10000.000000 10000.000000 10000.000000
98.000000 32.000000 1.000000 10000.000000 10000.000000 10000.000000 10000.000000
98.000000 33.000000 1.000000 10000.000000 10000.000000 10000.000000 10000.000000
98.000000 34.000000 1.000000 10000.000000 10000.000000 10000.000000 10000.000000
98.000000 35.000000 1.000000 10000.000000 10000.000000 10000.000000 10000.000000
98.000000 36.000000 1.000000 10000.000000 10000.000000 10000.000000 10000.000000
98.000000 37.000000 1.000000 10000.000000 10000.000000 10000.000000 10000.000000
98.000000 38.000000 1.000000 10000.000000 10000.000000 10000.000000 10000.000000
98.000000 39.000000 1.000000 10000.000000 10000.000000 10000.000000 10000.000000
98.000000 40.000000 1.000000 10000.000000 10000.000000 10000.000000 10000.000000
98.000000 41.000000 1.000000 10000.000000 10000.000000 10000.000000 10000.000000
98.000000 42.000000 1.000000 10000.000000 10000.000000 10000.000000 10000.000000
98.000000 43.000000 1.000000 10000.000000 10000.000000 10000.000000 10000.000000
98.000000 44.000000 1.000000 10000.000000 10000.000000 10000.000000 10000.000000
98.000000 45.000000 1.000000 10000.000000 10000.000000 10000.000000 10000.000000
98.000000 46.000000 1.000000 10000.000000 10000.000000 10000.000000 10000.000000
98.000000 47.000000 1.000000 10000.000000 10000.000000 10000.000000 10000.000000
98.000000 48.000000 1.000000 10000.000000 10000.000000 10000.000000 10000.000000
98.000000 49.000000 1.000000 10000.000000 10000.000000 10000.000000 10000.000000
99.000000 0.000000 1.000000 10000.000000 10000.000000 10000.000000 10000.000000
99.000000 1.000000 1.000000 10000.000000 10000.000000 10000.000000 10000.000000
99.000000 2.000000 1.000000 10000.000000 10000.000000 10000.000000 10000.000000
99.000000 3.000000 1.000000 9998.000000 10000.000000 9998.000000 9998.000000
99.000000 4.000000 1.000000 9995.000000 10000.000000 9995.000000 9995.000000
99.000000 5.000000 1.000000 9988.000000 10000.000000 9988.000000 9988.000000
99.000000 6.000000 1.000000 9980.000000 10000.000000 9980.000000 9980.000000
99.000000 7.000000 1.000000 9961.000000 10000.000000 9961.000000 9961.000000
99.000000 8.000000 1.000000 9945.000000 10000.000000 9945.000000 9945.000000
99.000000 9.000000 1.000000 9922.000000 10000.000000 9922.000000 9922.000000
99.000000 10.000000 1.000000 9889.000000 10000.000000 9889.000000 9889.000000
99.000000 11.000000 1.000000 9846.000000 10000.000000 9846.000000 9846.000000
99.000000 12.000000 1.000000 9778.000000 10000.000000 9778.000000 9778.000000
99.000000 13.000000 1.000000 9681.000000 10000.000000 9681.000000 9681.000000
99.000000 14.000000 1.000000 9543.000000 10000.000000 9543.000000 9543.000000
99.000000 15.000000 1.000000 9408.000000 10000.000000 9408.000000 9408.000000
99.000000 16.000000 1.000000 9264.000000 10000.000000 9264.000000 9264.000000
99.000000 17.000000 1.000000 9131.000000 10000.000000 9131.000000 9131.000000
99.000000 18.000000 1.000000 9017.000000 10000.000000 9017.000000 9017.000000
99.000000 19.000000 1.000000 8979.000000 10000.000000 8979.000000 8979.000000
99.000000 20.000000 1.000000 8929.000000 10000.000000 8929.000000 8929.000000
99.000000 21.000000 1.000000 8927.000000 10000.000000 8927.000000 8927.000000
99.000000 22.000000 1.000000 8968.000000 10000.000000 8968.000000 8968.000000
99.000000 23.000000 1.000000 9052.000000 10000.000000 9052.000000 9052.000000
99.000000 24.000000 1.000000 9161.000000 10000.000000 9161.000000 9161.000000
99.000000 25.000000 1.000000 9249.000000 10000.000000 9249.000000 9249.000000
99.000000 26.000000 1.000000 9340.000000 10000.000000 9340.000000 9340.000000
99.000000 27.000000 1.000000 9410.000000 10000.000000 9410.000000 9410.000000
99.000000 28.000000 1.000000 9445.000000 10000.000000 9445.000000 9445.000000
99.000000 29.000000 1.000000 9456.000000 10000.000000 9456.000000 9456.000000
99.000000 30.000000 1.000000 9487.000000 10000.000000 9487.000000 9487.000000
99.000000 31.000000 1.000000 9552.000000 10000.000000 9552.000000 9552.000000
99.000000 32.000000 1.000000 9619.000000 10000.000000 9619.000000 9619.000000
99.000000 33.000000 1.000000 9699.000000 10000.000000 9699.000000 9699.000000
99.000000 34.000000 1.000000 9769.000000 10000.000000 9769.000000 9769.000000
99.000000 35.000000 1.000000 9841.000000 10000.000000 9841.000000 9841.000000
99.000000 36.000000 1.000000 9886.000000 10000.000000 9886.000000 9886.000000
99.000000 37.000000 1.000000 9914.000000 10000.000000 9914.000000 9914.000000
99.000000 38.000000 1.000000 9933.000000 10000.000000 9933.000000 9933.000000
99.000000 39.000000 1.000000 9952.000000 10000.000000 9952.000000 9952.000000
99.000000 40.000000 1.000000 9967.000000 10000.000000 9967.000000 9967.000000
99.000000 41.000000 1.000000 9976.000000 10000.000000 9976.000000 9976.000000
99.000000 42.000000 1.000000 9990.000000 10000.000000 9990.000000 9990.000000
99.000000 43.000000 1.000000 9994.000000 10000.000000 9994.000000 9994.000000
99.000000 44.000000 1.000000 9995.000000 10000.000000 9995.000000 9995.000000
99.000000 45.000000 1.000000 10000.000000 10000.000000 10000.000000 10000.000000
99.000000 46.000000 1.000000 10000.000000 10000.000000 10000.000000 10000.000000
99.000000 47.000000 1.000000 10000.000000 10000.000000 10000.000000 10000.000000
99.000000 48.000000 1.000000 10000.000000 10000.000000 10000.000000 10000.000000
99.000000 49.000000 1.000000 10000.000000 10000.000000 10000.000000 10000.000000
