0.000000 0.000000 1.000000 10000.000000 10000.000000 10000.000000 10000.000000
0.000000 1.000000 1.000000 10000.000000 10000.000000 10000.000000 10000.000000
0.000000 2.000000 1.000000 9999.000000 10000.000000 9999.000000 9999.000000
0.000000 3.000000 1.000000 9999.000000 10000.000000 9999.000000 9999.000000
0.000000 4.000000 1.000000 9999.000000 10000.000000 9999.000000 9999.000000
0.000000 5.000000 1.000000 9999.000000 10000.000000 9999.000000 9999.000000
0.000000 6.000000 1.000000 9999.000000 10000.000000 9999.000000 9999.000000
0.000000 7.000000 1.000000 10000.000000 10000.000000 10000.000000 10000.000000
0.000000 8.000000 1.000000 10000.000000 10000.000000 10000.000000 10000.000000
0.000000 9.000000 1.000000 10000.000000 10000.000000 10000.000000 10000.000000
0.000000 10.000000 1.000000 10000.000000 10000.000000 10000.000000 10000.000000
0.000000 11.000000 1.000000 10000.000000 10000.000000 10000.000000 10000.000000
0.000000 12.000000 1.000000 10000.000000 10000.000000 10000.000000 10000.000000
0.000000 13.000000 1.000000 10000.000000 10000.000000 10000.000000 10000.000000
0.000000 14.000000 1.000000 10000.000000 10000.000000 10000.000000 10000.000000
0.000000 15.000000 1.000000 10000.000000 10000.000000 10000.000000 10000.000000
0.000000 16.000000 1.000000 10000.000000 10000.000000 10000.000000 10000.000000
0.000000 17.000000 1.000000 10000.000000 10000.000000 10000.000000 10000.000000
0.000000 18.000000 1.000000 10000.000000 10000.000000 10000.000000 10000.000000
0.000000 19.000000 1.000000 10000.000000 10000.000000 10000.000000 10000.000000
0.000000 20.000000 1.000000 10000.000000 10000.000000 10000.000000 10000.000000
0.000000 21.000000 1.000000 10000.000000 10000.000000 10000.000000 10000.000000
0.000000 22.000000 1.000000 10000.000000 10000.000000 10000.000000 10000.000000
0.000000 23.000000 1.000000 10000.000000 10000.000000 10000.000000 10000.000000
0.000000 24.000000 1.000000 10000.000000 10000.000000 10000.000000 10000.000000
0.000000 25.000000 1.000000 10000.000000 10000.000000 10000.000000 10000.000000
0.000000 26.000000 1.000000 10000.000000 10000.000000 10000.000000 10000.000000
0.000000 27.000000 1.000000 10000.000000 10000.000000 10000.000000 10000.000000
0.000000 28.000000 1.000000 10000.000000 10000.000000 10000.000000 10000.000000
0.000000 29.000000 1.000000 10000.000000 10000.000000 10000.000000 10000.000000
0.000000 30.000000 1.000000 10000.000000 10000.000000 10000.000000 10000.000000
0.000000 31.000000 1.000000 10000.000000 10000.000000 10000.000000 10000.000000
0.000000 32.000000 1.000000 10000.000000 10000.000000 10000.000000 10000.000000
0.000000 33.000000 1.000000 10000.000000 10000.000000 10000.000000 10000.000000
0.000000 34.000000 1.000000 10000.000000 10000.000000 10000.000000 10000.000000
0.000000 35.000000 1.000000 10000.000000 10000.000000 10000.000000 10000.000000
0.000000 36.000000 1.000000 10000.000000 10000.000000 10000.000000 10000.000000
0.000000 37.000000 1.000000 10000.000000 10000.000000 10000.000000 10000.000000
0.000000 38.000000 1.000000 10000.000000 10000.000000 10000.000000 10000.000000
0.000000 39.000000 1.000000 10000.000000 10000.000000 10000.000000 10000.000000
0.000000 40.000000 1.000000 10000.000000 10000.000000 10000.000000 10000.000000
0.000000 41.000000 1.000000 10000.000000 10000.000000 10000.000000 10000.000000
0.000000 42.000000 1.000000 10000.000000 10000.000000 10000.000000 10000.000000
0.000000 43.000000 1.000000 10000.000000 10000.000000 10000.000000 10000.000000
0.000000 44.000000 1.000000 10000.000000 10000.000000 10000.000000 10000.000000
0.000000 45.000000 1.000000 10000.000000 10000.000000 10000.000000 10000.000000
0.000000 46.000000 1.000000 10000.000000 10000.000000 10000.000000 10000.000000
0.000000 47.000000 1.000000 10000.000000 10000.000000 10000.000000 10000.000000
0.000000 48.000000 1.000000 10000.000000 10000.000000 10000.000000 10000.000000
0.000000 49.000000 1.000000 10000.000000 10000.000000 10000.000000 10000.000000
1.000000 0.000000 1.000000 10000.000000 10000.000000 10000.000000 10000.000000
1.000000 1.000000 1.000000 10000.000000 10000.000000 10000.000000 10000.000000
1.000000 2.000000 1.000000 9999.000000 10000.000000 9999.000000 9999.000000
1.000000 3.000000 1.000000 9999.000000 10000.000000 9999.000000 9999.000000
1.000000 4.000000 1.000000 9999.000000 10000.000000 9999.000000 9999.000000
1.000000 5.000000 1.000000 9999.000000 10000.000000 9999.000000 9999.000000
1.000000 6.000000 1.000000 9999.000000 10000.000000 9999.000000 9999.000000
1.000000 7.000000 1.000000 10000.000000 10000.000000 10000.000000 10000.000000
1.000000 8.000000 1.000000 10000.000000 10000.000000 10000.000000 10000.000000
1.000000 9.000000 1.000000 10000.000000 10000.000000 10000.000000 10000.000000
1.000000 10.000000 1.000000 10000.000000 10000.000000 10000.000000 10000.000000
1.000000 11.000000 1.000000 10000.000000 10000.000000 10000.000000 10000.000000
1.000000 12.000000 1.000000 10000.000000 10000.000000 10000.000000 10000.000000
1.000000 13.000000 1.000000 10000.000000 10000.000000 10000.000000 10000.000000
1.000000 14.000000 1.000000 10000.000000 10000.000000 10000.000000 10000.000000
1.000000 15.000000 1.000000 10000.000000 10000.000000 10000.000000 10000.000000
1.000000 16.000000 1.000000 10000.000000 10000.000000 10000.000000 10000.000000
1.000000 17.000000 1.000000 10000.000000 10000.000000 10000.000000 10000.000000
1.000000 18.000000 1.000000 10000.000000 10000.000000 10000.000000 10000.000000
1.000000 19.000000 1.000000 10000.000000 10000.000000 10000.000000 10000.000000
1.000000 20.000000 1.000000 10000.000000 10000.000000 10000.000000 10000.000000
1.000000 21.000000 1.000000 10000.000000 10000.000000 10000.000000 10000.000000
1.000000 22.000000 1.000000 10000.000000 10000.000000 10000.000000 10000.000000
1.000000 23.000000 1.000000 10000.000000 10000.000000 10000.000000 10000.000000
1.000000 24.000000 1.000000 10000.000000 10000.000000 10000.000000 10000.000000
1.000000 25.000000 1.000000 10000.000000 10000.000000 10000.000000 10000.000000
1.000000 26.000000 1.000000 10000.000000 10000.000000 10000.000000 10000.000000
1.000000 27.000000 1.000000 10000.000000 10000.000000 10000.000000 10000.000000
1.000000 28.000000 1.000000 10000.000000 10000.000000 10000.000000 10000.000000
1.000000 29.000000 1.000000 10000.000000 10000.000000 10000.000000 10000.000000
1.000000 30.000000 1.000000 10000.000000 10000.000000 10000.000000 10000.000000
1.000000 31.000000 1.000000 10000.000000 10000.000000 10000.000000 10000.000000
1.000000 32.000000 1.000000 10000.000000 10000.000000 10000.000000 10000.000000
1.000000 33.000000 1.000000 10000.000000 10000.000000 10000.000000 10000.000000
1.000000 34.000000 1.000000 10000.000000 10000.000000 10000.000000 10000.000000
1.000000 35.000000 1.000000 10000.000000 10000.000000 10000.000000 10000.000000
1.000000 36.000000 1.000000 10000.000000 10000.000000 10000.000000 10000.000000
1.000000 37.000000 1.000000 10000.000000 10000.000000 10000.000000 10000.000000
1.000000 38.000000 1.000000 10000.000000 10000.000000 10000.000000 10000.000000
1.000000 39.000000 1.000000 10000.000000 10000.000000 10000.000000 10000.000000
1.000000 40.000000 1.000000 10000.000000 10000.000000 10000.000000 10000.000000
1.000000 41.000000 1.000000 10000.000000 10000.000000 10000.000000 10000.000000
1.000000 42.000000 1.000000 10000.000000 10000.000000 10000.000000 10000.000000
1.000000 43.000000 1.000000 10000.000000 10000.000000 10000.000000 10000.000000
1.000000 44.000000 1.000000 10000.000000 10000.000000 10000.000000 10000.000000
1.000000 45.000000 1.000000 10000.000000 10000.000000 10000.000000 10000.000000
1.000000 46.000000 1.000000 10000.000000 10000.000000 10000.000000 10000.000000
1.000000 47.000000 1.000000 10000.000000 10000.000000 10000.000000 10000.000000
1.000000 48.000000 1.000000 10000.000000 10000.000000 10000.000000 10000.000000
1.000000 49.000000 1.000000 10000.000000 10000.000000 10000.000000 10000.000000
2.000000 0.000000 1.000000 10000.000000 10000.000000 10000.000000 10000.000000
2.000000 1.000000 1.000000 10000.000000 10000.000000 10000.000000 10000.000000
2.000000 2.000000 1.000000 9999.000000 10000.000000 9999.000000 9999.000000
2.000000 3.000000 1.000000 9999.000000 10000.000000 9999.000000 9999.000000
2.000000 4.000000 1.000000 9999.000000 10000.000000 9999.000000 9999.000000
2.000000 5.000000 1.000000 9999.000000 10000.000000 9999.000000 9999.000000
2.000000 6.000000 1.000000 9999.000000 10000.000000 9999.000000 9999.000000
2.000000 7.000000 1.000000 10000.000000 10000.000000 10000.000000 10000.000000
2.000000 8.000000 1.000000 10000.000000 10000.000000 10000.000000 10000.000000
2.000000 9.000000 1.000000 10000.000000 10000.000000 10000.000000 10000.000000
2.000000 10.000000 1.000000 10000.000000 10000.000000 10000.000000 10000.000000
2.000000 11.000000 1.000000 10000.000000 10000.000000 10000.000000 10000.000000
2.000000 12.000000 1.000000 10000.000000 10000.000000 10000.000000 10000.000000
2.000000 13.000000 1.000000 10000.000000 10000.000000 10000.000000 10000.000000
2.000000 14.000000 1.000000 10000.000000 10000.000000 10000.000000 10000.000000
2.000000 15.000000 1.000000 10000.000000 10000.000000 10000.000000 10000.000000
2.000000 16.000000 1.000000 10000.000000 10000.000000 10000.000000 10000.000000
2.000000 17.000000 1.000000 10000.000000 10000.000000 10000.000000 10000.000000
2.000000 18.000000 1.000000 10000.000000 10000.000000 10000.000000 10000.000000
2.000000 19.000000 1.000000 10000.000000 10000.000000 10000.000000 10000.000000
2.000000 20.000000 1.000000 10000.000000 10000.000000 10000.000000 10000.000000
2.000000 21.000000 1.000000 10000.000000 10000.000000 10000.000000 10000.000000
2.000000 22.000000 1.000000 10000.000000 10000.000000 10000.000000 10000.000000
2.000000 23.000000 1.000000 10000.000000 10000.000000 10000.000000 10000.000000
2.000000 24.000000 1.000000 10000.000000 10000.000000 10000.000000 10000.000000
2.000000 25.000000 1.000000 10000.000000 10000.000000 10000.000000 10000.000000
2.000000 26.000000 1.000000 10000.000000 10000.000000 10000.000000 10000.000000
2.000000 27.000000 1.000000 10000.000000 10000.000000 10000.000000 10000.000000
2.000000 28.000000 1.000000 10000.000000 10000.000000 10000.000000 10000.000000
2.000000 29.000000 1.000000 10000.000000 10000.000000 10000.000000 10000.000000
2.000000 30.000000 1.000000 10000.000000 10000.000000 10000.000000 10000.000000
2.000000 31.000000 1.000000 10000.000000 10000.000000 10000.000000 10000.000000
2.000000 32.000000 1.000000 10000.000000 10000.000000 10000.000000 10000.000000
2.000000 33.000000 1.000000 10000.000000 10000.000000 10000.000000 10000.000000
2.000000 34.000000 1.000000 10000.000000 10000.000000 10000.000000 10000.000000
2.000000 35.000000 1.000000 10000.000000 10000.000000 10000.000000 10000.000000
2.000000 36.000000 1.000000 10000.000000 10000.000000 10000.000000 10000.000000
2.000000 37.000000 1.000000 10000.000000 10000.000000 10000.000000 10000.000000
2.000000 38.000000 1.000000 10000.000000 10000.000000 10000.000000 10000.000000
2.000000 39.000000 1.000000 10000.000000 10000.000000 10000.000000 10000.000000
2.000000 40.000000 1.000000 10000.000000 10000.000000 10000.000000 10000.000000
2.000000 41.000000 1.000000 10000.000000 10000.000000 10000.000000 10000.000000
2.000000 42.000000 1.000000 10000.000000 10000.000000 10000.000000 10000.000000
2.000000 43.000000 1.000000 10000.000000 10000.000000 10000.000000 10000.000000
2.000000 44.000000 1.000000 10000.000000 10000.000000 10000.000000 10000.000000
2.000000 45.000000 1.000000 10000.000000 10000.000000 10000.000000 10000.000000
2.000000 46.000000 1.000000 10000.000000 10000.000000 10000.000000 10000.000000
2.000000 47.000000 1.000000 10000.000000 10000.000000 10000.000000 10000.000000
2.000000 48.000000 1.000000 10000.000000 10000.000000 10000.000000 10000.000000
2.000000 49.000000 1.000000 10000.000000 10000.000000 10000.000000 10000.000000
3.000000 0.000000 1.000000 10000.000000 10000.000000 10000.000000 10000.000000
3.000000 1.000000 1.000000 10000.000000 10000.000000 10000.000000 10000.000000
3.000000 2.000000 1.000000 9999.000000 10000.000000 9999.000000 9999.000000
3.000000 3.000000 1.000000 9998.000000 10000.000000 9998.000000 9998.000000
3.000000 4.000000 1.000000 9998.000000 10000.000000 9998.000000 9998.000000
3.000000 5.000000 1.000000 9998.000000 10000.000000 9998.000000 9998.000000
3.000000 6.000000 1.000000 9998.000000 10000.000000 9998.000000 9998.000000
3.000000 7.000000 1.000000 9999.000000 10000.000000 9999.000000 9999.000000
3.000000 8.000000 1.000000 10000.000000 10000.000000 10000.000000 10000.000000
3.000000 9.000000 1.000000 10000.000000 10000.000000 10000.000000 10000.000000
3.000000 10.000000 1.000000 10000.000000 10000.000000 10000.000000 10000.000000
3.000000 11.000000 1.000000 10000.000000 10000.000000 10000.000000 10000.000000
3.000000 12.000000 1.000000 10000.000000 10000.000000 10000.000000 10000.000000
3.000000 13.000000 1.000000 10000.000000 10000.000000 10000.000000 10000.000000
3.000000 14.000000 1.000000 10000.000000 10000.000000 10000.000000 10000.000000
3.000000 15.000000 1.000000 10000.000000 10000.000000 10000.000000 10000.000000
3.000000 16.000000 1.000000 10000.000000 10000.000000 10000.000000 10000.000000
3.000000 17.000000 1.000000 10000.000000 10000.000000 10000.000000 10000.000000
3.000000 18.000000 1.000000 10000.000000 10000.000000 10000.000000 10000.000000
3.000000 19.000000 1.000000 10000.000000 10000.000000 10000.000000 10000.000000
3.000000 20.000000 1.000000 10000.000000 10000.000000 10000.000000 10000.000000
3.000000 21.000000 1.000000 10000.000000 10000.000000 10000.000000 10000.000000
3.000000 22.000000 1.000000 10000.000000 10000.000000 10000.000000 10000.000000
3.000000 23.000000 1.000000 10000.000000 10000.000000 10000.000000 10000.000000
3.000000 24.000000 1.000000 10000.000000 10000.000000 10000.000000 10000.000000
3.000000 25.000000 1.000000 10000.000000 10000.000000 10000.000000 10000.000000
3.000000 26.000000 1.000000 10000.000000 10000.000000 10000.000000 10000.000000
3.000000 27.000000 1.000000 10000.000000 10000.000000 10000.000000 10000.000000
3.000000 28.000000 1.000000 10000.000000 10000.000000 10000.000000 10000.000000
3.000000 29.000000 1.000000 10000.000000 10000.000000 10000.000000 10000.000000
3.000000 30.000000 1.000000 10000.000000 10000.000000 10000.000000 10000.000000
3.000000 31.000000 1.000000 10000.000000 10000.000000 10000.000000 10000.000000
3.000000 32.000000 1.000000 10000.000000 10000.000000 10000.000000 10000.000000
3.000000 33.000000 1.000000 10000.000000 10000.000000 10000.000000 10000.000000
3.000000 34.000000 1.000000 10000.000000 10000.000000 10000.000000 10000.000000
3.000000 35.000000 1.000000 10000.000000 10000.000000 10000.000000 10000.000000
3.000000 36.000000 1.000000 10000.000000 10000.000000 10000.000000 10000.000000
3.000000 37.000000 1.000000 10000.000000 10000.000000 10000.000000 10000.000000
3.000000 38.000000 1.000000 10000.000000 10000.000000 10000.000000 10000.000000
3.000000 39.000000 1.000000 10000.000000 10000.000000 10000.000000 10000.000000
3.000000 40.000000 1.000000 10000.000000 10000.000000 10000.000000 10000.000000
3.000000 41.000000 1.000000 10000.000000 10000.000000 10000.000000 10000.000000
3.000000 42.000000 1.000000 10000.000000 10000.000000 10000.000000 10000.000000
3.000000 43.000000 1.000000 10000.000000 10000.000000 10000.000000 10000.000000
3.000000 44.000000 1.000000 10000.000000 10000.000000 10000.000000 10000.000000
3.000000 45.000000 1.000000 10000.000000 10000.000000 10000.000000 10000.000000
3.000000 46.000000 1.000000 10000.000000 10000.000000 10000.000000 10000.000000
3.000000 47.000000 1.000000 10000.000000 10000.000000 10000.000000 10000.000000
3.000000 48.000000 1.000000 10000.000000 10000.000000 10000.000000 10000.000000
3.000000 49.000000 1.000000 10000.000000 10000.000000 10000.000000 10000.000000
4.000000 0.000000 1.000000 10000.000000 10000.000000 10000.000000 10000.000000
4.000000 1.000000 1.000000 10000.000000 10000.000000 10000.000000 10000.000000
4.000000 2.000000 1.000000 9999.000000 10000.000000 9999.000000 9999.000000
4.000000 3.000000 1.000000 9999.000000 10000.000000 9999.000000 9999.000000
4.000000 4.000000 1.000000 9999.000000 10000.000000 9999.000000 9999.000000
4.000000 5.000000 1.000000 9999.000000 10000.000000 9999.000000 9999.000000
4.000000 6.000000 1.000000 9999.000000 10000.000000 9999.000000 9999.000000
4.000000 7.000000 1.000000 10000.000000 10000.000000 10000.000000 10000.000000
4.000000 8.000000 1.000000 10000.000000 10000.000000 10000.000000 10000.000000
4.000000 9.000000 1.000000 10000.000000 10000.000000 10000.000000 10000.000000
4.000000 10.000000 1.000000 10000.000000 10000.000000 10000.000000 10000.000000
4.000000 11.000000 1.000000 10000.000000 10000.000000 10000.000000 10000.000000
4.000000 12.000000 1.000000 10000.000000 10000.000000 10000.000000 10000.000000
4.000000 13.000000 1.000000 10000.000000 10000.000000 10000.000000 10000.000000
4.000000 14.000000 1.000000 10000.000000 10000.000000 10000.000000 10000.000000
4.000000 15.000000 1.000000 10000.000000 10000.000000 10000.000000 10000.000000
4.000000 16.000000 1.000000 10000.000000 10000.000000 10000.000000 10000.000000
4.000000 17.000000 1.000000 10000.000000 10000.000000 10000.000000 10000.000000
4.000000 18.000000 1.000000 10000.000000 10000.000000 10000.000000 10000.000000
4.000000 19.000000 1.000000 10000.000000 10000.000000 10000.000000 10000.000000
4.000000 20.000000 1.000000 10000.000000 10000.000000 10000.000000 10000.000000
4.000000 21.000000 1.000000 10000.000000 10000.000000 10000.000000 10000.000000
4.000000 22.000000 1.000000 10000.000000 10000.000000 10000.000000 10000.000000
4.000000 23.000000 1.000000 10000.000000 10000.000000 10000.000000 10000.000000
4.000000 24.000000 1.000000 10000.000000 10000.000000 10000.000000 10000.000000
4.000000 25.000000 1.000000 10000.000000 10000.000000 10000.000000 10000.000000
4.000000 26.000000 1.000000 10000.000000 10000.000000 10000.000000 10000.000000
4.000000 27.000000 1.000000 10000.000000 10000.000000 10000.000000 10000.000000
4.000000 28.000000 1.000000 10000.000000 10000.000000 10000.000000 10000.000000
4.000000 29.000000 1.000000 10000.000000 10000.000000 10000.000000 10000.000000
4.000000 30.000000 1.000000 10000.000000 10000.000000 10000.000000 10000.000000
4.000000 31.000000 1.000000 10000.000000 10000.000000 10000.000000 10000.000000
4.000000 32.000000 1.000000 10000.000000 10000.000000 10000.000000 10000.000000
4.000000 33.000000 1.000000 10000.000000 10000.000000 10000.000000 10000.000000
4.000000 34.000000 1.000000 10000.000000 10000.000000 10000.000000 10000.000000
4.000000 35.000000 1.000000 10000.000000 10000.000000 10000.000000 10000.000000
4.000000 36.000000 1.000000 10000.000000 10000.000000 10000.000000 10000.000000
4.000000 37.000000 1.000000 10000.000000 10000.000000 10000.000000 10000.000000
4.000000 38.000000 1.000000 10000.000000 10000.000000 10000.000000 10000.000000
4.000000 39.000000 1.000000 10000.000000 10000.000000 10000.000000 10000.000000
4.000000 40.000000 1.000000 10000.000000 10000.000000 10000.000000 10000.000000
4.000000 41.000000 1.000000 10000.000000 10000.000000 10000.000000 10000.000000
4.000000 42.000000 1.000000 10000.000000 10000.000000 10000.000000 10000.000000
4.000000 43.000000 1.000000 10000.000000 10000.000000 10000.000000 10000.000000
4.000000 44.000000 1.000000 10000.000000 10000.000000 10000.000000 10000.000000
4.000000 45.000000 1.000000 10000.000000 10000.000000 10000.000000 10000.000000
4.000000 46.000000 1.000000 10000.000000 10000.000000 10000.000000 10000.000000
4.000000 47.000000 1.000000 10000.000000 10000.000000 10000.000000 10000.000000
4.000000 48.000000 1.000000 10000.000000 10000.000000 10000.000000 10000.000000
4.000000 49.000000 1.000000 10000.000000 10000.000000 10000.000000 10000.000000
5.000000 0.000000 1.000000 10000.000000 10000.000000 10000.000000 10000.000000
5.000000 1.000000 1.000000 10000.000000 10000.000000 10000.000000 10000.000000
5.000000 2.000000 1.000000 10000.000000 10000.000000 10000.000000 10000.000000
5.000000 3.000000 1.000000 9999.000000 10000.000000 9999.000000 9999.000000
5.000000 4.000000 1.000000 9999.000000 10000.000000 9999.000000 9999.000000
5.000000 5.000000 1.000000 9999.000000 10000.000000 9999.000000 9999.000000
5.000000 6.000000 1.000000 9999.000000 10000.000000 9999.000000 9999.000000
5.000000 7.000000 1.000000 9999.000000 10000.000000 9999.000000 9999.000000
5.000000 8.000000 1.000000 9999.000000 10000.000000 9999.000000 9999.000000
5.000000 9.000000 1.000000 10000.000000 10000.000000 10000.000000 10000.000000
5.000000 10.000000 1.000000 10000.000000 10000.000000 10000.000000 10000.000000
5.000000 11.000000 1.000000 10000.000000 10000.000000 10000.000000 10000.000000
5.000000 12.000000 1.000000 10000.000000 10000.000000 10000.000000 10000.000000
5.000000 13.000000 1.000000 10000.000000 10000.000000 10000.000000 10000.000000
5.000000 14.000000 1.000000 10000.000000 10000.000000 10000.000000 10000.000000
5.000000 15.000000 1.000000 10000.000000 10000.000000 10000.000000 10000.000000
5.000000 16.000000 1.000000 10000.000000 10000.000000 10000.000000 10000.000000
5.000000 17.000000 1.000000 10000.000000 10000.000000 10000.000000 10000.000000
5.000000 18.000000 1.000000 10000.000000 10000.000000 10000.000000 10000.000000
5.000000 19.000000 1.000000 10000.000000 10000.000000 10000.000000 10000.000000
5.000000 20.000000 1.000000 10000.000000 10000.000000 10000.000000 10000.000000
5.000000 21.000000 1.000000 10000.000000 10000.000000 10000.000000 10000.000000
5.000000 22.000000 1.000000 10000.000000 10000.000000 10000.000000 10000.000000
5.000000 23.000000 1.000000 10000.000000 10000.000000 10000.000000 10000.000000
5.000000 24.000000 1.000000 10000.000000 10000.000000 10000.000000 10000.000000
5.000000 25.000000 1.000000 10000.000000 10000.000000 10000.000000 10000.000000
5.000000 26.000000 1.000000 10000.000000 10000.000000 10000.000000 10000.000000
5.000000 27.000000 1.000000 10000.000000 10000.000000 10000.000000 10000.000000
5.000000 28.000000 1.000000 10000.000000 10000.000000 10000.000000 10000.000000
5.000000 29.000000 1.000000 10000.000000 10000.000000 10000.000000 10000.000000
5.000000 30.000000 1.000000 10000.000000 10000.000000 10000.000000 10000.000000
5.000000 31.000000 1.000000 10000.000000 10000.000000 10000.000000 10000.000000
5.000000 32.000000 1.000000 10000.000000 10000.000000 10000.000000 10000.000000
5.000000 33.000000 1.000000 10000.000000 10000.000000 10000.000000 10000.000000
5.000000 34.000000 1.000000 10000.000000 10000.000000 10000.000000 10000.000000
5.000000 35.000000 1.000000 10000.000000 10000.000000 10000.000000 10000.000000
5.000000 36.000000 1.000000 10000.000000 10000.000000 10000.000000 10000.000000
5.000000 37.000000 1.000000 10000.000000 10000.000000 10000.000000 10000.000000
5.000000 38.000000 1.000000 10000.000000 10000.000000 10000.000000 10000.000000
5.000000 39.000000 1.000000 10000.000000 10000.000000 10000.000000 10000.000000
5.000000 40.000000 1.000000 10000.000000 10000.000000 10000.000000 10000.000000
5.000000 41.000000 1.000000 10000.000000 10000.000000 10000.000000 10000.000000
5.000000 42.000000 1.000000 10000.000000 10000.000000 10000.000000 10000.000000
5.000000 43.000000 1.000000 10000.000000 10000.000000 10000.000000 10000.000000
5.000000 44.000000 1.000000 10000.000000 10000.000000 10000.000000 10000.000000
5.000000 45.000000 1.000000 10000.000000 10000.000000 10000.000000 10000.000000
5.000000 46.000000 1.000000 10000.000000 10000.000000 10000.000000 10000.000000
5.000000 47.000000 1.000000 10000.000000 10000.000000 10000.000000 10000.000000
5.000000 48.000000 1.000000 10000.000000 10000.000000 10000.000000 10000.000000
5.000000 49.000000 1.000000 10000.000000 10000.000000 10000.000000 10000.000000
6.000000 0.000000 1.000000 10000.000000 10000.000000 10000.000000 10000.000000
6.000000 1.000000 1.000000 10000.000000 10000.000000 10000.000000 10000.000000
6.000000 2.000000 1.000000 10000.000000 10000.000000 10000.000000 10000.000000
6.000000 3.000000 1.000000 10000.000000 10000.000000 10000.000000 10000.000000
6.000000 4.000000 1.000000 9999.000000 10000.000000 9999.000000 9999.000000
6.000000 5.000000 1.000000 9999.000000 10000.000000 9999.000000 9999.000000
6.000000 6.000000 1.000000 9999.000000 10000.000000 9999.000000 9999.000000
6.000000 7.000000 1.000000 9999.000000 10000.000000 9999.000000 9999.000000
6.000000 8.000000 1.000000 9999.000000 10000.000000 9999.000000 9999.000000
6.000000 9.000000 1.000000 10000.000000 10000.000000 10000.000000 10000.000000
6.000000 10.000000 1.000000 10000.000000 10000.000000 10000.000000 10000.000000
6.000000 11.000000 1.000000 10000.000000 10000.000000 10000.000000 10000.000000
6.000000 12.000000 1.000000 10000.000000 10000.000000 10000.000000 10000.000000
6.000000 13.000000 1.000000 10000.000000 10000.000000 10000.000000 10000.000000
6.000000 14.000000 1.000000 10000.000000 10000.000000 10000.000000 10000.000000
6.000000 15.000000 1.000000 10000.000000 10000.000000 10000.000000 10000.000000
6.000000 16.000000 1.000000 10000.000000 10000.000000 10000.000000 10000.000000
6.000000 17.000000 1.000000 10000.000000 10000.000000 10000.000000 10000.000000
6.000000 18.000000 1.000000 10000.000000 10000.000000 10000.000000 10000.000000
6.000000 19.000000 1.000000 10000.000000 10000.000000 10000.000000 10000.000000
6.000000 20.000000 1.000000 10000.000000 10000.000000 10000.000000 10000.000000
6.000000 21.000000 1.000000 10000.000000 10000.000000 10000.000000 10000.000000
6.000000 22.000000 1.000000 10000.000000 10000.000000 10000.000000 10000.000000
6.000000 23.000000 1.000000 10000.000000 10000.000000 10000.000000 10000.000000
6.000000 24.000000 1.000000 10000.000000 10000.000000 10000.000000 10000.000000
6.000000 25.000000 1.000000 10000.000000 10000.000000 10000.000000 10000.000000
6.000000 26.000000 1.000000 10000.000000 10000.000000 10000.000000 10000.000000
6.000000 27.000000 1.000000 10000.000000 10000.000000 10000.000000 10000.000000
6.000000 28.000000 1.000000 10000.000000 10000.000000 10000.000000 10000.000000
6.000000 29.000000 1.000000 10000.000000 10000.000000 10000.000000 10000.000000
6.000000 30.000000 1.000000 10000.000000 10000.000000 10000.000000 10000.000000
6.000000 31.000000 1.000000 10000.000000 10000.000000 10000.000000 10000.000000
6.000000 32.000000 1.000000 10000.000000 10000.000000 10000.000000 10000.000000
6.000000 33.000000 1.000000 10000.000000 10000.000000 10000.000000 10000.000000
6.000000 34.000000 1.000000 10000.000000 10000.000000 10000.000000 10000.000000
6.000000 35.000000 1.000000 10000.000000 10000.000000 10000.000000 10000.000000
6.000000 36.000000 1.000000 10000.000000 10000.000000 10000.000000 10000.000000
6.000000 37.000000 1.000000 10000.000000 10000.000000 10000.000000 10000.000000
6.000000 38.000000 1.000000 10000.000000 10000.000000 10000.000000 10000.000000
6.000000 39.000000 1.000000 10000.000000 10000.000000 10000.000000 10000.000000
6.000000 40.000000 1.000000 10000.000000 10000.000000 10000.000000 10000.000000
6.000000 41.000000 1.000000 10000.000000 10000.000000 10000.000000 10000.000000
6.000000 42.000000 1.000000 10000.000000 10000.000000 10000.000000 10000.000000
6.000000 43.000000 1.000000 10000.000000 10000.000000 10000.000000 10000.000000
6.000000 44.000000 1.000000 10000.000000 10000.000000 10000.000000 10000.000000
6.000000 45.000000 1.000000 10000.000000 10000.000000 10000.000000 10000.000000
6.000000 46.000000 1.000000 10000.000000 10000.000000 10000.000000 10000.000000
6.000000 47.000000 1.000000 10000.000000 10000.000000 10000.000000 10000.000000
6.000000 48.000000 1.000000 10000.000000 10000.000000 10000.000000 10000.000000
6.000000 49.000000 1.000000 10000.000000 10000.000000 10000.000000 10000.000000
7.000000 0.000000 1.000000 10000.000000 10000.000000 10000.000000 10000.000000
7.000000 1.000000 1.000000 9999.000000 10000.000000 9999.000000 9999.000000
7.000000 2.000000 1.000000 9999.000000 10000.000000 9999.000000 9999.000000
7.000000 3.000000 1.000000 9998.000000 10000.000000 9998.000000 9998.000000
7.000000 4.000000 1.000000 9998.000000 10000.000000 9998.000000 9998.000000
7.000000 5.000000 1.000000 9998.000000 10000.000000 9998.000000 9998.000000
7.000000 6.000000 1.000000 9999.000000 10000.000000 9999.000000 9999.000000
7.000000 7.000000 1.000000 9999.000000 10000.000000 9999.000000 9999.000000
7.000000 8.000000 1.000000 10000.000000 10000.000000 10000.000000 10000.000000
7.000000 9.000000 1.000000 10000.000000 10000.000000 10000.000000 10000.000000
7.000000 10.000000 1.000000 10000.000000 10000.000000 10000.000000 10000.000000
7.000000 11.000000 1.000000 10000.000000 10000.000000 10000.000000 10000.000000
7.000000 12.000000 1.000000 10000.000000 10000.000000 10000.000000 10000.000000
7.000000 13.000000 1.000000 10000.000000 10000.000000 10000.000000 10000.000000
7.000000 14.000000 1.000000 10000.000000 10000.000000 10000.000000 10000.000000
7.000000 15.000000 1.000000 10000.000000 10000.000000 10000.000000 10000.000000
7.000000 16.000000 1.000000 10000.000000 10000.000000 10000.000000 10000.000000
7.000000 17.000000 1.000000 10000.000000 10000.000000 10000.000000 10000.000000
7.000000 18.000000 1.000000 10000.000000 10000.000000 10000.000000 10000.000000
7.000000 19.000000 1.000000 10000.000000 10000.000000 10000.000000 10000.000000
7.000000 20.000000 1.000000 10000.000000 10000.000000 10000.000000 10000.000000
7.000000 21.000000 1.000000 10000.000000 10000.000000 10000.000000 10000.000000
7.000000 22.000000 1.000000 10000.000000 10000.000000 10000.000000 10000.000000
7.000000 23.000000 1.000000 10000.000000 10000.000000 10000.000000 10000.000000
7.000000 24.000000 1.000000 10000.000000 10000.000000 10000.000000 10000.000000
7.000000 25.000000 1.000000 10000.000000 10000.000000 10000.000000 10000.000000
7.000000 26.000000 1.000000 10000.000000 10000.000000 10000.000000 10000.000000
7.000000 27.000000 1.000000 10000.000000 10000.000000 10000.000000 10000.000000
7.000000 28.000000 1.000000 10000.000000 10000.000000 10000.000000 10000.000000
7.000000 29.000000 1.000000 10000.000000 10000.000000 10000.000000 10000.000000
7.000000 30.000000 1.000000 10000.000000 10000.000000 10000.000000 10000.000000
7.000000 31.000000 1.000000 10000.000000 10000.000000 10000.000000 10000.000000
7.000000 32.000000 1.000000 10000.000000 10000.000000 10000.000000 10000.000000
7.000000 33.000000 1.000000 10000.000000 10000.000000 10000.000000 10000.000000
7.000000 34.000000 1.000000 10000.000000 10000.000000 10000.000000 10000.000000
7.000000 35.000000 1.000000 10000.000000 10000.000000 10000.000000 10000.000000
7.000000 36.000000 1.000000 10000.000000 10000.000000 10000.000000 10000.000000
7.000000 37.000000 1.000000 10000.000000 10000.000000 10000.000000 10000.000000
7.000000 38.000000 1.000000 10000.000000 10000.000000 10000.000000 10000.000000
7.000000 39.000000 1.000000 10000.000000 10000.000000 10000.000000 10000.000000
7.000000 40.000000 1.000000 10000.000000 10000.000000 10000.000000 10000.000000
7.000000 41.000000 1.000000 10000.000000 10000.000000 10000.000000 10000.000000
7.000000 42.000000 1.000000 10000.000000 10000.000000 10000.000000 10000.000000
7.000000 43.000000 1.000000 10000.000000 10000.000000 10000.000000 10000.000000
7.000000 44.000000 1.000000 10000.000000 10000.000000 10000.000000 10000.000000
7.000000 45.000000 1.000000 10000.000000 10000.000000 10000.000000 10000.000000
7.000000 46.000000 1.000000 10000.000000 10000.000000 10000.000000 10000.000000
7.000000 47.000000 1.000000 10000.000000 10000.000000 10000.000000 10000.000000
7.000000 48.000000 1.000000 10000.000000 10000.000000 10000.000000 10000.000000
7.000000 49.000000 1.000000 10000.000000 10000.000000 10000.000000 10000.000000
8.000000 0.000000 1.000000 10000.000000 10000.000000 10000.000000 10000.000000
8.000000 1.000000 1.000000 10000.000000 10000.000000 10000.000000 10000.000000
8.000000 2.000000 1.000000 10000.000000 10000.000000 10000.000000 10000.000000
8.000000 3.000000 1.000000 10000.000000 10000.000000 10000.000000 10000.000000
8.000000 4.000000 1.000000 9998.000000 10000.000000 9998.000000 9998.000000
8.000000 5.000000 1.000000 9998.000000 10000.000000 9998.000000 9998.000000
8.000000 6.000000 1.000000 9998.000000 10000.000000 9998.000000 9998.000000
8.000000 7.000000 1.000000 9998.000000 10000.000000 9998.000000 9998.000000
8.000000 8.000000 1.000000 9998.000000 10000.000000 9998.000000 9998.000000
8.000000 9.000000 1.000000 10000.000000 10000.000000 10000.000000 10000.000000
8.000000 10.000000 1.000000 10000.000000 10000.000000 10000.000000 10000.000000
8.000000 11.000000 1.000000 10000.000000 10000.000000 10000.000000 10000.000000
8.000000 12.000000 1.000000 10000.000000 10000.000000 10000.000000 10000.000000
8.000000 13.000000 1.000000 10000.000000 10000.000000 10000.000000 10000.000000
8.000000 14.000000 1.000000 10000.000000 10000.000000 10000.000000 10000.000000
8.000000 15.000000 1.000000 10000.000000 10000.000000 10000.000000 10000.000000
8.000000 16.000000 1.000000 10000.000000 10000.000000 10000.000000 10000.000000
8.000000 17.000000 1.000000 10000.000000 10000.000000 10000.000000 10000.000000
8.000000 18.000000 1.000000 10000.000000 10000.000000 10000.000000 10000.000000
8.000000 19.000000 1.000000 10000.000000 10000.000000 10000.000000 10000.000000
8.000000 20.000000 1.000000 10000.000000 10000.000000 10000.000000 10000.000000
8.000000 21.000000 1.000000 10000.000000 10000.000000 10000.000000 10000.000000
8.000000 22.000000 1.000000 10000.000000 10000.000000 10000.000000 10000.000000
8.000000 23.000000 1.000000 10000.000000 10000.000000 10000.000000 10000.000000
8.000000 24.000000 1.000000 10000.000000 10000.000000 10000.000000 10000.000000
8.000000 25.000000 1.000000 10000.000000 10000.000000 10000.000000 10000.000000
8.000000 26.000000 1.000000 10000.000000 10000.000000 10000.000000 10000.000000
8.000000 27.000000 1.000000 10000.000000 10000.000000 10000.000000 10000.000000
8.000000 28.000000 1.000000 10000.000000 10000.000000 10000.000000 10000.000000
8.000000 29.000000 1.000000 10000.000000 10000.000000 10000.000000 10000.000000
8.000000 30.000000 1.000000 10000.000000 10000.000000 10000.000000 10000.000000
8.000000 31.000000 1.000000 10000.000000 10000.000000 10000.000000 10000.000000
8.000000 32.000000 1.000000 10000.000000 10000.000000 10000.000000 10000.000000
8.000000 33.000000 1.000000 10000.000000 10000.000000 10000.000000 10000.000000
8.000000 34.000000 1.000000 10000.000000 10000.000000 10000.000000 10000.000000
8.000000 35.000000 1.000000 10000.000000 10000.000000 10000.000000 10000.000000
8.000000 36.000000 1.000000 10000.000000 10000.000000 10000.000000 10000.000000
8.000000 37.000000 1.000000 10000.000000 10000.000000 10000.000000 10000.000000
8.000000 38.000000 1.000000 10000.000000 10000.000000 10000.000000 10000.000000
8.000000 39.000000 1.000000 10000.000000 10000.000000 10000.000000 10000.000000
8.000000 40.000000 1.000000 10000.000000 10000.000000 10000.000000 10000.000000
8.000000 41.000000 1.000000 10000.000000 10000.000000 10000.000000 10000.000000
8.000000 42.000000 1.000000 10000.000000 10000.000000 10000.000000 10000.000000
8.000000 43.000000 1.000000 10000.000000 10000.000000 10000.000000 10000.000000
8.000000 44.000000 1.000000 10000.000000 10000.000000 10000.000000 10000.000000
8.000000 45.000000 1.000000 10000.000000 10000.000000 10000.000000 10000.000000
8.000000 46.000000 1.000000 10000.000000 10000.000000 10000.000000 10000.000000
8.000000 47.000000 1.000000 10000.000000 10000.000000 10000.000000 10000.000000
8.000000 48.000000 1.000000 10000.000000 10000.000000 10000.000000 10000.000000
8.000000 49.000000 1.000000 10000.000000 10000.000000 10000.000000 10000.000000
9.000000 0.000000 1.000000 10000.000000 10000.000000 10000.000000 10000.000000
9.000000 1.000000 1.000000 10000.000000 10000.000000 10000.000000 10000.000000
9.000000 2.000000 1.000000 10000.000000 10000.000000 10000.000000 10000.000000
9.000000 3.000000 1.000000 10000.000000 10000.000000 10000.000000 10000.000000
9.000000 4.000000 1.000000 10000.000000 10000.000000 10000.000000 10000.000000
9.000000 5.000000 1.000000 10000.000000 10000.000000 10000.000000 10000.000000
9.000000 6.000000 1.000000 10000.000000 10000.000000 10000.000000 10000.000000
9.000000 7.000000 1.000000 10000.000000 10000.000000 10000.000000 10000.000000
9.000000 8.000000 1.000000 10000.000000 10000.000000 10000.000000 10000.000000
9.000000 9.000000 1.000000 10000.000000 10000.000000 10000.000000 10000.000000
9.000000 10.000000 1.000000 10000.000000 10000.000000 10000.000000 10000.000000
9.000000 11.000000 1.000000 10000.000000 10000.000000 10000.000000 10000.000000
9.000000 12.000000 1.000000 10000.000000 10000.000000 10000.000000 10000.000000
9.000000 13.000000 1.000000 10000.000000 10000.000000 10000.000000 10000.000000
9.000000 14.000000 1.000000 10000.000000 10000.000000 10000.000000 10000.000000
9.000000 15.000000 1.000000 10000.000000 10000.000000 10000.000000 10000.000000
9.000000 16.000000 1.000000 10000.000000 10000.000000 10000.000000 10000.000000
9.000000 17.000000 1.000000 10000.000000 10000.000000 10000.000000 10000.000000
9.000000 18.000000 1.000000 10000.000000 10000.000000 10000.000000 10000.000000
9.000000 19.000000 1.000000 10000.000000 10000.000000 10000.000000 10000.000000
9.000000 20.000000 1.000000 10000.000000 10000.000000 10000.000000 10000.000000
9.000000 21.000000 1.000000 10000.000000 10000.000000 10000.000000 10000.000000
9.000000 22.000000 1.000000 10000.000000 10000.000000 10000.000000 10000.000000
9.000000 23.000000 1.000000 10000.000000 10000.000000 10000.000000 10000.000000
9.000000 24.000000 1.000000 10000.000000 10000.000000 10000.000000 10000.000000
9.000000 25.000000 1.000000 10000.000000 10000.000000 10000.000000 10000.000000
9.000000 26.000000 1.000000 10000.000000 10000.000000 10000.000000 10000.000000
9.000000 27.000000 1.000000 10000.000000 10000.000000 10000.000000 10000.000000
9.000000 28.000000 1.000000 10000.000000 10000.000000 10000.000000 10000.000000
9.000000 29.000000 1.000000 10000.000000 10000.000000 10000.000000 10000.000000
9.000000 30.000000 1.000000 10000.000000 10000.000000 10000.000000 10000.000000
9.000000 31.000000 1.000000 10000.000000 10000.000000 10000.000000 10000.000000
9.000000 32.000000 1.000000 10000.000000 10000.000000 10000.000000 10000.000000
9.000000 33.000000 1.000000 10000.000000 10000.000000 10000.000000 10000.000000
9.000000 34.000000 1.000000 10000.000000 10000.000000 10000.000000 10000.000000
9.000000 35.000000 1.000000 10000.000000 10000.000000 10000.000000 10000.000000
9.000000 36.000000 1.000000 10000.000000 10000.000000 10000.000000 10000.000000
9.000000 37.000000 1.000000 10000.000000 10000.000000 10000.000000 10000.000000
9.000000 38.000000 1.000000 10000.000000 10000.000000 10000.000000 10000.000000
9.000000 39.000000 1.000000 10000.000000 10000.000000 10000.000000 10000.000000
9.000000 40.000000 1.000000 10000.000000 10000.000000 10000.000000 10000.000000
9.000000 41.000000 1.000000 10000.000000 10000.000000 10000.000000 10000.000000
9.000000 42.000000 1.000000 10000.000000 10000.000000 10000.000000 10000.000000
9.000000 43.000000 1.000000 10000.000000 10000.000000 10000.000000 10000.000000
9.000000 44.000000 1.000000 10000.000000 10000.000000 10000.000000 10000.000000
9.000000 45.000000 1.000000 10000.000000 10000.000000 10000.000000 10000.000000
9.000000 46.000000 1.000000 10000.000000 10000.000000 10000.000000 10000.000000
9.000000 47.000000 1.000000 10000.000000 10000.000000 10000.000000 10000.000000
9.000000 48.000000 1.000000 10000.000000 10000.000000 10000.000000 10000.000000
9.000000 49.000000 1.000000 10000.000000 10000.000000 10000.000000 10000.000000
10.000000 0.000000 1.000000 10000.000000 10000.000000 10000.000000 10000.000000
10.000000 1.000000 1.000000 10000.000000 10000.000000 10000.000000 10000.000000
10.000000 2.000000 1.000000 9999.000000 10000.000000 9999.000000 9999.000000
10.000000 3.000000 1.000000 9999.000000 10000.000000 9999.000000 9999.000000
10.000000 4.000000 1.000000 9999.000000 10000.000000 9999.000000 9999.000000
10.000000 5.000000 1.000000 9999.000000 10000.000000 9999.000000 9999.000000
10.000000 6.000000 1.000000 9999.000000 10000.000000 9999.000000 9999.000000
10.000000 7.000000 1.000000 10000.000000 10000.000000 10000.000000 10000.000000
10.000000 8.000000 1.000000 10000.000000 10000.000000 10000.000000 10000.000000
10.000000 9.000000 1.000000 10000.000000 10000.000000 10000.000000 10000.000000
10.000000 10.000000 1.000000 10000.000000 10000.000000 10000.000000 10000.000000
10.000000 11.000000 1.000000 10000.000000 10000.000000 10000.000000 10000.000000
10.000000 12.000000 1.000000 10000.000000 10000.000000 10000.000000 10000.000000
10.000000 13.000000 1.000000 10000.000000 10000.000000 10000.000000 10000.000000
10.000000 14.000000 1.000000 10000.000000 10000.000000 10000.000000 10000.000000
10.000000 15.000000 1.000000 10000.000000 10000.000000 10000.000000 10000.000000
10.000000 16.000000 1.000000 10000.000000 10000.000000 10000.000000 10000.000000
10.000000 17.000000 1.000000 10000.000000 10000.000000 10000.000000 10000.000000
10.000000 18.000000 1.000000 10000.000000 10000.000000 10000.000000 10000.000000
10.000000 19.000000 1.000000 10000.000000 10000.000000 10000.000000 10000.000000
10.000000 20.000000 1.000000 10000.000000 10000.000000 10000.000000 10000.000000
10.000000 21.000000 1.000000 10000.000000 10000.000000 10000.000000 10000.000000
10.000000 22.000000 1.000000 10000.000000 10000.000000 10000.000000 10000.000000
10.000000 23.000000 1.000000 10000.000000 10000.000000 10000.000000 10000.000000
10.000000 24.000000 1.000000 10000.000000 10000.000000 10000.000000 10000.000000
10.000000 25.000000 1.000000 10000.000000 10000.000000 10000.000000 10000.000000
10.000000 26.000000 1.000000 10000.000000 10000.000000 10000.000000 10000.000000
10.000000 27.000000 1.000000 10000.000000 10000.000000 10000.000000 10000.000000
10.000000 28.000000 1.000000 10000.000000 10000.000000 10000.000000 10000.000000
10.000000 29.000000 1.000000 10000.000000 10000.000000 10000.000000 10000.000000
10.000000 30.000000 1.000000 10000.000000 10000.000000 10000.000000 10000.000000
10.000000 31.000000 1.000000 10000.000000 10000.000000 10000.000000 10000.000000
10.000000 32.000000 1.000000 10000.000000 10000.000000 10000.000000 10000.000000
10.000000 33.000000 1.000000 10000.000000 10000.000000 10000.000000 10000.000000
10.000000 34.000000 1.000000 10000.000000 10000.000000 10000.000000 10000.000000
10.000000 35.000000 1.000000 10000.000000 10000.000000 10000.000000 10000.000000
10.000000 36.000000 1.000000 10000.000000 10000.000000 10000.000000 10000.000000
10.000000 37.000000 1.000000 10000.000000 10000.000000 10000.000000 10000.000000
10.000000 38.000000 1.000000 10000.000000 10000.000000 10000.000000 10000.000000
10.000000 39.000000 1.000000 10000.000000 10000.000000 10000.000000 10000.000000
10.000000 40.000000 1.000000 10000.000000 10000.000000 10000.000000 10000.000000
10.000000 41.000000 1.000000 10000.000000 10000.000000 10000.000000 10000.000000
10.000000 42.000000 1.000000 10000.000000 10000.000000 10000.000000 10000.000000
10.000000 43.000000 1.000000 10000.000000 10000.000000 10000.000000 10000.000000
10.000000 44.000000 1.000000 10000.000000 10000.000000 10000.000000 10000.000000
10.000000 45.000000 1.000000 10000.000000 10000.000000 10000.000000 10000.000000
10.000000 46.000000 1.000000 10000.000000 10000.000000 10000.000000 10000.000000
10.000000 47.000000 1.000000 10000.000000 10000.000000 10000.000000 10000.000000
10.000000 48.000000 1.000000 10000.000000 10000.000000 10000.000000 10000.000000
10.000000 49.000000 1.000000 10000.000000 10000.000000 10000.000000 10000.000000
11.000000 0.000000 1.000000 10000.000000 10000.000000 10000.000000 10000.000000
11.000000 1.000000 1.000000 10000.000000 10000.000000 10000.000000 10000.000000
11.000000 2.000000 1.000000 9999.000000 10000.000000 9999.000000 9999.000000
11.000000 3.000000 1.000000 9999.000000 10000.000000 9999.000000 9999.000000
11.000000 4.000000 1.000000 9999.000000 10000.000000 9999.000000 9999.000000
11.000000 5.000000 1.000000 9999.000000 10000.000000 9999.000000 9999.000000
11.000000 6.000000 1.000000 9999.000000 10000.000000 9999.000000 9999.000000
11.000000 7.000000 1.000000 9999.000000 10000.000000 9999.000000 9999.000000
11.000000 8.000000 1.000000 10000.000000 10000.000000 10000.000000 10000.000000
11.000000 9.000000 1.000000 10000.000000 10000.000000 10000.000000 10000.000000
11.000000 10.000000 1.000000 10000.000000 10000.000000 10000.000000 10000.000000
11.000000 11.000000 1.000000 10000.000000 10000.000000 10000.000000 10000.000000
11.000000 12.000000 1.000000 10000.000000 10000.000000 10000.000000 10000.000000
11.000000 13.000000 1.000000 10000.000000 10000.000000 10000.000000 10000.000000
11.000000 14.000000 1.000000 10000.000000 10000.000000 10000.000000 10000.000000
11.000000 15.000000 1.000000 10000.000000 10000.000000 10000.000000 10000.000000
11.000000 16.000000 1.000000 10000.000000 10000.000000 10000.000000 10000.000000
11.000000 17.000000 1.000000 10000.000000 10000.000000 10000.000000 10000.000000
11.000000 18.000000 1.000000 10000.000000 10000.000000 10000.000000 10000.000000
11.000000 19.000000 1.000000 10000.000000 10000.000000 10000.000000 10000.000000
11.000000 20.000000 1.000000 10000.000000 10000.000000 10000.000000 10000.000000
11.000000 21.000000 1.000000 10000.000000 10000.000000 10000.000000 10000.000000
11.000000 22.000000 1.000000 10000.000000 10000.000000 10000.000000 10000.000000
11.000000 23.000000 1.000000 10000.000000 10000.000000 10000.000000 10000.000000
11.000000 24.000000 1.000000 10000.000000 10000.000000 10000.000000 10000.000000
11.000000 25.000000 1.000000 10000.000000 10000.000000 10000.000000 10000.000000
11.000000 26.000000 1.000000 10000.000000 10000.000000 10000.000000 10000.000000
11.000000 27.000000 1.000000 10000.000000 10000.000000 10000.000000 10000.000000
11.000000 28.000000 1.000000 10000.000000 10000.000000 10000.000000 10000.000000
11.000000 29.000000 1.000000 10000.000000 10000.000000 10000.000000 10000.000000
11.000000 30.000000 1.000000 10000.000000 10000.000000 10000.000000 10000.000000
11.000000 31.000000 1.000000 10000.000000 10000.000000 10000.000000 10000.000000
11.000000 32.000000 1.000000 10000.000000 10000.000000 10000.000000 10000.000000
11.000000 33.000000 1.000000 10000.000000 10000.000000 10000.000000 10000.000000
11.000000 34.000000 1.000000 10000.000000 10000.000000 10000.000000 10000.000000
11.000000 35.000000 1.000000 10000.000000 10000.000000 10000.000000 10000.000000
11.000000 36.000000 1.000000 10000.000000 10000.000000 10000.000000 10000.000000
11.000000 37.000000 1.000000 10000.000000 10000.000000 10000.000000 10000.000000
11.000000 38.000000 1.000000 10000.000000 10000.000000 10000.000000 10000.000000
11.000000 39.000000 1.000000 10000.000000 10000.000000 10000.000000 10000.000000
11.000000 40.000000 1.000000 10000.000000 10000.000000 10000.000000 10000.000000
11.000000 41.000000 1.000000 10000.000000 10000.000000 10000.000000 10000.000000
11.000000 42.000000 1.000000 10000.000000 10000.000000 10000.000000 10000.000000
11.000000 43.000000 1.000000 10000.000000 10000.000000 10000.000000 10000.000000
11.000000 44.000000 1.000000 10000.000000 10000.000000 10000.000000 10000.000000
11.000000 45.000000 1.000000 10000.000000 10000.000000 10000.000000 10000.000000
11.000000 46.000000 1.000000 10000.000000 10000.000000 10000.000000 10000.000000
11.000000 47.000000 1.000000 10000.000000 10000.000000 10000.000000 10000.000000
11.000000 48.000000 1.000000 10000.000000 10000.000000 10000.000000 10000.000000
11.000000 49.000000 1.000000 10000.000000 10000.000000 10000.000000 10000.000000
12.000000 0.000000 1.000000 10000.000000 10000.000000 10000.000000 10000.000000
12.000000 1.000000 1.000000 10000.000000 10000.000000 10000.000000 10000.000000
12.000000 2.000000 1.000000 9999.000000 10000.000000 9999.000000 9999.000000
12.000000 3.000000 1.000000 9999.000000 10000.000000 9999.000000 9999.000000
12.000000 4.000000 1.000000 9999.000000 10000.000000 9999.000000 9999.000000
12.000000 5.000000 1.000000 9999.000000 10000.000000 9999.000000 9999.000000
12.000000 6.000000 1.000000 9999.000000 10000.000000 9999.000000 9999.000000
12.000000 7.000000 1.000000 10000.000000 10000.000000 10000.000000 10000.000000
12.000000 8.000000 1.000000 10000.000000 10000.000000 10000.000000 10000.000000
12.000000 9.000000 1.000000 10000.000000 10000.000000 10000.000000 10000.000000
12.000000 10.000000 1.000000 10000.000000 10000.000000 10000.000000 10000.000000
12.000000 11.000000 1.000000 10000.000000 10000.000000 10000.000000 10000.000000
12.000000 12.000000 1.000000 10000.000000 10000.000000 10000.000000 10000.000000
12.000000 13.000000 1.000000 10000.000000 10000.000000 10000.000000 10000.000000
12.000000 14.000000 1.000000 10000.000000 10000.000000 10000.000000 10000.000000
12.000000 15.000000 1.000000 10000.000000 10000.000000 10000.000000 10000.000000
12.000000 16.000000 1.000000 10000.000000 10000.000000 10000.000000 10000.000000
12.000000 17.000000 1.000000 10000.000000 10000.000000 10000.000000 10000.000000
12.000000 18.000000 1.000000 10000.000000 10000.000000 10000.000000 10000.000000
12.000000 19.000000 1.000000 10000.000000 10000.000000 10000.000000 10000.000000
12.000000 20.000000 1.000000 10000.000000 10000.000000 10000.000000 10000.000000
12.000000 21.000000 1.000000 10000.000000 10000.000000 10000.000000 10000.000000
12.000000 22.000000 1.000000 10000.000000 10000.000000 10000.000000 10000.000000
12.000000 23.000000 1.000000 10000.000000 10000.000000 10000.000000 10000.000000
12.000000 24.000000 1.000000 10000.000000 10000.000000 10000.000000 10000.000000
12.000000 25.000000 1.000000 10000.000000 10000.000000 10000.000000 10000.000000
12.000000 26.000000 1.000000 10000.000000 10000.000000 10000.000000 10000.000000
12.000000 27.000000 1.000000 10000.000000 10000.000000 10000.000000 10000.000000
12.000000 28.000000 1.000000 10000.000000 10000.000000 10000.000000 10000.000000
12.000000 29.000000 1.000000 10000.000000 10000.000000 10000.000000 10000.000000
12.000000 30.000000 1.000000 10000.000000 10000.000000 10000.000000 10000.000000
12.000000 31.000000 1.000000 10000.000000 10000.000000 10000.000000 10000.000000
12.000000 32.000000 1.000000 10000.000000 10000.000000 10000.000000 10000.000000
12.000000 33.000000 1.000000 10000.000000 10000.000000 10000.000000 10000.000000
12.000000 34.000000 1.000000 10000.000000 10000.000000 10000.000000 10000.000000
12.000000 35.000000 1.000000 10000.000000 10000.000000 10000.000000 10000.000000
12.000000 36.000000 1.000000 10000.000000 10000.000000 10000.000000 10000.000000
12.000000 37.000000 1.000000 10000.000000 10000.000000 10000.000000 10000.000000
12.000000 38.000000 1.000000 10000.000000 10000.000000 10000.000000 10000.000000
12.000000 39.000000 1.000000 10000.000000 10000.000000 10000.000000 10000.000000
12.000000 40.000000 1.000000 10000.000000 10000.000000 10000.000000 10000.000000
12.000000 41.000000 1.000000 10000.000000 10000.000000 10000.000000 10000.000000
12.000000 42.000000 1.000000 10000.000000 10000.000000 10000.000000 10000.000000
12.000000 43.000000 1.000000 10000.000000 10000.000000 10000.000000 10000.000000
12.000000 44.000000 1.000000 10000.000000 10000.000000 10000.000000 10000.000000
12.000000 45.000000 1.000000 10000.000000 10000.000000 10000.000000 10000.000000
12.000000 46.000000 1.000000 10000.000000 10000.000000 10000.000000 10000.000000
12.000000 47.000000 1.000000 10000.000000 10000.000000 10000.000000 10000.000000
12.000000 48.000000 1.000000 10000.000000 10000.000000 10000.000000 10000.000000
12.000000 49.000000 1.000000 10000.000000 10000.000000 10000.000000 10000.000000
13.000000 0.000000 1.000000 10000.000000 10000.000000 10000.000000 10000.000000
13.000000 1.000000 1.000000 10000.000000 10000.000000 10000.000000 10000.000000
13.000000 2.000000 1.000000 9985.000000 10000.000000 9985.000000 9985.000000
13.000000 3.000000 1.000000 9858.000000 10000.000000 9858.000000 9858.000000
13.000000 4.000000 1.000000 9172.000000 10000.000000 9172.000000 9172.000000
13.000000 5.000000 1.000000 7639.000000 10000.000000 7639.000000 7639.000000
13.000000 6.000000 1.000000 6106.000000 10000.000000 6106.000000 6106.000000
13.000000 7.000000 1.000000 4991.000000 10000.000000 4991.000000 4991.000000
13.000000 8.000000 1.000000 4478.000000 10000.000000 4478.000000 4478.000000
13.000000 9.000000 1.000000 4787.000000 10000.000000 4787.000000 4787.000000
13.000000 10.000000 1.000000 6139.000000 10000.000000 6139.000000 6139.000000
13.000000 11.000000 1.000000 7641.000000 10000.000000 7641.000000 7641.000000
13.000000 12.000000 1.000000 8802.000000 10000.000000 8802.000000 8802.000000
13.000000 13.000000 1.000000 9483.000000 10000.000000 9483.000000 9483.000000
13.000000 14.000000 1.000000 9811.000000 10000.000000 9811.000000 9811.000000
13.000000 15.000000 1.000000 9923.000000 10000.000000 9923.000000 9923.000000
13.000000 16.000000 1.000000 9968.000000 10000.000000 9968.000000 9968.000000
13.000000 17.000000 1.000000 9990.000000 10000.000000 9990.000000 9990.000000
13.000000 18.000000 1.000000 9999.000000 10000.000000 9999.000000 9999.000000
13.000000 19.000000 1.000000 10000.000000 10000.000000 10000.000000 10000.000000
13.000000 20.000000 1.000000 10000.000000 10000.000000 10000.000000 10000.000000
13.000000 21.000000 1.000000 10000.000000 10000.000000 10000.000000 10000.000000
13.000000 22.000000 1.000000 10000.000000 10000.000000 10000.000000 10000.000000
13.000000 23.000000 1.000000 10000.000000 10000.000000 10000.000000 10000.000000
13.000000 24.000000 1.000000 10000.000000 10000.000000 10000.000000 10000.000000
13.000000 25.000000 1.000000 10000.000000 10000.000000 10000.000000 10000.000000
13.000000 26.000000 1.000000 10000.000000 10000.000000 10000.000000 10000.000000
13.000000 27.000000 1.000000 10000.000000 10000.000000 10000.000000 10000.000000
13.000000 28.000000 1.000000 10000.000000 10000.000000 10000.000000 10000.000000
13.000000 29.000000 1.000000 10000.000000 10000.000000 10000.000000 10000.000000
13.000000 30.000000 1.000000 10000.000000 10000.000000 10000.000000 10000.000000
13.000000 31.000000 1.000000 10000.000000 10000.000000 10000.000000 10000.000000
13.000000 32.000000 1.000000 10000.000000 10000.000000 10000.000000 10000.000000
13.000000 33.000000 1.000000 10000.000000 10000.000000 10000.000000 10000.000000
13.000000 34.000000 1.000000 10000.000000 10000.000000 10000.000000 10000.000000
13.000000 35.000000 1.000000 10000.000000 10000.000000 10000.000000 10000.000000
13.000000 36.000000 1.000000 10000.000000 10000.000000 10000.000000 10000.000000
13.000000 37.000000 1.000000 10000.000000 10000.000000 10000.000000 10000.000000
13.000000 38.000000 1.000000 10000.000000 10000.000000 10000.000000 10000.000000
13.000000 39.000000 1.000000 10000.000000 10000.000000 10000.000000 10000.000000
13.000000 40.000000 1.000000 10000.000000 10000.000000 10000.000000 10000.000000
13.000000 41.000000 1.000000 10000.000000 10000.000000 10000.000000 10000.000000
13.000000 42.000000 1.000000 10000.000000 10000.000000 10000.000000 10000.000000
13.000000 43.000000 1.000000 10000.000000 10000.000000 10000.000000 10000.000000
13.000000 44.000000 1.000000 10000.000000 10000.000000 10000.000000 10000.000000
13.000000 45.000000 1.000000 10000.000000 10000.000000 10000.000000 10000.000000
13.000000 46.000000 1.000000 10000.000000 10000.000000 10000.000000 10000.000000
13.000000 47.000000 1.000000 10000.000000 10000.000000 10000.000000 10000.000000
13.000000 48.000000 1.000000 10000.000000 10000.000000 10000.000000 10000.000000
13.000000 49.000000 1.000000 10000.000000 10000.000000 10000.000000 10000.000000
14.000000 0.000000 1.000000 10000.000000 10000.000000 10000.000000 10000.000000
14.000000 1.000000 1.000000 10000.000000 10000.000000 10000.000000 10000.000000
14.000000 2.000000 1.000000 10000.000000 10000.000000 10000.000000 10000.000000
14.000000 3.000000 1.000000 9992.000000 10000.000000 9992.000000 9992.000000
14.000000 4.000000 1.000000 9839.000000 10000.000000 9839.000000 9839.000000
14.000000 5.000000 1.000000 8997.000000 10000.000000 8997.000000 8997.000000
14.000000 6.000000 1.000000 7184.000000 10000.000000 7184.000000 7184.000000
14.000000 7.000000 1.000000 5547.000000 10000.000000 5547.000000 5547.000000
14.000000 8.000000 1.000000 4503.000000 10000.000000 4503.000000 4503.000000
14.000000 9.000000 1.000000 4144.000000 10000.000000 4144.000000 4144.000000
14.000000 10.000000 1.000000 4702.000000 10000.000000 4702.000000 4702.000000
14.000000 11.000000 1.000000 6356.000000 10000.000000 6356.000000 6356.000000
14.000000 12.000000 1.000000 7983.000000 10000.000000 7983.000000 7983.000000
14.000000 13.000000 1.000000 9084.000000 10000.000000 9084.000000 9084.000000
14.000000 14.000000 1.000000 9633.000000 10000.000000 9633.000000 9633.000000
14.000000 15.000000 1.000000 9864.000000 10000.000000 9864.000000 9864.000000
14.000000 16.000000 1.000000 9938.000000 10000.000000 9938.000000 9938.000000
14.000000 17.000000 1.000000 9971.000000 10000.000000 9971.000000 9971.000000
14.000000 18.000000 1.000000 9989.000000 10000.000000 9989.000000 9989.000000
14.000000 19.000000 1.000000 9996.000000 10000.000000 9996.000000 9996.000000
14.000000 20.000000 1.000000 9999.000000 10000.000000 9999.000000 9999.000000
14.000000 21.000000 1.000000 9999.000000 10000.000000 9999.000000 9999.000000
14.000000 22.000000 1.000000 10000.000000 10000.000000 10000.000000 10000.000000
14.000000 23.000000 1.000000 10000.000000 10000.000000 10000.000000 10000.000000
14.000000 24.000000 1.000000 10000.000000 10000.000000 10000.000000 10000.000000
14.000000 25.000000 1.000000 10000.000000 10000.000000 10000.000000 10000.000000
14.000000 26.000000 1.000000 10000.000000 10000.000000 10000.000000 10000.000000
14.000000 27.000000 1.000000 10000.000000 10000.000000 10000.000000 10000.000000
14.000000 28.000000 1.000000 10000.000000 10000.000000 10000.000000 10000.000000
14.000000 29.000000 1.000000 10000.000000 10000.000000 10000.000000 10000.000000
14.000000 30.000000 1.000000 10000.000000 10000.000000 10000.000000 10000.000000
14.000000 31.000000 1.000000 10000.000000 10000.000000 10000.000000 10000.000000
14.000000 32.000000 1.000000 10000.000000 10000.000000 10000.000000 10000.000000
14.000000 33.000000 1.000000 10000.000000 10000.000000 10000.000000 10000.000000
14.000000 34.000000 1.000000 10000.000000 10000.000000 10000.000000 10000.000000
14.000000 35.000000 1.000000 10000.000000 10000.000000 10000.000000 10000.000000
14.000000 36.000000 1.000000 10000.000000 10000.000000 10000.000000 10000.000000
14.000000 37.000000 1.000000 10000.000000 10000.000000 10000.000000 10000.000000
14.000000 38.000000 1.000000 10000.000000 10000.000000 10000.000000 10000.000000
14.000000 39.000000 1.000000 10000.000000 10000.000000 10000.000000 10000.000000
14.000000 40.000000 1.000000 10000.000000 10000.000000 10000.000000 10000.000000
14.000000 41.000000 1.000000 10000.000000 10000.000000 10000.000000 10000.000000
14.000000 42.000000 1.000000 10000.000000 10000.000000 10000.000000 10000.000000
14.000000 43.000000 1.000000 10000.000000 10000.000000 10000.000000 10000.000000
14.000000 44.000000 1.000000 10000.000000 10000.000000 10000.000000 10000.000000
14.000000 45.000000 1.000000 10000.000000 10000.000000 10000.000000 10000.000000
14.000000 46.000000 1.000000 10000.000000 10000.000000 10000.000000 10000.000000
14.000000 47.000000 1.000000 10000.000000 10000.000000 10000.000000 10000.000000
14.000000 48.000000 1.000000 10000.000000 10000.000000 10000.000000 10000.000000
14.000000 49.000000 1.000000 10000.000000 10000.000000 10000.000000 10000.000000
15.000000 0.000000 1.000000 10000.000000 10000.000000 10000.000000 10000.000000
15.000000 1.000000 1.000000 10000.000000 10000.000000 10000.000000 10000.000000
15.000000 2.000000 1.000000 9996.000000 10000.000000 9996.000000 9996.000000
15.000000 3.000000 1.000000 9980.000000 10000.000000 9980.000000 9980.000000
15.000000 4.000000 1.000000 9956.000000 10000.000000 9956.000000 9956.000000
15.000000 5.000000 1.000000 9876.000000 10000.000000 9876.000000 9876.000000
15.000000 6.000000 1.000000 9575.000000 10000.000000 9575.000000 9575.000000
15.000000 7.000000 1.000000 8771.000000 10000.000000 8771.000000 8771.000000
15.000000 8.000000 1.000000 7368.000000 10000.000000 7368.000000 7368.000000
15.000000 9.000000 1.000000 5969.000000 10000.000000 5969.000000 5969.000000
15.000000 10.000000 1.000000 5139.000000 10000.000000 5139.000000 5139.000000
15.000000 11.000000 1.000000 4868.000000 10000.000000 4868.000000 4868.000000
15.000000 12.000000 1.000000 5362.000000 10000.000000 5362.000000 5362.000000
15.000000 13.000000 1.000000 6587.000000 10000.000000 6587.000000 6587.000000
15.000000 14.000000 1.000000 7969.000000 10000.000000 7969.000000 7969.000000
15.000000 15.000000 1.000000 8918.000000 10000.000000 8918.000000 8918.000000
15.000000 16.000000 1.000000 9502.000000 10000.000000 9502.000000 9502.000000
15.000000 17.000000 1.000000 9765.000000 10000.000000 9765.000000 9765.000000
15.000000 18.000000 1.000000 9888.000000 10000.000000 9888.000000 9888.000000
15.000000 19.000000 1.000000 9955.000000 10000.000000 9955.000000 9955.000000
15.000000 20.000000 1.000000 9982.000000 10000.000000 9982.000000 9982.000000
15.000000 21.000000 1.000000 9993.000000 10000.000000 9993.000000 9993.000000
15.000000 22.000000 1.000000 9998.000000 10000.000000 9998.000000 9998.000000
15.000000 23.000000 1.000000 10000.000000 10000.000000 10000.000000 10000.000000
15.000000 24.000000 1.000000 10000.000000 10000.000000 10000.000000 10000.000000
15.000000 25.000000 1.000000 10000.000000 10000.000000 10000.000000 10000.000000
15.000000 26.000000 1.000000 10000.000000 10000.000000 10000.000000 10000.000000
15.000000 27.000000 1.000000 10000.000000 10000.000000 10000.000000 10000.000000
15.000000 28.000000 1.000000 10000.000000 10000.000000 10000.000000 10000.000000
15.000000 29.000000 1.000000 10000.000000 10000.000000 10000.000000 10000.000000
15.000000 30.000000 1.000000 10000.000000 10000.000000 10000.000000 10000.000000
15.000000 31.000000 1.000000 10000.000000 10000.000000 10000.000000 10000.000000
15.000000 32.000000 1.000000 10000.000000 10000.000000 10000.000000 10000.000000
15.000000 33.000000 1.000000 10000.000000 10000.000000 10000.000000 10000.000000
15.000000 34.000000 1.000000 10000.000000 10000.000000 10000.000000 10000.000000
15.000000 35.000000 1.000000 10000.000000 10000.000000 10000.000000 10000.000000
15.000000 36.000000 1.000000 10000.000000 10000.000000 10000.000000 10000.000000
15.000000 37.000000 1.000000 10000.000000 10000.000000 10000.000000 10000.000000
15.000000 38.000000 1.000000 10000.000000 10000.000000 10000.000000 10000.000000
15.000000 39.000000 1.000000 10000.000000 10000.000000 10000.000000 10000.000000
15.000000 40.000000 1.000000 10000.000000 10000.000000 10000.000000 10000.000000
15.000000 41.000000 1.000000 10000.000000 10000.000000 10000.000000 10000.000000
15.000000 42.000000 1.000000 10000.000000 10000.000000 10000.000000 10000.000000
15.000000 43.000000 1.000000 10000.000000 10000.000000 10000.000000 10000.000000
15.000000 44.000000 1.000000 10000.000000 10000.000000 10000.000000 10000.000000
15.000000 45.000000 1.000000 10000.000000 10000.000000 10000.000000 10000.000000
15.000000 46.000000 1.000000 10000.000000 10000.000000 10000.000000 10000.000000
15.000000 47.000000 1.000000 10000.000000 10000.000000 10000.000000 10000.000000
15.000000 48.000000 1.000000 10000.000000 10000.000000 10000.000000 10000.000000
15.000000 49.000000 1.000000 10000.000000 10000.000000 10000.000000 10000.000000
16.000000 0.000000 1.000000 10000.000000 10000.000000 10000.000000 10000.000000
16.000000 1.000000 1.000000 10000.000000 10000.000000 10000.000000 10000.000000
16.000000 2.000000 1.000000 9999.000000 10000.000000 9999.000000 9999.000000
16.000000 3.000000 1.000000 9999.000000 10000.000000 9999.000000 9999.000000
16.000000 4.000000 1.000000 9999.000000 10000.000000 9999.000000 9999.000000
16.000000 5.000000 1.000000 9999.000000 10000.000000 9999.000000 9999.000000
16.000000 6.000000 1.000000 9999.000000 10000.000000 9999.000000 9999.000000
16.000000 7.000000 1.000000 10000.000000 10000.000000 10000.000000 10000.000000
16.000000 8.000000 1.000000 10000.000000 10000.000000 10000.000000 10000.000000
16.000000 9.000000 1.000000 10000.000000 10000.000000 10000.000000 10000.000000
16.000000 10.000000 1.000000 10000.000000 10000.000000 10000.000000 10000.000000
16.000000 11.000000 1.000000 10000.000000 10000.000000 10000.000000 10000.000000
16.000000 12.000000 1.000000 10000.000000 10000.000000 10000.000000 10000.000000
16.000000 13.000000 1.000000 10000.000000 10000.000000 10000.000000 10000.000000
16.000000 14.000000 1.000000 10000.000000 10000.000000 10000.000000 10000.000000
16.000000 15.000000 1.000000 10000.000000 10000.000000 10000.000000 10000.000000
16.000000 16.000000 1.000000 10000.000000 10000.000000 10000.000000 10000.000000
16.000000 17.000000 1.000000 10000.000000 10000.000000 10000.000000 10000.000000
16.000000 18.000000 1.000000 10000.000000 10000.000000 10000.000000 10000.000000
16.000000 19.000000 1.000000 10000.000000 10000.000000 10000.000000 10000.000000
16.000000 20.000000 1.000000 10000.000000 10000.000000 10000.000000 10000.000000
16.000000 21.000000 1.000000 10000.000000 10000.000000 10000.000000 10000.000000
16.000000 22.000000 1.000000 10000.000000 10000.000000 10000.000000 10000.000000
16.000000 23.000000 1.000000 10000.000000 10000.000000 10000.000000 10000.000000
16.000000 24.000000 1.000000 10000.000000 10000.000000 10000.000000 10000.000000
16.000000 25.000000 1.000000 10000.000000 10000.000000 10000.000000 10000.000000
16.000000 26.000000 1.000000 10000.000000 10000.000000 10000.000000 10000.000000
16.000000 27.000000 1.000000 10000.000000 10000.000000 10000.000000 10000.000000
16.000000 28.000000 1.000000 10000.000000 10000.000000 10000.000000 10000.000000
16.000000 29.000000 1.000000 10000.000000 10000.000000 10000.000000 10000.000000
16.000000 30.000000 1.000000 10000.000000 10000.000000 10000.000000 10000.000000
16.000000 31.000000 1.000000 10000.000000 10000.000000 10000.000000 10000.000000
16.000000 32.000000 1.000000 10000.000000 10000.000000 10000.000000 10000.000000
16.000000 33.000000 1.000000 10000.000000 10000.000000 10000.000000 10000.000000
16.000000 34.000000 1.000000 10000.000000 10000.000000 10000.000000 10000.000000
16.000000 35.000000 1.000000 10000.000000 10000.000000 10000.000000 10000.000000
16.000000 36.000000 1.000000 10000.000000 10000.000000 10000.000000 10000.000000
16.000000 37.000000 1.000000 10000.000000 10000.000000 10000.000000 10000.000000
16.000000 38.000000 1.000000 10000.000000 10000.000000 10000.000000 10000.000000
16.000000 39.000000 1.000000 10000.000000 10000.000000 10000.000000 10000.000000
16.000000 40.000000 1.000000 10000.000000 10000.000000 10000.000000 10000.000000
16.000000 41.000000 1.000000 10000.000000 10000.000000 10000.000000 10000.000000
16.000000 42.000000 1.000000 10000.000000 10000.000000 10000.000000 10000.000000
16.000000 43.000000 1.000000 10000.000000 10000.000000 10000.000000 10000.000000
16.000000 44.000000 1.000000 10000.000000 10000.000000 10000.000000 10000.000000
16.000000 45.000000 1.000000 10000.000000 10000.000000 10000.000000 10000.000000
16.000000 46.000000 1.000000 10000.000000 10000.000000 10000.000000 10000.000000
16.000000 47.000000 1.000000 10000.000000 10000.000000 10000.000000 10000.000000
16.000000 48.000000 1.000000 10000.000000 10000.000000 10000.000000 10000.000000
16.000000 49.000000 1.000000 10000.000000 10000.000000 10000.000000 10000.000000
17.000000 0.000000 1.000000 10000.000000 10000.000000 10000.000000 10000.000000
17.000000 1.000000 1.000000 10000.000000 10000.000000 10000.000000 10000.000000
17.000000 2.000000 1.000000 9999.000000 10000.000000 9999.000000 9999.000000
17.000000 3.000000 1.000000 9999.000000 10000.000000 9999.000000 9999.000000
17.000000 4.000000 1.000000 9999.000000 10000.000000 9999.000000 9999.000000
17.000000 5.000000 1.000000 9999.000000 10000.000000 9999.000000 9999.000000
17.000000 6.000000 1.000000 9999.000000 10000.000000 9999.000000 9999.000000
17.000000 7.000000 1.000000 10000.000000 10000.000000 10000.000000 10000.000000
17.000000 8.000000 1.000000 10000.000000 10000.000000 10000.000000 10000.000000
17.000000 9.000000 1.000000 10000.000000 10000.000000 10000.000000 10000.000000
17.000000 10.000000 1.000000 10000.000000 10000.000000 10000.000000 10000.000000
17.000000 11.000000 1.000000 10000.000000 10000.000000 10000.000000 10000.000000
17.000000 12.000000 1.000000 10000.000000 10000.000000 10000.000000 10000.000000
17.000000 13.000000 1.000000 10000.000000 10000.000000 10000.000000 10000.000000
17.000000 14.000000 1.000000 10000.000000 10000.000000 10000.000000 10000.000000
17.000000 15.000000 1.000000 10000.000000 10000.000000 10000.000000 10000.000000
17.000000 16.000000 1.000000 10000.000000 10000.000000 10000.000000 10000.000000
17.000000 17.000000 1.000000 10000.000000 10000.000000 10000.000000 10000.000000
17.000000 18.000000 1.000000 10000.000000 10000.000000 10000.000000 10000.000000
17.000000 19.000000 1.000000 10000.000000 10000.000000 10000.000000 10000.000000
17.000000 20.000000 1.000000 10000.000000 10000.000000 10000.000000 10000.000000
17.000000 21.000000 1.000000 10000.000000 10000.000000 10000.000000 10000.000000
17.000000 22.000000 1.000000 10000.000000 10000.000000 10000.000000 10000.000000
17.000000 23.000000 1.000000 10000.000000 10000.000000 10000.000000 10000.000000
17.000000 24.000000 1.000000 10000.000000 10000.000000 10000.000000 10000.000000
17.000000 25.000000 1.000000 10000.000000 10000.000000 10000.000000 10000.000000
17.000000 26.000000 1.000000 10000.000000 10000.000000 10000.000000 10000.000000
17.000000 27.000000 1.000000 10000.000000 10000.000000 10000.000000 10000.000000
17.000000 28.000000 1.000000 10000.000000 10000.000000 10000.000000 10000.000000
17.000000 29.000000 1.000000 10000.000000 10000.000000 10000.000000 10000.000000
17.000000 30.000000 1.000000 10000.000000 10000.000000 10000.000000 10000.000000
17.000000 31.000000 1.000000 10000.000000 10000.000000 10000.000000 10000.000000
17.000000 32.000000 1.000000 10000.000000 10000.000000 10000.000000 10000.000000
17.000000 33.000000 1.000000 10000.000000 10000.000000 10000.000000 10000.000000
17.000000 34.000000 1.000000 10000.000000 10000.000000 10000.000000 10000.000000
17.000000 35.000000 1.000000 10000.000000 10000.000000 10000.000000 10000.000000
17.000000 36.000000 1.000000 10000.000000 10000.000000 10000.000000 10000.000000
17.000000 37.000000 1.000000 10000.000000 10000.000000 10000.000000 10000.000000
17.000000 38.000000 1.000000 10000.000000 10000.000000 10000.000000 10000.000000
17.000000 39.000000 1.000000 10000.000000 10000.000000 10000.000000 10000.000000
17.000000 40.000000 1.000000 10000.000000 10000.000000 10000.000000 10000.000000
17.000000 41.000000 1.000000 10000.000000 10000.000000 10000.000000 10000.000000
17.000000 42.000000 1.000000 10000.000000 10000.000000 10000.000000 10000.000000
17.000000 43.000000 1.000000 10000.000000 10000.000000 10000.000000 10000.000000
17.000000 44.000000 1.000000 10000.000000 10000.000000 10000.000000 10000.000000
17.000000 45.000000 1.000000 10000.000000 10000.000000 10000.000000 10000.000000
17.000000 46.000000 1.000000 10000.000000 10000.000000 10000.000000 10000.000000
17.000000 47.000000 1.000000 10000.000000 10000.000000 10000.000000 10000.000000
17.000000 48.000000 1.000000 10000.000000 10000.000000 10000.000000 10000.000000
17.000000 49.000000 1.000000 10000.000000 10000.000000 10000.000000 10000.000000
18.000000 0.000000 1.000000 10000.000000 10000.000000 10000.000000 10000.000000
18.000000 1.000000 1.000000 9999.000000 10000.000000 9999.000000 9999.000000
18.000000 2.000000 1.000000 9999.000000 10000.000000 9999.000000 9999.000000
18.000000 3.000000 1.000000 9999.000000 10000.000000 9999.000000 9999.000000
18.000000 4.000000 1.000000 9999.000000 10000.000000 9999.000000 9999.000000
18.000000 5.000000 1.000000 9999.000000 10000.000000 9999.000000 9999.000000
18.000000 6.000000 1.000000 10000.000000 10000.000000 10000.000000 10000.000000
18.000000 7.000000 1.000000 10000.000000 10000.000000 10000.000000 10000.000000
18.000000 8.000000 1.000000 10000.000000 10000.000000 10000.000000 10000.000000
18.000000 9.000000 1.000000 10000.000000 10000.000000 10000.000000 10000.000000
18.000000 10.000000 1.000000 10000.000000 10000.000000 10000.000000 10000.000000
18.000000 11.000000 1.000000 10000.000000 10000.000000 10000.000000 10000.000000
18.000000 12.000000 1.000000 10000.000000 10000.000000 10000.000000 10000.000000
18.000000 13.000000 1.000000 10000.000000 10000.000000 10000.000000 10000.000000
18.000000 14.000000 1.000000 10000.000000 10000.000000 10000.000000 10000.000000
18.000000 15.000000 1.000000 10000.000000 10000.000000 10000.000000 10000.000000
18.000000 16.000000 1.000000 10000.000000 10000.000000 10000.000000 10000.000000
18.000000 17.000000 1.000000 10000.000000 10000.000000 10000.000000 10000.000000
18.000000 18.000000 1.000000 10000.000000 10000.000000 10000.000000 10000.000000
18.000000 19.000000 1.000000 10000.000000 10000.000000 10000.000000 10000.000000
18.000000 20.000000 1.000000 10000.000000 10000.000000 10000.000000 10000.000000
18.000000 21.000000 1.000000 10000.000000 10000.000000 10000.000000 10000.000000
18.000000 22.000000 1.000000 10000.000000 10000.000000 10000.000000 10000.000000
18.000000 23.000000 1.000000 10000.000000 10000.000000 10000.000000 10000.000000
18.000000 24.000000 1.000000 10000.000000 10000.000000 10000.000000 10000.000000
18.000000 25.000000 1.000000 10000.000000 10000.000000 10000.000000 10000.000000
18.000000 26.000000 1.000000 10000.000000 10000.000000 10000.000000 10000.000000
18.000000 27.000000 1.000000 10000.000000 10000.000000 10000.000000 10000.000000
18.000000 28.000000 1.000000 10000.000000 10000.000000 10000.000000 10000.000000
18.000000 29.000000 1.000000 10000.000000 10000.000000 10000.000000 10000.000000
18.000000 30.000000 1.000000 10000.000000 10000.000000 10000.000000 10000.000000
18.000000 31.000000 1.000000 10000.000000 10000.000000 10000.000000 10000.000000
18.000000 32.000000 1.000000 10000.000000 10000.000000 10000.000000 10000.000000
18.000000 33.000000 1.000000 10000.000000 10000.000000 10000.000000 10000.000000
18.000000 34.000000 1.000000 10000.000000 10000.000000 10000.000000 10000.000000
18.000000 35.000000 1.000000 10000.000000 10000.000000 10000.000000 10000.000000
18.000000 36.000000 1.000000 10000.000000 10000.000000 10000.000000 10000.000000
18.000000 37.000000 1.000000 10000.000000 10000.000000 10000.000000 10000.000000
18.000000 38.000000 1.000000 10000.000000 10000.000000 10000.000000 10000.000000
18.000000 39.000000 1.000000 10000.000000 10000.000000 10000.000000 10000.000000
18.000000 40.000000 1.000000 10000.000000 10000.000000 10000.000000 10000.000000
18.000000 41.000000 1.000000 10000.000000 10000.000000 10000.000000 10000.000000
18.000000 42.000000 1.000000 10000.000000 10000.000000 10000.000000 10000.000000
18.000000 43.000000 1.000000 10000.000000 10000.000000 10000.000000 10000.000000
18.000000 44.000000 1.000000 10000.000000 10000.000000 10000.000000 10000.000000
18.000000 45.000000 1.000000 10000.000000 10000.000000 10000.000000 10000.000000
18.000000 46.000000 1.000000 10000.000000 10000.000000 10000.000000 10000.000000
18.000000 47.000000 1.000000 10000.000000 10000.000000 10000.000000 10000.000000
18.000000 48.000000 1.000000 10000.000000 10000.000000 10000.000000 10000.000000
18.000000 49.000000 1.000000 10000.000000 10000.000000 10000.000000 10000.000000
19.000000 0.000000 1.000000 10000.000000 10000.000000 10000.000000 10000.000000
19.000000 1.000000 1.000000 10000.000000 10000.000000 10000.000000 10000.000000
19.000000 2.000000 1.000000 9999.000000 10000.000000 9999.000000 9999.000000
19.000000 3.000000 1.000000 9999.000000 10000.000000 9999.000000 9999.000000
19.000000 4.000000 1.000000 9999.000000 10000.000000 9999.000000 9999.000000
19.000000 5.000000 1.000000 9999.000000 10000.000000 9999.000000 9999.000000
19.000000 6.000000 1.000000 9999.000000 10000.000000 9999.000000 9999.000000
19.000000 7.000000 1.000000 10000.000000 10000.000000 10000.000000 10000.000000
19.000000 8.000000 1.000000 10000.000000 10000.000000 10000.000000 10000.000000
19.000000 9.000000 1.000000 10000.000000 10000.000000 10000.000000 10000.000000
19.000000 10.000000 1.000000 10000.000000 10000.000000 10000.000000 10000.000000
19.000000 11.000000 1.000000 10000.000000 10000.000000 10000.000000 10000.000000
19.000000 12.000000 1.000000 10000.000000 10000.000000 10000.000000 10000.000000
19.000000 13.000000 1.000000 10000.000000 10000.000000 10000.000000 10000.000000
19.000000 14.000000 1.000000 10000.000000 10000.000000 10000.000000 10000.000000
19.000000 15.000000 1.000000 10000.000000 10000.000000 10000.000000 10000.000000
19.000000 16.000000 1.000000 10000.000000 10000.000000 10000.000000 10000.000000
19.000000 17.000000 1.000000 10000.000000 10000.000000 10000.000000 10000.000000
19.000000 18.000000 1.000000 10000.000000 10000.000000 10000.000000 10000.000000
19.000000 19.000000 1.000000 10000.000000 10000.000000 10000.000000 10000.000000
19.000000 20.000000 1.000000 10000.000000 10000.000000 10000.000000 10000.000000
19.000000 21.000000 1.000000 10000.000000 10000.000000 10000.000000 10000.000000
19.000000 22.000000 1.000000 10000.000000 10000.000000 10000.000000 10000.000000
19.000000 23.000000 1.000000 10000.000000 10000.000000 10000.000000 10000.000000
19.000000 24.000000 1.000000 10000.000000 10000.000000 10000.000000 10000.000000
19.000000 25.000000 1.000000 10000.000000 10000.000000 10000.000000 10000.000000
19.000000 26.000000 1.000000 10000.000000 10000.000000 10000.000000 10000.000000
19.000000 27.000000 1.000000 10000.000000 10000.000000 10000.000000 10000.000000
19.000000 28.000000 1.000000 10000.000000 10000.000000 10000.000000 10000.000000
19.000000 29.000000 1.000000 10000.000000 10000.000000 10000.000000 10000.000000
19.000000 30.000000 1.000000 10000.000000 10000.000000 10000.000000 10000.000000
19.000000 31.000000 1.000000 10000.000000 10000.000000 10000.000000 10000.000000
19.000000 32.000000 1.000000 10000.000000 10000.000000 10000.000000 10000.000000
19.000000 33.000000 1.000000 10000.000000 10000.000000 10000.000000 10000.000000
19.000000 34.000000 1.000000 10000.000000 10000.000000 10000.000000 10000.000000
19.000000 35.000000 1.000000 10000.000000 10000.000000 10000.000000 10000.000000
19.000000 36.000000 1.000000 10000.000000 10000.000000 10000.000000 10000.000000
19.000000 37.000000 1.000000 10000.000000 10000.000000 10000.000000 10000.000000
19.000000 38.000000 1.000000 10000.000000 10000.000000 10000.000000 10000.000000
19.000000 39.000000 1.000000 10000.000000 10000.000000 10000.000000 10000.000000
19.000000 40.000000 1.000000 10000.000000 10000.000000 10000.000000 10000.000000
19.000000 41.000000 1.000000 10000.000000 10000.000000 10000.000000 10000.000000
19.000000 42.000000 1.000000 10000.000000 10000.000000 10000.000000 10000.000000
19.000000 43.000000 1.000000 10000.000000 10000.000000 10000.000000 10000.000000
19.000000 44.000000 1.000000 10000.000000 10000.000000 10000.000000 10000.000000
19.000000 45.000000 1.000000 10000.000000 10000.000000 10000.000000 10000.000000
19.000000 46.000000 1.000000 10000.000000 10000.000000 10000.000000 10000.000000
19.000000 47.000000 1.000000 10000.000000 10000.000000 10000.000000 10000.000000
19.000000 48.000000 1.000000 10000.000000 10000.000000 10000.000000 10000.000000
19.000000 49.000000 1.000000 10000.000000 10000.000000 10000.000000 10000.000000
20.000000 0.000000 1.000000 10000.000000 10000.000000 10000.000000 10000.000000
20.000000 1.000000 1.000000 10000.000000 10000.000000 10000.000000 10000.000000
20.000000 2.000000 1.000000 10000.000000 10000.000000 10000.000000 10000.000000
20.000000 3.000000 1.000000 9999.000000 10000.000000 9999.000000 9999.000000
20.000000 4.000000 1.000000 9999.000000 10000.000000 9999.000000 9999.000000
20.000000 5.000000 1.000000 9999.000000 10000.000000 9999.000000 9999.000000
20.000000 6.000000 1.000000 9999.000000 10000.000000 9999.000000 9999.000000
20.000000 7.000000 1.000000 9999.000000 10000.000000 9999.000000 9999.000000
20.000000 8.000000 1.000000 10000.000000 10000.000000 10000.000000 10000.000000
20.000000 9.000000 1.000000 10000.000000 10000.000000 10000.000000 10000.000000
20.000000 10.000000 1.000000 10000.000000 10000.000000 10000.000000 10000.000000
20.000000 11.000000 1.000000 10000.000000 10000.000000 10000.000000 10000.000000
20.000000 12.000000 1.000000 10000.000000 10000.000000 10000.000000 10000.000000
20.000000 13.000000 1.000000 10000.000000 10000.000000 10000.000000 10000.000000
20.000000 14.000000 1.000000 10000.000000 10000.000000 10000.000000 10000.000000
20.000000 15.000000 1.000000 10000.000000 10000.000000 10000.000000 10000.000000
20.000000 16.000000 1.000000 10000.000000 10000.000000 10000.000000 10000.000000
20.000000 17.000000 1.000000 10000.000000 10000.000000 10000.000000 10000.000000
20.000000 18.000000 1.000000 10000.000000 10000.000000 10000.000000 10000.000000
20.000000 19.000000 1.000000 10000.000000 10000.000000 10000.000000 10000.000000
20.000000 20.000000 1.000000 10000.000000 10000.000000 10000.000000 10000.000000
20.000000 21.000000 1.000000 10000.000000 10000.000000 10000.000000 10000.000000
20.000000 22.000000 1.000000 10000.000000 10000.000000 10000.000000 10000.000000
20.000000 23.000000 1.000000 10000.000000 10000.000000 10000.000000 10000.000000
20.000000 24.000000 1.000000 10000.000000 10000.000000 10000.000000 10000.000000
20.000000 25.000000 1.000000 10000.000000 10000.000000 10000.000000 10000.000000
20.000000 26.000000 1.000000 10000.000000 10000.000000 10000.000000 10000.000000
20.000000 27.000000 1.000000 10000.000000 10000.000000 10000.000000 10000.000000
20.000000 28.000000 1.000000 10000.000000 10000.000000 10000.000000 10000.000000
20.000000 29.000000 1.000000 10000.000000 10000.000000 10000.000000 10000.000000
20.000000 30.000000 1.000000 10000.000000 10000.000000 10000.000000 10000.000000
20.000000 31.000000 1.000000 10000.000000 10000.000000 10000.000000 10000.000000
20.000000 32.000000 1.000000 10000.000000 10000.000000 10000.000000 10000.000000
20.000000 33.000000 1.000000 10000.000000 10000.000000 10000.000000 10000.000000
20.000000 34.000000 1.000000 10000.000000 10000.000000 10000.000000 10000.000000
20.000000 35.000000 1.000000 10000.000000 10000.000000 10000.000000 10000.000000
20.000000 36.000000 1.000000 10000.000000 10000.000000 10000.000000 10000.000000
20.000000 37.000000 1.000000 10000.000000 10000.000000 10000.000000 10000.000000
20.000000 38.000000 1.000000 10000.000000 10000.000000 10000.000000 10000.000000
20.000000 39.000000 1.000000 10000.000000 10000.000000 10000.000000 10000.000000
20.000000 40.000000 1.000000 10000.000000 10000.000000 10000.000000 10000.000000
20.000000 41.000000 1.000000 10000.000000 10000.000000 10000.000000 10000.000000
20.000000 42.000000 1.000000 10000.000000 10000.000000 10000.000000 10000.000000
20.000000 43.000000 1.000000 10000.000000 10000.000000 10000.000000 10000.000000
20.000000 44.000000 1.000000 10000.000000 10000.000000 10000.000000 10000.000000
20.000000 45.000000 1.000000 10000.000000 10000.000000 10000.000000 10000.000000
20.000000 46.000000 1.000000 10000.000000 10000.000000 10000.000000 10000.000000
20.000000 47.000000 1.000000 10000.000000 10000.000000 10000.000000 10000.000000
20.000000 48.000000 1.000000 10000.000000 10000.000000 10000.000000 10000.000000
20.000000 49.000000 1.000000 10000.000000 10000.000000 10000.000000 10000.000000
21.000000 0.000000 1.000000 10000.000000 10000.000000 10000.000000 10000.000000
21.000000 1.000000 1.000000 10000.000000 10000.000000 10000.000000 10000.000000
21.000000 2.000000 1.000000 10000.000000 10000.000000 10000.000000 10000.000000
21.000000 3.000000 1.000000 9999.000000 10000.000000 9999.000000 9999.000000
21.000000 4.000000 1.000000 9999.000000 10000.000000 9999.000000 9999.000000
21.000000 5.000000 1.000000 9999.000000 10000.000000 9999.000000 9999.000000
21.000000 6.000000 1.000000 9999.000000 10000.000000 9999.000000 9999.000000
21.000000 7.000000 1.000000 9999.000000 10000.000000 9999.000000 9999.000000
21.000000 8.000000 1.000000 10000.000000 10000.000000 10000.000000 10000.000000
21.000000 9.000000 1.000000 10000.000000 10000.000000 10000.000000 10000.000000
21.000000 10.000000 1.000000 10000.000000 10000.000000 10000.000000 10000.000000
21.000000 11.000000 1.000000 10000.000000 10000.000000 10000.000000 10000.000000
21.000000 12.000000 1.000000 10000.000000 10000.000000 10000.000000 10000.000000
21.000000 13.000000 1.000000 10000.000000 10000.000000 10000.000000 10000.000000
21.000000 14.000000 1.000000 10000.000000 10000.000000 10000.000000 10000.000000
21.000000 15.000000 1.000000 10000.000000 10000.000000 10000.000000 10000.000000
21.000000 16.000000 1.000000 10000.000000 10000.000000 10000.000000 10000.000000
21.000000 17.000000 1.000000 10000.000000 10000.000000 10000.000000 10000.000000
21.000000 18.000000 1.000000 10000.000000 10000.000000 10000.000000 10000.000000
21.000000 19.000000 1.000000 10000.000000 10000.000000 10000.000000 10000.000000
21.000000 20.000000 1.000000 10000.000000 10000.000000 10000.000000 10000.000000
21.000000 21.000000 1.000000 10000.000000 10000.000000 10000.000000 10000.000000
21.000000 22.000000 1.000000 10000.000000 10000.000000 10000.000000 10000.000000
21.000000 23.000000 1.000000 10000.000000 10000.000000 10000.000000 10000.000000
21.000000 24.000000 1.000000 10000.000000 10000.000000 10000.000000 10000.000000
21.000000 25.000000 1.000000 10000.000000 10000.000000 10000.000000 10000.000000
21.000000 26.000000 1.000000 10000.000000 10000.000000 10000.000000 10000.000000
21.000000 27.000000 1.000000 10000.000000 10000.000000 10000.000000 10000.000000
21.000000 28.000000 1.000000 10000.000000 10000.000000 10000.000000 10000.000000
21.000000 29.000000 1.000000 10000.000000 10000.000000 10000.000000 10000.000000
21.000000 30.000000 1.000000 10000.000000 10000.000000 10000.000000 10000.000000
21.000000 31.000000 1.000000 10000.000000 10000.000000 10000.000000 10000.000000
21.000000 32.000000 1.000000 10000.000000 10000.000000 10000.000000 10000.000000
21.000000 33.000000 1.000000 10000.000000 10000.000000 10000.000000 10000.000000
21.000000 34.000000 1.000000 10000.000000 10000.000000 10000.000000 10000.000000
21.000000 35.000000 1.000000 10000.000000 10000.000000 10000.000000 10000.000000
21.000000 36.000000 1.000000 10000.000000 10000.000000 10000.000000 10000.000000
21.000000 37.000000 1.000000 10000.000000 10000.000000 10000.000000 10000.000000
21.000000 38.000000 1.000000 10000.000000 10000.000000 10000.000000 10000.000000
21.000000 39.000000 1.000000 10000.000000 10000.000000 10000.000000 10000.000000
21.000000 40.000000 1.000000 10000.000000 10000.000000 10000.000000 10000.000000
21.000000 41.000000 1.000000 10000.000000 10000.000000 10000.000000 10000.000000
21.000000 42.000000 1.000000 10000.000000 10000.000000 10000.000000 10000.000000
21.000000 43.000000 1.000000 10000.000000 10000.000000 10000.000000 10000.000000
21.000000 44.000000 1.000000 10000.000000 10000.000000 10000.000000 10000.000000
21.000000 45.000000 1.000000 10000.000000 10000.000000 10000.000000 10000.000000
21.000000 46.000000 1.000000 10000.000000 10000.000000 10000.000000 10000.000000
21.000000 47.000000 1.000000 10000.000000 10000.000000 10000.000000 10000.000000
21.000000 48.000000 1.000000 10000.000000 10000.000000 10000.000000 10000.000000
21.000000 49.000000 1.000000 10000.000000 10000.000000 10000.000000 10000.000000
22.000000 0.000000 1.000000 10000.000000 10000.000000 10000.000000 10000.000000
22.000000 1.000000 1.000000 10000.000000 10000.000000 10000.000000 10000.000000
22.000000 2.000000 1.000000 10000.000000 10000.000000 10000.000000 10000.000000
22.000000 3.000000 1.000000 10000.000000 10000.000000 10000.000000 10000.000000
22.000000 4.000000 1.000000 10000.000000 10000.000000 10000.000000 10000.000000
22.000000 5.000000 1.000000 10000.000000 10000.000000 10000.000000 10000.000000
22.000000 6.000000 1.000000 10000.000000 10000.000000 10000.000000 10000.000000
22.000000 7.000000 1.000000 10000.000000 10000.000000 10000.000000 10000.000000
22.000000 8.000000 1.000000 10000.000000 10000.000000 10000.000000 10000.000000
22.000000 9.000000 1.000000 10000.000000 10000.000000 10000.000000 10000.000000
22.000000 10.000000 1.000000 10000.000000 10000.000000 10000.000000 10000.000000
22.000000 11.000000 1.000000 10000.000000 10000.000000 10000.000000 10000.000000
22.000000 12.000000 1.000000 10000.000000 10000.000000 10000.000000 10000.000000
22.000000 13.000000 1.000000 10000.000000 10000.000000 10000.000000 10000.000000
22.000000 14.000000 1.000000 10000.000000 10000.000000 10000.000000 10000.000000
22.000000 15.000000 1.000000 10000.000000 10000.000000 10000.000000 10000.000000
22.000000 16.000000 1.000000 10000.000000 10000.000000 10000.000000 10000.000000
22.000000 17.000000 1.000000 10000.000000 10000.000000 10000.000000 10000.000000
22.000000 18.000000 1.000000 10000.000000 10000.000000 10000.000000 10000.000000
22.000000 19.000000 1.000000 10000.000000 10000.000000 10000.000000 10000.000000
22.000000 20.000000 1.000000 10000.000000 10000.000000 10000.000000 10000.000000
22.000000 21.000000 1.000000 10000.000000 10000.000000 10000.000000 10000.000000
22.000000 22.000000 1.000000 10000.000000 10000.000000 10000.000000 10000.000000
22.000000 23.000000 1.000000 10000.000000 10000.000000 10000.000000 10000.000000
22.000000 24.000000 1.000000 10000.000000 10000.000000 10000.000000 10000.000000
22.000000 25.000000 1.000000 10000.000000 10000.000000 10000.000000 10000.000000
22.000000 26.000000 1.000000 10000.000000 10000.000000 10000.000000 10000.000000
22.000000 27.000000 1.000000 10000.000000 10000.000000 10000.000000 10000.000000
22.000000 28.000000 1.000000 10000.000000 10000.000000 10000.000000 10000.000000
22.000000 29.000000 1.000000 10000.000000 10000.000000 10000.000000 10000.000000
22.000000 30.000000 1.000000 10000.000000 10000.000000 10000.000000 10000.000000
22.000000 31.000000 1.000000 10000.000000 10000.000000 10000.000000 10000.000000
22.000000 32.000000 1.000000 10000.000000 10000.000000 10000.000000 10000.000000
22.000000 33.000000 1.000000 10000.000000 10000.000000 10000.000000 10000.000000
22.000000 34.000000 1.000000 10000.000000 10000.000000 10000.000000 10000.000000
22.000000 35.000000 1.000000 10000.000000 10000.000000 10000.000000 10000.000000
22.000000 36.000000 1.000000 10000.000000 10000.000000 10000.000000 10000.000000
22.000000 37.000000 1.000000 10000.000000 10000.000000 10000.000000 10000.000000
22.000000 38.000000 1.000000 10000.000000 10000.000000 10000.000000 10000.000000
22.000000 39.000000 1.000000 10000.000000 10000.000000 10000.000000 10000.000000
22.000000 40.000000 1.000000 10000.000000 10000.000000 10000.000000 10000.000000
22.000000 41.000000 1.000000 10000.000000 10000.000000 10000.000000 10000.000000
22.000000 42.000000 1.000000 10000.000000 10000.000000 10000.000000 10000.000000
22.000000 43.000000 1.000000 10000.000000 10000.000000 10000.000000 10000.000000
22.000000 44.000000 1.000000 10000.000000 10000.000000 10000.000000 10000.000000
22.000000 45.000000 1.000000 10000.000000 10000.000000 10000.000000 10000.000000
22.000000 46.000000 1.000000 10000.000000 10000.000000 10000.000000 10000.000000
22.000000 47.000000 1.000000 10000.000000 10000.000000 10000.000000 10000.000000
22.000000 48.000000 1.000000 10000.000000 10000.000000 10000.000000 10000.000000
22.000000 49.000000 1.000000 10000.000000 10000.000000 10000.000000 10000.000000
23.000000 0.000000 1.000000 10000.000000 10000.000000 10000.000000 10000.000000
23.000000 1.000000 1.000000 10000.000000 10000.000000 10000.000000 10000.000000
23.000000 2.000000 1.000000 10000.000000 10000.000000 10000.000000 10000.000000
23.000000 3.000000 1.000000 9993.000000 10000.000000 9993.000000 9993.000000
23.000000 4.000000 1.000000 9978.000000 10000.000000 9978.000000 9978.000000
23.000000 5.000000 1.000000 9924.000000 10000.000000 9924.000000 9924.000000
23.000000 6.000000 1.000000 9481.000000 10000.000000 9481.000000 9481.000000
23.000000 7.000000 1.000000 8219.000000 10000.000000 8219.000000 8219.000000
23.000000 8.000000 1.000000 6515.000000 10000.000000 6515.000000 6515.000000
23.000000 9.000000 1.000000 5157.000000 10000.000000 5157.000000 5157.000000
23.000000 10.000000 1.000000 4467.000000 10000.000000 4467.000000 4467.000000
23.000000 11.000000 1.000000 4502.000000 10000.000000 4502.000000 4502.000000
23.000000 12.000000 1.000000 5529.000000 10000.000000 5529.000000 5529.000000
23.000000 13.000000 1.000000 7154.000000 10000.000000 7154.000000 7154.000000
23.000000 14.000000 1.000000 8553.000000 10000.000000 8553.000000 8553.000000
23.000000 15.000000 1.000000 9372.000000 10000.000000 9372.000000 9372.000000
23.000000 16.000000 1.000000 9760.000000 10000.000000 9760.000000 9760.000000
23.000000 17.000000 1.000000 9909.000000 10000.000000 9909.000000 9909.000000
23.000000 18.000000 1.000000 9962.000000 10000.000000 9962.000000 9962.000000
23.000000 19.000000 1.000000 9989.000000 10000.000000 9989.000000 9989.000000
23.000000 20.000000 1.000000 9997.000000 10000.000000 9997.000000 9997.000000
23.000000 21.000000 1.000000 9999.000000 10000.000000 9999.000000 9999.000000
23.000000 22.000000 1.000000 10000.000000 10000.000000 10000.000000 10000.000000
23.000000 23.000000 1.000000 10000.000000 10000.000000 10000.000000 10000.000000
23.000000 24.000000 1.000000 10000.000000 10000.000000 10000.000000 10000.000000
23.000000 25.000000 1.000000 10000.000000 10000.000000 10000.000000 10000.000000
23.000000 26.000000 1.000000 10000.000000 10000.000000 10000.000000 10000.000000
23.000000 27.000000 1.000000 10000.000000 10000.000000 10000.000000 10000.000000
23.000000 28.000000 1.000000 10000.000000 10000.000000 10000.000000 10000.000000
23.000000 29.000000 1.000000 10000.000000 10000.000000 10000.000000 10000.000000
23.000000 30.000000 1.000000 10000.000000 10000.000000 10000.000000 10000.000000
23.000000 31.000000 1.000000 10000.000000 10000.000000 10000.000000 10000.000000
23.000000 32.000000 1.000000 10000.000000 10000.000000 10000.000000 10000.000000
23.000000 33.000000 1.000000 10000.000000 10000.000000 10000.000000 10000.000000
23.000000 34.000000 1.000000 10000.000000 10000.000000 10000.000000 10000.000000
23.000000 35.000000 1.000000 10000.000000 10000.000000 10000.000000 10000.000000
23.000000 36.000000 1.000000 10000.000000 10000.000000 10000.000000 10000.000000
23.000000 37.000000 1.000000 10000.000000 10000.000000 10000.000000 10000.000000
23.000000 38.000000 1.000000 10000.000000 10000.000000 10000.000000 10000.000000
23.000000 39.000000 1.000000 10000.000000 10000.000000 10000.000000 10000.000000
23.000000 40.000000 1.000000 10000.000000 10000.000000 10000.000000 10000.000000
23.000000 41.000000 1.000000 10000.000000 10000.000000 10000.000000 10000.000000
23.000000 42.000000 1.000000 10000.000000 10000.000000 10000.000000 10000.000000
23.000000 43.000000 1.000000 10000.000000 10000.000000 10000.000000 10000.000000
23.000000 44.000000 1.000000 10000.000000 10000.000000 10000.000000 10000.000000
23.000000 45.000000 1.000000 10000.000000 10000.000000 10000.000000 10000.000000
23.000000 46.000000 1.000000 10000.000000 10000.000000 10000.000000 10000.000000
23.000000 47.000000 1.000000 10000.000000 10000.000000 10000.000000 10000.000000
23.000000 48.000000 1.000000 10000.000000 10000.000000 10000.000000 10000.000000
23.000000 49.000000 1.000000 10000.000000 10000.000000 10000.000000 10000.000000
24.000000 0.000000 1.000000 10000.000000 10000.000000 10000.000000 10000.000000
24.000000 1.000000 1.000000 10000.000000 10000.000000 10000.000000 10000.000000
24.000000 2.000000 1.000000 10000.000000 10000.000000 10000.000000 10000.000000
24.000000 3.000000 1.000000 9999.000000 10000.000000 9999.000000 9999.000000
24.000000 4.000000 1.000000 9999.000000 10000.000000 9999.000000 9999.000000
24.000000 5.000000 1.000000 9999.000000 10000.000000 9999.000000 9999.000000
24.000000 6.000000 1.000000 9999.000000 10000.000000 9999.000000 9999.000000
24.000000 7.000000 1.000000 9999.000000 10000.000000 9999.000000 9999.000000
24.000000 8.000000 1.000000 10000.000000 10000.000000 10000.000000 10000.000000
24.000000 9.000000 1.000000 10000.000000 10000.000000 10000.000000 10000.000000
24.000000 10.000000 1.000000 10000.000000 10000.000000 10000.000000 10000.000000
24.000000 11.000000 1.000000 10000.000000 10000.000000 10000.000000 10000.000000
24.000000 12.000000 1.000000 10000.000000 10000.000000 10000.000000 10000.000000
24.000000 13.000000 1.000000 10000.000000 10000.000000 10000.000000 10000.000000
24.000000 14.000000 1.000000 10000.000000 10000.000000 10000.000000 10000.000000
24.000000 15.000000 1.000000 10000.000000 10000.000000 10000.000000 10000.000000
24.000000 16.000000 1.000000 10000.000000 10000.000000 10000.000000 10000.000000
24.000000 17.000000 1.000000 10000.000000 10000.000000 10000.000000 10000.000000
24.000000 18.000000 1.000000 10000.000000 10000.000000 10000.000000 10000.000000
24.000000 19.000000 1.000000 10000.000000 10000.000000 10000.000000 10000.000000
24.000000 20.000000 1.000000 10000.000000 10000.000000 10000.000000 10000.000000
24.000000 21.000000 1.000000 10000.000000 10000.000000 10000.000000 10000.000000
24.000000 22.000000 1.000000 10000.000000 10000.000000 10000.000000 10000.000000
24.000000 23.000000 1.000000 10000.000000 10000.000000 10000.000000 10000.000000
24.000000 24.000000 1.000000 10000.000000 10000.000000 10000.000000 10000.000000
24.000000 25.000000 1.000000 10000.000000 10000.000000 10000.000000 10000.000000
24.000000 26.000000 1.000000 10000.000000 10000.000000 10000.000000 10000.000000
24.000000 27.000000 1.000000 10000.000000 10000.000000 10000.000000 10000.000000
24.000000 28.000000 1.000000 10000.000000 10000.000000 10000.000000 10000.000000
24.000000 29.000000 1.000000 10000.000000 10000.000000 10000.000000 10000.000000
24.000000 30.000000 1.000000 10000.000000 10000.000000 10000.000000 10000.000000
24.000000 31.000000 1.000000 10000.000000 10000.000000 10000.000000 10000.000000
24.000000 32.000000 1.000000 10000.000000 10000.000000 10000.000000 10000.000000
24.000000 33.000000 1.000000 10000.000000 10000.000000 10000.000000 10000.000000
24.000000 34.000000 1.000000 10000.000000 10000.000000 10000.000000 10000.000000
24.000000 35.000000 1.000000 10000.000000 10000.000000 10000.000000 10000.000000
24.000000 36.000000 1.000000 10000.000000 10000.000000 10000.000000 10000.000000
24.000000 37.000000 1.000000 10000.000000 10000.000000 10000.000000 10000.000000
24.000000 38.000000 1.000000 10000.000000 10000.000000 10000.000000 10000.000000
24.000000 39.000000 1.000000 10000.000000 10000.000000 10000.000000 10000.000000
24.000000 40.000000 1.000000 10000.000000 10000.000000 10000.000000 10000.000000
24.000000 41.000000 1.000000 10000.000000 10000.000000 10000.000000 10000.000000
24.000000 42.000000 1.000000 10000.000000 10000.000000 10000.000000 10000.000000
24.000000 43.000000 1.000000 10000.000000 10000.000000 10000.000000 10000.000000
24.000000 44.000000 1.000000 10000.000000 10000.000000 10000.000000 10000.000000
24.000000 45.000000 1.000000 10000.000000 10000.000000 10000.000000 10000.000000
24.000000 46.000000 1.000000 10000.000000 10000.000000 10000.000000 10000.000000
24.000000 47.000000 1.000000 10000.000000 10000.000000 10000.000000 10000.000000
24.000000 48.000000 1.000000 10000.000000 10000.000000 10000.000000 10000.000000
24.000000 49.000000 1.000000 10000.000000 10000.000000 10000.000000 10000.000000
25.000000 0.000000 1.000000 10000.000000 10000.000000 10000.000000 10000.000000
25.000000 1.000000 1.000000 10000.000000 10000.000000 10000.000000 10000.000000
25.000000 2.000000 1.000000 9999.000000 10000.000000 9999.000000 9999.000000
25.000000 3.000000 1.000000 9999.000000 10000.000000 9999.000000 9999.000000
25.000000 4.000000 1.000000 9999.000000 10000.000000 9999.000000 9999.000000
25.000000 5.000000 1.000000 9999.000000 10000.000000 9999.000000 9999.000000
25.000000 6.000000 1.000000 9999.000000 10000.000000 9999.000000 9999.000000
25.000000 7.000000 1.000000 10000.000000 10000.000000 10000.000000 10000.000000
25.000000 8.000000 1.000000 10000.000000 10000.000000 10000.000000 10000.000000
25.000000 9.000000 1.000000 10000.000000 10000.000000 10000.000000 10000.000000
25.000000 10.000000 1.000000 10000.000000 10000.000000 10000.000000 10000.000000
25.000000 11.000000 1.000000 10000.000000 10000.000000 10000.000000 10000.000000
25.000000 12.000000 1.000000 10000.000000 10000.000000 10000.000000 10000.000000
25.000000 13.000000 1.000000 10000.000000 10000.000000 10000.000000 10000.000000
25.000000 14.000000 1.000000 10000.000000 10000.000000 10000.000000 10000.000000
25.000000 15.000000 1.000000 10000.000000 10000.000000 10000.000000 10000.000000
25.000000 16.000000 1.000000 10000.000000 10000.000000 10000.000000 10000.000000
25.000000 17.000000 1.000000 10000.000000 10000.000000 10000.000000 10000.000000
25.000000 18.000000 1.000000 10000.000000 10000.000000 10000.000000 10000.000000
25.000000 19.000000 1.000000 10000.000000 10000.000000 10000.000000 10000.000000
25.000000 20.000000 1.000000 10000.000000 10000.000000 10000.000000 10000.000000
25.000000 21.000000 1.000000 10000.000000 10000.000000 10000.000000 10000.000000
25.000000 22.000000 1.000000 10000.000000 10000.000000 10000.000000 10000.000000
25.000000 23.000000 1.000000 10000.000000 10000.000000 10000.000000 10000.000000
25.000000 24.000000 1.000000 10000.000000 10000.000000 10000.000000 10000.000000
25.000000 25.000000 1.000000 10000.000000 10000.000000 10000.000000 10000.000000
25.000000 26.000000 1.000000 10000.000000 10000.000000 10000.000000 10000.000000
25.000000 27.000000 1.000000 10000.000000 10000.000000 10000.000000 10000.000000
25.000000 28.000000 1.000000 10000.000000 10000.000000 10000.000000 10000.000000
25.000000 29.000000 1.000000 10000.000000 10000.000000 10000.000000 10000.000000
25.000000 30.000000 1.000000 10000.000000 10000.000000 10000.000000 10000.000000
25.000000 31.000000 1.000000 10000.000000 10000.000000 10000.000000 10000.000000
25.000000 32.000000 1.000000 10000.000000 10000.000000 10000.000000 10000.000000
25.000000 33.000000 1.000000 10000.000000 10000.000000 10000.000000 10000.000000
25.000000 34.000000 1.000000 10000.000000 10000.000000 10000.000000 10000.000000
25.000000 35.000000 1.000000 10000.000000 10000.000000 10000.000000 10000.000000
25.000000 36.000000 1.000000 10000.000000 10000.000000 10000.000000 10000.000000
25.000000 37.000000 1.000000 10000.000000 10000.000000 10000.000000 10000.000000
25.000000 38.000000 1.000000 10000.000000 10000.000000 10000.000000 10000.000000
25.000000 39.000000 1.000000 10000.000000 10000.000000 10000.000000 10000.000000
25.000000 40.000000 1.000000 10000.000000 10000.000000 10000.000000 10000.000000
25.000000 41.000000 1.000000 10000.000000 10000.000000 10000.000000 10000.000000
25.000000 42.000000 1.000000 10000.000000 10000.000000 10000.000000 10000.000000
25.000000 43.000000 1.000000 10000.000000 10000.000000 10000.000000 10000.000000
25.000000 44.000000 1.000000 10000.000000 10000.000000 10000.000000 10000.000000
25.000000 45.000000 1.000000 10000.000000 10000.000000 10000.000000 10000.000000
25.000000 46.000000 1.000000 10000.000000 10000.000000 10000.000000 10000.000000
25.000000 47.000000 1.000000 10000.000000 10000.000000 10000.000000 10000.000000
25.000000 48.000000 1.000000 10000.000000 10000.000000 10000.000000 10000.000000
25.000000 49.000000 1.000000 10000.000000 10000.000000 10000.000000 10000.000000
26.000000 0.000000 1.000000 10000.000000 10000.000000 10000.000000 10000.000000
26.000000 1.000000 1.000000 10000.000000 10000.000000 10000.000000 10000.000000
26.000000 2.000000 1.000000 9999.000000 10000.000000 9999.000000 9999.000000
26.000000 3.000000 1.000000 9999.000000 10000.000000 9999.000000 9999.000000
26.000000 4.000000 1.000000 9999.000000 10000.000000 9999.000000 9999.000000
26.000000 5.000000 1.000000 9999.000000 10000.000000 9999.000000 9999.000000
26.000000 6.000000 1.000000 9999.000000 10000.000000 9999.000000 9999.000000
26.000000 7.000000 1.000000 9999.000000 10000.000000 9999.000000 9999.000000
26.000000 8.000000 1.000000 10000.000000 10000.000000 10000.000000 10000.000000
26.000000 9.000000 1.000000 10000.000000 10000.000000 10000.000000 10000.000000
26.000000 10.000000 1.000000 10000.000000 10000.000000 10000.000000 10000.000000
26.000000 11.000000 1.000000 10000.000000 10000.000000 10000.000000 10000.000000
26.000000 12.000000 1.000000 10000.000000 10000.000000 10000.000000 10000.000000
26.000000 13.000000 1.000000 10000.000000 10000.000000 10000.000000 10000.000000
26.000000 14.000000 1.000000 10000.000000 10000.000000 10000.000000 10000.000000
26.000000 15.000000 1.000000 10000.000000 10000.000000 10000.000000 10000.000000
26.000000 16.000000 1.000000 10000.000000 10000.000000 10000.000000 10000.000000
26.000000 17.000000 1.000000 10000.000000 10000.000000 10000.000000 10000.000000
26.000000 18.000000 1.000000 10000.000000 10000.000000 10000.000000 10000.000000
26.000000 19.000000 1.000000 10000.000000 10000.000000 10000.000000 10000.000000
26.000000 20.000000 1.000000 10000.000000 10000.000000 10000.000000 10000.000000
26.000000 21.000000 1.000000 10000.000000 10000.000000 10000.000000 10000.000000
26.000000 22.000000 1.000000 10000.000000 10000.000000 10000.000000 10000.000000
26.000000 23.000000 1.000000 10000.000000 10000.000000 10000.000000 10000.000000
26.000000 24.000000 1.000000 10000.000000 10000.000000 10000.000000 10000.000000
26.000000 25.000000 1.000000 10000.000000 10000.000000 10000.000000 10000.000000
26.000000 26.000000 1.000000 10000.000000 10000.000000 10000.000000 10000.000000
26.000000 27.000000 1.000000 10000.000000 10000.000000 10000.000000 10000.000000
26.000000 28.000000 1.000000 10000.000000 10000.000000 10000.000000 10000.000000
26.000000 29.000000 1.000000 10000.000000 10000.000000 10000.000000 10000.000000
26.000000 30.000000 1.000000 10000.000000 10000.000000 10000.000000 10000.000000
26.000000 31.000000 1.000000 10000.000000 10000.000000 10000.000000 10000.000000
26.000000 32.000000 1.000000 10000.000000 10000.000000 10000.000000 10000.000000
26.000000 33.000000 1.000000 10000.000000 10000.000000 10000.000000 10000.000000
26.000000 34.000000 1.000000 10000.000000 10000.000000 10000.000000 10000.000000
26.000000 35.000000 1.000000 10000.000000 10000.000000 10000.000000 10000.000000
26.000000 36.000000 1.000000 10000.000000 10000.000000 10000.000000 10000.000000
26.000000 37.000000 1.000000 10000.000000 10000.000000 10000.000000 10000.000000
26.000000 38.000000 1.000000 10000.000000 10000.000000 10000.000000 10000.000000
26.000000 39.000000 1.000000 10000.000000 10000.000000 10000.000000 10000.000000
26.000000 40.000000 1.000000 10000.000000 10000.000000 10000.000000 10000.000000
26.000000 41.000000 1.000000 10000.000000 10000.000000 10000.000000 10000.000000
26.000000 42.000000 1.000000 10000.000000 10000.000000 10000.000000 10000.000000
26.000000 43.000000 1.000000 10000.000000 10000.000000 10000.000000 10000.000000
26.000000 44.000000 1.000000 10000.000000 10000.000000 10000.000000 10000.000000
26.000000 45.000000 1.000000 10000.000000 10000.000000 10000.000000 10000.000000
26.000000 46.000000 1.000000 10000.000000 10000.000000 10000.000000 10000.000000
26.000000 47.000000 1.000000 10000.000000 10000.000000 10000.000000 10000.000000
26.000000 48.000000 1.000000 10000.000000 10000.000000 10000.000000 10000.000000
26.000000 49.000000 1.000000 10000.000000 10000.000000 10000.000000 10000.000000
27.000000 0.000000 1.000000 10000.000000 10000.000000 10000.000000 10000.000000
27.000000 1.000000 1.000000 10000.000000 10000.000000 10000.000000 10000.000000
27.000000 2.000000 1.000000 10000.000000 10000.000000 10000.000000 10000.000000
27.000000 3.000000 1.000000 10000.000000 10000.000000 10000.000000 10000.000000
27.000000 4.000000 1.000000 10000.000000 10000.000000 10000.000000 10000.000000
27.000000 5.000000 1.000000 10000.000000 10000.000000 10000.000000 10000.000000
27.000000 6.000000 1.000000 10000.000000 10000.000000 10000.000000 10000.000000
27.000000 7.000000 1.000000 10000.000000 10000.000000 10000.000000 10000.000000
27.000000 8.000000 1.000000 10000.000000 10000.000000 10000.000000 10000.000000
27.000000 9.000000 1.000000 10000.000000 10000.000000 10000.000000 10000.000000
27.000000 10.000000 1.000000 10000.000000 10000.000000 10000.000000 10000.000000
27.000000 11.000000 1.000000 10000.000000 10000.000000 10000.000000 10000.000000
27.000000 12.000000 1.000000 10000.000000 10000.000000 10000.000000 10000.000000
27.000000 13.000000 1.000000 10000.000000 10000.000000 10000.000000 10000.000000
27.000000 14.000000 1.000000 10000.000000 10000.000000 10000.000000 10000.000000
27.000000 15.000000 1.000000 10000.000000 10000.000000 10000.000000 10000.000000
27.000000 16.000000 1.000000 10000.000000 10000.000000 10000.000000 10000.000000
27.000000 17.000000 1.000000 10000.000000 10000.000000 10000.000000 10000.000000
27.000000 18.000000 1.000000 10000.000000 10000.000000 10000.000000 10000.000000
27.000000 19.000000 1.000000 10000.000000 10000.000000 10000.000000 10000.000000
27.000000 20.000000 1.000000 10000.000000 10000.000000 10000.000000 10000.000000
27.000000 21.000000 1.000000 10000.000000 10000.000000 10000.000000 10000.000000
27.000000 22.000000 1.000000 10000.000000 10000.000000 10000.000000 10000.000000
27.000000 23.000000 1.000000 10000.000000 10000.000000 10000.000000 10000.000000
27.000000 24.000000 1.000000 10000.000000 10000.000000 10000.000000 10000.000000
27.000000 25.000000 1.000000 10000.000000 10000.000000 10000.000000 10000.000000
27.000000 26.000000 1.000000 10000.000000 10000.000000 10000.000000 10000.000000
27.000000 27.000000 1.000000 10000.000000 10000.000000 10000.000000 10000.000000
27.000000 28.000000 1.000000 10000.000000 10000.000000 10000.000000 10000.000000
27.000000 29.000000 1.000000 10000.000000 10000.000000 10000.000000 10000.000000
27.000000 30.000000 1.000000 10000.000000 10000.000000 10000.000000 10000.000000
27.000000 31.000000 1.000000 10000.000000 10000.000000 10000.000000 10000.000000
27.000000 32.000000 1.000000 10000.000000 10000.000000 10000.000000 10000.000000
27.000000 33.000000 1.000000 10000.000000 10000.000000 10000.000000 10000.000000
27.000000 34.000000 1.000000 10000.000000 10000.000000 10000.000000 10000.000000
27.000000 35.000000 1.000000 10000.000000 10000.000000 10000.000000 10000.000000
27.000000 36.000000 1.000000 10000.000000 10000.000000 10000.000000 10000.000000
27.000000 37.000000 1.000000 10000.000000 10000.000000 10000.000000 10000.000000
27.000000 38.000000 1.000000 10000.000000 10000.000000 10000.000000 10000.000000
27.000000 39.000000 1.000000 10000.000000 10000.000000 10000.000000 10000.000000
27.000000 40.000000 1.000000 10000.000000 10000.000000 10000.000000 10000.000000
27.000000 41.000000 1.000000 10000.000000 10000.000000 10000.000000 10000.000000
27.000000 42.000000 1.000000 10000.000000 10000.000000 10000.000000 10000.000000
27.000000 43.000000 1.000000 10000.000000 10000.000000 10000.000000 10000.000000
27.000000 44.000000 1.000000 10000.000000 10000.000000 10000.000000 10000.000000
27.000000 45.000000 1.000000 10000.000000 10000.000000 10000.000000 10000.000000
27.000000 46.000000 1.000000 10000.000000 10000.000000 10000.000000 10000.000000
27.000000 47.000000 1.000000 10000.000000 10000.000000 10000.000000 10000.000000
27.000000 48.000000 1.000000 10000.000000 10000.000000 10000.000000 10000.000000
27.000000 49.000000 1.000000 10000.000000 10000.000000 10000.000000 10000.000000
28.000000 0.000000 1.000000 10000.000000 10000.000000 10000.000000 10000.000000
28.000000 1.000000 1.000000 10000.000000 10000.000000 10000.000000 10000.000000
28.000000 2.000000 1.000000 9999.000000 10000.000000 9999.000000 9999.000000
28.000000 3.000000 1.000000 9999.000000 10000.000000 9999.000000 9999.000000
28.000000 4.000000 1.000000 9999.000000 10000.000000 9999.000000 9999.000000
28.000000 5.000000 1.000000 9999.000000 10000.000000 9999.000000 9999.000000
28.000000 6.000000 1.000000 9999.000000 10000.000000 9999.000000 9999.000000
28.000000 7.000000 1.000000 10000.000000 10000.000000 10000.000000 10000.000000
28.000000 8.000000 1.000000 10000.000000 10000.000000 10000.000000 10000.000000
28.000000 9.000000 1.000000 10000.000000 10000.000000 10000.000000 10000.000000
28.000000 10.000000 1.000000 10000.000000 10000.000000 10000.000000 10000.000000
28.000000 11.000000 1.000000 10000.000000 10000.000000 10000.000000 10000.000000
28.000000 12.000000 1.000000 10000.000000 10000.000000 10000.000000 10000.000000
28.000000 13.000000 1.000000 10000.000000 10000.000000 10000.000000 10000.000000
28.000000 14.000000 1.000000 10000.000000 10000.000000 10000.000000 10000.000000
28.000000 15.000000 1.000000 10000.000000 10000.000000 10000.000000 10000.000000
28.000000 16.000000 1.000000 10000.000000 10000.000000 10000.000000 10000.000000
28.000000 17.000000 1.000000 10000.000000 10000.000000 10000.000000 10000.000000
28.000000 18.000000 1.000000 10000.000000 10000.000000 10000.000000 10000.000000
28.000000 19.000000 1.000000 10000.000000 10000.000000 10000.000000 10000.000000
28.000000 20.000000 1.000000 10000.000000 10000.000000 10000.000000 10000.000000
28.000000 21.000000 1.000000 10000.000000 10000.000000 10000.000000 10000.000000
28.000000 22.000000 1.000000 10000.000000 10000.000000 10000.000000 10000.000000
28.000000 23.000000 1.000000 10000.000000 10000.000000 10000.000000 10000.000000
28.000000 24.000000 1.000000 10000.000000 10000.000000 10000.000000 10000.000000
28.000000 25.000000 1.000000 10000.000000 10000.000000 10000.000000 10000.000000
28.000000 26.000000 1.000000 10000.000000 10000.000000 10000.000000 10000.000000
28.000000 27.000000 1.000000 10000.000000 10000.000000 10000.000000 10000.000000
28.000000 28.000000 1.000000 10000.000000 10000.000000 10000.000000 10000.000000
28.000000 29.000000 1.000000 10000.000000 10000.000000 10000.000000 10000.000000
28.000000 30.000000 1.000000 10000.000000 10000.000000 10000.000000 10000.000000
28.000000 31.000000 1.000000 10000.000000 10000.000000 10000.000000 10000.000000
28.000000 32.000000 1.000000 10000.000000 10000.000000 10000.000000 10000.000000
28.000000 33.000000 1.000000 10000.000000 10000.000000 10000.000000 10000.000000
28.000000 34.000000 1.000000 10000.000000 10000.000000 10000.000000 10000.000000
28.000000 35.000000 1.000000 10000.000000 10000.000000 10000.000000 10000.000000
28.000000 36.000000 1.000000 10000.000000 10000.000000 10000.000000 10000.000000
28.000000 37.000000 1.000000 10000.000000 10000.000000 10000.000000 10000.000000
28.000000 38.000000 1.000000 10000.000000 10000.000000 10000.000000 10000.000000
28.000000 39.000000 1.000000 10000.000000 10000.000000 10000.000000 10000.000000
28.000000 40.000000 1.000000 10000.000000 10000.000000 10000.000000 10000.000000
28.000000 41.000000 1.000000 10000.000000 10000.000000 10000.000000 10000.000000
28.000000 42.000000 1.000000 10000.000000 10000.000000 10000.000000 10000.000000
28.000000 43.000000 1.000000 10000.000000 10000.000000 10000.000000 10000.000000
28.000000 44.000000 1.000000 10000.000000 10000.000000 10000.000000 10000.000000
28.000000 45.000000 1.000000 10000.000000 10000.000000 10000.000000 10000.000000
28.000000 46.000000 1.000000 10000.000000 10000.000000 10000.000000 10000.000000
28.000000 47.000000 1.000000 10000.000000 10000.000000 10000.000000 10000.000000
28.000000 48.000000 1.000000 10000.000000 10000.000000 10000.000000 10000.000000
28.000000 49.000000 1.000000 10000.000000 10000.000000 10000.000000 10000.000000
29.000000 0.000000 1.000000 10000.000000 10000.000000 10000.000000 10000.000000
29.000000 1.000000 1.000000 10000.000000 10000.000000 10000.000000 10000.000000
29.000000 2.000000 1.000000 9999.000000 10000.000000 9999.000000 9999.000000
29.000000 3.000000 1.000000 9999.000000 10000.000000 9999.000000 9999.000000
29.000000 4.000000 1.000000 9999.000000 10000.000000 9999.000000 9999.000000
29.000000 5.000000 1.000000 9999.000000 10000.000000 9999.000000 9999.000000
29.000000 6.000000 1.000000 9999.000000 10000.000000 9999.000000 9999.000000
29.000000 7.000000 1.000000 10000.000000 10000.000000 10000.000000 10000.000000
29.000000 8.000000 1.000000 10000.000000 10000.000000 10000.000000 10000.000000
29.000000 9.000000 1.000000 10000.000000 10000.000000 10000.000000 10000.000000
29.000000 10.000000 1.000000 10000.000000 10000.000000 10000.000000 10000.000000
29.000000 11.000000 1.000000 10000.000000 10000.000000 10000.000000 10000.000000
29.000000 12.000000 1.000000 10000.000000 10000.000000 10000.000000 10000.000000
29.000000 13.000000 1.000000 10000.000000 10000.000000 10000.000000 10000.000000
29.000000 14.000000 1.000000 10000.000000 10000.000000 10000.000000 10000.000000
29.000000 15.000000 1.000000 10000.000000 10000.000000 10000.000000 10000.000000
29.000000 16.000000 1.000000 10000.000000 10000.000000 10000.000000 10000.000000
29.000000 17.000000 1.000000 10000.000000 10000.000000 10000.000000 10000.000000
29.000000 18.000000 1.000000 10000.000000 10000.000000 10000.000000 10000.000000
29.000000 19.000000 1.000000 10000.000000 10000.000000 10000.000000 10000.000000
29.000000 20.000000 1.000000 10000.000000 10000.000000 10000.000000 10000.000000
29.000000 21.000000 1.000000 10000.000000 10000.000000 10000.000000 10000.000000
29.000000 22.000000 1.000000 10000.000000 10000.000000 10000.000000 10000.000000
29.000000 23.000000 1.000000 10000.000000 10000.000000 10000.000000 10000.000000
29.000000 24.000000 1.000000 10000.000000 10000.000000 10000.000000 10000.000000
29.000000 25.000000 1.000000 10000.000000 10000.000000 10000.000000 10000.000000
29.000000 26.000000 1.000000 10000.000000 10000.000000 10000.000000 10000.000000
29.000000 27.000000 1.000000 10000.000000 10000.000000 10000.000000 10000.000000
29.000000 28.000000 1.000000 10000.000000 10000.000000 10000.000000 10000.000000
29.000000 29.000000 1.000000 10000.000000 10000.000000 10000.000000 10000.000000
29.000000 30.000000 1.000000 10000.000000 10000.000000 10000.000000 10000.000000
29.000000 31.000000 1.000000 10000.000000 10000.000000 10000.000000 10000.000000
29.000000 32.000000 1.000000 10000.000000 10000.000000 10000.000000 10000.000000
29.000000 33.000000 1.000000 10000.000000 10000.000000 10000.000000 10000.000000
29.000000 34.000000 1.000000 10000.000000 10000.000000 10000.000000 10000.000000
29.000000 35.000000 1.000000 10000.000000 10000.000000 10000.000000 10000.000000
29.000000 36.000000 1.000000 10000.000000 10000.000000 10000.000000 10000.000000
29.000000 37.000000 1.000000 10000.000000 10000.000000 10000.000000 10000.000000
29.000000 38.000000 1.000000 10000.000000 10000.000000 10000.000000 10000.000000
29.000000 39.000000 1.000000 10000.000000 10000.000000 10000.000000 10000.000000
29.000000 40.000000 1.000000 10000.000000 10000.000000 10000.000000 10000.000000
29.000000 41.000000 1.000000 10000.000000 10000.000000 10000.000000 10000.000000
29.000000 42.000000 1.000000 10000.000000 10000.000000 10000.000000 10000.000000
29.000000 43.000000 1.000000 10000.000000 10000.000000 10000.000000 10000.000000
29.000000 44.000000 1.000000 10000.000000 10000.000000 10000.000000 10000.000000
29.000000 45.000000 1.000000 10000.000000 10000.000000 10000.000000 10000.000000
29.000000 46.000000 1.000000 10000.000000 10000.000000 10000.000000 10000.000000
29.000000 47.000000 1.000000 10000.000000 10000.000000 10000.000000 10000.000000
29.000000 48.000000 1.000000 10000.000000 10000.000000 10000.000000 10000.000000
29.000000 49.000000 1.000000 10000.000000 10000.000000 10000.000000 10000.000000
30.000000 0.000000 1.000000 10000.000000 10000.000000 10000.000000 10000.000000
30.000000 1.000000 1.000000 10000.000000 10000.000000 10000.000000 10000.000000
30.000000 2.000000 1.000000 9997.000000 10000.000000 9997.000000 9997.000000
30.000000 3.000000 1.000000 9986.000000 10000.000000 9986.000000 9986.000000
30.000000 4.000000 1.000000 9945.000000 10000.000000 9945.000000 9945.000000
30.000000 5.000000 1.000000 9822.000000 10000.000000 9822.000000 9822.000000
30.000000 6.000000 1.000000 9487.000000 10000.000000 9487.000000 9487.000000
30.000000 7.000000 1.000000 8571.000000 10000.000000 8571.000000 8571.000000
30.000000 8.000000 1.000000 7088.000000 10000.000000 7088.000000 7088.000000
30.000000 9.000000 1.000000 5731.000000 10000.000000 5731.000000 5731.000000
30.000000 10.000000 1.000000 4976.000000 10000.000000 4976.000000 4976.000000
30.000000 11.000000 1.000000 4842.000000 10000.000000 4842.000000 4842.000000
30.000000 12.000000 1.000000 5485.000000 10000.000000 5485.000000 5485.000000
30.000000 13.000000 1.000000 6804.000000 10000.000000 6804.000000 6804.000000
30.000000 14.000000 1.000000 8211.000000 10000.000000 8211.000000 8211.000000
30.000000 15.000000 1.000000 9123.000000 10000.000000 9123.000000 9123.000000
30.000000 16.000000 1.000000 9611.000000 10000.000000 9611.000000 9611.000000
30.000000 17.000000 1.000000 9855.000000 10000.000000 9855.000000 9855.000000
30.000000 18.000000 1.000000 9953.000000 10000.000000 9953.000000 9953.000000
30.000000 19.000000 1.000000 9990.000000 10000.000000 9990.000000 9990.000000
30.000000 20.000000 1.000000 9998.000000 10000.000000 9998.000000 9998.000000
30.000000 21.000000 1.000000 9999.000000 10000.000000 9999.000000 9999.000000
30.000000 22.000000 1.000000 10000.000000 10000.000000 10000.000000 10000.000000
30.000000 23.000000 1.000000 10000.000000 10000.000000 10000.000000 10000.000000
30.000000 24.000000 1.000000 10000.000000 10000.000000 10000.000000 10000.000000
30.000000 25.000000 1.000000 10000.000000 10000.000000 10000.000000 10000.000000
30.000000 26.000000 1.000000 10000.000000 10000.000000 10000.000000 10000.000000
30.000000 27.000000 1.000000 10000.000000 10000.000000 10000.000000 10000.000000
30.000000 28.000000 1.000000 10000.000000 10000.000000 10000.000000 10000.000000
30.000000 29.000000 1.000000 10000.000000 10000.000000 10000.000000 10000.000000
30.000000 30.000000 1.000000 10000.000000 10000.000000 10000.000000 10000.000000
30.000000 31.000000 1.000000 10000.000000 10000.000000 10000.000000 10000.000000
30.000000 32.000000 1.000000 10000.000000 10000.000000 10000.000000 10000.000000
30.000000 33.000000 1.000000 10000.000000 10000.000000 10000.000000 10000.000000
30.000000 34.000000 1.000000 10000.000000 10000.000000 10000.000000 10000.000000
30.000000 35.000000 1.000000 10000.000000 10000.000000 10000.000000 10000.000000
30.000000 36.000000 1.000000 10000.000000 10000.000000 10000.000000 10000.000000
30.000000 37.000000 1.000000 10000.000000 10000.000000 10000.000000 10000.000000
30.000000 38.000000 1.000000 10000.000000 10000.000000 10000.000000 10000.000000
30.000000 39.000000 1.000000 10000.000000 10000.000000 10000.000000 10000.000000
30.000000 40.000000 1.000000 10000.000000 10000.000000 10000.000000 10000.000000
30.000000 41.000000 1.000000 10000.000000 10000.000000 10000.000000 10000.000000
30.000000 42.000000 1.000000 10000.000000 10000.000000 10000.000000 10000.000000
30.000000 43.000000 1.000000 10000.000000 10000.000000 10000.000000 10000.000000
30.000000 44.000000 1.000000 10000.000000 10000.000000 10000.000000 10000.000000
30.000000 45.000000 1.000000 10000.000000 10000.000000 10000.000000 10000.000000
30.000000 46.000000 1.000000 10000.000000 10000.000000 10000.000000 10000.000000
30.000000 47.000000 1.000000 10000.000000 10000.000000 10000.000000 10000.000000
30.000000 48.000000 1.000000 10000.000000 10000.000000 10000.000000 10000.000000
30.000000 49.000000 1.000000 10000.000000 10000.000000 10000.000000 10000.000000
31.000000 0.000000 1.000000 10000.000000 10000.000000 10000.000000 10000.000000
31.000000 1.000000 1.000000 10000.000000 10000.000000 10000.000000 10000.000000
31.000000 2.000000 1.000000 10000.000000 10000.000000 10000.000000 10000.000000
31.000000 3.000000 1.000000 10000.000000 10000.000000 10000.000000 10000.000000
31.000000 4.000000 1.000000 10000.000000 10000.000000 10000.000000 10000.000000
31.000000 5.000000 1.000000 10000.000000 10000.000000 10000.000000 10000.000000
31.000000 6.000000 1.000000 10000.000000 10000.000000 10000.000000 10000.000000
31.000000 7.000000 1.000000 10000.000000 10000.000000 10000.000000 10000.000000
31.000000 8.000000 1.000000 10000.000000 10000.000000 10000.000000 10000.000000
31.000000 9.000000 1.000000 10000.000000 10000.000000 10000.000000 10000.000000
31.000000 10.000000 1.000000 10000.000000 10000.000000 10000.000000 10000.000000
31.000000 11.000000 1.000000 10000.000000 10000.000000 10000.000000 10000.000000
31.000000 12.000000 1.000000 10000.000000 10000.000000 10000.000000 10000.000000
31.000000 13.000000 1.000000 10000.000000 10000.000000 10000.000000 10000.000000
31.000000 14.000000 1.000000 10000.000000 10000.000000 10000.000000 10000.000000
31.000000 15.000000 1.000000 10000.000000 10000.000000 10000.000000 10000.000000
31.000000 16.000000 1.000000 10000.000000 10000.000000 10000.000000 10000.000000
31.000000 17.000000 1.000000 10000.000000 10000.000000 10000.000000 10000.000000
31.000000 18.000000 1.000000 10000.000000 10000.000000 10000.000000 10000.000000
31.000000 19.000000 1.000000 10000.000000 10000.000000 10000.000000 10000.000000
31.000000 20.000000 1.000000 10000.000000 10000.000000 10000.000000 10000.000000
31.000000 21.000000 1.000000 10000.000000 10000.000000 10000.000000 10000.000000
31.000000 22.000000 1.000000 10000.000000 10000.000000 10000.000000 10000.000000
31.000000 23.000000 1.000000 10000.000000 10000.000000 10000.000000 10000.000000
31.000000 24.000000 1.000000 10000.000000 10000.000000 10000.000000 10000.000000
31.000000 25.000000 1.000000 10000.000000 10000.000000 10000.000000 10000.000000
31.000000 26.000000 1.000000 10000.000000 10000.000000 10000.000000 10000.000000
31.000000 27.000000 1.000000 10000.000000 10000.000000 10000.000000 10000.000000
31.000000 28.000000 1.000000 10000.000000 10000.000000 10000.000000 10000.000000
31.000000 29.000000 1.000000 10000.000000 10000.000000 10000.000000 10000.000000
31.000000 30.000000 1.000000 10000.000000 10000.000000 10000.000000 10000.000000
31.000000 31.000000 1.000000 10000.000000 10000.000000 10000.000000 10000.000000
31.000000 32.000000 1.000000 10000.000000 10000.000000 10000.000000 10000.000000
31.000000 33.000000 1.000000 10000.000000 10000.000000 10000.000000 10000.000000
31.000000 34.000000 1.000000 10000.000000 10000.000000 10000.000000 10000.000000
31.000000 35.000000 1.000000 10000.000000 10000.000000 10000.000000 10000.000000
31.000000 36.000000 1.000000 10000.000000 10000.000000 10000.000000 10000.000000
31.000000 37.000000 1.000000 10000.000000 10000.000000 10000.000000 10000.000000
31.000000 38.000000 1.000000 10000.000000 10000.000000 10000.000000 10000.000000
31.000000 39.000000 1.000000 10000.000000 10000.000000 10000.000000 10000.000000
31.000000 40.000000 1.000000 10000.000000 10000.000000 10000.000000 10000.000000
31.000000 41.000000 1.000000 10000.000000 10000.000000 10000.000000 10000.000000
31.000000 42.000000 1.000000 10000.000000 10000.000000 10000.000000 10000.000000
31.000000 43.000000 1.000000 10000.000000 10000.000000 10000.000000 10000.000000
31.000000 44.000000 1.000000 10000.000000 10000.000000 10000.000000 10000.000000
31.000000 45.000000 1.000000 10000.000000 10000.000000 10000.000000 10000.000000
31.000000 46.000000 1.000000 10000.000000 10000.000000 10000.000000 10000.000000
31.000000 47.000000 1.000000 10000.000000 10000.000000 10000.000000 10000.000000
31.000000 48.000000 1.000000 10000.000000 10000.000000 10000.000000 10000.000000
31.000000 49.000000 1.000000 10000.000000 10000.000000 10000.000000 10000.000000
32.000000 0.000000 1.000000 10000.000000 10000.000000 10000.000000 10000.000000
32.000000 1.000000 1.000000 10000.000000 10000.000000 10000.000000 10000.000000
32.000000 2.000000 1.000000 9996.000000 10000.000000 9996.000000 9996.000000
32.000000 3.000000 1.000000 9988.000000 10000.000000 9988.000000 9988.000000
32.000000 4.000000 1.000000 9766.000000 10000.000000 9766.000000 9766.000000
32.000000 5.000000 1.000000 8537.000000 10000.000000 8537.000000 8537.000000
32.000000 6.000000 1.000000 6591.000000 10000.000000 6591.000000 6591.000000
32.000000 7.000000 1.000000 5119.000000 10000.000000 5119.000000 5119.000000
32.000000 8.000000 1.000000 4271.000000 10000.000000 4271.000000 4271.000000
32.000000 9.000000 1.000000 4099.000000 10000.000000 4099.000000 4099.000000
32.000000 10.000000 1.000000 5025.000000 10000.000000 5025.000000 5025.000000
32.000000 11.000000 1.000000 6834.000000 10000.000000 6834.000000 6834.000000
32.000000 12.000000 1.000000 8352.000000 10000.000000 8352.000000 8352.000000
32.000000 13.000000 1.000000 9259.000000 10000.000000 9259.000000 9259.000000
32.000000 14.000000 1.000000 9675.000000 10000.000000 9675.000000 9675.000000
32.000000 15.000000 1.000000 9867.000000 10000.000000 9867.000000 9867.000000
32.000000 16.000000 1.000000 9954.000000 10000.000000 9954.000000 9954.000000
32.000000 17.000000 1.000000 9982.000000 10000.000000 9982.000000 9982.000000
32.000000 18.000000 1.000000 9994.000000 10000.000000 9994.000000 9994.000000
32.000000 19.000000 1.000000 9996.000000 10000.000000 9996.000000 9996.000000
32.000000 20.000000 1.000000 9999.000000 10000.000000 9999.000000 9999.000000
32.000000 21.000000 1.000000 9999.000000 10000.000000 9999.000000 9999.000000
32.000000 22.000000 1.000000 10000.000000 10000.000000 10000.000000 10000.000000
32.000000 23.000000 1.000000 10000.000000 10000.000000 10000.000000 10000.000000
32.000000 24.000000 1.000000 10000.000000 10000.000000 10000.000000 10000.000000
32.000000 25.000000 1.000000 10000.000000 10000.000000 10000.000000 10000.000000
32.000000 26.000000 1.000000 10000.000000 10000.000000 10000.000000 10000.000000
32.000000 27.000000 1.000000 10000.000000 10000.000000 10000.000000 10000.000000
32.000000 28.000000 1.000000 10000.000000 10000.000000 10000.000000 10000.000000
32.000000 29.000000 1.000000 10000.000000 10000.000000 10000.000000 10000.000000
32.000000 30.000000 1.000000 10000.000000 10000.000000 10000.000000 10000.000000
32.000000 31.000000 1.000000 10000.000000 10000.000000 10000.000000 10000.000000
32.000000 32.000000 1.000000 10000.000000 10000.000000 10000.000000 10000.000000
32.000000 33.000000 1.000000 10000.000000 10000.000000 10000.000000 10000.000000
32.000000 34.000000 1.000000 10000.000000 10000.000000 10000.000000 10000.000000
32.000000 35.000000 1.000000 10000.000000 10000.000000 10000.000000 10000.000000
32.000000 36.000000 1.000000 10000.000000 10000.000000 10000.000000 10000.000000
32.000000 37.000000 1.000000 10000.000000 10000.000000 10000.000000 10000.000000
32.000000 38.000000 1.000000 10000.000000 10000.000000 10000.000000 10000.000000
32.000000 39.000000 1.000000 10000.000000 10000.000000 10000.000000 10000.000000
32.000000 40.000000 1.000000 10000.000000 10000.000000 10000.000000 10000.000000
32.000000 41.000000 1.000000 10000.000000 10000.000000 10000.000000 10000.000000
32.000000 42.000000 1.000000 10000.000000 10000.000000 10000.000000 10000.000000
32.000000 43.000000 1.000000 10000.000000 10000.000000 10000.000000 10000.000000
32.000000 44.000000 1.000000 10000.000000 10000.000000 10000.000000 10000.000000
32.000000 45.000000 1.000000 10000.000000 10000.000000 10000.000000 10000.000000
32.000000 46.000000 1.000000 10000.000000 10000.000000 10000.000000 10000.000000
32.000000 47.000000 1.000000 10000.000000 10000.000000 10000.000000 10000.000000
32.000000 48.000000 1.000000 10000.000000 10000.000000 10000.000000 10000.000000
32.000000 49.000000 1.000000 10000.000000 10000.000000 10000.000000 10000.000000
33.000000 0.000000 1.000000 10000.000000 10000.000000 10000.000000 10000.000000
33.000000 1.000000 1.000000 10000.000000 10000.000000 10000.000000 10000.000000
33.000000 2.000000 1.000000 10000.000000 10000.000000 10000.000000 10000.000000
33.000000 3.000000 1.000000 9999.000000 10000.000000 9999.000000 9999.000000
33.000000 4.000000 1.000000 9999.000000 10000.000000 9999.000000 9999.000000
33.000000 5.000000 1.000000 9999.000000 10000.000000 9999.000000 9999.000000
33.000000 6.000000 1.000000 9999.000000 10000.000000 9999.000000 9999.000000
33.000000 7.000000 1.000000 9999.000000 10000.000000 9999.000000 9999.000000
33.000000 8.000000 1.000000 10000.000000 10000.000000 10000.000000 10000.000000
33.000000 9.000000 1.000000 10000.000000 10000.000000 10000.000000 10000.000000
33.000000 10.000000 1.000000 10000.000000 10000.000000 10000.000000 10000.000000
33.000000 11.000000 1.000000 10000.000000 10000.000000 10000.000000 10000.000000
33.000000 12.000000 1.000000 10000.000000 10000.000000 10000.000000 10000.000000
33.000000 13.000000 1.000000 10000.000000 10000.000000 10000.000000 10000.000000
33.000000 14.000000 1.000000 10000.000000 10000.000000 10000.000000 10000.000000
33.000000 15.000000 1.000000 10000.000000 10000.000000 10000.000000 10000.000000
33.000000 16.000000 1.000000 10000.000000 10000.000000 10000.000000 10000.000000
33.000000 17.000000 1.000000 10000.000000 10000.000000 10000.000000 10000.000000
33.000000 18.000000 1.000000 10000.000000 10000.000000 10000.000000 10000.000000
33.000000 19.000000 1.000000 10000.000000 10000.000000 10000.000000 10000.000000
33.000000 20.000000 1.000000 10000.000000 10000.000000 10000.000000 10000.000000
33.000000 21.000000 1.000000 10000.000000 10000.000000 10000.000000 10000.000000
33.000000 22.000000 1.000000 10000.000000 10000.000000 10000.000000 10000.000000
33.000000 23.000000 1.000000 10000.000000 10000.000000 10000.000000 10000.000000
33.000000 24.000000 1.000000 10000.000000 10000.000000 10000.000000 10000.000000
33.000000 25.000000 1.000000 10000.000000 10000.000000 10000.000000 10000.000000
33.000000 26.000000 1.000000 10000.000000 10000.000000 10000.000000 10000.000000
33.000000 27.000000 1.000000 10000.000000 10000.000000 10000.000000 10000.000000
33.000000 28.000000 1.000000 10000.000000 10000.000000 10000.000000 10000.000000
33.000000 29.000000 1.000000 10000.000000 10000.000000 10000.000000 10000.000000
33.000000 30.000000 1.000000 10000.000000 10000.000000 10000.000000 10000.000000
33.000000 31.000000 1.000000 10000.000000 10000.000000 10000.000000 10000.000000
33.000000 32.000000 1.000000 10000.000000 10000.000000 10000.000000 10000.000000
33.000000 33.000000 1.000000 10000.000000 10000.000000 10000.000000 10000.000000
33.000000 34.000000 1.000000 10000.000000 10000.000000 10000.000000 10000.000000
33.000000 35.000000 1.000000 10000.000000 10000.000000 10000.000000 10000.000000
33.000000 36.000000 1.000000 10000.000000 10000.000000 10000.000000 10000.000000
33.000000 37.000000 1.000000 10000.000000 10000.000000 10000.000000 10000.000000
33.000000 38.000000 1.000000 10000.000000 10000.000000 10000.000000 10000.000000
33.000000 39.000000 1.000000 10000.000000 10000.000000 10000.000000 10000.000000
33.000000 40.000000 1.000000 10000.000000 10000.000000 10000.000000 10000.000000
33.000000 41.000000 1.000000 10000.000000 10000.000000 10000.000000 10000.000000
33.000000 42.000000 1.000000 10000.000000 10000.000000 10000.000000 10000.000000
33.000000 43.000000 1.000000 10000.000000 10000.000000 10000.000000 10000.000000
33.000000 44.000000 1.000000 10000.000000 10000.000000 10000.000000 10000.000000
33.000000 45.000000 1.000000 10000.000000 10000.000000 10000.000000 10000.000000
33.000000 46.000000 1.000000 10000.000000 10000.000000 10000.000000 10000.000000
33.000000 47.000000 1.000000 10000.000000 10000.000000 10000.000000 10000.000000
33.000000 48.000000 1.000000 10000.000000 10000.000000 10000.000000 10000.000000
33.000000 49.000000 1.000000 10000.000000 10000.000000 10000.000000 10000.000000
34.000000 0.000000 1.000000 10000.000000 10000.000000 10000.000000 10000.000000
34.000000 1.000000 1.000000 10000.000000 10000.000000 10000.000000 10000.000000
34.000000 2.000000 1.000000 9992.000000 10000.000000 9992.000000 9992.000000
34.000000 3.000000 1.000000 9941.000000 10000.000000 9941.000000 9941.000000
34.000000 4.000000 1.000000 9719.000000 10000.000000 9719.000000 9719.000000
34.000000 5.000000 1.000000 8923.000000 10000.000000 8923.000000 8923.000000
34.000000 6.000000 1.000000 7457.000000 10000.000000 7457.000000 7457.000000
34.000000 7.000000 1.000000 5822.000000 10000.000000 5822.000000 5822.000000
34.000000 8.000000 1.000000 4751.000000 10000.000000 4751.000000 4751.000000
34.000000 9.000000 1.000000 4422.000000 10000.000000 4422.000000 4422.000000
34.000000 10.000000 1.000000 4926.000000 10000.000000 4926.000000 4926.000000
34.000000 11.000000 1.000000 6210.000000 10000.000000 6210.000000 6210.000000
34.000000 12.000000 1.000000 7787.000000 10000.000000 7787.000000 7787.000000
34.000000 13.000000 1.000000 8971.000000 10000.000000 8971.000000 8971.000000
34.000000 14.000000 1.000000 9559.000000 10000.000000 9559.000000 9559.000000
34.000000 15.000000 1.000000 9808.000000 10000.000000 9808.000000 9808.000000
34.000000 16.000000 1.000000 9927.000000 10000.000000 9927.000000 9927.000000
34.000000 17.000000 1.000000 9976.000000 10000.000000 9976.000000 9976.000000
34.000000 18.000000 1.000000 9993.000000 10000.000000 9993.000000 9993.000000
34.000000 19.000000 1.000000 9994.000000 10000.000000 9994.000000 9994.000000
34.000000 20.000000 1.000000 9996.000000 10000.000000 9996.000000 9996.000000
34.000000 21.000000 1.000000 9998.000000 10000.000000 9998.000000 9998.000000
34.000000 22.000000 1.000000 9999.000000 10000.000000 9999.000000 9999.000000
34.000000 23.000000 1.000000 9999.000000 10000.000000 9999.000000 9999.000000
34.000000 24.000000 1.000000 10000.000000 10000.000000 10000.000000 10000.000000
34.000000 25.000000 1.000000 10000.000000 10000.000000 10000.000000 10000.000000
34.000000 26.000000 1.000000 10000.000000 10000.000000 10000.000000 10000.000000
34.000000 27.000000 1.000000 10000.000000 10000.000000 10000.000000 10000.000000
34.000000 28.000000 1.000000 10000.000000 10000.000000 10000.000000 10000.000000
34.000000 29.000000 1.000000 10000.000000 10000.000000 10000.000000 10000.000000
34.000000 30.000000 1.000000 10000.000000 10000.000000 10000.000000 10000.000000
34.000000 31.000000 1.000000 10000.000000 10000.000000 10000.000000 10000.000000
34.000000 32.000000 1.000000 10000.000000 10000.000000 10000.000000 10000.000000
34.000000 33.000000 1.000000 10000.000000 10000.000000 10000.000000 10000.000000
34.000000 34.000000 1.000000 10000.000000 10000.000000 10000.000000 10000.000000
34.000000 35.000000 1.000000 10000.000000 10000.000000 10000.000000 10000.000000
34.000000 36.000000 1.000000 10000.000000 10000.000000 10000.000000 10000.000000
34.000000 37.000000 1.000000 10000.000000 10000.000000 10000.000000 10000.000000
34.000000 38.000000 1.000000 10000.000000 10000.000000 10000.000000 10000.000000
34.000000 39.000000 1.000000 10000.000000 10000.000000 10000.000000 10000.000000
34.000000 40.000000 1.000000 10000.000000 10000.000000 10000.000000 10000.000000
34.000000 41.000000 1.000000 10000.000000 10000.000000 10000.000000 10000.000000
34.000000 42.000000 1.000000 10000.000000 10000.000000 10000.000000 10000.000000
34.000000 43.000000 1.000000 10000.000000 10000.000000 10000.000000 10000.000000
34.000000 44.000000 1.000000 10000.000000 10000.000000 10000.000000 10000.000000
34.000000 45.000000 1.000000 10000.000000 10000.000000 10000.000000 10000.000000
34.000000 46.000000 1.000000 10000.000000 10000.000000 10000.000000 10000.000000
34.000000 47.000000 1.000000 10000.000000 10000.000000 10000.000000 10000.000000
34.000000 48.000000 1.000000 10000.000000 10000.000000 10000.000000 10000.000000
34.000000 49.000000 1.000000 10000.000000 10000.000000 10000.000000 10000.000000
35.000000 0.000000 1.000000 10000.000000 10000.000000 10000.000000 10000.000000
35.000000 1.000000 1.000000 10000.000000 10000.000000 10000.000000 10000.000000
35.000000 2.000000 1.000000 9995.000000 10000.000000 9995.000000 9995.000000
35.000000 3.000000 1.000000 9923.000000 10000.000000 9923.000000 9923.000000
35.000000 4.000000 1.000000 9693.000000 10000.000000 9693.000000 9693.000000
35.000000 5.000000 1.000000 8980.000000 10000.000000 8980.000000 8980.000000
35.000000 6.000000 1.000000 7535.000000 10000.000000 7535.000000 7535.000000
35.000000 7.000000 1.000000 6074.000000 10000.000000 6074.000000 6074.000000
35.000000 8.000000 1.000000 5071.000000 10000.000000 5071.000000 5071.000000
35.000000 9.000000 1.000000 4701.000000 10000.000000 4701.000000 4701.000000
35.000000 10.000000 1.000000 5106.000000 10000.000000 5106.000000 5106.000000
35.000000 11.000000 1.000000 6346.000000 10000.000000 6346.000000 6346.000000
35.000000 12.000000 1.000000 7750.000000 10000.000000 7750.000000 7750.000000
35.000000 13.000000 1.000000 8845.000000 10000.000000 8845.000000 8845.000000
35.000000 14.000000 1.000000 9493.000000 10000.000000 9493.000000 9493.000000
35.000000 15.000000 1.000000 9775.000000 10000.000000 9775.000000 9775.000000
35.000000 16.000000 1.000000 9910.000000 10000.000000 9910.000000 9910.000000
35.000000 17.000000 1.000000 9968.000000 10000.000000 9968.000000 9968.000000
35.000000 18.000000 1.000000 9993.000000 10000.000000 9993.000000 9993.000000
35.000000 19.000000 1.000000 9997.000000 10000.000000 9997.000000 9997.000000
35.000000 20.000000 1.000000 10000.000000 10000.000000 10000.000000 10000.000000
35.000000 21.000000 1.000000 10000.000000 10000.000000 10000.000000 10000.000000
35.000000 22.000000 1.000000 10000.000000 10000.000000 10000.000000 10000.000000
35.000000 23.000000 1.000000 10000.000000 10000.000000 10000.000000 10000.000000
35.000000 24.000000 1.000000 10000.000000 10000.000000 10000.000000 10000.000000
35.000000 25.000000 1.000000 10000.000000 10000.000000 10000.000000 10000.000000
35.000000 26.000000 1.000000 10000.000000 10000.000000 10000.000000 10000.000000
35.000000 27.000000 1.000000 10000.000000 10000.000000 10000.000000 10000.000000
35.000000 28.000000 1.000000 10000.000000 10000.000000 10000.000000 10000.000000
35.000000 29.000000 1.000000 10000.000000 10000.000000 10000.000000 10000.000000
35.000000 30.000000 1.000000 10000.000000 10000.000000 10000.000000 10000.000000
35.000000 31.000000 1.000000 10000.000000 10000.000000 10000.000000 10000.000000
35.000000 32.000000 1.000000 10000.000000 10000.000000 10000.000000 10000.000000
35.000000 33.000000 1.000000 10000.000000 10000.000000 10000.000000 10000.000000
35.000000 34.000000 1.000000 10000.000000 10000.000000 10000.000000 10000.000000
35.000000 35.000000 1.000000 10000.000000 10000.000000 10000.000000 10000.000000
35.000000 36.000000 1.000000 10000.000000 10000.000000 10000.000000 10000.000000
35.000000 37.000000 1.000000 10000.000000 10000.000000 10000.000000 10000.000000
35.000000 38.000000 1.000000 10000.000000 10000.000000 10000.000000 10000.000000
35.000000 39.000000 1.000000 10000.000000 10000.000000 10000.000000 10000.000000
35.000000 40.000000 1.000000 10000.000000 10000.000000 10000.000000 10000.000000
35.000000 41.000000 1.000000 10000.000000 10000.000000 10000.000000 10000.000000
35.000000 42.000000 1.000000 10000.000000 10000.000000 10000.000000 10000.000000
35.000000 43.000000 1.000000 10000.000000 10000.000000 10000.000000 10000.000000
35.000000 44.000000 1.000000 10000.000000 10000.000000 10000.000000 10000.000000
35.000000 45.000000 1.000000 10000.000000 10000.000000 10000.000000 10000.000000
35.000000 46.000000 1.000000 10000.000000 10000.000000 10000.000000 10000.000000
35.000000 47.000000 1.000000 10000.000000 10000.000000 10000.000000 10000.000000
35.000000 48.000000 1.000000 10000.000000 10000.000000 10000.000000 10000.000000
35.000000 49.000000 1.000000 10000.000000 10000.000000 10000.000000 10000.000000
36.000000 0.000000 1.000000 10000.000000 10000.000000 10000.000000 10000.000000
36.000000 1.000000 1.000000 10000.000000 10000.000000 10000.000000 10000.000000
36.000000 2.000000 1.000000 9999.000000 10000.000000 9999.000000 9999.000000
36.000000 3.000000 1.000000 9999.000000 10000.000000 9999.000000 9999.000000
36.000000 4.000000 1.000000 9999.000000 10000.000000 9999.000000 9999.000000
36.000000 5.000000 1.000000 9999.000000 10000.000000 9999.000000 9999.000000
36.000000 6.000000 1.000000 9999.000000 10000.000000 9999.000000 9999.000000
36.000000 7.000000 1.000000 10000.000000 10000.000000 10000.000000 10000.000000
36.000000 8.000000 1.000000 10000.000000 10000.000000 10000.000000 10000.000000
36.000000 9.000000 1.000000 10000.000000 10000.000000 10000.000000 10000.000000
36.000000 10.000000 1.000000 10000.000000 10000.000000 10000.000000 10000.000000
36.000000 11.000000 1.000000 10000.000000 10000.000000 10000.000000 10000.000000
36.000000 12.000000 1.000000 10000.000000 10000.000000 10000.000000 10000.000000
36.000000 13.000000 1.000000 10000.000000 10000.000000 10000.000000 10000.000000
36.000000 14.000000 1.000000 10000.000000 10000.000000 10000.000000 10000.000000
36.000000 15.000000 1.000000 10000.000000 10000.000000 10000.000000 10000.000000
36.000000 16.000000 1.000000 10000.000000 10000.000000 10000.000000 10000.000000
36.000000 17.000000 1.000000 10000.000000 10000.000000 10000.000000 10000.000000
36.000000 18.000000 1.000000 10000.000000 10000.000000 10000.000000 10000.000000
36.000000 19.000000 1.000000 10000.000000 10000.000000 10000.000000 10000.000000
36.000000 20.000000 1.000000 10000.000000 10000.000000 10000.000000 10000.000000
36.000000 21.000000 1.000000 10000.000000 10000.000000 10000.000000 10000.000000
36.000000 22.000000 1.000000 10000.000000 10000.000000 10000.000000 10000.000000
36.000000 23.000000 1.000000 10000.000000 10000.000000 10000.000000 10000.000000
36.000000 24.000000 1.000000 10000.000000 10000.000000 10000.000000 10000.000000
36.000000 25.000000 1.000000 10000.000000 10000.000000 10000.000000 10000.000000
36.000000 26.000000 1.000000 10000.000000 10000.000000 10000.000000 10000.000000
36.000000 27.000000 1.000000 10000.000000 10000.000000 10000.000000 10000.000000
36.000000 28.000000 1.000000 10000.000000 10000.000000 10000.000000 10000.000000
36.000000 29.000000 1.000000 10000.000000 10000.000000 10000.000000 10000.000000
36.000000 30.000000 1.000000 10000.000000 10000.000000 10000.000000 10000.000000
36.000000 31.000000 1.000000 10000.000000 10000.000000 10000.000000 10000.000000
36.000000 32.000000 1.000000 10000.000000 10000.000000 10000.000000 10000.000000
36.000000 33.000000 1.000000 10000.000000 10000.000000 10000.000000 10000.000000
36.000000 34.000000 1.000000 10000.000000 10000.000000 10000.000000 10000.000000
36.000000 35.000000 1.000000 10000.000000 10000.000000 10000.000000 10000.000000
36.000000 36.000000 1.000000 10000.000000 10000.000000 10000.000000 10000.000000
36.000000 37.000000 1.000000 10000.000000 10000.000000 10000.000000 10000.000000
36.000000 38.000000 1.000000 10000.000000 10000.000000 10000.000000 10000.000000
36.000000 39.000000 1.000000 10000.000000 10000.000000 10000.000000 10000.000000
36.000000 40.000000 1.000000 10000.000000 10000.000000 10000.000000 10000.000000
36.000000 41.000000 1.000000 10000.000000 10000.000000 10000.000000 10000.000000
36.000000 42.000000 1.000000 10000.000000 10000.000000 10000.000000 10000.000000
36.000000 43.000000 1.000000 10000.000000 10000.000000 10000.000000 10000.000000
36.000000 44.000000 1.000000 10000.000000 10000.000000 10000.000000 10000.000000
36.000000 45.000000 1.000000 10000.000000 10000.000000 10000.000000 10000.000000
36.000000 46.000000 1.000000 10000.000000 10000.000000 10000.000000 10000.000000
36.000000 47.000000 1.000000 10000.000000 10000.000000 10000.000000 10000.000000
36.000000 48.000000 1.000000 10000.000000 10000.000000 10000.000000 10000.000000
36.000000 49.000000 1.000000 10000.000000 10000.000000 10000.000000 10000.000000
37.000000 0.000000 1.000000 10000.000000 10000.000000 10000.000000 10000.000000
37.000000 1.000000 1.000000 10000.000000 10000.000000 10000.000000 10000.000000
37.000000 2.000000 1.000000 9999.000000 10000.000000 9999.000000 9999.000000
37.000000 3.000000 1.000000 9999.000000 10000.000000 9999.000000 9999.000000
37.000000 4.000000 1.000000 9999.000000 10000.000000 9999.000000 9999.000000
37.000000 5.000000 1.000000 9999.000000 10000.000000 9999.000000 9999.000000
37.000000 6.000000 1.000000 9999.000000 10000.000000 9999.000000 9999.000000
37.000000 7.000000 1.000000 10000.000000 10000.000000 10000.000000 10000.000000
37.000000 8.000000 1.000000 10000.000000 10000.000000 10000.000000 10000.000000
37.000000 9.000000 1.000000 10000.000000 10000.000000 10000.000000 10000.000000
37.000000 10.000000 1.000000 10000.000000 10000.000000 10000.000000 10000.000000
37.000000 11.000000 1.000000 10000.000000 10000.000000 10000.000000 10000.000000
37.000000 12.000000 1.000000 10000.000000 10000.000000 10000.000000 10000.000000
37.000000 13.000000 1.000000 10000.000000 10000.000000 10000.000000 10000.000000
37.000000 14.000000 1.000000 10000.000000 10000.000000 10000.000000 10000.000000
37.000000 15.000000 1.000000 10000.000000 10000.000000 10000.000000 10000.000000
37.000000 16.000000 1.000000 10000.000000 10000.000000 10000.000000 10000.000000
37.000000 17.000000 1.000000 10000.000000 10000.000000 10000.000000 10000.000000
37.000000 18.000000 1.000000 10000.000000 10000.000000 10000.000000 10000.000000
37.000000 19.000000 1.000000 10000.000000 10000.000000 10000.000000 10000.000000
37.000000 20.000000 1.000000 10000.000000 10000.000000 10000.000000 10000.000000
37.000000 21.000000 1.000000 10000.000000 10000.000000 10000.000000 10000.000000
37.000000 22.000000 1.000000 10000.000000 10000.000000 10000.000000 10000.000000
37.000000 23.000000 1.000000 10000.000000 10000.000000 10000.000000 10000.000000
37.000000 24.000000 1.000000 10000.000000 10000.000000 10000.000000 10000.000000
37.000000 25.000000 1.000000 10000.000000 10000.000000 10000.000000 10000.000000
37.000000 26.000000 1.000000 10000.000000 10000.000000 10000.000000 10000.000000
37.000000 27.000000 1.000000 10000.000000 10000.000000 10000.000000 10000.000000
37.000000 28.000000 1.000000 10000.000000 10000.000000 10000.000000 10000.000000
37.000000 29.000000 1.000000 10000.000000 10000.000000 10000.000000 10000.000000
37.000000 30.000000 1.000000 10000.000000 10000.000000 10000.000000 10000.000000
37.000000 31.000000 1.000000 10000.000000 10000.000000 10000.000000 10000.000000
37.000000 32.000000 1.000000 10000.000000 10000.000000 10000.000000 10000.000000
37.000000 33.000000 1.000000 10000.000000 10000.000000 10000.000000 10000.000000
37.000000 34.000000 1.000000 10000.000000 10000.000000 10000.000000 10000.000000
37.000000 35.000000 1.000000 10000.000000 10000.000000 10000.000000 10000.000000
37.000000 36.000000 1.000000 10000.000000 10000.000000 10000.000000 10000.000000
37.000000 37.000000 1.000000 10000.000000 10000.000000 10000.000000 10000.000000
37.000000 38.000000 1.000000 10000.000000 10000.000000 10000.000000 10000.000000
37.000000 39.000000 1.000000 10000.000000 10000.000000 10000.000000 10000.000000
37.000000 40.000000 1.000000 10000.000000 10000.000000 10000.000000 10000.000000
37.000000 41.000000 1.000000 10000.000000 10000.000000 10000.000000 10000.000000
37.000000 42.000000 1.000000 10000.000000 10000.000000 10000.000000 10000.000000
37.000000 43.000000 1.000000 10000.000000 10000.000000 10000.000000 10000.000000
37.000000 44.000000 1.000000 10000.000000 10000.000000 10000.000000 10000.000000
37.000000 45.000000 1.000000 10000.000000 10000.000000 10000.000000 10000.000000
37.000000 46.000000 1.000000 10000.000000 10000.000000 10000.000000 10000.000000
37.000000 47.000000 1.000000 10000.000000 10000.000000 10000.000000 10000.000000
37.000000 48.000000 1.000000 10000.000000 10000.000000 10000.000000 10000.000000
37.000000 49.000000 1.000000 10000.000000 10000.000000 10000.000000 10000.000000
38.000000 0.000000 1.000000 10000.000000 10000.000000 10000.000000 10000.000000
38.000000 1.000000 1.000000 10000.000000 10000.000000 10000.000000 10000.000000
38.000000 2.000000 1.000000 9999.000000 10000.000000 9999.000000 9999.000000
38.000000 3.000000 1.000000 9999.000000 10000.000000 9999.000000 9999.000000
38.000000 4.000000 1.000000 9999.000000 10000.000000 9999.000000 9999.000000
38.000000 5.000000 1.000000 9999.000000 10000.000000 9999.000000 9999.000000
38.000000 6.000000 1.000000 9999.000000 10000.000000 9999.000000 9999.000000
38.000000 7.000000 1.000000 10000.000000 10000.000000 10000.000000 10000.000000
38.000000 8.000000 1.000000 10000.000000 10000.000000 10000.000000 10000.000000
38.000000 9.000000 1.000000 10000.000000 10000.000000 10000.000000 10000.000000
38.000000 10.000000 1.000000 10000.000000 10000.000000 10000.000000 10000.000000
38.000000 11.000000 1.000000 10000.000000 10000.000000 10000.000000 10000.000000
38.000000 12.000000 1.000000 10000.000000 10000.000000 10000.000000 10000.000000
38.000000 13.000000 1.000000 10000.000000 10000.000000 10000.000000 10000.000000
38.000000 14.000000 1.000000 10000.000000 10000.000000 10000.000000 10000.000000
38.000000 15.000000 1.000000 10000.000000 10000.000000 10000.000000 10000.000000
38.000000 16.000000 1.000000 10000.000000 10000.000000 10000.000000 10000.000000
38.000000 17.000000 1.000000 10000.000000 10000.000000 10000.000000 10000.000000
38.000000 18.000000 1.000000 10000.000000 10000.000000 10000.000000 10000.000000
38.000000 19.000000 1.000000 10000.000000 10000.000000 10000.000000 10000.000000
38.000000 20.000000 1.000000 10000.000000 10000.000000 10000.000000 10000.000000
38.000000 21.000000 1.000000 10000.000000 10000.000000 10000.000000 10000.000000
38.000000 22.000000 1.000000 10000.000000 10000.000000 10000.000000 10000.000000
38.000000 23.000000 1.000000 10000.000000 10000.000000 10000.000000 10000.000000
38.000000 24.000000 1.000000 10000.000000 10000.000000 10000.000000 10000.000000
38.000000 25.000000 1.000000 10000.000000 10000.000000 10000.000000 10000.000000
38.000000 26.000000 1.000000 10000.000000 10000.000000 10000.000000 10000.000000
38.000000 27.000000 1.000000 10000.000000 10000.000000 10000.000000 10000.000000
38.000000 28.000000 1.000000 10000.000000 10000.000000 10000.000000 10000.000000
38.000000 29.000000 1.000000 10000.000000 10000.000000 10000.000000 10000.000000
38.000000 30.000000 1.000000 10000.000000 10000.000000 10000.000000 10000.000000
38.000000 31.000000 1.000000 10000.000000 10000.000000 10000.000000 10000.000000
38.000000 32.000000 1.000000 10000.000000 10000.000000 10000.000000 10000.000000
38.000000 33.000000 1.000000 10000.000000 10000.000000 10000.000000 10000.000000
38.000000 34.000000 1.000000 10000.000000 10000.000000 10000.000000 10000.000000
38.000000 35.000000 1.000000 10000.000000 10000.000000 10000.000000 10000.000000
38.000000 36.000000 1.000000 10000.000000 10000.000000 10000.000000 10000.000000
38.000000 37.000000 1.000000 10000.000000 10000.000000 10000.000000 10000.000000
38.000000 38.000000 1.000000 10000.000000 10000.000000 10000.000000 10000.000000
38.000000 39.000000 1.000000 10000.000000 10000.000000 10000.000000 10000.000000
38.000000 40.000000 1.000000 10000.000000 10000.000000 10000.000000 10000.000000
38.000000 41.000000 1.000000 10000.000000 10000.000000 10000.000000 10000.000000
38.000000 42.000000 1.000000 10000.000000 10000.000000 10000.000000 10000.000000
38.000000 43.000000 1.000000 10000.000000 10000.000000 10000.000000 10000.000000
38.000000 44.000000 1.000000 10000.000000 10000.000000 10000.000000 10000.000000
38.000000 45.000000 1.000000 10000.000000 10000.000000 10000.000000 10000.000000
38.000000 46.000000 1.000000 10000.000000 10000.000000 10000.000000 10000.000000
38.000000 47.000000 1.000000 10000.000000 10000.000000 10000.000000 10000.000000
38.000000 48.000000 1.000000 10000.000000 10000.000000 10000.000000 10000.000000
38.000000 49.000000 1.000000 10000.000000 10000.000000 10000.000000 10000.000000
39.000000 0.000000 1.000000 10000.000000 10000.000000 10000.000000 10000.000000
39.000000 1.000000 1.000000 10000.000000 10000.000000 10000.000000 10000.000000
39.000000 2.000000 1.000000 9999.000000 10000.000000 9999.000000 9999.000000
39.000000 3.000000 1.000000 9999.000000 10000.000000 9999.000000 9999.000000
39.000000 4.000000 1.000000 9999.000000 10000.000000 9999.000000 9999.000000
39.000000 5.000000 1.000000 9999.000000 10000.000000 9999.000000 9999.000000
39.000000 6.000000 1.000000 9999.000000 10000.000000 9999.000000 9999.000000
39.000000 7.000000 1.000000 10000.000000 10000.000000 10000.000000 10000.000000
39.000000 8.000000 1.000000 10000.000000 10000.000000 10000.000000 10000.000000
39.000000 9.000000 1.000000 10000.000000 10000.000000 10000.000000 10000.000000
39.000000 10.000000 1.000000 10000.000000 10000.000000 10000.000000 10000.000000
39.000000 11.000000 1.000000 10000.000000 10000.000000 10000.000000 10000.000000
39.000000 12.000000 1.000000 10000.000000 10000.000000 10000.000000 10000.000000
39.000000 13.000000 1.000000 10000.000000 10000.000000 10000.000000 10000.000000
39.000000 14.000000 1.000000 10000.000000 10000.000000 10000.000000 10000.000000
39.000000 15.000000 1.000000 10000.000000 10000.000000 10000.000000 10000.000000
39.000000 16.000000 1.000000 10000.000000 10000.000000 10000.000000 10000.000000
39.000000 17.000000 1.000000 10000.000000 10000.000000 10000.000000 10000.000000
39.000000 18.000000 1.000000 10000.000000 10000.000000 10000.000000 10000.000000
39.000000 19.000000 1.000000 10000.000000 10000.000000 10000.000000 10000.000000
39.000000 20.000000 1.000000 10000.000000 10000.000000 10000.000000 10000.000000
39.000000 21.000000 1.000000 10000.000000 10000.000000 10000.000000 10000.000000
39.000000 22.000000 1.000000 10000.000000 10000.000000 10000.000000 10000.000000
39.000000 23.000000 1.000000 10000.000000 10000.000000 10000.000000 10000.000000
39.000000 24.000000 1.000000 10000.000000 10000.000000 10000.000000 10000.000000
39.000000 25.000000 1.000000 10000.000000 10000.000000 10000.000000 10000.000000
39.000000 26.000000 1.000000 10000.000000 10000.000000 10000.000000 10000.000000
39.000000 27.000000 1.000000 10000.000000 10000.000000 10000.000000 10000.000000
39.000000 28.000000 1.000000 10000.000000 10000.000000 10000.000000 10000.000000
39.000000 29.000000 1.000000 10000.000000 10000.000000 10000.000000 10000.000000
39.000000 30.000000 1.000000 10000.000000 10000.000000 10000.000000 10000.000000
39.000000 31.000000 1.000000 10000.000000 10000.000000 10000.000000 10000.000000
39.000000 32.000000 1.000000 10000.000000 10000.000000 10000.000000 10000.000000
39.000000 33.000000 1.000000 10000.000000 10000.000000 10000.000000 10000.000000
39.000000 34.000000 1.000000 10000.000000 10000.000000 10000.000000 10000.000000
39.000000 35.000000 1.000000 10000.000000 10000.000000 10000.000000 10000.000000
39.000000 36.000000 1.000000 10000.000000 10000.000000 10000.000000 10000.000000
39.000000 37.000000 1.000000 10000.000000 10000.000000 10000.000000 10000.000000
39.000000 38.000000 1.000000 10000.000000 10000.000000 10000.000000 10000.000000
39.000000 39.000000 1.000000 10000.000000 10000.000000 10000.000000 10000.000000
39.000000 40.000000 1.000000 10000.000000 10000.000000 10000.000000 10000.000000
39.000000 41.000000 1.000000 10000.000000 10000.000000 10000.000000 10000.000000
39.000000 42.000000 1.000000 10000.000000 10000.000000 10000.000000 10000.000000
39.000000 43.000000 1.000000 10000.000000 10000.000000 10000.000000 10000.000000
39.000000 44.000000 1.000000 10000.000000 10000.000000 10000.000000 10000.000000
39.000000 45.000000 1.000000 10000.000000 10000.000000 10000.000000 10000.000000
39.000000 46.000000 1.000000 10000.000000 10000.000000 10000.000000 10000.000000
39.000000 47.000000 1.000000 10000.000000 10000.000000 10000.000000 10000.000000
39.000000 48.000000 1.000000 10000.000000 10000.000000 10000.000000 10000.000000
39.000000 49.000000 1.000000 10000.000000 10000.000000 10000.000000 10000.000000
40.000000 0.000000 1.000000 10000.000000 10000.000000 10000.000000 10000.000000
40.000000 1.000000 1.000000 10000.000000 10000.000000 10000.000000 10000.000000
40.000000 2.000000 1.000000 9999.000000 10000.000000 9999.000000 9999.000000
40.000000 3.000000 1.000000 9999.000000 10000.000000 9999.000000 9999.000000
40.000000 4.000000 1.000000 9999.000000 10000.000000 9999.000000 9999.000000
40.000000 5.000000 1.000000 9999.000000 10000.000000 9999.000000 9999.000000
40.000000 6.000000 1.000000 9999.000000 10000.000000 9999.000000 9999.000000
40.000000 7.000000 1.000000 10000.000000 10000.000000 10000.000000 10000.000000
40.000000 8.000000 1.000000 10000.000000 10000.000000 10000.000000 10000.000000
40.000000 9.000000 1.000000 10000.000000 10000.000000 10000.000000 10000.000000
40.000000 10.000000 1.000000 10000.000000 10000.000000 10000.000000 10000.000000
40.000000 11.000000 1.000000 10000.000000 10000.000000 10000.000000 10000.000000
40.000000 12.000000 1.000000 10000.000000 10000.000000 10000.000000 10000.000000
40.000000 13.000000 1.000000 10000.000000 10000.000000 10000.000000 10000.000000
40.000000 14.000000 1.000000 10000.000000 10000.000000 10000.000000 10000.000000
40.000000 15.000000 1.000000 10000.000000 10000.000000 10000.000000 10000.000000
40.000000 16.000000 1.000000 10000.000000 10000.000000 10000.000000 10000.000000
40.000000 17.000000 1.000000 10000.000000 10000.000000 10000.000000 10000.000000
40.000000 18.000000 1.000000 10000.000000 10000.000000 10000.000000 10000.000000
40.000000 19.000000 1.000000 10000.000000 10000.000000 10000.000000 10000.000000
40.000000 20.000000 1.000000 10000.000000 10000.000000 10000.000000 10000.000000
40.000000 21.000000 1.000000 10000.000000 10000.000000 10000.000000 10000.000000
40.000000 22.000000 1.000000 10000.000000 10000.000000 10000.000000 10000.000000
40.000000 23.000000 1.000000 10000.000000 10000.000000 10000.000000 10000.000000
40.000000 24.000000 1.000000 10000.000000 10000.000000 10000.000000 10000.000000
40.000000 25.000000 1.000000 10000.000000 10000.000000 10000.000000 10000.000000
40.000000 26.000000 1.000000 10000.000000 10000.000000 10000.000000 10000.000000
40.000000 27.000000 1.000000 10000.000000 10000.000000 10000.000000 10000.000000
40.000000 28.000000 1.000000 10000.000000 10000.000000 10000.000000 10000.000000
40.000000 29.000000 1.000000 10000.000000 10000.000000 10000.000000 10000.000000
40.000000 30.000000 1.000000 10000.000000 10000.000000 10000.000000 10000.000000
40.000000 31.000000 1.000000 10000.000000 10000.000000 10000.000000 10000.000000
40.000000 32.000000 1.000000 10000.000000 10000.000000 10000.000000 10000.000000
40.000000 33.000000 1.000000 10000.000000 10000.000000 10000.000000 10000.000000
40.000000 34.000000 1.000000 10000.000000 10000.000000 10000.000000 10000.000000
40.000000 35.000000 1.000000 10000.000000 10000.000000 10000.000000 10000.000000
40.000000 36.000000 1.000000 10000.000000 10000.000000 10000.000000 10000.000000
40.000000 37.000000 1.000000 10000.000000 10000.000000 10000.000000 10000.000000
40.000000 38.000000 1.000000 10000.000000 10000.000000 10000.000000 10000.000000
40.000000 39.000000 1.000000 10000.000000 10000.000000 10000.000000 10000.000000
40.000000 40.000000 1.000000 10000.000000 10000.000000 10000.000000 10000.000000
40.000000 41.000000 1.000000 10000.000000 10000.000000 10000.000000 10000.000000
40.000000 42.000000 1.000000 10000.000000 10000.000000 10000.000000 10000.000000
40.000000 43.000000 1.000000 10000.000000 10000.000000 10000.000000 10000.000000
40.000000 44.000000 1.000000 10000.000000 10000.000000 10000.000000 10000.000000
40.000000 45.000000 1.000000 10000.000000 10000.000000 10000.000000 10000.000000
40.000000 46.000000 1.000000 10000.000000 10000.000000 10000.000000 10000.000000
40.000000 47.000000 1.000000 10000.000000 10000.000000 10000.000000 10000.000000
40.000000 48.000000 1.000000 10000.000000 10000.000000 10000.000000 10000.000000
40.000000 49.000000 1.000000 10000.000000 10000.000000 10000.000000 10000.000000
41.000000 0.000000 1.000000 10000.000000 10000.000000 10000.000000 10000.000000
41.000000 1.000000 1.000000 10000.000000 10000.000000 10000.000000 10000.000000
41.000000 2.000000 1.000000 10000.000000 10000.000000 10000.000000 10000.000000
41.000000 3.000000 1.000000 10000.000000 10000.000000 10000.000000 10000.000000
41.000000 4.000000 1.000000 9998.000000 10000.000000 9998.000000 9998.000000
41.000000 5.000000 1.000000 9994.000000 10000.000000 9994.000000 9994.000000
41.000000 6.000000 1.000000 9943.000000 10000.000000 9943.000000 9943.000000
41.000000 7.000000 1.000000 9700.000000 10000.000000 9700.000000 9700.000000
41.000000 8.000000 1.000000 8843.000000 10000.000000 8843.000000 8843.000000
41.000000 9.000000 1.000000 7409.000000 10000.000000 7409.000000 7409.000000
41.000000 10.000000 1.000000 5927.000000 10000.000000 5927.000000 5927.000000
41.000000 11.000000 1.000000 4994.000000 10000.000000 4994.000000 4994.000000
41.000000 12.000000 1.000000 4723.000000 10000.000000 4723.000000 4723.000000
41.000000 13.000000 1.000000 5293.000000 10000.000000 5293.000000 5293.000000
41.000000 14.000000 1.000000 6579.000000 10000.000000 6579.000000 6579.000000
41.000000 15.000000 1.000000 8005.000000 10000.000000 8005.000000 8005.000000
41.000000 16.000000 1.000000 9040.000000 10000.000000 9040.000000 9040.000000
41.000000 17.000000 1.000000 9572.000000 10000.000000 9572.000000 9572.000000
41.000000 18.000000 1.000000 9814.000000 10000.000000 9814.000000 9814.000000
41.000000 19.000000 1.000000 9910.000000 10000.000000 9910.000000 9910.000000
41.000000 20.000000 1.000000 9968.000000 10000.000000 9968.000000 9968.000000
41.000000 21.000000 1.000000 9992.000000 10000.000000 9992.000000 9992.000000
41.000000 22.000000 1.000000 9997.000000 10000.000000 9997.000000 9997.000000
41.000000 23.000000 1.000000 9998.000000 10000.000000 9998.000000 9998.000000
41.000000 24.000000 1.000000 9999.000000 10000.000000 9999.000000 9999.000000
41.000000 25.000000 1.000000 10000.000000 10000.000000 10000.000000 10000.000000
41.000000 26.000000 1.000000 10000.000000 10000.000000 10000.000000 10000.000000
41.000000 27.000000 1.000000 10000.000000 10000.000000 10000.000000 10000.000000
41.000000 28.000000 1.000000 10000.000000 10000.000000 10000.000000 10000.000000
41.000000 29.000000 1.000000 10000.000000 10000.000000 10000.000000 10000.000000
41.000000 30.000000 1.000000 10000.000000 10000.000000 10000.000000 10000.000000
41.000000 31.000000 1.000000 10000.000000 10000.000000 10000.000000 10000.000000
41.000000 32.000000 1.000000 10000.000000 10000.000000 10000.000000 10000.000000
41.000000 33.000000 1.000000 10000.000000 10000.000000 10000.000000 10000.000000
41.000000 34.000000 1.000000 10000.000000 10000.000000 10000.000000 10000.000000
41.000000 35.000000 1.000000 10000.000000 10000.000000 10000.000000 10000.000000
41.000000 36.000000 1.000000 10000.000000 10000.000000 10000.000000 10000.000000
41.000000 37.000000 1.000000 10000.000000 10000.000000 10000.000000 10000.000000
41.000000 38.000000 1.000000 10000.000000 10000.000000 10000.000000 10000.000000
41.000000 39.000000 1.000000 10000.000000 10000.000000 10000.000000 10000.000000
41.000000 40.000000 1.000000 10000.000000 10000.000000 10000.000000 10000.000000
41.000000 41.000000 1.000000 10000.000000 10000.000000 10000.000000 10000.000000
41.000000 42.000000 1.000000 10000.000000 10000.000000 10000.000000 10000.000000
41.000000 43.000000 1.000000 10000.000000 10000.000000 10000.000000 10000.000000
41.000000 44.000000 1.000000 10000.000000 10000.000000 10000.000000 10000.000000
41.000000 45.000000 1.000000 10000.000000 10000.000000 10000.000000 10000.000000
41.000000 46.000000 1.000000 10000.000000 10000.000000 10000.000000 10000.000000
41.000000 47.000000 1.000000 10000.000000 10000.000000 10000.000000 10000.000000
41.000000 48.000000 1.000000 10000.000000 10000.000000 10000.000000 10000.000000
41.000000 49.000000 1.000000 10000.000000 10000.000000 10000.000000 10000.000000
42.000000 0.000000 1.000000 10000.000000 10000.000000 10000.000000 10000.000000
42.000000 1.000000 1.000000 10000.000000 10000.000000 10000.000000 10000.000000
42.000000 2.000000 1.000000 10000.000000 10000.000000 10000.000000 10000.000000
42.000000 3.000000 1.000000 10000.000000 10000.000000 10000.000000 10000.000000
42.000000 4.000000 1.000000 10000.000000 10000.000000 10000.000000 10000.000000
42.000000 5.000000 1.000000 10000.000000 10000.000000 10000.000000 10000.000000
42.000000 6.000000 1.000000 10000.000000 10000.000000 10000.000000 10000.000000
42.000000 7.000000 1.000000 10000.000000 10000.000000 10000.000000 10000.000000
42.000000 8.000000 1.000000 10000.000000 10000.000000 10000.000000 10000.000000
42.000000 9.000000 1.000000 10000.000000 10000.000000 10000.000000 10000.000000
42.000000 10.000000 1.000000 10000.000000 10000.000000 10000.000000 10000.000000
42.000000 11.000000 1.000000 10000.000000 10000.000000 10000.000000 10000.000000
42.000000 12.000000 1.000000 10000.000000 10000.000000 10000.000000 10000.000000
42.000000 13.000000 1.000000 10000.000000 10000.000000 10000.000000 10000.000000
42.000000 14.000000 1.000000 10000.000000 10000.000000 10000.000000 10000.000000
42.000000 15.000000 1.000000 10000.000000 10000.000000 10000.000000 10000.000000
42.000000 16.000000 1.000000 10000.000000 10000.000000 10000.000000 10000.000000
42.000000 17.000000 1.000000 10000.000000 10000.000000 10000.000000 10000.000000
42.000000 18.000000 1.000000 10000.000000 10000.000000 10000.000000 10000.000000
42.000000 19.000000 1.000000 10000.000000 10000.000000 10000.000000 10000.000000
42.000000 20.000000 1.000000 10000.000000 10000.000000 10000.000000 10000.000000
42.000000 21.000000 1.000000 10000.000000 10000.000000 10000.000000 10000.000000
42.000000 22.000000 1.000000 10000.000000 10000.000000 10000.000000 10000.000000
42.000000 23.000000 1.000000 10000.000000 10000.000000 10000.000000 10000.000000
42.000000 24.000000 1.000000 10000.000000 10000.000000 10000.000000 10000.000000
42.000000 25.000000 1.000000 10000.000000 10000.000000 10000.000000 10000.000000
42.000000 26.000000 1.000000 10000.000000 10000.000000 10000.000000 10000.000000
42.000000 27.000000 1.000000 10000.000000 10000.000000 10000.000000 10000.000000
42.000000 28.000000 1.000000 10000.000000 10000.000000 10000.000000 10000.000000
42.000000 29.000000 1.000000 10000.000000 10000.000000 10000.000000 10000.000000
42.000000 30.000000 1.000000 10000.000000 10000.000000 10000.000000 10000.000000
42.000000 31.000000 1.000000 10000.000000 10000.000000 10000.000000 10000.000000
42.000000 32.000000 1.000000 10000.000000 10000.000000 10000.000000 10000.000000
42.000000 33.000000 1.000000 10000.000000 10000.000000 10000.000000 10000.000000
42.000000 34.000000 1.000000 10000.000000 10000.000000 10000.000000 10000.000000
42.000000 35.000000 1.000000 10000.000000 10000.000000 10000.000000 10000.000000
42.000000 36.000000 1.000000 10000.000000 10000.000000 10000.000000 10000.000000
42.000000 37.000000 1.000000 10000.000000 10000.000000 10000.000000 10000.000000
42.000000 38.000000 1.000000 10000.000000 10000.000000 10000.000000 10000.000000
42.000000 39.000000 1.000000 10000.000000 10000.000000 10000.000000 10000.000000
42.000000 40.000000 1.000000 10000.000000 10000.000000 10000.000000 10000.000000
42.000000 41.000000 1.000000 10000.000000 10000.000000 10000.000000 10000.000000
42.000000 42.000000 1.000000 10000.000000 10000.000000 10000.000000 10000.000000
42.000000 43.000000 1.000000 10000.000000 10000.000000 10000.000000 10000.000000
42.000000 44.000000 1.000000 10000.000000 10000.000000 10000.000000 10000.000000
42.000000 45.000000 1.000000 10000.000000 10000.000000 10000.000000 10000.000000
42.000000 46.000000 1.000000 10000.000000 10000.000000 10000.000000 10000.000000
42.000000 47.000000 1.000000 10000.000000 10000.000000 10000.000000 10000.000000
42.000000 48.000000 1.000000 10000.000000 10000.000000 10000.000000 10000.000000
42.000000 49.000000 1.000000 10000.000000 10000.000000 10000.000000 10000.000000
43.000000 0.000000 1.000000 10000.000000 10000.000000 10000.000000 10000.000000
43.000000 1.000000 1.000000 10000.000000 10000.000000 10000.000000 10000.000000
43.000000 2.000000 1.000000 9999.000000 10000.000000 9999.000000 9999.000000
43.000000 3.000000 1.000000 9999.000000 10000.000000 9999.000000 9999.000000
43.000000 4.000000 1.000000 9999.000000 10000.000000 9999.000000 9999.000000
43.000000 5.000000 1.000000 9999.000000 10000.000000 9999.000000 9999.000000
43.000000 6.000000 1.000000 9999.000000 10000.000000 9999.000000 9999.000000
43.000000 7.000000 1.000000 10000.000000 10000.000000 10000.000000 10000.000000
43.000000 8.000000 1.000000 10000.000000 10000.000000 10000.000000 10000.000000
43.000000 9.000000 1.000000 10000.000000 10000.000000 10000.000000 10000.000000
43.000000 10.000000 1.000000 10000.000000 10000.000000 10000.000000 10000.000000
43.000000 11.000000 1.000000 10000.000000 10000.000000 10000.000000 10000.000000
43.000000 12.000000 1.000000 10000.000000 10000.000000 10000.000000 10000.000000
43.000000 13.000000 1.000000 10000.000000 10000.000000 10000.000000 10000.000000
43.000000 14.000000 1.000000 10000.000000 10000.000000 10000.000000 10000.000000
43.000000 15.000000 1.000000 10000.000000 10000.000000 10000.000000 10000.000000
43.000000 16.000000 1.000000 10000.000000 10000.000000 10000.000000 10000.000000
43.000000 17.000000 1.000000 10000.000000 10000.000000 10000.000000 10000.000000
43.000000 18.000000 1.000000 10000.000000 10000.000000 10000.000000 10000.000000
43.000000 19.000000 1.000000 10000.000000 10000.000000 10000.000000 10000.000000
43.000000 20.000000 1.000000 10000.000000 10000.000000 10000.000000 10000.000000
43.000000 21.000000 1.000000 10000.000000 10000.000000 10000.000000 10000.000000
43.000000 22.000000 1.000000 10000.000000 10000.000000 10000.000000 10000.000000
43.000000 23.000000 1.000000 10000.000000 10000.000000 10000.000000 10000.000000
43.000000 24.000000 1.000000 10000.000000 10000.000000 10000.000000 10000.000000
43.000000 25.000000 1.000000 10000.000000 10000.000000 10000.000000 10000.000000
43.000000 26.000000 1.000000 10000.000000 10000.000000 10000.000000 10000.000000
43.000000 27.000000 1.000000 10000.000000 10000.000000 10000.000000 10000.000000
43.000000 28.000000 1.000000 10000.000000 10000.000000 10000.000000 10000.000000
43.000000 29.000000 1.000000 10000.000000 10000.000000 10000.000000 10000.000000
43.000000 30.000000 1.000000 10000.000000 10000.000000 10000.000000 10000.000000
43.000000 31.000000 1.000000 10000.000000 10000.000000 10000.000000 10000.000000
43.000000 32.000000 1.000000 10000.000000 10000.000000 10000.000000 10000.000000
43.000000 33.000000 1.000000 10000.000000 10000.000000 10000.000000 10000.000000
43.000000 34.000000 1.000000 10000.000000 10000.000000 10000.000000 10000.000000
43.000000 35.000000 1.000000 10000.000000 10000.000000 10000.000000 10000.000000
43.000000 36.000000 1.000000 10000.000000 10000.000000 10000.000000 10000.000000
43.000000 37.000000 1.000000 10000.000000 10000.000000 10000.000000 10000.000000
43.000000 38.000000 1.000000 10000.000000 10000.000000 10000.000000 10000.000000
43.000000 39.000000 1.000000 10000.000000 10000.000000 10000.000000 10000.000000
43.000000 40.000000 1.000000 10000.000000 10000.000000 10000.000000 10000.000000
43.000000 41.000000 1.000000 10000.000000 10000.000000 10000.000000 10000.000000
43.000000 42.000000 1.000000 10000.000000 10000.000000 10000.000000 10000.000000
43.000000 43.000000 1.000000 10000.000000 10000.000000 10000.000000 10000.000000
43.000000 44.000000 1.000000 10000.000000 10000.000000 10000.000000 10000.000000
43.000000 45.000000 1.000000 10000.000000 10000.000000 10000.000000 10000.000000
43.000000 46.000000 1.000000 10000.000000 10000.000000 10000.000000 10000.000000
43.000000 47.000000 1.000000 10000.000000 10000.000000 10000.000000 10000.000000
43.000000 48.000000 1.000000 10000.000000 10000.000000 10000.000000 10000.000000
43.000000 49.000000 1.000000 10000.000000 10000.000000 10000.000000 10000.000000
44.000000 0.000000 1.000000 10000.000000 10000.000000 10000.000000 10000.000000
44.000000 1.000000 1.000000 10000.000000 10000.000000 10000.000000 10000.000000
44.000000 2.000000 1.000000 10000.000000 10000.000000 10000.000000 10000.000000
44.000000 3.000000 1.000000 9999.000000 10000.000000 9999.000000 9999.000000
44.000000 4.000000 1.000000 9998.000000 10000.000000 9998.000000 9998.000000
44.000000 5.000000 1.000000 9998.000000 10000.000000 9998.000000 9998.000000
44.000000 6.000000 1.000000 9998.000000 10000.000000 9998.000000 9998.000000
44.000000 7.000000 1.000000 9998.000000 10000.000000 9998.000000 9998.000000
44.000000 8.000000 1.000000 9999.000000 10000.000000 9999.000000 9999.000000
44.000000 9.000000 1.000000 10000.000000 10000.000000 10000.000000 10000.000000
44.000000 10.000000 1.000000 10000.000000 10000.000000 10000.000000 10000.000000
44.000000 11.000000 1.000000 10000.000000 10000.000000 10000.000000 10000.000000
44.000000 12.000000 1.000000 10000.000000 10000.000000 10000.000000 10000.000000
44.000000 13.000000 1.000000 10000.000000 10000.000000 10000.000000 10000.000000
44.000000 14.000000 1.000000 10000.000000 10000.000000 10000.000000 10000.000000
44.000000 15.000000 1.000000 10000.000000 10000.000000 10000.000000 10000.000000
44.000000 16.000000 1.000000 10000.000000 10000.000000 10000.000000 10000.000000
44.000000 17.000000 1.000000 10000.000000 10000.000000 10000.000000 10000.000000
44.000000 18.000000 1.000000 10000.000000 10000.000000 10000.000000 10000.000000
44.000000 19.000000 1.000000 10000.000000 10000.000000 10000.000000 10000.000000
44.000000 20.000000 1.000000 10000.000000 10000.000000 10000.000000 10000.000000
44.000000 21.000000 1.000000 10000.000000 10000.000000 10000.000000 10000.000000
44.000000 22.000000 1.000000 10000.000000 10000.000000 10000.000000 10000.000000
44.000000 23.000000 1.000000 10000.000000 10000.000000 10000.000000 10000.000000
44.000000 24.000000 1.000000 10000.000000 10000.000000 10000.000000 10000.000000
44.000000 25.000000 1.000000 10000.000000 10000.000000 10000.000000 10000.000000
44.000000 26.000000 1.000000 10000.000000 10000.000000 10000.000000 10000.000000
44.000000 27.000000 1.000000 10000.000000 10000.000000 10000.000000 10000.000000
44.000000 28.000000 1.000000 10000.000000 10000.000000 10000.000000 10000.000000
44.000000 29.000000 1.000000 10000.000000 10000.000000 10000.000000 10000.000000
44.000000 30.000000 1.000000 10000.000000 10000.000000 10000.000000 10000.000000
44.000000 31.000000 1.000000 10000.000000 10000.000000 10000.000000 10000.000000
44.000000 32.000000 1.000000 10000.000000 10000.000000 10000.000000 10000.000000
44.000000 33.000000 1.000000 10000.000000 10000.000000 10000.000000 10000.000000
44.000000 34.000000 1.000000 10000.000000 10000.000000 10000.000000 10000.000000
44.000000 35.000000 1.000000 10000.000000 10000.000000 10000.000000 10000.000000
44.000000 36.000000 1.000000 10000.000000 10000.000000 10000.000000 10000.000000
44.000000 37.000000 1.000000 10000.000000 10000.000000 10000.000000 10000.000000
44.000000 38.000000 1.000000 10000.000000 10000.000000 10000.000000 10000.000000
44.000000 39.000000 1.000000 10000.000000 10000.000000 10000.000000 10000.000000
44.000000 40.000000 1.000000 10000.000000 10000.000000 10000.000000 10000.000000
44.000000 41.000000 1.000000 10000.000000 10000.000000 10000.000000 10000.000000
44.000000 42.000000 1.000000 10000.000000 10000.000000 10000.000000 10000.000000
44.000000 43.000000 1.000000 10000.000000 10000.000000 10000.000000 10000.000000
44.000000 44.000000 1.000000 10000.000000 10000.000000 10000.000000 10000.000000
44.000000 45.000000 1.000000 10000.000000 10000.000000 10000.000000 10000.000000
44.000000 46.000000 1.000000 10000.000000 10000.000000 10000.000000 10000.000000
44.000000 47.000000 1.000000 10000.000000 10000.000000 10000.000000 10000.000000
44.000000 48.000000 1.000000 10000.000000 10000.000000 10000.000000 10000.000000
44.000000 49.000000 1.000000 10000.000000 10000.000000 10000.000000 10000.000000
45.000000 0.000000 1.000000 10000.000000 10000.000000 10000.000000 10000.000000
45.000000 1.000000 1.000000 10000.000000 10000.000000 10000.000000 10000.000000
45.000000 2.000000 1.000000 10000.000000 10000.000000 10000.000000 10000.000000
45.000000 3.000000 1.000000 9999.000000 10000.000000 9999.000000 9999.000000
45.000000 4.000000 1.000000 9999.000000 10000.000000 9999.000000 9999.000000
45.000000 5.000000 1.000000 9999.000000 10000.000000 9999.000000 9999.000000
45.000000 6.000000 1.000000 9999.000000 10000.000000 9999.000000 9999.000000
45.000000 7.000000 1.000000 9999.000000 10000.000000 9999.000000 9999.000000
45.000000 8.000000 1.000000 10000.000000 10000.000000 10000.000000 10000.000000
45.000000 9.000000 1.000000 10000.000000 10000.000000 10000.000000 10000.000000
45.000000 10.000000 1.000000 10000.000000 10000.000000 10000.000000 10000.000000
45.000000 11.000000 1.000000 10000.000000 10000.000000 10000.000000 10000.000000
45.000000 12.000000 1.000000 10000.000000 10000.000000 10000.000000 10000.000000
45.000000 13.000000 1.000000 10000.000000 10000.000000 10000.000000 10000.000000
45.000000 14.000000 1.000000 10000.000000 10000.000000 10000.000000 10000.000000
45.000000 15.000000 1.000000 10000.000000 10000.000000 10000.000000 10000.000000
45.000000 16.000000 1.000000 10000.000000 10000.000000 10000.000000 10000.000000
45.000000 17.000000 1.000000 10000.000000 10000.000000 10000.000000 10000.000000
45.000000 18.000000 1.000000 10000.000000 10000.000000 10000.000000 10000.000000
45.000000 19.000000 1.000000 10000.000000 10000.000000 10000.000000 10000.000000
45.000000 20.000000 1.000000 10000.000000 10000.000000 10000.000000 10000.000000
45.000000 21.000000 1.000000 10000.000000 10000.000000 10000.000000 10000.000000
45.000000 22.000000 1.000000 10000.000000 10000.000000 10000.000000 10000.000000
45.000000 23.000000 1.000000 10000.000000 10000.000000 10000.000000 10000.000000
45.000000 24.000000 1.000000 10000.000000 10000.000000 10000.000000 10000.000000
45.000000 25.000000 1.000000 10000.000000 10000.000000 10000.000000 10000.000000
45.000000 26.000000 1.000000 10000.000000 10000.000000 10000.000000 10000.000000
45.000000 27.000000 1.000000 10000.000000 10000.000000 10000.000000 10000.000000
45.000000 28.000000 1.000000 10000.000000 10000.000000 10000.000000 10000.000000
45.000000 29.000000 1.000000 10000.000000 10000.000000 10000.000000 10000.000000
45.000000 30.000000 1.000000 10000.000000 10000.000000 10000.000000 10000.000000
45.000000 31.000000 1.000000 10000.000000 10000.000000 10000.000000 10000.000000
45.000000 32.000000 1.000000 10000.000000 10000.000000 10000.000000 10000.000000
45.000000 33.000000 1.000000 10000.000000 10000.000000 10000.000000 10000.000000
45.000000 34.000000 1.000000 10000.000000 10000.000000 10000.000000 10000.000000
45.000000 35.000000 1.000000 10000.000000 10000.000000 10000.000000 10000.000000
45.000000 36.000000 1.000000 10000.000000 10000.000000 10000.000000 10000.000000
45.000000 37.000000 1.000000 10000.000000 10000.000000 10000.000000 10000.000000
45.000000 38.000000 1.000000 10000.000000 10000.000000 10000.000000 10000.000000
45.000000 39.000000 1.000000 10000.000000 10000.000000 10000.000000 10000.000000
45.000000 40.000000 1.000000 10000.000000 10000.000000 10000.000000 10000.000000
45.000000 41.000000 1.000000 10000.000000 10000.000000 10000.000000 10000.000000
45.000000 42.000000 1.000000 10000.000000 10000.000000 10000.000000 10000.000000
45.000000 43.000000 1.000000 10000.000000 10000.000000 10000.000000 10000.000000
45.000000 44.000000 1.000000 10000.000000 10000.000000 10000.000000 10000.000000
45.000000 45.000000 1.000000 10000.000000 10000.000000 10000.000000 10000.000000
45.000000 46.000000 1.000000 10000.000000 10000.000000 10000.000000 10000.000000
45.000000 47.000000 1.000000 10000.000000 10000.000000 10000.000000 10000.000000
45.000000 48.000000 1.000000 10000.000000 10000.000000 10000.000000 10000.000000
45.000000 49.000000 1.000000 10000.000000 10000.000000 10000.000000 10000.000000
46.000000 0.000000 1.000000 10000.000000 10000.000000 10000.000000 10000.000000
46.000000 1.000000 1.000000 10000.000000 10000.000000 10000.000000 10000.000000
46.000000 2.000000 1.000000 9999.000000 10000.000000 9999.000000 9999.000000
46.000000 3.000000 1.000000 9999.000000 10000.000000 9999.000000 9999.000000
46.000000 4.000000 1.000000 9999.000000 10000.000000 9999.000000 9999.000000
46.000000 5.000000 1.000000 9999.000000 10000.000000 9999.000000 9999.000000
46.000000 6.000000 1.000000 9999.000000 10000.000000 9999.000000 9999.000000
46.000000 7.000000 1.000000 10000.000000 10000.000000 10000.000000 10000.000000
46.000000 8.000000 1.000000 10000.000000 10000.000000 10000.000000 10000.000000
46.000000 9.000000 1.000000 10000.000000 10000.000000 10000.000000 10000.000000
46.000000 10.000000 1.000000 10000.000000 10000.000000 10000.000000 10000.000000
46.000000 11.000000 1.000000 10000.000000 10000.000000 10000.000000 10000.000000
46.000000 12.000000 1.000000 10000.000000 10000.000000 10000.000000 10000.000000
46.000000 13.000000 1.000000 10000.000000 10000.000000 10000.000000 10000.000000
46.000000 14.000000 1.000000 10000.000000 10000.000000 10000.000000 10000.000000
46.000000 15.000000 1.000000 10000.000000 10000.000000 10000.000000 10000.000000
46.000000 16.000000 1.000000 10000.000000 10000.000000 10000.000000 10000.000000
46.000000 17.000000 1.000000 10000.000000 10000.000000 10000.000000 10000.000000
46.000000 18.000000 1.000000 10000.000000 10000.000000 10000.000000 10000.000000
46.000000 19.000000 1.000000 10000.000000 10000.000000 10000.000000 10000.000000
46.000000 20.000000 1.000000 10000.000000 10000.000000 10000.000000 10000.000000
46.000000 21.000000 1.000000 10000.000000 10000.000000 10000.000000 10000.000000
46.000000 22.000000 1.000000 10000.000000 10000.000000 10000.000000 10000.000000
46.000000 23.000000 1.000000 10000.000000 10000.000000 10000.000000 10000.000000
46.000000 24.000000 1.000000 10000.000000 10000.000000 10000.000000 10000.000000
46.000000 25.000000 1.000000 10000.000000 10000.000000 10000.000000 10000.000000
46.000000 26.000000 1.000000 10000.000000 10000.000000 10000.000000 10000.000000
46.000000 27.000000 1.000000 10000.000000 10000.000000 10000.000000 10000.000000
46.000000 28.000000 1.000000 10000.000000 10000.000000 10000.000000 10000.000000
46.000000 29.000000 1.000000 10000.000000 10000.000000 10000.000000 10000.000000
46.000000 30.000000 1.000000 10000.000000 10000.000000 10000.000000 10000.000000
46.000000 31.000000 1.000000 10000.000000 10000.000000 10000.000000 10000.000000
46.000000 32.000000 1.000000 10000.000000 10000.000000 10000.000000 10000.000000
46.000000 33.000000 1.000000 10000.000000 10000.000000 10000.000000 10000.000000
46.000000 34.000000 1.000000 10000.000000 10000.000000 10000.000000 10000.000000
46.000000 35.000000 1.000000 10000.000000 10000.000000 10000.000000 10000.000000
46.000000 36.000000 1.000000 10000.000000 10000.000000 10000.000000 10000.000000
46.000000 37.000000 1.000000 10000.000000 10000.000000 10000.000000 10000.000000
46.000000 38.000000 1.000000 10000.000000 10000.000000 10000.000000 10000.000000
46.000000 39.000000 1.000000 10000.000000 10000.000000 10000.000000 10000.000000
46.000000 40.000000 1.000000 10000.000000 10000.000000 10000.000000 10000.000000
46.000000 41.000000 1.000000 10000.000000 10000.000000 10000.000000 10000.000000
46.000000 42.000000 1.000000 10000.000000 10000.000000 10000.000000 10000.000000
46.000000 43.000000 1.000000 10000.000000 10000.000000 10000.000000 10000.000000
46.000000 44.000000 1.000000 10000.000000 10000.000000 10000.000000 10000.000000
46.000000 45.000000 1.000000 10000.000000 10000.000000 10000.000000 10000.000000
46.000000 46.000000 1.000000 10000.000000 10000.000000 10000.000000 10000.000000
46.000000 47.000000 1.000000 10000.000000 10000.000000 10000.000000 10000.000000
46.000000 48.000000 1.000000 10000.000000 10000.000000 10000.000000 10000.000000
46.000000 49.000000 1.000000 10000.000000 10000.000000 10000.000000 10000.000000
47.000000 0.000000 1.000000 10000.000000 10000.000000 10000.000000 10000.000000
47.000000 1.000000 1.000000 10000.000000 10000.000000 10000.000000 10000.000000
47.000000 2.000000 1.000000 10000.000000 10000.000000 10000.000000 10000.000000
47.000000 3.000000 1.000000 10000.000000 10000.000000 10000.000000 10000.000000
47.000000 4.000000 1.000000 10000.000000 10000.000000 10000.000000 10000.000000
47.000000 5.000000 1.000000 10000.000000 10000.000000 10000.000000 10000.000000
47.000000 6.000000 1.000000 10000.000000 10000.000000 10000.000000 10000.000000
47.000000 7.000000 1.000000 10000.000000 10000.000000 10000.000000 10000.000000
47.000000 8.000000 1.000000 10000.000000 10000.000000 10000.000000 10000.000000
47.000000 9.000000 1.000000 10000.000000 10000.000000 10000.000000 10000.000000
47.000000 10.000000 1.000000 10000.000000 10000.000000 10000.000000 10000.000000
47.000000 11.000000 1.000000 10000.000000 10000.000000 10000.000000 10000.000000
47.000000 12.000000 1.000000 10000.000000 10000.000000 10000.000000 10000.000000
47.000000 13.000000 1.000000 10000.000000 10000.000000 10000.000000 10000.000000
47.000000 14.000000 1.000000 10000.000000 10000.000000 10000.000000 10000.000000
47.000000 15.000000 1.000000 10000.000000 10000.000000 10000.000000 10000.000000
47.000000 16.000000 1.000000 10000.000000 10000.000000 10000.000000 10000.000000
47.000000 17.000000 1.000000 10000.000000 10000.000000 10000.000000 10000.000000
47.000000 18.000000 1.000000 10000.000000 10000.000000 10000.000000 10000.000000
47.000000 19.000000 1.000000 10000.000000 10000.000000 10000.000000 10000.000000
47.000000 20.000000 1.000000 10000.000000 10000.000000 10000.000000 10000.000000
47.000000 21.000000 1.000000 10000.000000 10000.000000 10000.000000 10000.000000
47.000000 22.000000 1.000000 10000.000000 10000.000000 10000.000000 10000.000000
47.000000 23.000000 1.000000 10000.000000 10000.000000 10000.000000 10000.000000
47.000000 24.000000 1.000000 10000.000000 10000.000000 10000.000000 10000.000000
47.000000 25.000000 1.000000 10000.000000 10000.000000 10000.000000 10000.000000
47.000000 26.000000 1.000000 10000.000000 10000.000000 10000.000000 10000.000000
47.000000 27.000000 1.000000 10000.000000 10000.000000 10000.000000 10000.000000
47.000000 28.000000 1.000000 10000.000000 10000.000000 10000.000000 10000.000000
47.000000 29.000000 1.000000 10000.000000 10000.000000 10000.000000 10000.000000
47.000000 30.000000 1.000000 10000.000000 10000.000000 10000.000000 10000.000000
47.000000 31.000000 1.000000 10000.000000 10000.000000 10000.000000 10000.000000
47.000000 32.000000 1.000000 10000.000000 10000.000000 10000.000000 10000.000000
47.000000 33.000000 1.000000 10000.000000 10000.000000 10000.000000 10000.000000
47.000000 34.000000 1.000000 10000.000000 10000.000000 10000.000000 10000.000000
47.000000 35.000000 1.000000 10000.000000 10000.000000 10000.000000 10000.000000
47.000000 36.000000 1.000000 10000.000000 10000.000000 10000.000000 10000.000000
47.000000 37.000000 1.000000 10000.000000 10000.000000 10000.000000 10000.000000
47.000000 38.000000 1.000000 10000.000000 10000.000000 10000.000000 10000.000000
47.000000 39.000000 1.000000 10000.000000 10000.000000 10000.000000 10000.000000
47.000000 40.000000 1.000000 10000.000000 10000.000000 10000.000000 10000.000000
47.000000 41.000000 1.000000 10000.000000 10000.000000 10000.000000 10000.000000
47.000000 42.000000 1.000000 10000.000000 10000.000000 10000.000000 10000.000000
47.000000 43.000000 1.000000 10000.000000 10000.000000 10000.000000 10000.000000
47.000000 44.000000 1.000000 10000.000000 10000.000000 10000.000000 10000.000000
47.000000 45.000000 1.000000 10000.000000 10000.000000 10000.000000 10000.000000
47.000000 46.000000 1.000000 10000.000000 10000.000000 10000.000000 10000.000000
47.000000 47.000000 1.000000 10000.000000 10000.000000 10000.000000 10000.000000
47.000000 48.000000 1.000000 10000.000000 10000.000000 10000.000000 10000.000000
47.000000 49.000000 1.000000 10000.000000 10000.000000 10000.000000 10000.000000
48.000000 0.000000 1.000000 10000.000000 10000.000000 10000.000000 10000.000000
48.000000 1.000000 1.000000 9999.000000 10000.000000 9999.000000 9999.000000
48.000000 2.000000 1.000000 9996.000000 10000.000000 9996.000000 9996.000000
48.000000 3.000000 1.000000 9926.000000 10000.000000 9926.000000 9926.000000
48.000000 4.000000 1.000000 9610.000000 10000.000000 9610.000000 9610.000000
48.000000 5.000000 1.000000 8594.000000 10000.000000 8594.000000 8594.000000
48.000000 6.000000 1.000000 6890.000000 10000.000000 6890.000000 6890.000000
48.000000 7.000000 1.000000 5340.000000 10000.000000 5340.000000 5340.000000
48.000000 8.000000 1.000000 4460.000000 10000.000000 4460.000000 4460.000000
48.000000 9.000000 1.000000 4337.000000 10000.000000 4337.000000 4337.000000
48.000000 10.000000 1.000000 5069.000000 10000.000000 5069.000000 5069.000000
48.000000 11.000000 1.000000 6659.000000 10000.000000 6659.000000 6659.000000
48.000000 12.000000 1.000000 8213.000000 10000.000000 8213.000000 8213.000000
48.000000 13.000000 1.000000 9204.000000 10000.000000 9204.000000 9204.000000
48.000000 14.000000 1.000000 9635.000000 10000.000000 9635.000000 9635.000000
48.000000 15.000000 1.000000 9852.000000 10000.000000 9852.000000 9852.000000
48.000000 16.000000 1.000000 9938.000000 10000.000000 9938.000000 9938.000000
48.000000 17.000000 1.000000 9970.000000 10000.000000 9970.000000 9970.000000
48.000000 18.000000 1.000000 9983.000000 10000.000000 9983.000000 9983.000000
48.000000 19.000000 1.000000 9991.000000 10000.000000 9991.000000 9991.000000
48.000000 20.000000 1.000000 9997.000000 10000.000000 9997.000000 9997.000000
48.000000 21.000000 1.000000 10000.000000 10000.000000 10000.000000 10000.000000
48.000000 22.000000 1.000000 10000.000000 10000.000000 10000.000000 10000.000000
48.000000 23.000000 1.000000 10000.000000 10000.000000 10000.000000 10000.000000
48.000000 24.000000 1.000000 10000.000000 10000.000000 10000.000000 10000.000000
48.000000 25.000000 1.000000 10000.000000 10000.000000 10000.000000 10000.000000
48.000000 26.000000 1.000000 10000.000000 10000.000000 10000.000000 10000.000000
48.000000 27.000000 1.000000 10000.000000 10000.000000 10000.000000 10000.000000
48.000000 28.000000 1.000000 10000.000000 10000.000000 10000.000000 10000.000000
48.000000 29.000000 1.000000 10000.000000 10000.000000 10000.000000 10000.000000
48.000000 30.000000 1.000000 10000.000000 10000.000000 10000.000000 10000.000000
48.000000 31.000000 1.000000 10000.000000 10000.000000 10000.000000 10000.000000
48.000000 32.000000 1.000000 10000.000000 10000.000000 10000.000000 10000.000000
48.000000 33.000000 1.000000 10000.000000 10000.000000 10000.000000 10000.000000
48.000000 34.000000 1.000000 10000.000000 10000.000000 10000.000000 10000.000000
48.000000 35.000000 1.000000 10000.000000 10000.000000 10000.000000 10000.000000
48.000000 36.000000 1.000000 10000.000000 10000.000000 10000.000000 10000.000000
48.000000 37.000000 1.000000 10000.000000 10000.000000 10000.000000 10000.000000
48.000000 38.000000 1.000000 10000.000000 10000.000000 10000.000000 10000.000000
48.000000 39.000000 1.000000 10000.000000 10000.000000 10000.000000 10000.000000
48.000000 40.000000 1.000000 10000.000000 10000.000000 10000.000000 10000.000000
48.000000 41.000000 1.000000 10000.000000 10000.000000 10000.000000 10000.000000
48.000000 42.000000 1.000000 10000.000000 10000.000000 10000.000000 10000.000000
48.000000 43.000000 1.000000 10000.000000 10000.000000 10000.000000 10000.000000
48.000000 44.000000 1.000000 10000.000000 10000.000000 10000.000000 10000.000000
48.000000 45.000000 1.000000 10000.000000 10000.000000 10000.000000 10000.000000
48.000000 46.000000 1.000000 10000.000000 10000.000000 10000.000000 10000.000000
48.000000 47.000000 1.000000 10000.000000 10000.000000 10000.000000 10000.000000
48.000000 48.000000 1.000000 10000.000000 10000.000000 10000.000000 10000.000000
48.000000 49.000000 1.000000 10000.000000 10000.000000 10000.000000 10000.000000
49.000000 0.000000 1.000000 10000.000000 10000.000000 10000.000000 10000.000000
49.000000 1.000000 1.000000 10000.000000 10000.000000 10000.000000 10000.000000
49.000000 2.000000 1.000000 9999.000000 10000.000000 9999.000000 9999.000000
49.000000 3.000000 1.000000 9999.000000 10000.000000 9999.000000 9999.000000
49.000000 4.000000 1.000000 9999.000000 10000.000000 9999.000000 9999.000000
49.000000 5.000000 1.000000 9999.000000 10000.000000 9999.000000 9999.000000
49.000000 6.000000 1.000000 9999.000000 10000.000000 9999.000000 9999.000000
49.000000 7.000000 1.000000 10000.000000 10000.000000 10000.000000 10000.000000
49.000000 8.000000 1.000000 10000.000000 10000.000000 10000.000000 10000.000000
49.000000 9.000000 1.000000 10000.000000 10000.000000 10000.000000 10000.000000
49.000000 10.000000 1.000000 10000.000000 10000.000000 10000.000000 10000.000000
49.000000 11.000000 1.000000 10000.000000 10000.000000 10000.000000 10000.000000
49.000000 12.000000 1.000000 10000.000000 10000.000000 10000.000000 10000.000000
49.000000 13.000000 1.000000 10000.000000 10000.000000 10000.000000 10000.000000
49.000000 14.000000 1.000000 10000.000000 10000.000000 10000.000000 10000.000000
49.000000 15.000000 1.000000 10000.000000 10000.000000 10000.000000 10000.000000
49.000000 16.000000 1.000000 10000.000000 10000.000000 10000.000000 10000.000000
49.000000 17.000000 1.000000 10000.000000 10000.000000 10000.000000 10000.000000
49.000000 18.000000 1.000000 10000.000000 10000.000000 10000.000000 10000.000000
49.000000 19.000000 1.000000 10000.000000 10000.000000 10000.000000 10000.000000
49.000000 20.000000 1.000000 10000.000000 10000.000000 10000.000000 10000.000000
49.000000 21.000000 1.000000 10000.000000 10000.000000 10000.000000 10000.000000
49.000000 22.000000 1.000000 10000.000000 10000.000000 10000.000000 10000.000000
49.000000 23.000000 1.000000 10000.000000 10000.000000 10000.000000 10000.000000
49.000000 24.000000 1.000000 10000.000000 10000.000000 10000.000000 10000.000000
49.000000 25.000000 1.000000 10000.000000 10000.000000 10000.000000 10000.000000
49.000000 26.000000 1.000000 10000.000000 10000.000000 10000.000000 10000.000000
49.000000 27.000000 1.000000 10000.000000 10000.000000 10000.000000 10000.000000
49.000000 28.000000 1.000000 10000.000000 10000.000000 10000.000000 10000.000000
49.000000 29.000000 1.000000 10000.000000 10000.000000 10000.000000 10000.000000
49.000000 30.000000 1.000000 10000.000000 10000.000000 10000.000000 10000.000000
49.000000 31.000000 1.000000 10000.000000 10000.000000 10000.000000 10000.000000
49.000000 32.000000 1.000000 10000.000000 10000.000000 10000.000000 10000.000000
49.000000 33.000000 1.000000 10000.000000 10000.000000 10000.000000 10000.000000
49.000000 34.000000 1.000000 10000.000000 10000.000000 10000.000000 10000.000000
49.000000 35.000000 1.000000 10000.000000 10000.000000 10000.000000 10000.000000
49.000000 36.000000 1.000000 10000.000000 10000.000000 10000.000000 10000.000000
49.000000 37.000000 1.000000 10000.000000 10000.000000 10000.000000 10000.000000
49.000000 38.000000 1.000000 10000.000000 10000.000000 10000.000000 10000.000000
49.000000 39.000000 1.000000 10000.000000 10000.000000 10000.000000 10000.000000
49.000000 40.000000 1.000000 10000.000000 10000.000000 10000.000000 10000.000000
49.000000 41.000000 1.000000 10000.000000 10000.000000 10000.000000 10000.000000
49.000000 42.000000 1.000000 10000.000000 10000.000000 10000.000000 10000.000000
49.000000 43.000000 1.000000 10000.000000 10000.000000 10000.000000 10000.000000
49.000000 44.000000 1.000000 10000.000000 10000.000000 10000.000000 10000.000000
49.000000 45.000000 1.000000 10000.000000 10000.000000 10000.000000 10000.000000
49.000000 46.000000 1.000000 10000.000000 10000.000000 10000.000000 10000.000000
49.000000 47.000000 1.000000 10000.000000 10000.000000 10000.000000 10000.000000
49.000000 48.000000 1.000000 10000.000000 10000.000000 10000.000000 10000.000000
49.000000 49.000000 1.000000 10000.000000 10000.000000 10000.000000 10000.000000
50.000000 0.000000 1.000000 10000.000000 10000.000000 10000.000000 10000.000000
50.000000 1.000000 1.000000 10000.000000 10000.000000 10000.000000 10000.000000
50.000000 2.000000 1.000000 9999.000000 10000.000000 9999.000000 9999.000000
50.000000 3.000000 1.000000 9982.000000 10000.000000 9982.000000 9982.000000
50.000000 4.000000 1.000000 9938.000000 10000.000000 9938.000000 9938.000000
50.000000 5.000000 1.000000 9812.000000 10000.000000 9812.000000 9812.000000
50.000000 6.000000 1.000000 9457.000000 10000.000000 9457.000000 9457.000000
50.000000 7.000000 1.000000 8607.000000 10000.000000 8607.000000 8607.000000
50.000000 8.000000 1.000000 7250.000000 10000.000000 7250.000000 7250.000000
50.000000 9.000000 1.000000 5994.000000 10000.000000 5994.000000 5994.000000
50.000000 10.000000 1.000000 5249.000000 10000.000000 5249.000000 5249.000000
50.000000 11.000000 1.000000 5101.000000 10000.000000 5101.000000 5101.000000
50.000000 12.000000 1.000000 5658.000000 10000.000000 5658.000000 5658.000000
50.000000 13.000000 1.000000 6875.000000 10000.000000 6875.000000 6875.000000
50.000000 14.000000 1.000000 8119.000000 10000.000000 8119.000000 8119.000000
50.000000 15.000000 1.000000 9019.000000 10000.000000 9019.000000 9019.000000
50.000000 16.000000 1.000000 9522.000000 10000.000000 9522.000000 9522.000000
50.000000 17.000000 1.000000 9790.000000 10000.000000 9790.000000 9790.000000
50.000000 18.000000 1.000000 9908.000000 10000.000000 9908.000000 9908.000000
50.000000 19.000000 1.000000 9968.000000 10000.000000 9968.000000 9968.000000
50.000000 20.000000 1.000000 9992.000000 10000.000000 9992.000000 9992.000000
50.000000 21.000000 1.000000 9997.000000 10000.000000 9997.000000 9997.000000
50.000000 22.000000 1.000000 10000.000000 10000.000000 10000.000000 10000.000000
50.000000 23.000000 1.000000 10000.000000 10000.000000 10000.000000 10000.000000
50.000000 24.000000 1.000000 10000.000000 10000.000000 10000.000000 10000.000000
50.000000 25.000000 1.000000 10000.000000 10000.000000 10000.000000 10000.000000
50.000000 26.000000 1.000000 10000.000000 10000.000000 10000.000000 10000.000000
50.000000 27.000000 1.000000 10000.000000 10000.000000 10000.000000 10000.000000
50.000000 28.000000 1.000000 10000.000000 10000.000000 10000.000000 10000.000000
50.000000 29.000000 1.000000 10000.000000 10000.000000 10000.000000 10000.000000
50.000000 30.000000 1.000000 10000.000000 10000.000000 10000.000000 10000.000000
50.000000 31.000000 1.000000 10000.000000 10000.000000 10000.000000 10000.000000
50.000000 32.000000 1.000000 10000.000000 10000.000000 10000.000000 10000.000000
50.000000 33.000000 1.000000 10000.000000 10000.000000 10000.000000 10000.000000
50.000000 34.000000 1.000000 10000.000000 10000.000000 10000.000000 10000.000000
50.000000 35.000000 1.000000 10000.000000 10000.000000 10000.000000 10000.000000
50.000000 36.000000 1.000000 10000.000000 10000.000000 10000.000000 10000.000000
50.000000 37.000000 1.000000 10000.000000 10000.000000 10000.000000 10000.000000
50.000000 38.000000 1.000000 10000.000000 10000.000000 10000.000000 10000.000000
50.000000 39.000000 1.000000 10000.000000 10000.000000 10000.000000 10000.000000
50.000000 40.000000 1.000000 10000.000000 10000.000000 10000.000000 10000.000000
50.000000 41.000000 1.000000 10000.000000 10000.000000 10000.000000 10000.000000
50.000000 42.000000 1.000000 10000.000000 10000.000000 10000.000000 10000.000000
50.000000 43.000000 1.000000 10000.000000 10000.000000 10000.000000 10000.000000
50.000000 44.000000 1.000000 10000.000000 10000.000000 10000.000000 10000.000000
50.000000 45.000000 1.000000 10000.000000 10000.000000 10000.000000 10000.000000
50.000000 46.000000 1.000000 10000.000000 10000.000000 10000.000000 10000.000000
50.000000 47.000000 1.000000 10000.000000 10000.000000 10000.000000 10000.000000
50.000000 48.000000 1.000000 10000.000000 10000.000000 10000.000000 10000.000000
50.000000 49.000000 1.000000 10000.000000 10000.000000 10000.000000 10000.000000
51.000000 0.000000 1.000000 10000.000000 10000.000000 10000.000000 10000.000000
51.000000 1.000000 1.000000 10000.000000 10000.000000 10000.000000 10000.000000
51.000000 2.000000 1.000000 9999.000000 10000.000000 9999.000000 9999.000000
51.000000 3.000000 1.000000 9996.000000 10000.000000 9996.000000 9996.000000
51.000000 4.000000 1.000000 9987.000000 10000.000000 9987.000000 9987.000000
51.000000 5.000000 1.000000 9971.000000 10000.000000 9971.000000 9971.000000
51.000000 6.000000 1.000000 9942.000000 10000.000000 9942.000000 9942.000000
51.000000 7.000000 1.000000 9892.000000 10000.000000 9892.000000 9892.000000
51.000000 8.000000 1.000000 9606.000000 10000.000000 9606.000000 9606.000000
51.000000 9.000000 1.000000 8722.000000 10000.000000 8722.000000 8722.000000
51.000000 10.000000 1.000000 7214.000000 10000.000000 7214.000000 7214.000000
51.000000 11.000000 1.000000 5810.000000 10000.000000 5810.000000 5810.000000
51.000000 12.000000 1.000000 4895.000000 10000.000000 4895.000000 4895.000000
51.000000 13.000000 1.000000 4687.000000 10000.000000 4687.000000 4687.000000
51.000000 14.000000 1.000000 5290.000000 10000.000000 5290.000000 5290.000000
51.000000 15.000000 1.000000 6650.000000 10000.000000 6650.000000 6650.000000
51.000000 16.000000 1.000000 8082.000000 10000.000000 8082.000000 8082.000000
51.000000 17.000000 1.000000 9084.000000 10000.000000 9084.000000 9084.000000
51.000000 18.000000 1.000000 9589.000000 10000.000000 9589.000000 9589.000000
51.000000 19.000000 1.000000 9831.000000 10000.000000 9831.000000 9831.000000
51.000000 20.000000 1.000000 9924.000000 10000.000000 9924.000000 9924.000000
51.000000 21.000000 1.000000 9963.000000 10000.000000 9963.000000 9963.000000
51.000000 22.000000 1.000000 9981.000000 10000.000000 9981.000000 9981.000000
51.000000 23.000000 1.000000 9989.000000 10000.000000 9989.000000 9989.000000
51.000000 24.000000 1.000000 9992.000000 10000.000000 9992.000000 9992.000000
51.000000 25.000000 1.000000 9997.000000 10000.000000 9997.000000 9997.000000
51.000000 26.000000 1.000000 9999.000000 10000.000000 9999.000000 9999.000000
51.000000 27.000000 1.000000 10000.000000 10000.000000 10000.000000 10000.000000
51.000000 28.000000 1.000000 10000.000000 10000.000000 10000.000000 10000.000000
51.000000 29.000000 1.000000 10000.000000 10000.000000 10000.000000 10000.000000
51.000000 30.000000 1.000000 10000.000000 10000.000000 10000.000000 10000.000000
51.000000 31.000000 1.000000 10000.000000 10000.000000 10000.000000 10000.000000
51.000000 32.000000 1.000000 10000.000000 10000.000000 10000.000000 10000.000000
51.000000 33.000000 1.000000 10000.000000 10000.000000 10000.000000 10000.000000
51.000000 34.000000 1.000000 10000.000000 10000.000000 10000.000000 10000.000000
51.000000 35.000000 1.000000 10000.000000 10000.000000 10000.000000 10000.000000
51.000000 36.000000 1.000000 10000.000000 10000.000000 10000.000000 10000.000000
51.000000 37.000000 1.000000 10000.000000 10000.000000 10000.000000 10000.000000
51.000000 38.000000 1.000000 10000.000000 10000.000000 10000.000000 10000.000000
51.000000 39.000000 1.000000 10000.000000 10000.000000 10000.000000 10000.000000
51.000000 40.000000 1.000000 10000.000000 10000.000000 10000.000000 10000.000000
51.000000 41.000000 1.000000 10000.000000 10000.000000 10000.000000 10000.000000
51.000000 42.000000 1.000000 10000.000000 10000.000000 10000.000000 10000.000000
51.000000 43.000000 1.000000 10000.000000 10000.000000 10000.000000 10000.000000
51.000000 44.000000 1.000000 10000.000000 10000.000000 10000.000000 10000.000000
51.000000 45.000000 1.000000 10000.000000 10000.000000 10000.000000 10000.000000
51.000000 46.000000 1.000000 10000.000000 10000.000000 10000.000000 10000.000000
51.000000 47.000000 1.000000 10000.000000 10000.000000 10000.000000 10000.000000
51.000000 48.000000 1.000000 10000.000000 10000.000000 10000.000000 10000.000000
51.000000 49.000000 1.000000 10000.000000 10000.000000 10000.000000 10000.000000
52.000000 0.000000 1.000000 10000.000000 10000.000000 10000.000000 10000.000000
52.000000 1.000000 1.000000 10000.000000 10000.000000 10000.000000 10000.000000
52.000000 2.000000 1.000000 10000.000000 10000.000000 10000.000000 10000.000000
52.000000 3.000000 1.000000 9999.000000 10000.000000 9999.000000 9999.000000
52.000000 4.000000 1.000000 9999.000000 10000.000000 9999.000000 9999.000000
52.000000 5.000000 1.000000 9999.000000 10000.000000 9999.000000 9999.000000
52.000000 6.000000 1.000000 9999.000000 10000.000000 9999.000000 9999.000000
52.000000 7.000000 1.000000 9999.000000 10000.000000 9999.000000 9999.000000
52.000000 8.000000 1.000000 10000.000000 10000.000000 10000.000000 10000.000000
52.000000 9.000000 1.000000 10000.000000 10000.000000 10000.000000 10000.000000
52.000000 10.000000 1.000000 10000.000000 10000.000000 10000.000000 10000.000000
52.000000 11.000000 1.000000 10000.000000 10000.000000 10000.000000 10000.000000
52.000000 12.000000 1.000000 10000.000000 10000.000000 10000.000000 10000.000000
52.000000 13.000000 1.000000 10000.000000 10000.000000 10000.000000 10000.000000
52.000000 14.000000 1.000000 10000.000000 10000.000000 10000.000000 10000.000000
52.000000 15.000000 1.000000 10000.000000 10000.000000 10000.000000 10000.000000
52.000000 16.000000 1.000000 10000.000000 10000.000000 10000.000000 10000.000000
52.000000 17.000000 1.000000 10000.000000 10000.000000 10000.000000 10000.000000
52.000000 18.000000 1.000000 10000.000000 10000.000000 10000.000000 10000.000000
52.000000 19.000000 1.000000 10000.000000 10000.000000 10000.000000 10000.000000
52.000000 20.000000 1.000000 10000.000000 10000.000000 10000.000000 10000.000000
52.000000 21.000000 1.000000 10000.000000 10000.000000 10000.000000 10000.000000
52.000000 22.000000 1.000000 10000.000000 10000.000000 10000.000000 10000.000000
52.000000 23.000000 1.000000 10000.000000 10000.000000 10000.000000 10000.000000
52.000000 24.000000 1.000000 10000.000000 10000.000000 10000.000000 10000.000000
52.000000 25.000000 1.000000 10000.000000 10000.000000 10000.000000 10000.000000
52.000000 26.000000 1.000000 10000.000000 10000.000000 10000.000000 10000.000000
52.000000 27.000000 1.000000 10000.000000 10000.000000 10000.000000 10000.000000
52.000000 28.000000 1.000000 10000.000000 10000.000000 10000.000000 10000.000000
52.000000 29.000000 1.000000 10000.000000 10000.000000 10000.000000 10000.000000
52.000000 30.000000 1.000000 10000.000000 10000.000000 10000.000000 10000.000000
52.000000 31.000000 1.000000 10000.000000 10000.000000 10000.000000 10000.000000
52.000000 32.000000 1.000000 10000.000000 10000.000000 10000.000000 10000.000000
52.000000 33.000000 1.000000 10000.000000 10000.000000 10000.000000 10000.000000
52.000000 34.000000 1.000000 10000.000000 10000.000000 10000.000000 10000.000000
52.000000 35.000000 1.000000 10000.000000 10000.000000 10000.000000 10000.000000
52.000000 36.000000 1.000000 10000.000000 10000.000000 10000.000000 10000.000000
52.000000 37.000000 1.000000 10000.000000 10000.000000 10000.000000 10000.000000
52.000000 38.000000 1.000000 10000.000000 10000.000000 10000.000000 10000.000000
52.000000 39.000000 1.000000 10000.000000 10000.000000 10000.000000 10000.000000
52.000000 40.000000 1.000000 10000.000000 10000.000000 10000.000000 10000.000000
52.000000 41.000000 1.000000 10000.000000 10000.000000 10000.000000 10000.000000
52.000000 42.000000 1.000000 10000.000000 10000.000000 10000.000000 10000.000000
52.000000 43.000000 1.000000 10000.000000 10000.000000 10000.000000 10000.000000
52.000000 44.000000 1.000000 10000.000000 10000.000000 10000.000000 10000.000000
52.000000 45.000000 1.000000 10000.000000 10000.000000 10000.000000 10000.000000
52.000000 46.000000 1.000000 10000.000000 10000.000000 10000.000000 10000.000000
52.000000 47.000000 1.000000 10000.000000 10000.000000 10000.000000 10000.000000
52.000000 48.000000 1.000000 10000.000000 10000.000000 10000.000000 10000.000000
52.000000 49.000000 1.000000 10000.000000 10000.000000 10000.000000 10000.000000
53.000000 0.000000 1.000000 10000.000000 10000.000000 10000.000000 10000.000000
53.000000 1.000000 1.000000 10000.000000 10000.000000 10000.000000 10000.000000
53.000000 2.000000 1.000000 10000.000000 10000.000000 10000.000000 10000.000000
53.000000 3.000000 1.000000 10000.000000 10000.000000 10000.000000 10000.000000
53.000000 4.000000 1.000000 10000.000000 10000.000000 10000.000000 10000.000000
53.000000 5.000000 1.000000 10000.000000 10000.000000 10000.000000 10000.000000
53.000000 6.000000 1.000000 10000.000000 10000.000000 10000.000000 10000.000000
53.000000 7.000000 1.000000 10000.000000 10000.000000 10000.000000 10000.000000
53.000000 8.000000 1.000000 10000.000000 10000.000000 10000.000000 10000.000000
53.000000 9.000000 1.000000 10000.000000 10000.000000 10000.000000 10000.000000
53.000000 10.000000 1.000000 10000.000000 10000.000000 10000.000000 10000.000000
53.000000 11.000000 1.000000 10000.000000 10000.000000 10000.000000 10000.000000
53.000000 12.000000 1.000000 10000.000000 10000.000000 10000.000000 10000.000000
53.000000 13.000000 1.000000 10000.000000 10000.000000 10000.000000 10000.000000
53.000000 14.000000 1.000000 10000.000000 10000.000000 10000.000000 10000.000000
53.000000 15.000000 1.000000 10000.000000 10000.000000 10000.000000 10000.000000
53.000000 16.000000 1.000000 10000.000000 10000.000000 10000.000000 10000.000000
53.000000 17.000000 1.000000 10000.000000 10000.000000 10000.000000 10000.000000
53.000000 18.000000 1.000000 10000.000000 10000.000000 10000.000000 10000.000000
53.000000 19.000000 1.000000 10000.000000 10000.000000 10000.000000 10000.000000
53.000000 20.000000 1.000000 10000.000000 10000.000000 10000.000000 10000.000000
53.000000 21.000000 1.000000 10000.000000 10000.000000 10000.000000 10000.000000
53.000000 22.000000 1.000000 10000.000000 10000.000000 10000.000000 10000.000000
53.000000 23.000000 1.000000 10000.000000 10000.000000 10000.000000 10000.000000
53.000000 24.000000 1.000000 10000.000000 10000.000000 10000.000000 10000.000000
53.000000 25.000000 1.000000 10000.000000 10000.000000 10000.000000 10000.000000
53.000000 26.000000 1.000000 10000.000000 10000.000000 10000.000000 10000.000000
53.000000 27.000000 1.000000 10000.000000 10000.000000 10000.000000 10000.000000
53.000000 28.000000 1.000000 10000.000000 10000.000000 10000.000000 10000.000000
53.000000 29.000000 1.000000 10000.000000 10000.000000 10000.000000 10000.000000
53.000000 30.000000 1.000000 10000.000000 10000.000000 10000.000000 10000.000000
53.000000 31.000000 1.000000 10000.000000 10000.000000 10000.000000 10000.000000
53.000000 32.000000 1.000000 10000.000000 10000.000000 10000.000000 10000.000000
53.000000 33.000000 1.000000 10000.000000 10000.000000 10000.000000 10000.000000
53.000000 34.000000 1.000000 10000.000000 10000.000000 10000.000000 10000.000000
53.000000 35.000000 1.000000 10000.000000 10000.000000 10000.000000 10000.000000
53.000000 36.000000 1.000000 10000.000000 10000.000000 10000.000000 10000.000000
53.000000 37.000000 1.000000 10000.000000 10000.000000 10000.000000 10000.000000
53.000000 38.000000 1.000000 10000.000000 10000.000000 10000.000000 10000.000000
53.000000 39.000000 1.000000 10000.000000 10000.000000 10000.000000 10000.000000
53.000000 40.000000 1.000000 10000.000000 10000.000000 10000.000000 10000.000000
53.000000 41.000000 1.000000 10000.000000 10000.000000 10000.000000 10000.000000
53.000000 42.000000 1.000000 10000.000000 10000.000000 10000.000000 10000.000000
53.000000 43.000000 1.000000 10000.000000 10000.000000 10000.000000 10000.000000
53.000000 44.000000 1.000000 10000.000000 10000.000000 10000.000000 10000.000000
53.000000 45.000000 1.000000 10000.000000 10000.000000 10000.000000 10000.000000
53.000000 46.000000 1.000000 10000.000000 10000.000000 10000.000000 10000.000000
53.000000 47.000000 1.000000 10000.000000 10000.000000 10000.000000 10000.000000
53.000000 48.000000 1.000000 10000.000000 10000.000000 10000.000000 10000.000000
53.000000 49.000000 1.000000 10000.000000 10000.000000 10000.000000 10000.000000
54.000000 0.000000 1.000000 10000.000000 10000.000000 10000.000000 10000.000000
54.000000 1.000000 1.000000 10000.000000 10000.000000 10000.000000 10000.000000
54.000000 2.000000 1.000000 9999.000000 10000.000000 9999.000000 9999.000000
54.000000 3.000000 1.000000 9998.000000 10000.000000 9998.000000 9998.000000
54.000000 4.000000 1.000000 9997.000000 10000.000000 9997.000000 9997.000000
54.000000 5.000000 1.000000 9997.000000 10000.000000 9997.000000 9997.000000
54.000000 6.000000 1.000000 9997.000000 10000.000000 9997.000000 9997.000000
54.000000 7.000000 1.000000 9998.000000 10000.000000 9998.000000 9998.000000
54.000000 8.000000 1.000000 9999.000000 10000.000000 9999.000000 9999.000000
54.000000 9.000000 1.000000 10000.000000 10000.000000 10000.000000 10000.000000
54.000000 10.000000 1.000000 10000.000000 10000.000000 10000.000000 10000.000000
54.000000 11.000000 1.000000 10000.000000 10000.000000 10000.000000 10000.000000
54.000000 12.000000 1.000000 10000.000000 10000.000000 10000.000000 10000.000000
54.000000 13.000000 1.000000 10000.000000 10000.000000 10000.000000 10000.000000
54.000000 14.000000 1.000000 10000.000000 10000.000000 10000.000000 10000.000000
54.000000 15.000000 1.000000 10000.000000 10000.000000 10000.000000 10000.000000
54.000000 16.000000 1.000000 10000.000000 10000.000000 10000.000000 10000.000000
54.000000 17.000000 1.000000 10000.000000 10000.000000 10000.000000 10000.000000
54.000000 18.000000 1.000000 10000.000000 10000.000000 10000.000000 10000.000000
54.000000 19.000000 1.000000 10000.000000 10000.000000 10000.000000 10000.000000
54.000000 20.000000 1.000000 10000.000000 10000.000000 10000.000000 10000.000000
54.000000 21.000000 1.000000 10000.000000 10000.000000 10000.000000 10000.000000
54.000000 22.000000 1.000000 10000.000000 10000.000000 10000.000000 10000.000000
54.000000 23.000000 1.000000 10000.000000 10000.000000 10000.000000 10000.000000
54.000000 24.000000 1.000000 10000.000000 10000.000000 10000.000000 10000.000000
54.000000 25.000000 1.000000 10000.000000 10000.000000 10000.000000 10000.000000
54.000000 26.000000 1.000000 10000.000000 10000.000000 10000.000000 10000.000000
54.000000 27.000000 1.000000 10000.000000 10000.000000 10000.000000 10000.000000
54.000000 28.000000 1.000000 10000.000000 10000.000000 10000.000000 10000.000000
54.000000 29.000000 1.000000 10000.000000 10000.000000 10000.000000 10000.000000
54.000000 30.000000 1.000000 10000.000000 10000.000000 10000.000000 10000.000000
54.000000 31.000000 1.000000 10000.000000 10000.000000 10000.000000 10000.000000
54.000000 32.000000 1.000000 10000.000000 10000.000000 10000.000000 10000.000000
54.000000 33.000000 1.000000 10000.000000 10000.000000 10000.000000 10000.000000
54.000000 34.000000 1.000000 10000.000000 10000.000000 10000.000000 10000.000000
54.000000 35.000000 1.000000 10000.000000 10000.000000 10000.000000 10000.000000
54.000000 36.000000 1.000000 10000.000000 10000.000000 10000.000000 10000.000000
54.000000 37.000000 1.000000 10000.000000 10000.000000 10000.000000 10000.000000
54.000000 38.000000 1.000000 10000.000000 10000.000000 10000.000000 10000.000000
54.000000 39.000000 1.000000 10000.000000 10000.000000 10000.000000 10000.000000
54.000000 40.000000 1.000000 10000.000000 10000.000000 10000.000000 10000.000000
54.000000 41.000000 1.000000 10000.000000 10000.000000 10000.000000 10000.000000
54.000000 42.000000 1.000000 10000.000000 10000.000000 10000.000000 10000.000000
54.000000 43.000000 1.000000 10000.000000 10000.000000 10000.000000 10000.000000
54.000000 44.000000 1.000000 10000.000000 10000.000000 10000.000000 10000.000000
54.000000 45.000000 1.000000 10000.000000 10000.000000 10000.000000 10000.000000
54.000000 46.000000 1.000000 10000.000000 10000.000000 10000.000000 10000.000000
54.000000 47.000000 1.000000 10000.000000 10000.000000 10000.000000 10000.000000
54.000000 48.000000 1.000000 10000.000000 10000.000000 10000.000000 10000.000000
54.000000 49.000000 1.000000 10000.000000 10000.000000 10000.000000 10000.000000
55.000000 0.000000 1.000000 10000.000000 10000.000000 10000.000000 10000.000000
55.000000 1.000000 1.000000 10000.000000 10000.000000 10000.000000 10000.000000
55.000000 2.000000 1.000000 9999.000000 10000.000000 9999.000000 9999.000000
55.000000 3.000000 1.000000 9999.000000 10000.000000 9999.000000 9999.000000
55.000000 4.000000 1.000000 9999.000000 10000.000000 9999.000000 9999.000000
55.000000 5.000000 1.000000 9999.000000 10000.000000 9999.000000 9999.000000
55.000000 6.000000 1.000000 9999.000000 10000.000000 9999.000000 9999.000000
55.000000 7.000000 1.000000 10000.000000 10000.000000 10000.000000 10000.000000
55.000000 8.000000 1.000000 10000.000000 10000.000000 10000.000000 10000.000000
55.000000 9.000000 1.000000 10000.000000 10000.000000 10000.000000 10000.000000
55.000000 10.000000 1.000000 10000.000000 10000.000000 10000.000000 10000.000000
55.000000 11.000000 1.000000 10000.000000 10000.000000 10000.000000 10000.000000
55.000000 12.000000 1.000000 10000.000000 10000.000000 10000.000000 10000.000000
55.000000 13.000000 1.000000 10000.000000 10000.000000 10000.000000 10000.000000
55.000000 14.000000 1.000000 10000.000000 10000.000000 10000.000000 10000.000000
55.000000 15.000000 1.000000 10000.000000 10000.000000 10000.000000 10000.000000
55.000000 16.000000 1.000000 10000.000000 10000.000000 10000.000000 10000.000000
55.000000 17.000000 1.000000 10000.000000 10000.000000 10000.000000 10000.000000
55.000000 18.000000 1.000000 10000.000000 10000.000000 10000.000000 10000.000000
55.000000 19.000000 1.000000 10000.000000 10000.000000 10000.000000 10000.000000
55.000000 20.000000 1.000000 10000.000000 10000.000000 10000.000000 10000.000000
55.000000 21.000000 1.000000 10000.000000 10000.000000 10000.000000 10000.000000
55.000000 22.000000 1.000000 10000.000000 10000.000000 10000.000000 10000.000000
55.000000 23.000000 1.000000 10000.000000 10000.000000 10000.000000 10000.000000
55.000000 24.000000 1.000000 10000.000000 10000.000000 10000.000000 10000.000000
55.000000 25.000000 1.000000 10000.000000 10000.000000 10000.000000 10000.000000
55.000000 26.000000 1.000000 10000.000000 10000.000000 10000.000000 10000.000000
55.000000 27.000000 1.000000 10000.000000 10000.000000 10000.000000 10000.000000
55.000000 28.000000 1.000000 10000.000000 10000.000000 10000.000000 10000.000000
55.000000 29.000000 1.000000 10000.000000 10000.000000 10000.000000 10000.000000
55.000000 30.000000 1.000000 10000.000000 10000.000000 10000.000000 10000.000000
55.000000 31.000000 1.000000 10000.000000 10000.000000 10000.000000 10000.000000
55.000000 32.000000 1.000000 10000.000000 10000.000000 10000.000000 10000.000000
55.000000 33.000000 1.000000 10000.000000 10000.000000 10000.000000 10000.000000
55.000000 34.000000 1.000000 10000.000000 10000.000000 10000.000000 10000.000000
55.000000 35.000000 1.000000 10000.000000 10000.000000 10000.000000 10000.000000
55.000000 36.000000 1.000000 10000.000000 10000.000000 10000.000000 10000.000000
55.000000 37.000000 1.000000 10000.000000 10000.000000 10000.000000 10000.000000
55.000000 38.000000 1.000000 10000.000000 10000.000000 10000.000000 10000.000000
55.000000 39.000000 1.000000 10000.000000 10000.000000 10000.000000 10000.000000
55.000000 40.000000 1.000000 10000.000000 10000.000000 10000.000000 10000.000000
55.000000 41.000000 1.000000 10000.000000 10000.000000 10000.000000 10000.000000
55.000000 42.000000 1.000000 10000.000000 10000.000000 10000.000000 10000.000000
55.000000 43.000000 1.000000 10000.000000 10000.000000 10000.000000 10000.000000
55.000000 44.000000 1.000000 10000.000000 10000.000000 10000.000000 10000.000000
55.000000 45.000000 1.000000 10000.000000 10000.000000 10000.000000 10000.000000
55.000000 46.000000 1.000000 10000.000000 10000.000000 10000.000000 10000.000000
55.000000 47.000000 1.000000 10000.000000 10000.000000 10000.000000 10000.000000
55.000000 48.000000 1.000000 10000.000000 10000.000000 10000.000000 10000.000000
55.000000 49.000000 1.000000 10000.000000 10000.000000 10000.000000 10000.000000
56.000000 0.000000 1.000000 10000.000000 10000.000000 10000.000000 10000.000000
56.000000 1.000000 1.000000 9999.000000 10000.000000 9999.000000 9999.000000
56.000000 2.000000 1.000000 9999.000000 10000.000000 9999.000000 9999.000000
56.000000 3.000000 1.000000 9999.000000 10000.000000 9999.000000 9999.000000
56.000000 4.000000 1.000000 9999.000000 10000.000000 9999.000000 9999.000000
56.000000 5.000000 1.000000 9999.000000 10000.000000 9999.000000 9999.000000
56.000000 6.000000 1.000000 9999.000000 10000.000000 9999.000000 9999.000000
56.000000 7.000000 1.000000 10000.000000 10000.000000 10000.000000 10000.000000
56.000000 8.000000 1.000000 10000.000000 10000.000000 10000.000000 10000.000000
56.000000 9.000000 1.000000 10000.000000 10000.000000 10000.000000 10000.000000
56.000000 10.000000 1.000000 10000.000000 10000.000000 10000.000000 10000.000000
56.000000 11.000000 1.000000 10000.000000 10000.000000 10000.000000 10000.000000
56.000000 12.000000 1.000000 10000.000000 10000.000000 10000.000000 10000.000000
56.000000 13.000000 1.000000 10000.000000 10000.000000 10000.000000 10000.000000
56.000000 14.000000 1.000000 10000.000000 10000.000000 10000.000000 10000.000000
56.000000 15.000000 1.000000 10000.000000 10000.000000 10000.000000 10000.000000
56.000000 16.000000 1.000000 10000.000000 10000.000000 10000.000000 10000.000000
56.000000 17.000000 1.000000 10000.000000 10000.000000 10000.000000 10000.000000
56.000000 18.000000 1.000000 10000.000000 10000.000000 10000.000000 10000.000000
56.000000 19.000000 1.000000 10000.000000 10000.000000 10000.000000 10000.000000
56.000000 20.000000 1.000000 10000.000000 10000.000000 10000.000000 10000.000000
56.000000 21.000000 1.000000 10000.000000 10000.000000 10000.000000 10000.000000
56.000000 22.000000 1.000000 10000.000000 10000.000000 10000.000000 10000.000000
56.000000 23.000000 1.000000 10000.000000 10000.000000 10000.000000 10000.000000
56.000000 24.000000 1.000000 10000.000000 10000.000000 10000.000000 10000.000000
56.000000 25.000000 1.000000 10000.000000 10000.000000 10000.000000 10000.000000
56.000000 26.000000 1.000000 10000.000000 10000.000000 10000.000000 10000.000000
56.000000 27.000000 1.000000 10000.000000 10000.000000 10000.000000 10000.000000
56.000000 28.000000 1.000000 10000.000000 10000.000000 10000.000000 10000.000000
56.000000 29.000000 1.000000 10000.000000 10000.000000 10000.000000 10000.000000
56.000000 30.000000 1.000000 10000.000000 10000.000000 10000.000000 10000.000000
56.000000 31.000000 1.000000 10000.000000 10000.000000 10000.000000 10000.000000
56.000000 32.000000 1.000000 10000.000000 10000.000000 10000.000000 10000.000000
56.000000 33.000000 1.000000 10000.000000 10000.000000 10000.000000 10000.000000
56.000000 34.000000 1.000000 10000.000000 10000.000000 10000.000000 10000.000000
56.000000 35.000000 1.000000 10000.000000 10000.000000 10000.000000 10000.000000
56.000000 36.000000 1.000000 10000.000000 10000.000000 10000.000000 10000.000000
56.000000 37.000000 1.000000 10000.000000 10000.000000 10000.000000 10000.000000
56.000000 38.000000 1.000000 10000.000000 10000.000000 10000.000000 10000.000000
56.000000 39.000000 1.000000 10000.000000 10000.000000 10000.000000 10000.000000
56.000000 40.000000 1.000000 10000.000000 10000.000000 10000.000000 10000.000000
56.000000 41.000000 1.000000 10000.000000 10000.000000 10000.000000 10000.000000
56.000000 42.000000 1.000000 10000.000000 10000.000000 10000.000000 10000.000000
56.000000 43.000000 1.000000 10000.000000 10000.000000 10000.000000 10000.000000
56.000000 44.000000 1.000000 10000.000000 10000.000000 10000.000000 10000.000000
56.000000 45.000000 1.000000 10000.000000 10000.000000 10000.000000 10000.000000
56.000000 46.000000 1.000000 10000.000000 10000.000000 10000.000000 10000.000000
56.000000 47.000000 1.000000 10000.000000 10000.000000 10000.000000 10000.000000
56.000000 48.000000 1.000000 10000.000000 10000.000000 10000.000000 10000.000000
56.000000 49.000000 1.000000 10000.000000 10000.000000 10000.000000 10000.000000
57.000000 0.000000 1.000000 10000.000000 10000.000000 10000.000000 10000.000000
57.000000 1.000000 1.000000 9999.000000 10000.000000 9999.000000 9999.000000
57.000000 2.000000 1.000000 9996.000000 10000.000000 9996.000000 9996.000000
57.000000 3.000000 1.000000 9859.000000 10000.000000 9859.000000 9859.000000
57.000000 4.000000 1.000000 9180.000000 10000.000000 9180.000000 9180.000000
57.000000 5.000000 1.000000 7738.000000 10000.000000 7738.000000 7738.000000
57.000000 6.000000 1.000000 6133.000000 10000.000000 6133.000000 6133.000000
57.000000 7.000000 1.000000 5018.000000 10000.000000 5018.000000 5018.000000
57.000000 8.000000 1.000000 4543.000000 10000.000000 4543.000000 4543.000000
57.000000 9.000000 1.000000 4868.000000 10000.000000 4868.000000 4868.000000
57.000000 10.000000 1.000000 6137.000000 10000.000000 6137.000000 6137.000000
57.000000 11.000000 1.000000 7661.000000 10000.000000 7661.000000 7661.000000
57.000000 12.000000 1.000000 8821.000000 10000.000000 8821.000000 8821.000000
57.000000 13.000000 1.000000 9455.000000 10000.000000 9455.000000 9455.000000
57.000000 14.000000 1.000000 9784.000000 10000.000000 9784.000000 9784.000000
57.000000 15.000000 1.000000 9899.000000 10000.000000 9899.000000 9899.000000
57.000000 16.000000 1.000000 9971.000000 10000.000000 9971.000000 9971.000000
57.000000 17.000000 1.000000 9987.000000 10000.000000 9987.000000 9987.000000
57.000000 18.000000 1.000000 9996.000000 10000.000000 9996.000000 9996.000000
57.000000 19.000000 1.000000 9998.000000 10000.000000 9998.000000 9998.000000
57.000000 20.000000 1.000000 9998.000000 10000.000000 9998.000000 9998.000000
57.000000 21.000000 1.000000 9998.000000 10000.000000 9998.000000 9998.000000
57.000000 22.000000 1.000000 10000.000000 10000.000000 10000.000000 10000.000000
57.000000 23.000000 1.000000 10000.000000 10000.000000 10000.000000 10000.000000
57.000000 24.000000 1.000000 10000.000000 10000.000000 10000.000000 10000.000000
57.000000 25.000000 1.000000 10000.000000 10000.000000 10000.000000 10000.000000
57.000000 26.000000 1.000000 10000.000000 10000.000000 10000.000000 10000.000000
57.000000 27.000000 1.000000 10000.000000 10000.000000 10000.000000 10000.000000
57.000000 28.000000 1.000000 10000.000000 10000.000000 10000.000000 10000.000000
57.000000 29.000000 1.000000 10000.000000 10000.000000 10000.000000 10000.000000
57.000000 30.000000 1.000000 10000.000000 10000.000000 10000.000000 10000.000000
57.000000 31.000000 1.000000 10000.000000 10000.000000 10000.000000 10000.000000
57.000000 32.000000 1.000000 10000.000000 10000.000000 10000.000000 10000.000000
57.000000 33.000000 1.000000 10000.000000 10000.000000 10000.000000 10000.000000
57.000000 34.000000 1.000000 10000.000000 10000.000000 10000.000000 10000.000000
57.000000 35.000000 1.000000 10000.000000 10000.000000 10000.000000 10000.000000
57.000000 36.000000 1.000000 10000.000000 10000.000000 10000.000000 10000.000000
57.000000 37.000000 1.000000 10000.000000 10000.000000 10000.000000 10000.000000
57.000000 38.000000 1.000000 10000.000000 10000.000000 10000.000000 10000.000000
57.000000 39.000000 1.000000 10000.000000 10000.000000 10000.000000 10000.000000
57.000000 40.000000 1.000000 10000.000000 10000.000000 10000.000000 10000.000000
57.000000 41.000000 1.000000 10000.000000 10000.000000 10000.000000 10000.000000
57.000000 42.000000 1.000000 10000.000000 10000.000000 10000.000000 10000.000000
57.000000 43.000000 1.000000 10000.000000 10000.000000 10000.000000 10000.000000
57.000000 44.000000 1.000000 10000.000000 10000.000000 10000.000000 10000.000000
57.000000 45.000000 1.000000 10000.000000 10000.000000 10000.000000 10000.000000
57.000000 46.000000 1.000000 10000.000000 10000.000000 10000.000000 10000.000000
57.000000 47.000000 1.000000 10000.000000 10000.000000 10000.000000 10000.000000
57.000000 48.000000 1.000000 10000.000000 10000.000000 10000.000000 10000.000000
57.000000 49.000000 1.000000 10000.000000 10000.000000 10000.000000 10000.000000
58.000000 0.000000 1.000000 10000.000000 10000.000000 10000.000000 10000.000000
58.000000 1.000000 1.000000 9999.000000 10000.000000 9999.000000 9999.000000
58.000000 2.000000 1.000000 9999.000000 10000.000000 9999.000000 9999.000000
58.000000 3.000000 1.000000 9999.000000 10000.000000 9999.000000 9999.000000
58.000000 4.000000 1.000000 9999.000000 10000.000000 9999.000000 9999.000000
58.000000 5.000000 1.000000 9999.000000 10000.000000 9999.000000 9999.000000
58.000000 6.000000 1.000000 10000.000000 10000.000000 10000.000000 10000.000000
58.000000 7.000000 1.000000 10000.000000 10000.000000 10000.000000 10000.000000
58.000000 8.000000 1.000000 10000.000000 10000.000000 10000.000000 10000.000000
58.000000 9.000000 1.000000 10000.000000 10000.000000 10000.000000 10000.000000
58.000000 10.000000 1.000000 10000.000000 10000.000000 10000.000000 10000.000000
58.000000 11.000000 1.000000 10000.000000 10000.000000 10000.000000 10000.000000
58.000000 12.000000 1.000000 10000.000000 10000.000000 10000.000000 10000.000000
58.000000 13.000000 1.000000 10000.000000 10000.000000 10000.000000 10000.000000
58.000000 14.000000 1.000000 10000.000000 10000.000000 10000.000000 10000.000000
58.000000 15.000000 1.000000 10000.000000 10000.000000 10000.000000 10000.000000
58.000000 16.000000 1.000000 10000.000000 10000.000000 10000.000000 10000.000000
58.000000 17.000000 1.000000 10000.000000 10000.000000 10000.000000 10000.000000
58.000000 18.000000 1.000000 10000.000000 10000.000000 10000.000000 10000.000000
58.000000 19.000000 1.000000 10000.000000 10000.000000 10000.000000 10000.000000
58.000000 20.000000 1.000000 10000.000000 10000.000000 10000.000000 10000.000000
58.000000 21.000000 1.000000 10000.000000 10000.000000 10000.000000 10000.000000
58.000000 22.000000 1.000000 10000.000000 10000.000000 10000.000000 10000.000000
58.000000 23.000000 1.000000 10000.000000 10000.000000 10000.000000 10000.000000
58.000000 24.000000 1.000000 10000.000000 10000.000000 10000.000000 10000.000000
58.000000 25.000000 1.000000 10000.000000 10000.000000 10000.000000 10000.000000
58.000000 26.000000 1.000000 10000.000000 10000.000000 10000.000000 10000.000000
58.000000 27.000000 1.000000 10000.000000 10000.000000 10000.000000 10000.000000
58.000000 28.000000 1.000000 10000.000000 10000.000000 10000.000000 10000.000000
58.000000 29.000000 1.000000 10000.000000 10000.000000 10000.000000 10000.000000
58.000000 30.000000 1.000000 10000.000000 10000.000000 10000.000000 10000.000000
58.000000 31.000000 1.000000 10000.000000 10000.000000 10000.000000 10000.000000
58.000000 32.000000 1.000000 10000.000000 10000.000000 10000.000000 10000.000000
58.000000 33.000000 1.000000 10000.000000 10000.000000 10000.000000 10000.000000
58.000000 34.000000 1.000000 10000.000000 10000.000000 10000.000000 10000.000000
58.000000 35.000000 1.000000 10000.000000 10000.000000 10000.000000 10000.000000
58.000000 36.000000 1.000000 10000.000000 10000.000000 10000.000000 10000.000000
58.000000 37.000000 1.000000 10000.000000 10000.000000 10000.000000 10000.000000
58.000000 38.000000 1.000000 10000.000000 10000.000000 10000.000000 10000.000000
58.000000 39.000000 1.000000 10000.000000 10000.000000 10000.000000 10000.000000
58.000000 40.000000 1.000000 10000.000000 10000.000000 10000.000000 10000.000000
58.000000 41.000000 1.000000 10000.000000 10000.000000 10000.000000 10000.000000
58.000000 42.000000 1.000000 10000.000000 10000.000000 10000.000000 10000.000000
58.000000 43.000000 1.000000 10000.000000 10000.000000 10000.000000 10000.000000
58.000000 44.000000 1.000000 10000.000000 10000.000000 10000.000000 10000.000000
58.000000 45.000000 1.000000 10000.000000 10000.000000 10000.000000 10000.000000
58.000000 46.000000 1.000000 10000.000000 10000.000000 10000.000000 10000.000000
58.000000 47.000000 1.000000 10000.000000 10000.000000 10000.000000 10000.000000
58.000000 48.000000 1.000000 10000.000000 10000.000000 10000.000000 10000.000000
58.000000 49.000000 1.000000 10000.000000 10000.000000 10000.000000 10000.000000
59.000000 0.000000 1.000000 10000.000000 10000.000000 10000.000000 10000.000000
59.000000 1.000000 1.000000 10000.000000 10000.000000 10000.000000 10000.000000
59.000000 2.000000 1.000000 10000.000000 10000.000000 10000.000000 10000.000000
59.000000 3.000000 1.000000 9999.000000 10000.000000 9999.000000 9999.000000
59.000000 4.000000 1.000000 9999.000000 10000.000000 9999.000000 9999.000000
59.000000 5.000000 1.000000 9999.000000 10000.000000 9999.000000 9999.000000
59.000000 6.000000 1.000000 9999.000000 10000.000000 9999.000000 9999.000000
59.000000 7.000000 1.000000 9999.000000 10000.000000 9999.000000 9999.000000
59.000000 8.000000 1.000000 10000.000000 10000.000000 10000.000000 10000.000000
59.000000 9.000000 1.000000 10000.000000 10000.000000 10000.000000 10000.000000
59.000000 10.000000 1.000000 10000.000000 10000.000000 10000.000000 10000.000000
59.000000 11.000000 1.000000 10000.000000 10000.000000 10000.000000 10000.000000
59.000000 12.000000 1.000000 10000.000000 10000.000000 10000.000000 10000.000000
59.000000 13.000000 1.000000 10000.000000 10000.000000 10000.000000 10000.000000
59.000000 14.000000 1.000000 10000.000000 10000.000000 10000.000000 10000.000000
59.000000 15.000000 1.000000 10000.000000 10000.000000 10000.000000 10000.000000
59.000000 16.000000 1.000000 10000.000000 10000.000000 10000.000000 10000.000000
59.000000 17.000000 1.000000 10000.000000 10000.000000 10000.000000 10000.000000
59.000000 18.000000 1.000000 10000.000000 10000.000000 10000.000000 10000.000000
59.000000 19.000000 1.000000 10000.000000 10000.000000 10000.000000 10000.000000
59.000000 20.000000 1.000000 10000.000000 10000.000000 10000.000000 10000.000000
59.000000 21.000000 1.000000 10000.000000 10000.000000 10000.000000 10000.000000
59.000000 22.000000 1.000000 10000.000000 10000.000000 10000.000000 10000.000000
59.000000 23.000000 1.000000 10000.000000 10000.000000 10000.000000 10000.000000
59.000000 24.000000 1.000000 10000.000000 10000.000000 10000.000000 10000.000000
59.000000 25.000000 1.000000 10000.000000 10000.000000 10000.000000 10000.000000
59.000000 26.000000 1.000000 10000.000000 10000.000000 10000.000000 10000.000000
59.000000 27.000000 1.000000 10000.000000 10000.000000 10000.000000 10000.000000
59.000000 28.000000 1.000000 10000.000000 10000.000000 10000.000000 10000.000000
59.000000 29.000000 1.000000 10000.000000 10000.000000 10000.000000 10000.000000
59.000000 30.000000 1.000000 10000.000000 10000.000000 10000.000000 10000.000000
59.000000 31.000000 1.000000 10000.000000 10000.000000 10000.000000 10000.000000
59.000000 32.000000 1.000000 10000.000000 10000.000000 10000.000000 10000.000000
59.000000 33.000000 1.000000 10000.000000 10000.000000 10000.000000 10000.000000
59.000000 34.000000 1.000000 10000.000000 10000.000000 10000.000000 10000.000000
59.000000 35.000000 1.000000 10000.000000 10000.000000 10000.000000 10000.000000
59.000000 36.000000 1.000000 10000.000000 10000.000000 10000.000000 10000.000000
59.000000 37.000000 1.000000 10000.000000 10000.000000 10000.000000 10000.000000
59.000000 38.000000 1.000000 10000.000000 10000.000000 10000.000000 10000.000000
59.000000 39.000000 1.000000 10000.000000 10000.000000 10000.000000 10000.000000
59.000000 40.000000 1.000000 10000.000000 10000.000000 10000.000000 10000.000000
59.000000 41.000000 1.000000 10000.000000 10000.000000 10000.000000 10000.000000
59.000000 42.000000 1.000000 10000.000000 10000.000000 10000.000000 10000.000000
59.000000 43.000000 1.000000 10000.000000 10000.000000 10000.000000 10000.000000
59.000000 44.000000 1.000000 10000.000000 10000.000000 10000.000000 10000.000000
59.000000 45.000000 1.000000 10000.000000 10000.000000 10000.000000 10000.000000
59.000000 46.000000 1.000000 10000.000000 10000.000000 10000.000000 10000.000000
59.000000 47.000000 1.000000 10000.000000 10000.000000 10000.000000 10000.000000
59.000000 48.000000 1.000000 10000.000000 10000.000000 10000.000000 10000.000000
59.000000 49.000000 1.000000 10000.000000 10000.000000 10000.000000 10000.000000
60.000000 0.000000 1.000000 10000.000000 10000.000000 10000.000000 10000.000000
60.000000 1.000000 1.000000 10000.000000 10000.000000 10000.000000 10000.000000
60.000000 2.000000 1.000000 10000.000000 10000.000000 10000.000000 10000.000000
60.000000 3.000000 1.000000 10000.000000 10000.000000 10000.000000 10000.000000
60.000000 4.000000 1.000000 10000.000000 10000.000000 10000.000000 10000.000000
60.000000 5.000000 1.000000 10000.000000 10000.000000 10000.000000 10000.000000
60.000000 6.000000 1.000000 10000.000000 10000.000000 10000.000000 10000.000000
60.000000 7.000000 1.000000 10000.000000 10000.000000 10000.000000 10000.000000
60.000000 8.000000 1.000000 10000.000000 10000.000000 10000.000000 10000.000000
60.000000 9.000000 1.000000 10000.000000 10000.000000 10000.000000 10000.000000
60.000000 10.000000 1.000000 10000.000000 10000.000000 10000.000000 10000.000000
60.000000 11.000000 1.000000 10000.000000 10000.000000 10000.000000 10000.000000
60.000000 12.000000 1.000000 10000.000000 10000.000000 10000.000000 10000.000000
60.000000 13.000000 1.000000 10000.000000 10000.000000 10000.000000 10000.000000
60.000000 14.000000 1.000000 10000.000000 10000.000000 10000.000000 10000.000000
60.000000 15.000000 1.000000 10000.000000 10000.000000 10000.000000 10000.000000
60.000000 16.000000 1.000000 10000.000000 10000.000000 10000.000000 10000.000000
60.000000 17.000000 1.000000 10000.000000 10000.000000 10000.000000 10000.000000
60.000000 18.000000 1.000000 10000.000000 10000.000000 10000.000000 10000.000000
60.000000 19.000000 1.000000 10000.000000 10000.000000 10000.000000 10000.000000
60.000000 20.000000 1.000000 10000.000000 10000.000000 10000.000000 10000.000000
60.000000 21.000000 1.000000 10000.000000 10000.000000 10000.000000 10000.000000
60.000000 22.000000 1.000000 10000.000000 10000.000000 10000.000000 10000.000000
60.000000 23.000000 1.000000 10000.000000 10000.000000 10000.000000 10000.000000
60.000000 24.000000 1.000000 10000.000000 10000.000000 10000.000000 10000.000000
60.000000 25.000000 1.000000 10000.000000 10000.000000 10000.000000 10000.000000
60.000000 26.000000 1.000000 10000.000000 10000.000000 10000.000000 10000.000000
60.000000 27.000000 1.000000 10000.000000 10000.000000 10000.000000 10000.000000
60.000000 28.000000 1.000000 10000.000000 10000.000000 10000.000000 10000.000000
60.000000 29.000000 1.000000 10000.000000 10000.000000 10000.000000 10000.000000
60.000000 30.000000 1.000000 10000.000000 10000.000000 10000.000000 10000.000000
60.000000 31.000000 1.000000 10000.000000 10000.000000 10000.000000 10000.000000
60.000000 32.000000 1.000000 10000.000000 10000.000000 10000.000000 10000.000000
60.000000 33.000000 1.000000 10000.000000 10000.000000 10000.000000 10000.000000
60.000000 34.000000 1.000000 10000.000000 10000.000000 10000.000000 10000.000000
60.000000 35.000000 1.000000 10000.000000 10000.000000 10000.000000 10000.000000
60.000000 36.000000 1.000000 10000.000000 10000.000000 10000.000000 10000.000000
60.000000 37.000000 1.000000 10000.000000 10000.000000 10000.000000 10000.000000
60.000000 38.000000 1.000000 10000.000000 10000.000000 10000.000000 10000.000000
60.000000 39.000000 1.000000 10000.000000 10000.000000 10000.000000 10000.000000
60.000000 40.000000 1.000000 10000.000000 10000.000000 10000.000000 10000.000000
60.000000 41.000000 1.000000 10000.000000 10000.000000 10000.000000 10000.000000
60.000000 42.000000 1.000000 10000.000000 10000.000000 10000.000000 10000.000000
60.000000 43.000000 1.000000 10000.000000 10000.000000 10000.000000 10000.000000
60.000000 44.000000 1.000000 10000.000000 10000.000000 10000.000000 10000.000000
60.000000 45.000000 1.000000 10000.000000 10000.000000 10000.000000 10000.000000
60.000000 46.000000 1.000000 10000.000000 10000.000000 10000.000000 10000.000000
60.000000 47.000000 1.000000 10000.000000 10000.000000 10000.000000 10000.000000
60.000000 48.000000 1.000000 10000.000000 10000.000000 10000.000000 10000.000000
60.000000 49.000000 1.000000 10000.000000 10000.000000 10000.000000 10000.000000
61.000000 0.000000 1.000000 10000.000000 10000.000000 10000.000000 10000.000000
61.000000 1.000000 1.000000 10000.000000 10000.000000 10000.000000 10000.000000
61.000000 2.000000 1.000000 9996.000000 10000.000000 9996.000000 9996.000000
61.000000 3.000000 1.000000 9956.000000 10000.000000 9956.000000 9956.000000
61.000000 4.000000 1.000000 9803.000000 10000.000000 9803.000000 9803.000000
61.000000 5.000000 1.000000 9133.000000 10000.000000 9133.000000 9133.000000
61.000000 6.000000 1.000000 7715.000000 10000.000000 7715.000000 7715.000000
61.000000 7.000000 1.000000 6259.000000 10000.000000 6259.000000 6259.000000
61.000000 8.000000 1.000000 5281.000000 10000.000000 5281.000000 5281.000000
61.000000 9.000000 1.000000 4775.000000 10000.000000 4775.000000 4775.000000
61.000000 10.000000 1.000000 5085.000000 10000.000000 5085.000000 5085.000000
61.000000 11.000000 1.000000 6232.000000 10000.000000 6232.000000 6232.000000
61.000000 12.000000 1.000000 7626.000000 10000.000000 7626.000000 7626.000000
61.000000 13.000000 1.000000 8653.000000 10000.000000 8653.000000 8653.000000
61.000000 14.000000 1.000000 9326.000000 10000.000000 9326.000000 9326.000000
61.000000 15.000000 1.000000 9649.000000 10000.000000 9649.000000 9649.000000
61.000000 16.000000 1.000000 9836.000000 10000.000000 9836.000000 9836.000000
61.000000 17.000000 1.000000 9925.000000 10000.000000 9925.000000 9925.000000
61.000000 18.000000 1.000000 9960.000000 10000.000000 9960.000000 9960.000000
61.000000 19.000000 1.000000 9981.000000 10000.000000 9981.000000 9981.000000
61.000000 20.000000 1.000000 9987.000000 10000.000000 9987.000000 9987.000000
61.000000 21.000000 1.000000 9992.000000 10000.000000 9992.000000 9992.000000
61.000000 22.000000 1.000000 9997.000000 10000.000000 9997.000000 9997.000000
61.000000 23.000000 1.000000 10000.000000 10000.000000 10000.000000 10000.000000
61.000000 24.000000 1.000000 10000.000000 10000.000000 10000.000000 10000.000000
61.000000 25.000000 1.000000 10000.000000 10000.000000 10000.000000 10000.000000
61.000000 26.000000 1.000000 10000.000000 10000.000000 10000.000000 10000.000000
61.000000 27.000000 1.000000 10000.000000 10000.000000 10000.000000 10000.000000
61.000000 28.000000 1.000000 10000.000000 10000.000000 10000.000000 10000.000000
61.000000 29.000000 1.000000 10000.000000 10000.000000 10000.000000 10000.000000
61.000000 30.000000 1.000000 10000.000000 10000.000000 10000.000000 10000.000000
61.000000 31.000000 1.000000 10000.000000 10000.000000 10000.000000 10000.000000
61.000000 32.000000 1.000000 10000.000000 10000.000000 10000.000000 10000.000000
61.000000 33.000000 1.000000 10000.000000 10000.000000 10000.000000 10000.000000
61.000000 34.000000 1.000000 10000.000000 10000.000000 10000.000000 10000.000000
61.000000 35.000000 1.000000 10000.000000 10000.000000 10000.000000 10000.000000
61.000000 36.000000 1.000000 10000.000000 10000.000000 10000.000000 10000.000000
61.000000 37.000000 1.000000 10000.000000 10000.000000 10000.000000 10000.000000
61.000000 38.000000 1.000000 10000.000000 10000.000000 10000.000000 10000.000000
61.000000 39.000000 1.000000 10000.000000 10000.000000 10000.000000 10000.000000
61.000000 40.000000 1.000000 10000.000000 10000.000000 10000.000000 10000.000000
61.000000 41.000000 1.000000 10000.000000 10000.000000 10000.000000 10000.000000
61.000000 42.000000 1.000000 10000.000000 10000.000000 10000.000000 10000.000000
61.000000 43.000000 1.000000 10000.000000 10000.000000 10000.000000 10000.000000
61.000000 44.000000 1.000000 10000.000000 10000.000000 10000.000000 10000.000000
61.000000 45.000000 1.000000 10000.000000 10000.000000 10000.000000 10000.000000
61.000000 46.000000 1.000000 10000.000000 10000.000000 10000.000000 10000.000000
61.000000 47.000000 1.000000 10000.000000 10000.000000 10000.000000 10000.000000
61.000000 48.000000 1.000000 10000.000000 10000.000000 10000.000000 10000.000000
61.000000 49.000000 1.000000 10000.000000 10000.000000 10000.000000 10000.000000
62.000000 0.000000 1.000000 10000.000000 10000.000000 10000.000000 10000.000000
62.000000 1.000000 1.000000 10000.000000 10000.000000 10000.000000 10000.000000
62.000000 2.000000 1.000000 9998.000000 10000.000000 9998.000000 9998.000000
62.000000 3.000000 1.000000 9971.000000 10000.000000 9971.000000 9971.000000
62.000000 4.000000 1.000000 9901.000000 10000.000000 9901.000000 9901.000000
62.000000 5.000000 1.000000 9647.000000 10000.000000 9647.000000 9647.000000
62.000000 6.000000 1.000000 8674.000000 10000.000000 8674.000000 8674.000000
62.000000 7.000000 1.000000 6930.000000 10000.000000 6930.000000 6930.000000
62.000000 8.000000 1.000000 5474.000000 10000.000000 5474.000000 5474.000000
62.000000 9.000000 1.000000 4622.000000 10000.000000 4622.000000 4622.000000
62.000000 10.000000 1.000000 4405.000000 10000.000000 4405.000000 4405.000000
62.000000 11.000000 1.000000 5098.000000 10000.000000 5098.000000 5098.000000
62.000000 12.000000 1.000000 6710.000000 10000.000000 6710.000000 6710.000000
62.000000 13.000000 1.000000 8193.000000 10000.000000 8193.000000 8193.000000
62.000000 14.000000 1.000000 9169.000000 10000.000000 9169.000000 9169.000000
62.000000 15.000000 1.000000 9684.000000 10000.000000 9684.000000 9684.000000
62.000000 16.000000 1.000000 9868.000000 10000.000000 9868.000000 9868.000000
62.000000 17.000000 1.000000 9957.000000 10000.000000 9957.000000 9957.000000
62.000000 18.000000 1.000000 9985.000000 10000.000000 9985.000000 9985.000000
62.000000 19.000000 1.000000 9997.000000 10000.000000 9997.000000 9997.000000
62.000000 20.000000 1.000000 10000.000000 10000.000000 10000.000000 10000.000000
62.000000 21.000000 1.000000 10000.000000 10000.000000 10000.000000 10000.000000
62.000000 22.000000 1.000000 10000.000000 10000.000000 10000.000000 10000.000000
62.000000 23.000000 1.000000 10000.000000 10000.000000 10000.000000 10000.000000
62.000000 24.000000 1.000000 10000.000000 10000.000000 10000.000000 10000.000000
62.000000 25.000000 1.000000 10000.000000 10000.000000 10000.000000 10000.000000
62.000000 26.000000 1.000000 10000.000000 10000.000000 10000.000000 10000.000000
62.000000 27.000000 1.000000 10000.000000 10000.000000 10000.000000 10000.000000
62.000000 28.000000 1.000000 10000.000000 10000.000000 10000.000000 10000.000000
62.000000 29.000000 1.000000 10000.000000 10000.000000 10000.000000 10000.000000
62.000000 30.000000 1.000000 10000.000000 10000.000000 10000.000000 10000.000000
62.000000 31.000000 1.000000 10000.000000 10000.000000 10000.000000 10000.000000
62.000000 32.000000 1.000000 10000.000000 10000.000000 10000.000000 10000.000000
62.000000 33.000000 1.000000 10000.000000 10000.000000 10000.000000 10000.000000
62.000000 34.000000 1.000000 10000.000000 10000.000000 10000.000000 10000.000000
62.000000 35.000000 1.000000 10000.000000 10000.000000 10000.000000 10000.000000
62.000000 36.000000 1.000000 10000.000000 10000.000000 10000.000000 10000.000000
62.000000 37.000000 1.000000 10000.000000 10000.000000 10000.000000 10000.000000
62.000000 38.000000 1.000000 10000.000000 10000.000000 10000.000000 10000.000000
62.000000 39.000000 1.000000 10000.000000 10000.000000 10000.000000 10000.000000
62.000000 40.000000 1.000000 10000.000000 10000.000000 10000.000000 10000.000000
62.000000 41.000000 1.000000 10000.000000 10000.000000 10000.000000 10000.000000
62.000000 42.000000 1.000000 10000.000000 10000.000000 10000.000000 10000.000000
62.000000 43.000000 1.000000 10000.000000 10000.000000 10000.000000 10000.000000
62.000000 44.000000 1.000000 10000.000000 10000.000000 10000.000000 10000.000000
62.000000 45.000000 1.000000 10000.000000 10000.000000 10000.000000 10000.000000
62.000000 46.000000 1.000000 10000.000000 10000.000000 10000.000000 10000.000000
62.000000 47.000000 1.000000 10000.000000 10000.000000 10000.000000 10000.000000
62.000000 48.000000 1.000000 10000.000000 10000.000000 10000.000000 10000.000000
62.000000 49.000000 1.000000 10000.000000 10000.000000 10000.000000 10000.000000
63.000000 0.000000 1.000000 10000.000000 10000.000000 10000.000000 10000.000000
63.000000 1.000000 1.000000 10000.000000 10000.000000 10000.000000 10000.000000
63.000000 2.000000 1.000000 9999.000000 10000.000000 9999.000000 9999.000000
63.000000 3.000000 1.000000 9999.000000 10000.000000 9999.000000 9999.000000
63.000000 4.000000 1.000000 9999.000000 10000.000000 9999.000000 9999.000000
63.000000 5.000000 1.000000 9999.000000 10000.000000 9999.000000 9999.000000
63.000000 6.000000 1.000000 9999.000000 10000.000000 9999.000000 9999.000000
63.000000 7.000000 1.000000 10000.000000 10000.000000 10000.000000 10000.000000
63.000000 8.000000 1.000000 10000.000000 10000.000000 10000.000000 10000.000000
63.000000 9.000000 1.000000 10000.000000 10000.000000 10000.000000 10000.000000
63.000000 10.000000 1.000000 10000.000000 10000.000000 10000.000000 10000.000000
63.000000 11.000000 1.000000 10000.000000 10000.000000 10000.000000 10000.000000
63.000000 12.000000 1.000000 10000.000000 10000.000000 10000.000000 10000.000000
63.000000 13.000000 1.000000 10000.000000 10000.000000 10000.000000 10000.000000
63.000000 14.000000 1.000000 10000.000000 10000.000000 10000.000000 10000.000000
63.000000 15.000000 1.000000 10000.000000 10000.000000 10000.000000 10000.000000
63.000000 16.000000 1.000000 10000.000000 10000.000000 10000.000000 10000.000000
63.000000 17.000000 1.000000 10000.000000 10000.000000 10000.000000 10000.000000
63.000000 18.000000 1.000000 10000.000000 10000.000000 10000.000000 10000.000000
63.000000 19.000000 1.000000 10000.000000 10000.000000 10000.000000 10000.000000
63.000000 20.000000 1.000000 10000.000000 10000.000000 10000.000000 10000.000000
63.000000 21.000000 1.000000 10000.000000 10000.000000 10000.000000 10000.000000
63.000000 22.000000 1.000000 10000.000000 10000.000000 10000.000000 10000.000000
63.000000 23.000000 1.000000 10000.000000 10000.000000 10000.000000 10000.000000
63.000000 24.000000 1.000000 10000.000000 10000.000000 10000.000000 10000.000000
63.000000 25.000000 1.000000 10000.000000 10000.000000 10000.000000 10000.000000
63.000000 26.000000 1.000000 10000.000000 10000.000000 10000.000000 10000.000000
63.000000 27.000000 1.000000 10000.000000 10000.000000 10000.000000 10000.000000
63.000000 28.000000 1.000000 10000.000000 10000.000000 10000.000000 10000.000000
63.000000 29.000000 1.000000 10000.000000 10000.000000 10000.000000 10000.000000
63.000000 30.000000 1.000000 10000.000000 10000.000000 10000.000000 10000.000000
63.000000 31.000000 1.000000 10000.000000 10000.000000 10000.000000 10000.000000
63.000000 32.000000 1.000000 10000.000000 10000.000000 10000.000000 10000.000000
63.000000 33.000000 1.000000 10000.000000 10000.000000 10000.000000 10000.000000
63.000000 34.000000 1.000000 10000.000000 10000.000000 10000.000000 10000.000000
63.000000 35.000000 1.000000 10000.000000 10000.000000 10000.000000 10000.000000
63.000000 36.000000 1.000000 10000.000000 10000.000000 10000.000000 10000.000000
63.000000 37.000000 1.000000 10000.000000 10000.000000 10000.000000 10000.000000
63.000000 38.000000 1.000000 10000.000000 10000.000000 10000.000000 10000.000000
63.000000 39.000000 1.000000 10000.000000 10000.000000 10000.000000 10000.000000
63.000000 40.000000 1.000000 10000.000000 10000.000000 10000.000000 10000.000000
63.000000 41.000000 1.000000 10000.000000 10000.000000 10000.000000 10000.000000
63.000000 42.000000 1.000000 10000.000000 10000.000000 10000.000000 10000.000000
63.000000 43.000000 1.000000 10000.000000 10000.000000 10000.000000 10000.000000
63.000000 44.000000 1.000000 10000.000000 10000.000000 10000.000000 10000.000000
63.000000 45.000000 1.000000 10000.000000 10000.000000 10000.000000 10000.000000
63.000000 46.000000 1.000000 10000.000000 10000.000000 10000.000000 10000.000000
63.000000 47.000000 1.000000 10000.000000 10000.000000 10000.000000 10000.000000
63.000000 48.000000 1.000000 10000.000000 10000.000000 10000.000000 10000.000000
63.000000 49.000000 1.000000 10000.000000 10000.000000 10000.000000 10000.000000
64.000000 0.000000 1.000000 10000.000000 10000.000000 10000.000000 10000.000000
64.000000 1.000000 1.000000 10000.000000 10000.000000 10000.000000 10000.000000
64.000000 2.000000 1.000000 9996.000000 10000.000000 9996.000000 9996.000000
64.000000 3.000000 1.000000 9973.000000 10000.000000 9973.000000 9973.000000
64.000000 4.000000 1.000000 9712.000000 10000.000000 9712.000000 9712.000000
64.000000 5.000000 1.000000 8794.000000 10000.000000 8794.000000 8794.000000
64.000000 6.000000 1.000000 7230.000000 10000.000000 7230.000000 7230.000000
64.000000 7.000000 1.000000 5773.000000 10000.000000 5773.000000 5773.000000
64.000000 8.000000 1.000000 4884.000000 10000.000000 4884.000000 4884.000000
64.000000 9.000000 1.000000 4638.000000 10000.000000 4638.000000 4638.000000
64.000000 10.000000 1.000000 5267.000000 10000.000000 5267.000000 5267.000000
64.000000 11.000000 1.000000 6682.000000 10000.000000 6682.000000 6682.000000
64.000000 12.000000 1.000000 8133.000000 10000.000000 8133.000000 8133.000000
64.000000 13.000000 1.000000 9091.000000 10000.000000 9091.000000 9091.000000
64.000000 14.000000 1.000000 9591.000000 10000.000000 9591.000000 9591.000000
64.000000 15.000000 1.000000 9832.000000 10000.000000 9832.000000 9832.000000
64.000000 16.000000 1.000000 9924.000000 10000.000000 9924.000000 9924.000000
64.000000 17.000000 1.000000 9970.000000 10000.000000 9970.000000 9970.000000
64.000000 18.000000 1.000000 9992.000000 10000.000000 9992.000000 9992.000000
64.000000 19.000000 1.000000 10000.000000 10000.000000 10000.000000 10000.000000
64.000000 20.000000 1.000000 10000.000000 10000.000000 10000.000000 10000.000000
64.000000 21.000000 1.000000 10000.000000 10000.000000 10000.000000 10000.000000
64.000000 22.000000 1.000000 10000.000000 10000.000000 10000.000000 10000.000000
64.000000 23.000000 1.000000 10000.000000 10000.000000 10000.000000 10000.000000
64.000000 24.000000 1.000000 10000.000000 10000.000000 10000.000000 10000.000000
64.000000 25.000000 1.000000 10000.000000 10000.000000 10000.000000 10000.000000
64.000000 26.000000 1.000000 10000.000000 10000.000000 10000.000000 10000.000000
64.000000 27.000000 1.000000 10000.000000 10000.000000 10000.000000 10000.000000
64.000000 28.000000 1.000000 10000.000000 10000.000000 10000.000000 10000.000000
64.000000 29.000000 1.000000 10000.000000 10000.000000 10000.000000 10000.000000
64.000000 30.000000 1.000000 10000.000000 10000.000000 10000.000000 10000.000000
64.000000 31.000000 1.000000 10000.000000 10000.000000 10000.000000 10000.000000
64.000000 32.000000 1.000000 10000.000000 10000.000000 10000.000000 10000.000000
64.000000 33.000000 1.000000 10000.000000 10000.000000 10000.000000 10000.000000
64.000000 34.000000 1.000000 10000.000000 10000.000000 10000.000000 10000.000000
64.000000 35.000000 1.000000 10000.000000 10000.000000 10000.000000 10000.000000
64.000000 36.000000 1.000000 10000.000000 10000.000000 10000.000000 10000.000000
64.000000 37.000000 1.000000 10000.000000 10000.000000 10000.000000 10000.000000
64.000000 38.000000 1.000000 10000.000000 10000.000000 10000.000000 10000.000000
64.000000 39.000000 1.000000 10000.000000 10000.000000 10000.000000 10000.000000
64.000000 40.000000 1.000000 10000.000000 10000.000000 10000.000000 10000.000000
64.000000 41.000000 1.000000 10000.000000 10000.000000 10000.000000 10000.000000
64.000000 42.000000 1.000000 10000.000000 10000.000000 10000.000000 10000.000000
64.000000 43.000000 1.000000 10000.000000 10000.000000 10000.000000 10000.000000
64.000000 44.000000 1.000000 10000.000000 10000.000000 10000.000000 10000.000000
64.000000 45.000000 1.000000 10000.000000 10000.000000 10000.000000 10000.000000
64.000000 46.000000 1.000000 10000.000000 10000.000000 10000.000000 10000.000000
64.000000 47.000000 1.000000 10000.000000 10000.000000 10000.000000 10000.000000
64.000000 48.000000 1.000000 10000.000000 10000.000000 10000.000000 10000.000000
64.000000 49.000000 1.000000 10000.000000 10000.000000 10000.000000 10000.000000
65.000000 0.000000 1.000000 10000.000000 10000.000000 10000.000000 10000.000000
65.000000 1.000000 1.000000 10000.000000 10000.000000 10000.000000 10000.000000
65.000000 2.000000 1.000000 9998.000000 10000.000000 9998.000000 9998.000000
65.000000 3.000000 1.000000 9975.000000 10000.000000 9975.000000 9975.000000
65.000000 4.000000 1.000000 9898.000000 10000.000000 9898.000000 9898.000000
65.000000 5.000000 1.000000 9701.000000 10000.000000 9701.000000 9701.000000
65.000000 6.000000 1.000000 9113.000000 10000.000000 9113.000000 9113.000000
65.000000 7.000000 1.000000 8115.000000 10000.000000 8115.000000 8115.000000
65.000000 8.000000 1.000000 6701.000000 10000.000000 6701.000000 6701.000000
65.000000 9.000000 1.000000 5605.000000 10000.000000 5605.000000 5605.000000
65.000000 10.000000 1.000000 5044.000000 10000.000000 5044.000000 5044.000000
65.000000 11.000000 1.000000 5218.000000 10000.000000 5218.000000 5218.000000
65.000000 12.000000 1.000000 6039.000000 10000.000000 6039.000000 6039.000000
65.000000 13.000000 1.000000 7376.000000 10000.000000 7376.000000 7376.000000
65.000000 14.000000 1.000000 8560.000000 10000.000000 8560.000000 8560.000000
65.000000 15.000000 1.000000 9312.000000 10000.000000 9312.000000 9312.000000
65.000000 16.000000 1.000000 9718.000000 10000.000000 9718.000000 9718.000000
65.000000 17.000000 1.000000 9893.000000 10000.000000 9893.000000 9893.000000
65.000000 18.000000 1.000000 9950.000000 10000.000000 9950.000000 9950.000000
65.000000 19.000000 1.000000 9969.000000 10000.000000 9969.000000 9969.000000
65.000000 20.000000 1.000000 9985.000000 10000.000000 9985.000000 9985.000000
65.000000 21.000000 1.000000 9988.000000 10000.000000 9988.000000 9988.000000
65.000000 22.000000 1.000000 9995.000000 10000.000000 9995.000000 9995.000000
65.000000 23.000000 1.000000 9997.000000 10000.000000 9997.000000 9997.000000
65.000000 24.000000 1.000000 9999.000000 10000.000000 9999.000000 9999.000000
65.000000 25.000000 1.000000 9999.000000 10000.000000 9999.000000 9999.000000
65.000000 26.000000 1.000000 10000.000000 10000.000000 10000.000000 10000.000000
65.000000 27.000000 1.000000 10000.000000 10000.000000 10000.000000 10000.000000
65.000000 28.000000 1.000000 10000.000000 10000.000000 10000.000000 10000.000000
65.000000 29.000000 1.000000 10000.000000 10000.000000 10000.000000 10000.000000
65.000000 30.000000 1.000000 10000.000000 10000.000000 10000.000000 10000.000000
65.000000 31.000000 1.000000 10000.000000 10000.000000 10000.000000 10000.000000
65.000000 32.000000 1.000000 10000.000000 10000.000000 10000.000000 10000.000000
65.000000 33.000000 1.000000 10000.000000 10000.000000 10000.000000 10000.000000
65.000000 34.000000 1.000000 10000.000000 10000.000000 10000.000000 10000.000000
65.000000 35.000000 1.000000 10000.000000 10000.000000 10000.000000 10000.000000
65.000000 36.000000 1.000000 10000.000000 10000.000000 10000.000000 10000.000000
65.000000 37.000000 1.000000 10000.000000 10000.000000 10000.000000 10000.000000
65.000000 38.000000 1.000000 10000.000000 10000.000000 10000.000000 10000.000000
65.000000 39.000000 1.000000 10000.000000 10000.000000 10000.000000 10000.000000
65.000000 40.000000 1.000000 10000.000000 10000.000000 10000.000000 10000.000000
65.000000 41.000000 1.000000 10000.000000 10000.000000 10000.000000 10000.000000
65.000000 42.000000 1.000000 10000.000000 10000.000000 10000.000000 10000.000000
65.000000 43.000000 1.000000 10000.000000 10000.000000 10000.000000 10000.000000
65.000000 44.000000 1.000000 10000.000000 10000.000000 10000.000000 10000.000000
65.000000 45.000000 1.000000 10000.000000 10000.000000 10000.000000 10000.000000
65.000000 46.000000 1.000000 10000.000000 10000.000000 10000.000000 10000.000000
65.000000 47.000000 1.000000 10000.000000 10000.000000 10000.000000 10000.000000
65.000000 48.000000 1.000000 10000.000000 10000.000000 10000.000000 10000.000000
65.000000 49.000000 1.000000 10000.000000 10000.000000 10000.000000 10000.000000
66.000000 0.000000 1.000000 10000.000000 10000.000000 10000.000000 10000.000000
66.000000 1.000000 1.000000 10000.000000 10000.000000 10000.000000 10000.000000
66.000000 2.000000 1.000000 9999.000000 10000.000000 9999.000000 9999.000000
66.000000 3.000000 1.000000 9999.000000 10000.000000 9999.000000 9999.000000
66.000000 4.000000 1.000000 9999.000000 10000.000000 9999.000000 9999.000000
66.000000 5.000000 1.000000 9999.000000 10000.000000 9999.000000 9999.000000
66.000000 6.000000 1.000000 9999.000000 10000.000000 9999.000000 9999.000000
66.000000 7.000000 1.000000 10000.000000 10000.000000 10000.000000 10000.000000
66.000000 8.000000 1.000000 10000.000000 10000.000000 10000.000000 10000.000000
66.000000 9.000000 1.000000 10000.000000 10000.000000 10000.000000 10000.000000
66.000000 10.000000 1.000000 10000.000000 10000.000000 10000.000000 10000.000000
66.000000 11.000000 1.000000 10000.000000 10000.000000 10000.000000 10000.000000
66.000000 12.000000 1.000000 10000.000000 10000.000000 10000.000000 10000.000000
66.000000 13.000000 1.000000 10000.000000 10000.000000 10000.000000 10000.000000
66.000000 14.000000 1.000000 10000.000000 10000.000000 10000.000000 10000.000000
66.000000 15.000000 1.000000 10000.000000 10000.000000 10000.000000 10000.000000
66.000000 16.000000 1.000000 10000.000000 10000.000000 10000.000000 10000.000000
66.000000 17.000000 1.000000 10000.000000 10000.000000 10000.000000 10000.000000
66.000000 18.000000 1.000000 10000.000000 10000.000000 10000.000000 10000.000000
66.000000 19.000000 1.000000 10000.000000 10000.000000 10000.000000 10000.000000
66.000000 20.000000 1.000000 10000.000000 10000.000000 10000.000000 10000.000000
66.000000 21.000000 1.000000 10000.000000 10000.000000 10000.000000 10000.000000
66.000000 22.000000 1.000000 10000.000000 10000.000000 10000.000000 10000.000000
66.000000 23.000000 1.000000 10000.000000 10000.000000 10000.000000 10000.000000
66.000000 24.000000 1.000000 10000.000000 10000.000000 10000.000000 10000.000000
66.000000 25.000000 1.000000 10000.000000 10000.000000 10000.000000 10000.000000
66.000000 26.000000 1.000000 10000.000000 10000.000000 10000.000000 10000.000000
66.000000 27.000000 1.000000 10000.000000 10000.000000 10000.000000 10000.000000
66.000000 28.000000 1.000000 10000.000000 10000.000000 10000.000000 10000.000000
66.000000 29.000000 1.000000 10000.000000 10000.000000 10000.000000 10000.000000
66.000000 30.000000 1.000000 10000.000000 10000.000000 10000.000000 10000.000000
66.000000 31.000000 1.000000 10000.000000 10000.000000 10000.000000 10000.000000
66.000000 32.000000 1.000000 10000.000000 10000.000000 10000.000000 10000.000000
66.000000 33.000000 1.000000 10000.000000 10000.000000 10000.000000 10000.000000
66.000000 34.000000 1.000000 10000.000000 10000.000000 10000.000000 10000.000000
66.000000 35.000000 1.000000 10000.000000 10000.000000 10000.000000 10000.000000
66.000000 36.000000 1.000000 10000.000000 10000.000000 10000.000000 10000.000000
66.000000 37.000000 1.000000 10000.000000 10000.000000 10000.000000 10000.000000
66.000000 38.000000 1.000000 10000.000000 10000.000000 10000.000000 10000.000000
66.000000 39.000000 1.000000 10000.000000 10000.000000 10000.000000 10000.000000
66.000000 40.000000 1.000000 10000.000000 10000.000000 10000.000000 10000.000000
66.000000 41.000000 1.000000 10000.000000 10000.000000 10000.000000 10000.000000
66.000000 42.000000 1.000000 10000.000000 10000.000000 10000.000000 10000.000000
66.000000 43.000000 1.000000 10000.000000 10000.000000 10000.000000 10000.000000
66.000000 44.000000 1.000000 10000.000000 10000.000000 10000.000000 10000.000000
66.000000 45.000000 1.000000 10000.000000 10000.000000 10000.000000 10000.000000
66.000000 46.000000 1.000000 10000.000000 10000.000000 10000.000000 10000.000000
66.000000 47.000000 1.000000 10000.000000 10000.000000 10000.000000 10000.000000
66.000000 48.000000 1.000000 10000.000000 10000.000000 10000.000000 10000.000000
66.000000 49.000000 1.000000 10000.000000 10000.000000 10000.000000 10000.000000
67.000000 0.000000 1.000000 10000.000000 10000.000000 10000.000000 10000.000000
67.000000 1.000000 1.000000 9999.000000 10000.000000 9999.000000 9999.000000
67.000000 2.000000 1.000000 9988.000000 10000.000000 9988.000000 9988.000000
67.000000 3.000000 1.000000 9964.000000 10000.000000 9964.000000 9964.000000
67.000000 4.000000 1.000000 9900.000000 10000.000000 9900.000000 9900.000000
67.000000 5.000000 1.000000 9624.000000 10000.000000 9624.000000 9624.000000
67.000000 6.000000 1.000000 8763.000000 10000.000000 8763.000000 8763.000000
67.000000 7.000000 1.000000 7337.000000 10000.000000 7337.000000 7337.000000
67.000000 8.000000 1.000000 5941.000000 10000.000000 5941.000000 5941.000000
67.000000 9.000000 1.000000 5143.000000 10000.000000 5143.000000 5143.000000
67.000000 10.000000 1.000000 4810.000000 10000.000000 4810.000000 4810.000000
67.000000 11.000000 1.000000 5375.000000 10000.000000 5375.000000 5375.000000
67.000000 12.000000 1.000000 6657.000000 10000.000000 6657.000000 6657.000000
67.000000 13.000000 1.000000 8028.000000 10000.000000 8028.000000 8028.000000
67.000000 14.000000 1.000000 8942.000000 10000.000000 8942.000000 8942.000000
67.000000 15.000000 1.000000 9518.000000 10000.000000 9518.000000 9518.000000
67.000000 16.000000 1.000000 9788.000000 10000.000000 9788.000000 9788.000000
67.000000 17.000000 1.000000 9904.000000 10000.000000 9904.000000 9904.000000
67.000000 18.000000 1.000000 9956.000000 10000.000000 9956.000000 9956.000000
67.000000 19.000000 1.000000 9977.000000 10000.000000 9977.000000 9977.000000
67.000000 20.000000 1.000000 9988.000000 10000.000000 9988.000000 9988.000000
67.000000 21.000000 1.000000 9997.000000 10000.000000 9997.000000 9997.000000
67.000000 22.000000 1.000000 10000.000000 10000.000000 10000.000000 10000.000000
67.000000 23.000000 1.000000 10000.000000 10000.000000 10000.000000 10000.000000
67.000000 24.000000 1.000000 10000.000000 10000.000000 10000.000000 10000.000000
67.000000 25.000000 1.000000 10000.000000 10000.000000 10000.000000 10000.000000
67.000000 26.000000 1.000000 10000.000000 10000.000000 10000.000000 10000.000000
67.000000 27.000000 1.000000 10000.000000 10000.000000 10000.000000 10000.000000
67.000000 28.000000 1.000000 10000.000000 10000.000000 10000.000000 10000.000000
67.000000 29.000000 1.000000 10000.000000 10000.000000 10000.000000 10000.000000
67.000000 30.000000 1.000000 10000.000000 10000.000000 10000.000000 10000.000000
67.000000 31.000000 1.000000 10000.000000 10000.000000 10000.000000 10000.000000
67.000000 32.000000 1.000000 10000.000000 10000.000000 10000.000000 10000.000000
67.000000 33.000000 1.000000 10000.000000 10000.000000 10000.000000 10000.000000
67.000000 34.000000 1.000000 10000.000000 10000.000000 10000.000000 10000.000000
67.000000 35.000000 1.000000 10000.000000 10000.000000 10000.000000 10000.000000
67.000000 36.000000 1.000000 10000.000000 10000.000000 10000.000000 10000.000000
67.000000 37.000000 1.000000 10000.000000 10000.000000 10000.000000 10000.000000
67.000000 38.000000 1.000000 10000.000000 10000.000000 10000.000000 10000.000000
67.000000 39.000000 1.000000 10000.000000 10000.000000 10000.000000 10000.000000
67.000000 40.000000 1.000000 10000.000000 10000.000000 10000.000000 10000.000000
67.000000 41.000000 1.000000 10000.000000 10000.000000 10000.000000 10000.000000
67.000000 42.000000 1.000000 10000.000000 10000.000000 10000.000000 10000.000000
67.000000 43.000000 1.000000 10000.000000 10000.000000 10000.000000 10000.000000
67.000000 44.000000 1.000000 10000.000000 10000.000000 10000.000000 10000.000000
67.000000 45.000000 1.000000 10000.000000 10000.000000 10000.000000 10000.000000
67.000000 46.000000 1.000000 10000.000000 10000.000000 10000.000000 10000.000000
67.000000 47.000000 1.000000 10000.000000 10000.000000 10000.000000 10000.000000
67.000000 48.000000 1.000000 10000.000000 10000.000000 10000.000000 10000.000000
67.000000 49.000000 1.000000 10000.000000 10000.000000 10000.000000 10000.000000
68.000000 0.000000 1.000000 10000.000000 10000.000000 10000.000000 10000.000000
68.000000 1.000000 1.000000 9998.000000 10000.000000 9998.000000 9998.000000
68.000000 2.000000 1.000000 9985.000000 10000.000000 9985.000000 9985.000000
68.000000 3.000000 1.000000 9821.000000 10000.000000 9821.000000 9821.000000
68.000000 4.000000 1.000000 8795.000000 10000.000000 8795.000000 8795.000000
68.000000 5.000000 1.000000 7063.000000 10000.000000 7063.000000 7063.000000
68.000000 6.000000 1.000000 5438.000000 10000.000000 5438.000000 5438.000000
68.000000 7.000000 1.000000 4528.000000 10000.000000 4528.000000 4528.000000
68.000000 8.000000 1.000000 4247.000000 10000.000000 4247.000000 4247.000000
68.000000 9.000000 1.000000 4975.000000 10000.000000 4975.000000 4975.000000
68.000000 10.000000 1.000000 6561.000000 10000.000000 6561.000000 6561.000000
68.000000 11.000000 1.000000 8170.000000 10000.000000 8170.000000 8170.000000
68.000000 12.000000 1.000000 9200.000000 10000.000000 9200.000000 9200.000000
68.000000 13.000000 1.000000 9675.000000 10000.000000 9675.000000 9675.000000
68.000000 14.000000 1.000000 9893.000000 10000.000000 9893.000000 9893.000000
68.000000 15.000000 1.000000 9971.000000 10000.000000 9971.000000 9971.000000
68.000000 16.000000 1.000000 9992.000000 10000.000000 9992.000000 9992.000000
68.000000 17.000000 1.000000 9997.000000 10000.000000 9997.000000 9997.000000
68.000000 18.000000 1.000000 9999.000000 10000.000000 9999.000000 9999.000000
68.000000 19.000000 1.000000 10000.000000 10000.000000 10000.000000 10000.000000
68.000000 20.000000 1.000000 10000.000000 10000.000000 10000.000000 10000.000000
68.000000 21.000000 1.000000 10000.000000 10000.000000 10000.000000 10000.000000
68.000000 22.000000 1.000000 10000.000000 10000.000000 10000.000000 10000.000000
68.000000 23.000000 1.000000 10000.000000 10000.000000 10000.000000 10000.000000
68.000000 24.000000 1.000000 10000.000000 10000.000000 10000.000000 10000.000000
68.000000 25.000000 1.000000 10000.000000 10000.000000 10000.000000 10000.000000
68.000000 26.000000 1.000000 10000.000000 10000.000000 10000.000000 10000.000000
68.000000 27.000000 1.000000 10000.000000 10000.000000 10000.000000 10000.000000
68.000000 28.000000 1.000000 10000.000000 10000.000000 10000.000000 10000.000000
68.000000 29.000000 1.000000 10000.000000 10000.000000 10000.000000 10000.000000
68.000000 30.000000 1.000000 10000.000000 10000.000000 10000.000000 10000.000000
68.000000 31.000000 1.000000 10000.000000 10000.000000 10000.000000 10000.000000
68.000000 32.000000 1.000000 10000.000000 10000.000000 10000.000000 10000.000000
68.000000 33.000000 1.000000 10000.000000 10000.000000 10000.000000 10000.000000
68.000000 34.000000 1.000000 10000.000000 10000.000000 10000.000000 10000.000000
68.000000 35.000000 1.000000 10000.000000 10000.000000 10000.000000 10000.000000
68.000000 36.000000 1.000000 10000.000000 10000.000000 10000.000000 10000.000000
68.000000 37.000000 1.000000 10000.000000 10000.000000 10000.000000 10000.000000
68.000000 38.000000 1.000000 10000.000000 10000.000000 10000.000000 10000.000000
68.000000 39.000000 1.000000 10000.000000 10000.000000 10000.000000 10000.000000
68.000000 40.000000 1.000000 10000.000000 10000.000000 10000.000000 10000.000000
68.000000 41.000000 1.000000 10000.000000 10000.000000 10000.000000 10000.000000
68.000000 42.000000 1.000000 10000.000000 10000.000000 10000.000000 10000.000000
68.000000 43.000000 1.000000 10000.000000 10000.000000 10000.000000 10000.000000
68.000000 44.000000 1.000000 10000.000000 10000.000000 10000.000000 10000.000000
68.000000 45.000000 1.000000 10000.000000 10000.000000 10000.000000 10000.000000
68.000000 46.000000 1.000000 10000.000000 10000.000000 10000.000000 10000.000000
68.000000 47.000000 1.000000 10000.000000 10000.000000 10000.000000 10000.000000
68.000000 48.000000 1.000000 10000.000000 10000.000000 10000.000000 10000.000000
68.000000 49.000000 1.000000 10000.000000 10000.000000 10000.000000 10000.000000
69.000000 0.000000 1.000000 10000.000000 10000.000000 10000.000000 10000.000000
69.000000 1.000000 1.000000 10000.000000 10000.000000 10000.000000 10000.000000
69.000000 2.000000 1.000000 9997.000000 10000.000000 9997.000000 9997.000000
69.000000 3.000000 1.000000 9991.000000 10000.000000 9991.000000 9991.000000
69.000000 4.000000 1.000000 9944.000000 10000.000000 9944.000000 9944.000000
69.000000 5.000000 1.000000 9759.000000 10000.000000 9759.000000 9759.000000
69.000000 6.000000 1.000000 9174.000000 10000.000000 9174.000000 9174.000000
69.000000 7.000000 1.000000 7936.000000 10000.000000 7936.000000 7936.000000
69.000000 8.000000 1.000000 6464.000000 10000.000000 6464.000000 6464.000000
69.000000 9.000000 1.000000 5419.000000 10000.000000 5419.000000 5419.000000
69.000000 10.000000 1.000000 4924.000000 10000.000000 4924.000000 4924.000000
69.000000 11.000000 1.000000 5165.000000 10000.000000 5165.000000 5165.000000
69.000000 12.000000 1.000000 6141.000000 10000.000000 6141.000000 6141.000000
69.000000 13.000000 1.000000 7555.000000 10000.000000 7555.000000 7555.000000
69.000000 14.000000 1.000000 8665.000000 10000.000000 8665.000000 8665.000000
69.000000 15.000000 1.000000 9371.000000 10000.000000 9371.000000 9371.000000
69.000000 16.000000 1.000000 9705.000000 10000.000000 9705.000000 9705.000000
69.000000 17.000000 1.000000 9882.000000 10000.000000 9882.000000 9882.000000
69.000000 18.000000 1.000000 9946.000000 10000.000000 9946.000000 9946.000000
69.000000 19.000000 1.000000 9983.000000 10000.000000 9983.000000 9983.000000
69.000000 20.000000 1.000000 9992.000000 10000.000000 9992.000000 9992.000000
69.000000 21.000000 1.000000 9998.000000 10000.000000 9998.000000 9998.000000
69.000000 22.000000 1.000000 10000.000000 10000.000000 10000.000000 10000.000000
69.000000 23.000000 1.000000 10000.000000 10000.000000 10000.000000 10000.000000
69.000000 24.000000 1.000000 10000.000000 10000.000000 10000.000000 10000.000000
69.000000 25.000000 1.000000 10000.000000 10000.000000 10000.000000 10000.000000
69.000000 26.000000 1.000000 10000.000000 10000.000000 10000.000000 10000.000000
69.000000 27.000000 1.000000 10000.000000 10000.000000 10000.000000 10000.000000
69.000000 28.000000 1.000000 10000.000000 10000.000000 10000.000000 10000.000000
69.000000 29.000000 1.000000 10000.000000 10000.000000 10000.000000 10000.000000
69.000000 30.000000 1.000000 10000.000000 10000.000000 10000.000000 10000.000000
69.000000 31.000000 1.000000 10000.000000 10000.000000 10000.000000 10000.000000
69.000000 32.000000 1.000000 10000.000000 10000.000000 10000.000000 10000.000000
69.000000 33.000000 1.000000 10000.000000 10000.000000 10000.000000 10000.000000
69.000000 34.000000 1.000000 10000.000000 10000.000000 10000.000000 10000.000000
69.000000 35.000000 1.000000 10000.000000 10000.000000 10000.000000 10000.000000
69.000000 36.000000 1.000000 10000.000000 10000.000000 10000.000000 10000.000000
69.000000 37.000000 1.000000 10000.000000 10000.000000 10000.000000 10000.000000
69.000000 38.000000 1.000000 10000.000000 10000.000000 10000.000000 10000.000000
69.000000 39.000000 1.000000 10000.000000 10000.000000 10000.000000 10000.000000
69.000000 40.000000 1.000000 10000.000000 10000.000000 10000.000000 10000.000000
69.000000 41.000000 1.000000 10000.000000 10000.000000 10000.000000 10000.000000
69.000000 42.000000 1.000000 10000.000000 10000.000000 10000.000000 10000.000000
69.000000 43.000000 1.000000 10000.000000 10000.000000 10000.000000 10000.000000
69.000000 44.000000 1.000000 10000.000000 10000.000000 10000.000000 10000.000000
69.000000 45.000000 1.000000 10000.000000 10000.000000 10000.000000 10000.000000
69.000000 46.000000 1.000000 10000.000000 10000.000000 10000.000000 10000.000000
69.000000 47.000000 1.000000 10000.000000 10000.000000 10000.000000 10000.000000
69.000000 48.000000 1.000000 10000.000000 10000.000000 10000.000000 10000.000000
69.000000 49.000000 1.000000 10000.000000 10000.000000 10000.000000 10000.000000
70.000000 0.000000 1.000000 10000.000000 10000.000000 10000.000000 10000.000000
70.000000 1.000000 1.000000 10000.000000 10000.000000 10000.000000 10000.000000
70.000000 2.000000 1.000000 9999.000000 10000.000000 9999.000000 9999.000000
70.000000 3.000000 1.000000 9987.000000 10000.000000 9987.000000 9987.000000
70.000000 4.000000 1.000000 9964.000000 10000.000000 9964.000000 9964.000000
70.000000 5.000000 1.000000 9843.000000 10000.000000 9843.000000 9843.000000
70.000000 6.000000 1.000000 9235.000000 10000.000000 9235.000000 9235.000000
70.000000 7.000000 1.000000 7832.000000 10000.000000 7832.000000 7832.000000
70.000000 8.000000 1.000000 6214.000000 10000.000000 6214.000000 6214.000000
70.000000 9.000000 1.000000 5031.000000 10000.000000 5031.000000 5031.000000
70.000000 10.000000 1.000000 4485.000000 10000.000000 4485.000000 4485.000000
70.000000 11.000000 1.000000 4707.000000 10000.000000 4707.000000 4707.000000
70.000000 12.000000 1.000000 5907.000000 10000.000000 5907.000000 5907.000000
70.000000 13.000000 1.000000 7471.000000 10000.000000 7471.000000 7471.000000
70.000000 14.000000 1.000000 8707.000000 10000.000000 8707.000000 8707.000000
70.000000 15.000000 1.000000 9405.000000 10000.000000 9405.000000 9405.000000
70.000000 16.000000 1.000000 9757.000000 10000.000000 9757.000000 9757.000000
70.000000 17.000000 1.000000 9896.000000 10000.000000 9896.000000 9896.000000
70.000000 18.000000 1.000000 9951.000000 10000.000000 9951.000000 9951.000000
70.000000 19.000000 1.000000 9979.000000 10000.000000 9979.000000 9979.000000
70.000000 20.000000 1.000000 9989.000000 10000.000000 9989.000000 9989.000000
70.000000 21.000000 1.000000 9994.000000 10000.000000 9994.000000 9994.000000
70.000000 22.000000 1.000000 9999.000000 10000.000000 9999.000000 9999.000000
70.000000 23.000000 1.000000 9999.000000 10000.000000 9999.000000 9999.000000
70.000000 24.000000 1.000000 10000.000000 10000.000000 10000.000000 10000.000000
70.000000 25.000000 1.000000 10000.000000 10000.000000 10000.000000 10000.000000
70.000000 26.000000 1.000000 10000.000000 10000.000000 10000.000000 10000.000000
70.000000 27.000000 1.000000 10000.000000 10000.000000 10000.000000 10000.000000
70.000000 28.000000 1.000000 10000.000000 10000.000000 10000.000000 10000.000000
70.000000 29.000000 1.000000 10000.000000 10000.000000 10000.000000 10000.000000
70.000000 30.000000 1.000000 10000.000000 10000.000000 10000.000000 10000.000000
70.000000 31.000000 1.000000 10000.000000 10000.000000 10000.000000 10000.000000
70.000000 32.000000 1.000000 10000.000000 10000.000000 10000.000000 10000.000000
70.000000 33.000000 1.000000 10000.000000 10000.000000 10000.000000 10000.000000
70.000000 34.000000 1.000000 10000.000000 10000.000000 10000.000000 10000.000000
70.000000 35.000000 1.000000 10000.000000 10000.000000 10000.000000 10000.000000
70.000000 36.000000 1.000000 10000.000000 10000.000000 10000.000000 10000.000000
70.000000 37.000000 1.000000 10000.000000 10000.000000 10000.000000 10000.000000
70.000000 38.000000 1.000000 10000.000000 10000.000000 10000.000000 10000.000000
70.000000 39.000000 1.000000 10000.000000 10000.000000 10000.000000 10000.000000
70.000000 40.000000 1.000000 10000.000000 10000.000000 10000.000000 10000.000000
70.000000 41.000000 1.000000 10000.000000 10000.000000 10000.000000 10000.000000
70.000000 42.000000 1.000000 10000.000000 10000.000000 10000.000000 10000.000000
70.000000 43.000000 1.000000 10000.000000 10000.000000 10000.000000 10000.000000
70.000000 44.000000 1.000000 10000.000000 10000.000000 10000.000000 10000.000000
70.000000 45.000000 1.000000 10000.000000 10000.000000 10000.000000 10000.000000
70.000000 46.000000 1.000000 10000.000000 10000.000000 10000.000000 10000.000000
70.000000 47.000000 1.000000 10000.000000 10000.000000 10000.000000 10000.000000
70.000000 48.000000 1.000000 10000.000000 10000.000000 10000.000000 10000.000000
70.000000 49.000000 1.000000 10000.000000 10000.000000 10000.000000 10000.000000
71.000000 0.000000 1.000000 10000.000000 10000.000000 10000.000000 10000.000000
71.000000 1.000000 1.000000 10000.000000 10000.000000 10000.000000 10000.000000
71.000000 2.000000 1.000000 10000.000000 10000.000000 10000.000000 10000.000000
71.000000 3.000000 1.000000 9998.000000 10000.000000 9998.000000 9998.000000
71.000000 4.000000 1.000000 9993.000000 10000.000000 9993.000000 9993.000000
71.000000 5.000000 1.000000 9955.000000 10000.000000 9955.000000 9955.000000
71.000000 6.000000 1.000000 9750.000000 10000.000000 9750.000000 9750.000000
71.000000 7.000000 1.000000 8789.000000 10000.000000 8789.000000 8789.000000
71.000000 8.000000 1.000000 7057.000000 10000.000000 7057.000000 7057.000000
71.000000 9.000000 1.000000 5525.000000 10000.000000 5525.000000 5525.000000
71.000000 10.000000 1.000000 4642.000000 10000.000000 4642.000000 4642.000000
71.000000 11.000000 1.000000 4429.000000 10000.000000 4429.000000 4429.000000
71.000000 12.000000 1.000000 5102.000000 10000.000000 5102.000000 5102.000000
71.000000 13.000000 1.000000 6681.000000 10000.000000 6681.000000 6681.000000
71.000000 14.000000 1.000000 8205.000000 10000.000000 8205.000000 8205.000000
71.000000 15.000000 1.000000 9190.000000 10000.000000 9190.000000 9190.000000
71.000000 16.000000 1.000000 9635.000000 10000.000000 9635.000000 9635.000000
71.000000 17.000000 1.000000 9844.000000 10000.000000 9844.000000 9844.000000
71.000000 18.000000 1.000000 9944.000000 10000.000000 9944.000000 9944.000000
71.000000 19.000000 1.000000 9979.000000 10000.000000 9979.000000 9979.000000
71.000000 20.000000 1.000000 9991.000000 10000.000000 9991.000000 9991.000000
71.000000 21.000000 1.000000 9997.000000 10000.000000 9997.000000 9997.000000
71.000000 22.000000 1.000000 9998.000000 10000.000000 9998.000000 9998.000000
71.000000 23.000000 1.000000 10000.000000 10000.000000 10000.000000 10000.000000
71.000000 24.000000 1.000000 10000.000000 10000.000000 10000.000000 10000.000000
71.000000 25.000000 1.000000 10000.000000 10000.000000 10000.000000 10000.000000
71.000000 26.000000 1.000000 10000.000000 10000.000000 10000.000000 10000.000000
71.000000 27.000000 1.000000 10000.000000 10000.000000 10000.000000 10000.000000
71.000000 28.000000 1.000000 10000.000000 10000.000000 10000.000000 10000.000000
71.000000 29.000000 1.000000 10000.000000 10000.000000 10000.000000 10000.000000
71.000000 30.000000 1.000000 10000.000000 10000.000000 10000.000000 10000.000000
71.000000 31.000000 1.000000 10000.000000 10000.000000 10000.000000 10000.000000
71.000000 32.000000 1.000000 10000.000000 10000.000000 10000.000000 10000.000000
71.000000 33.000000 1.000000 10000.000000 10000.000000 10000.000000 10000.000000
71.000000 34.000000 1.000000 10000.000000 10000.000000 10000.000000 10000.000000
71.000000 35.000000 1.000000 10000.000000 10000.000000 10000.000000 10000.000000
71.000000 36.000000 1.000000 10000.000000 10000.000000 10000.000000 10000.000000
71.000000 37.000000 1.000000 10000.000000 10000.000000 10000.000000 10000.000000
71.000000 38.000000 1.000000 10000.000000 10000.000000 10000.000000 10000.000000
71.000000 39.000000 1.000000 10000.000000 10000.000000 10000.000000 10000.000000
71.000000 40.000000 1.000000 10000.000000 10000.000000 10000.000000 10000.000000
71.000000 41.000000 1.000000 10000.000000 10000.000000 10000.000000 10000.000000
71.000000 42.000000 1.000000 10000.000000 10000.000000 10000.000000 10000.000000
71.000000 43.000000 1.000000 10000.000000 10000.000000 10000.000000 10000.000000
71.000000 44.000000 1.000000 10000.000000 10000.000000 10000.000000 10000.000000
71.000000 45.000000 1.000000 10000.000000 10000.000000 10000.000000 10000.000000
71.000000 46.000000 1.000000 10000.000000 10000.000000 10000.000000 10000.000000
71.000000 47.000000 1.000000 10000.000000 10000.000000 10000.000000 10000.000000
71.000000 48.000000 1.000000 10000.000000 10000.000000 10000.000000 10000.000000
71.000000 49.000000 1.000000 10000.000000 10000.000000 10000.000000 10000.000000
72.000000 0.000000 1.000000 10000.000000 10000.000000 10000.000000 10000.000000
72.000000 1.000000 1.000000 10000.000000 10000.000000 10000.000000 10000.000000
72.000000 2.000000 1.000000 10000.000000 10000.000000 10000.000000 10000.000000
72.000000 3.000000 1.000000 10000.000000 10000.000000 10000.000000 10000.000000
72.000000 4.000000 1.000000 9999.000000 10000.000000 9999.000000 9999.000000
72.000000 5.000000 1.000000 9999.000000 10000.000000 9999.000000 9999.000000
72.000000 6.000000 1.000000 9999.000000 10000.000000 9999.000000 9999.000000
72.000000 7.000000 1.000000 9999.000000 10000.000000 9999.000000 9999.000000
72.000000 8.000000 1.000000 9999.000000 10000.000000 9999.000000 9999.000000
72.000000 9.000000 1.000000 10000.000000 10000.000000 10000.000000 10000.000000
72.000000 10.000000 1.000000 10000.000000 10000.000000 10000.000000 10000.000000
72.000000 11.000000 1.000000 10000.000000 10000.000000 10000.000000 10000.000000
72.000000 12.000000 1.000000 10000.000000 10000.000000 10000.000000 10000.000000
72.000000 13.000000 1.000000 10000.000000 10000.000000 10000.000000 10000.000000
72.000000 14.000000 1.000000 10000.000000 10000.000000 10000.000000 10000.000000
72.000000 15.000000 1.000000 10000.000000 10000.000000 10000.000000 10000.000000
72.000000 16.000000 1.000000 10000.000000 10000.000000 10000.000000 10000.000000
72.000000 17.000000 1.000000 10000.000000 10000.000000 10000.000000 10000.000000
72.000000 18.000000 1.000000 10000.000000 10000.000000 10000.000000 10000.000000
72.000000 19.000000 1.000000 10000.000000 10000.000000 10000.000000 10000.000000
72.000000 20.000000 1.000000 10000.000000 10000.000000 10000.000000 10000.000000
72.000000 21.000000 1.000000 10000.000000 10000.000000 10000.000000 10000.000000
72.000000 22.000000 1.000000 10000.000000 10000.000000 10000.000000 10000.000000
72.000000 23.000000 1.000000 10000.000000 10000.000000 10000.000000 10000.000000
72.000000 24.000000 1.000000 10000.000000 10000.000000 10000.000000 10000.000000
72.000000 25.000000 1.000000 10000.000000 10000.000000 10000.000000 10000.000000
72.000000 26.000000 1.000000 10000.000000 10000.000000 10000.000000 10000.000000
72.000000 27.000000 1.000000 10000.000000 10000.000000 10000.000000 10000.000000
72.000000 28.000000 1.000000 10000.000000 10000.000000 10000.000000 10000.000000
72.000000 29.000000 1.000000 10000.000000 10000.000000 10000.000000 10000.000000
72.000000 30.000000 1.000000 10000.000000 10000.000000 10000.000000 10000.000000
72.000000 31.000000 1.000000 10000.000000 10000.000000 10000.000000 10000.000000
72.000000 32.000000 1.000000 10000.000000 10000.000000 10000.000000 10000.000000
72.000000 33.000000 1.000000 10000.000000 10000.000000 10000.000000 10000.000000
72.000000 34.000000 1.000000 10000.000000 10000.000000 10000.000000 10000.000000
72.000000 35.000000 1.000000 10000.000000 10000.000000 10000.000000 10000.000000
72.000000 36.000000 1.000000 10000.000000 10000.000000 10000.000000 10000.000000
72.000000 37.000000 1.000000 10000.000000 10000.000000 10000.000000 10000.000000
72.000000 38.000000 1.000000 10000.000000 10000.000000 10000.000000 10000.000000
72.000000 39.000000 1.000000 10000.000000 10000.000000 10000.000000 10000.000000
72.000000 40.000000 1.000000 10000.000000 10000.000000 10000.000000 10000.000000
72.000000 41.000000 1.000000 10000.000000 10000.000000 10000.000000 10000.000000
72.000000 42.000000 1.000000 10000.000000 10000.000000 10000.000000 10000.000000
72.000000 43.000000 1.000000 10000.000000 10000.000000 10000.000000 10000.000000
72.000000 44.000000 1.000000 10000.000000 10000.000000 10000.000000 10000.000000
72.000000 45.000000 1.000000 10000.000000 10000.000000 10000.000000 10000.000000
72.000000 46.000000 1.000000 10000.000000 10000.000000 10000.000000 10000.000000
72.000000 47.000000 1.000000 10000.000000 10000.000000 10000.000000 10000.000000
72.000000 48.000000 1.000000 10000.000000 10000.000000 10000.000000 10000.000000
72.000000 49.000000 1.000000 10000.000000 10000.000000 10000.000000 10000.000000
73.000000 0.000000 1.000000 10000.000000 10000.000000 10000.000000 10000.000000
73.000000 1.000000 1.000000 10000.000000 10000.000000 10000.000000 10000.000000
73.000000 2.000000 1.000000 9998.000000 10000.000000 9998.000000 9998.000000
73.000000 3.000000 1.000000 9998.000000 10000.000000 9998.000000 9998.000000
73.000000 4.000000 1.000000 9998.000000 10000.000000 9998.000000 9998.000000
73.000000 5.000000 1.000000 9998.000000 10000.000000 9998.000000 9998.000000
73.000000 6.000000 1.000000 9998.000000 10000.000000 9998.000000 9998.000000
73.000000 7.000000 1.000000 10000.000000 10000.000000 10000.000000 10000.000000
73.000000 8.000000 1.000000 10000.000000 10000.000000 10000.000000 10000.000000
73.000000 9.000000 1.000000 10000.000000 10000.000000 10000.000000 10000.000000
73.000000 10.000000 1.000000 10000.000000 10000.000000 10000.000000 10000.000000
73.000000 11.000000 1.000000 10000.000000 10000.000000 10000.000000 10000.000000
73.000000 12.000000 1.000000 10000.000000 10000.000000 10000.000000 10000.000000
73.000000 13.000000 1.000000 10000.000000 10000.000000 10000.000000 10000.000000
73.000000 14.000000 1.000000 10000.000000 10000.000000 10000.000000 10000.000000
73.000000 15.000000 1.000000 10000.000000 10000.000000 10000.000000 10000.000000
73.000000 16.000000 1.000000 10000.000000 10000.000000 10000.000000 10000.000000
73.000000 17.000000 1.000000 10000.000000 10000.000000 10000.000000 10000.000000
73.000000 18.000000 1.000000 10000.000000 10000.000000 10000.000000 10000.000000
73.000000 19.000000 1.000000 10000.000000 10000.000000 10000.000000 10000.000000
73.000000 20.000000 1.000000 10000.000000 10000.000000 10000.000000 10000.000000
73.000000 21.000000 1.000000 10000.000000 10000.000000 10000.000000 10000.000000
73.000000 22.000000 1.000000 10000.000000 10000.000000 10000.000000 10000.000000
73.000000 23.000000 1.000000 10000.000000 10000.000000 10000.000000 10000.000000
73.000000 24.000000 1.000000 10000.000000 10000.000000 10000.000000 10000.000000
73.000000 25.000000 1.000000 10000.000000 10000.000000 10000.000000 10000.000000
73.000000 26.000000 1.000000 10000.000000 10000.000000 10000.000000 10000.000000
73.000000 27.000000 1.000000 10000.000000 10000.000000 10000.000000 10000.000000
73.000000 28.000000 1.000000 10000.000000 10000.000000 10000.000000 10000.000000
73.000000 29.000000 1.000000 10000.000000 10000.000000 10000.000000 10000.000000
73.000000 30.000000 1.000000 10000.000000 10000.000000 10000.000000 10000.000000
73.000000 31.000000 1.000000 10000.000000 10000.000000 10000.000000 10000.000000
73.000000 32.000000 1.000000 10000.000000 10000.000000 10000.000000 10000.000000
73.000000 33.000000 1.000000 10000.000000 10000.000000 10000.000000 10000.000000
73.000000 34.000000 1.000000 10000.000000 10000.000000 10000.000000 10000.000000
73.000000 35.000000 1.000000 10000.000000 10000.000000 10000.000000 10000.000000
73.000000 36.000000 1.000000 10000.000000 10000.000000 10000.000000 10000.000000
73.000000 37.000000 1.000000 10000.000000 10000.000000 10000.000000 10000.000000
73.000000 38.000000 1.000000 10000.000000 10000.000000 10000.000000 10000.000000
73.000000 39.000000 1.000000 10000.000000 10000.000000 10000.000000 10000.000000
73.000000 40.000000 1.000000 10000.000000 10000.000000 10000.000000 10000.000000
73.000000 41.000000 1.000000 10000.000000 10000.000000 10000.000000 10000.000000
73.000000 42.000000 1.000000 10000.000000 10000.000000 10000.000000 10000.000000
73.000000 43.000000 1.000000 10000.000000 10000.000000 10000.000000 10000.000000
73.000000 44.000000 1.000000 10000.000000 10000.000000 10000.000000 10000.000000
73.000000 45.000000 1.000000 10000.000000 10000.000000 10000.000000 10000.000000
73.000000 46.000000 1.000000 10000.000000 10000.000000 10000.000000 10000.000000
73.000000 47.000000 1.000000 10000.000000 10000.000000 10000.000000 10000.000000
73.000000 48.000000 1.000000 10000.000000 10000.000000 10000.000000 10000.000000
73.000000 49.000000 1.000000 10000.000000 10000.000000 10000.000000 10000.000000
74.000000 0.000000 1.000000 10000.000000 10000.000000 10000.000000 10000.000000
74.000000 1.000000 1.000000 10000.000000 10000.000000 10000.000000 10000.000000
74.000000 2.000000 1.000000 9999.000000 10000.000000 9999.000000 9999.000000
74.000000 3.000000 1.000000 9999.000000 10000.000000 9999.000000 9999.000000
74.000000 4.000000 1.000000 9999.000000 10000.000000 9999.000000 9999.000000
74.000000 5.000000 1.000000 9999.000000 10000.000000 9999.000000 9999.000000
74.000000 6.000000 1.000000 9999.000000 10000.000000 9999.000000 9999.000000
74.000000 7.000000 1.000000 10000.000000 10000.000000 10000.000000 10000.000000
74.000000 8.000000 1.000000 10000.000000 10000.000000 10000.000000 10000.000000
74.000000 9.000000 1.000000 10000.000000 10000.000000 10000.000000 10000.000000
74.000000 10.000000 1.000000 10000.000000 10000.000000 10000.000000 10000.000000
74.000000 11.000000 1.000000 10000.000000 10000.000000 10000.000000 10000.000000
74.000000 12.000000 1.000000 10000.000000 10000.000000 10000.000000 10000.000000
74.000000 13.000000 1.000000 10000.000000 10000.000000 10000.000000 10000.000000
74.000000 14.000000 1.000000 10000.000000 10000.000000 10000.000000 10000.000000
74.000000 15.000000 1.000000 10000.000000 10000.000000 10000.000000 10000.000000
74.000000 16.000000 1.000000 10000.000000 10000.000000 10000.000000 10000.000000
74.000000 17.000000 1.000000 10000.000000 10000.000000 10000.000000 10000.000000
74.000000 18.000000 1.000000 10000.000000 10000.000000 10000.000000 10000.000000
74.000000 19.000000 1.000000 10000.000000 10000.000000 10000.000000 10000.000000
74.000000 20.000000 1.000000 10000.000000 10000.000000 10000.000000 10000.000000
74.000000 21.000000 1.000000 10000.000000 10000.000000 10000.000000 10000.000000
74.000000 22.000000 1.000000 10000.000000 10000.000000 10000.000000 10000.000000
74.000000 23.000000 1.000000 10000.000000 10000.000000 10000.000000 10000.000000
74.000000 24.000000 1.000000 10000.000000 10000.000000 10000.000000 10000.000000
74.000000 25.000000 1.000000 10000.000000 10000.000000 10000.000000 10000.000000
74.000000 26.000000 1.000000 10000.000000 10000.000000 10000.000000 10000.000000
74.000000 27.000000 1.000000 10000.000000 10000.000000 10000.000000 10000.000000
74.000000 28.000000 1.000000 10000.000000 10000.000000 10000.000000 10000.000000
74.000000 29.000000 1.000000 10000.000000 10000.000000 10000.000000 10000.000000
74.000000 30.000000 1.000000 10000.000000 10000.000000 10000.000000 10000.000000
74.000000 31.000000 1.000000 10000.000000 10000.000000 10000.000000 10000.000000
74.000000 32.000000 1.000000 10000.000000 10000.000000 10000.000000 10000.000000
74.000000 33.000000 1.000000 10000.000000 10000.000000 10000.000000 10000.000000
74.000000 34.000000 1.000000 10000.000000 10000.000000 10000.000000 10000.000000
74.000000 35.000000 1.000000 10000.000000 10000.000000 10000.000000 10000.000000
74.000000 36.000000 1.000000 10000.000000 10000.000000 10000.000000 10000.000000
74.000000 37.000000 1.000000 10000.000000 10000.000000 10000.000000 10000.000000
74.000000 38.000000 1.000000 10000.000000 10000.000000 10000.000000 10000.000000
74.000000 39.000000 1.000000 10000.000000 10000.000000 10000.000000 10000.000000
74.000000 40.000000 1.000000 10000.000000 10000.000000 10000.000000 10000.000000
74.000000 41.000000 1.000000 10000.000000 10000.000000 10000.000000 10000.000000
74.000000 42.000000 1.000000 10000.000000 10000.000000 10000.000000 10000.000000
74.000000 43.000000 1.000000 10000.000000 10000.000000 10000.000000 10000.000000
74.000000 44.000000 1.000000 10000.000000 10000.000000 10000.000000 10000.000000
74.000000 45.000000 1.000000 10000.000000 10000.000000 10000.000000 10000.000000
74.000000 46.000000 1.000000 10000.000000 10000.000000 10000.000000 10000.000000
74.000000 47.000000 1.000000 10000.000000 10000.000000 10000.000000 10000.000000
74.000000 48.000000 1.000000 10000.000000 10000.000000 10000.000000 10000.000000
74.000000 49.000000 1.000000 10000.000000 10000.000000 10000.000000 10000.000000
75.000000 0.000000 1.000000 10000.000000 10000.000000 10000.000000 10000.000000
75.000000 1.000000 1.000000 10000.000000 10000.000000 10000.000000 10000.000000
75.000000 2.000000 1.000000 9999.000000 10000.000000 9999.000000 9999.000000
75.000000 3.000000 1.000000 9999.000000 10000.000000 9999.000000 9999.000000
75.000000 4.000000 1.000000 9999.000000 10000.000000 9999.000000 9999.000000
75.000000 5.000000 1.000000 9999.000000 10000.000000 9999.000000 9999.000000
75.000000 6.000000 1.000000 9999.000000 10000.000000 9999.000000 9999.000000
75.000000 7.000000 1.000000 10000.000000 10000.000000 10000.000000 10000.000000
75.000000 8.000000 1.000000 10000.000000 10000.000000 10000.000000 10000.000000
75.000000 9.000000 1.000000 10000.000000 10000.000000 10000.000000 10000.000000
75.000000 10.000000 1.000000 10000.000000 10000.000000 10000.000000 10000.000000
75.000000 11.000000 1.000000 10000.000000 10000.000000 10000.000000 10000.000000
75.000000 12.000000 1.000000 10000.000000 10000.000000 10000.000000 10000.000000
75.000000 13.000000 1.000000 10000.000000 10000.000000 10000.000000 10000.000000
75.000000 14.000000 1.000000 10000.000000 10000.000000 10000.000000 10000.000000
75.000000 15.000000 1.000000 10000.000000 10000.000000 10000.000000 10000.000000
75.000000 16.000000 1.000000 10000.000000 10000.000000 10000.000000 10000.000000
75.000000 17.000000 1.000000 10000.000000 10000.000000 10000.000000 10000.000000
75.000000 18.000000 1.000000 10000.000000 10000.000000 10000.000000 10000.000000
75.000000 19.000000 1.000000 10000.000000 10000.000000 10000.000000 10000.000000
75.000000 20.000000 1.000000 10000.000000 10000.000000 10000.000000 10000.000000
75.000000 21.000000 1.000000 10000.000000 10000.000000 10000.000000 10000.000000
75.000000 22.000000 1.000000 10000.000000 10000.000000 10000.000000 10000.000000
75.000000 23.000000 1.000000 10000.000000 10000.000000 10000.000000 10000.000000
75.000000 24.000000 1.000000 10000.000000 10000.000000 10000.000000 10000.000000
75.000000 25.000000 1.000000 10000.000000 10000.000000 10000.000000 10000.000000
75.000000 26.000000 1.000000 10000.000000 10000.000000 10000.000000 10000.000000
75.000000 27.000000 1.000000 10000.000000 10000.000000 10000.000000 10000.000000
75.000000 28.000000 1.000000 10000.000000 10000.000000 10000.000000 10000.000000
75.000000 29.000000 1.000000 10000.000000 10000.000000 10000.000000 10000.000000
75.000000 30.000000 1.000000 10000.000000 10000.000000 10000.000000 10000.000000
75.000000 31.000000 1.000000 10000.000000 10000.000000 10000.000000 10000.000000
75.000000 32.000000 1.000000 10000.000000 10000.000000 10000.000000 10000.000000
75.000000 33.000000 1.000000 10000.000000 10000.000000 10000.000000 10000.000000
75.000000 34.000000 1.000000 10000.000000 10000.000000 10000.000000 10000.000000
75.000000 35.000000 1.000000 10000.000000 10000.000000 10000.000000 10000.000000
75.000000 36.000000 1.000000 10000.000000 10000.000000 10000.000000 10000.000000
75.000000 37.000000 1.000000 10000.000000 10000.000000 10000.000000 10000.000000
75.000000 38.000000 1.000000 10000.000000 10000.000000 10000.000000 10000.000000
75.000000 39.000000 1.000000 10000.000000 10000.000000 10000.000000 10000.000000
75.000000 40.000000 1.000000 10000.000000 10000.000000 10000.000000 10000.000000
75.000000 41.000000 1.000000 10000.000000 10000.000000 10000.000000 10000.000000
75.000000 42.000000 1.000000 10000.000000 10000.000000 10000.000000 10000.000000
75.000000 43.000000 1.000000 10000.000000 10000.000000 10000.000000 10000.000000
75.000000 44.000000 1.000000 10000.000000 10000.000000 10000.000000 10000.000000
75.000000 45.000000 1.000000 10000.000000 10000.000000 10000.000000 10000.000000
75.000000 46.000000 1.000000 10000.000000 10000.000000 10000.000000 10000.000000
75.000000 47.000000 1.000000 10000.000000 10000.000000 10000.000000 10000.000000
75.000000 48.000000 1.000000 10000.000000 10000.000000 10000.000000 10000.000000
75.000000 49.000000 1.000000 10000.000000 10000.000000 10000.000000 10000.000000
76.000000 0.000000 1.000000 10000.000000 10000.000000 10000.000000 10000.000000
76.000000 1.000000 1.000000 10000.000000 10000.000000 10000.000000 10000.000000
76.000000 2.000000 1.000000 9998.000000 10000.000000 9998.000000 9998.000000
76.000000 3.000000 1.000000 9997.000000 10000.000000 9997.000000 9997.000000
76.000000 4.000000 1.000000 9996.000000 10000.000000 9996.000000 9996.000000
76.000000 5.000000 1.000000 9996.000000 10000.000000 9996.000000 9996.000000
76.000000 6.000000 1.000000 9996.000000 10000.000000 9996.000000 9996.000000
76.000000 7.000000 1.000000 9998.000000 10000.000000 9998.000000 9998.000000
76.000000 8.000000 1.000000 9999.000000 10000.000000 9999.000000 9999.000000
76.000000 9.000000 1.000000 10000.000000 10000.000000 10000.000000 10000.000000
76.000000 10.000000 1.000000 10000.000000 10000.000000 10000.000000 10000.000000
76.000000 11.000000 1.000000 10000.000000 10000.000000 10000.000000 10000.000000
76.000000 12.000000 1.000000 10000.000000 10000.000000 10000.000000 10000.000000
76.000000 13.000000 1.000000 10000.000000 10000.000000 10000.000000 10000.000000
76.000000 14.000000 1.000000 10000.000000 10000.000000 10000.000000 10000.000000
76.000000 15.000000 1.000000 10000.000000 10000.000000 10000.000000 10000.000000
76.000000 16.000000 1.000000 10000.000000 10000.000000 10000.000000 10000.000000
76.000000 17.000000 1.000000 10000.000000 10000.000000 10000.000000 10000.000000
76.000000 18.000000 1.000000 10000.000000 10000.000000 10000.000000 10000.000000
76.000000 19.000000 1.000000 10000.000000 10000.000000 10000.000000 10000.000000
76.000000 20.000000 1.000000 10000.000000 10000.000000 10000.000000 10000.000000
76.000000 21.000000 1.000000 10000.000000 10000.000000 10000.000000 10000.000000
76.000000 22.000000 1.000000 10000.000000 10000.000000 10000.000000 10000.000000
76.000000 23.000000 1.000000 10000.000000 10000.000000 10000.000000 10000.000000
76.000000 24.000000 1.000000 10000.000000 10000.000000 10000.000000 10000.000000
76.000000 25.000000 1.000000 10000.000000 10000.000000 10000.000000 10000.000000
76.000000 26.000000 1.000000 10000.000000 10000.000000 10000.000000 10000.000000
76.000000 27.000000 1.000000 10000.000000 10000.000000 10000.000000 10000.000000
76.000000 28.000000 1.000000 10000.000000 10000.000000 10000.000000 10000.000000
76.000000 29.000000 1.000000 10000.000000 10000.000000 10000.000000 10000.000000
76.000000 30.000000 1.000000 10000.000000 10000.000000 10000.000000 10000.000000
76.000000 31.000000 1.000000 10000.000000 10000.000000 10000.000000 10000.000000
76.000000 32.000000 1.000000 10000.000000 10000.000000 10000.000000 10000.000000
76.000000 33.000000 1.000000 10000.000000 10000.000000 10000.000000 10000.000000
76.000000 34.000000 1.000000 10000.000000 10000.000000 10000.000000 10000.000000
76.000000 35.000000 1.000000 10000.000000 10000.000000 10000.000000 10000.000000
76.000000 36.000000 1.000000 10000.000000 10000.000000 10000.000000 10000.000000
76.000000 37.000000 1.000000 10000.000000 10000.000000 10000.000000 10000.000000
76.000000 38.000000 1.000000 10000.000000 10000.000000 10000.000000 10000.000000
76.000000 39.000000 1.000000 10000.000000 10000.000000 10000.000000 10000.000000
76.000000 40.000000 1.000000 10000.000000 10000.000000 10000.000000 10000.000000
76.000000 41.000000 1.000000 10000.000000 10000.000000 10000.000000 10000.000000
76.000000 42.000000 1.000000 10000.000000 10000.000000 10000.000000 10000.000000
76.000000 43.000000 1.000000 10000.000000 10000.000000 10000.000000 10000.000000
76.000000 44.000000 1.000000 10000.000000 10000.000000 10000.000000 10000.000000
76.000000 45.000000 1.000000 10000.000000 10000.000000 10000.000000 10000.000000
76.000000 46.000000 1.000000 10000.000000 10000.000000 10000.000000 10000.000000
76.000000 47.000000 1.000000 10000.000000 10000.000000 10000.000000 10000.000000
76.000000 48.000000 1.000000 10000.000000 10000.000000 10000.000000 10000.000000
76.000000 49.000000 1.000000 10000.000000 10000.000000 10000.000000 10000.000000
77.000000 0.000000 1.000000 10000.000000 10000.000000 10000.000000 10000.000000
77.000000 1.000000 1.000000 10000.000000 10000.000000 10000.000000 10000.000000
77.000000 2.000000 1.000000 9999.000000 10000.000000 9999.000000 9999.000000
77.000000 3.000000 1.000000 9999.000000 10000.000000 9999.000000 9999.000000
77.000000 4.000000 1.000000 9999.000000 10000.000000 9999.000000 9999.000000
77.000000 5.000000 1.000000 9999.000000 10000.000000 9999.000000 9999.000000
77.000000 6.000000 1.000000 9999.000000 10000.000000 9999.000000 9999.000000
77.000000 7.000000 1.000000 10000.000000 10000.000000 10000.000000 10000.000000
77.000000 8.000000 1.000000 10000.000000 10000.000000 10000.000000 10000.000000
77.000000 9.000000 1.000000 10000.000000 10000.000000 10000.000000 10000.000000
77.000000 10.000000 1.000000 10000.000000 10000.000000 10000.000000 10000.000000
77.000000 11.000000 1.000000 10000.000000 10000.000000 10000.000000 10000.000000
77.000000 12.000000 1.000000 10000.000000 10000.000000 10000.000000 10000.000000
77.000000 13.000000 1.000000 10000.000000 10000.000000 10000.000000 10000.000000
77.000000 14.000000 1.000000 10000.000000 10000.000000 10000.000000 10000.000000
77.000000 15.000000 1.000000 10000.000000 10000.000000 10000.000000 10000.000000
77.000000 16.000000 1.000000 10000.000000 10000.000000 10000.000000 10000.000000
77.000000 17.000000 1.000000 10000.000000 10000.000000 10000.000000 10000.000000
77.000000 18.000000 1.000000 10000.000000 10000.000000 10000.000000 10000.000000
77.000000 19.000000 1.000000 10000.000000 10000.000000 10000.000000 10000.000000
77.000000 20.000000 1.000000 10000.000000 10000.000000 10000.000000 10000.000000
77.000000 21.000000 1.000000 10000.000000 10000.000000 10000.000000 10000.000000
77.000000 22.000000 1.000000 10000.000000 10000.000000 10000.000000 10000.000000
77.000000 23.000000 1.000000 10000.000000 10000.000000 10000.000000 10000.000000
77.000000 24.000000 1.000000 10000.000000 10000.000000 10000.000000 10000.000000
77.000000 25.000000 1.000000 10000.000000 10000.000000 10000.000000 10000.000000
77.000000 26.000000 1.000000 10000.000000 10000.000000 10000.000000 10000.000000
77.000000 27.000000 1.000000 10000.000000 10000.000000 10000.000000 10000.000000
77.000000 28.000000 1.000000 10000.000000 10000.000000 10000.000000 10000.000000
77.000000 29.000000 1.000000 10000.000000 10000.000000 10000.000000 10000.000000
77.000000 30.000000 1.000000 10000.000000 10000.000000 10000.000000 10000.000000
77.000000 31.000000 1.000000 10000.000000 10000.000000 10000.000000 10000.000000
77.000000 32.000000 1.000000 10000.000000 10000.000000 10000.000000 10000.000000
77.000000 33.000000 1.000000 10000.000000 10000.000000 10000.000000 10000.000000
77.000000 34.000000 1.000000 10000.000000 10000.000000 10000.000000 10000.000000
77.000000 35.000000 1.000000 10000.000000 10000.000000 10000.000000 10000.000000
77.000000 36.000000 1.000000 10000.000000 10000.000000 10000.000000 10000.000000
77.000000 37.000000 1.000000 10000.000000 10000.000000 10000.000000 10000.000000
77.000000 38.000000 1.000000 10000.000000 10000.000000 10000.000000 10000.000000
77.000000 39.000000 1.000000 10000.000000 10000.000000 10000.000000 10000.000000
77.000000 40.000000 1.000000 10000.000000 10000.000000 10000.000000 10000.000000
77.000000 41.000000 1.000000 10000.000000 10000.000000 10000.000000 10000.000000
77.000000 42.000000 1.000000 10000.000000 10000.000000 10000.000000 10000.000000
77.000000 43.000000 1.000000 10000.000000 10000.000000 10000.000000 10000.000000
77.000000 44.000000 1.000000 10000.000000 10000.000000 10000.000000 10000.000000
77.000000 45.000000 1.000000 10000.000000 10000.000000 10000.000000 10000.000000
77.000000 46.000000 1.000000 10000.000000 10000.000000 10000.000000 10000.000000
77.000000 47.000000 1.000000 10000.000000 10000.000000 10000.000000 10000.000000
77.000000 48.000000 1.000000 10000.000000 10000.000000 10000.000000 10000.000000
77.000000 49.000000 1.000000 10000.000000 10000.000000 10000.000000 10000.000000
78.000000 0.000000 1.000000 10000.000000 10000.000000 10000.000000 10000.000000
78.000000 1.000000 1.000000 10000.000000 10000.000000 10000.000000 10000.000000
78.000000 2.000000 1.000000 10000.000000 10000.000000 10000.000000 10000.000000
78.000000 3.000000 1.000000 9999.000000 10000.000000 9999.000000 9999.000000
78.000000 4.000000 1.000000 9999.000000 10000.000000 9999.000000 9999.000000
78.000000 5.000000 1.000000 9999.000000 10000.000000 9999.000000 9999.000000
78.000000 6.000000 1.000000 9999.000000 10000.000000 9999.000000 9999.000000
78.000000 7.000000 1.000000 9999.000000 10000.000000 9999.000000 9999.000000
78.000000 8.000000 1.000000 9999.000000 10000.000000 9999.000000 9999.000000
78.000000 9.000000 1.000000 10000.000000 10000.000000 10000.000000 10000.000000
78.000000 10.000000 1.000000 10000.000000 10000.000000 10000.000000 10000.000000
78.000000 11.000000 1.000000 10000.000000 10000.000000 10000.000000 10000.000000
78.000000 12.000000 1.000000 10000.000000 10000.000000 10000.000000 10000.000000
78.000000 13.000000 1.000000 10000.000000 10000.000000 10000.000000 10000.000000
78.000000 14.000000 1.000000 10000.000000 10000.000000 10000.000000 10000.000000
78.000000 15.000000 1.000000 10000.000000 10000.000000 10000.000000 10000.000000
78.000000 16.000000 1.000000 10000.000000 10000.000000 10000.000000 10000.000000
78.000000 17.000000 1.000000 10000.000000 10000.000000 10000.000000 10000.000000
78.000000 18.000000 1.000000 10000.000000 10000.000000 10000.000000 10000.000000
78.000000 19.000000 1.000000 10000.000000 10000.000000 10000.000000 10000.000000
78.000000 20.000000 1.000000 10000.000000 10000.000000 10000.000000 10000.000000
78.000000 21.000000 1.000000 10000.000000 10000.000000 10000.000000 10000.000000
78.000000 22.000000 1.000000 10000.000000 10000.000000 10000.000000 10000.000000
78.000000 23.000000 1.000000 10000.000000 10000.000000 10000.000000 10000.000000
78.000000 24.000000 1.000000 10000.000000 10000.000000 10000.000000 10000.000000
78.000000 25.000000 1.000000 10000.000000 10000.000000 10000.000000 10000.000000
78.000000 26.000000 1.000000 10000.000000 10000.000000 10000.000000 10000.000000
78.000000 27.000000 1.000000 10000.000000 10000.000000 10000.000000 10000.000000
78.000000 28.000000 1.000000 10000.000000 10000.000000 10000.000000 10000.000000
78.000000 29.000000 1.000000 10000.000000 10000.000000 10000.000000 10000.000000
78.000000 30.000000 1.000000 10000.000000 10000.000000 10000.000000 10000.000000
78.000000 31.000000 1.000000 10000.000000 10000.000000 10000.000000 10000.000000
78.000000 32.000000 1.000000 10000.000000 10000.000000 10000.000000 10000.000000
78.000000 33.000000 1.000000 10000.000000 10000.000000 10000.000000 10000.000000
78.000000 34.000000 1.000000 10000.000000 10000.000000 10000.000000 10000.000000
78.000000 35.000000 1.000000 10000.000000 10000.000000 10000.000000 10000.000000
78.000000 36.000000 1.000000 10000.000000 10000.000000 10000.000000 10000.000000
78.000000 37.000000 1.000000 10000.000000 10000.000000 10000.000000 10000.000000
78.000000 38.000000 1.000000 10000.000000 10000.000000 10000.000000 10000.000000
78.000000 39.000000 1.000000 10000.000000 10000.000000 10000.000000 10000.000000
78.000000 40.000000 1.000000 10000.000000 10000.000000 10000.000000 10000.000000
78.000000 41.000000 1.000000 10000.000000 10000.000000 10000.000000 10000.000000
78.000000 42.000000 1.000000 10000.000000 10000.000000 10000.000000 10000.000000
78.000000 43.000000 1.000000 10000.000000 10000.000000 10000.000000 10000.000000
78.000000 44.000000 1.000000 10000.000000 10000.000000 10000.000000 10000.000000
78.000000 45.000000 1.000000 10000.000000 10000.000000 10000.000000 10000.000000
78.000000 46.000000 1.000000 10000.000000 10000.000000 10000.000000 10000.000000
78.000000 47.000000 1.000000 10000.000000 10000.000000 10000.000000 10000.000000
78.000000 48.000000 1.000000 10000.000000 10000.000000 10000.000000 10000.000000
78.000000 49.000000 1.000000 10000.000000 10000.000000 10000.000000 10000.000000
79.000000 0.000000 1.000000 10000.000000 10000.000000 10000.000000 10000.000000
79.000000 1.000000 1.000000 10000.000000 10000.000000 10000.000000 10000.000000
79.000000 2.000000 1.000000 9992.000000 10000.000000 9992.000000 9992.000000
79.000000 3.000000 1.000000 9969.000000 10000.000000 9969.000000 9969.000000
79.000000 4.000000 1.000000 9853.000000 10000.000000 9853.000000 9853.000000
79.000000 5.000000 1.000000 9375.000000 10000.000000 9375.000000 9375.000000
79.000000 6.000000 1.000000 8226.000000 10000.000000 8226.000000 8226.000000
79.000000 7.000000 1.000000 6750.000000 10000.000000 6750.000000 6750.000000
79.000000 8.000000 1.000000 5467.000000 10000.000000 5467.000000 5467.000000
79.000000 9.000000 1.000000 4888.000000 10000.000000 4888.000000 4888.000000
79.000000 10.000000 1.000000 4968.000000 10000.000000 4968.000000 4968.000000
79.000000 11.000000 1.000000 5887.000000 10000.000000 5887.000000 5887.000000
79.000000 12.000000 1.000000 7288.000000 10000.000000 7288.000000 7288.000000
79.000000 13.000000 1.000000 8581.000000 10000.000000 8581.000000 8581.000000
79.000000 14.000000 1.000000 9346.000000 10000.000000 9346.000000 9346.000000
79.000000 15.000000 1.000000 9731.000000 10000.000000 9731.000000 9731.000000
79.000000 16.000000 1.000000 9884.000000 10000.000000 9884.000000 9884.000000
79.000000 17.000000 1.000000 9963.000000 10000.000000 9963.000000 9963.000000
79.000000 18.000000 1.000000 9990.000000 10000.000000 9990.000000 9990.000000
79.000000 19.000000 1.000000 9996.000000 10000.000000 9996.000000 9996.000000
79.000000 20.000000 1.000000 9997.000000 10000.000000 9997.000000 9997.000000
79.000000 21.000000 1.000000 10000.000000 10000.000000 10000.000000 10000.000000
79.000000 22.000000 1.000000 10000.000000 10000.000000 10000.000000 10000.000000
79.000000 23.000000 1.000000 10000.000000 10000.000000 10000.000000 10000.000000
79.000000 24.000000 1.000000 10000.000000 10000.000000 10000.000000 10000.000000
79.000000 25.000000 1.000000 10000.000000 10000.000000 10000.000000 10000.000000
79.000000 26.000000 1.000000 10000.000000 10000.000000 10000.000000 10000.000000
79.000000 27.000000 1.000000 10000.000000 10000.000000 10000.000000 10000.000000
79.000000 28.000000 1.000000 10000.000000 10000.000000 10000.000000 10000.000000
79.000000 29.000000 1.000000 10000.000000 10000.000000 10000.000000 10000.000000
79.000000 30.000000 1.000000 10000.000000 10000.000000 10000.000000 10000.000000
79.000000 31.000000 1.000000 10000.000000 10000.000000 10000.000000 10000.000000
79.000000 32.000000 1.000000 10000.000000 10000.000000 10000.000000 10000.000000
79.000000 33.000000 1.000000 10000.000000 10000.000000 10000.000000 10000.000000
79.000000 34.000000 1.000000 10000.000000 10000.000000 10000.000000 10000.000000
79.000000 35.000000 1.000000 10000.000000 10000.000000 10000.000000 10000.000000
79.000000 36.000000 1.000000 10000.000000 10000.000000 10000.000000 10000.000000
79.000000 37.000000 1.000000 10000.000000 10000.000000 10000.000000 10000.000000
79.000000 38.000000 1.000000 10000.000000 10000.000000 10000.000000 10000.000000
79.000000 39.000000 1.000000 10000.000000 10000.000000 10000.000000 10000.000000
79.000000 40.000000 1.000000 10000.000000 10000.000000 10000.000000 10000.000000
79.000000 41.000000 1.000000 10000.000000 10000.000000 10000.000000 10000.000000
79.000000 42.000000 1.000000 10000.000000 10000.000000 10000.000000 10000.000000
79.000000 43.000000 1.000000 10000.000000 10000.000000 10000.000000 10000.000000
79.000000 44.000000 1.000000 10000.000000 10000.000000 10000.000000 10000.000000
79.000000 45.000000 1.000000 10000.000000 10000.000000 10000.000000 10000.000000
79.000000 46.000000 1.000000 10000.000000 10000.000000 10000.000000 10000.000000
79.000000 47.000000 1.000000 10000.000000 10000.000000 10000.000000 10000.000000
79.000000 48.000000 1.000000 10000.000000 10000.000000 10000.000000 10000.000000
79.000000 49.000000 1.000000 10000.000000 10000.000000 10000.000000 10000.000000
80.000000 0.000000 1.000000 10000.000000 10000.000000 10000.000000 10000.000000
80.000000 1.000000 1.000000 10000.000000 10000.000000 10000.000000 10000.000000
80.000000 2.000000 1.000000 10000.000000 10000.000000 10000.000000 10000.000000
80.000000 3.000000 1.000000 10000.000000 10000.000000 10000.000000 10000.000000
80.000000 4.000000 1.000000 10000.000000 10000.000000 10000.000000 10000.000000
80.000000 5.000000 1.000000 10000.000000 10000.000000 10000.000000 10000.000000
80.000000 6.000000 1.000000 10000.000000 10000.000000 10000.000000 10000.000000
80.000000 7.000000 1.000000 10000.000000 10000.000000 10000.000000 10000.000000
80.000000 8.000000 1.000000 10000.000000 10000.000000 10000.000000 10000.000000
80.000000 9.000000 1.000000 10000.000000 10000.000000 10000.000000 10000.000000
80.000000 10.000000 1.000000 10000.000000 10000.000000 10000.000000 10000.000000
80.000000 11.000000 1.000000 10000.000000 10000.000000 10000.000000 10000.000000
80.000000 12.000000 1.000000 10000.000000 10000.000000 10000.000000 10000.000000
80.000000 13.000000 1.000000 10000.000000 10000.000000 10000.000000 10000.000000
80.000000 14.000000 1.000000 10000.000000 10000.000000 10000.000000 10000.000000
80.000000 15.000000 1.000000 10000.000000 10000.000000 10000.000000 10000.000000
80.000000 16.000000 1.000000 10000.000000 10000.000000 10000.000000 10000.000000
80.000000 17.000000 1.000000 10000.000000 10000.000000 10000.000000 10000.000000
80.000000 18.000000 1.000000 10000.000000 10000.000000 10000.000000 10000.000000
80.000000 19.000000 1.000000 10000.000000 10000.000000 10000.000000 10000.000000
80.000000 20.000000 1.000000 10000.000000 10000.000000 10000.000000 10000.000000
80.000000 21.000000 1.000000 10000.000000 10000.000000 10000.000000 10000.000000
80.000000 22.000000 1.000000 10000.000000 10000.000000 10000.000000 10000.000000
80.000000 23.000000 1.000000 10000.000000 10000.000000 10000.000000 10000.000000
80.000000 24.000000 1.000000 10000.000000 10000.000000 10000.000000 10000.000000
80.000000 25.000000 1.000000 10000.000000 10000.000000 10000.000000 10000.000000
80.000000 26.000000 1.000000 10000.000000 10000.000000 10000.000000 10000.000000
80.000000 27.000000 1.000000 10000.000000 10000.000000 10000.000000 10000.000000
80.000000 28.000000 1.000000 10000.000000 10000.000000 10000.000000 10000.000000
80.000000 29.000000 1.000000 10000.000000 10000.000000 10000.000000 10000.000000
80.000000 30.000000 1.000000 10000.000000 10000.000000 10000.000000 10000.000000
80.000000 31.000000 1.000000 10000.000000 10000.000000 10000.000000 10000.000000
80.000000 32.000000 1.000000 10000.000000 10000.000000 10000.000000 10000.000000
80.000000 33.000000 1.000000 10000.000000 10000.000000 10000.000000 10000.000000
80.000000 34.000000 1.000000 10000.000000 10000.000000 10000.000000 10000.000000
80.000000 35.000000 1.000000 10000.000000 10000.000000 10000.000000 10000.000000
80.000000 36.000000 1.000000 10000.000000 10000.000000 10000.000000 10000.000000
80.000000 37.000000 1.000000 10000.000000 10000.000000 10000.000000 10000.000000
80.000000 38.000000 1.000000 10000.000000 10000.000000 10000.000000 10000.000000
80.000000 39.000000 1.000000 10000.000000 10000.000000 10000.000000 10000.000000
80.000000 40.000000 1.000000 10000.000000 10000.000000 10000.000000 10000.000000
80.000000 41.000000 1.000000 10000.000000 10000.000000 10000.000000 10000.000000
80.000000 42.000000 1.000000 10000.000000 10000.000000 10000.000000 10000.000000
80.000000 43.000000 1.000000 10000.000000 10000.000000 10000.000000 10000.000000
80.000000 44.000000 1.000000 10000.000000 10000.000000 10000.000000 10000.000000
80.000000 45.000000 1.000000 10000.000000 10000.000000 10000.000000 10000.000000
80.000000 46.000000 1.000000 10000.000000 10000.000000 10000.000000 10000.000000
80.000000 47.000000 1.000000 10000.000000 10000.000000 10000.000000 10000.000000
80.000000 48.000000 1.000000 10000.000000 10000.000000 10000.000000 10000.000000
80.000000 49.000000 1.000000 10000.000000 10000.000000 10000.000000 10000.000000
81.000000 0.000000 1.000000 10000.000000 10000.000000 10000.000000 10000.000000
81.000000 1.000000 1.000000 10000.000000 10000.000000 10000.000000 10000.000000
81.000000 2.000000 1.000000 9997.000000 10000.000000 9997.000000 9997.000000
81.000000 3.000000 1.000000 9973.000000 10000.000000 9973.000000 9973.000000
81.000000 4.000000 1.000000 9874.000000 10000.000000 9874.000000 9874.000000
81.000000 5.000000 1.000000 9622.000000 10000.000000 9622.000000 9622.000000
81.000000 6.000000 1.000000 8920.000000 10000.000000 8920.000000 8920.000000
81.000000 7.000000 1.000000 7855.000000 10000.000000 7855.000000 7855.000000
81.000000 8.000000 1.000000 6651.000000 10000.000000 6651.000000 6651.000000
81.000000 9.000000 1.000000 5831.000000 10000.000000 5831.000000 5831.000000
81.000000 10.000000 1.000000 5451.000000 10000.000000 5451.000000 5451.000000
81.000000 11.000000 1.000000 5745.000000 10000.000000 5745.000000 5745.000000
81.000000 12.000000 1.000000 6603.000000 10000.000000 6603.000000 6603.000000
81.000000 13.000000 1.000000 7701.000000 10000.000000 7701.000000 7701.000000
81.000000 14.000000 1.000000 8627.000000 10000.000000 8627.000000 8627.000000
81.000000 15.000000 1.000000 9253.000000 10000.000000 9253.000000 9253.000000
81.000000 16.000000 1.000000 9633.000000 10000.000000 9633.000000 9633.000000
81.000000 17.000000 1.000000 9842.000000 10000.000000 9842.000000 9842.000000
81.000000 18.000000 1.000000 9927.000000 10000.000000 9927.000000 9927.000000
81.000000 19.000000 1.000000 9971.000000 10000.000000 9971.000000 9971.000000
81.000000 20.000000 1.000000 9988.000000 10000.000000 9988.000000 9988.000000
81.000000 21.000000 1.000000 9997.000000 10000.000000 9997.000000 9997.000000
81.000000 22.000000 1.000000 9999.000000 10000.000000 9999.000000 9999.000000
81.000000 23.000000 1.000000 10000.000000 10000.000000 10000.000000 10000.000000
81.000000 24.000000 1.000000 10000.000000 10000.000000 10000.000000 10000.000000
81.000000 25.000000 1.000000 10000.000000 10000.000000 10000.000000 10000.000000
81.000000 26.000000 1.000000 10000.000000 10000.000000 10000.000000 10000.000000
81.000000 27.000000 1.000000 10000.000000 10000.000000 10000.000000 10000.000000
81.000000 28.000000 1.000000 10000.000000 10000.000000 10000.000000 10000.000000
81.000000 29.000000 1.000000 10000.000000 10000.000000 10000.000000 10000.000000
81.000000 30.000000 1.000000 10000.000000 10000.000000 10000.000000 10000.000000
81.000000 31.000000 1.000000 10000.000000 10000.000000 10000.000000 10000.000000
81.000000 32.000000 1.000000 10000.000000 10000.000000 10000.000000 10000.000000
81.000000 33.000000 1.000000 10000.000000 10000.000000 10000.000000 10000.000000
81.000000 34.000000 1.000000 10000.000000 10000.000000 10000.000000 10000.000000
81.000000 35.000000 1.000000 10000.000000 10000.000000 10000.000000 10000.000000
81.000000 36.000000 1.000000 10000.000000 10000.000000 10000.000000 10000.000000
81.000000 37.000000 1.000000 10000.000000 10000.000000 10000.000000 10000.000000
81.000000 38.000000 1.000000 10000.000000 10000.000000 10000.000000 10000.000000
81.000000 39.000000 1.000000 10000.000000 10000.000000 10000.000000 10000.000000
81.000000 40.000000 1.000000 10000.000000 10000.000000 10000.000000 10000.000000
81.000000 41.000000 1.000000 10000.000000 10000.000000 10000.000000 10000.000000
81.000000 42.000000 1.000000 10000.000000 10000.000000 10000.000000 10000.000000
81.000000 43.000000 1.000000 10000.000000 10000.000000 10000.000000 10000.000000
81.000000 44.000000 1.000000 10000.000000 10000.000000 10000.000000 10000.000000
81.000000 45.000000 1.000000 10000.000000 10000.000000 10000.000000 10000.000000
81.000000 46.000000 1.000000 10000.000000 10000.000000 10000.000000 10000.000000
81.000000 47.000000 1.000000 10000.000000 10000.000000 10000.000000 10000.000000
81.000000 48.000000 1.000000 10000.000000 10000.000000 10000.000000 10000.000000
81.000000 49.000000 1.000000 10000.000000 10000.000000 10000.000000 10000.000000
82.000000 0.000000 1.000000 10000.000000 10000.000000 10000.000000 10000.000000
82.000000 1.000000 1.000000 10000.000000 10000.000000 10000.000000 10000.000000
82.000000 2.000000 1.000000 9999.000000 10000.000000 9999.000000 9999.000000
82.000000 3.000000 1.000000 9999.000000 10000.000000 9999.000000 9999.000000
82.000000 4.000000 1.000000 9999.000000 10000.000000 9999.000000 9999.000000
82.000000 5.000000 1.000000 9999.000000 10000.000000 9999.000000 9999.000000
82.000000 6.000000 1.000000 9999.000000 10000.000000 9999.000000 9999.000000
82.000000 7.000000 1.000000 10000.000000 10000.000000 10000.000000 10000.000000
82.000000 8.000000 1.000000 10000.000000 10000.000000 10000.000000 10000.000000
82.000000 9.000000 1.000000 10000.000000 10000.000000 10000.000000 10000.000000
82.000000 10.000000 1.000000 10000.000000 10000.000000 10000.000000 10000.000000
82.000000 11.000000 1.000000 10000.000000 10000.000000 10000.000000 10000.000000
82.000000 12.000000 1.000000 10000.000000 10000.000000 10000.000000 10000.000000
82.000000 13.000000 1.000000 10000.000000 10000.000000 10000.000000 10000.000000
82.000000 14.000000 1.000000 10000.000000 10000.000000 10000.000000 10000.000000
82.000000 15.000000 1.000000 10000.000000 10000.000000 10000.000000 10000.000000
82.000000 16.000000 1.000000 10000.000000 10000.000000 10000.000000 10000.000000
82.000000 17.000000 1.000000 10000.000000 10000.000000 10000.000000 10000.000000
82.000000 18.000000 1.000000 10000.000000 10000.000000 10000.000000 10000.000000
82.000000 19.000000 1.000000 10000.000000 10000.000000 10000.000000 10000.000000
82.000000 20.000000 1.000000 10000.000000 10000.000000 10000.000000 10000.000000
82.000000 21.000000 1.000000 10000.000000 10000.000000 10000.000000 10000.000000
82.000000 22.000000 1.000000 10000.000000 10000.000000 10000.000000 10000.000000
82.000000 23.000000 1.000000 10000.000000 10000.000000 10000.000000 10000.000000
82.000000 24.000000 1.000000 10000.000000 10000.000000 10000.000000 10000.000000
82.000000 25.000000 1.000000 10000.000000 10000.000000 10000.000000 10000.000000
82.000000 26.000000 1.000000 10000.000000 10000.000000 10000.000000 10000.000000
82.000000 27.000000 1.000000 10000.000000 10000.000000 10000.000000 10000.000000
82.000000 28.000000 1.000000 10000.000000 10000.000000 10000.000000 10000.000000
82.000000 29.000000 1.000000 10000.000000 10000.000000 10000.000000 10000.000000
82.000000 30.000000 1.000000 10000.000000 10000.000000 10000.000000 10000.000000
82.000000 31.000000 1.000000 10000.000000 10000.000000 10000.000000 10000.000000
82.000000 32.000000 1.000000 10000.000000 10000.000000 10000.000000 10000.000000
82.000000 33.000000 1.000000 10000.000000 10000.000000 10000.000000 10000.000000
82.000000 34.000000 1.000000 10000.000000 10000.000000 10000.000000 10000.000000
82.000000 35.000000 1.000000 10000.000000 10000.000000 10000.000000 10000.000000
82.000000 36.000000 1.000000 10000.000000 10000.000000 10000.000000 10000.000000
82.000000 37.000000 1.000000 10000.000000 10000.000000 10000.000000 10000.000000
82.000000 38.000000 1.000000 10000.000000 10000.000000 10000.000000 10000.000000
82.000000 39.000000 1.000000 10000.000000 10000.000000 10000.000000 10000.000000
82.000000 40.000000 1.000000 10000.000000 10000.000000 10000.000000 10000.000000
82.000000 41.000000 1.000000 10000.000000 10000.000000 10000.000000 10000.000000
82.000000 42.000000 1.000000 10000.000000 10000.000000 10000.000000 10000.000000
82.000000 43.000000 1.000000 10000.000000 10000.000000 10000.000000 10000.000000
82.000000 44.000000 1.000000 10000.000000 10000.000000 10000.000000 10000.000000
82.000000 45.000000 1.000000 10000.000000 10000.000000 10000.000000 10000.000000
82.000000 46.000000 1.000000 10000.000000 10000.000000 10000.000000 10000.000000
82.000000 47.000000 1.000000 10000.000000 10000.000000 10000.000000 10000.000000
82.000000 48.000000 1.000000 10000.000000 10000.000000 10000.000000 10000.000000
82.000000 49.000000 1.000000 10000.000000 10000.000000 10000.000000 10000.000000
83.000000 0.000000 1.000000 10000.000000 10000.000000 10000.000000 10000.000000
83.000000 1.000000 1.000000 10000.000000 10000.000000 10000.000000 10000.000000
83.000000 2.000000 1.000000 9999.000000 10000.000000 9999.000000 9999.000000
83.000000 3.000000 1.000000 9999.000000 10000.000000 9999.000000 9999.000000
83.000000 4.000000 1.000000 9999.000000 10000.000000 9999.000000 9999.000000
83.000000 5.000000 1.000000 9999.000000 10000.000000 9999.000000 9999.000000
83.000000 6.000000 1.000000 9999.000000 10000.000000 9999.000000 9999.000000
83.000000 7.000000 1.000000 10000.000000 10000.000000 10000.000000 10000.000000
83.000000 8.000000 1.000000 10000.000000 10000.000000 10000.000000 10000.000000
83.000000 9.000000 1.000000 10000.000000 10000.000000 10000.000000 10000.000000
83.000000 10.000000 1.000000 10000.000000 10000.000000 10000.000000 10000.000000
83.000000 11.000000 1.000000 10000.000000 10000.000000 10000.000000 10000.000000
83.000000 12.000000 1.000000 10000.000000 10000.000000 10000.000000 10000.000000
83.000000 13.000000 1.000000 10000.000000 10000.000000 10000.000000 10000.000000
83.000000 14.000000 1.000000 10000.000000 10000.000000 10000.000000 10000.000000
83.000000 15.000000 1.000000 10000.000000 10000.000000 10000.000000 10000.000000
83.000000 16.000000 1.000000 10000.000000 10000.000000 10000.000000 10000.000000
83.000000 17.000000 1.000000 10000.000000 10000.000000 10000.000000 10000.000000
83.000000 18.000000 1.000000 10000.000000 10000.000000 10000.000000 10000.000000
83.000000 19.000000 1.000000 10000.000000 10000.000000 10000.000000 10000.000000
83.000000 20.000000 1.000000 10000.000000 10000.000000 10000.000000 10000.000000
83.000000 21.000000 1.000000 10000.000000 10000.000000 10000.000000 10000.000000
83.000000 22.000000 1.000000 10000.000000 10000.000000 10000.000000 10000.000000
83.000000 23.000000 1.000000 10000.000000 10000.000000 10000.000000 10000.000000
83.000000 24.000000 1.000000 10000.000000 10000.000000 10000.000000 10000.000000
83.000000 25.000000 1.000000 10000.000000 10000.000000 10000.000000 10000.000000
83.000000 26.000000 1.000000 10000.000000 10000.000000 10000.000000 10000.000000
83.000000 27.000000 1.000000 10000.000000 10000.000000 10000.000000 10000.000000
83.000000 28.000000 1.000000 10000.000000 10000.000000 10000.000000 10000.000000
83.000000 29.000000 1.000000 10000.000000 10000.000000 10000.000000 10000.000000
83.000000 30.000000 1.000000 10000.000000 10000.000000 10000.000000 10000.000000
83.000000 31.000000 1.000000 10000.000000 10000.000000 10000.000000 10000.000000
83.000000 32.000000 1.000000 10000.000000 10000.000000 10000.000000 10000.000000
83.000000 33.000000 1.000000 10000.000000 10000.000000 10000.000000 10000.000000
83.000000 34.000000 1.000000 10000.000000 10000.000000 10000.000000 10000.000000
83.000000 35.000000 1.000000 10000.000000 10000.000000 10000.000000 10000.000000
83.000000 36.000000 1.000000 10000.000000 10000.000000 10000.000000 10000.000000
83.000000 37.000000 1.000000 10000.000000 10000.000000 10000.000000 10000.000000
83.000000 38.000000 1.000000 10000.000000 10000.000000 10000.000000 10000.000000
83.000000 39.000000 1.000000 10000.000000 10000.000000 10000.000000 10000.000000
83.000000 40.000000 1.000000 10000.000000 10000.000000 10000.000000 10000.000000
83.000000 41.000000 1.000000 10000.000000 10000.000000 10000.000000 10000.000000
83.000000 42.000000 1.000000 10000.000000 10000.000000 10000.000000 10000.000000
83.000000 43.000000 1.000000 10000.000000 10000.000000 10000.000000 10000.000000
83.000000 44.000000 1.000000 10000.000000 10000.000000 10000.000000 10000.000000
83.000000 45.000000 1.000000 10000.000000 10000.000000 10000.000000 10000.000000
83.000000 46.000000 1.000000 10000.000000 10000.000000 10000.000000 10000.000000
83.000000 47.000000 1.000000 10000.000000 10000.000000 10000.000000 10000.000000
83.000000 48.000000 1.000000 10000.000000 10000.000000 10000.000000 10000.000000
83.000000 49.000000 1.000000 10000.000000 10000.000000 10000.000000 10000.000000
84.000000 0.000000 1.000000 10000.000000 10000.000000 10000.000000 10000.000000
84.000000 1.000000 1.000000 10000.000000 10000.000000 10000.000000 10000.000000
84.000000 2.000000 1.000000 9999.000000 10000.000000 9999.000000 9999.000000
84.000000 3.000000 1.000000 9999.000000 10000.000000 9999.000000 9999.000000
84.000000 4.000000 1.000000 9999.000000 10000.000000 9999.000000 9999.000000
84.000000 5.000000 1.000000 9999.000000 10000.000000 9999.000000 9999.000000
84.000000 6.000000 1.000000 9999.000000 10000.000000 9999.000000 9999.000000
84.000000 7.000000 1.000000 10000.000000 10000.000000 10000.000000 10000.000000
84.000000 8.000000 1.000000 10000.000000 10000.000000 10000.000000 10000.000000
84.000000 9.000000 1.000000 10000.000000 10000.000000 10000.000000 10000.000000
84.000000 10.000000 1.000000 10000.000000 10000.000000 10000.000000 10000.000000
84.000000 11.000000 1.000000 10000.000000 10000.000000 10000.000000 10000.000000
84.000000 12.000000 1.000000 10000.000000 10000.000000 10000.000000 10000.000000
84.000000 13.000000 1.000000 10000.000000 10000.000000 10000.000000 10000.000000
84.000000 14.000000 1.000000 10000.000000 10000.000000 10000.000000 10000.000000
84.000000 15.000000 1.000000 10000.000000 10000.000000 10000.000000 10000.000000
84.000000 16.000000 1.000000 10000.000000 10000.000000 10000.000000 10000.000000
84.000000 17.000000 1.000000 10000.000000 10000.000000 10000.000000 10000.000000
84.000000 18.000000 1.000000 10000.000000 10000.000000 10000.000000 10000.000000
84.000000 19.000000 1.000000 10000.000000 10000.000000 10000.000000 10000.000000
84.000000 20.000000 1.000000 10000.000000 10000.000000 10000.000000 10000.000000
84.000000 21.000000 1.000000 10000.000000 10000.000000 10000.000000 10000.000000
84.000000 22.000000 1.000000 10000.000000 10000.000000 10000.000000 10000.000000
84.000000 23.000000 1.000000 10000.000000 10000.000000 10000.000000 10000.000000
84.000000 24.000000 1.000000 10000.000000 10000.000000 10000.000000 10000.000000
84.000000 25.000000 1.000000 10000.000000 10000.000000 10000.000000 10000.000000
84.000000 26.000000 1.000000 10000.000000 10000.000000 10000.000000 10000.000000
84.000000 27.000000 1.000000 10000.000000 10000.000000 10000.000000 10000.000000
84.000000 28.000000 1.000000 10000.000000 10000.000000 10000.000000 10000.000000
84.000000 29.000000 1.000000 10000.000000 10000.000000 10000.000000 10000.000000
84.000000 30.000000 1.000000 10000.000000 10000.000000 10000.000000 10000.000000
84.000000 31.000000 1.000000 10000.000000 10000.000000 10000.000000 10000.000000
84.000000 32.000000 1.000000 10000.000000 10000.000000 10000.000000 10000.000000
84.000000 33.000000 1.000000 10000.000000 10000.000000 10000.000000 10000.000000
84.000000 34.000000 1.000000 10000.000000 10000.000000 10000.000000 10000.000000
84.000000 35.000000 1.000000 10000.000000 10000.000000 10000.000000 10000.000000
84.000000 36.000000 1.000000 10000.000000 10000.000000 10000.000000 10000.000000
84.000000 37.000000 1.000000 10000.000000 10000.000000 10000.000000 10000.000000
84.000000 38.000000 1.000000 10000.000000 10000.000000 10000.000000 10000.000000
84.000000 39.000000 1.000000 10000.000000 10000.000000 10000.000000 10000.000000
84.000000 40.000000 1.000000 10000.000000 10000.000000 10000.000000 10000.000000
84.000000 41.000000 1.000000 10000.000000 10000.000000 10000.000000 10000.000000
84.000000 42.000000 1.000000 10000.000000 10000.000000 10000.000000 10000.000000
84.000000 43.000000 1.000000 10000.000000 10000.000000 10000.000000 10000.000000
84.000000 44.000000 1.000000 10000.000000 10000.000000 10000.000000 10000.000000
84.000000 45.000000 1.000000 10000.000000 10000.000000 10000.000000 10000.000000
84.000000 46.000000 1.000000 10000.000000 10000.000000 10000.000000 10000.000000
84.000000 47.000000 1.000000 10000.000000 10000.000000 10000.000000 10000.000000
84.000000 48.000000 1.000000 10000.000000 10000.000000 10000.000000 10000.000000
84.000000 49.000000 1.000000 10000.000000 10000.000000 10000.000000 10000.000000
85.000000 0.000000 1.000000 10000.000000 10000.000000 10000.000000 10000.000000
85.000000 1.000000 1.000000 10000.000000 10000.000000 10000.000000 10000.000000
85.000000 2.000000 1.000000 9999.000000 10000.000000 9999.000000 9999.000000
85.000000 3.000000 1.000000 9999.000000 10000.000000 9999.000000 9999.000000
85.000000 4.000000 1.000000 9999.000000 10000.000000 9999.000000 9999.000000
85.000000 5.000000 1.000000 9999.000000 10000.000000 9999.000000 9999.000000
85.000000 6.000000 1.000000 9999.000000 10000.000000 9999.000000 9999.000000
85.000000 7.000000 1.000000 10000.000000 10000.000000 10000.000000 10000.000000
85.000000 8.000000 1.000000 10000.000000 10000.000000 10000.000000 10000.000000
85.000000 9.000000 1.000000 10000.000000 10000.000000 10000.000000 10000.000000
85.000000 10.000000 1.000000 10000.000000 10000.000000 10000.000000 10000.000000
85.000000 11.000000 1.000000 10000.000000 10000.000000 10000.000000 10000.000000
85.000000 12.000000 1.000000 10000.000000 10000.000000 10000.000000 10000.000000
85.000000 13.000000 1.000000 10000.000000 10000.000000 10000.000000 10000.000000
85.000000 14.000000 1.000000 10000.000000 10000.000000 10000.000000 10000.000000
85.000000 15.000000 1.000000 10000.000000 10000.000000 10000.000000 10000.000000
85.000000 16.000000 1.000000 10000.000000 10000.000000 10000.000000 10000.000000
85.000000 17.000000 1.000000 10000.000000 10000.000000 10000.000000 10000.000000
85.000000 18.000000 1.000000 10000.000000 10000.000000 10000.000000 10000.000000
85.000000 19.000000 1.000000 10000.000000 10000.000000 10000.000000 10000.000000
85.000000 20.000000 1.000000 10000.000000 10000.000000 10000.000000 10000.000000
85.000000 21.000000 1.000000 10000.000000 10000.000000 10000.000000 10000.000000
85.000000 22.000000 1.000000 10000.000000 10000.000000 10000.000000 10000.000000
85.000000 23.000000 1.000000 10000.000000 10000.000000 10000.000000 10000.000000
85.000000 24.000000 1.000000 10000.000000 10000.000000 10000.000000 10000.000000
85.000000 25.000000 1.000000 10000.000000 10000.000000 10000.000000 10000.000000
85.000000 26.000000 1.000000 10000.000000 10000.000000 10000.000000 10000.000000
85.000000 27.000000 1.000000 10000.000000 10000.000000 10000.000000 10000.000000
85.000000 28.000000 1.000000 10000.000000 10000.000000 10000.000000 10000.000000
85.000000 29.000000 1.000000 10000.000000 10000.000000 10000.000000 10000.000000
85.000000 30.000000 1.000000 10000.000000 10000.000000 10000.000000 10000.000000
85.000000 31.000000 1.000000 10000.000000 10000.000000 10000.000000 10000.000000
85.000000 32.000000 1.000000 10000.000000 10000.000000 10000.000000 10000.000000
85.000000 33.000000 1.000000 10000.000000 10000.000000 10000.000000 10000.000000
85.000000 34.000000 1.000000 10000.000000 10000.000000 10000.000000 10000.000000
85.000000 35.000000 1.000000 10000.000000 10000.000000 10000.000000 10000.000000
85.000000 36.000000 1.000000 10000.000000 10000.000000 10000.000000 10000.000000
85.000000 37.000000 1.000000 10000.000000 10000.000000 10000.000000 10000.000000
85.000000 38.000000 1.000000 10000.000000 10000.000000 10000.000000 10000.000000
85.000000 39.000000 1.000000 10000.000000 10000.000000 10000.000000 10000.000000
85.000000 40.000000 1.000000 10000.000000 10000.000000 10000.000000 10000.000000
85.000000 41.000000 1.000000 10000.000000 10000.000000 10000.000000 10000.000000
85.000000 42.000000 1.000000 10000.000000 10000.000000 10000.000000 10000.000000
85.000000 43.000000 1.000000 10000.000000 10000.000000 10000.000000 10000.000000
85.000000 44.000000 1.000000 10000.000000 10000.000000 10000.000000 10000.000000
85.000000 45.000000 1.000000 10000.000000 10000.000000 10000.000000 10000.000000
85.000000 46.000000 1.000000 10000.000000 10000.000000 10000.000000 10000.000000
85.000000 47.000000 1.000000 10000.000000 10000.000000 10000.000000 10000.000000
85.000000 48.000000 1.000000 10000.000000 10000.000000 10000.000000 10000.000000
85.000000 49.000000 1.000000 10000.000000 10000.000000 10000.000000 10000.000000
86.000000 0.000000 1.000000 10000.000000 10000.000000 10000.000000 10000.000000
86.000000 1.000000 1.000000 10000.000000 10000.000000 10000.000000 10000.000000
86.000000 2.000000 1.000000 9999.000000 10000.000000 9999.000000 9999.000000
86.000000 3.000000 1.000000 9999.000000 10000.000000 9999.000000 9999.000000
86.000000 4.000000 1.000000 9999.000000 10000.000000 9999.000000 9999.000000
86.000000 5.000000 1.000000 9999.000000 10000.000000 9999.000000 9999.000000
86.000000 6.000000 1.000000 9999.000000 10000.000000 9999.000000 9999.000000
86.000000 7.000000 1.000000 10000.000000 10000.000000 10000.000000 10000.000000
86.000000 8.000000 1.000000 10000.000000 10000.000000 10000.000000 10000.000000
86.000000 9.000000 1.000000 10000.000000 10000.000000 10000.000000 10000.000000
86.000000 10.000000 1.000000 10000.000000 10000.000000 10000.000000 10000.000000
86.000000 11.000000 1.000000 10000.000000 10000.000000 10000.000000 10000.000000
86.000000 12.000000 1.000000 10000.000000 10000.000000 10000.000000 10000.000000
86.000000 13.000000 1.000000 10000.000000 10000.000000 10000.000000 10000.000000
86.000000 14.000000 1.000000 10000.000000 10000.000000 10000.000000 10000.000000
86.000000 15.000000 1.000000 10000.000000 10000.000000 10000.000000 10000.000000
86.000000 16.000000 1.000000 10000.000000 10000.000000 10000.000000 10000.000000
86.000000 17.000000 1.000000 10000.000000 10000.000000 10000.000000 10000.000000
86.000000 18.000000 1.000000 10000.000000 10000.000000 10000.000000 10000.000000
86.000000 19.000000 1.000000 10000.000000 10000.000000 10000.000000 10000.000000
86.000000 20.000000 1.000000 10000.000000 10000.000000 10000.000000 10000.000000
86.000000 21.000000 1.000000 10000.000000 10000.000000 10000.000000 10000.000000
86.000000 22.000000 1.000000 10000.000000 10000.000000 10000.000000 10000.000000
86.000000 23.000000 1.000000 10000.000000 10000.000000 10000.000000 10000.000000
86.000000 24.000000 1.000000 10000.000000 10000.000000 10000.000000 10000.000000
86.000000 25.000000 1.000000 10000.000000 10000.000000 10000.000000 10000.000000
86.000000 26.000000 1.000000 10000.000000 10000.000000 10000.000000 10000.000000
86.000000 27.000000 1.000000 10000.000000 10000.000000 10000.000000 10000.000000
86.000000 28.000000 1.000000 10000.000000 10000.000000 10000.000000 10000.000000
86.000000 29.000000 1.000000 10000.000000 10000.000000 10000.000000 10000.000000
86.000000 30.000000 1.000000 10000.000000 10000.000000 10000.000000 10000.000000
86.000000 31.000000 1.000000 10000.000000 10000.000000 10000.000000 10000.000000
86.000000 32.000000 1.000000 10000.000000 10000.000000 10000.000000 10000.000000
86.000000 33.000000 1.000000 10000.000000 10000.000000 10000.000000 10000.000000
86.000000 34.000000 1.000000 10000.000000 10000.000000 10000.000000 10000.000000
86.000000 35.000000 1.000000 10000.000000 10000.000000 10000.000000 10000.000000
86.000000 36.000000 1.000000 10000.000000 10000.000000 10000.000000 10000.000000
86.000000 37.000000 1.000000 10000.000000 10000.000000 10000.000000 10000.000000
86.000000 38.000000 1.000000 10000.000000 10000.000000 10000.000000 10000.000000
86.000000 39.000000 1.000000 10000.000000 10000.000000 10000.000000 10000.000000
86.000000 40.000000 1.000000 10000.000000 10000.000000 10000.000000 10000.000000
86.000000 41.000000 1.000000 10000.000000 10000.000000 10000.000000 10000.000000
86.000000 42.000000 1.000000 10000.000000 10000.000000 10000.000000 10000.000000
86.000000 43.000000 1.000000 10000.000000 10000.000000 10000.000000 10000.000000
86.000000 44.000000 1.000000 10000.000000 10000.000000 10000.000000 10000.000000
86.000000 45.000000 1.000000 10000.000000 10000.000000 10000.000000 10000.000000
86.000000 46.000000 1.000000 10000.000000 10000.000000 10000.000000 10000.000000
86.000000 47.000000 1.000000 10000.000000 10000.000000 10000.000000 10000.000000
86.000000 48.000000 1.000000 10000.000000 10000.000000 10000.000000 10000.000000
86.000000 49.000000 1.000000 10000.000000 10000.000000 10000.000000 10000.000000
87.000000 0.000000 1.000000 10000.000000 10000.000000 10000.000000 10000.000000
87.000000 1.000000 1.000000 10000.000000 10000.000000 10000.000000 10000.000000
87.000000 2.000000 1.000000 9997.000000 10000.000000 9997.000000 9997.000000
87.000000 3.000000 1.000000 9951.000000 10000.000000 9951.000000 9951.000000
87.000000 4.000000 1.000000 9655.000000 10000.000000 9655.000000 9655.000000
87.000000 5.000000 1.000000 8547.000000 10000.000000 8547.000000 8547.000000
87.000000 6.000000 1.000000 6896.000000 10000.000000 6896.000000 6896.000000
87.000000 7.000000 1.000000 5501.000000 10000.000000 5501.000000 5501.000000
87.000000 8.000000 1.000000 4678.000000 10000.000000 4678.000000 4678.000000
87.000000 9.000000 1.000000 4581.000000 10000.000000 4581.000000 4581.000000
87.000000 10.000000 1.000000 5416.000000 10000.000000 5416.000000 5416.000000
87.000000 11.000000 1.000000 6974.000000 10000.000000 6974.000000 6974.000000
87.000000 12.000000 1.000000 8346.000000 10000.000000 8346.000000 8346.000000
87.000000 13.000000 1.000000 9270.000000 10000.000000 9270.000000 9270.000000
87.000000 14.000000 1.000000 9680.000000 10000.000000 9680.000000 9680.000000
87.000000 15.000000 1.000000 9878.000000 10000.000000 9878.000000 9878.000000
87.000000 16.000000 1.000000 9948.000000 10000.000000 9948.000000 9948.000000
87.000000 17.000000 1.000000 9975.000000 10000.000000 9975.000000 9975.000000
87.000000 18.000000 1.000000 9996.000000 10000.000000 9996.000000 9996.000000
87.000000 19.000000 1.000000 10000.000000 10000.000000 10000.000000 10000.000000
87.000000 20.000000 1.000000 10000.000000 10000.000000 10000.000000 10000.000000
87.000000 21.000000 1.000000 10000.000000 10000.000000 10000.000000 10000.000000
87.000000 22.000000 1.000000 10000.000000 10000.000000 10000.000000 10000.000000
87.000000 23.000000 1.000000 10000.000000 10000.000000 10000.000000 10000.000000
87.000000 24.000000 1.000000 10000.000000 10000.000000 10000.000000 10000.000000
87.000000 25.000000 1.000000 10000.000000 10000.000000 10000.000000 10000.000000
87.000000 26.000000 1.000000 10000.000000 10000.000000 10000.000000 10000.000000
87.000000 27.000000 1.000000 10000.000000 10000.000000 10000.000000 10000.000000
87.000000 28.000000 1.000000 10000.000000 10000.000000 10000.000000 10000.000000
87.000000 29.000000 1.000000 10000.000000 10000.000000 10000.000000 10000.000000
87.000000 30.000000 1.000000 10000.000000 10000.000000 10000.000000 10000.000000
87.000000 31.000000 1.000000 10000.000000 10000.000000 10000.000000 10000.000000
87.000000 32.000000 1.000000 10000.000000 10000.000000 10000.000000 10000.000000
87.000000 33.000000 1.000000 10000.000000 10000.000000 10000.000000 10000.000000
87.000000 34.000000 1.000000 10000.000000 10000.000000 10000.000000 10000.000000
87.000000 35.000000 1.000000 10000.000000 10000.000000 10000.000000 10000.000000
87.000000 36.000000 1.000000 10000.000000 10000.000000 10000.000000 10000.000000
87.000000 37.000000 1.000000 10000.000000 10000.000000 10000.000000 10000.000000
87.000000 38.000000 1.000000 10000.000000 10000.000000 10000.000000 10000.000000
87.000000 39.000000 1.000000 10000.000000 10000.000000 10000.000000 10000.000000
87.000000 40.000000 1.000000 10000.000000 10000.000000 10000.000000 10000.000000
87.000000 41.000000 1.000000 10000.000000 10000.000000 10000.000000 10000.000000
87.000000 42.000000 1.000000 10000.000000 10000.000000 10000.000000 10000.000000
87.000000 43.000000 1.000000 10000.000000 10000.000000 10000.000000 10000.000000
87.000000 44.000000 1.000000 10000.000000 10000.000000 10000.000000 10000.000000
87.000000 45.000000 1.000000 10000.000000 10000.000000 10000.000000 10000.000000
87.000000 46.000000 1.000000 10000.000000 10000.000000 10000.000000 10000.000000
87.000000 47.000000 1.000000 10000.000000 10000.000000 10000.000000 10000.000000
87.000000 48.000000 1.000000 10000.000000 10000.000000 10000.000000 10000.000000
87.000000 49.000000 1.000000 10000.000000 10000.000000 10000.000000 10000.000000
88.000000 0.000000 1.000000 10000.000000 10000.000000 10000.000000 10000.000000
88.000000 1.000000 1.000000 10000.000000 10000.000000 10000.000000 10000.000000
88.000000 2.000000 1.000000 9999.000000 10000.000000 9999.000000 9999.000000
88.000000 3.000000 1.000000 9998.000000 10000.000000 9998.000000 9998.000000
88.000000 4.000000 1.000000 9990.000000 10000.000000 9990.000000 9990.000000
88.000000 5.000000 1.000000 9948.000000 10000.000000 9948.000000 9948.000000
88.000000 6.000000 1.000000 9814.000000 10000.000000 9814.000000 9814.000000
88.000000 7.000000 1.000000 9355.000000 10000.000000 9355.000000 9355.000000
88.000000 8.000000 1.000000 8287.000000 10000.000000 8287.000000 8287.000000
88.000000 9.000000 1.000000 6968.000000 10000.000000 6968.000000 6968.000000
88.000000 10.000000 1.000000 5761.000000 10000.000000 5761.000000 5761.000000
88.000000 11.000000 1.000000 5060.000000 10000.000000 5060.000000 5060.000000
88.000000 12.000000 1.000000 5031.000000 10000.000000 5031.000000 5031.000000
88.000000 13.000000 1.000000 5790.000000 10000.000000 5790.000000 5790.000000
88.000000 14.000000 1.000000 7015.000000 10000.000000 7015.000000 7015.000000
88.000000 15.000000 1.000000 8247.000000 10000.000000 8247.000000 8247.000000
88.000000 16.000000 1.000000 9052.000000 10000.000000 9052.000000 9052.000000
88.000000 17.000000 1.000000 9548.000000 10000.000000 9548.000000 9548.000000
88.000000 18.000000 1.000000 9793.000000 10000.000000 9793.000000 9793.000000
88.000000 19.000000 1.000000 9903.000000 10000.000000 9903.000000 9903.000000
88.000000 20.000000 1.000000 9953.000000 10000.000000 9953.000000 9953.000000
88.000000 21.000000 1.000000 9979.000000 10000.000000 9979.000000 9979.000000
88.000000 22.000000 1.000000 9987.000000 10000.000000 9987.000000 9987.000000
88.000000 23.000000 1.000000 9994.000000 10000.000000 9994.000000 9994.000000
88.000000 24.000000 1.000000 9997.000000 10000.000000 9997.000000 9997.000000
88.000000 25.000000 1.000000 9998.000000 10000.000000 9998.000000 9998.000000
88.000000 26.000000 1.000000 10000.000000 10000.000000 10000.000000 10000.000000
88.000000 27.000000 1.000000 10000.000000 10000.000000 10000.000000 10000.000000
88.000000 28.000000 1.000000 10000.000000 10000.000000 10000.000000 10000.000000
88.000000 29.000000 1.000000 10000.000000 10000.000000 10000.000000 10000.000000
88.000000 30.000000 1.000000 10000.000000 10000.000000 10000.000000 10000.000000
88.000000 31.000000 1.000000 10000.000000 10000.000000 10000.000000 10000.000000
88.000000 32.000000 1.000000 10000.000000 10000.000000 10000.000000 10000.000000
88.000000 33.000000 1.000000 10000.000000 10000.000000 10000.000000 10000.000000
88.000000 34.000000 1.000000 10000.000000 10000.000000 10000.000000 10000.000000
88.000000 35.000000 1.000000 10000.000000 10000.000000 10000.000000 10000.000000
88.000000 36.000000 1.000000 10000.000000 10000.000000 10000.000000 10000.000000
88.000000 37.000000 1.000000 10000.000000 10000.000000 10000.000000 10000.000000
88.000000 38.000000 1.000000 10000.000000 10000.000000 10000.000000 10000.000000
88.000000 39.000000 1.000000 10000.000000 10000.000000 10000.000000 10000.000000
88.000000 40.000000 1.000000 10000.000000 10000.000000 10000.000000 10000.000000
88.000000 41.000000 1.000000 10000.000000 10000.000000 10000.000000 10000.000000
88.000000 42.000000 1.000000 10000.000000 10000.000000 10000.000000 10000.000000
88.000000 43.000000 1.000000 10000.000000 10000.000000 10000.000000 10000.000000
88.000000 44.000000 1.000000 10000.000000 10000.000000 10000.000000 10000.000000
88.000000 45.000000 1.000000 10000.000000 10000.000000 10000.000000 10000.000000
88.000000 46.000000 1.000000 10000.000000 10000.000000 10000.000000 10000.000000
88.000000 47.000000 1.000000 10000.000000 10000.000000 10000.000000 10000.000000
88.000000 48.000000 1.000000 10000.000000 10000.000000 10000.000000 10000.000000
88.000000 49.000000 1.000000 10000.000000 10000.000000 10000.000000 10000.000000
89.000000 0.000000 1.000000 10000.000000 10000.000000 10000.000000 10000.000000
89.000000 1.000000 1.000000 10000.000000 10000.000000 10000.000000 10000.000000
89.000000 2.000000 1.000000 10000.000000 10000.000000 10000.000000 10000.000000
89.000000 3.000000 1.000000 10000.000000 10000.000000 10000.000000 10000.000000
89.000000 4.000000 1.000000 9999.000000 10000.000000 9999.000000 9999.000000
89.000000 5.000000 1.000000 9999.000000 10000.000000 9999.000000 9999.000000
89.000000 6.000000 1.000000 9999.000000 10000.000000 9999.000000 9999.000000
89.000000 7.000000 1.000000 9999.000000 10000.000000 9999.000000 9999.000000
89.000000 8.000000 1.000000 9999.000000 10000.000000 9999.000000 9999.000000
89.000000 9.000000 1.000000 9999.000000 10000.000000 9999.000000 9999.000000
89.000000 10.000000 1.000000 10000.000000 10000.000000 10000.000000 10000.000000
89.000000 11.000000 1.000000 10000.000000 10000.000000 10000.000000 10000.000000
89.000000 12.000000 1.000000 10000.000000 10000.000000 10000.000000 10000.000000
89.000000 13.000000 1.000000 10000.000000 10000.000000 10000.000000 10000.000000
89.000000 14.000000 1.000000 10000.000000 10000.000000 10000.000000 10000.000000
89.000000 15.000000 1.000000 10000.000000 10000.000000 10000.000000 10000.000000
89.000000 16.000000 1.000000 10000.000000 10000.000000 10000.000000 10000.000000
89.000000 17.000000 1.000000 10000.000000 10000.000000 10000.000000 10000.000000
89.000000 18.000000 1.000000 10000.000000 10000.000000 10000.000000 10000.000000
89.000000 19.000000 1.000000 10000.000000 10000.000000 10000.000000 10000.000000
89.000000 20.000000 1.000000 10000.000000 10000.000000 10000.000000 10000.000000
89.000000 21.000000 1.000000 10000.000000 10000.000000 10000.000000 10000.000000
89.000000 22.000000 1.000000 10000.000000 10000.000000 10000.000000 10000.000000
89.000000 23.000000 1.000000 10000.000000 10000.000000 10000.000000 10000.000000
89.000000 24.000000 1.000000 10000.000000 10000.000000 10000.000000 10000.000000
89.000000 25.000000 1.000000 10000.000000 10000.000000 10000.000000 10000.000000
89.000000 26.000000 1.000000 10000.000000 10000.000000 10000.000000 10000.000000
89.000000 27.000000 1.000000 10000.000000 10000.000000 10000.000000 10000.000000
89.000000 28.000000 1.000000 10000.000000 10000.000000 10000.000000 10000.000000
89.000000 29.000000 1.000000 10000.000000 10000.000000 10000.000000 10000.000000
89.000000 30.000000 1.000000 10000.000000 10000.000000 10000.000000 10000.000000
89.000000 31.000000 1.000000 10000.000000 10000.000000 10000.000000 10000.000000
89.000000 32.000000 1.000000 10000.000000 10000.000000 10000.000000 10000.000000
89.000000 33.000000 1.000000 10000.000000 10000.000000 10000.000000 10000.000000
89.000000 34.000000 1.000000 10000.000000 10000.000000 10000.000000 10000.000000
89.000000 35.000000 1.000000 10000.000000 10000.000000 10000.000000 10000.000000
89.000000 36.000000 1.000000 10000.000000 10000.000000 10000.000000 10000.000000
89.000000 37.000000 1.000000 10000.000000 10000.000000 10000.000000 10000.000000
89.000000 38.000000 1.000000 10000.000000 10000.000000 10000.000000 10000.000000
89.000000 39.000000 1.000000 10000.000000 10000.000000 10000.000000 10000.000000
89.000000 40.000000 1.000000 10000.000000 10000.000000 10000.000000 10000.000000
89.000000 41.000000 1.000000 10000.000000 10000.000000 10000.000000 10000.000000
89.000000 42.000000 1.000000 10000.000000 10000.000000 10000.000000 10000.000000
89.000000 43.000000 1.000000 10000.000000 10000.000000 10000.000000 10000.000000
89.000000 44.000000 1.000000 10000.000000 10000.000000 10000.000000 10000.000000
89.000000 45.000000 1.000000 10000.000000 10000.000000 10000.000000 10000.000000
89.000000 46.000000 1.000000 10000.000000 10000.000000 10000.000000 10000.000000
89.000000 47.000000 1.000000 10000.000000 10000.000000 10000.000000 10000.000000
89.000000 48.000000 1.000000 10000.000000 10000.000000 10000.000000 10000.000000
89.000000 49.000000 1.000000 10000.000000 10000.000000 10000.000000 10000.000000
90.000000 0.000000 1.000000 10000.000000 10000.000000 10000.000000 10000.000000
90.000000 1.000000 1.000000 10000.000000 10000.000000 10000.000000 10000.000000
90.000000 2.000000 1.000000 9999.000000 10000.000000 9999.000000 9999.000000
90.000000 3.000000 1.000000 9999.000000 10000.000000 9999.000000 9999.000000
90.000000 4.000000 1.000000 9999.000000 10000.000000 9999.000000 9999.000000
90.000000 5.000000 1.000000 9999.000000 10000.000000 9999.000000 9999.000000
90.000000 6.000000 1.000000 9999.000000 10000.000000 9999.000000 9999.000000
90.000000 7.000000 1.000000 10000.000000 10000.000000 10000.000000 10000.000000
90.000000 8.000000 1.000000 10000.000000 10000.000000 10000.000000 10000.000000
90.000000 9.000000 1.000000 10000.000000 10000.000000 10000.000000 10000.000000
90.000000 10.000000 1.000000 10000.000000 10000.000000 10000.000000 10000.000000
90.000000 11.000000 1.000000 10000.000000 10000.000000 10000.000000 10000.000000
90.000000 12.000000 1.000000 10000.000000 10000.000000 10000.000000 10000.000000
90.000000 13.000000 1.000000 10000.000000 10000.000000 10000.000000 10000.000000
90.000000 14.000000 1.000000 10000.000000 10000.000000 10000.000000 10000.000000
90.000000 15.000000 1.000000 10000.000000 10000.000000 10000.000000 10000.000000
90.000000 16.000000 1.000000 10000.000000 10000.000000 10000.000000 10000.000000
90.000000 17.000000 1.000000 10000.000000 10000.000000 10000.000000 10000.000000
90.000000 18.000000 1.000000 10000.000000 10000.000000 10000.000000 10000.000000
90.000000 19.000000 1.000000 10000.000000 10000.000000 10000.000000 10000.000000
90.000000 20.000000 1.000000 10000.000000 10000.000000 10000.000000 10000.000000
90.000000 21.000000 1.000000 10000.000000 10000.000000 10000.000000 10000.000000
90.000000 22.000000 1.000000 10000.000000 10000.000000 10000.000000 10000.000000
90.000000 23.000000 1.000000 10000.000000 10000.000000 10000.000000 10000.000000
90.000000 24.000000 1.000000 10000.000000 10000.000000 10000.000000 10000.000000
90.000000 25.000000 1.000000 10000.000000 10000.000000 10000.000000 10000.000000
90.000000 26.000000 1.000000 10000.000000 10000.000000 10000.000000 10000.000000
90.000000 27.000000 1.000000 10000.000000 10000.000000 10000.000000 10000.000000
90.000000 28.000000 1.000000 10000.000000 10000.000000 10000.000000 10000.000000
90.000000 29.000000 1.000000 10000.000000 10000.000000 10000.000000 10000.000000
90.000000 30.000000 1.000000 10000.000000 10000.000000 10000.000000 10000.000000
90.000000 31.000000 1.000000 10000.000000 10000.000000 10000.000000 10000.000000
90.000000 32.000000 1.000000 10000.000000 10000.000000 10000.000000 10000.000000
90.000000 33.000000 1.000000 10000.000000 10000.000000 10000.000000 10000.000000
90.000000 34.000000 1.000000 10000.000000 10000.000000 10000.000000 10000.000000
90.000000 35.000000 1.000000 10000.000000 10000.000000 10000.000000 10000.000000
90.000000 36.000000 1.000000 10000.000000 10000.000000 10000.000000 10000.000000
90.000000 37.000000 1.000000 10000.000000 10000.000000 10000.000000 10000.000000
90.000000 38.000000 1.000000 10000.000000 10000.000000 10000.000000 10000.000000
90.000000 39.000000 1.000000 10000.000000 10000.000000 10000.000000 10000.000000
90.000000 40.000000 1.000000 10000.000000 10000.000000 10000.000000 10000.000000
90.000000 41.000000 1.000000 10000.000000 10000.000000 10000.000000 10000.000000
90.000000 42.000000 1.000000 10000.000000 10000.000000 10000.000000 10000.000000
90.000000 43.000000 1.000000 10000.000000 10000.000000 10000.000000 10000.000000
90.000000 44.000000 1.000000 10000.000000 10000.000000 10000.000000 10000.000000
90.000000 45.000000 1.000000 10000.000000 10000.000000 10000.000000 10000.000000
90.000000 46.000000 1.000000 10000.000000 10000.000000 10000.000000 10000.000000
90.000000 47.000000 1.000000 10000.000000 10000.000000 10000.000000 10000.000000
90.000000 48.000000 1.000000 10000.000000 10000.000000 10000.000000 10000.000000
90.000000 49.000000 1.000000 10000.000000 10000.000000 10000.000000 10000.000000
91.000000 0.000000 1.000000 10000.000000 10000.000000 10000.000000 10000.000000
91.000000 1.000000 1.000000 10000.000000 10000.000000 10000.000000 10000.000000
91.000000 2.000000 1.000000 9998.000000 10000.000000 9998.000000 9998.000000
91.000000 3.000000 1.000000 9995.000000 10000.000000 9995.000000 9995.000000
91.000000 4.000000 1.000000 9975.000000 10000.000000 9975.000000 9975.000000
91.000000 5.000000 1.000000 9915.000000 10000.000000 9915.000000 9915.000000
91.000000 6.000000 1.000000 9621.000000 10000.000000 9621.000000 9621.000000
91.000000 7.000000 1.000000 8634.000000 10000.000000 8634.000000 8634.000000
91.000000 8.000000 1.000000 7064.000000 10000.000000 7064.000000 7064.000000
91.000000 9.000000 1.000000 5530.000000 10000.000000 5530.000000 5530.000000
91.000000 10.000000 1.000000 4635.000000 10000.000000 4635.000000 4635.000000
91.000000 11.000000 1.000000 4461.000000 10000.000000 4461.000000 4461.000000
91.000000 12.000000 1.000000 5177.000000 10000.000000 5177.000000 5177.000000
91.000000 13.000000 1.000000 6606.000000 10000.000000 6606.000000 6606.000000
91.000000 14.000000 1.000000 8134.000000 10000.000000 8134.000000 8134.000000
91.000000 15.000000 1.000000 9149.000000 10000.000000 9149.000000 9149.000000
91.000000 16.000000 1.000000 9641.000000 10000.000000 9641.000000 9641.000000
91.000000 17.000000 1.000000 9867.000000 10000.000000 9867.000000 9867.000000
91.000000 18.000000 1.000000 9945.000000 10000.000000 9945.000000 9945.000000
91.000000 19.000000 1.000000 9978.000000 10000.000000 9978.000000 9978.000000
91.000000 20.000000 1.000000 9993.000000 10000.000000 9993.000000 9993.000000
91.000000 21.000000 1.000000 9998.000000 10000.000000 9998.000000 9998.000000
91.000000 22.000000 1.000000 10000.000000 10000.000000 10000.000000 10000.000000
91.000000 23.000000 1.000000 10000.000000 10000.000000 10000.000000 10000.000000
91.000000 24.000000 1.000000 10000.000000 10000.000000 10000.000000 10000.000000
91.000000 25.000000 1.000000 10000.000000 10000.000000 10000.000000 10000.000000
91.000000 26.000000 1.000000 10000.000000 10000.000000 10000.000000 10000.000000
91.000000 27.000000 1.000000 10000.000000 10000.000000 10000.000000 10000.000000
91.000000 28.000000 1.000000 10000.000000 10000.000000 10000.000000 10000.000000
91.000000 29.000000 1.000000 10000.000000 10000.000000 10000.000000 10000.000000
91.000000 30.000000 1.000000 10000.000000 10000.000000 10000.000000 10000.000000
91.000000 31.000000 1.000000 10000.000000 10000.000000 10000.000000 10000.000000
91.000000 32.000000 1.000000 10000.000000 10000.000000 10000.000000 10000.000000
91.000000 33.000000 1.000000 10000.000000 10000.000000 10000.000000 10000.000000
91.000000 34.000000 1.000000 10000.000000 10000.000000 10000.000000 10000.000000
91.000000 35.000000 1.000000 10000.000000 10000.000000 10000.000000 10000.000000
91.000000 36.000000 1.000000 10000.000000 10000.000000 10000.000000 10000.000000
91.000000 37.000000 1.000000 10000.000000 10000.000000 10000.000000 10000.000000
91.000000 38.000000 1.000000 10000.000000 10000.000000 10000.000000 10000.000000
91.000000 39.000000 1.000000 10000.000000 10000.000000 10000.000000 10000.000000
91.000000 40.000000 1.000000 10000.000000 10000.000000 10000.000000 10000.000000
91.000000 41.000000 1.000000 10000.000000 10000.000000 10000.000000 10000.000000
91.000000 42.000000 1.000000 10000.000000 10000.000000 10000.000000 10000.000000
91.000000 43.000000 1.000000 10000.000000 10000.000000 10000.000000 10000.000000
91.000000 44.000000 1.000000 10000.000000 10000.000000 10000.000000 10000.000000
91.000000 45.000000 1.000000 10000.000000 10000.000000 10000.000000 10000.000000
91.000000 46.000000 1.000000 10000.000000 10000.000000 10000.000000 10000.000000
91.000000 47.000000 1.000000 10000.000000 10000.000000 10000.000000 10000.000000
91.000000 48.000000 1.000000 10000.000000 10000.000000 10000.000000 10000.000000
91.000000 49.000000 1.000000 10000.000000 10000.000000 10000.000000 10000.000000
92.000000 0.000000 1.000000 10000.000000 10000.000000 10000.000000 10000.000000
92.000000 1.000000 1.000000 10000.000000 10000.000000 10000.000000 10000.000000
92.000000 2.000000 1.000000 9999.000000 10000.000000 9999.000000 9999.000000
92.000000 3.000000 1.000000 9999.000000 10000.000000 9999.000000 9999.000000
92.000000 4.000000 1.000000 9999.000000 10000.000000 9999.000000 9999.000000
92.000000 5.000000 1.000000 9999.000000 10000.000000 9999.000000 9999.000000
92.000000 6.000000 1.000000 9999.000000 10000.000000 9999.000000 9999.000000
92.000000 7.000000 1.000000 10000.000000 10000.000000 10000.000000 10000.000000
92.000000 8.000000 1.000000 10000.000000 10000.000000 10000.000000 10000.000000
92.000000 9.000000 1.000000 10000.000000 10000.000000 10000.000000 10000.000000
92.000000 10.000000 1.000000 10000.000000 10000.000000 10000.000000 10000.000000
92.000000 11.000000 1.000000 10000.000000 10000.000000 10000.000000 10000.000000
92.000000 12.000000 1.000000 10000.000000 10000.000000 10000.000000 10000.000000
92.000000 13.000000 1.000000 10000.000000 10000.000000 10000.000000 10000.000000
92.000000 14.000000 1.000000 10000.000000 10000.000000 10000.000000 10000.000000
92.000000 15.000000 1.000000 10000.000000 10000.000000 10000.000000 10000.000000
92.000000 16.000000 1.000000 10000.000000 10000.000000 10000.000000 10000.000000
92.000000 17.000000 1.000000 10000.000000 10000.000000 10000.000000 10000.000000
92.000000 18.000000 1.000000 10000.000000 10000.000000 10000.000000 10000.000000
92.000000 19.000000 1.000000 10000.000000 10000.000000 10000.000000 10000.000000
92.000000 20.000000 1.000000 10000.000000 10000.000000 10000.000000 10000.000000
92.000000 21.000000 1.000000 10000.000000 10000.000000 10000.000000 10000.000000
92.000000 22.000000 1.000000 10000.000000 10000.000000 10000.000000 10000.000000
92.000000 23.000000 1.000000 10000.000000 10000.000000 10000.000000 10000.000000
92.000000 24.000000 1.000000 10000.000000 10000.000000 10000.000000 10000.000000
92.000000 25.000000 1.000000 10000.000000 10000.000000 10000.000000 10000.000000
92.000000 26.000000 1.000000 10000.000000 10000.000000 10000.000000 10000.000000
92.000000 27.000000 1.000000 10000.000000 10000.000000 10000.000000 10000.000000
92.000000 28.000000 1.000000 10000.000000 10000.000000 10000.000000 10000.000000
92.000000 29.000000 1.000000 10000.000000 10000.000000 10000.000000 10000.000000
92.000000 30.000000 1.000000 10000.000000 10000.000000 10000.000000 10000.000000
92.000000 31.000000 1.000000 10000.000000 10000.000000 10000.000000 10000.000000
92.000000 32.000000 1.000000 10000.000000 10000.000000 10000.000000 10000.000000
92.000000 33.000000 1.000000 10000.000000 10000.000000 10000.000000 10000.000000
92.000000 34.000000 1.000000 10000.000000 10000.000000 10000.000000 10000.000000
92.000000 35.000000 1.000000 10000.000000 10000.000000 10000.000000 10000.000000
92.000000 36.000000 1.000000 10000.000000 10000.000000 10000.000000 10000.000000
92.000000 37.000000 1.000000 10000.000000 10000.000000 10000.000000 10000.000000
92.000000 38.000000 1.000000 10000.000000 10000.000000 10000.000000 10000.000000
92.000000 39.000000 1.000000 10000.000000 10000.000000 10000.000000 10000.000000
92.000000 40.000000 1.000000 10000.000000 10000.000000 10000.000000 10000.000000
92.000000 41.000000 1.000000 10000.000000 10000.000000 10000.000000 10000.000000
92.000000 42.000000 1.000000 10000.000000 10000.000000 10000.000000 10000.000000
92.000000 43.000000 1.000000 10000.000000 10000.000000 10000.000000 10000.000000
92.000000 44.000000 1.000000 10000.000000 10000.000000 10000.000000 10000.000000
92.000000 45.000000 1.000000 10000.000000 10000.000000 10000.000000 10000.000000
92.000000 46.000000 1.000000 10000.000000 10000.000000 10000.000000 10000.000000
92.000000 47.000000 1.000000 10000.000000 10000.000000 10000.000000 10000.000000
92.000000 48.000000 1.000000 10000.000000 10000.000000 10000.000000 10000.000000
92.000000 49.000000 1.000000 10000.000000 10000.000000 10000.000000 10000.000000
93.000000 0.000000 1.000000 10000.000000 10000.000000 10000.000000 10000.000000
93.000000 1.000000 1.000000 10000.000000 10000.000000 10000.000000 10000.000000
93.000000 2.000000 1.000000 9999.000000 10000.000000 9999.000000 9999.000000
93.000000 3.000000 1.000000 9999.000000 10000.000000 9999.000000 9999.000000
93.000000 4.000000 1.000000 9999.000000 10000.000000 9999.000000 9999.000000
93.000000 5.000000 1.000000 9999.000000 10000.000000 9999.000000 9999.000000
93.000000 6.000000 1.000000 9999.000000 10000.000000 9999.000000 9999.000000
93.000000 7.000000 1.000000 10000.000000 10000.000000 10000.000000 10000.000000
93.000000 8.000000 1.000000 10000.000000 10000.000000 10000.000000 10000.000000
93.000000 9.000000 1.000000 10000.000000 10000.000000 10000.000000 10000.000000
93.000000 10.000000 1.000000 10000.000000 10000.000000 10000.000000 10000.000000
93.000000 11.000000 1.000000 10000.000000 10000.000000 10000.000000 10000.000000
93.000000 12.000000 1.000000 10000.000000 10000.000000 10000.000000 10000.000000
93.000000 13.000000 1.000000 10000.000000 10000.000000 10000.000000 10000.000000
93.000000 14.000000 1.000000 10000.000000 10000.000000 10000.000000 10000.000000
93.000000 15.000000 1.000000 10000.000000 10000.000000 10000.000000 10000.000000
93.000000 16.000000 1.000000 10000.000000 10000.000000 10000.000000 10000.000000
93.000000 17.000000 1.000000 10000.000000 10000.000000 10000.000000 10000.000000
93.000000 18.000000 1.000000 10000.000000 10000.000000 10000.000000 10000.000000
93.000000 19.000000 1.000000 10000.000000 10000.000000 10000.000000 10000.000000
93.000000 20.000000 1.000000 10000.000000 10000.000000 10000.000000 10000.000000
93.000000 21.000000 1.000000 10000.000000 10000.000000 10000.000000 10000.000000
93.000000 22.000000 1.000000 10000.000000 10000.000000 10000.000000 10000.000000
93.000000 23.000000 1.000000 10000.000000 10000.000000 10000.000000 10000.000000
93.000000 24.000000 1.000000 10000.000000 10000.000000 10000.000000 10000.000000
93.000000 25.000000 1.000000 10000.000000 10000.000000 10000.000000 10000.000000
93.000000 26.000000 1.000000 10000.000000 10000.000000 10000.000000 10000.000000
93.000000 27.000000 1.000000 10000.000000 10000.000000 10000.000000 10000.000000
93.000000 28.000000 1.000000 10000.000000 10000.000000 10000.000000 10000.000000
93.000000 29.000000 1.000000 10000.000000 10000.000000 10000.000000 10000.000000
93.000000 30.000000 1.000000 10000.000000 10000.000000 10000.000000 10000.000000
93.000000 31.000000 1.000000 10000.000000 10000.000000 10000.000000 10000.000000
93.000000 32.000000 1.000000 10000.000000 10000.000000 10000.000000 10000.000000
93.000000 33.000000 1.000000 10000.000000 10000.000000 10000.000000 10000.000000
93.000000 34.000000 1.000000 10000.000000 10000.000000 10000.000000 10000.000000
93.000000 35.000000 1.000000 10000.000000 10000.000000 10000.000000 10000.000000
93.000000 36.000000 1.000000 10000.000000 10000.000000 10000.000000 10000.000000
93.000000 37.000000 1.000000 10000.000000 10000.000000 10000.000000 10000.000000
93.000000 38.000000 1.000000 10000.000000 10000.000000 10000.000000 10000.000000
93.000000 39.000000 1.000000 10000.000000 10000.000000 10000.000000 10000.000000
93.000000 40.000000 1.000000 10000.000000 10000.000000 10000.000000 10000.000000
93.000000 41.000000 1.000000 10000.000000 10000.000000 10000.000000 10000.000000
93.000000 42.000000 1.000000 10000.000000 10000.000000 10000.000000 10000.000000
93.000000 43.000000 1.000000 10000.000000 10000.000000 10000.000000 10000.000000
93.000000 44.000000 1.000000 10000.000000 10000.000000 10000.000000 10000.000000
93.000000 45.000000 1.000000 10000.000000 10000.000000 10000.000000 10000.000000
93.000000 46.000000 1.000000 10000.000000 10000.000000 10000.000000 10000.000000
93.000000 47.000000 1.000000 10000.000000 10000.000000 10000.000000 10000.000000
93.000000 48.000000 1.000000 10000.000000 10000.000000 10000.000000 10000.000000
93.000000 49.000000 1.000000 10000.000000 10000.000000 10000.000000 10000.000000
94.000000 0.000000 1.000000 10000.000000 10000.000000 10000.000000 10000.000000
94.000000 1.000000 1.000000 9999.000000 10000.000000 9999.000000 9999.000000
94.000000 2.000000 1.000000 9999.000000 10000.000000 9999.000000 9999.000000
94.000000 3.000000 1.000000 9999.000000 10000.000000 9999.000000 9999.000000
94.000000 4.000000 1.000000 9999.000000 10000.000000 9999.000000 9999.000000
94.000000 5.000000 1.000000 9999.000000 10000.000000 9999.000000 9999.000000
94.000000 6.000000 1.000000 10000.000000 10000.000000 10000.000000 10000.000000
94.000000 7.000000 1.000000 10000.000000 10000.000000 10000.000000 10000.000000
94.000000 8.000000 1.000000 10000.000000 10000.000000 10000.000000 10000.000000
94.000000 9.000000 1.000000 10000.000000 10000.000000 10000.000000 10000.000000
94.000000 10.000000 1.000000 10000.000000 10000.000000 10000.000000 10000.000000
94.000000 11.000000 1.000000 10000.000000 10000.000000 10000.000000 10000.000000
94.000000 12.000000 1.000000 10000.000000 10000.000000 10000.000000 10000.000000
94.000000 13.000000 1.000000 10000.000000 10000.000000 10000.000000 10000.000000
94.000000 14.000000 1.000000 10000.000000 10000.000000 10000.000000 10000.000000
94.000000 15.000000 1.000000 10000.000000 10000.000000 10000.000000 10000.000000
94.000000 16.000000 1.000000 10000.000000 10000.000000 10000.000000 10000.000000
94.000000 17.000000 1.000000 10000.000000 10000.000000 10000.000000 10000.000000
94.000000 18.000000 1.000000 10000.000000 10000.000000 10000.000000 10000.000000
94.000000 19.000000 1.000000 10000.000000 10000.000000 10000.000000 10000.000000
94.000000 20.000000 1.000000 10000.000000 10000.000000 10000.000000 10000.000000
94.000000 21.000000 1.000000 10000.000000 10000.000000 10000.000000 10000.000000
94.000000 22.000000 1.000000 10000.000000 10000.000000 10000.000000 10000.000000
94.000000 23.000000 1.000000 10000.000000 10000.000000 10000.000000 10000.000000
94.000000 24.000000 1.000000 10000.000000 10000.000000 10000.000000 10000.000000
94.000000 25.000000 1.000000 10000.000000 10000.000000 10000.000000 10000.000000
94.000000 26.000000 1.000000 10000.000000 10000.000000 10000.000000 10000.000000
94.000000 27.000000 1.000000 10000.000000 10000.000000 10000.000000 10000.000000
94.000000 28.000000 1.000000 10000.000000 10000.000000 10000.000000 10000.000000
94.000000 29.000000 1.000000 10000.000000 10000.000000 10000.000000 10000.000000
94.000000 30.000000 1.000000 10000.000000 10000.000000 10000.000000 10000.000000
94.000000 31.000000 1.000000 10000.000000 10000.000000 10000.000000 10000.000000
94.000000 32.000000 1.000000 10000.000000 10000.000000 10000.000000 10000.000000
94.000000 33.000000 1.000000 10000.000000 10000.000000 10000.000000 10000.000000
94.000000 34.000000 1.000000 10000.000000 10000.000000 10000.000000 10000.000000
94.000000 35.000000 1.000000 10000.000000 10000.000000 10000.000000 10000.000000
94.000000 36.000000 1.000000 10000.000000 10000.000000 10000.000000 10000.000000
94.000000 37.000000 1.000000 10000.000000 10000.000000 10000.000000 10000.000000
94.000000 38.000000 1.000000 10000.000000 10000.000000 10000.000000 10000.000000
94.000000 39.000000 1.000000 10000.000000 10000.000000 10000.000000 10000.000000
94.000000 40.000000 1.000000 10000.000000 10000.000000 10000.000000 10000.000000
94.000000 41.000000 1.000000 10000.000000 10000.000000 10000.000000 10000.000000
94.000000 42.000000 1.000000 10000.000000 10000.000000 10000.000000 10000.000000
94.000000 43.000000 1.000000 10000.000000 10000.000000 10000.000000 10000.000000
94.000000 44.000000 1.000000 10000.000000 10000.000000 10000.000000 10000.000000
94.000000 45.000000 1.000000 10000.000000 10000.000000 10000.000000 10000.000000
94.000000 46.000000 1.000000 10000.000000 10000.000000 10000.000000 10000.000000
94.000000 47.000000 1.000000 10000.000000 10000.000000 10000.000000 10000.000000
94.000000 48.000000 1.000000 10000.000000 10000.000000 10000.000000 10000.000000
94.000000 49.000000 1.000000 10000.000000 10000.000000 10000.000000 10000.000000
95.000000 0.000000 1.000000 10000.000000 10000.000000 10000.000000 10000.000000
95.000000 1.000000 1.000000 10000.000000 10000.000000 10000.000000 10000.000000
95.000000 2.000000 1.000000 10000.000000 10000.000000 10000.000000 10000.000000
95.000000 3.000000 1.000000 10000.000000 10000.000000 10000.000000 10000.000000
95.000000 4.000000 1.000000 10000.000000 10000.000000 10000.000000 10000.000000
95.000000 5.000000 1.000000 10000.000000 10000.000000 10000.000000 10000.000000
95.000000 6.000000 1.000000 10000.000000 10000.000000 10000.000000 10000.000000
95.000000 7.000000 1.000000 10000.000000 10000.000000 10000.000000 10000.000000
95.000000 8.000000 1.000000 10000.000000 10000.000000 10000.000000 10000.000000
95.000000 9.000000 1.000000 10000.000000 10000.000000 10000.000000 10000.000000
95.000000 10.000000 1.000000 10000.000000 10000.000000 10000.000000 10000.000000
95.000000 11.000000 1.000000 10000.000000 10000.000000 10000.000000 10000.000000
95.000000 12.000000 1.000000 10000.000000 10000.000000 10000.000000 10000.000000
95.000000 13.000000 1.000000 10000.000000 10000.000000 10000.000000 10000.000000
95.000000 14.000000 1.000000 10000.000000 10000.000000 10000.000000 10000.000000
95.000000 15.000000 1.000000 10000.000000 10000.000000 10000.000000 10000.000000
95.000000 16.000000 1.000000 10000.000000 10000.000000 10000.000000 10000.000000
95.000000 17.000000 1.000000 10000.000000 10000.000000 10000.000000 10000.000000
95.000000 18.000000 1.000000 10000.000000 10000.000000 10000.000000 10000.000000
95.000000 19.000000 1.000000 10000.000000 10000.000000 10000.000000 10000.000000
95.000000 20.000000 1.000000 10000.000000 10000.000000 10000.000000 10000.000000
95.000000 21.000000 1.000000 10000.000000 10000.000000 10000.000000 10000.000000
95.000000 22.000000 1.000000 10000.000000 10000.000000 10000.000000 10000.000000
95.000000 23.000000 1.000000 10000.000000 10000.000000 10000.000000 10000.000000
95.000000 24.000000 1.000000 10000.000000 10000.000000 10000.000000 10000.000000
95.000000 25.000000 1.000000 10000.000000 10000.000000 10000.000000 10000.000000
95.000000 26.000000 1.000000 10000.000000 10000.000000 10000.000000 10000.000000
95.000000 27.000000 1.000000 10000.000000 10000.000000 10000.000000 10000.000000
95.000000 28.000000 1.000000 10000.000000 10000.000000 10000.000000 10000.000000
95.000000 29.000000 1.000000 10000.000000 10000.000000 10000.000000 10000.000000
95.000000 30.000000 1.000000 10000.000000 10000.000000 10000.000000 10000.000000
95.000000 31.000000 1.000000 10000.000000 10000.000000 10000.000000 10000.000000
95.000000 32.000000 1.000000 10000.000000 10000.000000 10000.000000 10000.000000
95.000000 33.000000 1.000000 10000.000000 10000.000000 10000.000000 10000.000000
95.000000 34.000000 1.000000 10000.000000 10000.000000 10000.000000 10000.000000
95.000000 35.000000 1.000000 10000.000000 10000.000000 10000.000000 10000.000000
95.000000 36.000000 1.000000 10000.000000 10000.000000 10000.000000 10000.000000
95.000000 37.000000 1.000000 10000.000000 10000.000000 10000.000000 10000.000000
95.000000 38.000000 1.000000 10000.000000 10000.000000 10000.000000 10000.000000
95.000000 39.000000 1.000000 10000.000000 10000.000000 10000.000000 10000.000000
95.000000 40.000000 1.000000 10000.000000 10000.000000 10000.000000 10000.000000
95.000000 41.000000 1.000000 10000.000000 10000.000000 10000.000000 10000.000000
95.000000 42.000000 1.000000 10000.000000 10000.000000 10000.000000 10000.000000
95.000000 43.000000 1.000000 10000.000000 10000.000000 10000.000000 10000.000000
95.000000 44.000000 1.000000 10000.000000 10000.000000 10000.000000 10000.000000
95.000000 45.000000 1.000000 10000.000000 10000.000000 10000.000000 10000.000000
95.000000 46.000000 1.000000 10000.000000 10000.000000 10000.000000 10000.000000
95.000000 47.000000 1.000000 10000.000000 10000.000000 10000.000000 10000.000000
95.000000 48.000000 1.000000 10000.000000 10000.000000 10000.000000 10000.000000
95.000000 49.000000 1.000000 10000.000000 10000.000000 10000.000000 10000.000000
96.000000 0.000000 1.000000 10000.000000 10000.000000 10000.000000 10000.000000
96.000000 1.000000 1.000000 10000.000000 10000.000000 10000.000000 10000.000000
96.000000 2.000000 1.000000 9999.000000 10000.000000 9999.000000 9999.000000
96.000000 3.000000 1.000000 9999.000000 10000.000000 9999.000000 9999.000000
96.000000 4.000000 1.000000 9999.000000 10000.000000 9999.000000 9999.000000
96.000000 5.000000 1.000000 9999.000000 10000.000000 9999.000000 9999.000000
96.000000 6.000000 1.000000 9999.000000 10000.000000 9999.000000 9999.000000
96.000000 7.000000 1.000000 9999.000000 10000.000000 9999.000000 9999.000000
96.000000 8.000000 1.000000 10000.000000 10000.000000 10000.000000 10000.000000
96.000000 9.000000 1.000000 10000.000000 10000.000000 10000.000000 10000.000000
96.000000 10.000000 1.000000 10000.000000 10000.000000 10000.000000 10000.000000
96.000000 11.000000 1.000000 10000.000000 10000.000000 10000.000000 10000.000000
96.000000 12.000000 1.000000 10000.000000 10000.000000 10000.000000 10000.000000
96.000000 13.000000 1.000000 10000.000000 10000.000000 10000.000000 10000.000000
96.000000 14.000000 1.000000 10000.000000 10000.000000 10000.000000 10000.000000
96.000000 15.000000 1.000000 10000.000000 10000.000000 10000.000000 10000.000000
96.000000 16.000000 1.000000 10000.000000 10000.000000 10000.000000 10000.000000
96.000000 17.000000 1.000000 10000.000000 10000.000000 10000.000000 10000.000000
96.000000 18.000000 1.000000 10000.000000 10000.000000 10000.000000 10000.000000
96.000000 19.000000 1.000000 10000.000000 10000.000000 10000.000000 10000.000000
96.000000 20.000000 1.000000 10000.000000 10000.000000 10000.000000 10000.000000
96.000000 21.000000 1.000000 10000.000000 10000.000000 10000.000000 10000.000000
96.000000 22.000000 1.000000 10000.000000 10000.000000 10000.000000 10000.000000
96.000000 23.000000 1.000000 10000.000000 10000.000000 10000.000000 10000.000000
96.000000 24.000000 1.000000 10000.000000 10000.000000 10000.000000 10000.000000
96.000000 25.000000 1.000000 10000.000000 10000.000000 10000.000000 10000.000000
96.000000 26.000000 1.000000 10000.000000 10000.000000 10000.000000 10000.000000
96.000000 27.000000 1.000000 10000.000000 10000.000000 10000.000000 10000.000000
96.000000 28.000000 1.000000 10000.000000 10000.000000 10000.000000 10000.000000
96.000000 29.000000 1.000000 10000.000000 10000.000000 10000.000000 10000.000000
96.000000 30.000000 1.000000 10000.000000 10000.000000 10000.000000 10000.000000
96.000000 31.000000 1.000000 10000.000000 10000.000000 10000.000000 10000.000000
96.000000 32.000000 1.000000 10000.000000 10000.000000 10000.000000 10000.000000
96.000000 33.000000 1.000000 10000.000000 10000.000000 10000.000000 10000.000000
96.000000 34.000000 1.000000 10000.000000 10000.000000 10000.000000 10000.000000
96.000000 35.000000 1.000000 10000.000000 10000.000000 10000.000000 10000.000000
96.000000 36.000000 1.000000 10000.000000 10000.000000 10000.000000 10000.000000
96.000000 37.000000 1.000000 10000.000000 10000.000000 10000.000000 10000.000000
96.000000 38.000000 1.000000 10000.000000 10000.000000 10000.000000 10000.000000
96.000000 39.000000 1.000000 10000.000000 10000.000000 10000.000000 10000.000000
96.000000 40.000000 1.000000 10000.000000 10000.000000 10000.000000 10000.000000
96.000000 41.000000 1.000000 10000.000000 10000.000000 10000.000000 10000.000000
96.000000 42.000000 1.000000 10000.000000 10000.000000 10000.000000 10000.000000
96.000000 43.000000 1.000000 10000.000000 10000.000000 10000.000000 10000.000000
96.000000 44.000000 1.000000 10000.000000 10000.000000 10000.000000 10000.000000
96.000000 45.000000 1.000000 10000.000000 10000.000000 10000.000000 10000.000000
96.000000 46.000000 1.000000 10000.000000 10000.000000 10000.000000 10000.000000
96.000000 47.000000 1.000000 10000.000000 10000.000000 10000.000000 10000.000000
96.000000 48.000000 1.000000 10000.000000 10000.000000 10000.000000 10000.000000
96.000000 49.000000 1.000000 10000.000000 10000.000000 10000.000000 10000.000000
97.000000 0.000000 1.000000 10000.000000 10000.000000 10000.000000 10000.000000
97.000000 1.000000 1.000000 9999.000000 10000.000000 9999.000000 9999.000000
97.000000 2.000000 1.000000 9999.000000 10000.000000 9999.000000 9999.000000
97.000000 3.000000 1.000000 9999.000000 10000.000000 9999.000000 9999.000000
97.000000 4.000000 1.000000 9999.000000 10000.000000 9999.000000 9999.000000
97.000000 5.000000 1.000000 9999.000000 10000.000000 9999.000000 9999.000000
97.000000 6.000000 1.000000 9999.000000 10000.000000 9999.000000 9999.000000
97.000000 7.000000 1.000000 10000.000000 10000.000000 10000.000000 10000.000000
97.000000 8.000000 1.000000 10000.000000 10000.000000 10000.000000 10000.000000
97.000000 9.000000 1.000000 10000.000000 10000.000000 10000.000000 10000.000000
97.000000 10.000000 1.000000 10000.000000 10000.000000 10000.000000 10000.000000
97.000000 11.000000 1.000000 10000.000000 10000.000000 10000.000000 10000.000000
97.000000 12.000000 1.000000 10000.000000 10000.000000 10000.000000 10000.000000
97.000000 13.000000 1.000000 10000.000000 10000.000000 10000.000000 10000.000000
97.000000 14.000000 1.000000 10000.000000 10000.000000 10000.000000 10000.000000
97.000000 15.000000 1.000000 10000.000000 10000.000000 10000.000000 10000.000000
97.000000 16.000000 1.000000 10000.000000 10000.000000 10000.000000 10000.000000
97.000000 17.000000 1.000000 10000.000000 10000.000000 10000.000000 10000.000000
97.000000 18.000000 1.000000 10000.000000 10000.000000 10000.000000 10000.000000
97.000000 19.000000 1.000000 10000.000000 10000.000000 10000.000000 10000.000000
97.000000 20.000000 1.000000 10000.000000 10000.000000 10000.000000 10000.000000
97.000000 21.000000 1.000000 10000.000000 10000.000000 10000.000000 10000.000000
97.000000 22.000000 1.000000 10000.000000 10000.000000 10000.000000 10000.000000
97.000000 23.000000 1.000000 10000.000000 10000.000000 10000.000000 10000.000000
97.000000 24.000000 1.000000 10000.000000 10000.000000 10000.000000 10000.000000
97.000000 25.000000 1.000000 10000.000000 10000.000000 10000.000000 10000.000000
97.000000 26.000000 1.000000 10000.000000 10000.000000 10000.000000 10000.000000
97.000000 27.000000 1.000000 10000.000000 10000.000000 10000.000000 10000.000000
97.000000 28.000000 1.000000 10000.000000 10000.000000 10000.000000 10000.000000
97.000000 29.000000 1.000000 10000.000000 10000.000000 10000.000000 10000.000000
97.000000 30.000000 1.000000 10000.000000 10000.000000 10000.000000 10000.000000
97.000000 31.000000 1.000000 10000.000000 10000.000000 10000.000000 10000.000000
97.000000 32.000000 1.000000 10000.000000 10000.000000 10000.000000 10000.000000
97.000000 33.000000 1.000000 10000.000000 10000.000000 10000.000000 10000.000000
97.000000 34.000000 1.000000 10000.000000 10000.000000 10000.000000 10000.000000
97.000000 35.000000 1.000000 10000.000000 10000.000000 10000.000000 10000.000000
97.000000 36.000000 1.000000 10000.000000 10000.000000 10000.000000 10000.000000
97.000000 37.000000 1.000000 10000.000000 10000.000000 10000.000000 10000.000000
97.000000 38.000000 1.000000 10000.000000 10000.000000 10000.000000 10000.000000
97.000000 39.000000 1.000000 10000.000000 10000.000000 10000.000000 10000.000000
97.000000 40.000000 1.000000 10000.000000 10000.000000 10000.000000 10000.000000
97.000000 41.000000 1.000000 10000.000000 10000.000000 10000.000000 10000.000000
97.000000 42.000000 1.000000 10000.000000 10000.000000 10000.000000 10000.000000
97.000000 43.000000 1.000000 10000.000000 10000.000000 10000.000000 10000.000000
97.000000 44.000000 1.000000 10000.000000 10000.000000 10000.000000 10000.000000
97.000000 45.000000 1.000000 10000.000000 10000.000000 10000.000000 10000.000000
97.000000 46.000000 1.000000 10000.000000 10000.000000 10000.000000 10000.000000
97.000000 47.000000 1.000000 10000.000000 10000.000000 10000.000000 10000.000000
97.000000 48.000000 1.000000 10000.000000 10000.000000 10000.000000 10000.000000
97.000000 49.000000 1.000000 10000.000000 10000.000000 10000.000000 10000.000000
98.000000 0.000000 1.000000 10000.000000 10000.000000 10000.000000 10000.000000
98.000000 1.000000 1.000000 10000.000000 10000.000000 10000.000000 10000.000000
98.000000 2.000000 1.000000 9997.000000 10000.000000 9997.000000 9997.000000
98.000000 3.000000 1.000000 9980.000000 10000.000000 9980.000000 9980.000000
98.000000 4.000000 1.000000 9946.000000 10000.000000 9946.000000 9946.000000
98.000000 5.000000 1.000000 9871.000000 10000.000000 9871.000000 9871.000000
98.000000 6.000000 1.000000 9649.000000 10000.000000 9649.000000 9649.000000
98.000000 7.000000 1.000000 8904.000000 10000.000000 8904.000000 8904.000000
98.000000 8.000000 1.000000 7652.000000 10000.000000 7652.000000 7652.000000
98.000000 9.000000 1.000000 6317.000000 10000.000000 6317.000000 6317.000000
98.000000 10.000000 1.000000 5344.000000 10000.000000 5344.000000 5344.000000
98.000000 11.000000 1.000000 4989.000000 10000.000000 4989.000000 4989.000000
98.000000 12.000000 1.000000 5413.000000 10000.000000 5413.000000 5413.000000
98.000000 13.000000 1.000000 6540.000000 10000.000000 6540.000000 6540.000000
98.000000 14.000000 1.000000 7838.000000 10000.000000 7838.000000 7838.000000
98.000000 15.000000 1.000000 8893.000000 10000.000000 8893.000000 8893.000000
98.000000 16.000000 1.000000 9501.000000 10000.000000 9501.000000 9501.000000
98.000000 17.000000 1.000000 9782.000000 10000.000000 9782.000000 9782.000000
98.000000 18.000000 1.000000 9891.000000 10000.000000 9891.000000 9891.000000
98.000000 19.000000 1.000000 9959.000000 10000.000000 9959.000000 9959.000000
98.000000 20.000000 1.000000 9985.000000 10000.000000 9985.000000 9985.000000
98.000000 21.000000 1.000000 9993.000000 10000.000000 9993.000000 9993.000000
98.000000 22.000000 1.000000 9995.000000 10000.000000 9995.000000 9995.000000
98.000000 23.000000 1.000000 9999.000000 10000.000000 9999.000000 9999.000000
98.000000 24.000000 1.000000 10000.000000 10000.000000 10000.000000 10000.000000
98.000000 25.000000 1.000000 10000.000000 10000.000000 10000.000000 10000.000000
98.000000 26.000000 1.000000 10000.000000 10000.000000 10000.000000 10000.000000
98.000000 27.000000 1.000000 10000.000000 10000.000000 10000.000000 10000.000000
98.000000 28.000000 1.000000 10000.000000 10000.000000 10000.000000 10000.000000
98.000000 29.000000 1.000000 10000.000000 10000.000000 10000.000000 10000.000000
98.000000 30.000000 1.000000 10000.000000 10000.000000 10000.000000 10000.000000
98.000000 31.000000 1.000000 10000.000000 10000.000000 10000.000000 10000.000000
98.000000 32.000000 1.000000 10000.000000 10000.000000 10000.000000 10000.000000
98.000000 33.000000 1.000000 10000.000000 10000.000000 10000.000000 10000.000000
98.000000 34.000000 1.000000 10000.000000 10000.000000 10000.000000 10000.000000
98.000000 35.000000 1.000000 10000.000000 10000.000000 10000.000000 10000.000000
98.000000 36.000000 1.000000 10000.000000 10000.000000 10000.000000 10000.000000
98.000000 37.000000 1.000000 10000.000000 10000.000000 10000.000000 10000.000000
98.000000 38.000000 1.000000 10000.000000 10000.000000 10000.000000 10000.000000
98.000000 39.000000 1.000000 10000.000000 10000.000000 10000.000000 10000.000000
98.000000 40.000000 1.000000 10000.000000 10000.000000 10000.000000 10000.000000
98.000000 41.000000 1.000000 10000.000000 10000.000000 10000.000000 10000.000000
98.000000 42.000000 1.000000 10000.000000 10000.000000 10000.000000 10000.000000
98.000000 43.000000 1.000000 10000.000000 10000.000000 10000.000000 10000.000000
98.000000 44.000000 1.000000 10000.000000 10000.000000 10000.000000 10000.000000
98.000000 45.000000 1.000000 10000.000000 10000.000000 10000.000000 10000.000000
98.000000 46.000000 1.000000 10000.000000 10000.000000 10000.000000 10000.000000
98.000000 47.000000 1.000000 10000.000000 10000.000000 10000.000000 10000.000000
98.000000 48.000000 1.000000 10000.000000 10000.000000 10000.000000 10000.000000
98.000000 49.000000 1.000000 10000.000000 10000.000000 10000.000000 10000.000000
99.000000 0.000000 1.000000 10000.000000 10000.000000 10000.000000 10000.000000
99.000000 1.000000 1.000000 10000.000000 10000.000000 10000.000000 10000.000000
99.000000 2.000000 1.000000 9999.000000 10000.000000 9999.000000 9999.000000
99.000000 3.000000 1.000000 9999.000000 10000.000000 9999.000000 9999.000000
99.000000 4.000000 1.000000 9999.000000 10000.000000 9999.000000 9999.000000
99.000000 5.000000 1.000000 9999.000000 10000.000000 9999.000000 9999.000000
99.000000 6.000000 1.000000 9999.000000 10000.000000 9999.000000 9999.000000
99.000000 7.000000 1.000000 10000.000000 10000.000000 10000.000000 10000.000000
99.000000 8.000000 1.000000 10000.000000 10000.000000 10000.000000 10000.000000
99.000000 9.000000 1.000000 10000.000000 10000.000000 10000.000000 10000.000000
99.000000 10.000000 1.000000 10000.000000 10000.000000 10000.000000 10000.000000
99.000000 11.000000 1.000000 10000.000000 10000.000000 10000.000000 10000.000000
99.000000 12.000000 1.000000 10000.000000 10000.000000 10000.000000 10000.000000
99.000000 13.000000 1.000000 10000.000000 10000.000000 10000.000000 10000.000000
99.000000 14.000000 1.000000 10000.000000 10000.000000 10000.000000 10000.000000
99.000000 15.000000 1.000000 10000.000000 10000.000000 10000.000000 10000.000000
99.000000 16.000000 1.000000 10000.000000 10000.000000 10000.000000 10000.000000
99.000000 17.000000 1.000000 10000.000000 10000.000000 10000.000000 10000.000000
99.000000 18.000000 1.000000 10000.000000 10000.000000 10000.000000 10000.000000
99.000000 19.000000 1.000000 10000.000000 10000.000000 10000.000000 10000.000000
99.000000 20.000000 1.000000 10000.000000 10000.000000 10000.000000 10000.000000
99.000000 21.000000 1.000000 10000.000000 10000.000000 10000.000000 10000.000000
99.000000 22.000000 1.000000 10000.000000 10000.000000 10000.000000 10000.000000
99.000000 23.000000 1.000000 10000.000000 10000.000000 10000.000000 10000.000000
99.000000 24.000000 1.000000 10000.000000 10000.000000 10000.000000 10000.000000
99.000000 25.000000 1.000000 10000.000000 10000.000000 10000.000000 10000.000000
99.000000 26.000000 1.000000 10000.000000 10000.000000 10000.000000 10000.000000
99.000000 27.000000 1.000000 10000.000000 10000.000000 10000.000000 10000.000000
99.000000 28.000000 1.000000 10000.000000 10000.000000 10000.000000 10000.000000
99.000000 29.000000 1.000000 10000.000000 10000.000000 10000.000000 10000.000000
99.000000 30.000000 1.000000 10000.000000 10000.000000 10000.000000 10000.000000
99.000000 31.000000 1.000000 10000.000000 10000.000000 10000.000000 10000.000000
99.000000 32.000000 1.000000 10000.000000 10000.000000 10000.000000 10000.000000
99.000000 33.000000 1.000000 10000.000000 10000.000000 10000.000000 10000.000000
99.000000 34.000000 1.000000 10000.000000 10000.000000 10000.000000 10000.000000
99.000000 35.000000 1.000000 10000.000000 10000.000000 10000.000000 10000.000000
99.000000 36.000000 1.000000 10000.000000 10000.000000 10000.000000 10000.000000
99.000000 37.000000 1.000000 10000.000000 10000.000000 10000.000000 10000.000000
99.000000 38.000000 1.000000 10000.000000 10000.000000 10000.000000 10000.000000
99.000000 39.000000 1.000000 10000.000000 10000.000000 10000.000000 10000.000000
99.000000 40.000000 1.000000 10000.000000 10000.000000 10000.000000 10000.000000
99.000000 41.000000 1.000000 10000.000000 10000.000000 10000.000000 10000.000000
99.000000 42.000000 1.000000 10000.000000 10000.000000 10000.000000 10000.000000
99.000000 43.000000 1.000000 10000.000000 10000.000000 10000.000000 10000.000000
99.000000 44.000000 1.000000 10000.000000 10000.000000 10000.000000 10000.000000
99.000000 45.000000 1.000000 10000.000000 10000.000000 10000.000000 10000.000000
99.000000 46.000000 1.000000 10000.000000 10000.000000 10000.000000 10000.000000
99.000000 47.000000 1.000000 10000.000000 10000.000000 10000.000000 10000.000000
99.000000 48.000000 1.000000 10000.000000 10000.000000 10000.000000 10000.000000
99.000000 49.000000 1.000000 10000.000000 10000.000000 10000.000000 10000.000000
