0.000000 0.000000 1.000000 10000.000000 10000.000000 10000.000000 0.000000
0.000000 1.000000 1.000000 10000.000000 10000.000000 10000.000000 0.000000
0.000000 2.000000 1.000000 10000.000000 10000.000000 10000.000000 0.000000
0.000000 3.000000 1.000000 10000.000000 10000.000000 10000.000000 0.000000
0.000000 4.000000 1.000000 10000.000000 10000.000000 10000.000000 0.000000
0.000000 5.000000 1.000000 10000.000000 10000.000000 10000.000000 0.000000
0.000000 6.000000 1.000000 10000.000000 10000.000000 10000.000000 0.000000
0.000000 7.000000 1.000000 10000.000000 10000.000000 10000.000000 0.000000
0.000000 8.000000 1.000000 10000.000000 10000.000000 10000.000000 0.000000
0.000000 9.000000 1.000000 10000.000000 10000.000000 10000.000000 0.000000
0.000000 10.000000 1.000000 10000.000000 10000.000000 10000.000000 0.000000
0.000000 11.000000 1.000000 10000.000000 10000.000000 10000.000000 0.000000
0.000000 12.000000 1.000000 10000.000000 10000.000000 10000.000000 0.000000
0.000000 13.000000 1.000000 10000.000000 10000.000000 10000.000000 0.000000
0.000000 14.000000 1.000000 10000.000000 10000.000000 10000.000000 0.000000
0.000000 15.000000 1.000000 10000.000000 10000.000000 10000.000000 0.000000
0.000000 16.000000 1.000000 10000.000000 10000.000000 10000.000000 0.000000
0.000000 17.000000 1.000000 10000.000000 10000.000000 10000.000000 0.000000
0.000000 18.000000 1.000000 10000.000000 10000.000000 10000.000000 0.000000
0.000000 19.000000 1.000000 10000.000000 10000.000000 10000.000000 0.000000
0.000000 20.000000 1.000000 10000.000000 10000.000000 10000.000000 0.000000
0.000000 21.000000 1.000000 10000.000000 10000.000000 10000.000000 0.000000
0.000000 22.000000 1.000000 10000.000000 10000.000000 10000.000000 0.000000
0.000000 23.000000 1.000000 10000.000000 10000.000000 10000.000000 0.000000
0.000000 24.000000 1.000000 10000.000000 10000.000000 10000.000000 0.000000
0.000000 25.000000 1.000000 10000.000000 10000.000000 10000.000000 0.000000
0.000000 26.000000 1.000000 10000.000000 10000.000000 10000.000000 0.000000
0.000000 27.000000 1.000000 10000.000000 10000.000000 10000.000000 0.000000
0.000000 28.000000 1.000000 10000.000000 10000.000000 10000.000000 0.000000
0.000000 29.000000 1.000000 10000.000000 10000.000000 10000.000000 0.000000
0.000000 30.000000 1.000000 10000.000000 10000.000000 10000.000000 0.000000
0.000000 31.000000 1.000000 10000.000000 10000.000000 10000.000000 0.000000
0.000000 32.000000 1.000000 10000.000000 10000.000000 10000.000000 0.000000
0.000000 33.000000 1.000000 10000.000000 10000.000000 10000.000000 0.000000
0.000000 34.000000 1.000000 10000.000000 10000.000000 10000.000000 0.000000
0.000000 35.000000 1.000000 10000.000000 10000.000000 10000.000000 0.000000
0.000000 36.000000 1.000000 10000.000000 10000.000000 10000.000000 0.000000
0.000000 37.000000 1.000000 10000.000000 10000.000000 10000.000000 0.000000
0.000000 38.000000 1.000000 10000.000000 10000.000000 10000.000000 0.000000
0.000000 39.000000 1.000000 10000.000000 10000.000000 10000.000000 0.000000
0.000000 40.000000 1.000000 10000.000000 10000.000000 10000.000000 0.000000
0.000000 41.000000 1.000000 10000.000000 10000.000000 10000.000000 0.000000
0.000000 42.000000 1.000000 10000.000000 10000.000000 10000.000000 0.000000
0.000000 43.000000 1.000000 10000.000000 10000.000000 10000.000000 0.000000
0.000000 44.000000 1.000000 10000.000000 10000.000000 10000.000000 0.000000
0.000000 45.000000 1.000000 10000.000000 10000.000000 10000.000000 0.000000
0.000000 46.000000 1.000000 10000.000000 10000.000000 10000.000000 0.000000
0.000000 47.000000 1.000000 10000.000000 10000.000000 10000.000000 0.000000
0.000000 48.000000 1.000000 10000.000000 10000.000000 10000.000000 0.000000
0.000000 49.000000 1.000000 10000.000000 10000.000000 10000.000000 0.000000
1.000000 0.000000 1.000000 10000.000000 10000.000000 10000.000000 0.000000
1.000000 1.000000 1.000000 10000.000000 10000.000000 10000.000000 0.000000
1.000000 2.000000 1.000000 10000.000000 10000.000000 10000.000000 0.000000
1.000000 3.000000 1.000000 9997.000000 10000.000000 9997.000000 0.000000
1.000000 4.000000 1.000000 9962.000000 10000.000000 9962.000000 0.000000
1.000000 5.000000 3550.000000 8084.000000 10000.000000 9861.000000 1777.000000
1.000000 6.000000 9081.000000 0.000000 10000.000000 9081.000000 9081.000000
1.000000 7.000000 7483.000000 0.000000 10000.000000 7483.000000 7483.000000
1.000000 8.000000 6240.000000 0.000000 10000.000000 6240.000000 6240.000000
1.000000 9.000000 454.000000 1592.000000 5904.000000 5714.000000 128.000000
1.000000 10.000000 68.000000 40.000000 1201.000000 5618.000000 41.000000
1.000000 11.000000 6.000000 324.000000 586.000000 6276.000000 1.000000
1.000000 12.000000 1.000000 886.000000 923.000000 7801.000000 0.000000
1.000000 13.000000 1.000000 2143.000000 2172.000000 9015.000000 0.000000
1.000000 14.000000 1.000000 3456.000000 3474.000000 9574.000000 0.000000
1.000000 15.000000 1.000000 5616.000000 5737.000000 9709.000000 0.000000
1.000000 16.000000 1.000000 9625.000000 9876.000000 9746.000000 0.000000
1.000000 17.000000 1.000000 9744.000000 9972.000000 9772.000000 0.000000
1.000000 18.000000 1.000000 9774.000000 10000.000000 9774.000000 0.000000
1.000000 19.000000 1.000000 9794.000000 10000.000000 9794.000000 0.000000
1.000000 20.000000 1.000000 9817.000000 10000.000000 9817.000000 0.000000
1.000000 21.000000 1.000000 9850.000000 10000.000000 9850.000000 0.000000
1.000000 22.000000 1.000000 9867.000000 10000.000000 9867.000000 0.000000
1.000000 23.000000 1.000000 9897.000000 10000.000000 9897.000000 0.000000
1.000000 24.000000 1.000000 9934.000000 10000.000000 9934.000000 0.000000
1.000000 25.000000 1.000000 9954.000000 10000.000000 9954.000000 0.000000
1.000000 26.000000 1.000000 9969.000000 10000.000000 9969.000000 0.000000
1.000000 27.000000 1.000000 9983.000000 10000.000000 9983.000000 0.000000
1.000000 28.000000 1.000000 9995.000000 10000.000000 9995.000000 0.000000
1.000000 29.000000 1.000000 9998.000000 10000.000000 9998.000000 0.000000
1.000000 30.000000 1.000000 9999.000000 10000.000000 9999.000000 0.000000
1.000000 31.000000 1.000000 10000.000000 10000.000000 10000.000000 0.000000
1.000000 32.000000 1.000000 10000.000000 10000.000000 10000.000000 0.000000
1.000000 33.000000 1.000000 10000.000000 10000.000000 10000.000000 0.000000
1.000000 34.000000 1.000000 10000.000000 10000.000000 10000.000000 0.000000
1.000000 35.000000 1.000000 10000.000000 10000.000000 10000.000000 0.000000
1.000000 36.000000 1.000000 10000.000000 10000.000000 10000.000000 0.000000
1.000000 37.000000 1.000000 10000.000000 10000.000000 10000.000000 0.000000
1.000000 38.000000 1.000000 10000.000000 10000.000000 10000.000000 0.000000
1.000000 39.000000 1.000000 10000.000000 10000.000000 10000.000000 0.000000
1.000000 40.000000 1.000000 10000.000000 10000.000000 10000.000000 0.000000
1.000000 41.000000 1.000000 10000.000000 10000.000000 10000.000000 0.000000
1.000000 42.000000 1.000000 10000.000000 10000.000000 10000.000000 0.000000
1.000000 43.000000 1.000000 10000.000000 10000.000000 10000.000000 0.000000
1.000000 44.000000 1.000000 10000.000000 10000.000000 10000.000000 0.000000
1.000000 45.000000 1.000000 10000.000000 10000.000000 10000.000000 0.000000
1.000000 46.000000 1.000000 10000.000000 10000.000000 10000.000000 0.000000
1.000000 47.000000 1.000000 10000.000000 10000.000000 10000.000000 0.000000
1.000000 48.000000 1.000000 10000.000000 10000.000000 10000.000000 0.000000
1.000000 49.000000 1.000000 10000.000000 10000.000000 10000.000000 0.000000
2.000000 0.000000 1.000000 10000.000000 10000.000000 10000.000000 0.000000
2.000000 1.000000 1.000000 10000.000000 10000.000000 10000.000000 0.000000
2.000000 2.000000 1.000000 9998.000000 10000.000000 9998.000000 0.000000
2.000000 3.000000 1.000000 9978.000000 10000.000000 9978.000000 0.000000
2.000000 4.000000 855.000000 9693.000000 10000.000000 9902.000000 209.000000
2.000000 5.000000 9570.000000 0.000000 10000.000000 9570.000000 9570.000000
2.000000 6.000000 7617.000000 0.000000 10000.000000 7617.000000 7617.000000
2.000000 7.000000 6246.000000 0.000000 10000.000000 6246.000000 6246.000000
2.000000 8.000000 3889.000000 2825.000000 10000.000000 5503.000000 2678.000000
2.000000 9.000000 7.000000 58.000000 1816.000000 5300.000000 1.000000
2.000000 10.000000 281.000000 250.000000 779.000000 5514.000000 132.000000
2.000000 11.000000 1.000000 591.000000 615.000000 7380.000000 0.000000
2.000000 12.000000 1.000000 1667.000000 1683.000000 8719.000000 0.000000
2.000000 13.000000 1.000000 3354.000000 3364.000000 9499.000000 0.000000
2.000000 14.000000 1.000000 4955.000000 5021.000000 9745.000000 0.000000
2.000000 15.000000 1.000000 7960.000000 8105.000000 9811.000000 0.000000
2.000000 16.000000 1.000000 9710.000000 9868.000000 9842.000000 0.000000
2.000000 17.000000 1.000000 9794.000000 9913.000000 9881.000000 0.000000
2.000000 18.000000 1.000000 9899.000000 10000.000000 9899.000000 0.000000
2.000000 19.000000 1.000000 9923.000000 10000.000000 9923.000000 0.000000
2.000000 20.000000 1.000000 9941.000000 10000.000000 9941.000000 0.000000
2.000000 21.000000 1.000000 9958.000000 10000.000000 9958.000000 0.000000
2.000000 22.000000 1.000000 9962.000000 10000.000000 9962.000000 0.000000
2.000000 23.000000 1.000000 9964.000000 10000.000000 9964.000000 0.000000
2.000000 24.000000 1.000000 9972.000000 10000.000000 9972.000000 0.000000
2.000000 25.000000 1.000000 9974.000000 10000.000000 9974.000000 0.000000
2.000000 26.000000 1.000000 9979.000000 10000.000000 9979.000000 0.000000
2.000000 27.000000 1.000000 9983.000000 10000.000000 9983.000000 0.000000
2.000000 28.000000 1.000000 9982.000000 10000.000000 9982.000000 0.000000
2.000000 29.000000 1.000000 9977.000000 10000.000000 9977.000000 0.000000
2.000000 30.000000 1.000000 9974.000000 10000.000000 9974.000000 0.000000
2.000000 31.000000 1.000000 9971.000000 10000.000000 9971.000000 0.000000
2.000000 32.000000 1.000000 9972.000000 10000.000000 9972.000000 0.000000
2.000000 33.000000 1.000000 9979.000000 10000.000000 9979.000000 0.000000
2.000000 34.000000 1.000000 9985.000000 10000.000000 9985.000000 0.000000
2.000000 35.000000 1.000000 9989.000000 10000.000000 9989.000000 0.000000
2.000000 36.000000 1.000000 9998.000000 10000.000000 9998.000000 0.000000
2.000000 37.000000 1.000000 9999.000000 10000.000000 9999.000000 0.000000
2.000000 38.000000 1.000000 9999.000000 10000.000000 9999.000000 0.000000
2.000000 39.000000 1.000000 10000.000000 10000.000000 10000.000000 0.000000
2.000000 40.000000 1.000000 10000.000000 10000.000000 10000.000000 0.000000
2.000000 41.000000 1.000000 10000.000000 10000.000000 10000.000000 0.000000
2.000000 42.000000 1.000000 10000.000000 10000.000000 10000.000000 0.000000
2.000000 43.000000 1.000000 10000.000000 10000.000000 10000.000000 0.000000
2.000000 44.000000 1.000000 10000.000000 10000.000000 10000.000000 0.000000
2.000000 45.000000 1.000000 10000.000000 10000.000000 10000.000000 0.000000
2.000000 46.000000 1.000000 10000.000000 10000.000000 10000.000000 0.000000
2.000000 47.000000 1.000000 10000.000000 10000.000000 10000.000000 0.000000
2.000000 48.000000 1.000000 10000.000000 10000.000000 10000.000000 0.000000
2.000000 49.000000 1.000000 10000.000000 10000.000000 10000.000000 0.000000
3.000000 0.000000 1.000000 10000.000000 10000.000000 10000.000000 0.000000
3.000000 1.000000 1.000000 10000.000000 10000.000000 10000.000000 0.000000
3.000000 2.000000 1.000000 9999.000000 10000.000000 9999.000000 0.000000
3.000000 3.000000 1.000000 9999.000000 10000.000000 9999.000000 0.000000
3.000000 4.000000 1.000000 9999.000000 10000.000000 9999.000000 0.000000
3.000000 5.000000 1.000000 9999.000000 10000.000000 9999.000000 0.000000
3.000000 6.000000 1.000000 9999.000000 10000.000000 9999.000000 0.000000
3.000000 7.000000 1.000000 10000.000000 10000.000000 10000.000000 0.000000
3.000000 8.000000 1.000000 10000.000000 10000.000000 10000.000000 0.000000
3.000000 9.000000 1.000000 10000.000000 10000.000000 10000.000000 0.000000
3.000000 10.000000 1.000000 10000.000000 10000.000000 10000.000000 0.000000
3.000000 11.000000 1.000000 10000.000000 10000.000000 10000.000000 0.000000
3.000000 12.000000 1.000000 10000.000000 10000.000000 10000.000000 0.000000
3.000000 13.000000 1.000000 10000.000000 10000.000000 10000.000000 0.000000
3.000000 14.000000 1.000000 10000.000000 10000.000000 10000.000000 0.000000
3.000000 15.000000 1.000000 10000.000000 10000.000000 10000.000000 0.000000
3.000000 16.000000 1.000000 10000.000000 10000.000000 10000.000000 0.000000
3.000000 17.000000 1.000000 10000.000000 10000.000000 10000.000000 0.000000
3.000000 18.000000 1.000000 10000.000000 10000.000000 10000.000000 0.000000
3.000000 19.000000 1.000000 10000.000000 10000.000000 10000.000000 0.000000
3.000000 20.000000 1.000000 10000.000000 10000.000000 10000.000000 0.000000
3.000000 21.000000 1.000000 10000.000000 10000.000000 10000.000000 0.000000
3.000000 22.000000 1.000000 10000.000000 10000.000000 10000.000000 0.000000
3.000000 23.000000 1.000000 10000.000000 10000.000000 10000.000000 0.000000
3.000000 24.000000 1.000000 10000.000000 10000.000000 10000.000000 0.000000
3.000000 25.000000 1.000000 10000.000000 10000.000000 10000.000000 0.000000
3.000000 26.000000 1.000000 10000.000000 10000.000000 10000.000000 0.000000
3.000000 27.000000 1.000000 10000.000000 10000.000000 10000.000000 0.000000
3.000000 28.000000 1.000000 10000.000000 10000.000000 10000.000000 0.000000
3.000000 29.000000 1.000000 10000.000000 10000.000000 10000.000000 0.000000
3.000000 30.000000 1.000000 10000.000000 10000.000000 10000.000000 0.000000
3.000000 31.000000 1.000000 10000.000000 10000.000000 10000.000000 0.000000
3.000000 32.000000 1.000000 10000.000000 10000.000000 10000.000000 0.000000
3.000000 33.000000 1.000000 10000.000000 10000.000000 10000.000000 0.000000
3.000000 34.000000 1.000000 10000.000000 10000.000000 10000.000000 0.000000
3.000000 35.000000 1.000000 10000.000000 10000.000000 10000.000000 0.000000
3.000000 36.000000 1.000000 10000.000000 10000.000000 10000.000000 0.000000
3.000000 37.000000 1.000000 10000.000000 10000.000000 10000.000000 0.000000
3.000000 38.000000 1.000000 10000.000000 10000.000000 10000.000000 0.000000
3.000000 39.000000 1.000000 10000.000000 10000.000000 10000.000000 0.000000
3.000000 40.000000 1.000000 10000.000000 10000.000000 10000.000000 0.000000
3.000000 41.000000 1.000000 10000.000000 10000.000000 10000.000000 0.000000
3.000000 42.000000 1.000000 10000.000000 10000.000000 10000.000000 0.000000
3.000000 43.000000 1.000000 10000.000000 10000.000000 10000.000000 0.000000
3.000000 44.000000 1.000000 10000.000000 10000.000000 10000.000000 0.000000
3.000000 45.000000 1.000000 10000.000000 10000.000000 10000.000000 0.000000
3.000000 46.000000 1.000000 10000.000000 10000.000000 10000.000000 0.000000
3.000000 47.000000 1.000000 10000.000000 10000.000000 10000.000000 0.000000
3.000000 48.000000 1.000000 10000.000000 10000.000000 10000.000000 0.000000
3.000000 49.000000 1.000000 10000.000000 10000.000000 10000.000000 0.000000
4.000000 0.000000 1.000000 10000.000000 10000.000000 10000.000000 0.000000
4.000000 1.000000 1.000000 10000.000000 10000.000000 10000.000000 0.000000
4.000000 2.000000 1.000000 10000.000000 10000.000000 10000.000000 0.000000
4.000000 3.000000 1.000000 10000.000000 10000.000000 10000.000000 0.000000
4.000000 4.000000 1.000000 10000.000000 10000.000000 10000.000000 0.000000
4.000000 5.000000 1.000000 10000.000000 10000.000000 10000.000000 0.000000
4.000000 6.000000 1.000000 10000.000000 10000.000000 10000.000000 0.000000
4.000000 7.000000 1.000000 10000.000000 10000.000000 10000.000000 0.000000
4.000000 8.000000 1.000000 10000.000000 10000.000000 10000.000000 0.000000
4.000000 9.000000 1.000000 10000.000000 10000.000000 10000.000000 0.000000
4.000000 10.000000 1.000000 10000.000000 10000.000000 10000.000000 0.000000
4.000000 11.000000 1.000000 10000.000000 10000.000000 10000.000000 0.000000
4.000000 12.000000 1.000000 10000.000000 10000.000000 10000.000000 0.000000
4.000000 13.000000 1.000000 10000.000000 10000.000000 10000.000000 0.000000
4.000000 14.000000 1.000000 10000.000000 10000.000000 10000.000000 0.000000
4.000000 15.000000 1.000000 10000.000000 10000.000000 10000.000000 0.000000
4.000000 16.000000 1.000000 10000.000000 10000.000000 10000.000000 0.000000
4.000000 17.000000 1.000000 10000.000000 10000.000000 10000.000000 0.000000
4.000000 18.000000 1.000000 10000.000000 10000.000000 10000.000000 0.000000
4.000000 19.000000 1.000000 10000.000000 10000.000000 10000.000000 0.000000
4.000000 20.000000 1.000000 10000.000000 10000.000000 10000.000000 0.000000
4.000000 21.000000 1.000000 10000.000000 10000.000000 10000.000000 0.000000
4.000000 22.000000 1.000000 10000.000000 10000.000000 10000.000000 0.000000
4.000000 23.000000 1.000000 10000.000000 10000.000000 10000.000000 0.000000
4.000000 24.000000 1.000000 10000.000000 10000.000000 10000.000000 0.000000
4.000000 25.000000 1.000000 10000.000000 10000.000000 10000.000000 0.000000
4.000000 26.000000 1.000000 10000.000000 10000.000000 10000.000000 0.000000
4.000000 27.000000 1.000000 10000.000000 10000.000000 10000.000000 0.000000
4.000000 28.000000 1.000000 10000.000000 10000.000000 10000.000000 0.000000
4.000000 29.000000 1.000000 10000.000000 10000.000000 10000.000000 0.000000
4.000000 30.000000 1.000000 10000.000000 10000.000000 10000.000000 0.000000
4.000000 31.000000 1.000000 10000.000000 10000.000000 10000.000000 0.000000
4.000000 32.000000 1.000000 10000.000000 10000.000000 10000.000000 0.000000
4.000000 33.000000 1.000000 10000.000000 10000.000000 10000.000000 0.000000
4.000000 34.000000 1.000000 10000.000000 10000.000000 10000.000000 0.000000
4.000000 35.000000 1.000000 10000.000000 10000.000000 10000.000000 0.000000
4.000000 36.000000 1.000000 10000.000000 10000.000000 10000.000000 0.000000
4.000000 37.000000 1.000000 10000.000000 10000.000000 10000.000000 0.000000
4.000000 38.000000 1.000000 10000.000000 10000.000000 10000.000000 0.000000
4.000000 39.000000 1.000000 10000.000000 10000.000000 10000.000000 0.000000
4.000000 40.000000 1.000000 10000.000000 10000.000000 10000.000000 0.000000
4.000000 41.000000 1.000000 10000.000000 10000.000000 10000.000000 0.000000
4.000000 42.000000 1.000000 10000.000000 10000.000000 10000.000000 0.000000
4.000000 43.000000 1.000000 10000.000000 10000.000000 10000.000000 0.000000
4.000000 44.000000 1.000000 10000.000000 10000.000000 10000.000000 0.000000
4.000000 45.000000 1.000000 10000.000000 10000.000000 10000.000000 0.000000
4.000000 46.000000 1.000000 10000.000000 10000.000000 10000.000000 0.000000
4.000000 47.000000 1.000000 10000.000000 10000.000000 10000.000000 0.000000
4.000000 48.000000 1.000000 10000.000000 10000.000000 10000.000000 0.000000
4.000000 49.000000 1.000000 10000.000000 10000.000000 10000.000000 0.000000
5.000000 0.000000 1.000000 10000.000000 10000.000000 10000.000000 0.000000
5.000000 1.000000 1.000000 10000.000000 10000.000000 10000.000000 0.000000
5.000000 2.000000 1.000000 9999.000000 10000.000000 9999.000000 0.000000
5.000000 3.000000 1.000000 9999.000000 10000.000000 9999.000000 0.000000
5.000000 4.000000 1.000000 9999.000000 10000.000000 9999.000000 0.000000
5.000000 5.000000 1.000000 9999.000000 10000.000000 9999.000000 0.000000
5.000000 6.000000 1.000000 9999.000000 10000.000000 9999.000000 0.000000
5.000000 7.000000 1.000000 9999.000000 10000.000000 9999.000000 0.000000
5.000000 8.000000 1.000000 10000.000000 10000.000000 10000.000000 0.000000
5.000000 9.000000 1.000000 10000.000000 10000.000000 10000.000000 0.000000
5.000000 10.000000 1.000000 10000.000000 10000.000000 10000.000000 0.000000
5.000000 11.000000 1.000000 10000.000000 10000.000000 10000.000000 0.000000
5.000000 12.000000 1.000000 10000.000000 10000.000000 10000.000000 0.000000
5.000000 13.000000 1.000000 10000.000000 10000.000000 10000.000000 0.000000
5.000000 14.000000 1.000000 10000.000000 10000.000000 10000.000000 0.000000
5.000000 15.000000 1.000000 10000.000000 10000.000000 10000.000000 0.000000
5.000000 16.000000 1.000000 10000.000000 10000.000000 10000.000000 0.000000
5.000000 17.000000 1.000000 10000.000000 10000.000000 10000.000000 0.000000
5.000000 18.000000 1.000000 10000.000000 10000.000000 10000.000000 0.000000
5.000000 19.000000 1.000000 10000.000000 10000.000000 10000.000000 0.000000
5.000000 20.000000 1.000000 10000.000000 10000.000000 10000.000000 0.000000
5.000000 21.000000 1.000000 10000.000000 10000.000000 10000.000000 0.000000
5.000000 22.000000 1.000000 10000.000000 10000.000000 10000.000000 0.000000
5.000000 23.000000 1.000000 10000.000000 10000.000000 10000.000000 0.000000
5.000000 24.000000 1.000000 10000.000000 10000.000000 10000.000000 0.000000
5.000000 25.000000 1.000000 10000.000000 10000.000000 10000.000000 0.000000
5.000000 26.000000 1.000000 10000.000000 10000.000000 10000.000000 0.000000
5.000000 27.000000 1.000000 10000.000000 10000.000000 10000.000000 0.000000
5.000000 28.000000 1.000000 10000.000000 10000.000000 10000.000000 0.000000
5.000000 29.000000 1.000000 10000.000000 10000.000000 10000.000000 0.000000
5.000000 30.000000 1.000000 10000.000000 10000.000000 10000.000000 0.000000
5.000000 31.000000 1.000000 10000.000000 10000.000000 10000.000000 0.000000
5.000000 32.000000 1.000000 10000.000000 10000.000000 10000.000000 0.000000
5.000000 33.000000 1.000000 10000.000000 10000.000000 10000.000000 0.000000
5.000000 34.000000 1.000000 10000.000000 10000.000000 10000.000000 0.000000
5.000000 35.000000 1.000000 10000.000000 10000.000000 10000.000000 0.000000
5.000000 36.000000 1.000000 10000.000000 10000.000000 10000.000000 0.000000
5.000000 37.000000 1.000000 10000.000000 10000.000000 10000.000000 0.000000
5.000000 38.000000 1.000000 10000.000000 10000.000000 10000.000000 0.000000
5.000000 39.000000 1.000000 10000.000000 10000.000000 10000.000000 0.000000
5.000000 40.000000 1.000000 10000.000000 10000.000000 10000.000000 0.000000
5.000000 41.000000 1.000000 10000.000000 10000.000000 10000.000000 0.000000
5.000000 42.000000 1.000000 10000.000000 10000.000000 10000.000000 0.000000
5.000000 43.000000 1.000000 10000.000000 10000.000000 10000.000000 0.000000
5.000000 44.000000 1.000000 10000.000000 10000.000000 10000.000000 0.000000
5.000000 45.000000 1.000000 10000.000000 10000.000000 10000.000000 0.000000
5.000000 46.000000 1.000000 10000.000000 10000.000000 10000.000000 0.000000
5.000000 47.000000 1.000000 10000.000000 10000.000000 10000.000000 0.000000
5.000000 48.000000 1.000000 10000.000000 10000.000000 10000.000000 0.000000
5.000000 49.000000 1.000000 10000.000000 10000.000000 10000.000000 0.000000
6.000000 0.000000 1.000000 10000.000000 10000.000000 10000.000000 0.000000
6.000000 1.000000 1.000000 10000.000000 10000.000000 10000.000000 0.000000
6.000000 2.000000 1.000000 9999.000000 10000.000000 9999.000000 0.000000
6.000000 3.000000 1.000000 9997.000000 10000.000000 9997.000000 0.000000
6.000000 4.000000 1.000000 9994.000000 10000.000000 9994.000000 0.000000
6.000000 5.000000 1.000000 9984.000000 10000.000000 9984.000000 0.000000
6.000000 6.000000 1.000000 9967.000000 10000.000000 9967.000000 0.000000
6.000000 7.000000 5967.000000 5480.000000 10000.000000 9841.000000 4361.000000
6.000000 8.000000 8821.000000 0.000000 10000.000000 8821.000000 8821.000000
6.000000 9.000000 7466.000000 0.000000 10000.000000 7466.000000 7466.000000
6.000000 10.000000 6019.000000 0.000000 10000.000000 6019.000000 6019.000000
6.000000 11.000000 2751.000000 4048.000000 10000.000000 5428.000000 1380.000000
6.000000 12.000000 15.000000 86.000000 1453.000000 5340.000000 3.000000
6.000000 13.000000 973.000000 641.000000 1777.000000 6248.000000 577.000000
6.000000 14.000000 1.000000 527.000000 564.000000 7513.000000 0.000000
6.000000 15.000000 251.000000 2659.000000 2770.000000 8942.000000 62.000000
6.000000 16.000000 1.000000 3058.000000 3064.000000 9532.000000 0.000000
6.000000 17.000000 1.000000 4963.000000 5071.000000 9673.000000 0.000000
6.000000 18.000000 1.000000 8214.000000 8455.000000 9717.000000 0.000000
6.000000 19.000000 1.000000 9108.000000 9359.000000 9749.000000 0.000000
6.000000 20.000000 1.000000 9349.000000 9554.000000 9795.000000 0.000000
6.000000 21.000000 1.000000 9779.000000 9938.000000 9841.000000 0.000000
6.000000 22.000000 1.000000 9849.000000 9959.000000 9890.000000 0.000000
6.000000 23.000000 1.000000 9927.000000 10000.000000 9927.000000 0.000000
6.000000 24.000000 1.000000 9958.000000 10000.000000 9958.000000 0.000000
6.000000 25.000000 1.000000 9978.000000 10000.000000 9978.000000 0.000000
6.000000 26.000000 1.000000 9988.000000 10000.000000 9988.000000 0.000000
6.000000 27.000000 1.000000 9993.000000 10000.000000 9993.000000 0.000000
6.000000 28.000000 1.000000 9995.000000 10000.000000 9995.000000 0.000000
6.000000 29.000000 1.000000 9997.000000 10000.000000 9997.000000 0.000000
6.000000 30.000000 1.000000 10000.000000 10000.000000 10000.000000 0.000000
6.000000 31.000000 1.000000 10000.000000 10000.000000 10000.000000 0.000000
6.000000 32.000000 1.000000 10000.000000 10000.000000 10000.000000 0.000000
6.000000 33.000000 1.000000 10000.000000 10000.000000 10000.000000 0.000000
6.000000 34.000000 1.000000 10000.000000 10000.000000 10000.000000 0.000000
6.000000 35.000000 1.000000 10000.000000 10000.000000 10000.000000 0.000000
6.000000 36.000000 1.000000 10000.000000 10000.000000 10000.000000 0.000000
6.000000 37.000000 1.000000 10000.000000 10000.000000 10000.000000 0.000000
6.000000 38.000000 1.000000 10000.000000 10000.000000 10000.000000 0.000000
6.000000 39.000000 1.000000 10000.000000 10000.000000 10000.000000 0.000000
6.000000 40.000000 1.000000 10000.000000 10000.000000 10000.000000 0.000000
6.000000 41.000000 1.000000 10000.000000 10000.000000 10000.000000 0.000000
6.000000 42.000000 1.000000 10000.000000 10000.000000 10000.000000 0.000000
6.000000 43.000000 1.000000 10000.000000 10000.000000 10000.000000 0.000000
6.000000 44.000000 1.000000 10000.000000 10000.000000 10000.000000 0.000000
6.000000 45.000000 1.000000 10000.000000 10000.000000 10000.000000 0.000000
6.000000 46.000000 1.000000 10000.000000 10000.000000 10000.000000 0.000000
6.000000 47.000000 1.000000 10000.000000 10000.000000 10000.000000 0.000000
6.000000 48.000000 1.000000 10000.000000 10000.000000 10000.000000 0.000000
6.000000 49.000000 1.000000 10000.000000 10000.000000 10000.000000 0.000000
7.000000 0.000000 1.000000 10000.000000 10000.000000 10000.000000 0.000000
7.000000 1.000000 1.000000 10000.000000 10000.000000 10000.000000 0.000000
7.000000 2.000000 1.000000 9999.000000 10000.000000 9999.000000 0.000000
7.000000 3.000000 1.000000 9997.000000 10000.000000 9997.000000 0.000000
7.000000 4.000000 1.000000 9989.000000 10000.000000 9989.000000 0.000000
7.000000 5.000000 2107.000000 9143.000000 10000.000000 9908.000000 765.000000
7.000000 6.000000 9137.000000 0.000000 10000.000000 9137.000000 9137.000000
7.000000 7.000000 6534.000000 0.000000 10000.000000 6534.000000 6534.000000
7.000000 8.000000 4986.000000 0.000000 10000.000000 4986.000000 4986.000000
7.000000 9.000000 3514.000000 1776.000000 10000.000000 4442.000000 2666.000000
7.000000 10.000000 1.000000 53.000000 1471.000000 4348.000000 0.000000
7.000000 11.000000 1.000000 452.000000 1121.000000 4976.000000 0.000000
7.000000 12.000000 1.000000 1244.000000 1306.000000 7499.000000 0.000000
7.000000 13.000000 1.000000 2818.000000 2850.000000 9117.000000 0.000000
7.000000 14.000000 1.000000 4710.000000 4723.000000 9742.000000 0.000000
7.000000 15.000000 1.000000 5856.000000 5872.000000 9911.000000 0.000000
7.000000 16.000000 1.000000 8202.000000 8238.000000 9947.000000 0.000000
7.000000 17.000000 1.000000 9968.000000 10000.000000 9968.000000 0.000000
7.000000 18.000000 1.000000 9980.000000 10000.000000 9980.000000 0.000000
7.000000 19.000000 1.000000 9992.000000 10000.000000 9992.000000 0.000000
7.000000 20.000000 1.000000 9995.000000 10000.000000 9995.000000 0.000000
7.000000 21.000000 1.000000 9999.000000 10000.000000 9999.000000 0.000000
7.000000 22.000000 1.000000 10000.000000 10000.000000 10000.000000 0.000000
7.000000 23.000000 1.000000 10000.000000 10000.000000 10000.000000 0.000000
7.000000 24.000000 1.000000 10000.000000 10000.000000 10000.000000 0.000000
7.000000 25.000000 1.000000 10000.000000 10000.000000 10000.000000 0.000000
7.000000 26.000000 1.000000 10000.000000 10000.000000 10000.000000 0.000000
7.000000 27.000000 1.000000 10000.000000 10000.000000 10000.000000 0.000000
7.000000 28.000000 1.000000 10000.000000 10000.000000 10000.000000 0.000000
7.000000 29.000000 1.000000 10000.000000 10000.000000 10000.000000 0.000000
7.000000 30.000000 1.000000 10000.000000 10000.000000 10000.000000 0.000000
7.000000 31.000000 1.000000 10000.000000 10000.000000 10000.000000 0.000000
7.000000 32.000000 1.000000 10000.000000 10000.000000 10000.000000 0.000000
7.000000 33.000000 1.000000 10000.000000 10000.000000 10000.000000 0.000000
7.000000 34.000000 1.000000 10000.000000 10000.000000 10000.000000 0.000000
7.000000 35.000000 1.000000 10000.000000 10000.000000 10000.000000 0.000000
7.000000 36.000000 1.000000 10000.000000 10000.000000 10000.000000 0.000000
7.000000 37.000000 1.000000 10000.000000 10000.000000 10000.000000 0.000000
7.000000 38.000000 1.000000 10000.000000 10000.000000 10000.000000 0.000000
7.000000 39.000000 1.000000 10000.000000 10000.000000 10000.000000 0.000000
7.000000 40.000000 1.000000 10000.000000 10000.000000 10000.000000 0.000000
7.000000 41.000000 1.000000 10000.000000 10000.000000 10000.000000 0.000000
7.000000 42.000000 1.000000 10000.000000 10000.000000 10000.000000 0.000000
7.000000 43.000000 1.000000 10000.000000 10000.000000 10000.000000 0.000000
7.000000 44.000000 1.000000 10000.000000 10000.000000 10000.000000 0.000000
7.000000 45.000000 1.000000 10000.000000 10000.000000 10000.000000 0.000000
7.000000 46.000000 1.000000 10000.000000 10000.000000 10000.000000 0.000000
7.000000 47.000000 1.000000 10000.000000 10000.000000 10000.000000 0.000000
7.000000 48.000000 1.000000 10000.000000 10000.000000 10000.000000 0.000000
7.000000 49.000000 1.000000 10000.000000 10000.000000 10000.000000 0.000000
8.000000 0.000000 1.000000 10000.000000 10000.000000 10000.000000 0.000000
8.000000 1.000000 1.000000 10000.000000 10000.000000 10000.000000 0.000000
8.000000 2.000000 1.000000 9993.000000 10000.000000 9993.000000 0.000000
8.000000 3.000000 9632.000000 0.000000 10000.000000 9632.000000 9632.000000
8.000000 4.000000 6650.000000 0.000000 10000.000000 6650.000000 6650.000000
8.000000 5.000000 4905.000000 0.000000 10000.000000 4905.000000 4905.000000
8.000000 6.000000 3989.000000 652.000000 10000.000000 4225.000000 3573.000000
8.000000 7.000000 1.000000 3.000000 920.000000 4010.000000 0.000000
8.000000 8.000000 1.000000 265.000000 920.000000 4236.000000 0.000000
8.000000 9.000000 1.000000 869.000000 920.000000 7089.000000 0.000000
8.000000 10.000000 1.000000 2556.000000 2585.000000 8941.000000 0.000000
8.000000 11.000000 1.000000 4781.000000 4801.000000 9690.000000 0.000000
8.000000 12.000000 1.000000 5669.000000 5678.000000 9935.000000 0.000000
8.000000 13.000000 1.000000 7637.000000 7651.000000 9982.000000 0.000000
8.000000 14.000000 1.000000 9995.000000 10000.000000 9995.000000 0.000000
8.000000 15.000000 1.000000 9998.000000 10000.000000 9998.000000 0.000000
8.000000 16.000000 1.000000 10000.000000 10000.000000 10000.000000 0.000000
8.000000 17.000000 1.000000 10000.000000 10000.000000 10000.000000 0.000000
8.000000 18.000000 1.000000 10000.000000 10000.000000 10000.000000 0.000000
8.000000 19.000000 1.000000 10000.000000 10000.000000 10000.000000 0.000000
8.000000 20.000000 1.000000 10000.000000 10000.000000 10000.000000 0.000000
8.000000 21.000000 1.000000 10000.000000 10000.000000 10000.000000 0.000000
8.000000 22.000000 1.000000 10000.000000 10000.000000 10000.000000 0.000000
8.000000 23.000000 1.000000 10000.000000 10000.000000 10000.000000 0.000000
8.000000 24.000000 1.000000 10000.000000 10000.000000 10000.000000 0.000000
8.000000 25.000000 1.000000 10000.000000 10000.000000 10000.000000 0.000000
8.000000 26.000000 1.000000 10000.000000 10000.000000 10000.000000 0.000000
8.000000 27.000000 1.000000 10000.000000 10000.000000 10000.000000 0.000000
8.000000 28.000000 1.000000 10000.000000 10000.000000 10000.000000 0.000000
8.000000 29.000000 1.000000 10000.000000 10000.000000 10000.000000 0.000000
8.000000 30.000000 1.000000 10000.000000 10000.000000 10000.000000 0.000000
8.000000 31.000000 1.000000 10000.000000 10000.000000 10000.000000 0.000000
8.000000 32.000000 1.000000 10000.000000 10000.000000 10000.000000 0.000000
8.000000 33.000000 1.000000 10000.000000 10000.000000 10000.000000 0.000000
8.000000 34.000000 1.000000 10000.000000 10000.000000 10000.000000 0.000000
8.000000 35.000000 1.000000 10000.000000 10000.000000 10000.000000 0.000000
8.000000 36.000000 1.000000 10000.000000 10000.000000 10000.000000 0.000000
8.000000 37.000000 1.000000 10000.000000 10000.000000 10000.000000 0.000000
8.000000 38.000000 1.000000 10000.000000 10000.000000 10000.000000 0.000000
8.000000 39.000000 1.000000 10000.000000 10000.000000 10000.000000 0.000000
8.000000 40.000000 1.000000 10000.000000 10000.000000 10000.000000 0.000000
8.000000 41.000000 1.000000 10000.000000 10000.000000 10000.000000 0.000000
8.000000 42.000000 1.000000 10000.000000 10000.000000 10000.000000 0.000000
8.000000 43.000000 1.000000 10000.000000 10000.000000 10000.000000 0.000000
8.000000 44.000000 1.000000 10000.000000 10000.000000 10000.000000 0.000000
8.000000 45.000000 1.000000 10000.000000 10000.000000 10000.000000 0.000000
8.000000 46.000000 1.000000 10000.000000 10000.000000 10000.000000 0.000000
8.000000 47.000000 1.000000 10000.000000 10000.000000 10000.000000 0.000000
8.000000 48.000000 1.000000 10000.000000 10000.000000 10000.000000 0.000000
8.000000 49.000000 1.000000 10000.000000 10000.000000 10000.000000 0.000000
9.000000 0.000000 1.000000 10000.000000 10000.000000 10000.000000 0.000000
9.000000 1.000000 1.000000 10000.000000 10000.000000 10000.000000 0.000000
9.000000 2.000000 1.000000 9999.000000 10000.000000 9999.000000 0.000000
9.000000 3.000000 1.000000 9989.000000 10000.000000 9989.000000 0.000000
9.000000 4.000000 145.000000 9901.000000 10000.000000 9927.000000 26.000000
9.000000 5.000000 9623.000000 0.000000 10000.000000 9623.000000 9623.000000
9.000000 6.000000 7754.000000 0.000000 10000.000000 7754.000000 7754.000000
9.000000 7.000000 6333.000000 0.000000 10000.000000 6333.000000 6333.000000
9.000000 8.000000 3829.000000 3024.000000 10000.000000 5584.000000 2560.000000
9.000000 9.000000 5.000000 48.000000 1807.000000 5392.000000 1.000000
9.000000 10.000000 279.000000 158.000000 1806.000000 5528.000000 168.000000
9.000000 11.000000 272.000000 1862.000000 2304.000000 7249.000000 78.000000
9.000000 12.000000 136.000000 2492.000000 2571.000000 8614.000000 28.000000
9.000000 13.000000 236.000000 3664.000000 3752.000000 9359.000000 52.000000
9.000000 14.000000 1.000000 4706.000000 4791.000000 9597.000000 0.000000
9.000000 15.000000 1.000000 7748.000000 7980.000000 9658.000000 0.000000
9.000000 16.000000 1.000000 9401.000000 9674.000000 9727.000000 0.000000
9.000000 17.000000 1.000000 9520.000000 9730.000000 9790.000000 0.000000
9.000000 18.000000 1.000000 9702.000000 9868.000000 9834.000000 0.000000
9.000000 19.000000 1.000000 9801.000000 9930.000000 9871.000000 0.000000
9.000000 20.000000 1.000000 9877.000000 9966.000000 9911.000000 0.000000
9.000000 21.000000 1.000000 9939.000000 10000.000000 9939.000000 0.000000
9.000000 22.000000 1.000000 9958.000000 10000.000000 9958.000000 0.000000
9.000000 23.000000 1.000000 9973.000000 10000.000000 9973.000000 0.000000
9.000000 24.000000 1.000000 9980.000000 10000.000000 9980.000000 0.000000
9.000000 25.000000 1.000000 9987.000000 10000.000000 9987.000000 0.000000
9.000000 26.000000 1.000000 9993.000000 10000.000000 9993.000000 0.000000
9.000000 27.000000 1.000000 9997.000000 10000.000000 9997.000000 0.000000
9.000000 28.000000 1.000000 9998.000000 10000.000000 9998.000000 0.000000
9.000000 29.000000 1.000000 9999.000000 10000.000000 9999.000000 0.000000
9.000000 30.000000 1.000000 9999.000000 10000.000000 9999.000000 0.000000
9.000000 31.000000 1.000000 10000.000000 10000.000000 10000.000000 0.000000
9.000000 32.000000 1.000000 10000.000000 10000.000000 10000.000000 0.000000
9.000000 33.000000 1.000000 10000.000000 10000.000000 10000.000000 0.000000
9.000000 34.000000 1.000000 10000.000000 10000.000000 10000.000000 0.000000
9.000000 35.000000 1.000000 10000.000000 10000.000000 10000.000000 0.000000
9.000000 36.000000 1.000000 10000.000000 10000.000000 10000.000000 0.000000
9.000000 37.000000 1.000000 10000.000000 10000.000000 10000.000000 0.000000
9.000000 38.000000 1.000000 10000.000000 10000.000000 10000.000000 0.000000
9.000000 39.000000 1.000000 10000.000000 10000.000000 10000.000000 0.000000
9.000000 40.000000 1.000000 10000.000000 10000.000000 10000.000000 0.000000
9.000000 41.000000 1.000000 10000.000000 10000.000000 10000.000000 0.000000
9.000000 42.000000 1.000000 10000.000000 10000.000000 10000.000000 0.000000
9.000000 43.000000 1.000000 10000.000000 10000.000000 10000.000000 0.000000
9.000000 44.000000 1.000000 10000.000000 10000.000000 10000.000000 0.000000
9.000000 45.000000 1.000000 10000.000000 10000.000000 10000.000000 0.000000
9.000000 46.000000 1.000000 10000.000000 10000.000000 10000.000000 0.000000
9.000000 47.000000 1.000000 10000.000000 10000.000000 10000.000000 0.000000
9.000000 48.000000 1.000000 10000.000000 10000.000000 10000.000000 0.000000
9.000000 49.000000 1.000000 10000.000000 10000.000000 10000.000000 0.000000
10.000000 0.000000 1.000000 10000.000000 10000.000000 10000.000000 0.000000
10.000000 1.000000 1.000000 10000.000000 10000.000000 10000.000000 0.000000
10.000000 2.000000 1.000000 9999.000000 10000.000000 9999.000000 0.000000
10.000000 3.000000 1.000000 9999.000000 10000.000000 9999.000000 0.000000
10.000000 4.000000 1.000000 9999.000000 10000.000000 9999.000000 0.000000
10.000000 5.000000 1.000000 9999.000000 10000.000000 9999.000000 0.000000
10.000000 6.000000 1.000000 9999.000000 10000.000000 9999.000000 0.000000
10.000000 7.000000 1.000000 10000.000000 10000.000000 10000.000000 0.000000
10.000000 8.000000 1.000000 10000.000000 10000.000000 10000.000000 0.000000
10.000000 9.000000 1.000000 10000.000000 10000.000000 10000.000000 0.000000
10.000000 10.000000 1.000000 10000.000000 10000.000000 10000.000000 0.000000
10.000000 11.000000 1.000000 10000.000000 10000.000000 10000.000000 0.000000
10.000000 12.000000 1.000000 10000.000000 10000.000000 10000.000000 0.000000
10.000000 13.000000 1.000000 10000.000000 10000.000000 10000.000000 0.000000
10.000000 14.000000 1.000000 10000.000000 10000.000000 10000.000000 0.000000
10.000000 15.000000 1.000000 10000.000000 10000.000000 10000.000000 0.000000
10.000000 16.000000 1.000000 10000.000000 10000.000000 10000.000000 0.000000
10.000000 17.000000 1.000000 10000.000000 10000.000000 10000.000000 0.000000
10.000000 18.000000 1.000000 10000.000000 10000.000000 10000.000000 0.000000
10.000000 19.000000 1.000000 10000.000000 10000.000000 10000.000000 0.000000
10.000000 20.000000 1.000000 10000.000000 10000.000000 10000.000000 0.000000
10.000000 21.000000 1.000000 10000.000000 10000.000000 10000.000000 0.000000
10.000000 22.000000 1.000000 10000.000000 10000.000000 10000.000000 0.000000
10.000000 23.000000 1.000000 10000.000000 10000.000000 10000.000000 0.000000
10.000000 24.000000 1.000000 10000.000000 10000.000000 10000.000000 0.000000
10.000000 25.000000 1.000000 10000.000000 10000.000000 10000.000000 0.000000
10.000000 26.000000 1.000000 10000.000000 10000.000000 10000.000000 0.000000
10.000000 27.000000 1.000000 10000.000000 10000.000000 10000.000000 0.000000
10.000000 28.000000 1.000000 10000.000000 10000.000000 10000.000000 0.000000
10.000000 29.000000 1.000000 10000.000000 10000.000000 10000.000000 0.000000
10.000000 30.000000 1.000000 10000.000000 10000.000000 10000.000000 0.000000
10.000000 31.000000 1.000000 10000.000000 10000.000000 10000.000000 0.000000
10.000000 32.000000 1.000000 10000.000000 10000.000000 10000.000000 0.000000
10.000000 33.000000 1.000000 10000.000000 10000.000000 10000.000000 0.000000
10.000000 34.000000 1.000000 10000.000000 10000.000000 10000.000000 0.000000
10.000000 35.000000 1.000000 10000.000000 10000.000000 10000.000000 0.000000
10.000000 36.000000 1.000000 10000.000000 10000.000000 10000.000000 0.000000
10.000000 37.000000 1.000000 10000.000000 10000.000000 10000.000000 0.000000
10.000000 38.000000 1.000000 10000.000000 10000.000000 10000.000000 0.000000
10.000000 39.000000 1.000000 10000.000000 10000.000000 10000.000000 0.000000
10.000000 40.000000 1.000000 10000.000000 10000.000000 10000.000000 0.000000
10.000000 41.000000 1.000000 10000.000000 10000.000000 10000.000000 0.000000
10.000000 42.000000 1.000000 10000.000000 10000.000000 10000.000000 0.000000
10.000000 43.000000 1.000000 10000.000000 10000.000000 10000.000000 0.000000
10.000000 44.000000 1.000000 10000.000000 10000.000000 10000.000000 0.000000
10.000000 45.000000 1.000000 10000.000000 10000.000000 10000.000000 0.000000
10.000000 46.000000 1.000000 10000.000000 10000.000000 10000.000000 0.000000
10.000000 47.000000 1.000000 10000.000000 10000.000000 10000.000000 0.000000
10.000000 48.000000 1.000000 10000.000000 10000.000000 10000.000000 0.000000
10.000000 49.000000 1.000000 10000.000000 10000.000000 10000.000000 0.000000
11.000000 0.000000 1.000000 10000.000000 10000.000000 10000.000000 0.000000
11.000000 1.000000 1.000000 10000.000000 10000.000000 10000.000000 0.000000
11.000000 2.000000 1.000000 9999.000000 10000.000000 9999.000000 0.000000
11.000000 3.000000 1.000000 9999.000000 10000.000000 9999.000000 0.000000
11.000000 4.000000 1.000000 9999.000000 10000.000000 9999.000000 0.000000
11.000000 5.000000 1.000000 9999.000000 10000.000000 9999.000000 0.000000
11.000000 6.000000 1.000000 9999.000000 10000.000000 9999.000000 0.000000
11.000000 7.000000 1.000000 10000.000000 10000.000000 10000.000000 0.000000
11.000000 8.000000 1.000000 10000.000000 10000.000000 10000.000000 0.000000
11.000000 9.000000 1.000000 10000.000000 10000.000000 10000.000000 0.000000
11.000000 10.000000 1.000000 10000.000000 10000.000000 10000.000000 0.000000
11.000000 11.000000 1.000000 10000.000000 10000.000000 10000.000000 0.000000
11.000000 12.000000 1.000000 10000.000000 10000.000000 10000.000000 0.000000
11.000000 13.000000 1.000000 10000.000000 10000.000000 10000.000000 0.000000
11.000000 14.000000 1.000000 10000.000000 10000.000000 10000.000000 0.000000
11.000000 15.000000 1.000000 10000.000000 10000.000000 10000.000000 0.000000
11.000000 16.000000 1.000000 10000.000000 10000.000000 10000.000000 0.000000
11.000000 17.000000 1.000000 10000.000000 10000.000000 10000.000000 0.000000
11.000000 18.000000 1.000000 10000.000000 10000.000000 10000.000000 0.000000
11.000000 19.000000 1.000000 10000.000000 10000.000000 10000.000000 0.000000
11.000000 20.000000 1.000000 10000.000000 10000.000000 10000.000000 0.000000
11.000000 21.000000 1.000000 10000.000000 10000.000000 10000.000000 0.000000
11.000000 22.000000 1.000000 10000.000000 10000.000000 10000.000000 0.000000
11.000000 23.000000 1.000000 10000.000000 10000.000000 10000.000000 0.000000
11.000000 24.000000 1.000000 10000.000000 10000.000000 10000.000000 0.000000
11.000000 25.000000 1.000000 10000.000000 10000.000000 10000.000000 0.000000
11.000000 26.000000 1.000000 10000.000000 10000.000000 10000.000000 0.000000
11.000000 27.000000 1.000000 10000.000000 10000.000000 10000.000000 0.000000
11.000000 28.000000 1.000000 10000.000000 10000.000000 10000.000000 0.000000
11.000000 29.000000 1.000000 10000.000000 10000.000000 10000.000000 0.000000
11.000000 30.000000 1.000000 10000.000000 10000.000000 10000.000000 0.000000
11.000000 31.000000 1.000000 10000.000000 10000.000000 10000.000000 0.000000
11.000000 32.000000 1.000000 10000.000000 10000.000000 10000.000000 0.000000
11.000000 33.000000 1.000000 10000.000000 10000.000000 10000.000000 0.000000
11.000000 34.000000 1.000000 10000.000000 10000.000000 10000.000000 0.000000
11.000000 35.000000 1.000000 10000.000000 10000.000000 10000.000000 0.000000
11.000000 36.000000 1.000000 10000.000000 10000.000000 10000.000000 0.000000
11.000000 37.000000 1.000000 10000.000000 10000.000000 10000.000000 0.000000
11.000000 38.000000 1.000000 10000.000000 10000.000000 10000.000000 0.000000
11.000000 39.000000 1.000000 10000.000000 10000.000000 10000.000000 0.000000
11.000000 40.000000 1.000000 10000.000000 10000.000000 10000.000000 0.000000
11.000000 41.000000 1.000000 10000.000000 10000.000000 10000.000000 0.000000
11.000000 42.000000 1.000000 10000.000000 10000.000000 10000.000000 0.000000
11.000000 43.000000 1.000000 10000.000000 10000.000000 10000.000000 0.000000
11.000000 44.000000 1.000000 10000.000000 10000.000000 10000.000000 0.000000
11.000000 45.000000 1.000000 10000.000000 10000.000000 10000.000000 0.000000
11.000000 46.000000 1.000000 10000.000000 10000.000000 10000.000000 0.000000
11.000000 47.000000 1.000000 10000.000000 10000.000000 10000.000000 0.000000
11.000000 48.000000 1.000000 10000.000000 10000.000000 10000.000000 0.000000
11.000000 49.000000 1.000000 10000.000000 10000.000000 10000.000000 0.000000
12.000000 0.000000 1.000000 10000.000000 10000.000000 10000.000000 0.000000
12.000000 1.000000 1.000000 10000.000000 10000.000000 10000.000000 0.000000
12.000000 2.000000 1.000000 10000.000000 10000.000000 10000.000000 0.000000
12.000000 3.000000 1.000000 10000.000000 10000.000000 10000.000000 0.000000
12.000000 4.000000 1.000000 10000.000000 10000.000000 10000.000000 0.000000
12.000000 5.000000 1.000000 10000.000000 10000.000000 10000.000000 0.000000
12.000000 6.000000 1.000000 10000.000000 10000.000000 10000.000000 0.000000
12.000000 7.000000 1.000000 10000.000000 10000.000000 10000.000000 0.000000
12.000000 8.000000 1.000000 10000.000000 10000.000000 10000.000000 0.000000
12.000000 9.000000 1.000000 10000.000000 10000.000000 10000.000000 0.000000
12.000000 10.000000 1.000000 10000.000000 10000.000000 10000.000000 0.000000
12.000000 11.000000 1.000000 10000.000000 10000.000000 10000.000000 0.000000
12.000000 12.000000 1.000000 10000.000000 10000.000000 10000.000000 0.000000
12.000000 13.000000 1.000000 10000.000000 10000.000000 10000.000000 0.000000
12.000000 14.000000 1.000000 10000.000000 10000.000000 10000.000000 0.000000
12.000000 15.000000 1.000000 10000.000000 10000.000000 10000.000000 0.000000
12.000000 16.000000 1.000000 10000.000000 10000.000000 10000.000000 0.000000
12.000000 17.000000 1.000000 10000.000000 10000.000000 10000.000000 0.000000
12.000000 18.000000 1.000000 10000.000000 10000.000000 10000.000000 0.000000
12.000000 19.000000 1.000000 10000.000000 10000.000000 10000.000000 0.000000
12.000000 20.000000 1.000000 10000.000000 10000.000000 10000.000000 0.000000
12.000000 21.000000 1.000000 10000.000000 10000.000000 10000.000000 0.000000
12.000000 22.000000 1.000000 10000.000000 10000.000000 10000.000000 0.000000
12.000000 23.000000 1.000000 10000.000000 10000.000000 10000.000000 0.000000
12.000000 24.000000 1.000000 10000.000000 10000.000000 10000.000000 0.000000
12.000000 25.000000 1.000000 10000.000000 10000.000000 10000.000000 0.000000
12.000000 26.000000 1.000000 10000.000000 10000.000000 10000.000000 0.000000
12.000000 27.000000 1.000000 10000.000000 10000.000000 10000.000000 0.000000
12.000000 28.000000 1.000000 10000.000000 10000.000000 10000.000000 0.000000
12.000000 29.000000 1.000000 10000.000000 10000.000000 10000.000000 0.000000
12.000000 30.000000 1.000000 10000.000000 10000.000000 10000.000000 0.000000
12.000000 31.000000 1.000000 10000.000000 10000.000000 10000.000000 0.000000
12.000000 32.000000 1.000000 10000.000000 10000.000000 10000.000000 0.000000
12.000000 33.000000 1.000000 10000.000000 10000.000000 10000.000000 0.000000
12.000000 34.000000 1.000000 10000.000000 10000.000000 10000.000000 0.000000
12.000000 35.000000 1.000000 10000.000000 10000.000000 10000.000000 0.000000
12.000000 36.000000 1.000000 10000.000000 10000.000000 10000.000000 0.000000
12.000000 37.000000 1.000000 10000.000000 10000.000000 10000.000000 0.000000
12.000000 38.000000 1.000000 10000.000000 10000.000000 10000.000000 0.000000
12.000000 39.000000 1.000000 10000.000000 10000.000000 10000.000000 0.000000
12.000000 40.000000 1.000000 10000.000000 10000.000000 10000.000000 0.000000
12.000000 41.000000 1.000000 10000.000000 10000.000000 10000.000000 0.000000
12.000000 42.000000 1.000000 10000.000000 10000.000000 10000.000000 0.000000
12.000000 43.000000 1.000000 10000.000000 10000.000000 10000.000000 0.000000
12.000000 44.000000 1.000000 10000.000000 10000.000000 10000.000000 0.000000
12.000000 45.000000 1.000000 10000.000000 10000.000000 10000.000000 0.000000
12.000000 46.000000 1.000000 10000.000000 10000.000000 10000.000000 0.000000
12.000000 47.000000 1.000000 10000.000000 10000.000000 10000.000000 0.000000
12.000000 48.000000 1.000000 10000.000000 10000.000000 10000.000000 0.000000
12.000000 49.000000 1.000000 10000.000000 10000.000000 10000.000000 0.000000
13.000000 0.000000 1.000000 10000.000000 10000.000000 10000.000000 0.000000
13.000000 1.000000 1.000000 10000.000000 10000.000000 10000.000000 0.000000
13.000000 2.000000 1.000000 9999.000000 10000.000000 9999.000000 0.000000
13.000000 3.000000 1.000000 9997.000000 10000.000000 9997.000000 0.000000
13.000000 4.000000 1.000000 9989.000000 10000.000000 9989.000000 0.000000
13.000000 5.000000 1.000000 9969.000000 10000.000000 9969.000000 0.000000
13.000000 6.000000 1.000000 9914.000000 10000.000000 9914.000000 0.000000
13.000000 7.000000 9714.000000 0.000000 10000.000000 9714.000000 9714.000000
13.000000 8.000000 7506.000000 0.000000 10000.000000 7506.000000 7506.000000
13.000000 9.000000 5891.000000 0.000000 10000.000000 5891.000000 5891.000000
13.000000 10.000000 4259.000000 1763.000000 10000.000000 5141.000000 3378.000000
13.000000 11.000000 1.000000 46.000000 2784.000000 4953.000000 0.000000
13.000000 12.000000 1.000000 200.000000 560.000000 5045.000000 0.000000
13.000000 13.000000 1.000000 523.000000 560.000000 7141.000000 0.000000
13.000000 14.000000 1.000000 1962.000000 1988.000000 8777.000000 0.000000
13.000000 15.000000 1.000000 3776.000000 3793.000000 9612.000000 0.000000
13.000000 16.000000 1.000000 4962.000000 4973.000000 9849.000000 0.000000
13.000000 17.000000 1.000000 7726.000000 7774.000000 9910.000000 0.000000
13.000000 18.000000 1.000000 9936.000000 10000.000000 9936.000000 0.000000
13.000000 19.000000 1.000000 9948.000000 10000.000000 9948.000000 0.000000
13.000000 20.000000 1.000000 9957.000000 10000.000000 9957.000000 0.000000
13.000000 21.000000 1.000000 9966.000000 10000.000000 9966.000000 0.000000
13.000000 22.000000 1.000000 9972.000000 10000.000000 9972.000000 0.000000
13.000000 23.000000 1.000000 9969.000000 10000.000000 9969.000000 0.000000
13.000000 24.000000 1.000000 9973.000000 10000.000000 9973.000000 0.000000
13.000000 25.000000 1.000000 9978.000000 10000.000000 9978.000000 0.000000
13.000000 26.000000 1.000000 9981.000000 10000.000000 9981.000000 0.000000
13.000000 27.000000 1.000000 9977.000000 10000.000000 9977.000000 0.000000
13.000000 28.000000 1.000000 9980.000000 10000.000000 9980.000000 0.000000
13.000000 29.000000 1.000000 9977.000000 10000.000000 9977.000000 0.000000
13.000000 30.000000 1.000000 9974.000000 10000.000000 9974.000000 0.000000
13.000000 31.000000 1.000000 9976.000000 10000.000000 9976.000000 0.000000
13.000000 32.000000 1.000000 9978.000000 10000.000000 9978.000000 0.000000
13.000000 33.000000 1.000000 9984.000000 10000.000000 9984.000000 0.000000
13.000000 34.000000 1.000000 9989.000000 10000.000000 9989.000000 0.000000
13.000000 35.000000 1.000000 9993.000000 10000.000000 9993.000000 0.000000
13.000000 36.000000 1.000000 9995.000000 10000.000000 9995.000000 0.000000
13.000000 37.000000 1.000000 10000.000000 10000.000000 10000.000000 0.000000
13.000000 38.000000 1.000000 10000.000000 10000.000000 10000.000000 0.000000
13.000000 39.000000 1.000000 10000.000000 10000.000000 10000.000000 0.000000
13.000000 40.000000 1.000000 10000.000000 10000.000000 10000.000000 0.000000
13.000000 41.000000 1.000000 10000.000000 10000.000000 10000.000000 0.000000
13.000000 42.000000 1.000000 10000.000000 10000.000000 10000.000000 0.000000
13.000000 43.000000 1.000000 10000.000000 10000.000000 10000.000000 0.000000
13.000000 44.000000 1.000000 10000.000000 10000.000000 10000.000000 0.000000
13.000000 45.000000 1.000000 10000.000000 10000.000000 10000.000000 0.000000
13.000000 46.000000 1.000000 10000.000000 10000.000000 10000.000000 0.000000
13.000000 47.000000 1.000000 10000.000000 10000.000000 10000.000000 0.000000
13.000000 48.000000 1.000000 10000.000000 10000.000000 10000.000000 0.000000
13.000000 49.000000 1.000000 10000.000000 10000.000000 10000.000000 0.000000
14.000000 0.000000 1.000000 10000.000000 10000.000000 10000.000000 0.000000
14.000000 1.000000 1.000000 10000.000000 10000.000000 10000.000000 0.000000
14.000000 2.000000 1.000000 9999.000000 10000.000000 9999.000000 0.000000
14.000000 3.000000 1.000000 9999.000000 10000.000000 9999.000000 0.000000
14.000000 4.000000 1.000000 9999.000000 10000.000000 9999.000000 0.000000
14.000000 5.000000 1.000000 9999.000000 10000.000000 9999.000000 0.000000
14.000000 6.000000 1.000000 9999.000000 10000.000000 9999.000000 0.000000
14.000000 7.000000 1.000000 10000.000000 10000.000000 10000.000000 0.000000
14.000000 8.000000 1.000000 10000.000000 10000.000000 10000.000000 0.000000
14.000000 9.000000 1.000000 10000.000000 10000.000000 10000.000000 0.000000
14.000000 10.000000 1.000000 10000.000000 10000.000000 10000.000000 0.000000
14.000000 11.000000 1.000000 10000.000000 10000.000000 10000.000000 0.000000
14.000000 12.000000 1.000000 10000.000000 10000.000000 10000.000000 0.000000
14.000000 13.000000 1.000000 10000.000000 10000.000000 10000.000000 0.000000
14.000000 14.000000 1.000000 10000.000000 10000.000000 10000.000000 0.000000
14.000000 15.000000 1.000000 10000.000000 10000.000000 10000.000000 0.000000
14.000000 16.000000 1.000000 10000.000000 10000.000000 10000.000000 0.000000
14.000000 17.000000 1.000000 10000.000000 10000.000000 10000.000000 0.000000
14.000000 18.000000 1.000000 10000.000000 10000.000000 10000.000000 0.000000
14.000000 19.000000 1.000000 10000.000000 10000.000000 10000.000000 0.000000
14.000000 20.000000 1.000000 10000.000000 10000.000000 10000.000000 0.000000
14.000000 21.000000 1.000000 10000.000000 10000.000000 10000.000000 0.000000
14.000000 22.000000 1.000000 10000.000000 10000.000000 10000.000000 0.000000
14.000000 23.000000 1.000000 10000.000000 10000.000000 10000.000000 0.000000
14.000000 24.000000 1.000000 10000.000000 10000.000000 10000.000000 0.000000
14.000000 25.000000 1.000000 10000.000000 10000.000000 10000.000000 0.000000
14.000000 26.000000 1.000000 10000.000000 10000.000000 10000.000000 0.000000
14.000000 27.000000 1.000000 10000.000000 10000.000000 10000.000000 0.000000
14.000000 28.000000 1.000000 10000.000000 10000.000000 10000.000000 0.000000
14.000000 29.000000 1.000000 10000.000000 10000.000000 10000.000000 0.000000
14.000000 30.000000 1.000000 10000.000000 10000.000000 10000.000000 0.000000
14.000000 31.000000 1.000000 10000.000000 10000.000000 10000.000000 0.000000
14.000000 32.000000 1.000000 10000.000000 10000.000000 10000.000000 0.000000
14.000000 33.000000 1.000000 10000.000000 10000.000000 10000.000000 0.000000
14.000000 34.000000 1.000000 10000.000000 10000.000000 10000.000000 0.000000
14.000000 35.000000 1.000000 10000.000000 10000.000000 10000.000000 0.000000
14.000000 36.000000 1.000000 10000.000000 10000.000000 10000.000000 0.000000
14.000000 37.000000 1.000000 10000.000000 10000.000000 10000.000000 0.000000
14.000000 38.000000 1.000000 10000.000000 10000.000000 10000.000000 0.000000
14.000000 39.000000 1.000000 10000.000000 10000.000000 10000.000000 0.000000
14.000000 40.000000 1.000000 10000.000000 10000.000000 10000.000000 0.000000
14.000000 41.000000 1.000000 10000.000000 10000.000000 10000.000000 0.000000
14.000000 42.000000 1.000000 10000.000000 10000.000000 10000.000000 0.000000
14.000000 43.000000 1.000000 10000.000000 10000.000000 10000.000000 0.000000
14.000000 44.000000 1.000000 10000.000000 10000.000000 10000.000000 0.000000
14.000000 45.000000 1.000000 10000.000000 10000.000000 10000.000000 0.000000
14.000000 46.000000 1.000000 10000.000000 10000.000000 10000.000000 0.000000
14.000000 47.000000 1.000000 10000.000000 10000.000000 10000.000000 0.000000
14.000000 48.000000 1.000000 10000.000000 10000.000000 10000.000000 0.000000
14.000000 49.000000 1.000000 10000.000000 10000.000000 10000.000000 0.000000
15.000000 0.000000 1.000000 10000.000000 10000.000000 10000.000000 0.000000
15.000000 1.000000 1.000000 10000.000000 10000.000000 10000.000000 0.000000
15.000000 2.000000 1.000000 9999.000000 10000.000000 9999.000000 0.000000
15.000000 3.000000 1.000000 9999.000000 10000.000000 9999.000000 0.000000
15.000000 4.000000 1.000000 9999.000000 10000.000000 9999.000000 0.000000
15.000000 5.000000 1.000000 9999.000000 10000.000000 9999.000000 0.000000
15.000000 6.000000 1.000000 9999.000000 10000.000000 9999.000000 0.000000
15.000000 7.000000 1.000000 10000.000000 10000.000000 10000.000000 0.000000
15.000000 8.000000 1.000000 10000.000000 10000.000000 10000.000000 0.000000
15.000000 9.000000 1.000000 10000.000000 10000.000000 10000.000000 0.000000
15.000000 10.000000 1.000000 10000.000000 10000.000000 10000.000000 0.000000
15.000000 11.000000 1.000000 10000.000000 10000.000000 10000.000000 0.000000
15.000000 12.000000 1.000000 10000.000000 10000.000000 10000.000000 0.000000
15.000000 13.000000 1.000000 10000.000000 10000.000000 10000.000000 0.000000
15.000000 14.000000 1.000000 10000.000000 10000.000000 10000.000000 0.000000
15.000000 15.000000 1.000000 10000.000000 10000.000000 10000.000000 0.000000
15.000000 16.000000 1.000000 10000.000000 10000.000000 10000.000000 0.000000
15.000000 17.000000 1.000000 10000.000000 10000.000000 10000.000000 0.000000
15.000000 18.000000 1.000000 10000.000000 10000.000000 10000.000000 0.000000
15.000000 19.000000 1.000000 10000.000000 10000.000000 10000.000000 0.000000
15.000000 20.000000 1.000000 10000.000000 10000.000000 10000.000000 0.000000
15.000000 21.000000 1.000000 10000.000000 10000.000000 10000.000000 0.000000
15.000000 22.000000 1.000000 10000.000000 10000.000000 10000.000000 0.000000
15.000000 23.000000 1.000000 10000.000000 10000.000000 10000.000000 0.000000
15.000000 24.000000 1.000000 10000.000000 10000.000000 10000.000000 0.000000
15.000000 25.000000 1.000000 10000.000000 10000.000000 10000.000000 0.000000
15.000000 26.000000 1.000000 10000.000000 10000.000000 10000.000000 0.000000
15.000000 27.000000 1.000000 10000.000000 10000.000000 10000.000000 0.000000
15.000000 28.000000 1.000000 10000.000000 10000.000000 10000.000000 0.000000
15.000000 29.000000 1.000000 10000.000000 10000.000000 10000.000000 0.000000
15.000000 30.000000 1.000000 10000.000000 10000.000000 10000.000000 0.000000
15.000000 31.000000 1.000000 10000.000000 10000.000000 10000.000000 0.000000
15.000000 32.000000 1.000000 10000.000000 10000.000000 10000.000000 0.000000
15.000000 33.000000 1.000000 10000.000000 10000.000000 10000.000000 0.000000
15.000000 34.000000 1.000000 10000.000000 10000.000000 10000.000000 0.000000
15.000000 35.000000 1.000000 10000.000000 10000.000000 10000.000000 0.000000
15.000000 36.000000 1.000000 10000.000000 10000.000000 10000.000000 0.000000
15.000000 37.000000 1.000000 10000.000000 10000.000000 10000.000000 0.000000
15.000000 38.000000 1.000000 10000.000000 10000.000000 10000.000000 0.000000
15.000000 39.000000 1.000000 10000.000000 10000.000000 10000.000000 0.000000
15.000000 40.000000 1.000000 10000.000000 10000.000000 10000.000000 0.000000
15.000000 41.000000 1.000000 10000.000000 10000.000000 10000.000000 0.000000
15.000000 42.000000 1.000000 10000.000000 10000.000000 10000.000000 0.000000
15.000000 43.000000 1.000000 10000.000000 10000.000000 10000.000000 0.000000
15.000000 44.000000 1.000000 10000.000000 10000.000000 10000.000000 0.000000
15.000000 45.000000 1.000000 10000.000000 10000.000000 10000.000000 0.000000
15.000000 46.000000 1.000000 10000.000000 10000.000000 10000.000000 0.000000
15.000000 47.000000 1.000000 10000.000000 10000.000000 10000.000000 0.000000
15.000000 48.000000 1.000000 10000.000000 10000.000000 10000.000000 0.000000
15.000000 49.000000 1.000000 10000.000000 10000.000000 10000.000000 0.000000
16.000000 0.000000 1.000000 10000.000000 10000.000000 10000.000000 0.000000
16.000000 1.000000 1.000000 10000.000000 10000.000000 10000.000000 0.000000
16.000000 2.000000 1.000000 10000.000000 10000.000000 10000.000000 0.000000
16.000000 3.000000 1.000000 9999.000000 10000.000000 9999.000000 0.000000
16.000000 4.000000 1.000000 9999.000000 10000.000000 9999.000000 0.000000
16.000000 5.000000 1.000000 9999.000000 10000.000000 9999.000000 0.000000
16.000000 6.000000 1.000000 9999.000000 10000.000000 9999.000000 0.000000
16.000000 7.000000 1.000000 9999.000000 10000.000000 9999.000000 0.000000
16.000000 8.000000 1.000000 10000.000000 10000.000000 10000.000000 0.000000
16.000000 9.000000 1.000000 10000.000000 10000.000000 10000.000000 0.000000
16.000000 10.000000 1.000000 10000.000000 10000.000000 10000.000000 0.000000
16.000000 11.000000 1.000000 10000.000000 10000.000000 10000.000000 0.000000
16.000000 12.000000 1.000000 10000.000000 10000.000000 10000.000000 0.000000
16.000000 13.000000 1.000000 10000.000000 10000.000000 10000.000000 0.000000
16.000000 14.000000 1.000000 10000.000000 10000.000000 10000.000000 0.000000
16.000000 15.000000 1.000000 10000.000000 10000.000000 10000.000000 0.000000
16.000000 16.000000 1.000000 10000.000000 10000.000000 10000.000000 0.000000
16.000000 17.000000 1.000000 10000.000000 10000.000000 10000.000000 0.000000
16.000000 18.000000 1.000000 10000.000000 10000.000000 10000.000000 0.000000
16.000000 19.000000 1.000000 10000.000000 10000.000000 10000.000000 0.000000
16.000000 20.000000 1.000000 10000.000000 10000.000000 10000.000000 0.000000
16.000000 21.000000 1.000000 10000.000000 10000.000000 10000.000000 0.000000
16.000000 22.000000 1.000000 10000.000000 10000.000000 10000.000000 0.000000
16.000000 23.000000 1.000000 10000.000000 10000.000000 10000.000000 0.000000
16.000000 24.000000 1.000000 10000.000000 10000.000000 10000.000000 0.000000
16.000000 25.000000 1.000000 10000.000000 10000.000000 10000.000000 0.000000
16.000000 26.000000 1.000000 10000.000000 10000.000000 10000.000000 0.000000
16.000000 27.000000 1.000000 10000.000000 10000.000000 10000.000000 0.000000
16.000000 28.000000 1.000000 10000.000000 10000.000000 10000.000000 0.000000
16.000000 29.000000 1.000000 10000.000000 10000.000000 10000.000000 0.000000
16.000000 30.000000 1.000000 10000.000000 10000.000000 10000.000000 0.000000
16.000000 31.000000 1.000000 10000.000000 10000.000000 10000.000000 0.000000
16.000000 32.000000 1.000000 10000.000000 10000.000000 10000.000000 0.000000
16.000000 33.000000 1.000000 10000.000000 10000.000000 10000.000000 0.000000
16.000000 34.000000 1.000000 10000.000000 10000.000000 10000.000000 0.000000
16.000000 35.000000 1.000000 10000.000000 10000.000000 10000.000000 0.000000
16.000000 36.000000 1.000000 10000.000000 10000.000000 10000.000000 0.000000
16.000000 37.000000 1.000000 10000.000000 10000.000000 10000.000000 0.000000
16.000000 38.000000 1.000000 10000.000000 10000.000000 10000.000000 0.000000
16.000000 39.000000 1.000000 10000.000000 10000.000000 10000.000000 0.000000
16.000000 40.000000 1.000000 10000.000000 10000.000000 10000.000000 0.000000
16.000000 41.000000 1.000000 10000.000000 10000.000000 10000.000000 0.000000
16.000000 42.000000 1.000000 10000.000000 10000.000000 10000.000000 0.000000
16.000000 43.000000 1.000000 10000.000000 10000.000000 10000.000000 0.000000
16.000000 44.000000 1.000000 10000.000000 10000.000000 10000.000000 0.000000
16.000000 45.000000 1.000000 10000.000000 10000.000000 10000.000000 0.000000
16.000000 46.000000 1.000000 10000.000000 10000.000000 10000.000000 0.000000
16.000000 47.000000 1.000000 10000.000000 10000.000000 10000.000000 0.000000
16.000000 48.000000 1.000000 10000.000000 10000.000000 10000.000000 0.000000
16.000000 49.000000 1.000000 10000.000000 10000.000000 10000.000000 0.000000
17.000000 0.000000 1.000000 10000.000000 10000.000000 10000.000000 0.000000
17.000000 1.000000 1.000000 10000.000000 10000.000000 10000.000000 0.000000
17.000000 2.000000 1.000000 10000.000000 10000.000000 10000.000000 0.000000
17.000000 3.000000 1.000000 9996.000000 10000.000000 9996.000000 0.000000
17.000000 4.000000 9718.000000 0.000000 10000.000000 9718.000000 9718.000000
17.000000 5.000000 7317.000000 0.000000 10000.000000 7317.000000 7317.000000
17.000000 6.000000 5775.000000 0.000000 10000.000000 5775.000000 5775.000000
17.000000 7.000000 3243.000000 3101.000000 10000.000000 5083.000000 1982.000000
17.000000 8.000000 1.000000 3.000000 667.000000 4888.000000 0.000000
17.000000 9.000000 1.000000 214.000000 667.000000 5031.000000 0.000000
17.000000 10.000000 1.000000 628.000000 667.000000 7296.000000 0.000000
17.000000 11.000000 1.000000 2060.000000 2085.000000 8845.000000 0.000000
17.000000 12.000000 1.000000 3923.000000 3944.000000 9537.000000 0.000000
17.000000 13.000000 1.000000 5548.000000 5628.000000 9727.000000 0.000000
17.000000 14.000000 1.000000 8526.000000 8699.000000 9765.000000 0.000000
17.000000 15.000000 1.000000 9781.000000 10000.000000 9781.000000 0.000000
17.000000 16.000000 1.000000 9815.000000 10000.000000 9815.000000 0.000000
17.000000 17.000000 1.000000 9853.000000 10000.000000 9853.000000 0.000000
17.000000 18.000000 1.000000 9885.000000 10000.000000 9885.000000 0.000000
17.000000 19.000000 1.000000 9922.000000 10000.000000 9922.000000 0.000000
17.000000 20.000000 1.000000 9948.000000 10000.000000 9948.000000 0.000000
17.000000 21.000000 1.000000 9968.000000 10000.000000 9968.000000 0.000000
17.000000 22.000000 1.000000 9980.000000 10000.000000 9980.000000 0.000000
17.000000 23.000000 1.000000 9985.000000 10000.000000 9985.000000 0.000000
17.000000 24.000000 1.000000 9992.000000 10000.000000 9992.000000 0.000000
17.000000 25.000000 1.000000 9997.000000 10000.000000 9997.000000 0.000000
17.000000 26.000000 1.000000 9999.000000 10000.000000 9999.000000 0.000000
17.000000 27.000000 1.000000 9999.000000 10000.000000 9999.000000 0.000000
17.000000 28.000000 1.000000 10000.000000 10000.000000 10000.000000 0.000000
17.000000 29.000000 1.000000 10000.000000 10000.000000 10000.000000 0.000000
17.000000 30.000000 1.000000 10000.000000 10000.000000 10000.000000 0.000000
17.000000 31.000000 1.000000 10000.000000 10000.000000 10000.000000 0.000000
17.000000 32.000000 1.000000 10000.000000 10000.000000 10000.000000 0.000000
17.000000 33.000000 1.000000 10000.000000 10000.000000 10000.000000 0.000000
17.000000 34.000000 1.000000 10000.000000 10000.000000 10000.000000 0.000000
17.000000 35.000000 1.000000 10000.000000 10000.000000 10000.000000 0.000000
17.000000 36.000000 1.000000 10000.000000 10000.000000 10000.000000 0.000000
17.000000 37.000000 1.000000 10000.000000 10000.000000 10000.000000 0.000000
17.000000 38.000000 1.000000 10000.000000 10000.000000 10000.000000 0.000000
17.000000 39.000000 1.000000 10000.000000 10000.000000 10000.000000 0.000000
17.000000 40.000000 1.000000 10000.000000 10000.000000 10000.000000 0.000000
17.000000 41.000000 1.000000 10000.000000 10000.000000 10000.000000 0.000000
17.000000 42.000000 1.000000 10000.000000 10000.000000 10000.000000 0.000000
17.000000 43.000000 1.000000 10000.000000 10000.000000 10000.000000 0.000000
17.000000 44.000000 1.000000 10000.000000 10000.000000 10000.000000 0.000000
17.000000 45.000000 1.000000 10000.000000 10000.000000 10000.000000 0.000000
17.000000 46.000000 1.000000 10000.000000 10000.000000 10000.000000 0.000000
17.000000 47.000000 1.000000 10000.000000 10000.000000 10000.000000 0.000000
17.000000 48.000000 1.000000 10000.000000 10000.000000 10000.000000 0.000000
17.000000 49.000000 1.000000 10000.000000 10000.000000 10000.000000 0.000000
18.000000 0.000000 1.000000 10000.000000 10000.000000 10000.000000 0.000000
18.000000 1.000000 1.000000 10000.000000 10000.000000 10000.000000 0.000000
18.000000 2.000000 1.000000 9999.000000 10000.000000 9999.000000 0.000000
18.000000 3.000000 1.000000 9998.000000 10000.000000 9998.000000 0.000000
18.000000 4.000000 1.000000 9991.000000 10000.000000 9991.000000 0.000000
18.000000 5.000000 1.000000 9978.000000 10000.000000 9978.000000 0.000000
18.000000 6.000000 1.000000 9907.000000 10000.000000 9907.000000 0.000000
18.000000 7.000000 9379.000000 0.000000 10000.000000 9379.000000 9379.000000
18.000000 8.000000 6487.000000 0.000000 10000.000000 6487.000000 6487.000000
18.000000 9.000000 4693.000000 0.000000 10000.000000 4693.000000 4693.000000
18.000000 10.000000 3794.000000 772.000000 10000.000000 4102.000000 3330.000000
18.000000 11.000000 1.000000 58.000000 1211.000000 3991.000000 0.000000
18.000000 12.000000 1.000000 456.000000 1211.000000 4354.000000 0.000000
18.000000 13.000000 1.000000 1154.000000 1211.000000 7186.000000 0.000000
18.000000 14.000000 1.000000 2732.000000 2765.000000 9062.000000 0.000000
18.000000 15.000000 1.000000 4950.000000 4977.000000 9731.000000 0.000000
18.000000 16.000000 1.000000 5799.000000 5810.000000 9934.000000 0.000000
18.000000 17.000000 1.000000 7785.000000 7801.000000 9975.000000 0.000000
18.000000 18.000000 1.000000 9988.000000 10000.000000 9988.000000 0.000000
18.000000 19.000000 1.000000 9996.000000 10000.000000 9996.000000 0.000000
18.000000 20.000000 1.000000 10000.000000 10000.000000 10000.000000 0.000000
18.000000 21.000000 1.000000 10000.000000 10000.000000 10000.000000 0.000000
18.000000 22.000000 1.000000 10000.000000 10000.000000 10000.000000 0.000000
18.000000 23.000000 1.000000 10000.000000 10000.000000 10000.000000 0.000000
18.000000 24.000000 1.000000 10000.000000 10000.000000 10000.000000 0.000000
18.000000 25.000000 1.000000 10000.000000 10000.000000 10000.000000 0.000000
18.000000 26.000000 1.000000 10000.000000 10000.000000 10000.000000 0.000000
18.000000 27.000000 1.000000 10000.000000 10000.000000 10000.000000 0.000000
18.000000 28.000000 1.000000 10000.000000 10000.000000 10000.000000 0.000000
18.000000 29.000000 1.000000 10000.000000 10000.000000 10000.000000 0.000000
18.000000 30.000000 1.000000 10000.000000 10000.000000 10000.000000 0.000000
18.000000 31.000000 1.000000 10000.000000 10000.000000 10000.000000 0.000000
18.000000 32.000000 1.000000 10000.000000 10000.000000 10000.000000 0.000000
18.000000 33.000000 1.000000 10000.000000 10000.000000 10000.000000 0.000000
18.000000 34.000000 1.000000 10000.000000 10000.000000 10000.000000 0.000000
18.000000 35.000000 1.000000 10000.000000 10000.000000 10000.000000 0.000000
18.000000 36.000000 1.000000 10000.000000 10000.000000 10000.000000 0.000000
18.000000 37.000000 1.000000 10000.000000 10000.000000 10000.000000 0.000000
18.000000 38.000000 1.000000 10000.000000 10000.000000 10000.000000 0.000000
18.000000 39.000000 1.000000 10000.000000 10000.000000 10000.000000 0.000000
18.000000 40.000000 1.000000 10000.000000 10000.000000 10000.000000 0.000000
18.000000 41.000000 1.000000 10000.000000 10000.000000 10000.000000 0.000000
18.000000 42.000000 1.000000 10000.000000 10000.000000 10000.000000 0.000000
18.000000 43.000000 1.000000 10000.000000 10000.000000 10000.000000 0.000000
18.000000 44.000000 1.000000 10000.000000 10000.000000 10000.000000 0.000000
18.000000 45.000000 1.000000 10000.000000 10000.000000 10000.000000 0.000000
18.000000 46.000000 1.000000 10000.000000 10000.000000 10000.000000 0.000000
18.000000 47.000000 1.000000 10000.000000 10000.000000 10000.000000 0.000000
18.000000 48.000000 1.000000 10000.000000 10000.000000 10000.000000 0.000000
18.000000 49.000000 1.000000 10000.000000 10000.000000 10000.000000 0.000000
19.000000 0.000000 1.000000 10000.000000 10000.000000 10000.000000 0.000000
19.000000 1.000000 1.000000 10000.000000 10000.000000 10000.000000 0.000000
19.000000 2.000000 1.000000 9999.000000 10000.000000 9999.000000 0.000000
19.000000 3.000000 1.000000 9998.000000 10000.000000 9998.000000 0.000000
19.000000 4.000000 1.000000 9994.000000 10000.000000 9994.000000 0.000000
19.000000 5.000000 1.000000 9986.000000 10000.000000 9986.000000 0.000000
19.000000 6.000000 1.000000 9964.000000 10000.000000 9964.000000 0.000000
19.000000 7.000000 1.000000 9891.000000 10000.000000 9891.000000 0.000000
19.000000 8.000000 9409.000000 0.000000 10000.000000 9409.000000 9409.000000
19.000000 9.000000 6713.000000 0.000000 10000.000000 6713.000000 6713.000000
19.000000 10.000000 5207.000000 0.000000 10000.000000 5207.000000 5207.000000
19.000000 11.000000 3958.000000 1319.000000 10000.000000 4591.000000 3272.000000
19.000000 12.000000 1.000000 62.000000 1128.000000 4455.000000 0.000000
19.000000 13.000000 1.000000 415.000000 1128.000000 4777.000000 0.000000
19.000000 14.000000 1.000000 1069.000000 1128.000000 7419.000000 0.000000
19.000000 15.000000 1.000000 2610.000000 2631.000000 9001.000000 0.000000
19.000000 16.000000 1.000000 4476.000000 4485.000000 9691.000000 0.000000
19.000000 17.000000 1.000000 5436.000000 5445.000000 9906.000000 0.000000
19.000000 18.000000 1.000000 7816.000000 7849.000000 9942.000000 0.000000
19.000000 19.000000 1.000000 9960.000000 10000.000000 9960.000000 0.000000
19.000000 20.000000 1.000000 9974.000000 10000.000000 9974.000000 0.000000
19.000000 21.000000 1.000000 9978.000000 10000.000000 9978.000000 0.000000
19.000000 22.000000 1.000000 9982.000000 10000.000000 9982.000000 0.000000
19.000000 23.000000 1.000000 9989.000000 10000.000000 9989.000000 0.000000
19.000000 24.000000 1.000000 9994.000000 10000.000000 9994.000000 0.000000
19.000000 25.000000 1.000000 9996.000000 10000.000000 9996.000000 0.000000
19.000000 26.000000 1.000000 9997.000000 10000.000000 9997.000000 0.000000
19.000000 27.000000 1.000000 10000.000000 10000.000000 10000.000000 0.000000
19.000000 28.000000 1.000000 10000.000000 10000.000000 10000.000000 0.000000
19.000000 29.000000 1.000000 10000.000000 10000.000000 10000.000000 0.000000
19.000000 30.000000 1.000000 10000.000000 10000.000000 10000.000000 0.000000
19.000000 31.000000 1.000000 10000.000000 10000.000000 10000.000000 0.000000
19.000000 32.000000 1.000000 10000.000000 10000.000000 10000.000000 0.000000
19.000000 33.000000 1.000000 10000.000000 10000.000000 10000.000000 0.000000
19.000000 34.000000 1.000000 10000.000000 10000.000000 10000.000000 0.000000
19.000000 35.000000 1.000000 10000.000000 10000.000000 10000.000000 0.000000
19.000000 36.000000 1.000000 10000.000000 10000.000000 10000.000000 0.000000
19.000000 37.000000 1.000000 10000.000000 10000.000000 10000.000000 0.000000
19.000000 38.000000 1.000000 10000.000000 10000.000000 10000.000000 0.000000
19.000000 39.000000 1.000000 10000.000000 10000.000000 10000.000000 0.000000
19.000000 40.000000 1.000000 10000.000000 10000.000000 10000.000000 0.000000
19.000000 41.000000 1.000000 10000.000000 10000.000000 10000.000000 0.000000
19.000000 42.000000 1.000000 10000.000000 10000.000000 10000.000000 0.000000
19.000000 43.000000 1.000000 10000.000000 10000.000000 10000.000000 0.000000
19.000000 44.000000 1.000000 10000.000000 10000.000000 10000.000000 0.000000
19.000000 45.000000 1.000000 10000.000000 10000.000000 10000.000000 0.000000
19.000000 46.000000 1.000000 10000.000000 10000.000000 10000.000000 0.000000
19.000000 47.000000 1.000000 10000.000000 10000.000000 10000.000000 0.000000
19.000000 48.000000 1.000000 10000.000000 10000.000000 10000.000000 0.000000
19.000000 49.000000 1.000000 10000.000000 10000.000000 10000.000000 0.000000
20.000000 0.000000 1.000000 10000.000000 10000.000000 10000.000000 0.000000
20.000000 1.000000 1.000000 10000.000000 10000.000000 10000.000000 0.000000
20.000000 2.000000 1.000000 9997.000000 10000.000000 9997.000000 0.000000
20.000000 3.000000 1.000000 9964.000000 10000.000000 9964.000000 0.000000
20.000000 4.000000 9598.000000 0.000000 10000.000000 9598.000000 9598.000000
20.000000 5.000000 6825.000000 0.000000 10000.000000 6825.000000 6825.000000
20.000000 6.000000 5094.000000 0.000000 10000.000000 5094.000000 5094.000000
20.000000 7.000000 4302.000000 0.000000 10000.000000 4302.000000 4302.000000
20.000000 8.000000 1.000000 21.000000 4032.000000 4067.000000 0.000000
20.000000 9.000000 1.000000 297.000000 889.000000 4304.000000 0.000000
20.000000 10.000000 1.000000 838.000000 889.000000 6958.000000 0.000000
20.000000 11.000000 1.000000 2480.000000 2505.000000 8757.000000 0.000000
20.000000 12.000000 1.000000 4590.000000 4611.000000 9617.000000 0.000000
20.000000 13.000000 1.000000 5598.000000 5608.000000 9886.000000 0.000000
20.000000 14.000000 1.000000 7142.000000 7173.000000 9941.000000 0.000000
20.000000 15.000000 1.000000 9962.000000 10000.000000 9962.000000 0.000000
20.000000 16.000000 1.000000 9970.000000 10000.000000 9970.000000 0.000000
20.000000 17.000000 1.000000 9978.000000 10000.000000 9978.000000 0.000000
20.000000 18.000000 1.000000 9990.000000 10000.000000 9990.000000 0.000000
20.000000 19.000000 1.000000 9990.000000 10000.000000 9990.000000 0.000000
20.000000 20.000000 1.000000 9994.000000 10000.000000 9994.000000 0.000000
20.000000 21.000000 1.000000 9995.000000 10000.000000 9995.000000 0.000000
20.000000 22.000000 1.000000 9996.000000 10000.000000 9996.000000 0.000000
20.000000 23.000000 1.000000 9999.000000 10000.000000 9999.000000 0.000000
20.000000 24.000000 1.000000 10000.000000 10000.000000 10000.000000 0.000000
20.000000 25.000000 1.000000 10000.000000 10000.000000 10000.000000 0.000000
20.000000 26.000000 1.000000 10000.000000 10000.000000 10000.000000 0.000000
20.000000 27.000000 1.000000 10000.000000 10000.000000 10000.000000 0.000000
20.000000 28.000000 1.000000 10000.000000 10000.000000 10000.000000 0.000000
20.000000 29.000000 1.000000 10000.000000 10000.000000 10000.000000 0.000000
20.000000 30.000000 1.000000 10000.000000 10000.000000 10000.000000 0.000000
20.000000 31.000000 1.000000 10000.000000 10000.000000 10000.000000 0.000000
20.000000 32.000000 1.000000 10000.000000 10000.000000 10000.000000 0.000000
20.000000 33.000000 1.000000 10000.000000 10000.000000 10000.000000 0.000000
20.000000 34.000000 1.000000 10000.000000 10000.000000 10000.000000 0.000000
20.000000 35.000000 1.000000 10000.000000 10000.000000 10000.000000 0.000000
20.000000 36.000000 1.000000 10000.000000 10000.000000 10000.000000 0.000000
20.000000 37.000000 1.000000 10000.000000 10000.000000 10000.000000 0.000000
20.000000 38.000000 1.000000 10000.000000 10000.000000 10000.000000 0.000000
20.000000 39.000000 1.000000 10000.000000 10000.000000 10000.000000 0.000000
20.000000 40.000000 1.000000 10000.000000 10000.000000 10000.000000 0.000000
20.000000 41.000000 1.000000 10000.000000 10000.000000 10000.000000 0.000000
20.000000 42.000000 1.000000 10000.000000 10000.000000 10000.000000 0.000000
20.000000 43.000000 1.000000 10000.000000 10000.000000 10000.000000 0.000000
20.000000 44.000000 1.000000 10000.000000 10000.000000 10000.000000 0.000000
20.000000 45.000000 1.000000 10000.000000 10000.000000 10000.000000 0.000000
20.000000 46.000000 1.000000 10000.000000 10000.000000 10000.000000 0.000000
20.000000 47.000000 1.000000 10000.000000 10000.000000 10000.000000 0.000000
20.000000 48.000000 1.000000 10000.000000 10000.000000 10000.000000 0.000000
20.000000 49.000000 1.000000 10000.000000 10000.000000 10000.000000 0.000000
21.000000 0.000000 1.000000 10000.000000 10000.000000 10000.000000 0.000000
21.000000 1.000000 1.000000 10000.000000 10000.000000 10000.000000 0.000000
21.000000 2.000000 1.000000 10000.000000 10000.000000 10000.000000 0.000000
21.000000 3.000000 1.000000 9998.000000 10000.000000 9998.000000 0.000000
21.000000 4.000000 1.000000 9997.000000 10000.000000 9997.000000 0.000000
21.000000 5.000000 1.000000 9990.000000 10000.000000 9990.000000 0.000000
21.000000 6.000000 1.000000 9980.000000 10000.000000 9980.000000 0.000000
21.000000 7.000000 1.000000 9951.000000 10000.000000 9951.000000 0.000000
21.000000 8.000000 9722.000000 0.000000 10000.000000 9722.000000 9722.000000
21.000000 9.000000 7468.000000 0.000000 10000.000000 7468.000000 7468.000000
21.000000 10.000000 5926.000000 0.000000 10000.000000 5926.000000 5926.000000
21.000000 11.000000 3305.000000 3215.000000 10000.000000 5227.000000 2012.000000
21.000000 12.000000 2.000000 26.000000 651.000000 5081.000000 0.000000
21.000000 13.000000 1.000000 192.000000 651.000000 5172.000000 0.000000
21.000000 14.000000 1.000000 621.000000 651.000000 7305.000000 0.000000
21.000000 15.000000 1.000000 2008.000000 2030.000000 8868.000000 0.000000
21.000000 16.000000 1.000000 3792.000000 3811.000000 9587.000000 0.000000
21.000000 17.000000 1.000000 5377.000000 5450.000000 9766.000000 0.000000
21.000000 18.000000 1.000000 8549.000000 8679.000000 9827.000000 0.000000
21.000000 19.000000 1.000000 9864.000000 10000.000000 9864.000000 0.000000
21.000000 20.000000 1.000000 9892.000000 10000.000000 9892.000000 0.000000
21.000000 21.000000 1.000000 9925.000000 10000.000000 9925.000000 0.000000
21.000000 22.000000 1.000000 9946.000000 10000.000000 9946.000000 0.000000
21.000000 23.000000 1.000000 9968.000000 10000.000000 9968.000000 0.000000
21.000000 24.000000 1.000000 9979.000000 10000.000000 9979.000000 0.000000
21.000000 25.000000 1.000000 9985.000000 10000.000000 9985.000000 0.000000
21.000000 26.000000 1.000000 9989.000000 10000.000000 9989.000000 0.000000
21.000000 27.000000 1.000000 9987.000000 10000.000000 9987.000000 0.000000
21.000000 28.000000 1.000000 9987.000000 10000.000000 9987.000000 0.000000
21.000000 29.000000 1.000000 9991.000000 10000.000000 9991.000000 0.000000
21.000000 30.000000 1.000000 9993.000000 10000.000000 9993.000000 0.000000
21.000000 31.000000 1.000000 9995.000000 10000.000000 9995.000000 0.000000
21.000000 32.000000 1.000000 9998.000000 10000.000000 9998.000000 0.000000
21.000000 33.000000 1.000000 9999.000000 10000.000000 9999.000000 0.000000
21.000000 34.000000 1.000000 10000.000000 10000.000000 10000.000000 0.000000
21.000000 35.000000 1.000000 10000.000000 10000.000000 10000.000000 0.000000
21.000000 36.000000 1.000000 10000.000000 10000.000000 10000.000000 0.000000
21.000000 37.000000 1.000000 10000.000000 10000.000000 10000.000000 0.000000
21.000000 38.000000 1.000000 10000.000000 10000.000000 10000.000000 0.000000
21.000000 39.000000 1.000000 10000.000000 10000.000000 10000.000000 0.000000
21.000000 40.000000 1.000000 10000.000000 10000.000000 10000.000000 0.000000
21.000000 41.000000 1.000000 10000.000000 10000.000000 10000.000000 0.000000
21.000000 42.000000 1.000000 10000.000000 10000.000000 10000.000000 0.000000
21.000000 43.000000 1.000000 10000.000000 10000.000000 10000.000000 0.000000
21.000000 44.000000 1.000000 10000.000000 10000.000000 10000.000000 0.000000
21.000000 45.000000 1.000000 10000.000000 10000.000000 10000.000000 0.000000
21.000000 46.000000 1.000000 10000.000000 10000.000000 10000.000000 0.000000
21.000000 47.000000 1.000000 10000.000000 10000.000000 10000.000000 0.000000
21.000000 48.000000 1.000000 10000.000000 10000.000000 10000.000000 0.000000
21.000000 49.000000 1.000000 10000.000000 10000.000000 10000.000000 0.000000
22.000000 0.000000 1.000000 10000.000000 10000.000000 10000.000000 0.000000
22.000000 1.000000 1.000000 10000.000000 10000.000000 10000.000000 0.000000
22.000000 2.000000 1.000000 9999.000000 10000.000000 9999.000000 0.000000
22.000000 3.000000 1.000000 9999.000000 10000.000000 9999.000000 0.000000
22.000000 4.000000 1.000000 9999.000000 10000.000000 9999.000000 0.000000
22.000000 5.000000 1.000000 9999.000000 10000.000000 9999.000000 0.000000
22.000000 6.000000 1.000000 9999.000000 10000.000000 9999.000000 0.000000
22.000000 7.000000 1.000000 10000.000000 10000.000000 10000.000000 0.000000
22.000000 8.000000 1.000000 10000.000000 10000.000000 10000.000000 0.000000
22.000000 9.000000 1.000000 10000.000000 10000.000000 10000.000000 0.000000
22.000000 10.000000 1.000000 10000.000000 10000.000000 10000.000000 0.000000
22.000000 11.000000 1.000000 10000.000000 10000.000000 10000.000000 0.000000
22.000000 12.000000 1.000000 10000.000000 10000.000000 10000.000000 0.000000
22.000000 13.000000 1.000000 10000.000000 10000.000000 10000.000000 0.000000
22.000000 14.000000 1.000000 10000.000000 10000.000000 10000.000000 0.000000
22.000000 15.000000 1.000000 10000.000000 10000.000000 10000.000000 0.000000
22.000000 16.000000 1.000000 10000.000000 10000.000000 10000.000000 0.000000
22.000000 17.000000 1.000000 10000.000000 10000.000000 10000.000000 0.000000
22.000000 18.000000 1.000000 10000.000000 10000.000000 10000.000000 0.000000
22.000000 19.000000 1.000000 10000.000000 10000.000000 10000.000000 0.000000
22.000000 20.000000 1.000000 10000.000000 10000.000000 10000.000000 0.000000
22.000000 21.000000 1.000000 10000.000000 10000.000000 10000.000000 0.000000
22.000000 22.000000 1.000000 10000.000000 10000.000000 10000.000000 0.000000
22.000000 23.000000 1.000000 10000.000000 10000.000000 10000.000000 0.000000
22.000000 24.000000 1.000000 10000.000000 10000.000000 10000.000000 0.000000
22.000000 25.000000 1.000000 10000.000000 10000.000000 10000.000000 0.000000
22.000000 26.000000 1.000000 10000.000000 10000.000000 10000.000000 0.000000
22.000000 27.000000 1.000000 10000.000000 10000.000000 10000.000000 0.000000
22.000000 28.000000 1.000000 10000.000000 10000.000000 10000.000000 0.000000
22.000000 29.000000 1.000000 10000.000000 10000.000000 10000.000000 0.000000
22.000000 30.000000 1.000000 10000.000000 10000.000000 10000.000000 0.000000
22.000000 31.000000 1.000000 10000.000000 10000.000000 10000.000000 0.000000
22.000000 32.000000 1.000000 10000.000000 10000.000000 10000.000000 0.000000
22.000000 33.000000 1.000000 10000.000000 10000.000000 10000.000000 0.000000
22.000000 34.000000 1.000000 10000.000000 10000.000000 10000.000000 0.000000
22.000000 35.000000 1.000000 10000.000000 10000.000000 10000.000000 0.000000
22.000000 36.000000 1.000000 10000.000000 10000.000000 10000.000000 0.000000
22.000000 37.000000 1.000000 10000.000000 10000.000000 10000.000000 0.000000
22.000000 38.000000 1.000000 10000.000000 10000.000000 10000.000000 0.000000
22.000000 39.000000 1.000000 10000.000000 10000.000000 10000.000000 0.000000
22.000000 40.000000 1.000000 10000.000000 10000.000000 10000.000000 0.000000
22.000000 41.000000 1.000000 10000.000000 10000.000000 10000.000000 0.000000
22.000000 42.000000 1.000000 10000.000000 10000.000000 10000.000000 0.000000
22.000000 43.000000 1.000000 10000.000000 10000.000000 10000.000000 0.000000
22.000000 44.000000 1.000000 10000.000000 10000.000000 10000.000000 0.000000
22.000000 45.000000 1.000000 10000.000000 10000.000000 10000.000000 0.000000
22.000000 46.000000 1.000000 10000.000000 10000.000000 10000.000000 0.000000
22.000000 47.000000 1.000000 10000.000000 10000.000000 10000.000000 0.000000
22.000000 48.000000 1.000000 10000.000000 10000.000000 10000.000000 0.000000
22.000000 49.000000 1.000000 10000.000000 10000.000000 10000.000000 0.000000
23.000000 0.000000 1.000000 10000.000000 10000.000000 10000.000000 0.000000
23.000000 1.000000 1.000000 10000.000000 10000.000000 10000.000000 0.000000
23.000000 2.000000 1.000000 10000.000000 10000.000000 10000.000000 0.000000
23.000000 3.000000 1.000000 9999.000000 10000.000000 9999.000000 0.000000
23.000000 4.000000 1.000000 9999.000000 10000.000000 9999.000000 0.000000
23.000000 5.000000 1.000000 9999.000000 10000.000000 9999.000000 0.000000
23.000000 6.000000 1.000000 9999.000000 10000.000000 9999.000000 0.000000
23.000000 7.000000 1.000000 9999.000000 10000.000000 9999.000000 0.000000
23.000000 8.000000 1.000000 9999.000000 10000.000000 9999.000000 0.000000
23.000000 9.000000 1.000000 10000.000000 10000.000000 10000.000000 0.000000
23.000000 10.000000 1.000000 10000.000000 10000.000000 10000.000000 0.000000
23.000000 11.000000 1.000000 10000.000000 10000.000000 10000.000000 0.000000
23.000000 12.000000 1.000000 10000.000000 10000.000000 10000.000000 0.000000
23.000000 13.000000 1.000000 10000.000000 10000.000000 10000.000000 0.000000
23.000000 14.000000 1.000000 10000.000000 10000.000000 10000.000000 0.000000
23.000000 15.000000 1.000000 10000.000000 10000.000000 10000.000000 0.000000
23.000000 16.000000 1.000000 10000.000000 10000.000000 10000.000000 0.000000
23.000000 17.000000 1.000000 10000.000000 10000.000000 10000.000000 0.000000
23.000000 18.000000 1.000000 10000.000000 10000.000000 10000.000000 0.000000
23.000000 19.000000 1.000000 10000.000000 10000.000000 10000.000000 0.000000
23.000000 20.000000 1.000000 10000.000000 10000.000000 10000.000000 0.000000
23.000000 21.000000 1.000000 10000.000000 10000.000000 10000.000000 0.000000
23.000000 22.000000 1.000000 10000.000000 10000.000000 10000.000000 0.000000
23.000000 23.000000 1.000000 10000.000000 10000.000000 10000.000000 0.000000
23.000000 24.000000 1.000000 10000.000000 10000.000000 10000.000000 0.000000
23.000000 25.000000 1.000000 10000.000000 10000.000000 10000.000000 0.000000
23.000000 26.000000 1.000000 10000.000000 10000.000000 10000.000000 0.000000
23.000000 27.000000 1.000000 10000.000000 10000.000000 10000.000000 0.000000
23.000000 28.000000 1.000000 10000.000000 10000.000000 10000.000000 0.000000
23.000000 29.000000 1.000000 10000.000000 10000.000000 10000.000000 0.000000
23.000000 30.000000 1.000000 10000.000000 10000.000000 10000.000000 0.000000
23.000000 31.000000 1.000000 10000.000000 10000.000000 10000.000000 0.000000
23.000000 32.000000 1.000000 10000.000000 10000.000000 10000.000000 0.000000
23.000000 33.000000 1.000000 10000.000000 10000.000000 10000.000000 0.000000
23.000000 34.000000 1.000000 10000.000000 10000.000000 10000.000000 0.000000
23.000000 35.000000 1.000000 10000.000000 10000.000000 10000.000000 0.000000
23.000000 36.000000 1.000000 10000.000000 10000.000000 10000.000000 0.000000
23.000000 37.000000 1.000000 10000.000000 10000.000000 10000.000000 0.000000
23.000000 38.000000 1.000000 10000.000000 10000.000000 10000.000000 0.000000
23.000000 39.000000 1.000000 10000.000000 10000.000000 10000.000000 0.000000
23.000000 40.000000 1.000000 10000.000000 10000.000000 10000.000000 0.000000
23.000000 41.000000 1.000000 10000.000000 10000.000000 10000.000000 0.000000
23.000000 42.000000 1.000000 10000.000000 10000.000000 10000.000000 0.000000
23.000000 43.000000 1.000000 10000.000000 10000.000000 10000.000000 0.000000
23.000000 44.000000 1.000000 10000.000000 10000.000000 10000.000000 0.000000
23.000000 45.000000 1.000000 10000.000000 10000.000000 10000.000000 0.000000
23.000000 46.000000 1.000000 10000.000000 10000.000000 10000.000000 0.000000
23.000000 47.000000 1.000000 10000.000000 10000.000000 10000.000000 0.000000
23.000000 48.000000 1.000000 10000.000000 10000.000000 10000.000000 0.000000
23.000000 49.000000 1.000000 10000.000000 10000.000000 10000.000000 0.000000
24.000000 0.000000 1.000000 10000.000000 10000.000000 10000.000000 0.000000
24.000000 1.000000 1.000000 10000.000000 10000.000000 10000.000000 0.000000
24.000000 2.000000 1.000000 10000.000000 10000.000000 10000.000000 0.000000
24.000000 3.000000 1.000000 10000.000000 10000.000000 10000.000000 0.000000
24.000000 4.000000 1.000000 10000.000000 10000.000000 10000.000000 0.000000
24.000000 5.000000 1.000000 10000.000000 10000.000000 10000.000000 0.000000
24.000000 6.000000 1.000000 10000.000000 10000.000000 10000.000000 0.000000
24.000000 7.000000 1.000000 10000.000000 10000.000000 10000.000000 0.000000
24.000000 8.000000 1.000000 10000.000000 10000.000000 10000.000000 0.000000
24.000000 9.000000 1.000000 10000.000000 10000.000000 10000.000000 0.000000
24.000000 10.000000 1.000000 10000.000000 10000.000000 10000.000000 0.000000
24.000000 11.000000 1.000000 10000.000000 10000.000000 10000.000000 0.000000
24.000000 12.000000 1.000000 10000.000000 10000.000000 10000.000000 0.000000
24.000000 13.000000 1.000000 10000.000000 10000.000000 10000.000000 0.000000
24.000000 14.000000 1.000000 10000.000000 10000.000000 10000.000000 0.000000
24.000000 15.000000 1.000000 10000.000000 10000.000000 10000.000000 0.000000
24.000000 16.000000 1.000000 10000.000000 10000.000000 10000.000000 0.000000
24.000000 17.000000 1.000000 10000.000000 10000.000000 10000.000000 0.000000
24.000000 18.000000 1.000000 10000.000000 10000.000000 10000.000000 0.000000
24.000000 19.000000 1.000000 10000.000000 10000.000000 10000.000000 0.000000
24.000000 20.000000 1.000000 10000.000000 10000.000000 10000.000000 0.000000
24.000000 21.000000 1.000000 10000.000000 10000.000000 10000.000000 0.000000
24.000000 22.000000 1.000000 10000.000000 10000.000000 10000.000000 0.000000
24.000000 23.000000 1.000000 10000.000000 10000.000000 10000.000000 0.000000
24.000000 24.000000 1.000000 10000.000000 10000.000000 10000.000000 0.000000
24.000000 25.000000 1.000000 10000.000000 10000.000000 10000.000000 0.000000
24.000000 26.000000 1.000000 10000.000000 10000.000000 10000.000000 0.000000
24.000000 27.000000 1.000000 10000.000000 10000.000000 10000.000000 0.000000
24.000000 28.000000 1.000000 10000.000000 10000.000000 10000.000000 0.000000
24.000000 29.000000 1.000000 10000.000000 10000.000000 10000.000000 0.000000
24.000000 30.000000 1.000000 10000.000000 10000.000000 10000.000000 0.000000
24.000000 31.000000 1.000000 10000.000000 10000.000000 10000.000000 0.000000
24.000000 32.000000 1.000000 10000.000000 10000.000000 10000.000000 0.000000
24.000000 33.000000 1.000000 10000.000000 10000.000000 10000.000000 0.000000
24.000000 34.000000 1.000000 10000.000000 10000.000000 10000.000000 0.000000
24.000000 35.000000 1.000000 10000.000000 10000.000000 10000.000000 0.000000
24.000000 36.000000 1.000000 10000.000000 10000.000000 10000.000000 0.000000
24.000000 37.000000 1.000000 10000.000000 10000.000000 10000.000000 0.000000
24.000000 38.000000 1.000000 10000.000000 10000.000000 10000.000000 0.000000
24.000000 39.000000 1.000000 10000.000000 10000.000000 10000.000000 0.000000
24.000000 40.000000 1.000000 10000.000000 10000.000000 10000.000000 0.000000
24.000000 41.000000 1.000000 10000.000000 10000.000000 10000.000000 0.000000
24.000000 42.000000 1.000000 10000.000000 10000.000000 10000.000000 0.000000
24.000000 43.000000 1.000000 10000.000000 10000.000000 10000.000000 0.000000
24.000000 44.000000 1.000000 10000.000000 10000.000000 10000.000000 0.000000
24.000000 45.000000 1.000000 10000.000000 10000.000000 10000.000000 0.000000
24.000000 46.000000 1.000000 10000.000000 10000.000000 10000.000000 0.000000
24.000000 47.000000 1.000000 10000.000000 10000.000000 10000.000000 0.000000
24.000000 48.000000 1.000000 10000.000000 10000.000000 10000.000000 0.000000
24.000000 49.000000 1.000000 10000.000000 10000.000000 10000.000000 0.000000
25.000000 0.000000 1.000000 10000.000000 10000.000000 10000.000000 0.000000
25.000000 1.000000 1.000000 10000.000000 10000.000000 10000.000000 0.000000
25.000000 2.000000 1.000000 9999.000000 10000.000000 9999.000000 0.000000
25.000000 3.000000 1.000000 9999.000000 10000.000000 9999.000000 0.000000
25.000000 4.000000 1.000000 9999.000000 10000.000000 9999.000000 0.000000
25.000000 5.000000 1.000000 9999.000000 10000.000000 9999.000000 0.000000
25.000000 6.000000 1.000000 9999.000000 10000.000000 9999.000000 0.000000
25.000000 7.000000 1.000000 10000.000000 10000.000000 10000.000000 0.000000
25.000000 8.000000 1.000000 10000.000000 10000.000000 10000.000000 0.000000
25.000000 9.000000 1.000000 10000.000000 10000.000000 10000.000000 0.000000
25.000000 10.000000 1.000000 10000.000000 10000.000000 10000.000000 0.000000
25.000000 11.000000 1.000000 10000.000000 10000.000000 10000.000000 0.000000
25.000000 12.000000 1.000000 10000.000000 10000.000000 10000.000000 0.000000
25.000000 13.000000 1.000000 10000.000000 10000.000000 10000.000000 0.000000
25.000000 14.000000 1.000000 10000.000000 10000.000000 10000.000000 0.000000
25.000000 15.000000 1.000000 10000.000000 10000.000000 10000.000000 0.000000
25.000000 16.000000 1.000000 10000.000000 10000.000000 10000.000000 0.000000
25.000000 17.000000 1.000000 10000.000000 10000.000000 10000.000000 0.000000
25.000000 18.000000 1.000000 10000.000000 10000.000000 10000.000000 0.000000
25.000000 19.000000 1.000000 10000.000000 10000.000000 10000.000000 0.000000
25.000000 20.000000 1.000000 10000.000000 10000.000000 10000.000000 0.000000
25.000000 21.000000 1.000000 10000.000000 10000.000000 10000.000000 0.000000
25.000000 22.000000 1.000000 10000.000000 10000.000000 10000.000000 0.000000
25.000000 23.000000 1.000000 10000.000000 10000.000000 10000.000000 0.000000
25.000000 24.000000 1.000000 10000.000000 10000.000000 10000.000000 0.000000
25.000000 25.000000 1.000000 10000.000000 10000.000000 10000.000000 0.000000
25.000000 26.000000 1.000000 10000.000000 10000.000000 10000.000000 0.000000
25.000000 27.000000 1.000000 10000.000000 10000.000000 10000.000000 0.000000
25.000000 28.000000 1.000000 10000.000000 10000.000000 10000.000000 0.000000
25.000000 29.000000 1.000000 10000.000000 10000.000000 10000.000000 0.000000
25.000000 30.000000 1.000000 10000.000000 10000.000000 10000.000000 0.000000
25.000000 31.000000 1.000000 10000.000000 10000.000000 10000.000000 0.000000
25.000000 32.000000 1.000000 10000.000000 10000.000000 10000.000000 0.000000
25.000000 33.000000 1.000000 10000.000000 10000.000000 10000.000000 0.000000
25.000000 34.000000 1.000000 10000.000000 10000.000000 10000.000000 0.000000
25.000000 35.000000 1.000000 10000.000000 10000.000000 10000.000000 0.000000
25.000000 36.000000 1.000000 10000.000000 10000.000000 10000.000000 0.000000
25.000000 37.000000 1.000000 10000.000000 10000.000000 10000.000000 0.000000
25.000000 38.000000 1.000000 10000.000000 10000.000000 10000.000000 0.000000
25.000000 39.000000 1.000000 10000.000000 10000.000000 10000.000000 0.000000
25.000000 40.000000 1.000000 10000.000000 10000.000000 10000.000000 0.000000
25.000000 41.000000 1.000000 10000.000000 10000.000000 10000.000000 0.000000
25.000000 42.000000 1.000000 10000.000000 10000.000000 10000.000000 0.000000
25.000000 43.000000 1.000000 10000.000000 10000.000000 10000.000000 0.000000
25.000000 44.000000 1.000000 10000.000000 10000.000000 10000.000000 0.000000
25.000000 45.000000 1.000000 10000.000000 10000.000000 10000.000000 0.000000
25.000000 46.000000 1.000000 10000.000000 10000.000000 10000.000000 0.000000
25.000000 47.000000 1.000000 10000.000000 10000.000000 10000.000000 0.000000
25.000000 48.000000 1.000000 10000.000000 10000.000000 10000.000000 0.000000
25.000000 49.000000 1.000000 10000.000000 10000.000000 10000.000000 0.000000
26.000000 0.000000 1.000000 10000.000000 10000.000000 10000.000000 0.000000
26.000000 1.000000 1.000000 10000.000000 10000.000000 10000.000000 0.000000
26.000000 2.000000 1.000000 9999.000000 10000.000000 9999.000000 0.000000
26.000000 3.000000 1.000000 9992.000000 10000.000000 9992.000000 0.000000
26.000000 4.000000 3255.000000 8357.000000 10000.000000 9894.000000 1537.000000
26.000000 5.000000 9034.000000 0.000000 10000.000000 9034.000000 9034.000000
26.000000 6.000000 6545.000000 0.000000 10000.000000 6545.000000 6545.000000
26.000000 7.000000 4902.000000 0.000000 10000.000000 4902.000000 4902.000000
26.000000 8.000000 3301.000000 1941.000000 10000.000000 4336.000000 2395.000000
26.000000 9.000000 1.000000 61.000000 1266.000000 4245.000000 0.000000
26.000000 10.000000 1.000000 421.000000 963.000000 4962.000000 0.000000
26.000000 11.000000 1.000000 1213.000000 1266.000000 7401.000000 0.000000
26.000000 12.000000 1.000000 2957.000000 2989.000000 9129.000000 0.000000
26.000000 13.000000 1.000000 4760.000000 4781.000000 9743.000000 0.000000
26.000000 14.000000 1.000000 6027.000000 6055.000000 9909.000000 0.000000
26.000000 15.000000 1.000000 8386.000000 8420.000000 9957.000000 0.000000
26.000000 16.000000 1.000000 9975.000000 10000.000000 9975.000000 0.000000
26.000000 17.000000 1.000000 9986.000000 10000.000000 9986.000000 0.000000
26.000000 18.000000 1.000000 9995.000000 10000.000000 9995.000000 0.000000
26.000000 19.000000 1.000000 10000.000000 10000.000000 10000.000000 0.000000
26.000000 20.000000 1.000000 10000.000000 10000.000000 10000.000000 0.000000
26.000000 21.000000 1.000000 10000.000000 10000.000000 10000.000000 0.000000
26.000000 22.000000 1.000000 10000.000000 10000.000000 10000.000000 0.000000
26.000000 23.000000 1.000000 10000.000000 10000.000000 10000.000000 0.000000
26.000000 24.000000 1.000000 10000.000000 10000.000000 10000.000000 0.000000
26.000000 25.000000 1.000000 10000.000000 10000.000000 10000.000000 0.000000
26.000000 26.000000 1.000000 10000.000000 10000.000000 10000.000000 0.000000
26.000000 27.000000 1.000000 10000.000000 10000.000000 10000.000000 0.000000
26.000000 28.000000 1.000000 10000.000000 10000.000000 10000.000000 0.000000
26.000000 29.000000 1.000000 10000.000000 10000.000000 10000.000000 0.000000
26.000000 30.000000 1.000000 10000.000000 10000.000000 10000.000000 0.000000
26.000000 31.000000 1.000000 10000.000000 10000.000000 10000.000000 0.000000
26.000000 32.000000 1.000000 10000.000000 10000.000000 10000.000000 0.000000
26.000000 33.000000 1.000000 10000.000000 10000.000000 10000.000000 0.000000
26.000000 34.000000 1.000000 10000.000000 10000.000000 10000.000000 0.000000
26.000000 35.000000 1.000000 10000.000000 10000.000000 10000.000000 0.000000
26.000000 36.000000 1.000000 10000.000000 10000.000000 10000.000000 0.000000
26.000000 37.000000 1.000000 10000.000000 10000.000000 10000.000000 0.000000
26.000000 38.000000 1.000000 10000.000000 10000.000000 10000.000000 0.000000
26.000000 39.000000 1.000000 10000.000000 10000.000000 10000.000000 0.000000
26.000000 40.000000 1.000000 10000.000000 10000.000000 10000.000000 0.000000
26.000000 41.000000 1.000000 10000.000000 10000.000000 10000.000000 0.000000
26.000000 42.000000 1.000000 10000.000000 10000.000000 10000.000000 0.000000
26.000000 43.000000 1.000000 10000.000000 10000.000000 10000.000000 0.000000
26.000000 44.000000 1.000000 10000.000000 10000.000000 10000.000000 0.000000
26.000000 45.000000 1.000000 10000.000000 10000.000000 10000.000000 0.000000
26.000000 46.000000 1.000000 10000.000000 10000.000000 10000.000000 0.000000
26.000000 47.000000 1.000000 10000.000000 10000.000000 10000.000000 0.000000
26.000000 48.000000 1.000000 10000.000000 10000.000000 10000.000000 0.000000
26.000000 49.000000 1.000000 10000.000000 10000.000000 10000.000000 0.000000
27.000000 0.000000 1.000000 10000.000000 10000.000000 10000.000000 0.000000
27.000000 1.000000 1.000000 10000.000000 10000.000000 10000.000000 0.000000
27.000000 2.000000 1.000000 9999.000000 10000.000000 9999.000000 0.000000
27.000000 3.000000 1.000000 9994.000000 10000.000000 9994.000000 0.000000
27.000000 4.000000 1.000000 9971.000000 10000.000000 9971.000000 0.000000
27.000000 5.000000 9780.000000 0.000000 10000.000000 9780.000000 9780.000000
27.000000 6.000000 7957.000000 0.000000 10000.000000 7957.000000 7957.000000
27.000000 7.000000 6573.000000 0.000000 10000.000000 6573.000000 6573.000000
27.000000 8.000000 4375.000000 2574.000000 10000.000000 5808.000000 3234.000000
27.000000 9.000000 4.000000 15.000000 3194.000000 5520.000000 1.000000
27.000000 10.000000 136.000000 82.000000 1746.000000 5573.000000 80.000000
27.000000 11.000000 1.000000 413.000000 437.000000 7305.000000 0.000000
27.000000 12.000000 1.000000 2180.000000 2217.000000 8645.000000 0.000000
27.000000 13.000000 1.000000 3099.000000 3113.000000 9410.000000 0.000000
27.000000 14.000000 1.000000 4610.000000 4665.000000 9703.000000 0.000000
27.000000 15.000000 1.000000 7628.000000 7788.000000 9770.000000 0.000000
27.000000 16.000000 1.000000 9743.000000 9920.000000 9823.000000 0.000000
27.000000 17.000000 1.000000 9807.000000 9948.000000 9859.000000 0.000000
27.000000 18.000000 1.000000 9908.000000 10000.000000 9908.000000 0.000000
27.000000 19.000000 1.000000 9938.000000 10000.000000 9938.000000 0.000000
27.000000 20.000000 1.000000 9959.000000 10000.000000 9959.000000 0.000000
27.000000 21.000000 1.000000 9972.000000 10000.000000 9972.000000 0.000000
27.000000 22.000000 1.000000 9979.000000 10000.000000 9979.000000 0.000000
27.000000 23.000000 1.000000 9986.000000 10000.000000 9986.000000 0.000000
27.000000 24.000000 1.000000 9995.000000 10000.000000 9995.000000 0.000000
27.000000 25.000000 1.000000 9998.000000 10000.000000 9998.000000 0.000000
27.000000 26.000000 1.000000 9999.000000 10000.000000 9999.000000 0.000000
27.000000 27.000000 1.000000 10000.000000 10000.000000 10000.000000 0.000000
27.000000 28.000000 1.000000 10000.000000 10000.000000 10000.000000 0.000000
27.000000 29.000000 1.000000 10000.000000 10000.000000 10000.000000 0.000000
27.000000 30.000000 1.000000 10000.000000 10000.000000 10000.000000 0.000000
27.000000 31.000000 1.000000 10000.000000 10000.000000 10000.000000 0.000000
27.000000 32.000000 1.000000 10000.000000 10000.000000 10000.000000 0.000000
27.000000 33.000000 1.000000 10000.000000 10000.000000 10000.000000 0.000000
27.000000 34.000000 1.000000 10000.000000 10000.000000 10000.000000 0.000000
27.000000 35.000000 1.000000 10000.000000 10000.000000 10000.000000 0.000000
27.000000 36.000000 1.000000 10000.000000 10000.000000 10000.000000 0.000000
27.000000 37.000000 1.000000 10000.000000 10000.000000 10000.000000 0.000000
27.000000 38.000000 1.000000 10000.000000 10000.000000 10000.000000 0.000000
27.000000 39.000000 1.000000 10000.000000 10000.000000 10000.000000 0.000000
27.000000 40.000000 1.000000 10000.000000 10000.000000 10000.000000 0.000000
27.000000 41.000000 1.000000 10000.000000 10000.000000 10000.000000 0.000000
27.000000 42.000000 1.000000 10000.000000 10000.000000 10000.000000 0.000000
27.000000 43.000000 1.000000 10000.000000 10000.000000 10000.000000 0.000000
27.000000 44.000000 1.000000 10000.000000 10000.000000 10000.000000 0.000000
27.000000 45.000000 1.000000 10000.000000 10000.000000 10000.000000 0.000000
27.000000 46.000000 1.000000 10000.000000 10000.000000 10000.000000 0.000000
27.000000 47.000000 1.000000 10000.000000 10000.000000 10000.000000 0.000000
27.000000 48.000000 1.000000 10000.000000 10000.000000 10000.000000 0.000000
27.000000 49.000000 1.000000 10000.000000 10000.000000 10000.000000 0.000000
28.000000 0.000000 1.000000 10000.000000 10000.000000 10000.000000 0.000000
28.000000 1.000000 1.000000 10000.000000 10000.000000 10000.000000 0.000000
28.000000 2.000000 1.000000 10000.000000 10000.000000 10000.000000 0.000000
28.000000 3.000000 1.000000 10000.000000 10000.000000 10000.000000 0.000000
28.000000 4.000000 1.000000 10000.000000 10000.000000 10000.000000 0.000000
28.000000 5.000000 1.000000 10000.000000 10000.000000 10000.000000 0.000000
28.000000 6.000000 1.000000 10000.000000 10000.000000 10000.000000 0.000000
28.000000 7.000000 1.000000 10000.000000 10000.000000 10000.000000 0.000000
28.000000 8.000000 1.000000 10000.000000 10000.000000 10000.000000 0.000000
28.000000 9.000000 1.000000 10000.000000 10000.000000 10000.000000 0.000000
28.000000 10.000000 1.000000 10000.000000 10000.000000 10000.000000 0.000000
28.000000 11.000000 1.000000 10000.000000 10000.000000 10000.000000 0.000000
28.000000 12.000000 1.000000 10000.000000 10000.000000 10000.000000 0.000000
28.000000 13.000000 1.000000 10000.000000 10000.000000 10000.000000 0.000000
28.000000 14.000000 1.000000 10000.000000 10000.000000 10000.000000 0.000000
28.000000 15.000000 1.000000 10000.000000 10000.000000 10000.000000 0.000000
28.000000 16.000000 1.000000 10000.000000 10000.000000 10000.000000 0.000000
28.000000 17.000000 1.000000 10000.000000 10000.000000 10000.000000 0.000000
28.000000 18.000000 1.000000 10000.000000 10000.000000 10000.000000 0.000000
28.000000 19.000000 1.000000 10000.000000 10000.000000 10000.000000 0.000000
28.000000 20.000000 1.000000 10000.000000 10000.000000 10000.000000 0.000000
28.000000 21.000000 1.000000 10000.000000 10000.000000 10000.000000 0.000000
28.000000 22.000000 1.000000 10000.000000 10000.000000 10000.000000 0.000000
28.000000 23.000000 1.000000 10000.000000 10000.000000 10000.000000 0.000000
28.000000 24.000000 1.000000 10000.000000 10000.000000 10000.000000 0.000000
28.000000 25.000000 1.000000 10000.000000 10000.000000 10000.000000 0.000000
28.000000 26.000000 1.000000 10000.000000 10000.000000 10000.000000 0.000000
28.000000 27.000000 1.000000 10000.000000 10000.000000 10000.000000 0.000000
28.000000 28.000000 1.000000 10000.000000 10000.000000 10000.000000 0.000000
28.000000 29.000000 1.000000 10000.000000 10000.000000 10000.000000 0.000000
28.000000 30.000000 1.000000 10000.000000 10000.000000 10000.000000 0.000000
28.000000 31.000000 1.000000 10000.000000 10000.000000 10000.000000 0.000000
28.000000 32.000000 1.000000 10000.000000 10000.000000 10000.000000 0.000000
28.000000 33.000000 1.000000 10000.000000 10000.000000 10000.000000 0.000000
28.000000 34.000000 1.000000 10000.000000 10000.000000 10000.000000 0.000000
28.000000 35.000000 1.000000 10000.000000 10000.000000 10000.000000 0.000000
28.000000 36.000000 1.000000 10000.000000 10000.000000 10000.000000 0.000000
28.000000 37.000000 1.000000 10000.000000 10000.000000 10000.000000 0.000000
28.000000 38.000000 1.000000 10000.000000 10000.000000 10000.000000 0.000000
28.000000 39.000000 1.000000 10000.000000 10000.000000 10000.000000 0.000000
28.000000 40.000000 1.000000 10000.000000 10000.000000 10000.000000 0.000000
28.000000 41.000000 1.000000 10000.000000 10000.000000 10000.000000 0.000000
28.000000 42.000000 1.000000 10000.000000 10000.000000 10000.000000 0.000000
28.000000 43.000000 1.000000 10000.000000 10000.000000 10000.000000 0.000000
28.000000 44.000000 1.000000 10000.000000 10000.000000 10000.000000 0.000000
28.000000 45.000000 1.000000 10000.000000 10000.000000 10000.000000 0.000000
28.000000 46.000000 1.000000 10000.000000 10000.000000 10000.000000 0.000000
28.000000 47.000000 1.000000 10000.000000 10000.000000 10000.000000 0.000000
28.000000 48.000000 1.000000 10000.000000 10000.000000 10000.000000 0.000000
28.000000 49.000000 1.000000 10000.000000 10000.000000 10000.000000 0.000000
29.000000 0.000000 1.000000 10000.000000 10000.000000 10000.000000 0.000000
29.000000 1.000000 1.000000 10000.000000 10000.000000 10000.000000 0.000000
29.000000 2.000000 1.000000 10000.000000 10000.000000 10000.000000 0.000000
29.000000 3.000000 1.000000 9999.000000 10000.000000 9999.000000 0.000000
29.000000 4.000000 1.000000 9999.000000 10000.000000 9999.000000 0.000000
29.000000 5.000000 1.000000 9999.000000 10000.000000 9999.000000 0.000000
29.000000 6.000000 1.000000 9999.000000 10000.000000 9999.000000 0.000000
29.000000 7.000000 1.000000 9999.000000 10000.000000 9999.000000 0.000000
29.000000 8.000000 1.000000 10000.000000 10000.000000 10000.000000 0.000000
29.000000 9.000000 1.000000 10000.000000 10000.000000 10000.000000 0.000000
29.000000 10.000000 1.000000 10000.000000 10000.000000 10000.000000 0.000000
29.000000 11.000000 1.000000 10000.000000 10000.000000 10000.000000 0.000000
29.000000 12.000000 1.000000 10000.000000 10000.000000 10000.000000 0.000000
29.000000 13.000000 1.000000 10000.000000 10000.000000 10000.000000 0.000000
29.000000 14.000000 1.000000 10000.000000 10000.000000 10000.000000 0.000000
29.000000 15.000000 1.000000 10000.000000 10000.000000 10000.000000 0.000000
29.000000 16.000000 1.000000 10000.000000 10000.000000 10000.000000 0.000000
29.000000 17.000000 1.000000 10000.000000 10000.000000 10000.000000 0.000000
29.000000 18.000000 1.000000 10000.000000 10000.000000 10000.000000 0.000000
29.000000 19.000000 1.000000 10000.000000 10000.000000 10000.000000 0.000000
29.000000 20.000000 1.000000 10000.000000 10000.000000 10000.000000 0.000000
29.000000 21.000000 1.000000 10000.000000 10000.000000 10000.000000 0.000000
29.000000 22.000000 1.000000 10000.000000 10000.000000 10000.000000 0.000000
29.000000 23.000000 1.000000 10000.000000 10000.000000 10000.000000 0.000000
29.000000 24.000000 1.000000 10000.000000 10000.000000 10000.000000 0.000000
29.000000 25.000000 1.000000 10000.000000 10000.000000 10000.000000 0.000000
29.000000 26.000000 1.000000 10000.000000 10000.000000 10000.000000 0.000000
29.000000 27.000000 1.000000 10000.000000 10000.000000 10000.000000 0.000000
29.000000 28.000000 1.000000 10000.000000 10000.000000 10000.000000 0.000000
29.000000 29.000000 1.000000 10000.000000 10000.000000 10000.000000 0.000000
29.000000 30.000000 1.000000 10000.000000 10000.000000 10000.000000 0.000000
29.000000 31.000000 1.000000 10000.000000 10000.000000 10000.000000 0.000000
29.000000 32.000000 1.000000 10000.000000 10000.000000 10000.000000 0.000000
29.000000 33.000000 1.000000 10000.000000 10000.000000 10000.000000 0.000000
29.000000 34.000000 1.000000 10000.000000 10000.000000 10000.000000 0.000000
29.000000 35.000000 1.000000 10000.000000 10000.000000 10000.000000 0.000000
29.000000 36.000000 1.000000 10000.000000 10000.000000 10000.000000 0.000000
29.000000 37.000000 1.000000 10000.000000 10000.000000 10000.000000 0.000000
29.000000 38.000000 1.000000 10000.000000 10000.000000 10000.000000 0.000000
29.000000 39.000000 1.000000 10000.000000 10000.000000 10000.000000 0.000000
29.000000 40.000000 1.000000 10000.000000 10000.000000 10000.000000 0.000000
29.000000 41.000000 1.000000 10000.000000 10000.000000 10000.000000 0.000000
29.000000 42.000000 1.000000 10000.000000 10000.000000 10000.000000 0.000000
29.000000 43.000000 1.000000 10000.000000 10000.000000 10000.000000 0.000000
29.000000 44.000000 1.000000 10000.000000 10000.000000 10000.000000 0.000000
29.000000 45.000000 1.000000 10000.000000 10000.000000 10000.000000 0.000000
29.000000 46.000000 1.000000 10000.000000 10000.000000 10000.000000 0.000000
29.000000 47.000000 1.000000 10000.000000 10000.000000 10000.000000 0.000000
29.000000 48.000000 1.000000 10000.000000 10000.000000 10000.000000 0.000000
29.000000 49.000000 1.000000 10000.000000 10000.000000 10000.000000 0.000000
30.000000 0.000000 1.000000 10000.000000 10000.000000 10000.000000 0.000000
30.000000 1.000000 1.000000 10000.000000 10000.000000 10000.000000 0.000000
30.000000 2.000000 1.000000 9999.000000 10000.000000 9999.000000 0.000000
30.000000 3.000000 1.000000 9999.000000 10000.000000 9999.000000 0.000000
30.000000 4.000000 1.000000 9999.000000 10000.000000 9999.000000 0.000000
30.000000 5.000000 1.000000 9999.000000 10000.000000 9999.000000 0.000000
30.000000 6.000000 1.000000 9999.000000 10000.000000 9999.000000 0.000000
30.000000 7.000000 1.000000 10000.000000 10000.000000 10000.000000 0.000000
30.000000 8.000000 1.000000 10000.000000 10000.000000 10000.000000 0.000000
30.000000 9.000000 1.000000 10000.000000 10000.000000 10000.000000 0.000000
30.000000 10.000000 1.000000 10000.000000 10000.000000 10000.000000 0.000000
30.000000 11.000000 1.000000 10000.000000 10000.000000 10000.000000 0.000000
30.000000 12.000000 1.000000 10000.000000 10000.000000 10000.000000 0.000000
30.000000 13.000000 1.000000 10000.000000 10000.000000 10000.000000 0.000000
30.000000 14.000000 1.000000 10000.000000 10000.000000 10000.000000 0.000000
30.000000 15.000000 1.000000 10000.000000 10000.000000 10000.000000 0.000000
30.000000 16.000000 1.000000 10000.000000 10000.000000 10000.000000 0.000000
30.000000 17.000000 1.000000 10000.000000 10000.000000 10000.000000 0.000000
30.000000 18.000000 1.000000 10000.000000 10000.000000 10000.000000 0.000000
30.000000 19.000000 1.000000 10000.000000 10000.000000 10000.000000 0.000000
30.000000 20.000000 1.000000 10000.000000 10000.000000 10000.000000 0.000000
30.000000 21.000000 1.000000 10000.000000 10000.000000 10000.000000 0.000000
30.000000 22.000000 1.000000 10000.000000 10000.000000 10000.000000 0.000000
30.000000 23.000000 1.000000 10000.000000 10000.000000 10000.000000 0.000000
30.000000 24.000000 1.000000 10000.000000 10000.000000 10000.000000 0.000000
30.000000 25.000000 1.000000 10000.000000 10000.000000 10000.000000 0.000000
30.000000 26.000000 1.000000 10000.000000 10000.000000 10000.000000 0.000000
30.000000 27.000000 1.000000 10000.000000 10000.000000 10000.000000 0.000000
30.000000 28.000000 1.000000 10000.000000 10000.000000 10000.000000 0.000000
30.000000 29.000000 1.000000 10000.000000 10000.000000 10000.000000 0.000000
30.000000 30.000000 1.000000 10000.000000 10000.000000 10000.000000 0.000000
30.000000 31.000000 1.000000 10000.000000 10000.000000 10000.000000 0.000000
30.000000 32.000000 1.000000 10000.000000 10000.000000 10000.000000 0.000000
30.000000 33.000000 1.000000 10000.000000 10000.000000 10000.000000 0.000000
30.000000 34.000000 1.000000 10000.000000 10000.000000 10000.000000 0.000000
30.000000 35.000000 1.000000 10000.000000 10000.000000 10000.000000 0.000000
30.000000 36.000000 1.000000 10000.000000 10000.000000 10000.000000 0.000000
30.000000 37.000000 1.000000 10000.000000 10000.000000 10000.000000 0.000000
30.000000 38.000000 1.000000 10000.000000 10000.000000 10000.000000 0.000000
30.000000 39.000000 1.000000 10000.000000 10000.000000 10000.000000 0.000000
30.000000 40.000000 1.000000 10000.000000 10000.000000 10000.000000 0.000000
30.000000 41.000000 1.000000 10000.000000 10000.000000 10000.000000 0.000000
30.000000 42.000000 1.000000 10000.000000 10000.000000 10000.000000 0.000000
30.000000 43.000000 1.000000 10000.000000 10000.000000 10000.000000 0.000000
30.000000 44.000000 1.000000 10000.000000 10000.000000 10000.000000 0.000000
30.000000 45.000000 1.000000 10000.000000 10000.000000 10000.000000 0.000000
30.000000 46.000000 1.000000 10000.000000 10000.000000 10000.000000 0.000000
30.000000 47.000000 1.000000 10000.000000 10000.000000 10000.000000 0.000000
30.000000 48.000000 1.000000 10000.000000 10000.000000 10000.000000 0.000000
30.000000 49.000000 1.000000 10000.000000 10000.000000 10000.000000 0.000000
31.000000 0.000000 1.000000 10000.000000 10000.000000 10000.000000 0.000000
31.000000 1.000000 1.000000 10000.000000 10000.000000 10000.000000 0.000000
31.000000 2.000000 1.000000 9999.000000 10000.000000 9999.000000 0.000000
31.000000 3.000000 1.000000 9999.000000 10000.000000 9999.000000 0.000000
31.000000 4.000000 1.000000 9999.000000 10000.000000 9999.000000 0.000000
31.000000 5.000000 1.000000 9999.000000 10000.000000 9999.000000 0.000000
31.000000 6.000000 1.000000 9999.000000 10000.000000 9999.000000 0.000000
31.000000 7.000000 1.000000 10000.000000 10000.000000 10000.000000 0.000000
31.000000 8.000000 1.000000 10000.000000 10000.000000 10000.000000 0.000000
31.000000 9.000000 1.000000 10000.000000 10000.000000 10000.000000 0.000000
31.000000 10.000000 1.000000 10000.000000 10000.000000 10000.000000 0.000000
31.000000 11.000000 1.000000 10000.000000 10000.000000 10000.000000 0.000000
31.000000 12.000000 1.000000 10000.000000 10000.000000 10000.000000 0.000000
31.000000 13.000000 1.000000 10000.000000 10000.000000 10000.000000 0.000000
31.000000 14.000000 1.000000 10000.000000 10000.000000 10000.000000 0.000000
31.000000 15.000000 1.000000 10000.000000 10000.000000 10000.000000 0.000000
31.000000 16.000000 1.000000 10000.000000 10000.000000 10000.000000 0.000000
31.000000 17.000000 1.000000 10000.000000 10000.000000 10000.000000 0.000000
31.000000 18.000000 1.000000 10000.000000 10000.000000 10000.000000 0.000000
31.000000 19.000000 1.000000 10000.000000 10000.000000 10000.000000 0.000000
31.000000 20.000000 1.000000 10000.000000 10000.000000 10000.000000 0.000000
31.000000 21.000000 1.000000 10000.000000 10000.000000 10000.000000 0.000000
31.000000 22.000000 1.000000 10000.000000 10000.000000 10000.000000 0.000000
31.000000 23.000000 1.000000 10000.000000 10000.000000 10000.000000 0.000000
31.000000 24.000000 1.000000 10000.000000 10000.000000 10000.000000 0.000000
31.000000 25.000000 1.000000 10000.000000 10000.000000 10000.000000 0.000000
31.000000 26.000000 1.000000 10000.000000 10000.000000 10000.000000 0.000000
31.000000 27.000000 1.000000 10000.000000 10000.000000 10000.000000 0.000000
31.000000 28.000000 1.000000 10000.000000 10000.000000 10000.000000 0.000000
31.000000 29.000000 1.000000 10000.000000 10000.000000 10000.000000 0.000000
31.000000 30.000000 1.000000 10000.000000 10000.000000 10000.000000 0.000000
31.000000 31.000000 1.000000 10000.000000 10000.000000 10000.000000 0.000000
31.000000 32.000000 1.000000 10000.000000 10000.000000 10000.000000 0.000000
31.000000 33.000000 1.000000 10000.000000 10000.000000 10000.000000 0.000000
31.000000 34.000000 1.000000 10000.000000 10000.000000 10000.000000 0.000000
31.000000 35.000000 1.000000 10000.000000 10000.000000 10000.000000 0.000000
31.000000 36.000000 1.000000 10000.000000 10000.000000 10000.000000 0.000000
31.000000 37.000000 1.000000 10000.000000 10000.000000 10000.000000 0.000000
31.000000 38.000000 1.000000 10000.000000 10000.000000 10000.000000 0.000000
31.000000 39.000000 1.000000 10000.000000 10000.000000 10000.000000 0.000000
31.000000 40.000000 1.000000 10000.000000 10000.000000 10000.000000 0.000000
31.000000 41.000000 1.000000 10000.000000 10000.000000 10000.000000 0.000000
31.000000 42.000000 1.000000 10000.000000 10000.000000 10000.000000 0.000000
31.000000 43.000000 1.000000 10000.000000 10000.000000 10000.000000 0.000000
31.000000 44.000000 1.000000 10000.000000 10000.000000 10000.000000 0.000000
31.000000 45.000000 1.000000 10000.000000 10000.000000 10000.000000 0.000000
31.000000 46.000000 1.000000 10000.000000 10000.000000 10000.000000 0.000000
31.000000 47.000000 1.000000 10000.000000 10000.000000 10000.000000 0.000000
31.000000 48.000000 1.000000 10000.000000 10000.000000 10000.000000 0.000000
31.000000 49.000000 1.000000 10000.000000 10000.000000 10000.000000 0.000000
32.000000 0.000000 1.000000 10000.000000 10000.000000 10000.000000 0.000000
32.000000 1.000000 1.000000 10000.000000 10000.000000 10000.000000 0.000000
32.000000 2.000000 1.000000 9999.000000 10000.000000 9999.000000 0.000000
32.000000 3.000000 1.000000 9999.000000 10000.000000 9999.000000 0.000000
32.000000 4.000000 1.000000 9999.000000 10000.000000 9999.000000 0.000000
32.000000 5.000000 1.000000 9999.000000 10000.000000 9999.000000 0.000000
32.000000 6.000000 1.000000 9999.000000 10000.000000 9999.000000 0.000000
32.000000 7.000000 1.000000 9999.000000 10000.000000 9999.000000 0.000000
32.000000 8.000000 1.000000 9999.000000 10000.000000 9999.000000 0.000000
32.000000 9.000000 1.000000 9999.000000 10000.000000 9999.000000 0.000000
32.000000 10.000000 1.000000 10000.000000 10000.000000 10000.000000 0.000000
32.000000 11.000000 1.000000 10000.000000 10000.000000 10000.000000 0.000000
32.000000 12.000000 1.000000 10000.000000 10000.000000 10000.000000 0.000000
32.000000 13.000000 1.000000 10000.000000 10000.000000 10000.000000 0.000000
32.000000 14.000000 1.000000 10000.000000 10000.000000 10000.000000 0.000000
32.000000 15.000000 1.000000 10000.000000 10000.000000 10000.000000 0.000000
32.000000 16.000000 1.000000 10000.000000 10000.000000 10000.000000 0.000000
32.000000 17.000000 1.000000 10000.000000 10000.000000 10000.000000 0.000000
32.000000 18.000000 1.000000 10000.000000 10000.000000 10000.000000 0.000000
32.000000 19.000000 1.000000 10000.000000 10000.000000 10000.000000 0.000000
32.000000 20.000000 1.000000 10000.000000 10000.000000 10000.000000 0.000000
32.000000 21.000000 1.000000 10000.000000 10000.000000 10000.000000 0.000000
32.000000 22.000000 1.000000 10000.000000 10000.000000 10000.000000 0.000000
32.000000 23.000000 1.000000 10000.000000 10000.000000 10000.000000 0.000000
32.000000 24.000000 1.000000 10000.000000 10000.000000 10000.000000 0.000000
32.000000 25.000000 1.000000 10000.000000 10000.000000 10000.000000 0.000000
32.000000 26.000000 1.000000 10000.000000 10000.000000 10000.000000 0.000000
32.000000 27.000000 1.000000 10000.000000 10000.000000 10000.000000 0.000000
32.000000 28.000000 1.000000 10000.000000 10000.000000 10000.000000 0.000000
32.000000 29.000000 1.000000 10000.000000 10000.000000 10000.000000 0.000000
32.000000 30.000000 1.000000 10000.000000 10000.000000 10000.000000 0.000000
32.000000 31.000000 1.000000 10000.000000 10000.000000 10000.000000 0.000000
32.000000 32.000000 1.000000 10000.000000 10000.000000 10000.000000 0.000000
32.000000 33.000000 1.000000 10000.000000 10000.000000 10000.000000 0.000000
32.000000 34.000000 1.000000 10000.000000 10000.000000 10000.000000 0.000000
32.000000 35.000000 1.000000 10000.000000 10000.000000 10000.000000 0.000000
32.000000 36.000000 1.000000 10000.000000 10000.000000 10000.000000 0.000000
32.000000 37.000000 1.000000 10000.000000 10000.000000 10000.000000 0.000000
32.000000 38.000000 1.000000 10000.000000 10000.000000 10000.000000 0.000000
32.000000 39.000000 1.000000 10000.000000 10000.000000 10000.000000 0.000000
32.000000 40.000000 1.000000 10000.000000 10000.000000 10000.000000 0.000000
32.000000 41.000000 1.000000 10000.000000 10000.000000 10000.000000 0.000000
32.000000 42.000000 1.000000 10000.000000 10000.000000 10000.000000 0.000000
32.000000 43.000000 1.000000 10000.000000 10000.000000 10000.000000 0.000000
32.000000 44.000000 1.000000 10000.000000 10000.000000 10000.000000 0.000000
32.000000 45.000000 1.000000 10000.000000 10000.000000 10000.000000 0.000000
32.000000 46.000000 1.000000 10000.000000 10000.000000 10000.000000 0.000000
32.000000 47.000000 1.000000 10000.000000 10000.000000 10000.000000 0.000000
32.000000 48.000000 1.000000 10000.000000 10000.000000 10000.000000 0.000000
32.000000 49.000000 1.000000 10000.000000 10000.000000 10000.000000 0.000000
33.000000 0.000000 1.000000 10000.000000 10000.000000 10000.000000 0.000000
33.000000 1.000000 1.000000 10000.000000 10000.000000 10000.000000 0.000000
33.000000 2.000000 1.000000 9999.000000 10000.000000 9999.000000 0.000000
33.000000 3.000000 1.000000 9999.000000 10000.000000 9999.000000 0.000000
33.000000 4.000000 1.000000 9999.000000 10000.000000 9999.000000 0.000000
33.000000 5.000000 1.000000 9999.000000 10000.000000 9999.000000 0.000000
33.000000 6.000000 1.000000 9999.000000 10000.000000 9999.000000 0.000000
33.000000 7.000000 1.000000 10000.000000 10000.000000 10000.000000 0.000000
33.000000 8.000000 1.000000 10000.000000 10000.000000 10000.000000 0.000000
33.000000 9.000000 1.000000 10000.000000 10000.000000 10000.000000 0.000000
33.000000 10.000000 1.000000 10000.000000 10000.000000 10000.000000 0.000000
33.000000 11.000000 1.000000 10000.000000 10000.000000 10000.000000 0.000000
33.000000 12.000000 1.000000 10000.000000 10000.000000 10000.000000 0.000000
33.000000 13.000000 1.000000 10000.000000 10000.000000 10000.000000 0.000000
33.000000 14.000000 1.000000 10000.000000 10000.000000 10000.000000 0.000000
33.000000 15.000000 1.000000 10000.000000 10000.000000 10000.000000 0.000000
33.000000 16.000000 1.000000 10000.000000 10000.000000 10000.000000 0.000000
33.000000 17.000000 1.000000 10000.000000 10000.000000 10000.000000 0.000000
33.000000 18.000000 1.000000 10000.000000 10000.000000 10000.000000 0.000000
33.000000 19.000000 1.000000 10000.000000 10000.000000 10000.000000 0.000000
33.000000 20.000000 1.000000 10000.000000 10000.000000 10000.000000 0.000000
33.000000 21.000000 1.000000 10000.000000 10000.000000 10000.000000 0.000000
33.000000 22.000000 1.000000 10000.000000 10000.000000 10000.000000 0.000000
33.000000 23.000000 1.000000 10000.000000 10000.000000 10000.000000 0.000000
33.000000 24.000000 1.000000 10000.000000 10000.000000 10000.000000 0.000000
33.000000 25.000000 1.000000 10000.000000 10000.000000 10000.000000 0.000000
33.000000 26.000000 1.000000 10000.000000 10000.000000 10000.000000 0.000000
33.000000 27.000000 1.000000 10000.000000 10000.000000 10000.000000 0.000000
33.000000 28.000000 1.000000 10000.000000 10000.000000 10000.000000 0.000000
33.000000 29.000000 1.000000 10000.000000 10000.000000 10000.000000 0.000000
33.000000 30.000000 1.000000 10000.000000 10000.000000 10000.000000 0.000000
33.000000 31.000000 1.000000 10000.000000 10000.000000 10000.000000 0.000000
33.000000 32.000000 1.000000 10000.000000 10000.000000 10000.000000 0.000000
33.000000 33.000000 1.000000 10000.000000 10000.000000 10000.000000 0.000000
33.000000 34.000000 1.000000 10000.000000 10000.000000 10000.000000 0.000000
33.000000 35.000000 1.000000 10000.000000 10000.000000 10000.000000 0.000000
33.000000 36.000000 1.000000 10000.000000 10000.000000 10000.000000 0.000000
33.000000 37.000000 1.000000 10000.000000 10000.000000 10000.000000 0.000000
33.000000 38.000000 1.000000 10000.000000 10000.000000 10000.000000 0.000000
33.000000 39.000000 1.000000 10000.000000 10000.000000 10000.000000 0.000000
33.000000 40.000000 1.000000 10000.000000 10000.000000 10000.000000 0.000000
33.000000 41.000000 1.000000 10000.000000 10000.000000 10000.000000 0.000000
33.000000 42.000000 1.000000 10000.000000 10000.000000 10000.000000 0.000000
33.000000 43.000000 1.000000 10000.000000 10000.000000 10000.000000 0.000000
33.000000 44.000000 1.000000 10000.000000 10000.000000 10000.000000 0.000000
33.000000 45.000000 1.000000 10000.000000 10000.000000 10000.000000 0.000000
33.000000 46.000000 1.000000 10000.000000 10000.000000 10000.000000 0.000000
33.000000 47.000000 1.000000 10000.000000 10000.000000 10000.000000 0.000000
33.000000 48.000000 1.000000 10000.000000 10000.000000 10000.000000 0.000000
33.000000 49.000000 1.000000 10000.000000 10000.000000 10000.000000 0.000000
34.000000 0.000000 1.000000 10000.000000 10000.000000 10000.000000 0.000000
34.000000 1.000000 1.000000 10000.000000 10000.000000 10000.000000 0.000000
34.000000 2.000000 1.000000 9999.000000 10000.000000 9999.000000 0.000000
34.000000 3.000000 1.000000 9993.000000 10000.000000 9993.000000 0.000000
34.000000 4.000000 1.000000 9981.000000 10000.000000 9981.000000 0.000000
34.000000 5.000000 1.000000 9924.000000 10000.000000 9924.000000 0.000000
34.000000 6.000000 9598.000000 0.000000 10000.000000 9598.000000 9598.000000
34.000000 7.000000 7206.000000 0.000000 10000.000000 7206.000000 7206.000000
34.000000 8.000000 5700.000000 0.000000 10000.000000 5700.000000 5700.000000
34.000000 9.000000 3341.000000 2832.000000 10000.000000 4986.000000 2154.000000
34.000000 10.000000 8.000000 50.000000 2226.000000 4857.000000 1.000000
34.000000 11.000000 229.000000 222.000000 852.000000 5062.000000 101.000000
34.000000 12.000000 1.000000 706.000000 751.000000 7372.000000 0.000000
34.000000 13.000000 1.000000 2092.000000 2124.000000 8857.000000 0.000000
34.000000 14.000000 1.000000 3924.000000 3944.000000 9616.000000 0.000000
34.000000 15.000000 1.000000 5485.000000 5535.000000 9784.000000 0.000000
34.000000 16.000000 1.000000 8352.000000 8479.000000 9807.000000 0.000000
34.000000 17.000000 1.000000 9716.000000 9899.000000 9817.000000 0.000000
34.000000 18.000000 1.000000 9784.000000 9934.000000 9850.000000 0.000000
34.000000 19.000000 1.000000 9876.000000 10000.000000 9876.000000 0.000000
34.000000 20.000000 1.000000 9913.000000 10000.000000 9913.000000 0.000000
34.000000 21.000000 1.000000 9952.000000 10000.000000 9952.000000 0.000000
34.000000 22.000000 1.000000 9981.000000 10000.000000 9981.000000 0.000000
34.000000 23.000000 1.000000 9990.000000 10000.000000 9990.000000 0.000000
34.000000 24.000000 1.000000 9995.000000 10000.000000 9995.000000 0.000000
34.000000 25.000000 1.000000 9996.000000 10000.000000 9996.000000 0.000000
34.000000 26.000000 1.000000 9998.000000 10000.000000 9998.000000 0.000000
34.000000 27.000000 1.000000 10000.000000 10000.000000 10000.000000 0.000000
34.000000 28.000000 1.000000 10000.000000 10000.000000 10000.000000 0.000000
34.000000 29.000000 1.000000 10000.000000 10000.000000 10000.000000 0.000000
34.000000 30.000000 1.000000 10000.000000 10000.000000 10000.000000 0.000000
34.000000 31.000000 1.000000 10000.000000 10000.000000 10000.000000 0.000000
34.000000 32.000000 1.000000 10000.000000 10000.000000 10000.000000 0.000000
34.000000 33.000000 1.000000 10000.000000 10000.000000 10000.000000 0.000000
34.000000 34.000000 1.000000 10000.000000 10000.000000 10000.000000 0.000000
34.000000 35.000000 1.000000 10000.000000 10000.000000 10000.000000 0.000000
34.000000 36.000000 1.000000 10000.000000 10000.000000 10000.000000 0.000000
34.000000 37.000000 1.000000 10000.000000 10000.000000 10000.000000 0.000000
34.000000 38.000000 1.000000 10000.000000 10000.000000 10000.000000 0.000000
34.000000 39.000000 1.000000 10000.000000 10000.000000 10000.000000 0.000000
34.000000 40.000000 1.000000 10000.000000 10000.000000 10000.000000 0.000000
34.000000 41.000000 1.000000 10000.000000 10000.000000 10000.000000 0.000000
34.000000 42.000000 1.000000 10000.000000 10000.000000 10000.000000 0.000000
34.000000 43.000000 1.000000 10000.000000 10000.000000 10000.000000 0.000000
34.000000 44.000000 1.000000 10000.000000 10000.000000 10000.000000 0.000000
34.000000 45.000000 1.000000 10000.000000 10000.000000 10000.000000 0.000000
34.000000 46.000000 1.000000 10000.000000 10000.000000 10000.000000 0.000000
34.000000 47.000000 1.000000 10000.000000 10000.000000 10000.000000 0.000000
34.000000 48.000000 1.000000 10000.000000 10000.000000 10000.000000 0.000000
34.000000 49.000000 1.000000 10000.000000 10000.000000 10000.000000 0.000000
35.000000 0.000000 1.000000 10000.000000 10000.000000 10000.000000 0.000000
35.000000 1.000000 1.000000 10000.000000 10000.000000 10000.000000 0.000000
35.000000 2.000000 1.000000 9999.000000 10000.000000 9999.000000 0.000000
35.000000 3.000000 1.000000 9999.000000 10000.000000 9999.000000 0.000000
35.000000 4.000000 1.000000 9999.000000 10000.000000 9999.000000 0.000000
35.000000 5.000000 1.000000 9999.000000 10000.000000 9999.000000 0.000000
35.000000 6.000000 1.000000 9999.000000 10000.000000 9999.000000 0.000000
35.000000 7.000000 1.000000 10000.000000 10000.000000 10000.000000 0.000000
35.000000 8.000000 1.000000 10000.000000 10000.000000 10000.000000 0.000000
35.000000 9.000000 1.000000 10000.000000 10000.000000 10000.000000 0.000000
35.000000 10.000000 1.000000 10000.000000 10000.000000 10000.000000 0.000000
35.000000 11.000000 1.000000 10000.000000 10000.000000 10000.000000 0.000000
35.000000 12.000000 1.000000 10000.000000 10000.000000 10000.000000 0.000000
35.000000 13.000000 1.000000 10000.000000 10000.000000 10000.000000 0.000000
35.000000 14.000000 1.000000 10000.000000 10000.000000 10000.000000 0.000000
35.000000 15.000000 1.000000 10000.000000 10000.000000 10000.000000 0.000000
35.000000 16.000000 1.000000 10000.000000 10000.000000 10000.000000 0.000000
35.000000 17.000000 1.000000 10000.000000 10000.000000 10000.000000 0.000000
35.000000 18.000000 1.000000 10000.000000 10000.000000 10000.000000 0.000000
35.000000 19.000000 1.000000 10000.000000 10000.000000 10000.000000 0.000000
35.000000 20.000000 1.000000 10000.000000 10000.000000 10000.000000 0.000000
35.000000 21.000000 1.000000 10000.000000 10000.000000 10000.000000 0.000000
35.000000 22.000000 1.000000 10000.000000 10000.000000 10000.000000 0.000000
35.000000 23.000000 1.000000 10000.000000 10000.000000 10000.000000 0.000000
35.000000 24.000000 1.000000 10000.000000 10000.000000 10000.000000 0.000000
35.000000 25.000000 1.000000 10000.000000 10000.000000 10000.000000 0.000000
35.000000 26.000000 1.000000 10000.000000 10000.000000 10000.000000 0.000000
35.000000 27.000000 1.000000 10000.000000 10000.000000 10000.000000 0.000000
35.000000 28.000000 1.000000 10000.000000 10000.000000 10000.000000 0.000000
35.000000 29.000000 1.000000 10000.000000 10000.000000 10000.000000 0.000000
35.000000 30.000000 1.000000 10000.000000 10000.000000 10000.000000 0.000000
35.000000 31.000000 1.000000 10000.000000 10000.000000 10000.000000 0.000000
35.000000 32.000000 1.000000 10000.000000 10000.000000 10000.000000 0.000000
35.000000 33.000000 1.000000 10000.000000 10000.000000 10000.000000 0.000000
35.000000 34.000000 1.000000 10000.000000 10000.000000 10000.000000 0.000000
35.000000 35.000000 1.000000 10000.000000 10000.000000 10000.000000 0.000000
35.000000 36.000000 1.000000 10000.000000 10000.000000 10000.000000 0.000000
35.000000 37.000000 1.000000 10000.000000 10000.000000 10000.000000 0.000000
35.000000 38.000000 1.000000 10000.000000 10000.000000 10000.000000 0.000000
35.000000 39.000000 1.000000 10000.000000 10000.000000 10000.000000 0.000000
35.000000 40.000000 1.000000 10000.000000 10000.000000 10000.000000 0.000000
35.000000 41.000000 1.000000 10000.000000 10000.000000 10000.000000 0.000000
35.000000 42.000000 1.000000 10000.000000 10000.000000 10000.000000 0.000000
35.000000 43.000000 1.000000 10000.000000 10000.000000 10000.000000 0.000000
35.000000 44.000000 1.000000 10000.000000 10000.000000 10000.000000 0.000000
35.000000 45.000000 1.000000 10000.000000 10000.000000 10000.000000 0.000000
35.000000 46.000000 1.000000 10000.000000 10000.000000 10000.000000 0.000000
35.000000 47.000000 1.000000 10000.000000 10000.000000 10000.000000 0.000000
35.000000 48.000000 1.000000 10000.000000 10000.000000 10000.000000 0.000000
35.000000 49.000000 1.000000 10000.000000 10000.000000 10000.000000 0.000000
36.000000 0.000000 1.000000 10000.000000 10000.000000 10000.000000 0.000000
36.000000 1.000000 1.000000 10000.000000 10000.000000 10000.000000 0.000000
36.000000 2.000000 1.000000 10000.000000 10000.000000 10000.000000 0.000000
36.000000 3.000000 1.000000 9999.000000 10000.000000 9999.000000 0.000000
36.000000 4.000000 1.000000 9999.000000 10000.000000 9999.000000 0.000000
36.000000 5.000000 1.000000 9999.000000 10000.000000 9999.000000 0.000000
36.000000 6.000000 1.000000 9999.000000 10000.000000 9999.000000 0.000000
36.000000 7.000000 1.000000 9999.000000 10000.000000 9999.000000 0.000000
36.000000 8.000000 1.000000 10000.000000 10000.000000 10000.000000 0.000000
36.000000 9.000000 1.000000 10000.000000 10000.000000 10000.000000 0.000000
36.000000 10.000000 1.000000 10000.000000 10000.000000 10000.000000 0.000000
36.000000 11.000000 1.000000 10000.000000 10000.000000 10000.000000 0.000000
36.000000 12.000000 1.000000 10000.000000 10000.000000 10000.000000 0.000000
36.000000 13.000000 1.000000 10000.000000 10000.000000 10000.000000 0.000000
36.000000 14.000000 1.000000 10000.000000 10000.000000 10000.000000 0.000000
36.000000 15.000000 1.000000 10000.000000 10000.000000 10000.000000 0.000000
36.000000 16.000000 1.000000 10000.000000 10000.000000 10000.000000 0.000000
36.000000 17.000000 1.000000 10000.000000 10000.000000 10000.000000 0.000000
36.000000 18.000000 1.000000 10000.000000 10000.000000 10000.000000 0.000000
36.000000 19.000000 1.000000 10000.000000 10000.000000 10000.000000 0.000000
36.000000 20.000000 1.000000 10000.000000 10000.000000 10000.000000 0.000000
36.000000 21.000000 1.000000 10000.000000 10000.000000 10000.000000 0.000000
36.000000 22.000000 1.000000 10000.000000 10000.000000 10000.000000 0.000000
36.000000 23.000000 1.000000 10000.000000 10000.000000 10000.000000 0.000000
36.000000 24.000000 1.000000 10000.000000 10000.000000 10000.000000 0.000000
36.000000 25.000000 1.000000 10000.000000 10000.000000 10000.000000 0.000000
36.000000 26.000000 1.000000 10000.000000 10000.000000 10000.000000 0.000000
36.000000 27.000000 1.000000 10000.000000 10000.000000 10000.000000 0.000000
36.000000 28.000000 1.000000 10000.000000 10000.000000 10000.000000 0.000000
36.000000 29.000000 1.000000 10000.000000 10000.000000 10000.000000 0.000000
36.000000 30.000000 1.000000 10000.000000 10000.000000 10000.000000 0.000000
36.000000 31.000000 1.000000 10000.000000 10000.000000 10000.000000 0.000000
36.000000 32.000000 1.000000 10000.000000 10000.000000 10000.000000 0.000000
36.000000 33.000000 1.000000 10000.000000 10000.000000 10000.000000 0.000000
36.000000 34.000000 1.000000 10000.000000 10000.000000 10000.000000 0.000000
36.000000 35.000000 1.000000 10000.000000 10000.000000 10000.000000 0.000000
36.000000 36.000000 1.000000 10000.000000 10000.000000 10000.000000 0.000000
36.000000 37.000000 1.000000 10000.000000 10000.000000 10000.000000 0.000000
36.000000 38.000000 1.000000 10000.000000 10000.000000 10000.000000 0.000000
36.000000 39.000000 1.000000 10000.000000 10000.000000 10000.000000 0.000000
36.000000 40.000000 1.000000 10000.000000 10000.000000 10000.000000 0.000000
36.000000 41.000000 1.000000 10000.000000 10000.000000 10000.000000 0.000000
36.000000 42.000000 1.000000 10000.000000 10000.000000 10000.000000 0.000000
36.000000 43.000000 1.000000 10000.000000 10000.000000 10000.000000 0.000000
36.000000 44.000000 1.000000 10000.000000 10000.000000 10000.000000 0.000000
36.000000 45.000000 1.000000 10000.000000 10000.000000 10000.000000 0.000000
36.000000 46.000000 1.000000 10000.000000 10000.000000 10000.000000 0.000000
36.000000 47.000000 1.000000 10000.000000 10000.000000 10000.000000 0.000000
36.000000 48.000000 1.000000 10000.000000 10000.000000 10000.000000 0.000000
36.000000 49.000000 1.000000 10000.000000 10000.000000 10000.000000 0.000000
37.000000 0.000000 1.000000 10000.000000 10000.000000 10000.000000 0.000000
37.000000 1.000000 1.000000 10000.000000 10000.000000 10000.000000 0.000000
37.000000 2.000000 1.000000 9999.000000 10000.000000 9999.000000 0.000000
37.000000 3.000000 1.000000 9979.000000 10000.000000 9979.000000 0.000000
37.000000 4.000000 1297.000000 9514.000000 10000.000000 9886.000000 372.000000
37.000000 5.000000 9323.000000 0.000000 10000.000000 9323.000000 9323.000000
37.000000 6.000000 6915.000000 0.000000 10000.000000 6915.000000 6915.000000
37.000000 7.000000 5439.000000 0.000000 10000.000000 5439.000000 5439.000000
37.000000 8.000000 3844.000000 1874.000000 10000.000000 4832.000000 2958.000000
37.000000 9.000000 1.000000 72.000000 1200.000000 4718.000000 0.000000
37.000000 10.000000 1.000000 437.000000 1058.000000 5174.000000 0.000000
37.000000 11.000000 1.000000 1087.000000 1137.000000 7510.000000 0.000000
37.000000 12.000000 1.000000 2505.000000 2533.000000 9038.000000 0.000000
37.000000 13.000000 1.000000 4267.000000 4279.000000 9714.000000 0.000000
37.000000 14.000000 1.000000 5434.000000 5457.000000 9919.000000 0.000000
37.000000 15.000000 1.000000 8007.000000 8043.000000 9949.000000 0.000000
37.000000 16.000000 1.000000 9964.000000 10000.000000 9964.000000 0.000000
37.000000 17.000000 1.000000 9975.000000 10000.000000 9975.000000 0.000000
37.000000 18.000000 1.000000 9979.000000 10000.000000 9979.000000 0.000000
37.000000 19.000000 1.000000 9984.000000 10000.000000 9984.000000 0.000000
37.000000 20.000000 1.000000 9989.000000 10000.000000 9989.000000 0.000000
37.000000 21.000000 1.000000 9995.000000 10000.000000 9995.000000 0.000000
37.000000 22.000000 1.000000 9997.000000 10000.000000 9997.000000 0.000000
37.000000 23.000000 1.000000 9999.000000 10000.000000 9999.000000 0.000000
37.000000 24.000000 1.000000 10000.000000 10000.000000 10000.000000 0.000000
37.000000 25.000000 1.000000 10000.000000 10000.000000 10000.000000 0.000000
37.000000 26.000000 1.000000 10000.000000 10000.000000 10000.000000 0.000000
37.000000 27.000000 1.000000 10000.000000 10000.000000 10000.000000 0.000000
37.000000 28.000000 1.000000 10000.000000 10000.000000 10000.000000 0.000000
37.000000 29.000000 1.000000 10000.000000 10000.000000 10000.000000 0.000000
37.000000 30.000000 1.000000 10000.000000 10000.000000 10000.000000 0.000000
37.000000 31.000000 1.000000 10000.000000 10000.000000 10000.000000 0.000000
37.000000 32.000000 1.000000 10000.000000 10000.000000 10000.000000 0.000000
37.000000 33.000000 1.000000 10000.000000 10000.000000 10000.000000 0.000000
37.000000 34.000000 1.000000 10000.000000 10000.000000 10000.000000 0.000000
37.000000 35.000000 1.000000 10000.000000 10000.000000 10000.000000 0.000000
37.000000 36.000000 1.000000 10000.000000 10000.000000 10000.000000 0.000000
37.000000 37.000000 1.000000 10000.000000 10000.000000 10000.000000 0.000000
37.000000 38.000000 1.000000 10000.000000 10000.000000 10000.000000 0.000000
37.000000 39.000000 1.000000 10000.000000 10000.000000 10000.000000 0.000000
37.000000 40.000000 1.000000 10000.000000 10000.000000 10000.000000 0.000000
37.000000 41.000000 1.000000 10000.000000 10000.000000 10000.000000 0.000000
37.000000 42.000000 1.000000 10000.000000 10000.000000 10000.000000 0.000000
37.000000 43.000000 1.000000 10000.000000 10000.000000 10000.000000 0.000000
37.000000 44.000000 1.000000 10000.000000 10000.000000 10000.000000 0.000000
37.000000 45.000000 1.000000 10000.000000 10000.000000 10000.000000 0.000000
37.000000 46.000000 1.000000 10000.000000 10000.000000 10000.000000 0.000000
37.000000 47.000000 1.000000 10000.000000 10000.000000 10000.000000 0.000000
37.000000 48.000000 1.000000 10000.000000 10000.000000 10000.000000 0.000000
37.000000 49.000000 1.000000 10000.000000 10000.000000 10000.000000 0.000000
38.000000 0.000000 1.000000 10000.000000 10000.000000 10000.000000 0.000000
38.000000 1.000000 1.000000 10000.000000 10000.000000 10000.000000 0.000000
38.000000 2.000000 1.000000 9999.000000 10000.000000 9999.000000 0.000000
38.000000 3.000000 1.000000 9999.000000 10000.000000 9999.000000 0.000000
38.000000 4.000000 1.000000 9999.000000 10000.000000 9999.000000 0.000000
38.000000 5.000000 1.000000 9999.000000 10000.000000 9999.000000 0.000000
38.000000 6.000000 1.000000 9999.000000 10000.000000 9999.000000 0.000000
38.000000 7.000000 1.000000 10000.000000 10000.000000 10000.000000 0.000000
38.000000 8.000000 1.000000 10000.000000 10000.000000 10000.000000 0.000000
38.000000 9.000000 1.000000 10000.000000 10000.000000 10000.000000 0.000000
38.000000 10.000000 1.000000 10000.000000 10000.000000 10000.000000 0.000000
38.000000 11.000000 1.000000 10000.000000 10000.000000 10000.000000 0.000000
38.000000 12.000000 1.000000 10000.000000 10000.000000 10000.000000 0.000000
38.000000 13.000000 1.000000 10000.000000 10000.000000 10000.000000 0.000000
38.000000 14.000000 1.000000 10000.000000 10000.000000 10000.000000 0.000000
38.000000 15.000000 1.000000 10000.000000 10000.000000 10000.000000 0.000000
38.000000 16.000000 1.000000 10000.000000 10000.000000 10000.000000 0.000000
38.000000 17.000000 1.000000 10000.000000 10000.000000 10000.000000 0.000000
38.000000 18.000000 1.000000 10000.000000 10000.000000 10000.000000 0.000000
38.000000 19.000000 1.000000 10000.000000 10000.000000 10000.000000 0.000000
38.000000 20.000000 1.000000 10000.000000 10000.000000 10000.000000 0.000000
38.000000 21.000000 1.000000 10000.000000 10000.000000 10000.000000 0.000000
38.000000 22.000000 1.000000 10000.000000 10000.000000 10000.000000 0.000000
38.000000 23.000000 1.000000 10000.000000 10000.000000 10000.000000 0.000000
38.000000 24.000000 1.000000 10000.000000 10000.000000 10000.000000 0.000000
38.000000 25.000000 1.000000 10000.000000 10000.000000 10000.000000 0.000000
38.000000 26.000000 1.000000 10000.000000 10000.000000 10000.000000 0.000000
38.000000 27.000000 1.000000 10000.000000 10000.000000 10000.000000 0.000000
38.000000 28.000000 1.000000 10000.000000 10000.000000 10000.000000 0.000000
38.000000 29.000000 1.000000 10000.000000 10000.000000 10000.000000 0.000000
38.000000 30.000000 1.000000 10000.000000 10000.000000 10000.000000 0.000000
38.000000 31.000000 1.000000 10000.000000 10000.000000 10000.000000 0.000000
38.000000 32.000000 1.000000 10000.000000 10000.000000 10000.000000 0.000000
38.000000 33.000000 1.000000 10000.000000 10000.000000 10000.000000 0.000000
38.000000 34.000000 1.000000 10000.000000 10000.000000 10000.000000 0.000000
38.000000 35.000000 1.000000 10000.000000 10000.000000 10000.000000 0.000000
38.000000 36.000000 1.000000 10000.000000 10000.000000 10000.000000 0.000000
38.000000 37.000000 1.000000 10000.000000 10000.000000 10000.000000 0.000000
38.000000 38.000000 1.000000 10000.000000 10000.000000 10000.000000 0.000000
38.000000 39.000000 1.000000 10000.000000 10000.000000 10000.000000 0.000000
38.000000 40.000000 1.000000 10000.000000 10000.000000 10000.000000 0.000000
38.000000 41.000000 1.000000 10000.000000 10000.000000 10000.000000 0.000000
38.000000 42.000000 1.000000 10000.000000 10000.000000 10000.000000 0.000000
38.000000 43.000000 1.000000 10000.000000 10000.000000 10000.000000 0.000000
38.000000 44.000000 1.000000 10000.000000 10000.000000 10000.000000 0.000000
38.000000 45.000000 1.000000 10000.000000 10000.000000 10000.000000 0.000000
38.000000 46.000000 1.000000 10000.000000 10000.000000 10000.000000 0.000000
38.000000 47.000000 1.000000 10000.000000 10000.000000 10000.000000 0.000000
38.000000 48.000000 1.000000 10000.000000 10000.000000 10000.000000 0.000000
38.000000 49.000000 1.000000 10000.000000 10000.000000 10000.000000 0.000000
39.000000 0.000000 1.000000 10000.000000 10000.000000 10000.000000 0.000000
39.000000 1.000000 1.000000 9999.000000 10000.000000 9999.000000 0.000000
39.000000 2.000000 1.000000 9999.000000 10000.000000 9999.000000 0.000000
39.000000 3.000000 1.000000 9999.000000 10000.000000 9999.000000 0.000000
39.000000 4.000000 1.000000 9999.000000 10000.000000 9999.000000 0.000000
39.000000 5.000000 1.000000 9999.000000 10000.000000 9999.000000 0.000000
39.000000 6.000000 1.000000 10000.000000 10000.000000 10000.000000 0.000000
39.000000 7.000000 1.000000 10000.000000 10000.000000 10000.000000 0.000000
39.000000 8.000000 1.000000 10000.000000 10000.000000 10000.000000 0.000000
39.000000 9.000000 1.000000 10000.000000 10000.000000 10000.000000 0.000000
39.000000 10.000000 1.000000 10000.000000 10000.000000 10000.000000 0.000000
39.000000 11.000000 1.000000 10000.000000 10000.000000 10000.000000 0.000000
39.000000 12.000000 1.000000 10000.000000 10000.000000 10000.000000 0.000000
39.000000 13.000000 1.000000 10000.000000 10000.000000 10000.000000 0.000000
39.000000 14.000000 1.000000 10000.000000 10000.000000 10000.000000 0.000000
39.000000 15.000000 1.000000 10000.000000 10000.000000 10000.000000 0.000000
39.000000 16.000000 1.000000 10000.000000 10000.000000 10000.000000 0.000000
39.000000 17.000000 1.000000 10000.000000 10000.000000 10000.000000 0.000000
39.000000 18.000000 1.000000 10000.000000 10000.000000 10000.000000 0.000000
39.000000 19.000000 1.000000 10000.000000 10000.000000 10000.000000 0.000000
39.000000 20.000000 1.000000 10000.000000 10000.000000 10000.000000 0.000000
39.000000 21.000000 1.000000 10000.000000 10000.000000 10000.000000 0.000000
39.000000 22.000000 1.000000 10000.000000 10000.000000 10000.000000 0.000000
39.000000 23.000000 1.000000 10000.000000 10000.000000 10000.000000 0.000000
39.000000 24.000000 1.000000 10000.000000 10000.000000 10000.000000 0.000000
39.000000 25.000000 1.000000 10000.000000 10000.000000 10000.000000 0.000000
39.000000 26.000000 1.000000 10000.000000 10000.000000 10000.000000 0.000000
39.000000 27.000000 1.000000 10000.000000 10000.000000 10000.000000 0.000000
39.000000 28.000000 1.000000 10000.000000 10000.000000 10000.000000 0.000000
39.000000 29.000000 1.000000 10000.000000 10000.000000 10000.000000 0.000000
39.000000 30.000000 1.000000 10000.000000 10000.000000 10000.000000 0.000000
39.000000 31.000000 1.000000 10000.000000 10000.000000 10000.000000 0.000000
39.000000 32.000000 1.000000 10000.000000 10000.000000 10000.000000 0.000000
39.000000 33.000000 1.000000 10000.000000 10000.000000 10000.000000 0.000000
39.000000 34.000000 1.000000 10000.000000 10000.000000 10000.000000 0.000000
39.000000 35.000000 1.000000 10000.000000 10000.000000 10000.000000 0.000000
39.000000 36.000000 1.000000 10000.000000 10000.000000 10000.000000 0.000000
39.000000 37.000000 1.000000 10000.000000 10000.000000 10000.000000 0.000000
39.000000 38.000000 1.000000 10000.000000 10000.000000 10000.000000 0.000000
39.000000 39.000000 1.000000 10000.000000 10000.000000 10000.000000 0.000000
39.000000 40.000000 1.000000 10000.000000 10000.000000 10000.000000 0.000000
39.000000 41.000000 1.000000 10000.000000 10000.000000 10000.000000 0.000000
39.000000 42.000000 1.000000 10000.000000 10000.000000 10000.000000 0.000000
39.000000 43.000000 1.000000 10000.000000 10000.000000 10000.000000 0.000000
39.000000 44.000000 1.000000 10000.000000 10000.000000 10000.000000 0.000000
39.000000 45.000000 1.000000 10000.000000 10000.000000 10000.000000 0.000000
39.000000 46.000000 1.000000 10000.000000 10000.000000 10000.000000 0.000000
39.000000 47.000000 1.000000 10000.000000 10000.000000 10000.000000 0.000000
39.000000 48.000000 1.000000 10000.000000 10000.000000 10000.000000 0.000000
39.000000 49.000000 1.000000 10000.000000 10000.000000 10000.000000 0.000000
40.000000 0.000000 1.000000 10000.000000 10000.000000 10000.000000 0.000000
40.000000 1.000000 1.000000 10000.000000 10000.000000 10000.000000 0.000000
40.000000 2.000000 1.000000 10000.000000 10000.000000 10000.000000 0.000000
40.000000 3.000000 1.000000 9996.000000 10000.000000 9996.000000 0.000000
40.000000 4.000000 1.000000 9981.000000 10000.000000 9981.000000 0.000000
40.000000 5.000000 9737.000000 0.000000 10000.000000 9737.000000 9737.000000
40.000000 6.000000 7211.000000 0.000000 10000.000000 7211.000000 7211.000000
40.000000 7.000000 5443.000000 0.000000 10000.000000 5443.000000 5443.000000
40.000000 8.000000 4546.000000 0.000000 10000.000000 4546.000000 4546.000000
40.000000 9.000000 1.000000 12.000000 4680.000000 4240.000000 0.000000
40.000000 10.000000 1.000000 167.000000 611.000000 4347.000000 0.000000
40.000000 11.000000 1.000000 568.000000 611.000000 6777.000000 0.000000
40.000000 12.000000 1.000000 2211.000000 2240.000000 8584.000000 0.000000
40.000000 13.000000 1.000000 4195.000000 4216.000000 9550.000000 0.000000
40.000000 14.000000 1.000000 5293.000000 5303.000000 9907.000000 0.000000
40.000000 15.000000 1.000000 6998.000000 7015.000000 9961.000000 0.000000
40.000000 16.000000 1.000000 9975.000000 10000.000000 9975.000000 0.000000
40.000000 17.000000 1.000000 9980.000000 10000.000000 9980.000000 0.000000
40.000000 18.000000 1.000000 9981.000000 10000.000000 9981.000000 0.000000
40.000000 19.000000 1.000000 9984.000000 10000.000000 9984.000000 0.000000
40.000000 20.000000 1.000000 9986.000000 10000.000000 9986.000000 0.000000
40.000000 21.000000 1.000000 9986.000000 10000.000000 9986.000000 0.000000
40.000000 22.000000 1.000000 9984.000000 10000.000000 9984.000000 0.000000
40.000000 23.000000 1.000000 9985.000000 10000.000000 9985.000000 0.000000
40.000000 24.000000 1.000000 9986.000000 10000.000000 9986.000000 0.000000
40.000000 25.000000 1.000000 9988.000000 10000.000000 9988.000000 0.000000
40.000000 26.000000 1.000000 9991.000000 10000.000000 9991.000000 0.000000
40.000000 27.000000 1.000000 9995.000000 10000.000000 9995.000000 0.000000
40.000000 28.000000 1.000000 9999.000000 10000.000000 9999.000000 0.000000
40.000000 29.000000 1.000000 10000.000000 10000.000000 10000.000000 0.000000
40.000000 30.000000 1.000000 10000.000000 10000.000000 10000.000000 0.000000
40.000000 31.000000 1.000000 10000.000000 10000.000000 10000.000000 0.000000
40.000000 32.000000 1.000000 10000.000000 10000.000000 10000.000000 0.000000
40.000000 33.000000 1.000000 10000.000000 10000.000000 10000.000000 0.000000
40.000000 34.000000 1.000000 10000.000000 10000.000000 10000.000000 0.000000
40.000000 35.000000 1.000000 10000.000000 10000.000000 10000.000000 0.000000
40.000000 36.000000 1.000000 10000.000000 10000.000000 10000.000000 0.000000
40.000000 37.000000 1.000000 10000.000000 10000.000000 10000.000000 0.000000
40.000000 38.000000 1.000000 10000.000000 10000.000000 10000.000000 0.000000
40.000000 39.000000 1.000000 10000.000000 10000.000000 10000.000000 0.000000
40.000000 40.000000 1.000000 10000.000000 10000.000000 10000.000000 0.000000
40.000000 41.000000 1.000000 10000.000000 10000.000000 10000.000000 0.000000
40.000000 42.000000 1.000000 10000.000000 10000.000000 10000.000000 0.000000
40.000000 43.000000 1.000000 10000.000000 10000.000000 10000.000000 0.000000
40.000000 44.000000 1.000000 10000.000000 10000.000000 10000.000000 0.000000
40.000000 45.000000 1.000000 10000.000000 10000.000000 10000.000000 0.000000
40.000000 46.000000 1.000000 10000.000000 10000.000000 10000.000000 0.000000
40.000000 47.000000 1.000000 10000.000000 10000.000000 10000.000000 0.000000
40.000000 48.000000 1.000000 10000.000000 10000.000000 10000.000000 0.000000
40.000000 49.000000 1.000000 10000.000000 10000.000000 10000.000000 0.000000
41.000000 0.000000 1.000000 10000.000000 10000.000000 10000.000000 0.000000
41.000000 1.000000 1.000000 10000.000000 10000.000000 10000.000000 0.000000
41.000000 2.000000 1.000000 10000.000000 10000.000000 10000.000000 0.000000
41.000000 3.000000 1.000000 9999.000000 10000.000000 9999.000000 0.000000
41.000000 4.000000 1.000000 9999.000000 10000.000000 9999.000000 0.000000
41.000000 5.000000 1.000000 9999.000000 10000.000000 9999.000000 0.000000
41.000000 6.000000 1.000000 9999.000000 10000.000000 9999.000000 0.000000
41.000000 7.000000 1.000000 9999.000000 10000.000000 9999.000000 0.000000
41.000000 8.000000 1.000000 10000.000000 10000.000000 10000.000000 0.000000
41.000000 9.000000 1.000000 10000.000000 10000.000000 10000.000000 0.000000
41.000000 10.000000 1.000000 10000.000000 10000.000000 10000.000000 0.000000
41.000000 11.000000 1.000000 10000.000000 10000.000000 10000.000000 0.000000
41.000000 12.000000 1.000000 10000.000000 10000.000000 10000.000000 0.000000
41.000000 13.000000 1.000000 10000.000000 10000.000000 10000.000000 0.000000
41.000000 14.000000 1.000000 10000.000000 10000.000000 10000.000000 0.000000
41.000000 15.000000 1.000000 10000.000000 10000.000000 10000.000000 0.000000
41.000000 16.000000 1.000000 10000.000000 10000.000000 10000.000000 0.000000
41.000000 17.000000 1.000000 10000.000000 10000.000000 10000.000000 0.000000
41.000000 18.000000 1.000000 10000.000000 10000.000000 10000.000000 0.000000
41.000000 19.000000 1.000000 10000.000000 10000.000000 10000.000000 0.000000
41.000000 20.000000 1.000000 10000.000000 10000.000000 10000.000000 0.000000
41.000000 21.000000 1.000000 10000.000000 10000.000000 10000.000000 0.000000
41.000000 22.000000 1.000000 10000.000000 10000.000000 10000.000000 0.000000
41.000000 23.000000 1.000000 10000.000000 10000.000000 10000.000000 0.000000
41.000000 24.000000 1.000000 10000.000000 10000.000000 10000.000000 0.000000
41.000000 25.000000 1.000000 10000.000000 10000.000000 10000.000000 0.000000
41.000000 26.000000 1.000000 10000.000000 10000.000000 10000.000000 0.000000
41.000000 27.000000 1.000000 10000.000000 10000.000000 10000.000000 0.000000
41.000000 28.000000 1.000000 10000.000000 10000.000000 10000.000000 0.000000
41.000000 29.000000 1.000000 10000.000000 10000.000000 10000.000000 0.000000
41.000000 30.000000 1.000000 10000.000000 10000.000000 10000.000000 0.000000
41.000000 31.000000 1.000000 10000.000000 10000.000000 10000.000000 0.000000
41.000000 32.000000 1.000000 10000.000000 10000.000000 10000.000000 0.000000
41.000000 33.000000 1.000000 10000.000000 10000.000000 10000.000000 0.000000
41.000000 34.000000 1.000000 10000.000000 10000.000000 10000.000000 0.000000
41.000000 35.000000 1.000000 10000.000000 10000.000000 10000.000000 0.000000
41.000000 36.000000 1.000000 10000.000000 10000.000000 10000.000000 0.000000
41.000000 37.000000 1.000000 10000.000000 10000.000000 10000.000000 0.000000
41.000000 38.000000 1.000000 10000.000000 10000.000000 10000.000000 0.000000
41.000000 39.000000 1.000000 10000.000000 10000.000000 10000.000000 0.000000
41.000000 40.000000 1.000000 10000.000000 10000.000000 10000.000000 0.000000
41.000000 41.000000 1.000000 10000.000000 10000.000000 10000.000000 0.000000
41.000000 42.000000 1.000000 10000.000000 10000.000000 10000.000000 0.000000
41.000000 43.000000 1.000000 10000.000000 10000.000000 10000.000000 0.000000
41.000000 44.000000 1.000000 10000.000000 10000.000000 10000.000000 0.000000
41.000000 45.000000 1.000000 10000.000000 10000.000000 10000.000000 0.000000
41.000000 46.000000 1.000000 10000.000000 10000.000000 10000.000000 0.000000
41.000000 47.000000 1.000000 10000.000000 10000.000000 10000.000000 0.000000
41.000000 48.000000 1.000000 10000.000000 10000.000000 10000.000000 0.000000
41.000000 49.000000 1.000000 10000.000000 10000.000000 10000.000000 0.000000
42.000000 0.000000 1.000000 10000.000000 10000.000000 10000.000000 0.000000
42.000000 1.000000 1.000000 10000.000000 10000.000000 10000.000000 0.000000
42.000000 2.000000 1.000000 9999.000000 10000.000000 9999.000000 0.000000
42.000000 3.000000 1.000000 9997.000000 10000.000000 9997.000000 0.000000
42.000000 4.000000 1.000000 9977.000000 10000.000000 9977.000000 0.000000
42.000000 5.000000 1.000000 9946.000000 10000.000000 9946.000000 0.000000
42.000000 6.000000 9745.000000 0.000000 10000.000000 9745.000000 9745.000000
42.000000 7.000000 8030.000000 0.000000 10000.000000 8030.000000 8030.000000
42.000000 8.000000 6790.000000 0.000000 10000.000000 6790.000000 6790.000000
42.000000 9.000000 2991.000000 4629.000000 10000.000000 6094.000000 1465.000000
42.000000 10.000000 12.000000 21.000000 2469.000000 5897.000000 5.000000
42.000000 11.000000 175.000000 64.000000 2963.000000 5932.000000 135.000000
42.000000 12.000000 2204.000000 2507.000000 6287.000000 7449.000000 1483.000000
42.000000 13.000000 3494.000000 4829.000000 8392.000000 8584.000000 2175.000000
42.000000 14.000000 2649.000000 4069.000000 6342.000000 9141.000000 1521.000000
42.000000 15.000000 698.000000 4006.000000 4764.000000 9206.000000 186.000000
42.000000 16.000000 901.000000 3960.000000 4583.000000 9293.000000 168.000000
42.000000 17.000000 1.000000 4092.000000 4416.000000 9406.000000 0.000000
42.000000 18.000000 1.000000 4242.000000 4455.000000 9537.000000 0.000000
42.000000 19.000000 1.000000 4933.000000 5037.000000 9715.000000 0.000000
42.000000 20.000000 1.000000 6667.000000 6726.000000 9884.000000 0.000000
42.000000 21.000000 1.000000 8603.000000 8651.000000 9927.000000 0.000000
42.000000 22.000000 1.000000 9668.000000 9716.000000 9950.000000 0.000000
42.000000 23.000000 1.000000 9847.000000 9889.000000 9958.000000 0.000000
42.000000 24.000000 1.000000 9972.000000 10000.000000 9972.000000 0.000000
42.000000 25.000000 1.000000 9979.000000 10000.000000 9979.000000 0.000000
42.000000 26.000000 1.000000 9987.000000 10000.000000 9987.000000 0.000000
42.000000 27.000000 1.000000 9988.000000 10000.000000 9988.000000 0.000000
42.000000 28.000000 1.000000 9993.000000 10000.000000 9993.000000 0.000000
42.000000 29.000000 1.000000 9998.000000 10000.000000 9998.000000 0.000000
42.000000 30.000000 1.000000 9998.000000 10000.000000 9998.000000 0.000000
42.000000 31.000000 1.000000 9998.000000 10000.000000 9998.000000 0.000000
42.000000 32.000000 1.000000 10000.000000 10000.000000 10000.000000 0.000000
42.000000 33.000000 1.000000 10000.000000 10000.000000 10000.000000 0.000000
42.000000 34.000000 1.000000 10000.000000 10000.000000 10000.000000 0.000000
42.000000 35.000000 1.000000 10000.000000 10000.000000 10000.000000 0.000000
42.000000 36.000000 1.000000 10000.000000 10000.000000 10000.000000 0.000000
42.000000 37.000000 1.000000 10000.000000 10000.000000 10000.000000 0.000000
42.000000 38.000000 1.000000 10000.000000 10000.000000 10000.000000 0.000000
42.000000 39.000000 1.000000 10000.000000 10000.000000 10000.000000 0.000000
42.000000 40.000000 1.000000 10000.000000 10000.000000 10000.000000 0.000000
42.000000 41.000000 1.000000 10000.000000 10000.000000 10000.000000 0.000000
42.000000 42.000000 1.000000 10000.000000 10000.000000 10000.000000 0.000000
42.000000 43.000000 1.000000 10000.000000 10000.000000 10000.000000 0.000000
42.000000 44.000000 1.000000 10000.000000 10000.000000 10000.000000 0.000000
42.000000 45.000000 1.000000 10000.000000 10000.000000 10000.000000 0.000000
42.000000 46.000000 1.000000 10000.000000 10000.000000 10000.000000 0.000000
42.000000 47.000000 1.000000 10000.000000 10000.000000 10000.000000 0.000000
42.000000 48.000000 1.000000 10000.000000 10000.000000 10000.000000 0.000000
42.000000 49.000000 1.000000 10000.000000 10000.000000 10000.000000 0.000000
43.000000 0.000000 1.000000 10000.000000 10000.000000 10000.000000 0.000000
43.000000 1.000000 1.000000 10000.000000 10000.000000 10000.000000 0.000000
43.000000 2.000000 1.000000 10000.000000 10000.000000 10000.000000 0.000000
43.000000 3.000000 1.000000 10000.000000 10000.000000 10000.000000 0.000000
43.000000 4.000000 1.000000 10000.000000 10000.000000 10000.000000 0.000000
43.000000 5.000000 1.000000 10000.000000 10000.000000 10000.000000 0.000000
43.000000 6.000000 1.000000 10000.000000 10000.000000 10000.000000 0.000000
43.000000 7.000000 1.000000 10000.000000 10000.000000 10000.000000 0.000000
43.000000 8.000000 1.000000 10000.000000 10000.000000 10000.000000 0.000000
43.000000 9.000000 1.000000 10000.000000 10000.000000 10000.000000 0.000000
43.000000 10.000000 1.000000 10000.000000 10000.000000 10000.000000 0.000000
43.000000 11.000000 1.000000 10000.000000 10000.000000 10000.000000 0.000000
43.000000 12.000000 1.000000 10000.000000 10000.000000 10000.000000 0.000000
43.000000 13.000000 1.000000 10000.000000 10000.000000 10000.000000 0.000000
43.000000 14.000000 1.000000 10000.000000 10000.000000 10000.000000 0.000000
43.000000 15.000000 1.000000 10000.000000 10000.000000 10000.000000 0.000000
43.000000 16.000000 1.000000 10000.000000 10000.000000 10000.000000 0.000000
43.000000 17.000000 1.000000 10000.000000 10000.000000 10000.000000 0.000000
43.000000 18.000000 1.000000 10000.000000 10000.000000 10000.000000 0.000000
43.000000 19.000000 1.000000 10000.000000 10000.000000 10000.000000 0.000000
43.000000 20.000000 1.000000 10000.000000 10000.000000 10000.000000 0.000000
43.000000 21.000000 1.000000 10000.000000 10000.000000 10000.000000 0.000000
43.000000 22.000000 1.000000 10000.000000 10000.000000 10000.000000 0.000000
43.000000 23.000000 1.000000 10000.000000 10000.000000 10000.000000 0.000000
43.000000 24.000000 1.000000 10000.000000 10000.000000 10000.000000 0.000000
43.000000 25.000000 1.000000 10000.000000 10000.000000 10000.000000 0.000000
43.000000 26.000000 1.000000 10000.000000 10000.000000 10000.000000 0.000000
43.000000 27.000000 1.000000 10000.000000 10000.000000 10000.000000 0.000000
43.000000 28.000000 1.000000 10000.000000 10000.000000 10000.000000 0.000000
43.000000 29.000000 1.000000 10000.000000 10000.000000 10000.000000 0.000000
43.000000 30.000000 1.000000 10000.000000 10000.000000 10000.000000 0.000000
43.000000 31.000000 1.000000 10000.000000 10000.000000 10000.000000 0.000000
43.000000 32.000000 1.000000 10000.000000 10000.000000 10000.000000 0.000000
43.000000 33.000000 1.000000 10000.000000 10000.000000 10000.000000 0.000000
43.000000 34.000000 1.000000 10000.000000 10000.000000 10000.000000 0.000000
43.000000 35.000000 1.000000 10000.000000 10000.000000 10000.000000 0.000000
43.000000 36.000000 1.000000 10000.000000 10000.000000 10000.000000 0.000000
43.000000 37.000000 1.000000 10000.000000 10000.000000 10000.000000 0.000000
43.000000 38.000000 1.000000 10000.000000 10000.000000 10000.000000 0.000000
43.000000 39.000000 1.000000 10000.000000 10000.000000 10000.000000 0.000000
43.000000 40.000000 1.000000 10000.000000 10000.000000 10000.000000 0.000000
43.000000 41.000000 1.000000 10000.000000 10000.000000 10000.000000 0.000000
43.000000 42.000000 1.000000 10000.000000 10000.000000 10000.000000 0.000000
43.000000 43.000000 1.000000 10000.000000 10000.000000 10000.000000 0.000000
43.000000 44.000000 1.000000 10000.000000 10000.000000 10000.000000 0.000000
43.000000 45.000000 1.000000 10000.000000 10000.000000 10000.000000 0.000000
43.000000 46.000000 1.000000 10000.000000 10000.000000 10000.000000 0.000000
43.000000 47.000000 1.000000 10000.000000 10000.000000 10000.000000 0.000000
43.000000 48.000000 1.000000 10000.000000 10000.000000 10000.000000 0.000000
43.000000 49.000000 1.000000 10000.000000 10000.000000 10000.000000 0.000000
44.000000 0.000000 1.000000 10000.000000 10000.000000 10000.000000 0.000000
44.000000 1.000000 1.000000 10000.000000 10000.000000 10000.000000 0.000000
44.000000 2.000000 1.000000 9999.000000 10000.000000 9999.000000 0.000000
44.000000 3.000000 1.000000 9994.000000 10000.000000 9994.000000 0.000000
44.000000 4.000000 1.000000 9982.000000 10000.000000 9982.000000 0.000000
44.000000 5.000000 1.000000 9955.000000 10000.000000 9955.000000 0.000000
44.000000 6.000000 9705.000000 0.000000 10000.000000 9705.000000 9705.000000
44.000000 7.000000 7478.000000 0.000000 10000.000000 7478.000000 7478.000000
44.000000 8.000000 5927.000000 0.000000 10000.000000 5927.000000 5927.000000
44.000000 9.000000 4402.000000 1543.000000 10000.000000 5159.000000 3616.000000
44.000000 10.000000 1.000000 24.000000 2793.000000 4942.000000 0.000000
44.000000 11.000000 1.000000 204.000000 582.000000 5053.000000 0.000000
44.000000 12.000000 1.000000 550.000000 582.000000 7171.000000 0.000000
44.000000 13.000000 1.000000 1989.000000 2011.000000 8744.000000 0.000000
44.000000 14.000000 1.000000 3747.000000 3761.000000 9557.000000 0.000000
44.000000 15.000000 1.000000 4881.000000 4893.000000 9807.000000 0.000000
44.000000 16.000000 1.000000 7552.000000 7621.000000 9881.000000 0.000000
44.000000 17.000000 1.000000 9910.000000 10000.000000 9910.000000 0.000000
44.000000 18.000000 1.000000 9932.000000 10000.000000 9932.000000 0.000000
44.000000 19.000000 1.000000 9947.000000 10000.000000 9947.000000 0.000000
44.000000 20.000000 1.000000 9959.000000 10000.000000 9959.000000 0.000000
44.000000 21.000000 1.000000 9963.000000 10000.000000 9963.000000 0.000000
44.000000 22.000000 1.000000 9965.000000 10000.000000 9965.000000 0.000000
44.000000 23.000000 1.000000 9966.000000 10000.000000 9966.000000 0.000000
44.000000 24.000000 1.000000 9972.000000 10000.000000 9972.000000 0.000000
44.000000 25.000000 1.000000 9973.000000 10000.000000 9973.000000 0.000000
44.000000 26.000000 1.000000 9984.000000 10000.000000 9984.000000 0.000000
44.000000 27.000000 1.000000 9990.000000 10000.000000 9990.000000 0.000000
44.000000 28.000000 1.000000 9996.000000 10000.000000 9996.000000 0.000000
44.000000 29.000000 1.000000 9996.000000 10000.000000 9996.000000 0.000000
44.000000 30.000000 1.000000 9999.000000 10000.000000 9999.000000 0.000000
44.000000 31.000000 1.000000 9999.000000 10000.000000 9999.000000 0.000000
44.000000 32.000000 1.000000 9999.000000 10000.000000 9999.000000 0.000000
44.000000 33.000000 1.000000 10000.000000 10000.000000 10000.000000 0.000000
44.000000 34.000000 1.000000 10000.000000 10000.000000 10000.000000 0.000000
44.000000 35.000000 1.000000 10000.000000 10000.000000 10000.000000 0.000000
44.000000 36.000000 1.000000 10000.000000 10000.000000 10000.000000 0.000000
44.000000 37.000000 1.000000 10000.000000 10000.000000 10000.000000 0.000000
44.000000 38.000000 1.000000 10000.000000 10000.000000 10000.000000 0.000000
44.000000 39.000000 1.000000 10000.000000 10000.000000 10000.000000 0.000000
44.000000 40.000000 1.000000 10000.000000 10000.000000 10000.000000 0.000000
44.000000 41.000000 1.000000 10000.000000 10000.000000 10000.000000 0.000000
44.000000 42.000000 1.000000 10000.000000 10000.000000 10000.000000 0.000000
44.000000 43.000000 1.000000 10000.000000 10000.000000 10000.000000 0.000000
44.000000 44.000000 1.000000 10000.000000 10000.000000 10000.000000 0.000000
44.000000 45.000000 1.000000 10000.000000 10000.000000 10000.000000 0.000000
44.000000 46.000000 1.000000 10000.000000 10000.000000 10000.000000 0.000000
44.000000 47.000000 1.000000 10000.000000 10000.000000 10000.000000 0.000000
44.000000 48.000000 1.000000 10000.000000 10000.000000 10000.000000 0.000000
44.000000 49.000000 1.000000 10000.000000 10000.000000 10000.000000 0.000000
45.000000 0.000000 1.000000 10000.000000 10000.000000 10000.000000 0.000000
45.000000 1.000000 1.000000 10000.000000 10000.000000 10000.000000 0.000000
45.000000 2.000000 1.000000 9999.000000 10000.000000 9999.000000 0.000000
45.000000 3.000000 1.000000 9997.000000 10000.000000 9997.000000 0.000000
45.000000 4.000000 1.000000 9990.000000 10000.000000 9990.000000 0.000000
45.000000 5.000000 1.000000 9965.000000 10000.000000 9965.000000 0.000000
45.000000 6.000000 9712.000000 0.000000 10000.000000 9712.000000 9712.000000
45.000000 7.000000 7499.000000 0.000000 10000.000000 7499.000000 7499.000000
45.000000 8.000000 5854.000000 0.000000 10000.000000 5854.000000 5854.000000
45.000000 9.000000 4054.000000 1832.000000 10000.000000 4968.000000 3136.000000
45.000000 10.000000 1.000000 19.000000 2002.000000 4714.000000 0.000000
45.000000 11.000000 1.000000 218.000000 585.000000 4843.000000 0.000000
45.000000 12.000000 1.000000 550.000000 585.000000 6940.000000 0.000000
45.000000 13.000000 1.000000 1973.000000 2002.000000 8606.000000 0.000000
45.000000 14.000000 1.000000 3848.000000 3865.000000 9524.000000 0.000000
45.000000 15.000000 1.000000 5141.000000 5160.000000 9778.000000 0.000000
45.000000 16.000000 1.000000 7831.000000 7938.000000 9833.000000 0.000000
45.000000 17.000000 1.000000 9856.000000 10000.000000 9856.000000 0.000000
45.000000 18.000000 1.000000 9866.000000 10000.000000 9866.000000 0.000000
45.000000 19.000000 1.000000 9885.000000 10000.000000 9885.000000 0.000000
45.000000 20.000000 1.000000 9923.000000 10000.000000 9923.000000 0.000000
45.000000 21.000000 1.000000 9947.000000 10000.000000 9947.000000 0.000000
45.000000 22.000000 1.000000 9963.000000 10000.000000 9963.000000 0.000000
45.000000 23.000000 1.000000 9980.000000 10000.000000 9980.000000 0.000000
45.000000 24.000000 1.000000 9990.000000 10000.000000 9990.000000 0.000000
45.000000 25.000000 1.000000 9996.000000 10000.000000 9996.000000 0.000000
45.000000 26.000000 1.000000 9999.000000 10000.000000 9999.000000 0.000000
45.000000 27.000000 1.000000 10000.000000 10000.000000 10000.000000 0.000000
45.000000 28.000000 1.000000 10000.000000 10000.000000 10000.000000 0.000000
45.000000 29.000000 1.000000 10000.000000 10000.000000 10000.000000 0.000000
45.000000 30.000000 1.000000 10000.000000 10000.000000 10000.000000 0.000000
45.000000 31.000000 1.000000 10000.000000 10000.000000 10000.000000 0.000000
45.000000 32.000000 1.000000 10000.000000 10000.000000 10000.000000 0.000000
45.000000 33.000000 1.000000 10000.000000 10000.000000 10000.000000 0.000000
45.000000 34.000000 1.000000 10000.000000 10000.000000 10000.000000 0.000000
45.000000 35.000000 1.000000 10000.000000 10000.000000 10000.000000 0.000000
45.000000 36.000000 1.000000 10000.000000 10000.000000 10000.000000 0.000000
45.000000 37.000000 1.000000 10000.000000 10000.000000 10000.000000 0.000000
45.000000 38.000000 1.000000 10000.000000 10000.000000 10000.000000 0.000000
45.000000 39.000000 1.000000 10000.000000 10000.000000 10000.000000 0.000000
45.000000 40.000000 1.000000 10000.000000 10000.000000 10000.000000 0.000000
45.000000 41.000000 1.000000 10000.000000 10000.000000 10000.000000 0.000000
45.000000 42.000000 1.000000 10000.000000 10000.000000 10000.000000 0.000000
45.000000 43.000000 1.000000 10000.000000 10000.000000 10000.000000 0.000000
45.000000 44.000000 1.000000 10000.000000 10000.000000 10000.000000 0.000000
45.000000 45.000000 1.000000 10000.000000 10000.000000 10000.000000 0.000000
45.000000 46.000000 1.000000 10000.000000 10000.000000 10000.000000 0.000000
45.000000 47.000000 1.000000 10000.000000 10000.000000 10000.000000 0.000000
45.000000 48.000000 1.000000 10000.000000 10000.000000 10000.000000 0.000000
45.000000 49.000000 1.000000 10000.000000 10000.000000 10000.000000 0.000000
46.000000 0.000000 1.000000 10000.000000 10000.000000 10000.000000 0.000000
46.000000 1.000000 1.000000 10000.000000 10000.000000 10000.000000 0.000000
46.000000 2.000000 1.000000 10000.000000 10000.000000 10000.000000 0.000000
46.000000 3.000000 1.000000 10000.000000 10000.000000 10000.000000 0.000000
46.000000 4.000000 1.000000 10000.000000 10000.000000 10000.000000 0.000000
46.000000 5.000000 1.000000 10000.000000 10000.000000 10000.000000 0.000000
46.000000 6.000000 1.000000 10000.000000 10000.000000 10000.000000 0.000000
46.000000 7.000000 1.000000 10000.000000 10000.000000 10000.000000 0.000000
46.000000 8.000000 1.000000 10000.000000 10000.000000 10000.000000 0.000000
46.000000 9.000000 1.000000 10000.000000 10000.000000 10000.000000 0.000000
46.000000 10.000000 1.000000 10000.000000 10000.000000 10000.000000 0.000000
46.000000 11.000000 1.000000 10000.000000 10000.000000 10000.000000 0.000000
46.000000 12.000000 1.000000 10000.000000 10000.000000 10000.000000 0.000000
46.000000 13.000000 1.000000 10000.000000 10000.000000 10000.000000 0.000000
46.000000 14.000000 1.000000 10000.000000 10000.000000 10000.000000 0.000000
46.000000 15.000000 1.000000 10000.000000 10000.000000 10000.000000 0.000000
46.000000 16.000000 1.000000 10000.000000 10000.000000 10000.000000 0.000000
46.000000 17.000000 1.000000 10000.000000 10000.000000 10000.000000 0.000000
46.000000 18.000000 1.000000 10000.000000 10000.000000 10000.000000 0.000000
46.000000 19.000000 1.000000 10000.000000 10000.000000 10000.000000 0.000000
46.000000 20.000000 1.000000 10000.000000 10000.000000 10000.000000 0.000000
46.000000 21.000000 1.000000 10000.000000 10000.000000 10000.000000 0.000000
46.000000 22.000000 1.000000 10000.000000 10000.000000 10000.000000 0.000000
46.000000 23.000000 1.000000 10000.000000 10000.000000 10000.000000 0.000000
46.000000 24.000000 1.000000 10000.000000 10000.000000 10000.000000 0.000000
46.000000 25.000000 1.000000 10000.000000 10000.000000 10000.000000 0.000000
46.000000 26.000000 1.000000 10000.000000 10000.000000 10000.000000 0.000000
46.000000 27.000000 1.000000 10000.000000 10000.000000 10000.000000 0.000000
46.000000 28.000000 1.000000 10000.000000 10000.000000 10000.000000 0.000000
46.000000 29.000000 1.000000 10000.000000 10000.000000 10000.000000 0.000000
46.000000 30.000000 1.000000 10000.000000 10000.000000 10000.000000 0.000000
46.000000 31.000000 1.000000 10000.000000 10000.000000 10000.000000 0.000000
46.000000 32.000000 1.000000 10000.000000 10000.000000 10000.000000 0.000000
46.000000 33.000000 1.000000 10000.000000 10000.000000 10000.000000 0.000000
46.000000 34.000000 1.000000 10000.000000 10000.000000 10000.000000 0.000000
46.000000 35.000000 1.000000 10000.000000 10000.000000 10000.000000 0.000000
46.000000 36.000000 1.000000 10000.000000 10000.000000 10000.000000 0.000000
46.000000 37.000000 1.000000 10000.000000 10000.000000 10000.000000 0.000000
46.000000 38.000000 1.000000 10000.000000 10000.000000 10000.000000 0.000000
46.000000 39.000000 1.000000 10000.000000 10000.000000 10000.000000 0.000000
46.000000 40.000000 1.000000 10000.000000 10000.000000 10000.000000 0.000000
46.000000 41.000000 1.000000 10000.000000 10000.000000 10000.000000 0.000000
46.000000 42.000000 1.000000 10000.000000 10000.000000 10000.000000 0.000000
46.000000 43.000000 1.000000 10000.000000 10000.000000 10000.000000 0.000000
46.000000 44.000000 1.000000 10000.000000 10000.000000 10000.000000 0.000000
46.000000 45.000000 1.000000 10000.000000 10000.000000 10000.000000 0.000000
46.000000 46.000000 1.000000 10000.000000 10000.000000 10000.000000 0.000000
46.000000 47.000000 1.000000 10000.000000 10000.000000 10000.000000 0.000000
46.000000 48.000000 1.000000 10000.000000 10000.000000 10000.000000 0.000000
46.000000 49.000000 1.000000 10000.000000 10000.000000 10000.000000 0.000000
47.000000 0.000000 1.000000 10000.000000 10000.000000 10000.000000 0.000000
47.000000 1.000000 1.000000 10000.000000 10000.000000 10000.000000 0.000000
47.000000 2.000000 1.000000 9999.000000 10000.000000 9999.000000 0.000000
47.000000 3.000000 1.000000 9999.000000 10000.000000 9999.000000 0.000000
47.000000 4.000000 1.000000 9999.000000 10000.000000 9999.000000 0.000000
47.000000 5.000000 1.000000 9999.000000 10000.000000 9999.000000 0.000000
47.000000 6.000000 1.000000 9999.000000 10000.000000 9999.000000 0.000000
47.000000 7.000000 1.000000 10000.000000 10000.000000 10000.000000 0.000000
47.000000 8.000000 1.000000 10000.000000 10000.000000 10000.000000 0.000000
47.000000 9.000000 1.000000 10000.000000 10000.000000 10000.000000 0.000000
47.000000 10.000000 1.000000 10000.000000 10000.000000 10000.000000 0.000000
47.000000 11.000000 1.000000 10000.000000 10000.000000 10000.000000 0.000000
47.000000 12.000000 1.000000 10000.000000 10000.000000 10000.000000 0.000000
47.000000 13.000000 1.000000 10000.000000 10000.000000 10000.000000 0.000000
47.000000 14.000000 1.000000 10000.000000 10000.000000 10000.000000 0.000000
47.000000 15.000000 1.000000 10000.000000 10000.000000 10000.000000 0.000000
47.000000 16.000000 1.000000 10000.000000 10000.000000 10000.000000 0.000000
47.000000 17.000000 1.000000 10000.000000 10000.000000 10000.000000 0.000000
47.000000 18.000000 1.000000 10000.000000 10000.000000 10000.000000 0.000000
47.000000 19.000000 1.000000 10000.000000 10000.000000 10000.000000 0.000000
47.000000 20.000000 1.000000 10000.000000 10000.000000 10000.000000 0.000000
47.000000 21.000000 1.000000 10000.000000 10000.000000 10000.000000 0.000000
47.000000 22.000000 1.000000 10000.000000 10000.000000 10000.000000 0.000000
47.000000 23.000000 1.000000 10000.000000 10000.000000 10000.000000 0.000000
47.000000 24.000000 1.000000 10000.000000 10000.000000 10000.000000 0.000000
47.000000 25.000000 1.000000 10000.000000 10000.000000 10000.000000 0.000000
47.000000 26.000000 1.000000 10000.000000 10000.000000 10000.000000 0.000000
47.000000 27.000000 1.000000 10000.000000 10000.000000 10000.000000 0.000000
47.000000 28.000000 1.000000 10000.000000 10000.000000 10000.000000 0.000000
47.000000 29.000000 1.000000 10000.000000 10000.000000 10000.000000 0.000000
47.000000 30.000000 1.000000 10000.000000 10000.000000 10000.000000 0.000000
47.000000 31.000000 1.000000 10000.000000 10000.000000 10000.000000 0.000000
47.000000 32.000000 1.000000 10000.000000 10000.000000 10000.000000 0.000000
47.000000 33.000000 1.000000 10000.000000 10000.000000 10000.000000 0.000000
47.000000 34.000000 1.000000 10000.000000 10000.000000 10000.000000 0.000000
47.000000 35.000000 1.000000 10000.000000 10000.000000 10000.000000 0.000000
47.000000 36.000000 1.000000 10000.000000 10000.000000 10000.000000 0.000000
47.000000 37.000000 1.000000 10000.000000 10000.000000 10000.000000 0.000000
47.000000 38.000000 1.000000 10000.000000 10000.000000 10000.000000 0.000000
47.000000 39.000000 1.000000 10000.000000 10000.000000 10000.000000 0.000000
47.000000 40.000000 1.000000 10000.000000 10000.000000 10000.000000 0.000000
47.000000 41.000000 1.000000 10000.000000 10000.000000 10000.000000 0.000000
47.000000 42.000000 1.000000 10000.000000 10000.000000 10000.000000 0.000000
47.000000 43.000000 1.000000 10000.000000 10000.000000 10000.000000 0.000000
47.000000 44.000000 1.000000 10000.000000 10000.000000 10000.000000 0.000000
47.000000 45.000000 1.000000 10000.000000 10000.000000 10000.000000 0.000000
47.000000 46.000000 1.000000 10000.000000 10000.000000 10000.000000 0.000000
47.000000 47.000000 1.000000 10000.000000 10000.000000 10000.000000 0.000000
47.000000 48.000000 1.000000 10000.000000 10000.000000 10000.000000 0.000000
47.000000 49.000000 1.000000 10000.000000 10000.000000 10000.000000 0.000000
48.000000 0.000000 1.000000 10000.000000 10000.000000 10000.000000 0.000000
48.000000 1.000000 1.000000 10000.000000 10000.000000 10000.000000 0.000000
48.000000 2.000000 1.000000 10000.000000 10000.000000 10000.000000 0.000000
48.000000 3.000000 1.000000 10000.000000 10000.000000 10000.000000 0.000000
48.000000 4.000000 1.000000 10000.000000 10000.000000 10000.000000 0.000000
48.000000 5.000000 1.000000 10000.000000 10000.000000 10000.000000 0.000000
48.000000 6.000000 1.000000 10000.000000 10000.000000 10000.000000 0.000000
48.000000 7.000000 1.000000 10000.000000 10000.000000 10000.000000 0.000000
48.000000 8.000000 1.000000 10000.000000 10000.000000 10000.000000 0.000000
48.000000 9.000000 1.000000 10000.000000 10000.000000 10000.000000 0.000000
48.000000 10.000000 1.000000 10000.000000 10000.000000 10000.000000 0.000000
48.000000 11.000000 1.000000 10000.000000 10000.000000 10000.000000 0.000000
48.000000 12.000000 1.000000 10000.000000 10000.000000 10000.000000 0.000000
48.000000 13.000000 1.000000 10000.000000 10000.000000 10000.000000 0.000000
48.000000 14.000000 1.000000 10000.000000 10000.000000 10000.000000 0.000000
48.000000 15.000000 1.000000 10000.000000 10000.000000 10000.000000 0.000000
48.000000 16.000000 1.000000 10000.000000 10000.000000 10000.000000 0.000000
48.000000 17.000000 1.000000 10000.000000 10000.000000 10000.000000 0.000000
48.000000 18.000000 1.000000 10000.000000 10000.000000 10000.000000 0.000000
48.000000 19.000000 1.000000 10000.000000 10000.000000 10000.000000 0.000000
48.000000 20.000000 1.000000 10000.000000 10000.000000 10000.000000 0.000000
48.000000 21.000000 1.000000 10000.000000 10000.000000 10000.000000 0.000000
48.000000 22.000000 1.000000 10000.000000 10000.000000 10000.000000 0.000000
48.000000 23.000000 1.000000 10000.000000 10000.000000 10000.000000 0.000000
48.000000 24.000000 1.000000 10000.000000 10000.000000 10000.000000 0.000000
48.000000 25.000000 1.000000 10000.000000 10000.000000 10000.000000 0.000000
48.000000 26.000000 1.000000 10000.000000 10000.000000 10000.000000 0.000000
48.000000 27.000000 1.000000 10000.000000 10000.000000 10000.000000 0.000000
48.000000 28.000000 1.000000 10000.000000 10000.000000 10000.000000 0.000000
48.000000 29.000000 1.000000 10000.000000 10000.000000 10000.000000 0.000000
48.000000 30.000000 1.000000 10000.000000 10000.000000 10000.000000 0.000000
48.000000 31.000000 1.000000 10000.000000 10000.000000 10000.000000 0.000000
48.000000 32.000000 1.000000 10000.000000 10000.000000 10000.000000 0.000000
48.000000 33.000000 1.000000 10000.000000 10000.000000 10000.000000 0.000000
48.000000 34.000000 1.000000 10000.000000 10000.000000 10000.000000 0.000000
48.000000 35.000000 1.000000 10000.000000 10000.000000 10000.000000 0.000000
48.000000 36.000000 1.000000 10000.000000 10000.000000 10000.000000 0.000000
48.000000 37.000000 1.000000 10000.000000 10000.000000 10000.000000 0.000000
48.000000 38.000000 1.000000 10000.000000 10000.000000 10000.000000 0.000000
48.000000 39.000000 1.000000 10000.000000 10000.000000 10000.000000 0.000000
48.000000 40.000000 1.000000 10000.000000 10000.000000 10000.000000 0.000000
48.000000 41.000000 1.000000 10000.000000 10000.000000 10000.000000 0.000000
48.000000 42.000000 1.000000 10000.000000 10000.000000 10000.000000 0.000000
48.000000 43.000000 1.000000 10000.000000 10000.000000 10000.000000 0.000000
48.000000 44.000000 1.000000 10000.000000 10000.000000 10000.000000 0.000000
48.000000 45.000000 1.000000 10000.000000 10000.000000 10000.000000 0.000000
48.000000 46.000000 1.000000 10000.000000 10000.000000 10000.000000 0.000000
48.000000 47.000000 1.000000 10000.000000 10000.000000 10000.000000 0.000000
48.000000 48.000000 1.000000 10000.000000 10000.000000 10000.000000 0.000000
48.000000 49.000000 1.000000 10000.000000 10000.000000 10000.000000 0.000000
49.000000 0.000000 1.000000 10000.000000 10000.000000 10000.000000 0.000000
49.000000 1.000000 1.000000 10000.000000 10000.000000 10000.000000 0.000000
49.000000 2.000000 1.000000 10000.000000 10000.000000 10000.000000 0.000000
49.000000 3.000000 1.000000 9997.000000 10000.000000 9997.000000 0.000000
49.000000 4.000000 1.000000 9976.000000 10000.000000 9976.000000 0.000000
49.000000 5.000000 9264.000000 532.000000 10000.000000 9796.000000 9264.000000
49.000000 6.000000 7863.000000 0.000000 10000.000000 7863.000000 7863.000000
49.000000 7.000000 6327.000000 0.000000 10000.000000 6327.000000 6327.000000
49.000000 8.000000 5044.000000 940.000000 10000.000000 5450.000000 4510.000000
49.000000 9.000000 1.000000 19.000000 495.000000 5205.000000 0.000000
49.000000 10.000000 1.000000 151.000000 495.000000 5263.000000 0.000000
49.000000 11.000000 1.000000 460.000000 495.000000 7099.000000 0.000000
49.000000 12.000000 1.000000 1698.000000 1721.000000 8614.000000 0.000000
49.000000 13.000000 1.000000 3376.000000 3390.000000 9504.000000 0.000000
49.000000 14.000000 1.000000 4386.000000 4405.000000 9751.000000 0.000000
49.000000 15.000000 1.000000 6936.000000 7028.000000 9802.000000 0.000000
49.000000 16.000000 1.000000 9810.000000 10000.000000 9810.000000 0.000000
49.000000 17.000000 1.000000 9826.000000 10000.000000 9826.000000 0.000000
49.000000 18.000000 1.000000 9862.000000 10000.000000 9862.000000 0.000000
49.000000 19.000000 1.000000 9901.000000 10000.000000 9901.000000 0.000000
49.000000 20.000000 1.000000 9927.000000 10000.000000 9927.000000 0.000000
49.000000 21.000000 1.000000 9941.000000 10000.000000 9941.000000 0.000000
49.000000 22.000000 1.000000 9944.000000 10000.000000 9944.000000 0.000000
49.000000 23.000000 1.000000 9949.000000 10000.000000 9949.000000 0.000000
49.000000 24.000000 1.000000 9953.000000 10000.000000 9953.000000 0.000000
49.000000 25.000000 1.000000 9960.000000 10000.000000 9960.000000 0.000000
49.000000 26.000000 1.000000 9964.000000 10000.000000 9964.000000 0.000000
49.000000 27.000000 1.000000 9975.000000 10000.000000 9975.000000 0.000000
49.000000 28.000000 1.000000 9982.000000 10000.000000 9982.000000 0.000000
49.000000 29.000000 1.000000 9983.000000 10000.000000 9983.000000 0.000000
49.000000 30.000000 1.000000 9988.000000 10000.000000 9988.000000 0.000000
49.000000 31.000000 1.000000 9989.000000 10000.000000 9989.000000 0.000000
49.000000 32.000000 1.000000 9992.000000 10000.000000 9992.000000 0.000000
49.000000 33.000000 1.000000 9993.000000 10000.000000 9993.000000 0.000000
49.000000 34.000000 1.000000 9997.000000 10000.000000 9997.000000 0.000000
49.000000 35.000000 1.000000 9999.000000 10000.000000 9999.000000 0.000000
49.000000 36.000000 1.000000 10000.000000 10000.000000 10000.000000 0.000000
49.000000 37.000000 1.000000 10000.000000 10000.000000 10000.000000 0.000000
49.000000 38.000000 1.000000 10000.000000 10000.000000 10000.000000 0.000000
49.000000 39.000000 1.000000 10000.000000 10000.000000 10000.000000 0.000000
49.000000 40.000000 1.000000 10000.000000 10000.000000 10000.000000 0.000000
49.000000 41.000000 1.000000 10000.000000 10000.000000 10000.000000 0.000000
49.000000 42.000000 1.000000 10000.000000 10000.000000 10000.000000 0.000000
49.000000 43.000000 1.000000 10000.000000 10000.000000 10000.000000 0.000000
49.000000 44.000000 1.000000 10000.000000 10000.000000 10000.000000 0.000000
49.000000 45.000000 1.000000 10000.000000 10000.000000 10000.000000 0.000000
49.000000 46.000000 1.000000 10000.000000 10000.000000 10000.000000 0.000000
49.000000 47.000000 1.000000 10000.000000 10000.000000 10000.000000 0.000000
49.000000 48.000000 1.000000 10000.000000 10000.000000 10000.000000 0.000000
49.000000 49.000000 1.000000 10000.000000 10000.000000 10000.000000 0.000000
50.000000 0.000000 1.000000 10000.000000 10000.000000 10000.000000 0.000000
50.000000 1.000000 1.000000 10000.000000 10000.000000 10000.000000 0.000000
50.000000 2.000000 1.000000 10000.000000 10000.000000 10000.000000 0.000000
50.000000 3.000000 1.000000 9999.000000 10000.000000 9999.000000 0.000000
50.000000 4.000000 1.000000 9999.000000 10000.000000 9999.000000 0.000000
50.000000 5.000000 1.000000 9999.000000 10000.000000 9999.000000 0.000000
50.000000 6.000000 1.000000 9999.000000 10000.000000 9999.000000 0.000000
50.000000 7.000000 1.000000 9999.000000 10000.000000 9999.000000 0.000000
50.000000 8.000000 1.000000 10000.000000 10000.000000 10000.000000 0.000000
50.000000 9.000000 1.000000 10000.000000 10000.000000 10000.000000 0.000000
50.000000 10.000000 1.000000 10000.000000 10000.000000 10000.000000 0.000000
50.000000 11.000000 1.000000 10000.000000 10000.000000 10000.000000 0.000000
50.000000 12.000000 1.000000 10000.000000 10000.000000 10000.000000 0.000000
50.000000 13.000000 1.000000 10000.000000 10000.000000 10000.000000 0.000000
50.000000 14.000000 1.000000 10000.000000 10000.000000 10000.000000 0.000000
50.000000 15.000000 1.000000 10000.000000 10000.000000 10000.000000 0.000000
50.000000 16.000000 1.000000 10000.000000 10000.000000 10000.000000 0.000000
50.000000 17.000000 1.000000 10000.000000 10000.000000 10000.000000 0.000000
50.000000 18.000000 1.000000 10000.000000 10000.000000 10000.000000 0.000000
50.000000 19.000000 1.000000 10000.000000 10000.000000 10000.000000 0.000000
50.000000 20.000000 1.000000 10000.000000 10000.000000 10000.000000 0.000000
50.000000 21.000000 1.000000 10000.000000 10000.000000 10000.000000 0.000000
50.000000 22.000000 1.000000 10000.000000 10000.000000 10000.000000 0.000000
50.000000 23.000000 1.000000 10000.000000 10000.000000 10000.000000 0.000000
50.000000 24.000000 1.000000 10000.000000 10000.000000 10000.000000 0.000000
50.000000 25.000000 1.000000 10000.000000 10000.000000 10000.000000 0.000000
50.000000 26.000000 1.000000 10000.000000 10000.000000 10000.000000 0.000000
50.000000 27.000000 1.000000 10000.000000 10000.000000 10000.000000 0.000000
50.000000 28.000000 1.000000 10000.000000 10000.000000 10000.000000 0.000000
50.000000 29.000000 1.000000 10000.000000 10000.000000 10000.000000 0.000000
50.000000 30.000000 1.000000 10000.000000 10000.000000 10000.000000 0.000000
50.000000 31.000000 1.000000 10000.000000 10000.000000 10000.000000 0.000000
50.000000 32.000000 1.000000 10000.000000 10000.000000 10000.000000 0.000000
50.000000 33.000000 1.000000 10000.000000 10000.000000 10000.000000 0.000000
50.000000 34.000000 1.000000 10000.000000 10000.000000 10000.000000 0.000000
50.000000 35.000000 1.000000 10000.000000 10000.000000 10000.000000 0.000000
50.000000 36.000000 1.000000 10000.000000 10000.000000 10000.000000 0.000000
50.000000 37.000000 1.000000 10000.000000 10000.000000 10000.000000 0.000000
50.000000 38.000000 1.000000 10000.000000 10000.000000 10000.000000 0.000000
50.000000 39.000000 1.000000 10000.000000 10000.000000 10000.000000 0.000000
50.000000 40.000000 1.000000 10000.000000 10000.000000 10000.000000 0.000000
50.000000 41.000000 1.000000 10000.000000 10000.000000 10000.000000 0.000000
50.000000 42.000000 1.000000 10000.000000 10000.000000 10000.000000 0.000000
50.000000 43.000000 1.000000 10000.000000 10000.000000 10000.000000 0.000000
50.000000 44.000000 1.000000 10000.000000 10000.000000 10000.000000 0.000000
50.000000 45.000000 1.000000 10000.000000 10000.000000 10000.000000 0.000000
50.000000 46.000000 1.000000 10000.000000 10000.000000 10000.000000 0.000000
50.000000 47.000000 1.000000 10000.000000 10000.000000 10000.000000 0.000000
50.000000 48.000000 1.000000 10000.000000 10000.000000 10000.000000 0.000000
50.000000 49.000000 1.000000 10000.000000 10000.000000 10000.000000 0.000000
51.000000 0.000000 1.000000 10000.000000 10000.000000 10000.000000 0.000000
51.000000 1.000000 1.000000 10000.000000 10000.000000 10000.000000 0.000000
51.000000 2.000000 1.000000 9999.000000 10000.000000 9999.000000 0.000000
51.000000 3.000000 1.000000 9999.000000 10000.000000 9999.000000 0.000000
51.000000 4.000000 1.000000 9999.000000 10000.000000 9999.000000 0.000000
51.000000 5.000000 1.000000 9999.000000 10000.000000 9999.000000 0.000000
51.000000 6.000000 1.000000 9999.000000 10000.000000 9999.000000 0.000000
51.000000 7.000000 1.000000 10000.000000 10000.000000 10000.000000 0.000000
51.000000 8.000000 1.000000 10000.000000 10000.000000 10000.000000 0.000000
51.000000 9.000000 1.000000 10000.000000 10000.000000 10000.000000 0.000000
51.000000 10.000000 1.000000 10000.000000 10000.000000 10000.000000 0.000000
51.000000 11.000000 1.000000 10000.000000 10000.000000 10000.000000 0.000000
51.000000 12.000000 1.000000 10000.000000 10000.000000 10000.000000 0.000000
51.000000 13.000000 1.000000 10000.000000 10000.000000 10000.000000 0.000000
51.000000 14.000000 1.000000 10000.000000 10000.000000 10000.000000 0.000000
51.000000 15.000000 1.000000 10000.000000 10000.000000 10000.000000 0.000000
51.000000 16.000000 1.000000 10000.000000 10000.000000 10000.000000 0.000000
51.000000 17.000000 1.000000 10000.000000 10000.000000 10000.000000 0.000000
51.000000 18.000000 1.000000 10000.000000 10000.000000 10000.000000 0.000000
51.000000 19.000000 1.000000 10000.000000 10000.000000 10000.000000 0.000000
51.000000 20.000000 1.000000 10000.000000 10000.000000 10000.000000 0.000000
51.000000 21.000000 1.000000 10000.000000 10000.000000 10000.000000 0.000000
51.000000 22.000000 1.000000 10000.000000 10000.000000 10000.000000 0.000000
51.000000 23.000000 1.000000 10000.000000 10000.000000 10000.000000 0.000000
51.000000 24.000000 1.000000 10000.000000 10000.000000 10000.000000 0.000000
51.000000 25.000000 1.000000 10000.000000 10000.000000 10000.000000 0.000000
51.000000 26.000000 1.000000 10000.000000 10000.000000 10000.000000 0.000000
51.000000 27.000000 1.000000 10000.000000 10000.000000 10000.000000 0.000000
51.000000 28.000000 1.000000 10000.000000 10000.000000 10000.000000 0.000000
51.000000 29.000000 1.000000 10000.000000 10000.000000 10000.000000 0.000000
51.000000 30.000000 1.000000 10000.000000 10000.000000 10000.000000 0.000000
51.000000 31.000000 1.000000 10000.000000 10000.000000 10000.000000 0.000000
51.000000 32.000000 1.000000 10000.000000 10000.000000 10000.000000 0.000000
51.000000 33.000000 1.000000 10000.000000 10000.000000 10000.000000 0.000000
51.000000 34.000000 1.000000 10000.000000 10000.000000 10000.000000 0.000000
51.000000 35.000000 1.000000 10000.000000 10000.000000 10000.000000 0.000000
51.000000 36.000000 1.000000 10000.000000 10000.000000 10000.000000 0.000000
51.000000 37.000000 1.000000 10000.000000 10000.000000 10000.000000 0.000000
51.000000 38.000000 1.000000 10000.000000 10000.000000 10000.000000 0.000000
51.000000 39.000000 1.000000 10000.000000 10000.000000 10000.000000 0.000000
51.000000 40.000000 1.000000 10000.000000 10000.000000 10000.000000 0.000000
51.000000 41.000000 1.000000 10000.000000 10000.000000 10000.000000 0.000000
51.000000 42.000000 1.000000 10000.000000 10000.000000 10000.000000 0.000000
51.000000 43.000000 1.000000 10000.000000 10000.000000 10000.000000 0.000000
51.000000 44.000000 1.000000 10000.000000 10000.000000 10000.000000 0.000000
51.000000 45.000000 1.000000 10000.000000 10000.000000 10000.000000 0.000000
51.000000 46.000000 1.000000 10000.000000 10000.000000 10000.000000 0.000000
51.000000 47.000000 1.000000 10000.000000 10000.000000 10000.000000 0.000000
51.000000 48.000000 1.000000 10000.000000 10000.000000 10000.000000 0.000000
51.000000 49.000000 1.000000 10000.000000 10000.000000 10000.000000 0.000000
52.000000 0.000000 1.000000 10000.000000 10000.000000 10000.000000 0.000000
52.000000 1.000000 1.000000 10000.000000 10000.000000 10000.000000 0.000000
52.000000 2.000000 1.000000 10000.000000 10000.000000 10000.000000 0.000000
52.000000 3.000000 1.000000 9994.000000 10000.000000 9994.000000 0.000000
52.000000 4.000000 1.000000 9972.000000 10000.000000 9972.000000 0.000000
52.000000 5.000000 995.000000 9625.000000 10000.000000 9882.000000 257.000000
52.000000 6.000000 9463.000000 0.000000 10000.000000 9463.000000 9463.000000
52.000000 7.000000 7195.000000 0.000000 10000.000000 7195.000000 7195.000000
52.000000 8.000000 5541.000000 0.000000 10000.000000 5541.000000 5541.000000
52.000000 9.000000 4038.000000 1609.000000 10000.000000 4832.000000 3223.000000
52.000000 10.000000 1.000000 79.000000 931.000000 4699.000000 0.000000
52.000000 11.000000 1.000000 352.000000 874.000000 4989.000000 0.000000
52.000000 12.000000 1.000000 880.000000 931.000000 7150.000000 0.000000
52.000000 13.000000 1.000000 2188.000000 2204.000000 8858.000000 0.000000
52.000000 14.000000 1.000000 4140.000000 4156.000000 9588.000000 0.000000
52.000000 15.000000 1.000000 5272.000000 5295.000000 9813.000000 0.000000
52.000000 16.000000 1.000000 7786.000000 7870.000000 9866.000000 0.000000
52.000000 17.000000 1.000000 9893.000000 10000.000000 9893.000000 0.000000
52.000000 18.000000 1.000000 9913.000000 10000.000000 9913.000000 0.000000
52.000000 19.000000 1.000000 9927.000000 10000.000000 9927.000000 0.000000
52.000000 20.000000 1.000000 9942.000000 10000.000000 9942.000000 0.000000
52.000000 21.000000 1.000000 9956.000000 10000.000000 9956.000000 0.000000
52.000000 22.000000 1.000000 9968.000000 10000.000000 9968.000000 0.000000
52.000000 23.000000 1.000000 9973.000000 10000.000000 9973.000000 0.000000
52.000000 24.000000 1.000000 9983.000000 10000.000000 9983.000000 0.000000
52.000000 25.000000 1.000000 9994.000000 10000.000000 9994.000000 0.000000
52.000000 26.000000 1.000000 9997.000000 10000.000000 9997.000000 0.000000
52.000000 27.000000 1.000000 9999.000000 10000.000000 9999.000000 0.000000
52.000000 28.000000 1.000000 9999.000000 10000.000000 9999.000000 0.000000
52.000000 29.000000 1.000000 10000.000000 10000.000000 10000.000000 0.000000
52.000000 30.000000 1.000000 10000.000000 10000.000000 10000.000000 0.000000
52.000000 31.000000 1.000000 10000.000000 10000.000000 10000.000000 0.000000
52.000000 32.000000 1.000000 10000.000000 10000.000000 10000.000000 0.000000
52.000000 33.000000 1.000000 10000.000000 10000.000000 10000.000000 0.000000
52.000000 34.000000 1.000000 10000.000000 10000.000000 10000.000000 0.000000
52.000000 35.000000 1.000000 10000.000000 10000.000000 10000.000000 0.000000
52.000000 36.000000 1.000000 10000.000000 10000.000000 10000.000000 0.000000
52.000000 37.000000 1.000000 10000.000000 10000.000000 10000.000000 0.000000
52.000000 38.000000 1.000000 10000.000000 10000.000000 10000.000000 0.000000
52.000000 39.000000 1.000000 10000.000000 10000.000000 10000.000000 0.000000
52.000000 40.000000 1.000000 10000.000000 10000.000000 10000.000000 0.000000
52.000000 41.000000 1.000000 10000.000000 10000.000000 10000.000000 0.000000
52.000000 42.000000 1.000000 10000.000000 10000.000000 10000.000000 0.000000
52.000000 43.000000 1.000000 10000.000000 10000.000000 10000.000000 0.000000
52.000000 44.000000 1.000000 10000.000000 10000.000000 10000.000000 0.000000
52.000000 45.000000 1.000000 10000.000000 10000.000000 10000.000000 0.000000
52.000000 46.000000 1.000000 10000.000000 10000.000000 10000.000000 0.000000
52.000000 47.000000 1.000000 10000.000000 10000.000000 10000.000000 0.000000
52.000000 48.000000 1.000000 10000.000000 10000.000000 10000.000000 0.000000
52.000000 49.000000 1.000000 10000.000000 10000.000000 10000.000000 0.000000
53.000000 0.000000 1.000000 10000.000000 10000.000000 10000.000000 0.000000
53.000000 1.000000 1.000000 10000.000000 10000.000000 10000.000000 0.000000
53.000000 2.000000 1.000000 10000.000000 10000.000000 10000.000000 0.000000
53.000000 3.000000 1.000000 10000.000000 10000.000000 10000.000000 0.000000
53.000000 4.000000 1.000000 10000.000000 10000.000000 10000.000000 0.000000
53.000000 5.000000 1.000000 10000.000000 10000.000000 10000.000000 0.000000
53.000000 6.000000 1.000000 10000.000000 10000.000000 10000.000000 0.000000
53.000000 7.000000 1.000000 10000.000000 10000.000000 10000.000000 0.000000
53.000000 8.000000 1.000000 10000.000000 10000.000000 10000.000000 0.000000
53.000000 9.000000 1.000000 10000.000000 10000.000000 10000.000000 0.000000
53.000000 10.000000 1.000000 10000.000000 10000.000000 10000.000000 0.000000
53.000000 11.000000 1.000000 10000.000000 10000.000000 10000.000000 0.000000
53.000000 12.000000 1.000000 10000.000000 10000.000000 10000.000000 0.000000
53.000000 13.000000 1.000000 10000.000000 10000.000000 10000.000000 0.000000
53.000000 14.000000 1.000000 10000.000000 10000.000000 10000.000000 0.000000
53.000000 15.000000 1.000000 10000.000000 10000.000000 10000.000000 0.000000
53.000000 16.000000 1.000000 10000.000000 10000.000000 10000.000000 0.000000
53.000000 17.000000 1.000000 10000.000000 10000.000000 10000.000000 0.000000
53.000000 18.000000 1.000000 10000.000000 10000.000000 10000.000000 0.000000
53.000000 19.000000 1.000000 10000.000000 10000.000000 10000.000000 0.000000
53.000000 20.000000 1.000000 10000.000000 10000.000000 10000.000000 0.000000
53.000000 21.000000 1.000000 10000.000000 10000.000000 10000.000000 0.000000
53.000000 22.000000 1.000000 10000.000000 10000.000000 10000.000000 0.000000
53.000000 23.000000 1.000000 10000.000000 10000.000000 10000.000000 0.000000
53.000000 24.000000 1.000000 10000.000000 10000.000000 10000.000000 0.000000
53.000000 25.000000 1.000000 10000.000000 10000.000000 10000.000000 0.000000
53.000000 26.000000 1.000000 10000.000000 10000.000000 10000.000000 0.000000
53.000000 27.000000 1.000000 10000.000000 10000.000000 10000.000000 0.000000
53.000000 28.000000 1.000000 10000.000000 10000.000000 10000.000000 0.000000
53.000000 29.000000 1.000000 10000.000000 10000.000000 10000.000000 0.000000
53.000000 30.000000 1.000000 10000.000000 10000.000000 10000.000000 0.000000
53.000000 31.000000 1.000000 10000.000000 10000.000000 10000.000000 0.000000
53.000000 32.000000 1.000000 10000.000000 10000.000000 10000.000000 0.000000
53.000000 33.000000 1.000000 10000.000000 10000.000000 10000.000000 0.000000
53.000000 34.000000 1.000000 10000.000000 10000.000000 10000.000000 0.000000
53.000000 35.000000 1.000000 10000.000000 10000.000000 10000.000000 0.000000
53.000000 36.000000 1.000000 10000.000000 10000.000000 10000.000000 0.000000
53.000000 37.000000 1.000000 10000.000000 10000.000000 10000.000000 0.000000
53.000000 38.000000 1.000000 10000.000000 10000.000000 10000.000000 0.000000
53.000000 39.000000 1.000000 10000.000000 10000.000000 10000.000000 0.000000
53.000000 40.000000 1.000000 10000.000000 10000.000000 10000.000000 0.000000
53.000000 41.000000 1.000000 10000.000000 10000.000000 10000.000000 0.000000
53.000000 42.000000 1.000000 10000.000000 10000.000000 10000.000000 0.000000
53.000000 43.000000 1.000000 10000.000000 10000.000000 10000.000000 0.000000
53.000000 44.000000 1.000000 10000.000000 10000.000000 10000.000000 0.000000
53.000000 45.000000 1.000000 10000.000000 10000.000000 10000.000000 0.000000
53.000000 46.000000 1.000000 10000.000000 10000.000000 10000.000000 0.000000
53.000000 47.000000 1.000000 10000.000000 10000.000000 10000.000000 0.000000
53.000000 48.000000 1.000000 10000.000000 10000.000000 10000.000000 0.000000
53.000000 49.000000 1.000000 10000.000000 10000.000000 10000.000000 0.000000
54.000000 0.000000 1.000000 10000.000000 10000.000000 10000.000000 0.000000
54.000000 1.000000 1.000000 10000.000000 10000.000000 10000.000000 0.000000
54.000000 2.000000 1.000000 9999.000000 10000.000000 9999.000000 0.000000
54.000000 3.000000 1.000000 9999.000000 10000.000000 9999.000000 0.000000
54.000000 4.000000 1.000000 9999.000000 10000.000000 9999.000000 0.000000
54.000000 5.000000 1.000000 9999.000000 10000.000000 9999.000000 0.000000
54.000000 6.000000 1.000000 9999.000000 10000.000000 9999.000000 0.000000
54.000000 7.000000 1.000000 9999.000000 10000.000000 9999.000000 0.000000
54.000000 8.000000 1.000000 10000.000000 10000.000000 10000.000000 0.000000
54.000000 9.000000 1.000000 10000.000000 10000.000000 10000.000000 0.000000
54.000000 10.000000 1.000000 10000.000000 10000.000000 10000.000000 0.000000
54.000000 11.000000 1.000000 10000.000000 10000.000000 10000.000000 0.000000
54.000000 12.000000 1.000000 10000.000000 10000.000000 10000.000000 0.000000
54.000000 13.000000 1.000000 10000.000000 10000.000000 10000.000000 0.000000
54.000000 14.000000 1.000000 10000.000000 10000.000000 10000.000000 0.000000
54.000000 15.000000 1.000000 10000.000000 10000.000000 10000.000000 0.000000
54.000000 16.000000 1.000000 10000.000000 10000.000000 10000.000000 0.000000
54.000000 17.000000 1.000000 10000.000000 10000.000000 10000.000000 0.000000
54.000000 18.000000 1.000000 10000.000000 10000.000000 10000.000000 0.000000
54.000000 19.000000 1.000000 10000.000000 10000.000000 10000.000000 0.000000
54.000000 20.000000 1.000000 10000.000000 10000.000000 10000.000000 0.000000
54.000000 21.000000 1.000000 10000.000000 10000.000000 10000.000000 0.000000
54.000000 22.000000 1.000000 10000.000000 10000.000000 10000.000000 0.000000
54.000000 23.000000 1.000000 10000.000000 10000.000000 10000.000000 0.000000
54.000000 24.000000 1.000000 10000.000000 10000.000000 10000.000000 0.000000
54.000000 25.000000 1.000000 10000.000000 10000.000000 10000.000000 0.000000
54.000000 26.000000 1.000000 10000.000000 10000.000000 10000.000000 0.000000
54.000000 27.000000 1.000000 10000.000000 10000.000000 10000.000000 0.000000
54.000000 28.000000 1.000000 10000.000000 10000.000000 10000.000000 0.000000
54.000000 29.000000 1.000000 10000.000000 10000.000000 10000.000000 0.000000
54.000000 30.000000 1.000000 10000.000000 10000.000000 10000.000000 0.000000
54.000000 31.000000 1.000000 10000.000000 10000.000000 10000.000000 0.000000
54.000000 32.000000 1.000000 10000.000000 10000.000000 10000.000000 0.000000
54.000000 33.000000 1.000000 10000.000000 10000.000000 10000.000000 0.000000
54.000000 34.000000 1.000000 10000.000000 10000.000000 10000.000000 0.000000
54.000000 35.000000 1.000000 10000.000000 10000.000000 10000.000000 0.000000
54.000000 36.000000 1.000000 10000.000000 10000.000000 10000.000000 0.000000
54.000000 37.000000 1.000000 10000.000000 10000.000000 10000.000000 0.000000
54.000000 38.000000 1.000000 10000.000000 10000.000000 10000.000000 0.000000
54.000000 39.000000 1.000000 10000.000000 10000.000000 10000.000000 0.000000
54.000000 40.000000 1.000000 10000.000000 10000.000000 10000.000000 0.000000
54.000000 41.000000 1.000000 10000.000000 10000.000000 10000.000000 0.000000
54.000000 42.000000 1.000000 10000.000000 10000.000000 10000.000000 0.000000
54.000000 43.000000 1.000000 10000.000000 10000.000000 10000.000000 0.000000
54.000000 44.000000 1.000000 10000.000000 10000.000000 10000.000000 0.000000
54.000000 45.000000 1.000000 10000.000000 10000.000000 10000.000000 0.000000
54.000000 46.000000 1.000000 10000.000000 10000.000000 10000.000000 0.000000
54.000000 47.000000 1.000000 10000.000000 10000.000000 10000.000000 0.000000
54.000000 48.000000 1.000000 10000.000000 10000.000000 10000.000000 0.000000
54.000000 49.000000 1.000000 10000.000000 10000.000000 10000.000000 0.000000
55.000000 0.000000 1.000000 10000.000000 10000.000000 10000.000000 0.000000
55.000000 1.000000 1.000000 10000.000000 10000.000000 10000.000000 0.000000
55.000000 2.000000 1.000000 9999.000000 10000.000000 9999.000000 0.000000
55.000000 3.000000 1.000000 9984.000000 10000.000000 9984.000000 0.000000
55.000000 4.000000 9765.000000 0.000000 10000.000000 9765.000000 9765.000000
55.000000 5.000000 7781.000000 0.000000 10000.000000 7781.000000 7781.000000
55.000000 6.000000 6326.000000 0.000000 10000.000000 6326.000000 6326.000000
55.000000 7.000000 4250.000000 2321.000000 10000.000000 5497.000000 3176.000000
55.000000 8.000000 1.000000 12.000000 2472.000000 5241.000000 0.000000
55.000000 9.000000 1.000000 156.000000 534.000000 5313.000000 0.000000
55.000000 10.000000 1.000000 510.000000 534.000000 7208.000000 0.000000
55.000000 11.000000 1.000000 1807.000000 1828.000000 8635.000000 0.000000
55.000000 12.000000 1.000000 3412.000000 3427.000000 9465.000000 0.000000
55.000000 13.000000 1.000000 4836.000000 4884.000000 9715.000000 0.000000
55.000000 14.000000 1.000000 7743.000000 7907.000000 9761.000000 0.000000
55.000000 15.000000 1.000000 9782.000000 10000.000000 9782.000000 0.000000
55.000000 16.000000 1.000000 9821.000000 10000.000000 9821.000000 0.000000
55.000000 17.000000 1.000000 9858.000000 10000.000000 9858.000000 0.000000
55.000000 18.000000 1.000000 9892.000000 10000.000000 9892.000000 0.000000
55.000000 19.000000 1.000000 9911.000000 10000.000000 9911.000000 0.000000
55.000000 20.000000 1.000000 9931.000000 10000.000000 9931.000000 0.000000
55.000000 21.000000 1.000000 9936.000000 10000.000000 9936.000000 0.000000
55.000000 22.000000 1.000000 9943.000000 10000.000000 9943.000000 0.000000
55.000000 23.000000 1.000000 9948.000000 10000.000000 9948.000000 0.000000
55.000000 24.000000 1.000000 9956.000000 10000.000000 9956.000000 0.000000
55.000000 25.000000 1.000000 9964.000000 10000.000000 9964.000000 0.000000
55.000000 26.000000 1.000000 9977.000000 10000.000000 9977.000000 0.000000
55.000000 27.000000 1.000000 9988.000000 10000.000000 9988.000000 0.000000
55.000000 28.000000 1.000000 9991.000000 10000.000000 9991.000000 0.000000
55.000000 29.000000 1.000000 9996.000000 10000.000000 9996.000000 0.000000
55.000000 30.000000 1.000000 9997.000000 10000.000000 9997.000000 0.000000
55.000000 31.000000 1.000000 10000.000000 10000.000000 10000.000000 0.000000
55.000000 32.000000 1.000000 10000.000000 10000.000000 10000.000000 0.000000
55.000000 33.000000 1.000000 10000.000000 10000.000000 10000.000000 0.000000
55.000000 34.000000 1.000000 10000.000000 10000.000000 10000.000000 0.000000
55.000000 35.000000 1.000000 10000.000000 10000.000000 10000.000000 0.000000
55.000000 36.000000 1.000000 10000.000000 10000.000000 10000.000000 0.000000
55.000000 37.000000 1.000000 10000.000000 10000.000000 10000.000000 0.000000
55.000000 38.000000 1.000000 10000.000000 10000.000000 10000.000000 0.000000
55.000000 39.000000 1.000000 10000.000000 10000.000000 10000.000000 0.000000
55.000000 40.000000 1.000000 10000.000000 10000.000000 10000.000000 0.000000
55.000000 41.000000 1.000000 10000.000000 10000.000000 10000.000000 0.000000
55.000000 42.000000 1.000000 10000.000000 10000.000000 10000.000000 0.000000
55.000000 43.000000 1.000000 10000.000000 10000.000000 10000.000000 0.000000
55.000000 44.000000 1.000000 10000.000000 10000.000000 10000.000000 0.000000
55.000000 45.000000 1.000000 10000.000000 10000.000000 10000.000000 0.000000
55.000000 46.000000 1.000000 10000.000000 10000.000000 10000.000000 0.000000
55.000000 47.000000 1.000000 10000.000000 10000.000000 10000.000000 0.000000
55.000000 48.000000 1.000000 10000.000000 10000.000000 10000.000000 0.000000
55.000000 49.000000 1.000000 10000.000000 10000.000000 10000.000000 0.000000
56.000000 0.000000 1.000000 10000.000000 10000.000000 10000.000000 0.000000
56.000000 1.000000 1.000000 9999.000000 10000.000000 9999.000000 0.000000
56.000000 2.000000 1.000000 9998.000000 10000.000000 9998.000000 0.000000
56.000000 3.000000 1.000000 9997.000000 10000.000000 9997.000000 0.000000
56.000000 4.000000 1.000000 9996.000000 10000.000000 9996.000000 0.000000
56.000000 5.000000 1.000000 9996.000000 10000.000000 9996.000000 0.000000
56.000000 6.000000 1.000000 9997.000000 10000.000000 9997.000000 0.000000
56.000000 7.000000 1.000000 9997.000000 10000.000000 9997.000000 0.000000
56.000000 8.000000 1.000000 9998.000000 10000.000000 9998.000000 0.000000
56.000000 9.000000 1.000000 9999.000000 10000.000000 9999.000000 0.000000
56.000000 10.000000 1.000000 10000.000000 10000.000000 10000.000000 0.000000
56.000000 11.000000 1.000000 10000.000000 10000.000000 10000.000000 0.000000
56.000000 12.000000 1.000000 10000.000000 10000.000000 10000.000000 0.000000
56.000000 13.000000 1.000000 10000.000000 10000.000000 10000.000000 0.000000
56.000000 14.000000 1.000000 10000.000000 10000.000000 10000.000000 0.000000
56.000000 15.000000 1.000000 10000.000000 10000.000000 10000.000000 0.000000
56.000000 16.000000 1.000000 10000.000000 10000.000000 10000.000000 0.000000
56.000000 17.000000 1.000000 10000.000000 10000.000000 10000.000000 0.000000
56.000000 18.000000 1.000000 10000.000000 10000.000000 10000.000000 0.000000
56.000000 19.000000 1.000000 10000.000000 10000.000000 10000.000000 0.000000
56.000000 20.000000 1.000000 10000.000000 10000.000000 10000.000000 0.000000
56.000000 21.000000 1.000000 10000.000000 10000.000000 10000.000000 0.000000
56.000000 22.000000 1.000000 10000.000000 10000.000000 10000.000000 0.000000
56.000000 23.000000 1.000000 10000.000000 10000.000000 10000.000000 0.000000
56.000000 24.000000 1.000000 10000.000000 10000.000000 10000.000000 0.000000
56.000000 25.000000 1.000000 10000.000000 10000.000000 10000.000000 0.000000
56.000000 26.000000 1.000000 10000.000000 10000.000000 10000.000000 0.000000
56.000000 27.000000 1.000000 10000.000000 10000.000000 10000.000000 0.000000
56.000000 28.000000 1.000000 10000.000000 10000.000000 10000.000000 0.000000
56.000000 29.000000 1.000000 10000.000000 10000.000000 10000.000000 0.000000
56.000000 30.000000 1.000000 10000.000000 10000.000000 10000.000000 0.000000
56.000000 31.000000 1.000000 10000.000000 10000.000000 10000.000000 0.000000
56.000000 32.000000 1.000000 10000.000000 10000.000000 10000.000000 0.000000
56.000000 33.000000 1.000000 10000.000000 10000.000000 10000.000000 0.000000
56.000000 34.000000 1.000000 10000.000000 10000.000000 10000.000000 0.000000
56.000000 35.000000 1.000000 10000.000000 10000.000000 10000.000000 0.000000
56.000000 36.000000 1.000000 10000.000000 10000.000000 10000.000000 0.000000
56.000000 37.000000 1.000000 10000.000000 10000.000000 10000.000000 0.000000
56.000000 38.000000 1.000000 10000.000000 10000.000000 10000.000000 0.000000
56.000000 39.000000 1.000000 10000.000000 10000.000000 10000.000000 0.000000
56.000000 40.000000 1.000000 10000.000000 10000.000000 10000.000000 0.000000
56.000000 41.000000 1.000000 10000.000000 10000.000000 10000.000000 0.000000
56.000000 42.000000 1.000000 10000.000000 10000.000000 10000.000000 0.000000
56.000000 43.000000 1.000000 10000.000000 10000.000000 10000.000000 0.000000
56.000000 44.000000 1.000000 10000.000000 10000.000000 10000.000000 0.000000
56.000000 45.000000 1.000000 10000.000000 10000.000000 10000.000000 0.000000
56.000000 46.000000 1.000000 10000.000000 10000.000000 10000.000000 0.000000
56.000000 47.000000 1.000000 10000.000000 10000.000000 10000.000000 0.000000
56.000000 48.000000 1.000000 10000.000000 10000.000000 10000.000000 0.000000
56.000000 49.000000 1.000000 10000.000000 10000.000000 10000.000000 0.000000
57.000000 0.000000 1.000000 10000.000000 10000.000000 10000.000000 0.000000
57.000000 1.000000 1.000000 10000.000000 10000.000000 10000.000000 0.000000
57.000000 2.000000 1.000000 9999.000000 10000.000000 9999.000000 0.000000
57.000000 3.000000 1.000000 9999.000000 10000.000000 9999.000000 0.000000
57.000000 4.000000 1.000000 9999.000000 10000.000000 9999.000000 0.000000
57.000000 5.000000 1.000000 9999.000000 10000.000000 9999.000000 0.000000
57.000000 6.000000 1.000000 9999.000000 10000.000000 9999.000000 0.000000
57.000000 7.000000 1.000000 10000.000000 10000.000000 10000.000000 0.000000
57.000000 8.000000 1.000000 10000.000000 10000.000000 10000.000000 0.000000
57.000000 9.000000 1.000000 10000.000000 10000.000000 10000.000000 0.000000
57.000000 10.000000 1.000000 10000.000000 10000.000000 10000.000000 0.000000
57.000000 11.000000 1.000000 10000.000000 10000.000000 10000.000000 0.000000
57.000000 12.000000 1.000000 10000.000000 10000.000000 10000.000000 0.000000
57.000000 13.000000 1.000000 10000.000000 10000.000000 10000.000000 0.000000
57.000000 14.000000 1.000000 10000.000000 10000.000000 10000.000000 0.000000
57.000000 15.000000 1.000000 10000.000000 10000.000000 10000.000000 0.000000
57.000000 16.000000 1.000000 10000.000000 10000.000000 10000.000000 0.000000
57.000000 17.000000 1.000000 10000.000000 10000.000000 10000.000000 0.000000
57.000000 18.000000 1.000000 10000.000000 10000.000000 10000.000000 0.000000
57.000000 19.000000 1.000000 10000.000000 10000.000000 10000.000000 0.000000
57.000000 20.000000 1.000000 10000.000000 10000.000000 10000.000000 0.000000
57.000000 21.000000 1.000000 10000.000000 10000.000000 10000.000000 0.000000
57.000000 22.000000 1.000000 10000.000000 10000.000000 10000.000000 0.000000
57.000000 23.000000 1.000000 10000.000000 10000.000000 10000.000000 0.000000
57.000000 24.000000 1.000000 10000.000000 10000.000000 10000.000000 0.000000
57.000000 25.000000 1.000000 10000.000000 10000.000000 10000.000000 0.000000
57.000000 26.000000 1.000000 10000.000000 10000.000000 10000.000000 0.000000
57.000000 27.000000 1.000000 10000.000000 10000.000000 10000.000000 0.000000
57.000000 28.000000 1.000000 10000.000000 10000.000000 10000.000000 0.000000
57.000000 29.000000 1.000000 10000.000000 10000.000000 10000.000000 0.000000
57.000000 30.000000 1.000000 10000.000000 10000.000000 10000.000000 0.000000
57.000000 31.000000 1.000000 10000.000000 10000.000000 10000.000000 0.000000
57.000000 32.000000 1.000000 10000.000000 10000.000000 10000.000000 0.000000
57.000000 33.000000 1.000000 10000.000000 10000.000000 10000.000000 0.000000
57.000000 34.000000 1.000000 10000.000000 10000.000000 10000.000000 0.000000
57.000000 35.000000 1.000000 10000.000000 10000.000000 10000.000000 0.000000
57.000000 36.000000 1.000000 10000.000000 10000.000000 10000.000000 0.000000
57.000000 37.000000 1.000000 10000.000000 10000.000000 10000.000000 0.000000
57.000000 38.000000 1.000000 10000.000000 10000.000000 10000.000000 0.000000
57.000000 39.000000 1.000000 10000.000000 10000.000000 10000.000000 0.000000
57.000000 40.000000 1.000000 10000.000000 10000.000000 10000.000000 0.000000
57.000000 41.000000 1.000000 10000.000000 10000.000000 10000.000000 0.000000
57.000000 42.000000 1.000000 10000.000000 10000.000000 10000.000000 0.000000
57.000000 43.000000 1.000000 10000.000000 10000.000000 10000.000000 0.000000
57.000000 44.000000 1.000000 10000.000000 10000.000000 10000.000000 0.000000
57.000000 45.000000 1.000000 10000.000000 10000.000000 10000.000000 0.000000
57.000000 46.000000 1.000000 10000.000000 10000.000000 10000.000000 0.000000
57.000000 47.000000 1.000000 10000.000000 10000.000000 10000.000000 0.000000
57.000000 48.000000 1.000000 10000.000000 10000.000000 10000.000000 0.000000
57.000000 49.000000 1.000000 10000.000000 10000.000000 10000.000000 0.000000
58.000000 0.000000 1.000000 10000.000000 10000.000000 10000.000000 0.000000
58.000000 1.000000 1.000000 10000.000000 10000.000000 10000.000000 0.000000
58.000000 2.000000 1.000000 9999.000000 10000.000000 9999.000000 0.000000
58.000000 3.000000 1.000000 9999.000000 10000.000000 9999.000000 0.000000
58.000000 4.000000 1.000000 9999.000000 10000.000000 9999.000000 0.000000
58.000000 5.000000 1.000000 9999.000000 10000.000000 9999.000000 0.000000
58.000000 6.000000 1.000000 9999.000000 10000.000000 9999.000000 0.000000
58.000000 7.000000 1.000000 10000.000000 10000.000000 10000.000000 0.000000
58.000000 8.000000 1.000000 10000.000000 10000.000000 10000.000000 0.000000
58.000000 9.000000 1.000000 10000.000000 10000.000000 10000.000000 0.000000
58.000000 10.000000 1.000000 10000.000000 10000.000000 10000.000000 0.000000
58.000000 11.000000 1.000000 10000.000000 10000.000000 10000.000000 0.000000
58.000000 12.000000 1.000000 10000.000000 10000.000000 10000.000000 0.000000
58.000000 13.000000 1.000000 10000.000000 10000.000000 10000.000000 0.000000
58.000000 14.000000 1.000000 10000.000000 10000.000000 10000.000000 0.000000
58.000000 15.000000 1.000000 10000.000000 10000.000000 10000.000000 0.000000
58.000000 16.000000 1.000000 10000.000000 10000.000000 10000.000000 0.000000
58.000000 17.000000 1.000000 10000.000000 10000.000000 10000.000000 0.000000
58.000000 18.000000 1.000000 10000.000000 10000.000000 10000.000000 0.000000
58.000000 19.000000 1.000000 10000.000000 10000.000000 10000.000000 0.000000
58.000000 20.000000 1.000000 10000.000000 10000.000000 10000.000000 0.000000
58.000000 21.000000 1.000000 10000.000000 10000.000000 10000.000000 0.000000
58.000000 22.000000 1.000000 10000.000000 10000.000000 10000.000000 0.000000
58.000000 23.000000 1.000000 10000.000000 10000.000000 10000.000000 0.000000
58.000000 24.000000 1.000000 10000.000000 10000.000000 10000.000000 0.000000
58.000000 25.000000 1.000000 10000.000000 10000.000000 10000.000000 0.000000
58.000000 26.000000 1.000000 10000.000000 10000.000000 10000.000000 0.000000
58.000000 27.000000 1.000000 10000.000000 10000.000000 10000.000000 0.000000
58.000000 28.000000 1.000000 10000.000000 10000.000000 10000.000000 0.000000
58.000000 29.000000 1.000000 10000.000000 10000.000000 10000.000000 0.000000
58.000000 30.000000 1.000000 10000.000000 10000.000000 10000.000000 0.000000
58.000000 31.000000 1.000000 10000.000000 10000.000000 10000.000000 0.000000
58.000000 32.000000 1.000000 10000.000000 10000.000000 10000.000000 0.000000
58.000000 33.000000 1.000000 10000.000000 10000.000000 10000.000000 0.000000
58.000000 34.000000 1.000000 10000.000000 10000.000000 10000.000000 0.000000
58.000000 35.000000 1.000000 10000.000000 10000.000000 10000.000000 0.000000
58.000000 36.000000 1.000000 10000.000000 10000.000000 10000.000000 0.000000
58.000000 37.000000 1.000000 10000.000000 10000.000000 10000.000000 0.000000
58.000000 38.000000 1.000000 10000.000000 10000.000000 10000.000000 0.000000
58.000000 39.000000 1.000000 10000.000000 10000.000000 10000.000000 0.000000
58.000000 40.000000 1.000000 10000.000000 10000.000000 10000.000000 0.000000
58.000000 41.000000 1.000000 10000.000000 10000.000000 10000.000000 0.000000
58.000000 42.000000 1.000000 10000.000000 10000.000000 10000.000000 0.000000
58.000000 43.000000 1.000000 10000.000000 10000.000000 10000.000000 0.000000
58.000000 44.000000 1.000000 10000.000000 10000.000000 10000.000000 0.000000
58.000000 45.000000 1.000000 10000.000000 10000.000000 10000.000000 0.000000
58.000000 46.000000 1.000000 10000.000000 10000.000000 10000.000000 0.000000
58.000000 47.000000 1.000000 10000.000000 10000.000000 10000.000000 0.000000
58.000000 48.000000 1.000000 10000.000000 10000.000000 10000.000000 0.000000
58.000000 49.000000 1.000000 10000.000000 10000.000000 10000.000000 0.000000
59.000000 0.000000 1.000000 10000.000000 10000.000000 10000.000000 0.000000
59.000000 1.000000 1.000000 10000.000000 10000.000000 10000.000000 0.000000
59.000000 2.000000 1.000000 9999.000000 10000.000000 9999.000000 0.000000
59.000000 3.000000 1.000000 9993.000000 10000.000000 9993.000000 0.000000
59.000000 4.000000 1.000000 9967.000000 10000.000000 9967.000000 0.000000
59.000000 5.000000 9592.000000 0.000000 10000.000000 9592.000000 9592.000000
59.000000 6.000000 6558.000000 0.000000 10000.000000 6558.000000 6558.000000
59.000000 7.000000 4705.000000 0.000000 10000.000000 4705.000000 4705.000000
59.000000 8.000000 4005.000000 0.000000 10000.000000 4005.000000 4005.000000
59.000000 9.000000 1.000000 20.000000 2690.000000 3815.000000 0.000000
59.000000 10.000000 1.000000 276.000000 956.000000 4035.000000 0.000000
59.000000 11.000000 1.000000 906.000000 956.000000 6991.000000 0.000000
59.000000 12.000000 1.000000 2662.000000 2690.000000 8907.000000 0.000000
59.000000 13.000000 1.000000 4931.000000 4950.000000 9683.000000 0.000000
59.000000 14.000000 1.000000 5899.000000 5907.000000 9932.000000 0.000000
59.000000 15.000000 1.000000 7350.000000 7357.000000 9978.000000 0.000000
59.000000 16.000000 1.000000 9994.000000 10000.000000 9994.000000 0.000000
59.000000 17.000000 1.000000 9998.000000 10000.000000 9998.000000 0.000000
59.000000 18.000000 1.000000 10000.000000 10000.000000 10000.000000 0.000000
59.000000 19.000000 1.000000 10000.000000 10000.000000 10000.000000 0.000000
59.000000 20.000000 1.000000 10000.000000 10000.000000 10000.000000 0.000000
59.000000 21.000000 1.000000 10000.000000 10000.000000 10000.000000 0.000000
59.000000 22.000000 1.000000 10000.000000 10000.000000 10000.000000 0.000000
59.000000 23.000000 1.000000 10000.000000 10000.000000 10000.000000 0.000000
59.000000 24.000000 1.000000 10000.000000 10000.000000 10000.000000 0.000000
59.000000 25.000000 1.000000 10000.000000 10000.000000 10000.000000 0.000000
59.000000 26.000000 1.000000 10000.000000 10000.000000 10000.000000 0.000000
59.000000 27.000000 1.000000 10000.000000 10000.000000 10000.000000 0.000000
59.000000 28.000000 1.000000 10000.000000 10000.000000 10000.000000 0.000000
59.000000 29.000000 1.000000 10000.000000 10000.000000 10000.000000 0.000000
59.000000 30.000000 1.000000 10000.000000 10000.000000 10000.000000 0.000000
59.000000 31.000000 1.000000 10000.000000 10000.000000 10000.000000 0.000000
59.000000 32.000000 1.000000 10000.000000 10000.000000 10000.000000 0.000000
59.000000 33.000000 1.000000 10000.000000 10000.000000 10000.000000 0.000000
59.000000 34.000000 1.000000 10000.000000 10000.000000 10000.000000 0.000000
59.000000 35.000000 1.000000 10000.000000 10000.000000 10000.000000 0.000000
59.000000 36.000000 1.000000 10000.000000 10000.000000 10000.000000 0.000000
59.000000 37.000000 1.000000 10000.000000 10000.000000 10000.000000 0.000000
59.000000 38.000000 1.000000 10000.000000 10000.000000 10000.000000 0.000000
59.000000 39.000000 1.000000 10000.000000 10000.000000 10000.000000 0.000000
59.000000 40.000000 1.000000 10000.000000 10000.000000 10000.000000 0.000000
59.000000 41.000000 1.000000 10000.000000 10000.000000 10000.000000 0.000000
59.000000 42.000000 1.000000 10000.000000 10000.000000 10000.000000 0.000000
59.000000 43.000000 1.000000 10000.000000 10000.000000 10000.000000 0.000000
59.000000 44.000000 1.000000 10000.000000 10000.000000 10000.000000 0.000000
59.000000 45.000000 1.000000 10000.000000 10000.000000 10000.000000 0.000000
59.000000 46.000000 1.000000 10000.000000 10000.000000 10000.000000 0.000000
59.000000 47.000000 1.000000 10000.000000 10000.000000 10000.000000 0.000000
59.000000 48.000000 1.000000 10000.000000 10000.000000 10000.000000 0.000000
59.000000 49.000000 1.000000 10000.000000 10000.000000 10000.000000 0.000000
60.000000 0.000000 1.000000 10000.000000 10000.000000 10000.000000 0.000000
60.000000 1.000000 1.000000 10000.000000 10000.000000 10000.000000 0.000000
60.000000 2.000000 1.000000 9999.000000 10000.000000 9999.000000 0.000000
60.000000 3.000000 1.000000 9999.000000 10000.000000 9999.000000 0.000000
60.000000 4.000000 1.000000 9999.000000 10000.000000 9999.000000 0.000000
60.000000 5.000000 1.000000 9999.000000 10000.000000 9999.000000 0.000000
60.000000 6.000000 1.000000 9999.000000 10000.000000 9999.000000 0.000000
60.000000 7.000000 1.000000 9999.000000 10000.000000 9999.000000 0.000000
60.000000 8.000000 1.000000 10000.000000 10000.000000 10000.000000 0.000000
60.000000 9.000000 1.000000 10000.000000 10000.000000 10000.000000 0.000000
60.000000 10.000000 1.000000 10000.000000 10000.000000 10000.000000 0.000000
60.000000 11.000000 1.000000 10000.000000 10000.000000 10000.000000 0.000000
60.000000 12.000000 1.000000 10000.000000 10000.000000 10000.000000 0.000000
60.000000 13.000000 1.000000 10000.000000 10000.000000 10000.000000 0.000000
60.000000 14.000000 1.000000 10000.000000 10000.000000 10000.000000 0.000000
60.000000 15.000000 1.000000 10000.000000 10000.000000 10000.000000 0.000000
60.000000 16.000000 1.000000 10000.000000 10000.000000 10000.000000 0.000000
60.000000 17.000000 1.000000 10000.000000 10000.000000 10000.000000 0.000000
60.000000 18.000000 1.000000 10000.000000 10000.000000 10000.000000 0.000000
60.000000 19.000000 1.000000 10000.000000 10000.000000 10000.000000 0.000000
60.000000 20.000000 1.000000 10000.000000 10000.000000 10000.000000 0.000000
60.000000 21.000000 1.000000 10000.000000 10000.000000 10000.000000 0.000000
60.000000 22.000000 1.000000 10000.000000 10000.000000 10000.000000 0.000000
60.000000 23.000000 1.000000 10000.000000 10000.000000 10000.000000 0.000000
60.000000 24.000000 1.000000 10000.000000 10000.000000 10000.000000 0.000000
60.000000 25.000000 1.000000 10000.000000 10000.000000 10000.000000 0.000000
60.000000 26.000000 1.000000 10000.000000 10000.000000 10000.000000 0.000000
60.000000 27.000000 1.000000 10000.000000 10000.000000 10000.000000 0.000000
60.000000 28.000000 1.000000 10000.000000 10000.000000 10000.000000 0.000000
60.000000 29.000000 1.000000 10000.000000 10000.000000 10000.000000 0.000000
60.000000 30.000000 1.000000 10000.000000 10000.000000 10000.000000 0.000000
60.000000 31.000000 1.000000 10000.000000 10000.000000 10000.000000 0.000000
60.000000 32.000000 1.000000 10000.000000 10000.000000 10000.000000 0.000000
60.000000 33.000000 1.000000 10000.000000 10000.000000 10000.000000 0.000000
60.000000 34.000000 1.000000 10000.000000 10000.000000 10000.000000 0.000000
60.000000 35.000000 1.000000 10000.000000 10000.000000 10000.000000 0.000000
60.000000 36.000000 1.000000 10000.000000 10000.000000 10000.000000 0.000000
60.000000 37.000000 1.000000 10000.000000 10000.000000 10000.000000 0.000000
60.000000 38.000000 1.000000 10000.000000 10000.000000 10000.000000 0.000000
60.000000 39.000000 1.000000 10000.000000 10000.000000 10000.000000 0.000000
60.000000 40.000000 1.000000 10000.000000 10000.000000 10000.000000 0.000000
60.000000 41.000000 1.000000 10000.000000 10000.000000 10000.000000 0.000000
60.000000 42.000000 1.000000 10000.000000 10000.000000 10000.000000 0.000000
60.000000 43.000000 1.000000 10000.000000 10000.000000 10000.000000 0.000000
60.000000 44.000000 1.000000 10000.000000 10000.000000 10000.000000 0.000000
60.000000 45.000000 1.000000 10000.000000 10000.000000 10000.000000 0.000000
60.000000 46.000000 1.000000 10000.000000 10000.000000 10000.000000 0.000000
60.000000 47.000000 1.000000 10000.000000 10000.000000 10000.000000 0.000000
60.000000 48.000000 1.000000 10000.000000 10000.000000 10000.000000 0.000000
60.000000 49.000000 1.000000 10000.000000 10000.000000 10000.000000 0.000000
61.000000 0.000000 1.000000 10000.000000 10000.000000 10000.000000 0.000000
61.000000 1.000000 1.000000 10000.000000 10000.000000 10000.000000 0.000000
61.000000 2.000000 1.000000 10000.000000 10000.000000 10000.000000 0.000000
61.000000 3.000000 1.000000 10000.000000 10000.000000 10000.000000 0.000000
61.000000 4.000000 1.000000 10000.000000 10000.000000 10000.000000 0.000000
61.000000 5.000000 1.000000 10000.000000 10000.000000 10000.000000 0.000000
61.000000 6.000000 1.000000 10000.000000 10000.000000 10000.000000 0.000000
61.000000 7.000000 1.000000 10000.000000 10000.000000 10000.000000 0.000000
61.000000 8.000000 1.000000 10000.000000 10000.000000 10000.000000 0.000000
61.000000 9.000000 1.000000 10000.000000 10000.000000 10000.000000 0.000000
61.000000 10.000000 1.000000 10000.000000 10000.000000 10000.000000 0.000000
61.000000 11.000000 1.000000 10000.000000 10000.000000 10000.000000 0.000000
61.000000 12.000000 1.000000 10000.000000 10000.000000 10000.000000 0.000000
61.000000 13.000000 1.000000 10000.000000 10000.000000 10000.000000 0.000000
61.000000 14.000000 1.000000 10000.000000 10000.000000 10000.000000 0.000000
61.000000 15.000000 1.000000 10000.000000 10000.000000 10000.000000 0.000000
61.000000 16.000000 1.000000 10000.000000 10000.000000 10000.000000 0.000000
61.000000 17.000000 1.000000 10000.000000 10000.000000 10000.000000 0.000000
61.000000 18.000000 1.000000 10000.000000 10000.000000 10000.000000 0.000000
61.000000 19.000000 1.000000 10000.000000 10000.000000 10000.000000 0.000000
61.000000 20.000000 1.000000 10000.000000 10000.000000 10000.000000 0.000000
61.000000 21.000000 1.000000 10000.000000 10000.000000 10000.000000 0.000000
61.000000 22.000000 1.000000 10000.000000 10000.000000 10000.000000 0.000000
61.000000 23.000000 1.000000 10000.000000 10000.000000 10000.000000 0.000000
61.000000 24.000000 1.000000 10000.000000 10000.000000 10000.000000 0.000000
61.000000 25.000000 1.000000 10000.000000 10000.000000 10000.000000 0.000000
61.000000 26.000000 1.000000 10000.000000 10000.000000 10000.000000 0.000000
61.000000 27.000000 1.000000 10000.000000 10000.000000 10000.000000 0.000000
61.000000 28.000000 1.000000 10000.000000 10000.000000 10000.000000 0.000000
61.000000 29.000000 1.000000 10000.000000 10000.000000 10000.000000 0.000000
61.000000 30.000000 1.000000 10000.000000 10000.000000 10000.000000 0.000000
61.000000 31.000000 1.000000 10000.000000 10000.000000 10000.000000 0.000000
61.000000 32.000000 1.000000 10000.000000 10000.000000 10000.000000 0.000000
61.000000 33.000000 1.000000 10000.000000 10000.000000 10000.000000 0.000000
61.000000 34.000000 1.000000 10000.000000 10000.000000 10000.000000 0.000000
61.000000 35.000000 1.000000 10000.000000 10000.000000 10000.000000 0.000000
61.000000 36.000000 1.000000 10000.000000 10000.000000 10000.000000 0.000000
61.000000 37.000000 1.000000 10000.000000 10000.000000 10000.000000 0.000000
61.000000 38.000000 1.000000 10000.000000 10000.000000 10000.000000 0.000000
61.000000 39.000000 1.000000 10000.000000 10000.000000 10000.000000 0.000000
61.000000 40.000000 1.000000 10000.000000 10000.000000 10000.000000 0.000000
61.000000 41.000000 1.000000 10000.000000 10000.000000 10000.000000 0.000000
61.000000 42.000000 1.000000 10000.000000 10000.000000 10000.000000 0.000000
61.000000 43.000000 1.000000 10000.000000 10000.000000 10000.000000 0.000000
61.000000 44.000000 1.000000 10000.000000 10000.000000 10000.000000 0.000000
61.000000 45.000000 1.000000 10000.000000 10000.000000 10000.000000 0.000000
61.000000 46.000000 1.000000 10000.000000 10000.000000 10000.000000 0.000000
61.000000 47.000000 1.000000 10000.000000 10000.000000 10000.000000 0.000000
61.000000 48.000000 1.000000 10000.000000 10000.000000 10000.000000 0.000000
61.000000 49.000000 1.000000 10000.000000 10000.000000 10000.000000 0.000000
62.000000 0.000000 1.000000 10000.000000 10000.000000 10000.000000 0.000000
62.000000 1.000000 1.000000 10000.000000 10000.000000 10000.000000 0.000000
62.000000 2.000000 1.000000 9999.000000 10000.000000 9999.000000 0.000000
62.000000 3.000000 1.000000 9995.000000 10000.000000 9995.000000 0.000000
62.000000 4.000000 1.000000 9992.000000 10000.000000 9992.000000 0.000000
62.000000 5.000000 1.000000 9980.000000 10000.000000 9980.000000 0.000000
62.000000 6.000000 1.000000 9938.000000 10000.000000 9938.000000 0.000000
62.000000 7.000000 9669.000000 0.000000 10000.000000 9669.000000 9669.000000
62.000000 8.000000 7422.000000 0.000000 10000.000000 7422.000000 7422.000000
62.000000 9.000000 5933.000000 0.000000 10000.000000 5933.000000 5933.000000
62.000000 10.000000 3628.000000 2839.000000 10000.000000 5256.000000 2417.000000
62.000000 11.000000 1.000000 25.000000 683.000000 5050.000000 0.000000
62.000000 12.000000 1.000000 243.000000 683.000000 5206.000000 0.000000
62.000000 13.000000 1.000000 646.000000 683.000000 7317.000000 0.000000
62.000000 14.000000 1.000000 2041.000000 2057.000000 8846.000000 0.000000
62.000000 15.000000 1.000000 3740.000000 3763.000000 9550.000000 0.000000
62.000000 16.000000 1.000000 5329.000000 5380.000000 9786.000000 0.000000
62.000000 17.000000 1.000000 8280.000000 8408.000000 9838.000000 0.000000
62.000000 18.000000 1.000000 9883.000000 10000.000000 9883.000000 0.000000
62.000000 19.000000 1.000000 9915.000000 10000.000000 9915.000000 0.000000
62.000000 20.000000 1.000000 9942.000000 10000.000000 9942.000000 0.000000
62.000000 21.000000 1.000000 9971.000000 10000.000000 9971.000000 0.000000
62.000000 22.000000 1.000000 9986.000000 10000.000000 9986.000000 0.000000
62.000000 23.000000 1.000000 9992.000000 10000.000000 9992.000000 0.000000
62.000000 24.000000 1.000000 9993.000000 10000.000000 9993.000000 0.000000
62.000000 25.000000 1.000000 9993.000000 10000.000000 9993.000000 0.000000
62.000000 26.000000 1.000000 9992.000000 10000.000000 9992.000000 0.000000
62.000000 27.000000 1.000000 9990.000000 10000.000000 9990.000000 0.000000
62.000000 28.000000 1.000000 9988.000000 10000.000000 9988.000000 0.000000
62.000000 29.000000 1.000000 9987.000000 10000.000000 9987.000000 0.000000
62.000000 30.000000 1.000000 9987.000000 10000.000000 9987.000000 0.000000
62.000000 31.000000 1.000000 9987.000000 10000.000000 9987.000000 0.000000
62.000000 32.000000 1.000000 9989.000000 10000.000000 9989.000000 0.000000
62.000000 33.000000 1.000000 9992.000000 10000.000000 9992.000000 0.000000
62.000000 34.000000 1.000000 9994.000000 10000.000000 9994.000000 0.000000
62.000000 35.000000 1.000000 9997.000000 10000.000000 9997.000000 0.000000
62.000000 36.000000 1.000000 9999.000000 10000.000000 9999.000000 0.000000
62.000000 37.000000 1.000000 10000.000000 10000.000000 10000.000000 0.000000
62.000000 38.000000 1.000000 10000.000000 10000.000000 10000.000000 0.000000
62.000000 39.000000 1.000000 10000.000000 10000.000000 10000.000000 0.000000
62.000000 40.000000 1.000000 10000.000000 10000.000000 10000.000000 0.000000
62.000000 41.000000 1.000000 10000.000000 10000.000000 10000.000000 0.000000
62.000000 42.000000 1.000000 10000.000000 10000.000000 10000.000000 0.000000
62.000000 43.000000 1.000000 10000.000000 10000.000000 10000.000000 0.000000
62.000000 44.000000 1.000000 10000.000000 10000.000000 10000.000000 0.000000
62.000000 45.000000 1.000000 10000.000000 10000.000000 10000.000000 0.000000
62.000000 46.000000 1.000000 10000.000000 10000.000000 10000.000000 0.000000
62.000000 47.000000 1.000000 10000.000000 10000.000000 10000.000000 0.000000
62.000000 48.000000 1.000000 10000.000000 10000.000000 10000.000000 0.000000
62.000000 49.000000 1.000000 10000.000000 10000.000000 10000.000000 0.000000
63.000000 0.000000 1.000000 10000.000000 10000.000000 10000.000000 0.000000
63.000000 1.000000 1.000000 10000.000000 10000.000000 10000.000000 0.000000
63.000000 2.000000 1.000000 10000.000000 10000.000000 10000.000000 0.000000
63.000000 3.000000 1.000000 9999.000000 10000.000000 9999.000000 0.000000
63.000000 4.000000 1.000000 9999.000000 10000.000000 9999.000000 0.000000
63.000000 5.000000 1.000000 9999.000000 10000.000000 9999.000000 0.000000
63.000000 6.000000 1.000000 9999.000000 10000.000000 9999.000000 0.000000
63.000000 7.000000 1.000000 9999.000000 10000.000000 9999.000000 0.000000
63.000000 8.000000 1.000000 10000.000000 10000.000000 10000.000000 0.000000
63.000000 9.000000 1.000000 10000.000000 10000.000000 10000.000000 0.000000
63.000000 10.000000 1.000000 10000.000000 10000.000000 10000.000000 0.000000
63.000000 11.000000 1.000000 10000.000000 10000.000000 10000.000000 0.000000
63.000000 12.000000 1.000000 10000.000000 10000.000000 10000.000000 0.000000
63.000000 13.000000 1.000000 10000.000000 10000.000000 10000.000000 0.000000
63.000000 14.000000 1.000000 10000.000000 10000.000000 10000.000000 0.000000
63.000000 15.000000 1.000000 10000.000000 10000.000000 10000.000000 0.000000
63.000000 16.000000 1.000000 10000.000000 10000.000000 10000.000000 0.000000
63.000000 17.000000 1.000000 10000.000000 10000.000000 10000.000000 0.000000
63.000000 18.000000 1.000000 10000.000000 10000.000000 10000.000000 0.000000
63.000000 19.000000 1.000000 10000.000000 10000.000000 10000.000000 0.000000
63.000000 20.000000 1.000000 10000.000000 10000.000000 10000.000000 0.000000
63.000000 21.000000 1.000000 10000.000000 10000.000000 10000.000000 0.000000
63.000000 22.000000 1.000000 10000.000000 10000.000000 10000.000000 0.000000
63.000000 23.000000 1.000000 10000.000000 10000.000000 10000.000000 0.000000
63.000000 24.000000 1.000000 10000.000000 10000.000000 10000.000000 0.000000
63.000000 25.000000 1.000000 10000.000000 10000.000000 10000.000000 0.000000
63.000000 26.000000 1.000000 10000.000000 10000.000000 10000.000000 0.000000
63.000000 27.000000 1.000000 10000.000000 10000.000000 10000.000000 0.000000
63.000000 28.000000 1.000000 10000.000000 10000.000000 10000.000000 0.000000
63.000000 29.000000 1.000000 10000.000000 10000.000000 10000.000000 0.000000
63.000000 30.000000 1.000000 10000.000000 10000.000000 10000.000000 0.000000
63.000000 31.000000 1.000000 10000.000000 10000.000000 10000.000000 0.000000
63.000000 32.000000 1.000000 10000.000000 10000.000000 10000.000000 0.000000
63.000000 33.000000 1.000000 10000.000000 10000.000000 10000.000000 0.000000
63.000000 34.000000 1.000000 10000.000000 10000.000000 10000.000000 0.000000
63.000000 35.000000 1.000000 10000.000000 10000.000000 10000.000000 0.000000
63.000000 36.000000 1.000000 10000.000000 10000.000000 10000.000000 0.000000
63.000000 37.000000 1.000000 10000.000000 10000.000000 10000.000000 0.000000
63.000000 38.000000 1.000000 10000.000000 10000.000000 10000.000000 0.000000
63.000000 39.000000 1.000000 10000.000000 10000.000000 10000.000000 0.000000
63.000000 40.000000 1.000000 10000.000000 10000.000000 10000.000000 0.000000
63.000000 41.000000 1.000000 10000.000000 10000.000000 10000.000000 0.000000
63.000000 42.000000 1.000000 10000.000000 10000.000000 10000.000000 0.000000
63.000000 43.000000 1.000000 10000.000000 10000.000000 10000.000000 0.000000
63.000000 44.000000 1.000000 10000.000000 10000.000000 10000.000000 0.000000
63.000000 45.000000 1.000000 10000.000000 10000.000000 10000.000000 0.000000
63.000000 46.000000 1.000000 10000.000000 10000.000000 10000.000000 0.000000
63.000000 47.000000 1.000000 10000.000000 10000.000000 10000.000000 0.000000
63.000000 48.000000 1.000000 10000.000000 10000.000000 10000.000000 0.000000
63.000000 49.000000 1.000000 10000.000000 10000.000000 10000.000000 0.000000
64.000000 0.000000 1.000000 10000.000000 10000.000000 10000.000000 0.000000
64.000000 1.000000 1.000000 10000.000000 10000.000000 10000.000000 0.000000
64.000000 2.000000 1.000000 10000.000000 10000.000000 10000.000000 0.000000
64.000000 3.000000 1.000000 9997.000000 10000.000000 9997.000000 0.000000
64.000000 4.000000 1.000000 9991.000000 10000.000000 9991.000000 0.000000
64.000000 5.000000 1.000000 9965.000000 10000.000000 9965.000000 0.000000
64.000000 6.000000 4238.000000 7454.000000 10000.000000 9853.000000 2399.000000
64.000000 7.000000 8653.000000 0.000000 10000.000000 8653.000000 8653.000000
64.000000 8.000000 6375.000000 0.000000 10000.000000 6375.000000 6375.000000
64.000000 9.000000 4923.000000 0.000000 10000.000000 4923.000000 4923.000000
64.000000 10.000000 3362.000000 1926.000000 10000.000000 4412.000000 2486.000000
64.000000 11.000000 1.000000 81.000000 1507.000000 4342.000000 0.000000
64.000000 12.000000 1.000000 573.000000 1037.000000 5398.000000 0.000000
64.000000 13.000000 1.000000 1474.000000 1507.000000 7672.000000 0.000000
64.000000 14.000000 1.000000 3175.000000 3196.000000 9174.000000 0.000000
64.000000 15.000000 1.000000 4778.000000 4800.000000 9737.000000 0.000000
64.000000 16.000000 1.000000 5909.000000 5927.000000 9909.000000 0.000000
64.000000 17.000000 1.000000 8317.000000 8355.000000 9942.000000 0.000000
64.000000 18.000000 1.000000 9951.000000 10000.000000 9951.000000 0.000000
64.000000 19.000000 1.000000 9961.000000 10000.000000 9961.000000 0.000000
64.000000 20.000000 1.000000 9966.000000 10000.000000 9966.000000 0.000000
64.000000 21.000000 1.000000 9977.000000 10000.000000 9977.000000 0.000000
64.000000 22.000000 1.000000 9984.000000 10000.000000 9984.000000 0.000000
64.000000 23.000000 1.000000 9988.000000 10000.000000 9988.000000 0.000000
64.000000 24.000000 1.000000 9991.000000 10000.000000 9991.000000 0.000000
64.000000 25.000000 1.000000 9995.000000 10000.000000 9995.000000 0.000000
64.000000 26.000000 1.000000 9999.000000 10000.000000 9999.000000 0.000000
64.000000 27.000000 1.000000 9999.000000 10000.000000 9999.000000 0.000000
64.000000 28.000000 1.000000 10000.000000 10000.000000 10000.000000 0.000000
64.000000 29.000000 1.000000 10000.000000 10000.000000 10000.000000 0.000000
64.000000 30.000000 1.000000 10000.000000 10000.000000 10000.000000 0.000000
64.000000 31.000000 1.000000 10000.000000 10000.000000 10000.000000 0.000000
64.000000 32.000000 1.000000 10000.000000 10000.000000 10000.000000 0.000000
64.000000 33.000000 1.000000 10000.000000 10000.000000 10000.000000 0.000000
64.000000 34.000000 1.000000 10000.000000 10000.000000 10000.000000 0.000000
64.000000 35.000000 1.000000 10000.000000 10000.000000 10000.000000 0.000000
64.000000 36.000000 1.000000 10000.000000 10000.000000 10000.000000 0.000000
64.000000 37.000000 1.000000 10000.000000 10000.000000 10000.000000 0.000000
64.000000 38.000000 1.000000 10000.000000 10000.000000 10000.000000 0.000000
64.000000 39.000000 1.000000 10000.000000 10000.000000 10000.000000 0.000000
64.000000 40.000000 1.000000 10000.000000 10000.000000 10000.000000 0.000000
64.000000 41.000000 1.000000 10000.000000 10000.000000 10000.000000 0.000000
64.000000 42.000000 1.000000 10000.000000 10000.000000 10000.000000 0.000000
64.000000 43.000000 1.000000 10000.000000 10000.000000 10000.000000 0.000000
64.000000 44.000000 1.000000 10000.000000 10000.000000 10000.000000 0.000000
64.000000 45.000000 1.000000 10000.000000 10000.000000 10000.000000 0.000000
64.000000 46.000000 1.000000 10000.000000 10000.000000 10000.000000 0.000000
64.000000 47.000000 1.000000 10000.000000 10000.000000 10000.000000 0.000000
64.000000 48.000000 1.000000 10000.000000 10000.000000 10000.000000 0.000000
64.000000 49.000000 1.000000 10000.000000 10000.000000 10000.000000 0.000000
65.000000 0.000000 1.000000 10000.000000 10000.000000 10000.000000 0.000000
65.000000 1.000000 1.000000 10000.000000 10000.000000 10000.000000 0.000000
65.000000 2.000000 1.000000 9999.000000 10000.000000 9999.000000 0.000000
65.000000 3.000000 1.000000 9999.000000 10000.000000 9999.000000 0.000000
65.000000 4.000000 1.000000 9999.000000 10000.000000 9999.000000 0.000000
65.000000 5.000000 1.000000 9999.000000 10000.000000 9999.000000 0.000000
65.000000 6.000000 1.000000 9999.000000 10000.000000 9999.000000 0.000000
65.000000 7.000000 1.000000 10000.000000 10000.000000 10000.000000 0.000000
65.000000 8.000000 1.000000 10000.000000 10000.000000 10000.000000 0.000000
65.000000 9.000000 1.000000 10000.000000 10000.000000 10000.000000 0.000000
65.000000 10.000000 1.000000 10000.000000 10000.000000 10000.000000 0.000000
65.000000 11.000000 1.000000 10000.000000 10000.000000 10000.000000 0.000000
65.000000 12.000000 1.000000 10000.000000 10000.000000 10000.000000 0.000000
65.000000 13.000000 1.000000 10000.000000 10000.000000 10000.000000 0.000000
65.000000 14.000000 1.000000 10000.000000 10000.000000 10000.000000 0.000000
65.000000 15.000000 1.000000 10000.000000 10000.000000 10000.000000 0.000000
65.000000 16.000000 1.000000 10000.000000 10000.000000 10000.000000 0.000000
65.000000 17.000000 1.000000 10000.000000 10000.000000 10000.000000 0.000000
65.000000 18.000000 1.000000 10000.000000 10000.000000 10000.000000 0.000000
65.000000 19.000000 1.000000 10000.000000 10000.000000 10000.000000 0.000000
65.000000 20.000000 1.000000 10000.000000 10000.000000 10000.000000 0.000000
65.000000 21.000000 1.000000 10000.000000 10000.000000 10000.000000 0.000000
65.000000 22.000000 1.000000 10000.000000 10000.000000 10000.000000 0.000000
65.000000 23.000000 1.000000 10000.000000 10000.000000 10000.000000 0.000000
65.000000 24.000000 1.000000 10000.000000 10000.000000 10000.000000 0.000000
65.000000 25.000000 1.000000 10000.000000 10000.000000 10000.000000 0.000000
65.000000 26.000000 1.000000 10000.000000 10000.000000 10000.000000 0.000000
65.000000 27.000000 1.000000 10000.000000 10000.000000 10000.000000 0.000000
65.000000 28.000000 1.000000 10000.000000 10000.000000 10000.000000 0.000000
65.000000 29.000000 1.000000 10000.000000 10000.000000 10000.000000 0.000000
65.000000 30.000000 1.000000 10000.000000 10000.000000 10000.000000 0.000000
65.000000 31.000000 1.000000 10000.000000 10000.000000 10000.000000 0.000000
65.000000 32.000000 1.000000 10000.000000 10000.000000 10000.000000 0.000000
65.000000 33.000000 1.000000 10000.000000 10000.000000 10000.000000 0.000000
65.000000 34.000000 1.000000 10000.000000 10000.000000 10000.000000 0.000000
65.000000 35.000000 1.000000 10000.000000 10000.000000 10000.000000 0.000000
65.000000 36.000000 1.000000 10000.000000 10000.000000 10000.000000 0.000000
65.000000 37.000000 1.000000 10000.000000 10000.000000 10000.000000 0.000000
65.000000 38.000000 1.000000 10000.000000 10000.000000 10000.000000 0.000000
65.000000 39.000000 1.000000 10000.000000 10000.000000 10000.000000 0.000000
65.000000 40.000000 1.000000 10000.000000 10000.000000 10000.000000 0.000000
65.000000 41.000000 1.000000 10000.000000 10000.000000 10000.000000 0.000000
65.000000 42.000000 1.000000 10000.000000 10000.000000 10000.000000 0.000000
65.000000 43.000000 1.000000 10000.000000 10000.000000 10000.000000 0.000000
65.000000 44.000000 1.000000 10000.000000 10000.000000 10000.000000 0.000000
65.000000 45.000000 1.000000 10000.000000 10000.000000 10000.000000 0.000000
65.000000 46.000000 1.000000 10000.000000 10000.000000 10000.000000 0.000000
65.000000 47.000000 1.000000 10000.000000 10000.000000 10000.000000 0.000000
65.000000 48.000000 1.000000 10000.000000 10000.000000 10000.000000 0.000000
65.000000 49.000000 1.000000 10000.000000 10000.000000 10000.000000 0.000000
66.000000 0.000000 1.000000 10000.000000 10000.000000 10000.000000 0.000000
66.000000 1.000000 1.000000 10000.000000 10000.000000 10000.000000 0.000000
66.000000 2.000000 1.000000 10000.000000 10000.000000 10000.000000 0.000000
66.000000 3.000000 1.000000 10000.000000 10000.000000 10000.000000 0.000000
66.000000 4.000000 1.000000 9990.000000 10000.000000 9990.000000 0.000000
66.000000 5.000000 1.000000 9976.000000 10000.000000 9976.000000 0.000000
66.000000 6.000000 1.000000 9930.000000 10000.000000 9930.000000 0.000000
66.000000 7.000000 9604.000000 0.000000 10000.000000 9604.000000 9604.000000
66.000000 8.000000 7068.000000 0.000000 10000.000000 7068.000000 7068.000000
66.000000 9.000000 5406.000000 0.000000 10000.000000 5406.000000 5406.000000
66.000000 10.000000 4165.000000 1194.000000 10000.000000 4714.000000 3520.000000
66.000000 11.000000 1.000000 38.000000 872.000000 4545.000000 0.000000
66.000000 12.000000 1.000000 281.000000 872.000000 4746.000000 0.000000
66.000000 13.000000 1.000000 827.000000 872.000000 7191.000000 0.000000
66.000000 14.000000 1.000000 2241.000000 2265.000000 8889.000000 0.000000
66.000000 15.000000 1.000000 4283.000000 4304.000000 9652.000000 0.000000
66.000000 16.000000 1.000000 5263.000000 5271.000000 9892.000000 0.000000
66.000000 17.000000 1.000000 7639.000000 7684.000000 9921.000000 0.000000
66.000000 18.000000 1.000000 9934.000000 10000.000000 9934.000000 0.000000
66.000000 19.000000 1.000000 9936.000000 10000.000000 9936.000000 0.000000
66.000000 20.000000 1.000000 9940.000000 10000.000000 9940.000000 0.000000
66.000000 21.000000 1.000000 9944.000000 10000.000000 9944.000000 0.000000
66.000000 22.000000 1.000000 9960.000000 10000.000000 9960.000000 0.000000
66.000000 23.000000 1.000000 9970.000000 10000.000000 9970.000000 0.000000
66.000000 24.000000 1.000000 9985.000000 10000.000000 9985.000000 0.000000
66.000000 25.000000 1.000000 9993.000000 10000.000000 9993.000000 0.000000
66.000000 26.000000 1.000000 9996.000000 10000.000000 9996.000000 0.000000
66.000000 27.000000 1.000000 9998.000000 10000.000000 9998.000000 0.000000
66.000000 28.000000 1.000000 9999.000000 10000.000000 9999.000000 0.000000
66.000000 29.000000 1.000000 10000.000000 10000.000000 10000.000000 0.000000
66.000000 30.000000 1.000000 10000.000000 10000.000000 10000.000000 0.000000
66.000000 31.000000 1.000000 10000.000000 10000.000000 10000.000000 0.000000
66.000000 32.000000 1.000000 10000.000000 10000.000000 10000.000000 0.000000
66.000000 33.000000 1.000000 10000.000000 10000.000000 10000.000000 0.000000
66.000000 34.000000 1.000000 10000.000000 10000.000000 10000.000000 0.000000
66.000000 35.000000 1.000000 10000.000000 10000.000000 10000.000000 0.000000
66.000000 36.000000 1.000000 10000.000000 10000.000000 10000.000000 0.000000
66.000000 37.000000 1.000000 10000.000000 10000.000000 10000.000000 0.000000
66.000000 38.000000 1.000000 10000.000000 10000.000000 10000.000000 0.000000
66.000000 39.000000 1.000000 10000.000000 10000.000000 10000.000000 0.000000
66.000000 40.000000 1.000000 10000.000000 10000.000000 10000.000000 0.000000
66.000000 41.000000 1.000000 10000.000000 10000.000000 10000.000000 0.000000
66.000000 42.000000 1.000000 10000.000000 10000.000000 10000.000000 0.000000
66.000000 43.000000 1.000000 10000.000000 10000.000000 10000.000000 0.000000
66.000000 44.000000 1.000000 10000.000000 10000.000000 10000.000000 0.000000
66.000000 45.000000 1.000000 10000.000000 10000.000000 10000.000000 0.000000
66.000000 46.000000 1.000000 10000.000000 10000.000000 10000.000000 0.000000
66.000000 47.000000 1.000000 10000.000000 10000.000000 10000.000000 0.000000
66.000000 48.000000 1.000000 10000.000000 10000.000000 10000.000000 0.000000
66.000000 49.000000 1.000000 10000.000000 10000.000000 10000.000000 0.000000
67.000000 0.000000 1.000000 10000.000000 10000.000000 10000.000000 0.000000
67.000000 1.000000 1.000000 10000.000000 10000.000000 10000.000000 0.000000
67.000000 2.000000 1.000000 9995.000000 10000.000000 9995.000000 0.000000
67.000000 3.000000 1.000000 9975.000000 10000.000000 9975.000000 0.000000
67.000000 4.000000 9753.000000 41.000000 10000.000000 9794.000000 9753.000000
67.000000 5.000000 7608.000000 0.000000 10000.000000 7608.000000 7608.000000
67.000000 6.000000 6093.000000 0.000000 10000.000000 6093.000000 6093.000000
67.000000 7.000000 4446.000000 1658.000000 10000.000000 5274.000000 3616.000000
67.000000 8.000000 1.000000 11.000000 2650.000000 4985.000000 0.000000
67.000000 9.000000 1.000000 145.000000 588.000000 5046.000000 0.000000
67.000000 10.000000 1.000000 547.000000 588.000000 7134.000000 0.000000
67.000000 11.000000 1.000000 1858.000000 1880.000000 8655.000000 0.000000
67.000000 12.000000 1.000000 3644.000000 3659.000000 9504.000000 0.000000
67.000000 13.000000 1.000000 4762.000000 4779.000000 9820.000000 0.000000
67.000000 14.000000 1.000000 7575.000000 7633.000000 9898.000000 0.000000
67.000000 15.000000 1.000000 9914.000000 10000.000000 9914.000000 0.000000
67.000000 16.000000 1.000000 9926.000000 10000.000000 9926.000000 0.000000
67.000000 17.000000 1.000000 9950.000000 10000.000000 9950.000000 0.000000
67.000000 18.000000 1.000000 9965.000000 10000.000000 9965.000000 0.000000
67.000000 19.000000 1.000000 9975.000000 10000.000000 9975.000000 0.000000
67.000000 20.000000 1.000000 9980.000000 10000.000000 9980.000000 0.000000
67.000000 21.000000 1.000000 9983.000000 10000.000000 9983.000000 0.000000
67.000000 22.000000 1.000000 9977.000000 10000.000000 9977.000000 0.000000
67.000000 23.000000 1.000000 9972.000000 10000.000000 9972.000000 0.000000
67.000000 24.000000 1.000000 9971.000000 10000.000000 9971.000000 0.000000
67.000000 25.000000 1.000000 9970.000000 10000.000000 9970.000000 0.000000
67.000000 26.000000 1.000000 9971.000000 10000.000000 9971.000000 0.000000
67.000000 27.000000 1.000000 9979.000000 10000.000000 9979.000000 0.000000
67.000000 28.000000 1.000000 9983.000000 10000.000000 9983.000000 0.000000
67.000000 29.000000 1.000000 9986.000000 10000.000000 9986.000000 0.000000
67.000000 30.000000 1.000000 9991.000000 10000.000000 9991.000000 0.000000
67.000000 31.000000 1.000000 9994.000000 10000.000000 9994.000000 0.000000
67.000000 32.000000 1.000000 9996.000000 10000.000000 9996.000000 0.000000
67.000000 33.000000 1.000000 9997.000000 10000.000000 9997.000000 0.000000
67.000000 34.000000 1.000000 10000.000000 10000.000000 10000.000000 0.000000
67.000000 35.000000 1.000000 10000.000000 10000.000000 10000.000000 0.000000
67.000000 36.000000 1.000000 10000.000000 10000.000000 10000.000000 0.000000
67.000000 37.000000 1.000000 10000.000000 10000.000000 10000.000000 0.000000
67.000000 38.000000 1.000000 10000.000000 10000.000000 10000.000000 0.000000
67.000000 39.000000 1.000000 10000.000000 10000.000000 10000.000000 0.000000
67.000000 40.000000 1.000000 10000.000000 10000.000000 10000.000000 0.000000
67.000000 41.000000 1.000000 10000.000000 10000.000000 10000.000000 0.000000
67.000000 42.000000 1.000000 10000.000000 10000.000000 10000.000000 0.000000
67.000000 43.000000 1.000000 10000.000000 10000.000000 10000.000000 0.000000
67.000000 44.000000 1.000000 10000.000000 10000.000000 10000.000000 0.000000
67.000000 45.000000 1.000000 10000.000000 10000.000000 10000.000000 0.000000
67.000000 46.000000 1.000000 10000.000000 10000.000000 10000.000000 0.000000
67.000000 47.000000 1.000000 10000.000000 10000.000000 10000.000000 0.000000
67.000000 48.000000 1.000000 10000.000000 10000.000000 10000.000000 0.000000
67.000000 49.000000 1.000000 10000.000000 10000.000000 10000.000000 0.000000
68.000000 0.000000 1.000000 10000.000000 10000.000000 10000.000000 0.000000
68.000000 1.000000 1.000000 9999.000000 10000.000000 9999.000000 0.000000
68.000000 2.000000 1.000000 9999.000000 10000.000000 9999.000000 0.000000
68.000000 3.000000 1.000000 9999.000000 10000.000000 9999.000000 0.000000
68.000000 4.000000 1.000000 9999.000000 10000.000000 9999.000000 0.000000
68.000000 5.000000 1.000000 9999.000000 10000.000000 9999.000000 0.000000
68.000000 6.000000 1.000000 10000.000000 10000.000000 10000.000000 0.000000
68.000000 7.000000 1.000000 10000.000000 10000.000000 10000.000000 0.000000
68.000000 8.000000 1.000000 10000.000000 10000.000000 10000.000000 0.000000
68.000000 9.000000 1.000000 10000.000000 10000.000000 10000.000000 0.000000
68.000000 10.000000 1.000000 10000.000000 10000.000000 10000.000000 0.000000
68.000000 11.000000 1.000000 10000.000000 10000.000000 10000.000000 0.000000
68.000000 12.000000 1.000000 10000.000000 10000.000000 10000.000000 0.000000
68.000000 13.000000 1.000000 10000.000000 10000.000000 10000.000000 0.000000
68.000000 14.000000 1.000000 10000.000000 10000.000000 10000.000000 0.000000
68.000000 15.000000 1.000000 10000.000000 10000.000000 10000.000000 0.000000
68.000000 16.000000 1.000000 10000.000000 10000.000000 10000.000000 0.000000
68.000000 17.000000 1.000000 10000.000000 10000.000000 10000.000000 0.000000
68.000000 18.000000 1.000000 10000.000000 10000.000000 10000.000000 0.000000
68.000000 19.000000 1.000000 10000.000000 10000.000000 10000.000000 0.000000
68.000000 20.000000 1.000000 10000.000000 10000.000000 10000.000000 0.000000
68.000000 21.000000 1.000000 10000.000000 10000.000000 10000.000000 0.000000
68.000000 22.000000 1.000000 10000.000000 10000.000000 10000.000000 0.000000
68.000000 23.000000 1.000000 10000.000000 10000.000000 10000.000000 0.000000
68.000000 24.000000 1.000000 10000.000000 10000.000000 10000.000000 0.000000
68.000000 25.000000 1.000000 10000.000000 10000.000000 10000.000000 0.000000
68.000000 26.000000 1.000000 10000.000000 10000.000000 10000.000000 0.000000
68.000000 27.000000 1.000000 10000.000000 10000.000000 10000.000000 0.000000
68.000000 28.000000 1.000000 10000.000000 10000.000000 10000.000000 0.000000
68.000000 29.000000 1.000000 10000.000000 10000.000000 10000.000000 0.000000
68.000000 30.000000 1.000000 10000.000000 10000.000000 10000.000000 0.000000
68.000000 31.000000 1.000000 10000.000000 10000.000000 10000.000000 0.000000
68.000000 32.000000 1.000000 10000.000000 10000.000000 10000.000000 0.000000
68.000000 33.000000 1.000000 10000.000000 10000.000000 10000.000000 0.000000
68.000000 34.000000 1.000000 10000.000000 10000.000000 10000.000000 0.000000
68.000000 35.000000 1.000000 10000.000000 10000.000000 10000.000000 0.000000
68.000000 36.000000 1.000000 10000.000000 10000.000000 10000.000000 0.000000
68.000000 37.000000 1.000000 10000.000000 10000.000000 10000.000000 0.000000
68.000000 38.000000 1.000000 10000.000000 10000.000000 10000.000000 0.000000
68.000000 39.000000 1.000000 10000.000000 10000.000000 10000.000000 0.000000
68.000000 40.000000 1.000000 10000.000000 10000.000000 10000.000000 0.000000
68.000000 41.000000 1.000000 10000.000000 10000.000000 10000.000000 0.000000
68.000000 42.000000 1.000000 10000.000000 10000.000000 10000.000000 0.000000
68.000000 43.000000 1.000000 10000.000000 10000.000000 10000.000000 0.000000
68.000000 44.000000 1.000000 10000.000000 10000.000000 10000.000000 0.000000
68.000000 45.000000 1.000000 10000.000000 10000.000000 10000.000000 0.000000
68.000000 46.000000 1.000000 10000.000000 10000.000000 10000.000000 0.000000
68.000000 47.000000 1.000000 10000.000000 10000.000000 10000.000000 0.000000
68.000000 48.000000 1.000000 10000.000000 10000.000000 10000.000000 0.000000
68.000000 49.000000 1.000000 10000.000000 10000.000000 10000.000000 0.000000
69.000000 0.000000 1.000000 10000.000000 10000.000000 10000.000000 0.000000
69.000000 1.000000 1.000000 10000.000000 10000.000000 10000.000000 0.000000
69.000000 2.000000 1.000000 9999.000000 10000.000000 9999.000000 0.000000
69.000000 3.000000 1.000000 9999.000000 10000.000000 9999.000000 0.000000
69.000000 4.000000 1.000000 9999.000000 10000.000000 9999.000000 0.000000
69.000000 5.000000 1.000000 9999.000000 10000.000000 9999.000000 0.000000
69.000000 6.000000 1.000000 9999.000000 10000.000000 9999.000000 0.000000
69.000000 7.000000 1.000000 10000.000000 10000.000000 10000.000000 0.000000
69.000000 8.000000 1.000000 10000.000000 10000.000000 10000.000000 0.000000
69.000000 9.000000 1.000000 10000.000000 10000.000000 10000.000000 0.000000
69.000000 10.000000 1.000000 10000.000000 10000.000000 10000.000000 0.000000
69.000000 11.000000 1.000000 10000.000000 10000.000000 10000.000000 0.000000
69.000000 12.000000 1.000000 10000.000000 10000.000000 10000.000000 0.000000
69.000000 13.000000 1.000000 10000.000000 10000.000000 10000.000000 0.000000
69.000000 14.000000 1.000000 10000.000000 10000.000000 10000.000000 0.000000
69.000000 15.000000 1.000000 10000.000000 10000.000000 10000.000000 0.000000
69.000000 16.000000 1.000000 10000.000000 10000.000000 10000.000000 0.000000
69.000000 17.000000 1.000000 10000.000000 10000.000000 10000.000000 0.000000
69.000000 18.000000 1.000000 10000.000000 10000.000000 10000.000000 0.000000
69.000000 19.000000 1.000000 10000.000000 10000.000000 10000.000000 0.000000
69.000000 20.000000 1.000000 10000.000000 10000.000000 10000.000000 0.000000
69.000000 21.000000 1.000000 10000.000000 10000.000000 10000.000000 0.000000
69.000000 22.000000 1.000000 10000.000000 10000.000000 10000.000000 0.000000
69.000000 23.000000 1.000000 10000.000000 10000.000000 10000.000000 0.000000
69.000000 24.000000 1.000000 10000.000000 10000.000000 10000.000000 0.000000
69.000000 25.000000 1.000000 10000.000000 10000.000000 10000.000000 0.000000
69.000000 26.000000 1.000000 10000.000000 10000.000000 10000.000000 0.000000
69.000000 27.000000 1.000000 10000.000000 10000.000000 10000.000000 0.000000
69.000000 28.000000 1.000000 10000.000000 10000.000000 10000.000000 0.000000
69.000000 29.000000 1.000000 10000.000000 10000.000000 10000.000000 0.000000
69.000000 30.000000 1.000000 10000.000000 10000.000000 10000.000000 0.000000
69.000000 31.000000 1.000000 10000.000000 10000.000000 10000.000000 0.000000
69.000000 32.000000 1.000000 10000.000000 10000.000000 10000.000000 0.000000
69.000000 33.000000 1.000000 10000.000000 10000.000000 10000.000000 0.000000
69.000000 34.000000 1.000000 10000.000000 10000.000000 10000.000000 0.000000
69.000000 35.000000 1.000000 10000.000000 10000.000000 10000.000000 0.000000
69.000000 36.000000 1.000000 10000.000000 10000.000000 10000.000000 0.000000
69.000000 37.000000 1.000000 10000.000000 10000.000000 10000.000000 0.000000
69.000000 38.000000 1.000000 10000.000000 10000.000000 10000.000000 0.000000
69.000000 39.000000 1.000000 10000.000000 10000.000000 10000.000000 0.000000
69.000000 40.000000 1.000000 10000.000000 10000.000000 10000.000000 0.000000
69.000000 41.000000 1.000000 10000.000000 10000.000000 10000.000000 0.000000
69.000000 42.000000 1.000000 10000.000000 10000.000000 10000.000000 0.000000
69.000000 43.000000 1.000000 10000.000000 10000.000000 10000.000000 0.000000
69.000000 44.000000 1.000000 10000.000000 10000.000000 10000.000000 0.000000
69.000000 45.000000 1.000000 10000.000000 10000.000000 10000.000000 0.000000
69.000000 46.000000 1.000000 10000.000000 10000.000000 10000.000000 0.000000
69.000000 47.000000 1.000000 10000.000000 10000.000000 10000.000000 0.000000
69.000000 48.000000 1.000000 10000.000000 10000.000000 10000.000000 0.000000
69.000000 49.000000 1.000000 10000.000000 10000.000000 10000.000000 0.000000
70.000000 0.000000 1.000000 10000.000000 10000.000000 10000.000000 0.000000
70.000000 1.000000 1.000000 10000.000000 10000.000000 10000.000000 0.000000
70.000000 2.000000 1.000000 9999.000000 10000.000000 9999.000000 0.000000
70.000000 3.000000 1.000000 9999.000000 10000.000000 9999.000000 0.000000
70.000000 4.000000 1.000000 9999.000000 10000.000000 9999.000000 0.000000
70.000000 5.000000 1.000000 9999.000000 10000.000000 9999.000000 0.000000
70.000000 6.000000 1.000000 9999.000000 10000.000000 9999.000000 0.000000
70.000000 7.000000 1.000000 10000.000000 10000.000000 10000.000000 0.000000
70.000000 8.000000 1.000000 10000.000000 10000.000000 10000.000000 0.000000
70.000000 9.000000 1.000000 10000.000000 10000.000000 10000.000000 0.000000
70.000000 10.000000 1.000000 10000.000000 10000.000000 10000.000000 0.000000
70.000000 11.000000 1.000000 10000.000000 10000.000000 10000.000000 0.000000
70.000000 12.000000 1.000000 10000.000000 10000.000000 10000.000000 0.000000
70.000000 13.000000 1.000000 10000.000000 10000.000000 10000.000000 0.000000
70.000000 14.000000 1.000000 10000.000000 10000.000000 10000.000000 0.000000
70.000000 15.000000 1.000000 10000.000000 10000.000000 10000.000000 0.000000
70.000000 16.000000 1.000000 10000.000000 10000.000000 10000.000000 0.000000
70.000000 17.000000 1.000000 10000.000000 10000.000000 10000.000000 0.000000
70.000000 18.000000 1.000000 10000.000000 10000.000000 10000.000000 0.000000
70.000000 19.000000 1.000000 10000.000000 10000.000000 10000.000000 0.000000
70.000000 20.000000 1.000000 10000.000000 10000.000000 10000.000000 0.000000
70.000000 21.000000 1.000000 10000.000000 10000.000000 10000.000000 0.000000
70.000000 22.000000 1.000000 10000.000000 10000.000000 10000.000000 0.000000
70.000000 23.000000 1.000000 10000.000000 10000.000000 10000.000000 0.000000
70.000000 24.000000 1.000000 10000.000000 10000.000000 10000.000000 0.000000
70.000000 25.000000 1.000000 10000.000000 10000.000000 10000.000000 0.000000
70.000000 26.000000 1.000000 10000.000000 10000.000000 10000.000000 0.000000
70.000000 27.000000 1.000000 10000.000000 10000.000000 10000.000000 0.000000
70.000000 28.000000 1.000000 10000.000000 10000.000000 10000.000000 0.000000
70.000000 29.000000 1.000000 10000.000000 10000.000000 10000.000000 0.000000
70.000000 30.000000 1.000000 10000.000000 10000.000000 10000.000000 0.000000
70.000000 31.000000 1.000000 10000.000000 10000.000000 10000.000000 0.000000
70.000000 32.000000 1.000000 10000.000000 10000.000000 10000.000000 0.000000
70.000000 33.000000 1.000000 10000.000000 10000.000000 10000.000000 0.000000
70.000000 34.000000 1.000000 10000.000000 10000.000000 10000.000000 0.000000
70.000000 35.000000 1.000000 10000.000000 10000.000000 10000.000000 0.000000
70.000000 36.000000 1.000000 10000.000000 10000.000000 10000.000000 0.000000
70.000000 37.000000 1.000000 10000.000000 10000.000000 10000.000000 0.000000
70.000000 38.000000 1.000000 10000.000000 10000.000000 10000.000000 0.000000
70.000000 39.000000 1.000000 10000.000000 10000.000000 10000.000000 0.000000
70.000000 40.000000 1.000000 10000.000000 10000.000000 10000.000000 0.000000
70.000000 41.000000 1.000000 10000.000000 10000.000000 10000.000000 0.000000
70.000000 42.000000 1.000000 10000.000000 10000.000000 10000.000000 0.000000
70.000000 43.000000 1.000000 10000.000000 10000.000000 10000.000000 0.000000
70.000000 44.000000 1.000000 10000.000000 10000.000000 10000.000000 0.000000
70.000000 45.000000 1.000000 10000.000000 10000.000000 10000.000000 0.000000
70.000000 46.000000 1.000000 10000.000000 10000.000000 10000.000000 0.000000
70.000000 47.000000 1.000000 10000.000000 10000.000000 10000.000000 0.000000
70.000000 48.000000 1.000000 10000.000000 10000.000000 10000.000000 0.000000
70.000000 49.000000 1.000000 10000.000000 10000.000000 10000.000000 0.000000
71.000000 0.000000 1.000000 10000.000000 10000.000000 10000.000000 0.000000
71.000000 1.000000 1.000000 10000.000000 10000.000000 10000.000000 0.000000
71.000000 2.000000 1.000000 9999.000000 10000.000000 9999.000000 0.000000
71.000000 3.000000 1.000000 9999.000000 10000.000000 9999.000000 0.000000
71.000000 4.000000 1.000000 9999.000000 10000.000000 9999.000000 0.000000
71.000000 5.000000 1.000000 9999.000000 10000.000000 9999.000000 0.000000
71.000000 6.000000 1.000000 9999.000000 10000.000000 9999.000000 0.000000
71.000000 7.000000 1.000000 10000.000000 10000.000000 10000.000000 0.000000
71.000000 8.000000 1.000000 10000.000000 10000.000000 10000.000000 0.000000
71.000000 9.000000 1.000000 10000.000000 10000.000000 10000.000000 0.000000
71.000000 10.000000 1.000000 10000.000000 10000.000000 10000.000000 0.000000
71.000000 11.000000 1.000000 10000.000000 10000.000000 10000.000000 0.000000
71.000000 12.000000 1.000000 10000.000000 10000.000000 10000.000000 0.000000
71.000000 13.000000 1.000000 10000.000000 10000.000000 10000.000000 0.000000
71.000000 14.000000 1.000000 10000.000000 10000.000000 10000.000000 0.000000
71.000000 15.000000 1.000000 10000.000000 10000.000000 10000.000000 0.000000
71.000000 16.000000 1.000000 10000.000000 10000.000000 10000.000000 0.000000
71.000000 17.000000 1.000000 10000.000000 10000.000000 10000.000000 0.000000
71.000000 18.000000 1.000000 10000.000000 10000.000000 10000.000000 0.000000
71.000000 19.000000 1.000000 10000.000000 10000.000000 10000.000000 0.000000
71.000000 20.000000 1.000000 10000.000000 10000.000000 10000.000000 0.000000
71.000000 21.000000 1.000000 10000.000000 10000.000000 10000.000000 0.000000
71.000000 22.000000 1.000000 10000.000000 10000.000000 10000.000000 0.000000
71.000000 23.000000 1.000000 10000.000000 10000.000000 10000.000000 0.000000
71.000000 24.000000 1.000000 10000.000000 10000.000000 10000.000000 0.000000
71.000000 25.000000 1.000000 10000.000000 10000.000000 10000.000000 0.000000
71.000000 26.000000 1.000000 10000.000000 10000.000000 10000.000000 0.000000
71.000000 27.000000 1.000000 10000.000000 10000.000000 10000.000000 0.000000
71.000000 28.000000 1.000000 10000.000000 10000.000000 10000.000000 0.000000
71.000000 29.000000 1.000000 10000.000000 10000.000000 10000.000000 0.000000
71.000000 30.000000 1.000000 10000.000000 10000.000000 10000.000000 0.000000
71.000000 31.000000 1.000000 10000.000000 10000.000000 10000.000000 0.000000
71.000000 32.000000 1.000000 10000.000000 10000.000000 10000.000000 0.000000
71.000000 33.000000 1.000000 10000.000000 10000.000000 10000.000000 0.000000
71.000000 34.000000 1.000000 10000.000000 10000.000000 10000.000000 0.000000
71.000000 35.000000 1.000000 10000.000000 10000.000000 10000.000000 0.000000
71.000000 36.000000 1.000000 10000.000000 10000.000000 10000.000000 0.000000
71.000000 37.000000 1.000000 10000.000000 10000.000000 10000.000000 0.000000
71.000000 38.000000 1.000000 10000.000000 10000.000000 10000.000000 0.000000
71.000000 39.000000 1.000000 10000.000000 10000.000000 10000.000000 0.000000
71.000000 40.000000 1.000000 10000.000000 10000.000000 10000.000000 0.000000
71.000000 41.000000 1.000000 10000.000000 10000.000000 10000.000000 0.000000
71.000000 42.000000 1.000000 10000.000000 10000.000000 10000.000000 0.000000
71.000000 43.000000 1.000000 10000.000000 10000.000000 10000.000000 0.000000
71.000000 44.000000 1.000000 10000.000000 10000.000000 10000.000000 0.000000
71.000000 45.000000 1.000000 10000.000000 10000.000000 10000.000000 0.000000
71.000000 46.000000 1.000000 10000.000000 10000.000000 10000.000000 0.000000
71.000000 47.000000 1.000000 10000.000000 10000.000000 10000.000000 0.000000
71.000000 48.000000 1.000000 10000.000000 10000.000000 10000.000000 0.000000
71.000000 49.000000 1.000000 10000.000000 10000.000000 10000.000000 0.000000
72.000000 0.000000 1.000000 10000.000000 10000.000000 10000.000000 0.000000
72.000000 1.000000 1.000000 10000.000000 10000.000000 10000.000000 0.000000
72.000000 2.000000 1.000000 10000.000000 10000.000000 10000.000000 0.000000
72.000000 3.000000 1.000000 9984.000000 10000.000000 9984.000000 0.000000
72.000000 4.000000 9649.000000 0.000000 10000.000000 9649.000000 9649.000000
72.000000 5.000000 6956.000000 0.000000 10000.000000 6956.000000 6956.000000
72.000000 6.000000 5187.000000 0.000000 10000.000000 5187.000000 5187.000000
72.000000 7.000000 4187.000000 604.000000 10000.000000 4376.000000 3772.000000
72.000000 8.000000 1.000000 11.000000 2387.000000 4140.000000 0.000000
72.000000 9.000000 1.000000 257.000000 811.000000 4345.000000 0.000000
72.000000 10.000000 1.000000 764.000000 811.000000 6926.000000 0.000000
72.000000 11.000000 1.000000 2358.000000 2387.000000 8767.000000 0.000000
72.000000 12.000000 1.000000 4454.000000 4475.000000 9623.000000 0.000000
72.000000 13.000000 1.000000 5486.000000 5500.000000 9910.000000 0.000000
72.000000 14.000000 1.000000 7496.000000 7510.000000 9961.000000 0.000000
72.000000 15.000000 1.000000 9963.000000 10000.000000 9963.000000 0.000000
72.000000 16.000000 1.000000 9960.000000 10000.000000 9960.000000 0.000000
72.000000 17.000000 1.000000 9965.000000 10000.000000 9965.000000 0.000000
72.000000 18.000000 1.000000 9970.000000 10000.000000 9970.000000 0.000000
72.000000 19.000000 1.000000 9975.000000 10000.000000 9975.000000 0.000000
72.000000 20.000000 1.000000 9983.000000 10000.000000 9983.000000 0.000000
72.000000 21.000000 1.000000 9990.000000 10000.000000 9990.000000 0.000000
72.000000 22.000000 1.000000 9997.000000 10000.000000 9997.000000 0.000000
72.000000 23.000000 1.000000 9999.000000 10000.000000 9999.000000 0.000000
72.000000 24.000000 1.000000 10000.000000 10000.000000 10000.000000 0.000000
72.000000 25.000000 1.000000 10000.000000 10000.000000 10000.000000 0.000000
72.000000 26.000000 1.000000 10000.000000 10000.000000 10000.000000 0.000000
72.000000 27.000000 1.000000 10000.000000 10000.000000 10000.000000 0.000000
72.000000 28.000000 1.000000 10000.000000 10000.000000 10000.000000 0.000000
72.000000 29.000000 1.000000 10000.000000 10000.000000 10000.000000 0.000000
72.000000 30.000000 1.000000 10000.000000 10000.000000 10000.000000 0.000000
72.000000 31.000000 1.000000 10000.000000 10000.000000 10000.000000 0.000000
72.000000 32.000000 1.000000 10000.000000 10000.000000 10000.000000 0.000000
72.000000 33.000000 1.000000 10000.000000 10000.000000 10000.000000 0.000000
72.000000 34.000000 1.000000 10000.000000 10000.000000 10000.000000 0.000000
72.000000 35.000000 1.000000 10000.000000 10000.000000 10000.000000 0.000000
72.000000 36.000000 1.000000 10000.000000 10000.000000 10000.000000 0.000000
72.000000 37.000000 1.000000 10000.000000 10000.000000 10000.000000 0.000000
72.000000 38.000000 1.000000 10000.000000 10000.000000 10000.000000 0.000000
72.000000 39.000000 1.000000 10000.000000 10000.000000 10000.000000 0.000000
72.000000 40.000000 1.000000 10000.000000 10000.000000 10000.000000 0.000000
72.000000 41.000000 1.000000 10000.000000 10000.000000 10000.000000 0.000000
72.000000 42.000000 1.000000 10000.000000 10000.000000 10000.000000 0.000000
72.000000 43.000000 1.000000 10000.000000 10000.000000 10000.000000 0.000000
72.000000 44.000000 1.000000 10000.000000 10000.000000 10000.000000 0.000000
72.000000 45.000000 1.000000 10000.000000 10000.000000 10000.000000 0.000000
72.000000 46.000000 1.000000 10000.000000 10000.000000 10000.000000 0.000000
72.000000 47.000000 1.000000 10000.000000 10000.000000 10000.000000 0.000000
72.000000 48.000000 1.000000 10000.000000 10000.000000 10000.000000 0.000000
72.000000 49.000000 1.000000 10000.000000 10000.000000 10000.000000 0.000000
73.000000 0.000000 1.000000 10000.000000 10000.000000 10000.000000 0.000000
73.000000 1.000000 1.000000 10000.000000 10000.000000 10000.000000 0.000000
73.000000 2.000000 1.000000 10000.000000 10000.000000 10000.000000 0.000000
73.000000 3.000000 1.000000 9997.000000 10000.000000 9997.000000 0.000000
73.000000 4.000000 1.000000 9985.000000 10000.000000 9985.000000 0.000000
73.000000 5.000000 1.000000 9969.000000 10000.000000 9969.000000 0.000000
73.000000 6.000000 1.000000 9920.000000 10000.000000 9920.000000 0.000000
73.000000 7.000000 9636.000000 0.000000 10000.000000 9636.000000 9636.000000
73.000000 8.000000 6786.000000 0.000000 10000.000000 6786.000000 6786.000000
73.000000 9.000000 4985.000000 0.000000 10000.000000 4985.000000 4985.000000
73.000000 10.000000 4212.000000 119.000000 10000.000000 4212.000000 4093.000000
73.000000 11.000000 1.000000 45.000000 2517.000000 4014.000000 0.000000
73.000000 12.000000 1.000000 254.000000 872.000000 4186.000000 0.000000
73.000000 13.000000 1.000000 810.000000 872.000000 6913.000000 0.000000
73.000000 14.000000 1.000000 2488.000000 2517.000000 8782.000000 0.000000
73.000000 15.000000 1.000000 4652.000000 4675.000000 9626.000000 0.000000
73.000000 16.000000 1.000000 5668.000000 5682.000000 9915.000000 0.000000
73.000000 17.000000 1.000000 7284.000000 7304.000000 9963.000000 0.000000
73.000000 18.000000 1.000000 9978.000000 10000.000000 9978.000000 0.000000
73.000000 19.000000 1.000000 9988.000000 10000.000000 9988.000000 0.000000
73.000000 20.000000 1.000000 9991.000000 10000.000000 9991.000000 0.000000
73.000000 21.000000 1.000000 9994.000000 10000.000000 9994.000000 0.000000
73.000000 22.000000 1.000000 9997.000000 10000.000000 9997.000000 0.000000
73.000000 23.000000 1.000000 9999.000000 10000.000000 9999.000000 0.000000
73.000000 24.000000 1.000000 10000.000000 10000.000000 10000.000000 0.000000
73.000000 25.000000 1.000000 10000.000000 10000.000000 10000.000000 0.000000
73.000000 26.000000 1.000000 10000.000000 10000.000000 10000.000000 0.000000
73.000000 27.000000 1.000000 10000.000000 10000.000000 10000.000000 0.000000
73.000000 28.000000 1.000000 10000.000000 10000.000000 10000.000000 0.000000
73.000000 29.000000 1.000000 10000.000000 10000.000000 10000.000000 0.000000
73.000000 30.000000 1.000000 10000.000000 10000.000000 10000.000000 0.000000
73.000000 31.000000 1.000000 10000.000000 10000.000000 10000.000000 0.000000
73.000000 32.000000 1.000000 10000.000000 10000.000000 10000.000000 0.000000
73.000000 33.000000 1.000000 10000.000000 10000.000000 10000.000000 0.000000
73.000000 34.000000 1.000000 10000.000000 10000.000000 10000.000000 0.000000
73.000000 35.000000 1.000000 10000.000000 10000.000000 10000.000000 0.000000
73.000000 36.000000 1.000000 10000.000000 10000.000000 10000.000000 0.000000
73.000000 37.000000 1.000000 10000.000000 10000.000000 10000.000000 0.000000
73.000000 38.000000 1.000000 10000.000000 10000.000000 10000.000000 0.000000
73.000000 39.000000 1.000000 10000.000000 10000.000000 10000.000000 0.000000
73.000000 40.000000 1.000000 10000.000000 10000.000000 10000.000000 0.000000
73.000000 41.000000 1.000000 10000.000000 10000.000000 10000.000000 0.000000
73.000000 42.000000 1.000000 10000.000000 10000.000000 10000.000000 0.000000
73.000000 43.000000 1.000000 10000.000000 10000.000000 10000.000000 0.000000
73.000000 44.000000 1.000000 10000.000000 10000.000000 10000.000000 0.000000
73.000000 45.000000 1.000000 10000.000000 10000.000000 10000.000000 0.000000
73.000000 46.000000 1.000000 10000.000000 10000.000000 10000.000000 0.000000
73.000000 47.000000 1.000000 10000.000000 10000.000000 10000.000000 0.000000
73.000000 48.000000 1.000000 10000.000000 10000.000000 10000.000000 0.000000
73.000000 49.000000 1.000000 10000.000000 10000.000000 10000.000000 0.000000
74.000000 0.000000 1.000000 10000.000000 10000.000000 10000.000000 0.000000
74.000000 1.000000 1.000000 10000.000000 10000.000000 10000.000000 0.000000
74.000000 2.000000 1.000000 10000.000000 10000.000000 10000.000000 0.000000
74.000000 3.000000 1.000000 10000.000000 10000.000000 10000.000000 0.000000
74.000000 4.000000 1.000000 9996.000000 10000.000000 9996.000000 0.000000
74.000000 5.000000 1.000000 9993.000000 10000.000000 9993.000000 0.000000
74.000000 6.000000 1.000000 9981.000000 10000.000000 9981.000000 0.000000
74.000000 7.000000 1.000000 9929.000000 10000.000000 9929.000000 0.000000
74.000000 8.000000 9733.000000 0.000000 10000.000000 9733.000000 9733.000000
74.000000 9.000000 7917.000000 0.000000 10000.000000 7917.000000 7917.000000
74.000000 10.000000 6463.000000 0.000000 10000.000000 6463.000000 6463.000000
74.000000 11.000000 4980.000000 1258.000000 10000.000000 5565.000000 4307.000000
74.000000 12.000000 2.000000 44.000000 3257.000000 5282.000000 0.000000
74.000000 13.000000 11.000000 196.000000 526.000000 5329.000000 2.000000
74.000000 14.000000 1.000000 494.000000 524.000000 6996.000000 0.000000
74.000000 15.000000 1.000000 1711.000000 1731.000000 8426.000000 0.000000
74.000000 16.000000 18.000000 3627.000000 3651.000000 9306.000000 3.000000
74.000000 17.000000 50.000000 4618.000000 4656.000000 9602.000000 9.000000
74.000000 18.000000 886.000000 9415.000000 9986.000000 9649.000000 220.000000
74.000000 19.000000 245.000000 9388.000000 9766.000000 9667.000000 46.000000
74.000000 20.000000 1.000000 9406.000000 9721.000000 9683.000000 0.000000
74.000000 21.000000 1.000000 9436.000000 9722.000000 9712.000000 0.000000
74.000000 22.000000 1.000000 9468.000000 9722.000000 9743.000000 0.000000
74.000000 23.000000 1.000000 9511.000000 9723.000000 9785.000000 0.000000
74.000000 24.000000 1.000000 9557.000000 9728.000000 9827.000000 0.000000
74.000000 25.000000 1.000000 9661.000000 9808.000000 9852.000000 0.000000
74.000000 26.000000 1.000000 9839.000000 9970.000000 9869.000000 0.000000
74.000000 27.000000 1.000000 9875.000000 10000.000000 9875.000000 0.000000
74.000000 28.000000 1.000000 9895.000000 10000.000000 9895.000000 0.000000
74.000000 29.000000 1.000000 9899.000000 10000.000000 9899.000000 0.000000
74.000000 30.000000 1.000000 9913.000000 10000.000000 9913.000000 0.000000
74.000000 31.000000 1.000000 9934.000000 10000.000000 9934.000000 0.000000
74.000000 32.000000 1.000000 9965.000000 10000.000000 9965.000000 0.000000
74.000000 33.000000 1.000000 9980.000000 10000.000000 9980.000000 0.000000
74.000000 34.000000 1.000000 9994.000000 10000.000000 9994.000000 0.000000
74.000000 35.000000 1.000000 9998.000000 10000.000000 9998.000000 0.000000
74.000000 36.000000 1.000000 9999.000000 10000.000000 9999.000000 0.000000
74.000000 37.000000 1.000000 10000.000000 10000.000000 10000.000000 0.000000
74.000000 38.000000 1.000000 10000.000000 10000.000000 10000.000000 0.000000
74.000000 39.000000 1.000000 10000.000000 10000.000000 10000.000000 0.000000
74.000000 40.000000 1.000000 10000.000000 10000.000000 10000.000000 0.000000
74.000000 41.000000 1.000000 10000.000000 10000.000000 10000.000000 0.000000
74.000000 42.000000 1.000000 10000.000000 10000.000000 10000.000000 0.000000
74.000000 43.000000 1.000000 10000.000000 10000.000000 10000.000000 0.000000
74.000000 44.000000 1.000000 10000.000000 10000.000000 10000.000000 0.000000
74.000000 45.000000 1.000000 10000.000000 10000.000000 10000.000000 0.000000
74.000000 46.000000 1.000000 10000.000000 10000.000000 10000.000000 0.000000
74.000000 47.000000 1.000000 10000.000000 10000.000000 10000.000000 0.000000
74.000000 48.000000 1.000000 10000.000000 10000.000000 10000.000000 0.000000
74.000000 49.000000 1.000000 10000.000000 10000.000000 10000.000000 0.000000
75.000000 0.000000 1.000000 10000.000000 10000.000000 10000.000000 0.000000
75.000000 1.000000 1.000000 10000.000000 10000.000000 10000.000000 0.000000
75.000000 2.000000 1.000000 10000.000000 10000.000000 10000.000000 0.000000
75.000000 3.000000 1.000000 10000.000000 10000.000000 10000.000000 0.000000
75.000000 4.000000 1.000000 9999.000000 10000.000000 9999.000000 0.000000
75.000000 5.000000 1.000000 9999.000000 10000.000000 9999.000000 0.000000
75.000000 6.000000 1.000000 9999.000000 10000.000000 9999.000000 0.000000
75.000000 7.000000 1.000000 9999.000000 10000.000000 9999.000000 0.000000
75.000000 8.000000 1.000000 9999.000000 10000.000000 9999.000000 0.000000
75.000000 9.000000 1.000000 10000.000000 10000.000000 10000.000000 0.000000
75.000000 10.000000 1.000000 10000.000000 10000.000000 10000.000000 0.000000
75.000000 11.000000 1.000000 10000.000000 10000.000000 10000.000000 0.000000
75.000000 12.000000 1.000000 10000.000000 10000.000000 10000.000000 0.000000
75.000000 13.000000 1.000000 10000.000000 10000.000000 10000.000000 0.000000
75.000000 14.000000 1.000000 10000.000000 10000.000000 10000.000000 0.000000
75.000000 15.000000 1.000000 10000.000000 10000.000000 10000.000000 0.000000
75.000000 16.000000 1.000000 10000.000000 10000.000000 10000.000000 0.000000
75.000000 17.000000 1.000000 10000.000000 10000.000000 10000.000000 0.000000
75.000000 18.000000 1.000000 10000.000000 10000.000000 10000.000000 0.000000
75.000000 19.000000 1.000000 10000.000000 10000.000000 10000.000000 0.000000
75.000000 20.000000 1.000000 10000.000000 10000.000000 10000.000000 0.000000
75.000000 21.000000 1.000000 10000.000000 10000.000000 10000.000000 0.000000
75.000000 22.000000 1.000000 10000.000000 10000.000000 10000.000000 0.000000
75.000000 23.000000 1.000000 10000.000000 10000.000000 10000.000000 0.000000
75.000000 24.000000 1.000000 10000.000000 10000.000000 10000.000000 0.000000
75.000000 25.000000 1.000000 10000.000000 10000.000000 10000.000000 0.000000
75.000000 26.000000 1.000000 10000.000000 10000.000000 10000.000000 0.000000
75.000000 27.000000 1.000000 10000.000000 10000.000000 10000.000000 0.000000
75.000000 28.000000 1.000000 10000.000000 10000.000000 10000.000000 0.000000
75.000000 29.000000 1.000000 10000.000000 10000.000000 10000.000000 0.000000
75.000000 30.000000 1.000000 10000.000000 10000.000000 10000.000000 0.000000
75.000000 31.000000 1.000000 10000.000000 10000.000000 10000.000000 0.000000
75.000000 32.000000 1.000000 10000.000000 10000.000000 10000.000000 0.000000
75.000000 33.000000 1.000000 10000.000000 10000.000000 10000.000000 0.000000
75.000000 34.000000 1.000000 10000.000000 10000.000000 10000.000000 0.000000
75.000000 35.000000 1.000000 10000.000000 10000.000000 10000.000000 0.000000
75.000000 36.000000 1.000000 10000.000000 10000.000000 10000.000000 0.000000
75.000000 37.000000 1.000000 10000.000000 10000.000000 10000.000000 0.000000
75.000000 38.000000 1.000000 10000.000000 10000.000000 10000.000000 0.000000
75.000000 39.000000 1.000000 10000.000000 10000.000000 10000.000000 0.000000
75.000000 40.000000 1.000000 10000.000000 10000.000000 10000.000000 0.000000
75.000000 41.000000 1.000000 10000.000000 10000.000000 10000.000000 0.000000
75.000000 42.000000 1.000000 10000.000000 10000.000000 10000.000000 0.000000
75.000000 43.000000 1.000000 10000.000000 10000.000000 10000.000000 0.000000
75.000000 44.000000 1.000000 10000.000000 10000.000000 10000.000000 0.000000
75.000000 45.000000 1.000000 10000.000000 10000.000000 10000.000000 0.000000
75.000000 46.000000 1.000000 10000.000000 10000.000000 10000.000000 0.000000
75.000000 47.000000 1.000000 10000.000000 10000.000000 10000.000000 0.000000
75.000000 48.000000 1.000000 10000.000000 10000.000000 10000.000000 0.000000
75.000000 49.000000 1.000000 10000.000000 10000.000000 10000.000000 0.000000
76.000000 0.000000 1.000000 10000.000000 10000.000000 10000.000000 0.000000
76.000000 1.000000 1.000000 10000.000000 10000.000000 10000.000000 0.000000
76.000000 2.000000 1.000000 9999.000000 10000.000000 9999.000000 0.000000
76.000000 3.000000 1.000000 9994.000000 10000.000000 9994.000000 0.000000
76.000000 4.000000 1.000000 9967.000000 10000.000000 9967.000000 0.000000
76.000000 5.000000 2635.000000 8779.000000 10000.000000 9869.000000 1090.000000
76.000000 6.000000 9170.000000 0.000000 10000.000000 9170.000000 9170.000000
76.000000 7.000000 7099.000000 0.000000 10000.000000 7099.000000 7099.000000
76.000000 8.000000 5543.000000 0.000000 10000.000000 5543.000000 5543.000000
76.000000 9.000000 4159.000000 1412.000000 10000.000000 4858.000000 3446.000000
76.000000 10.000000 1.000000 78.000000 1360.000000 4733.000000 0.000000
76.000000 11.000000 1.000000 418.000000 862.000000 5276.000000 0.000000
76.000000 12.000000 1.000000 1028.000000 1075.000000 7273.000000 0.000000
76.000000 13.000000 1.000000 2436.000000 2462.000000 8861.000000 0.000000
76.000000 14.000000 1.000000 4161.000000 4179.000000 9603.000000 0.000000
76.000000 15.000000 1.000000 5183.000000 5195.000000 9826.000000 0.000000
76.000000 16.000000 1.000000 7670.000000 7732.000000 9904.000000 0.000000
76.000000 17.000000 1.000000 9924.000000 10000.000000 9924.000000 0.000000
76.000000 18.000000 1.000000 9951.000000 10000.000000 9951.000000 0.000000
76.000000 19.000000 1.000000 9969.000000 10000.000000 9969.000000 0.000000
76.000000 20.000000 1.000000 9975.000000 10000.000000 9975.000000 0.000000
76.000000 21.000000 1.000000 9982.000000 10000.000000 9982.000000 0.000000
76.000000 22.000000 1.000000 9983.000000 10000.000000 9983.000000 0.000000
76.000000 23.000000 1.000000 9987.000000 10000.000000 9987.000000 0.000000
76.000000 24.000000 1.000000 9990.000000 10000.000000 9990.000000 0.000000
76.000000 25.000000 1.000000 9993.000000 10000.000000 9993.000000 0.000000
76.000000 26.000000 1.000000 9997.000000 10000.000000 9997.000000 0.000000
76.000000 27.000000 1.000000 9999.000000 10000.000000 9999.000000 0.000000
76.000000 28.000000 1.000000 10000.000000 10000.000000 10000.000000 0.000000
76.000000 29.000000 1.000000 10000.000000 10000.000000 10000.000000 0.000000
76.000000 30.000000 1.000000 10000.000000 10000.000000 10000.000000 0.000000
76.000000 31.000000 1.000000 10000.000000 10000.000000 10000.000000 0.000000
76.000000 32.000000 1.000000 10000.000000 10000.000000 10000.000000 0.000000
76.000000 33.000000 1.000000 10000.000000 10000.000000 10000.000000 0.000000
76.000000 34.000000 1.000000 10000.000000 10000.000000 10000.000000 0.000000
76.000000 35.000000 1.000000 10000.000000 10000.000000 10000.000000 0.000000
76.000000 36.000000 1.000000 10000.000000 10000.000000 10000.000000 0.000000
76.000000 37.000000 1.000000 10000.000000 10000.000000 10000.000000 0.000000
76.000000 38.000000 1.000000 10000.000000 10000.000000 10000.000000 0.000000
76.000000 39.000000 1.000000 10000.000000 10000.000000 10000.000000 0.000000
76.000000 40.000000 1.000000 10000.000000 10000.000000 10000.000000 0.000000
76.000000 41.000000 1.000000 10000.000000 10000.000000 10000.000000 0.000000
76.000000 42.000000 1.000000 10000.000000 10000.000000 10000.000000 0.000000
76.000000 43.000000 1.000000 10000.000000 10000.000000 10000.000000 0.000000
76.000000 44.000000 1.000000 10000.000000 10000.000000 10000.000000 0.000000
76.000000 45.000000 1.000000 10000.000000 10000.000000 10000.000000 0.000000
76.000000 46.000000 1.000000 10000.000000 10000.000000 10000.000000 0.000000
76.000000 47.000000 1.000000 10000.000000 10000.000000 10000.000000 0.000000
76.000000 48.000000 1.000000 10000.000000 10000.000000 10000.000000 0.000000
76.000000 49.000000 1.000000 10000.000000 10000.000000 10000.000000 0.000000
77.000000 0.000000 1.000000 10000.000000 10000.000000 10000.000000 0.000000
77.000000 1.000000 1.000000 9999.000000 10000.000000 9999.000000 0.000000
77.000000 2.000000 1.000000 9999.000000 10000.000000 9999.000000 0.000000
77.000000 3.000000 1.000000 9999.000000 10000.000000 9999.000000 0.000000
77.000000 4.000000 1.000000 9999.000000 10000.000000 9999.000000 0.000000
77.000000 5.000000 1.000000 9999.000000 10000.000000 9999.000000 0.000000
77.000000 6.000000 1.000000 10000.000000 10000.000000 10000.000000 0.000000
77.000000 7.000000 1.000000 10000.000000 10000.000000 10000.000000 0.000000
77.000000 8.000000 1.000000 10000.000000 10000.000000 10000.000000 0.000000
77.000000 9.000000 1.000000 10000.000000 10000.000000 10000.000000 0.000000
77.000000 10.000000 1.000000 10000.000000 10000.000000 10000.000000 0.000000
77.000000 11.000000 1.000000 10000.000000 10000.000000 10000.000000 0.000000
77.000000 12.000000 1.000000 10000.000000 10000.000000 10000.000000 0.000000
77.000000 13.000000 1.000000 10000.000000 10000.000000 10000.000000 0.000000
77.000000 14.000000 1.000000 10000.000000 10000.000000 10000.000000 0.000000
77.000000 15.000000 1.000000 10000.000000 10000.000000 10000.000000 0.000000
77.000000 16.000000 1.000000 10000.000000 10000.000000 10000.000000 0.000000
77.000000 17.000000 1.000000 10000.000000 10000.000000 10000.000000 0.000000
77.000000 18.000000 1.000000 10000.000000 10000.000000 10000.000000 0.000000
77.000000 19.000000 1.000000 10000.000000 10000.000000 10000.000000 0.000000
77.000000 20.000000 1.000000 10000.000000 10000.000000 10000.000000 0.000000
77.000000 21.000000 1.000000 10000.000000 10000.000000 10000.000000 0.000000
77.000000 22.000000 1.000000 10000.000000 10000.000000 10000.000000 0.000000
77.000000 23.000000 1.000000 10000.000000 10000.000000 10000.000000 0.000000
77.000000 24.000000 1.000000 10000.000000 10000.000000 10000.000000 0.000000
77.000000 25.000000 1.000000 10000.000000 10000.000000 10000.000000 0.000000
77.000000 26.000000 1.000000 10000.000000 10000.000000 10000.000000 0.000000
77.000000 27.000000 1.000000 10000.000000 10000.000000 10000.000000 0.000000
77.000000 28.000000 1.000000 10000.000000 10000.000000 10000.000000 0.000000
77.000000 29.000000 1.000000 10000.000000 10000.000000 10000.000000 0.000000
77.000000 30.000000 1.000000 10000.000000 10000.000000 10000.000000 0.000000
77.000000 31.000000 1.000000 10000.000000 10000.000000 10000.000000 0.000000
77.000000 32.000000 1.000000 10000.000000 10000.000000 10000.000000 0.000000
77.000000 33.000000 1.000000 10000.000000 10000.000000 10000.000000 0.000000
77.000000 34.000000 1.000000 10000.000000 10000.000000 10000.000000 0.000000
77.000000 35.000000 1.000000 10000.000000 10000.000000 10000.000000 0.000000
77.000000 36.000000 1.000000 10000.000000 10000.000000 10000.000000 0.000000
77.000000 37.000000 1.000000 10000.000000 10000.000000 10000.000000 0.000000
77.000000 38.000000 1.000000 10000.000000 10000.000000 10000.000000 0.000000
77.000000 39.000000 1.000000 10000.000000 10000.000000 10000.000000 0.000000
77.000000 40.000000 1.000000 10000.000000 10000.000000 10000.000000 0.000000
77.000000 41.000000 1.000000 10000.000000 10000.000000 10000.000000 0.000000
77.000000 42.000000 1.000000 10000.000000 10000.000000 10000.000000 0.000000
77.000000 43.000000 1.000000 10000.000000 10000.000000 10000.000000 0.000000
77.000000 44.000000 1.000000 10000.000000 10000.000000 10000.000000 0.000000
77.000000 45.000000 1.000000 10000.000000 10000.000000 10000.000000 0.000000
77.000000 46.000000 1.000000 10000.000000 10000.000000 10000.000000 0.000000
77.000000 47.000000 1.000000 10000.000000 10000.000000 10000.000000 0.000000
77.000000 48.000000 1.000000 10000.000000 10000.000000 10000.000000 0.000000
77.000000 49.000000 1.000000 10000.000000 10000.000000 10000.000000 0.000000
78.000000 0.000000 1.000000 10000.000000 10000.000000 10000.000000 0.000000
78.000000 1.000000 1.000000 10000.000000 10000.000000 10000.000000 0.000000
78.000000 2.000000 1.000000 10000.000000 10000.000000 10000.000000 0.000000
78.000000 3.000000 1.000000 9998.000000 10000.000000 9998.000000 0.000000
78.000000 4.000000 1.000000 9931.000000 10000.000000 9931.000000 0.000000
78.000000 5.000000 9662.000000 0.000000 10000.000000 9662.000000 9662.000000
78.000000 6.000000 7153.000000 0.000000 10000.000000 7153.000000 7153.000000
78.000000 7.000000 5552.000000 0.000000 10000.000000 5552.000000 5552.000000
78.000000 8.000000 4216.000000 1288.000000 10000.000000 4819.000000 3531.000000
78.000000 9.000000 1.000000 44.000000 2222.000000 4632.000000 0.000000
78.000000 10.000000 1.000000 272.000000 820.000000 4807.000000 0.000000
78.000000 11.000000 1.000000 763.000000 820.000000 7173.000000 0.000000
78.000000 12.000000 1.000000 2211.000000 2222.000000 8823.000000 0.000000
78.000000 13.000000 1.000000 4127.000000 4147.000000 9573.000000 0.000000
78.000000 14.000000 1.000000 5186.000000 5205.000000 9818.000000 0.000000
78.000000 15.000000 1.000000 7608.000000 7674.000000 9870.000000 0.000000
78.000000 16.000000 1.000000 9904.000000 10000.000000 9904.000000 0.000000
78.000000 17.000000 1.000000 9926.000000 10000.000000 9926.000000 0.000000
78.000000 18.000000 1.000000 9942.000000 10000.000000 9942.000000 0.000000
78.000000 19.000000 1.000000 9960.000000 10000.000000 9960.000000 0.000000
78.000000 20.000000 1.000000 9974.000000 10000.000000 9974.000000 0.000000
78.000000 21.000000 1.000000 9982.000000 10000.000000 9982.000000 0.000000
78.000000 22.000000 1.000000 9989.000000 10000.000000 9989.000000 0.000000
78.000000 23.000000 1.000000 9991.000000 10000.000000 9991.000000 0.000000
78.000000 24.000000 1.000000 9995.000000 10000.000000 9995.000000 0.000000
78.000000 25.000000 1.000000 9998.000000 10000.000000 9998.000000 0.000000
78.000000 26.000000 1.000000 9999.000000 10000.000000 9999.000000 0.000000
78.000000 27.000000 1.000000 10000.000000 10000.000000 10000.000000 0.000000
78.000000 28.000000 1.000000 10000.000000 10000.000000 10000.000000 0.000000
78.000000 29.000000 1.000000 10000.000000 10000.000000 10000.000000 0.000000
78.000000 30.000000 1.000000 10000.000000 10000.000000 10000.000000 0.000000
78.000000 31.000000 1.000000 10000.000000 10000.000000 10000.000000 0.000000
78.000000 32.000000 1.000000 10000.000000 10000.000000 10000.000000 0.000000
78.000000 33.000000 1.000000 10000.000000 10000.000000 10000.000000 0.000000
78.000000 34.000000 1.000000 10000.000000 10000.000000 10000.000000 0.000000
78.000000 35.000000 1.000000 10000.000000 10000.000000 10000.000000 0.000000
78.000000 36.000000 1.000000 10000.000000 10000.000000 10000.000000 0.000000
78.000000 37.000000 1.000000 10000.000000 10000.000000 10000.000000 0.000000
78.000000 38.000000 1.000000 10000.000000 10000.000000 10000.000000 0.000000
78.000000 39.000000 1.000000 10000.000000 10000.000000 10000.000000 0.000000
78.000000 40.000000 1.000000 10000.000000 10000.000000 10000.000000 0.000000
78.000000 41.000000 1.000000 10000.000000 10000.000000 10000.000000 0.000000
78.000000 42.000000 1.000000 10000.000000 10000.000000 10000.000000 0.000000
78.000000 43.000000 1.000000 10000.000000 10000.000000 10000.000000 0.000000
78.000000 44.000000 1.000000 10000.000000 10000.000000 10000.000000 0.000000
78.000000 45.000000 1.000000 10000.000000 10000.000000 10000.000000 0.000000
78.000000 46.000000 1.000000 10000.000000 10000.000000 10000.000000 0.000000
78.000000 47.000000 1.000000 10000.000000 10000.000000 10000.000000 0.000000
78.000000 48.000000 1.000000 10000.000000 10000.000000 10000.000000 0.000000
78.000000 49.000000 1.000000 10000.000000 10000.000000 10000.000000 0.000000
79.000000 0.000000 1.000000 10000.000000 10000.000000 10000.000000 0.000000
79.000000 1.000000 1.000000 10000.000000 10000.000000 10000.000000 0.000000
79.000000 2.000000 1.000000 9999.000000 10000.000000 9999.000000 0.000000
79.000000 3.000000 1.000000 9999.000000 10000.000000 9999.000000 0.000000
79.000000 4.000000 1.000000 9999.000000 10000.000000 9999.000000 0.000000
79.000000 5.000000 1.000000 9999.000000 10000.000000 9999.000000 0.000000
79.000000 6.000000 1.000000 9999.000000 10000.000000 9999.000000 0.000000
79.000000 7.000000 1.000000 10000.000000 10000.000000 10000.000000 0.000000
79.000000 8.000000 1.000000 10000.000000 10000.000000 10000.000000 0.000000
79.000000 9.000000 1.000000 10000.000000 10000.000000 10000.000000 0.000000
79.000000 10.000000 1.000000 10000.000000 10000.000000 10000.000000 0.000000
79.000000 11.000000 1.000000 10000.000000 10000.000000 10000.000000 0.000000
79.000000 12.000000 1.000000 10000.000000 10000.000000 10000.000000 0.000000
79.000000 13.000000 1.000000 10000.000000 10000.000000 10000.000000 0.000000
79.000000 14.000000 1.000000 10000.000000 10000.000000 10000.000000 0.000000
79.000000 15.000000 1.000000 10000.000000 10000.000000 10000.000000 0.000000
79.000000 16.000000 1.000000 10000.000000 10000.000000 10000.000000 0.000000
79.000000 17.000000 1.000000 10000.000000 10000.000000 10000.000000 0.000000
79.000000 18.000000 1.000000 10000.000000 10000.000000 10000.000000 0.000000
79.000000 19.000000 1.000000 10000.000000 10000.000000 10000.000000 0.000000
79.000000 20.000000 1.000000 10000.000000 10000.000000 10000.000000 0.000000
79.000000 21.000000 1.000000 10000.000000 10000.000000 10000.000000 0.000000
79.000000 22.000000 1.000000 10000.000000 10000.000000 10000.000000 0.000000
79.000000 23.000000 1.000000 10000.000000 10000.000000 10000.000000 0.000000
79.000000 24.000000 1.000000 10000.000000 10000.000000 10000.000000 0.000000
79.000000 25.000000 1.000000 10000.000000 10000.000000 10000.000000 0.000000
79.000000 26.000000 1.000000 10000.000000 10000.000000 10000.000000 0.000000
79.000000 27.000000 1.000000 10000.000000 10000.000000 10000.000000 0.000000
79.000000 28.000000 1.000000 10000.000000 10000.000000 10000.000000 0.000000
79.000000 29.000000 1.000000 10000.000000 10000.000000 10000.000000 0.000000
79.000000 30.000000 1.000000 10000.000000 10000.000000 10000.000000 0.000000
79.000000 31.000000 1.000000 10000.000000 10000.000000 10000.000000 0.000000
79.000000 32.000000 1.000000 10000.000000 10000.000000 10000.000000 0.000000
79.000000 33.000000 1.000000 10000.000000 10000.000000 10000.000000 0.000000
79.000000 34.000000 1.000000 10000.000000 10000.000000 10000.000000 0.000000
79.000000 35.000000 1.000000 10000.000000 10000.000000 10000.000000 0.000000
79.000000 36.000000 1.000000 10000.000000 10000.000000 10000.000000 0.000000
79.000000 37.000000 1.000000 10000.000000 10000.000000 10000.000000 0.000000
79.000000 38.000000 1.000000 10000.000000 10000.000000 10000.000000 0.000000
79.000000 39.000000 1.000000 10000.000000 10000.000000 10000.000000 0.000000
79.000000 40.000000 1.000000 10000.000000 10000.000000 10000.000000 0.000000
79.000000 41.000000 1.000000 10000.000000 10000.000000 10000.000000 0.000000
79.000000 42.000000 1.000000 10000.000000 10000.000000 10000.000000 0.000000
79.000000 43.000000 1.000000 10000.000000 10000.000000 10000.000000 0.000000
79.000000 44.000000 1.000000 10000.000000 10000.000000 10000.000000 0.000000
79.000000 45.000000 1.000000 10000.000000 10000.000000 10000.000000 0.000000
79.000000 46.000000 1.000000 10000.000000 10000.000000 10000.000000 0.000000
79.000000 47.000000 1.000000 10000.000000 10000.000000 10000.000000 0.000000
79.000000 48.000000 1.000000 10000.000000 10000.000000 10000.000000 0.000000
79.000000 49.000000 1.000000 10000.000000 10000.000000 10000.000000 0.000000
80.000000 0.000000 1.000000 10000.000000 10000.000000 10000.000000 0.000000
80.000000 1.000000 1.000000 10000.000000 10000.000000 10000.000000 0.000000
80.000000 2.000000 1.000000 10000.000000 10000.000000 10000.000000 0.000000
80.000000 3.000000 1.000000 10000.000000 10000.000000 10000.000000 0.000000
80.000000 4.000000 1.000000 10000.000000 10000.000000 10000.000000 0.000000
80.000000 5.000000 1.000000 10000.000000 10000.000000 10000.000000 0.000000
80.000000 6.000000 1.000000 10000.000000 10000.000000 10000.000000 0.000000
80.000000 7.000000 1.000000 10000.000000 10000.000000 10000.000000 0.000000
80.000000 8.000000 1.000000 10000.000000 10000.000000 10000.000000 0.000000
80.000000 9.000000 1.000000 10000.000000 10000.000000 10000.000000 0.000000
80.000000 10.000000 1.000000 10000.000000 10000.000000 10000.000000 0.000000
80.000000 11.000000 1.000000 10000.000000 10000.000000 10000.000000 0.000000
80.000000 12.000000 1.000000 10000.000000 10000.000000 10000.000000 0.000000
80.000000 13.000000 1.000000 10000.000000 10000.000000 10000.000000 0.000000
80.000000 14.000000 1.000000 10000.000000 10000.000000 10000.000000 0.000000
80.000000 15.000000 1.000000 10000.000000 10000.000000 10000.000000 0.000000
80.000000 16.000000 1.000000 10000.000000 10000.000000 10000.000000 0.000000
80.000000 17.000000 1.000000 10000.000000 10000.000000 10000.000000 0.000000
80.000000 18.000000 1.000000 10000.000000 10000.000000 10000.000000 0.000000
80.000000 19.000000 1.000000 10000.000000 10000.000000 10000.000000 0.000000
80.000000 20.000000 1.000000 10000.000000 10000.000000 10000.000000 0.000000
80.000000 21.000000 1.000000 10000.000000 10000.000000 10000.000000 0.000000
80.000000 22.000000 1.000000 10000.000000 10000.000000 10000.000000 0.000000
80.000000 23.000000 1.000000 10000.000000 10000.000000 10000.000000 0.000000
80.000000 24.000000 1.000000 10000.000000 10000.000000 10000.000000 0.000000
80.000000 25.000000 1.000000 10000.000000 10000.000000 10000.000000 0.000000
80.000000 26.000000 1.000000 10000.000000 10000.000000 10000.000000 0.000000
80.000000 27.000000 1.000000 10000.000000 10000.000000 10000.000000 0.000000
80.000000 28.000000 1.000000 10000.000000 10000.000000 10000.000000 0.000000
80.000000 29.000000 1.000000 10000.000000 10000.000000 10000.000000 0.000000
80.000000 30.000000 1.000000 10000.000000 10000.000000 10000.000000 0.000000
80.000000 31.000000 1.000000 10000.000000 10000.000000 10000.000000 0.000000
80.000000 32.000000 1.000000 10000.000000 10000.000000 10000.000000 0.000000
80.000000 33.000000 1.000000 10000.000000 10000.000000 10000.000000 0.000000
80.000000 34.000000 1.000000 10000.000000 10000.000000 10000.000000 0.000000
80.000000 35.000000 1.000000 10000.000000 10000.000000 10000.000000 0.000000
80.000000 36.000000 1.000000 10000.000000 10000.000000 10000.000000 0.000000
80.000000 37.000000 1.000000 10000.000000 10000.000000 10000.000000 0.000000
80.000000 38.000000 1.000000 10000.000000 10000.000000 10000.000000 0.000000
80.000000 39.000000 1.000000 10000.000000 10000.000000 10000.000000 0.000000
80.000000 40.000000 1.000000 10000.000000 10000.000000 10000.000000 0.000000
80.000000 41.000000 1.000000 10000.000000 10000.000000 10000.000000 0.000000
80.000000 42.000000 1.000000 10000.000000 10000.000000 10000.000000 0.000000
80.000000 43.000000 1.000000 10000.000000 10000.000000 10000.000000 0.000000
80.000000 44.000000 1.000000 10000.000000 10000.000000 10000.000000 0.000000
80.000000 45.000000 1.000000 10000.000000 10000.000000 10000.000000 0.000000
80.000000 46.000000 1.000000 10000.000000 10000.000000 10000.000000 0.000000
80.000000 47.000000 1.000000 10000.000000 10000.000000 10000.000000 0.000000
80.000000 48.000000 1.000000 10000.000000 10000.000000 10000.000000 0.000000
80.000000 49.000000 1.000000 10000.000000 10000.000000 10000.000000 0.000000
81.000000 0.000000 1.000000 10000.000000 10000.000000 10000.000000 0.000000
81.000000 1.000000 1.000000 10000.000000 10000.000000 10000.000000 0.000000
81.000000 2.000000 1.000000 10000.000000 10000.000000 10000.000000 0.000000
81.000000 3.000000 1.000000 10000.000000 10000.000000 10000.000000 0.000000
81.000000 4.000000 1.000000 10000.000000 10000.000000 10000.000000 0.000000
81.000000 5.000000 1.000000 10000.000000 10000.000000 10000.000000 0.000000
81.000000 6.000000 1.000000 10000.000000 10000.000000 10000.000000 0.000000
81.000000 7.000000 1.000000 10000.000000 10000.000000 10000.000000 0.000000
81.000000 8.000000 1.000000 10000.000000 10000.000000 10000.000000 0.000000
81.000000 9.000000 1.000000 10000.000000 10000.000000 10000.000000 0.000000
81.000000 10.000000 1.000000 10000.000000 10000.000000 10000.000000 0.000000
81.000000 11.000000 1.000000 10000.000000 10000.000000 10000.000000 0.000000
81.000000 12.000000 1.000000 10000.000000 10000.000000 10000.000000 0.000000
81.000000 13.000000 1.000000 10000.000000 10000.000000 10000.000000 0.000000
81.000000 14.000000 1.000000 10000.000000 10000.000000 10000.000000 0.000000
81.000000 15.000000 1.000000 10000.000000 10000.000000 10000.000000 0.000000
81.000000 16.000000 1.000000 10000.000000 10000.000000 10000.000000 0.000000
81.000000 17.000000 1.000000 10000.000000 10000.000000 10000.000000 0.000000
81.000000 18.000000 1.000000 10000.000000 10000.000000 10000.000000 0.000000
81.000000 19.000000 1.000000 10000.000000 10000.000000 10000.000000 0.000000
81.000000 20.000000 1.000000 10000.000000 10000.000000 10000.000000 0.000000
81.000000 21.000000 1.000000 10000.000000 10000.000000 10000.000000 0.000000
81.000000 22.000000 1.000000 10000.000000 10000.000000 10000.000000 0.000000
81.000000 23.000000 1.000000 10000.000000 10000.000000 10000.000000 0.000000
81.000000 24.000000 1.000000 10000.000000 10000.000000 10000.000000 0.000000
81.000000 25.000000 1.000000 10000.000000 10000.000000 10000.000000 0.000000
81.000000 26.000000 1.000000 10000.000000 10000.000000 10000.000000 0.000000
81.000000 27.000000 1.000000 10000.000000 10000.000000 10000.000000 0.000000
81.000000 28.000000 1.000000 10000.000000 10000.000000 10000.000000 0.000000
81.000000 29.000000 1.000000 10000.000000 10000.000000 10000.000000 0.000000
81.000000 30.000000 1.000000 10000.000000 10000.000000 10000.000000 0.000000
81.000000 31.000000 1.000000 10000.000000 10000.000000 10000.000000 0.000000
81.000000 32.000000 1.000000 10000.000000 10000.000000 10000.000000 0.000000
81.000000 33.000000 1.000000 10000.000000 10000.000000 10000.000000 0.000000
81.000000 34.000000 1.000000 10000.000000 10000.000000 10000.000000 0.000000
81.000000 35.000000 1.000000 10000.000000 10000.000000 10000.000000 0.000000
81.000000 36.000000 1.000000 10000.000000 10000.000000 10000.000000 0.000000
81.000000 37.000000 1.000000 10000.000000 10000.000000 10000.000000 0.000000
81.000000 38.000000 1.000000 10000.000000 10000.000000 10000.000000 0.000000
81.000000 39.000000 1.000000 10000.000000 10000.000000 10000.000000 0.000000
81.000000 40.000000 1.000000 10000.000000 10000.000000 10000.000000 0.000000
81.000000 41.000000 1.000000 10000.000000 10000.000000 10000.000000 0.000000
81.000000 42.000000 1.000000 10000.000000 10000.000000 10000.000000 0.000000
81.000000 43.000000 1.000000 10000.000000 10000.000000 10000.000000 0.000000
81.000000 44.000000 1.000000 10000.000000 10000.000000 10000.000000 0.000000
81.000000 45.000000 1.000000 10000.000000 10000.000000 10000.000000 0.000000
81.000000 46.000000 1.000000 10000.000000 10000.000000 10000.000000 0.000000
81.000000 47.000000 1.000000 10000.000000 10000.000000 10000.000000 0.000000
81.000000 48.000000 1.000000 10000.000000 10000.000000 10000.000000 0.000000
81.000000 49.000000 1.000000 10000.000000 10000.000000 10000.000000 0.000000
82.000000 0.000000 1.000000 10000.000000 10000.000000 10000.000000 0.000000
82.000000 1.000000 1.000000 10000.000000 10000.000000 10000.000000 0.000000
82.000000 2.000000 1.000000 10000.000000 10000.000000 10000.000000 0.000000
82.000000 3.000000 1.000000 9996.000000 10000.000000 9996.000000 0.000000
82.000000 4.000000 1.000000 9979.000000 10000.000000 9979.000000 0.000000
82.000000 5.000000 1.000000 9936.000000 10000.000000 9936.000000 0.000000
82.000000 6.000000 9728.000000 0.000000 10000.000000 9728.000000 9728.000000
82.000000 7.000000 7558.000000 0.000000 10000.000000 7558.000000 7558.000000
82.000000 8.000000 6139.000000 0.000000 10000.000000 6139.000000 6139.000000
82.000000 9.000000 3624.000000 3061.000000 10000.000000 5405.000000 2344.000000
82.000000 10.000000 9.000000 32.000000 3040.000000 5201.000000 3.000000
82.000000 11.000000 179.000000 107.000000 2050.000000 5275.000000 112.000000
82.000000 12.000000 1.000000 450.000000 483.000000 7319.000000 0.000000
82.000000 13.000000 1.000000 1917.000000 1938.000000 8731.000000 0.000000
82.000000 14.000000 1.000000 3452.000000 3473.000000 9474.000000 0.000000
82.000000 15.000000 1.000000 5042.000000 5125.000000 9709.000000 0.000000
82.000000 16.000000 1.000000 8192.000000 8344.000000 9798.000000 0.000000
82.000000 17.000000 1.000000 9724.000000 9886.000000 9838.000000 0.000000
82.000000 18.000000 1.000000 9801.000000 9926.000000 9875.000000 0.000000
82.000000 19.000000 1.000000 9907.000000 10000.000000 9907.000000 0.000000
82.000000 20.000000 1.000000 9939.000000 10000.000000 9939.000000 0.000000
82.000000 21.000000 1.000000 9953.000000 10000.000000 9953.000000 0.000000
82.000000 22.000000 1.000000 9965.000000 10000.000000 9965.000000 0.000000
82.000000 23.000000 1.000000 9974.000000 10000.000000 9974.000000 0.000000
82.000000 24.000000 1.000000 9986.000000 10000.000000 9986.000000 0.000000
82.000000 25.000000 1.000000 9988.000000 10000.000000 9988.000000 0.000000
82.000000 26.000000 1.000000 9992.000000 10000.000000 9992.000000 0.000000
82.000000 27.000000 1.000000 9996.000000 10000.000000 9996.000000 0.000000
82.000000 28.000000 1.000000 9997.000000 10000.000000 9997.000000 0.000000
82.000000 29.000000 1.000000 9999.000000 10000.000000 9999.000000 0.000000
82.000000 30.000000 1.000000 10000.000000 10000.000000 10000.000000 0.000000
82.000000 31.000000 1.000000 10000.000000 10000.000000 10000.000000 0.000000
82.000000 32.000000 1.000000 10000.000000 10000.000000 10000.000000 0.000000
82.000000 33.000000 1.000000 10000.000000 10000.000000 10000.000000 0.000000
82.000000 34.000000 1.000000 10000.000000 10000.000000 10000.000000 0.000000
82.000000 35.000000 1.000000 10000.000000 10000.000000 10000.000000 0.000000
82.000000 36.000000 1.000000 10000.000000 10000.000000 10000.000000 0.000000
82.000000 37.000000 1.000000 10000.000000 10000.000000 10000.000000 0.000000
82.000000 38.000000 1.000000 10000.000000 10000.000000 10000.000000 0.000000
82.000000 39.000000 1.000000 10000.000000 10000.000000 10000.000000 0.000000
82.000000 40.000000 1.000000 10000.000000 10000.000000 10000.000000 0.000000
82.000000 41.000000 1.000000 10000.000000 10000.000000 10000.000000 0.000000
82.000000 42.000000 1.000000 10000.000000 10000.000000 10000.000000 0.000000
82.000000 43.000000 1.000000 10000.000000 10000.000000 10000.000000 0.000000
82.000000 44.000000 1.000000 10000.000000 10000.000000 10000.000000 0.000000
82.000000 45.000000 1.000000 10000.000000 10000.000000 10000.000000 0.000000
82.000000 46.000000 1.000000 10000.000000 10000.000000 10000.000000 0.000000
82.000000 47.000000 1.000000 10000.000000 10000.000000 10000.000000 0.000000
82.000000 48.000000 1.000000 10000.000000 10000.000000 10000.000000 0.000000
82.000000 49.000000 1.000000 10000.000000 10000.000000 10000.000000 0.000000
83.000000 0.000000 1.000000 10000.000000 10000.000000 10000.000000 0.000000
83.000000 1.000000 1.000000 10000.000000 10000.000000 10000.000000 0.000000
83.000000 2.000000 1.000000 9999.000000 10000.000000 9999.000000 0.000000
83.000000 3.000000 1.000000 9992.000000 10000.000000 9992.000000 0.000000
83.000000 4.000000 1.000000 9955.000000 10000.000000 9955.000000 0.000000
83.000000 5.000000 9616.000000 0.000000 10000.000000 9616.000000 9616.000000
83.000000 6.000000 7048.000000 0.000000 10000.000000 7048.000000 7048.000000
83.000000 7.000000 5420.000000 0.000000 10000.000000 5420.000000 5420.000000
83.000000 8.000000 4322.000000 982.000000 10000.000000 4760.000000 3778.000000
83.000000 9.000000 1.000000 21.000000 2341.000000 4581.000000 0.000000
83.000000 10.000000 1.000000 273.000000 890.000000 4790.000000 0.000000
83.000000 11.000000 1.000000 842.000000 890.000000 7263.000000 0.000000
83.000000 12.000000 1.000000 2313.000000 2341.000000 8941.000000 0.000000
83.000000 13.000000 1.000000 4267.000000 4286.000000 9670.000000 0.000000
83.000000 14.000000 1.000000 5154.000000 5173.000000 9882.000000 0.000000
83.000000 15.000000 1.000000 7463.000000 7507.000000 9934.000000 0.000000
83.000000 16.000000 1.000000 9961.000000 10000.000000 9961.000000 0.000000
83.000000 17.000000 1.000000 9980.000000 10000.000000 9980.000000 0.000000
83.000000 18.000000 1.000000 9986.000000 10000.000000 9986.000000 0.000000
83.000000 19.000000 1.000000 9991.000000 10000.000000 9991.000000 0.000000
83.000000 20.000000 1.000000 9994.000000 10000.000000 9994.000000 0.000000
83.000000 21.000000 1.000000 9996.000000 10000.000000 9996.000000 0.000000
83.000000 22.000000 1.000000 9996.000000 10000.000000 9996.000000 0.000000
83.000000 23.000000 1.000000 9998.000000 10000.000000 9998.000000 0.000000
83.000000 24.000000 1.000000 9999.000000 10000.000000 9999.000000 0.000000
83.000000 25.000000 1.000000 10000.000000 10000.000000 10000.000000 0.000000
83.000000 26.000000 1.000000 10000.000000 10000.000000 10000.000000 0.000000
83.000000 27.000000 1.000000 10000.000000 10000.000000 10000.000000 0.000000
83.000000 28.000000 1.000000 10000.000000 10000.000000 10000.000000 0.000000
83.000000 29.000000 1.000000 10000.000000 10000.000000 10000.000000 0.000000
83.000000 30.000000 1.000000 10000.000000 10000.000000 10000.000000 0.000000
83.000000 31.000000 1.000000 10000.000000 10000.000000 10000.000000 0.000000
83.000000 32.000000 1.000000 10000.000000 10000.000000 10000.000000 0.000000
83.000000 33.000000 1.000000 10000.000000 10000.000000 10000.000000 0.000000
83.000000 34.000000 1.000000 10000.000000 10000.000000 10000.000000 0.000000
83.000000 35.000000 1.000000 10000.000000 10000.000000 10000.000000 0.000000
83.000000 36.000000 1.000000 10000.000000 10000.000000 10000.000000 0.000000
83.000000 37.000000 1.000000 10000.000000 10000.000000 10000.000000 0.000000
83.000000 38.000000 1.000000 10000.000000 10000.000000 10000.000000 0.000000
83.000000 39.000000 1.000000 10000.000000 10000.000000 10000.000000 0.000000
83.000000 40.000000 1.000000 10000.000000 10000.000000 10000.000000 0.000000
83.000000 41.000000 1.000000 10000.000000 10000.000000 10000.000000 0.000000
83.000000 42.000000 1.000000 10000.000000 10000.000000 10000.000000 0.000000
83.000000 43.000000 1.000000 10000.000000 10000.000000 10000.000000 0.000000
83.000000 44.000000 1.000000 10000.000000 10000.000000 10000.000000 0.000000
83.000000 45.000000 1.000000 10000.000000 10000.000000 10000.000000 0.000000
83.000000 46.000000 1.000000 10000.000000 10000.000000 10000.000000 0.000000
83.000000 47.000000 1.000000 10000.000000 10000.000000 10000.000000 0.000000
83.000000 48.000000 1.000000 10000.000000 10000.000000 10000.000000 0.000000
83.000000 49.000000 1.000000 10000.000000 10000.000000 10000.000000 0.000000
84.000000 0.000000 1.000000 10000.000000 10000.000000 10000.000000 0.000000
84.000000 1.000000 1.000000 10000.000000 10000.000000 10000.000000 0.000000
84.000000 2.000000 1.000000 10000.000000 10000.000000 10000.000000 0.000000
84.000000 3.000000 1.000000 10000.000000 10000.000000 10000.000000 0.000000
84.000000 4.000000 1.000000 9994.000000 10000.000000 9994.000000 0.000000
84.000000 5.000000 1.000000 9989.000000 10000.000000 9989.000000 0.000000
84.000000 6.000000 1.000000 9934.000000 10000.000000 9934.000000 0.000000
84.000000 7.000000 9538.000000 0.000000 10000.000000 9538.000000 9538.000000
84.000000 8.000000 6734.000000 0.000000 10000.000000 6734.000000 6734.000000
84.000000 9.000000 5053.000000 0.000000 10000.000000 5053.000000 5053.000000
84.000000 10.000000 4340.000000 0.000000 10000.000000 4340.000000 4340.000000
84.000000 11.000000 1.000000 46.000000 1045.000000 4179.000000 0.000000
84.000000 12.000000 1.000000 338.000000 1045.000000 4438.000000 0.000000
84.000000 13.000000 1.000000 989.000000 1045.000000 7145.000000 0.000000
84.000000 14.000000 1.000000 2534.000000 2560.000000 8908.000000 0.000000
84.000000 15.000000 1.000000 4611.000000 4620.000000 9676.000000 0.000000
84.000000 16.000000 1.000000 5555.000000 5561.000000 9924.000000 0.000000
84.000000 17.000000 1.000000 7114.000000 7136.000000 9959.000000 0.000000
84.000000 18.000000 1.000000 9977.000000 10000.000000 9977.000000 0.000000
84.000000 19.000000 1.000000 9991.000000 10000.000000 9991.000000 0.000000
84.000000 20.000000 1.000000 9994.000000 10000.000000 9994.000000 0.000000
84.000000 21.000000 1.000000 9996.000000 10000.000000 9996.000000 0.000000
84.000000 22.000000 1.000000 9998.000000 10000.000000 9998.000000 0.000000
84.000000 23.000000 1.000000 9999.000000 10000.000000 9999.000000 0.000000
84.000000 24.000000 1.000000 10000.000000 10000.000000 10000.000000 0.000000
84.000000 25.000000 1.000000 10000.000000 10000.000000 10000.000000 0.000000
84.000000 26.000000 1.000000 10000.000000 10000.000000 10000.000000 0.000000
84.000000 27.000000 1.000000 10000.000000 10000.000000 10000.000000 0.000000
84.000000 28.000000 1.000000 10000.000000 10000.000000 10000.000000 0.000000
84.000000 29.000000 1.000000 10000.000000 10000.000000 10000.000000 0.000000
84.000000 30.000000 1.000000 10000.000000 10000.000000 10000.000000 0.000000
84.000000 31.000000 1.000000 10000.000000 10000.000000 10000.000000 0.000000
84.000000 32.000000 1.000000 10000.000000 10000.000000 10000.000000 0.000000
84.000000 33.000000 1.000000 10000.000000 10000.000000 10000.000000 0.000000
84.000000 34.000000 1.000000 10000.000000 10000.000000 10000.000000 0.000000
84.000000 35.000000 1.000000 10000.000000 10000.000000 10000.000000 0.000000
84.000000 36.000000 1.000000 10000.000000 10000.000000 10000.000000 0.000000
84.000000 37.000000 1.000000 10000.000000 10000.000000 10000.000000 0.000000
84.000000 38.000000 1.000000 10000.000000 10000.000000 10000.000000 0.000000
84.000000 39.000000 1.000000 10000.000000 10000.000000 10000.000000 0.000000
84.000000 40.000000 1.000000 10000.000000 10000.000000 10000.000000 0.000000
84.000000 41.000000 1.000000 10000.000000 10000.000000 10000.000000 0.000000
84.000000 42.000000 1.000000 10000.000000 10000.000000 10000.000000 0.000000
84.000000 43.000000 1.000000 10000.000000 10000.000000 10000.000000 0.000000
84.000000 44.000000 1.000000 10000.000000 10000.000000 10000.000000 0.000000
84.000000 45.000000 1.000000 10000.000000 10000.000000 10000.000000 0.000000
84.000000 46.000000 1.000000 10000.000000 10000.000000 10000.000000 0.000000
84.000000 47.000000 1.000000 10000.000000 10000.000000 10000.000000 0.000000
84.000000 48.000000 1.000000 10000.000000 10000.000000 10000.000000 0.000000
84.000000 49.000000 1.000000 10000.000000 10000.000000 10000.000000 0.000000
85.000000 0.000000 1.000000 10000.000000 10000.000000 10000.000000 0.000000
85.000000 1.000000 1.000000 10000.000000 10000.000000 10000.000000 0.000000
85.000000 2.000000 1.000000 9999.000000 10000.000000 9999.000000 0.000000
85.000000 3.000000 1.000000 9998.000000 10000.000000 9998.000000 0.000000
85.000000 4.000000 5868.000000 5657.000000 10000.000000 9880.000000 4223.000000
85.000000 5.000000 8530.000000 0.000000 10000.000000 8530.000000 8530.000000
85.000000 6.000000 6858.000000 0.000000 10000.000000 6858.000000 6858.000000
85.000000 7.000000 5320.000000 0.000000 10000.000000 5320.000000 5320.000000
85.000000 8.000000 2236.000000 3837.000000 10000.000000 4858.000000 1021.000000
85.000000 9.000000 1.000000 75.000000 597.000000 4838.000000 0.000000
85.000000 10.000000 1.000000 379.000000 597.000000 6048.000000 0.000000
85.000000 11.000000 1.000000 1340.000000 1381.000000 7688.000000 0.000000
85.000000 12.000000 1.000000 2968.000000 3000.000000 9260.000000 0.000000
85.000000 13.000000 1.000000 4401.000000 4410.000000 9771.000000 0.000000
85.000000 14.000000 1.000000 6228.000000 6270.000000 9886.000000 0.000000
85.000000 15.000000 1.000000 9253.000000 9323.000000 9920.000000 0.000000
85.000000 16.000000 1.000000 9949.000000 10000.000000 9949.000000 0.000000
85.000000 17.000000 1.000000 9971.000000 10000.000000 9971.000000 0.000000
85.000000 18.000000 1.000000 9981.000000 10000.000000 9981.000000 0.000000
85.000000 19.000000 1.000000 9987.000000 10000.000000 9987.000000 0.000000
85.000000 20.000000 1.000000 9997.000000 10000.000000 9997.000000 0.000000
85.000000 21.000000 1.000000 9999.000000 10000.000000 9999.000000 0.000000
85.000000 22.000000 1.000000 10000.000000 10000.000000 10000.000000 0.000000
85.000000 23.000000 1.000000 10000.000000 10000.000000 10000.000000 0.000000
85.000000 24.000000 1.000000 10000.000000 10000.000000 10000.000000 0.000000
85.000000 25.000000 1.000000 10000.000000 10000.000000 10000.000000 0.000000
85.000000 26.000000 1.000000 10000.000000 10000.000000 10000.000000 0.000000
85.000000 27.000000 1.000000 10000.000000 10000.000000 10000.000000 0.000000
85.000000 28.000000 1.000000 10000.000000 10000.000000 10000.000000 0.000000
85.000000 29.000000 1.000000 10000.000000 10000.000000 10000.000000 0.000000
85.000000 30.000000 1.000000 10000.000000 10000.000000 10000.000000 0.000000
85.000000 31.000000 1.000000 10000.000000 10000.000000 10000.000000 0.000000
85.000000 32.000000 1.000000 10000.000000 10000.000000 10000.000000 0.000000
85.000000 33.000000 1.000000 10000.000000 10000.000000 10000.000000 0.000000
85.000000 34.000000 1.000000 10000.000000 10000.000000 10000.000000 0.000000
85.000000 35.000000 1.000000 10000.000000 10000.000000 10000.000000 0.000000
85.000000 36.000000 1.000000 10000.000000 10000.000000 10000.000000 0.000000
85.000000 37.000000 1.000000 10000.000000 10000.000000 10000.000000 0.000000
85.000000 38.000000 1.000000 10000.000000 10000.000000 10000.000000 0.000000
85.000000 39.000000 1.000000 10000.000000 10000.000000 10000.000000 0.000000
85.000000 40.000000 1.000000 10000.000000 10000.000000 10000.000000 0.000000
85.000000 41.000000 1.000000 10000.000000 10000.000000 10000.000000 0.000000
85.000000 42.000000 1.000000 10000.000000 10000.000000 10000.000000 0.000000
85.000000 43.000000 1.000000 10000.000000 10000.000000 10000.000000 0.000000
85.000000 44.000000 1.000000 10000.000000 10000.000000 10000.000000 0.000000
85.000000 45.000000 1.000000 10000.000000 10000.000000 10000.000000 0.000000
85.000000 46.000000 1.000000 10000.000000 10000.000000 10000.000000 0.000000
85.000000 47.000000 1.000000 10000.000000 10000.000000 10000.000000 0.000000
85.000000 48.000000 1.000000 10000.000000 10000.000000 10000.000000 0.000000
85.000000 49.000000 1.000000 10000.000000 10000.000000 10000.000000 0.000000
86.000000 0.000000 1.000000 10000.000000 10000.000000 10000.000000 0.000000
86.000000 1.000000 1.000000 10000.000000 10000.000000 10000.000000 0.000000
86.000000 2.000000 1.000000 10000.000000 10000.000000 10000.000000 0.000000
86.000000 3.000000 1.000000 10000.000000 10000.000000 10000.000000 0.000000
86.000000 4.000000 1.000000 10000.000000 10000.000000 10000.000000 0.000000
86.000000 5.000000 1.000000 10000.000000 10000.000000 10000.000000 0.000000
86.000000 6.000000 1.000000 10000.000000 10000.000000 10000.000000 0.000000
86.000000 7.000000 1.000000 10000.000000 10000.000000 10000.000000 0.000000
86.000000 8.000000 1.000000 10000.000000 10000.000000 10000.000000 0.000000
86.000000 9.000000 1.000000 10000.000000 10000.000000 10000.000000 0.000000
86.000000 10.000000 1.000000 10000.000000 10000.000000 10000.000000 0.000000
86.000000 11.000000 1.000000 10000.000000 10000.000000 10000.000000 0.000000
86.000000 12.000000 1.000000 10000.000000 10000.000000 10000.000000 0.000000
86.000000 13.000000 1.000000 10000.000000 10000.000000 10000.000000 0.000000
86.000000 14.000000 1.000000 10000.000000 10000.000000 10000.000000 0.000000
86.000000 15.000000 1.000000 10000.000000 10000.000000 10000.000000 0.000000
86.000000 16.000000 1.000000 10000.000000 10000.000000 10000.000000 0.000000
86.000000 17.000000 1.000000 10000.000000 10000.000000 10000.000000 0.000000
86.000000 18.000000 1.000000 10000.000000 10000.000000 10000.000000 0.000000
86.000000 19.000000 1.000000 10000.000000 10000.000000 10000.000000 0.000000
86.000000 20.000000 1.000000 10000.000000 10000.000000 10000.000000 0.000000
86.000000 21.000000 1.000000 10000.000000 10000.000000 10000.000000 0.000000
86.000000 22.000000 1.000000 10000.000000 10000.000000 10000.000000 0.000000
86.000000 23.000000 1.000000 10000.000000 10000.000000 10000.000000 0.000000
86.000000 24.000000 1.000000 10000.000000 10000.000000 10000.000000 0.000000
86.000000 25.000000 1.000000 10000.000000 10000.000000 10000.000000 0.000000
86.000000 26.000000 1.000000 10000.000000 10000.000000 10000.000000 0.000000
86.000000 27.000000 1.000000 10000.000000 10000.000000 10000.000000 0.000000
86.000000 28.000000 1.000000 10000.000000 10000.000000 10000.000000 0.000000
86.000000 29.000000 1.000000 10000.000000 10000.000000 10000.000000 0.000000
86.000000 30.000000 1.000000 10000.000000 10000.000000 10000.000000 0.000000
86.000000 31.000000 1.000000 10000.000000 10000.000000 10000.000000 0.000000
86.000000 32.000000 1.000000 10000.000000 10000.000000 10000.000000 0.000000
86.000000 33.000000 1.000000 10000.000000 10000.000000 10000.000000 0.000000
86.000000 34.000000 1.000000 10000.000000 10000.000000 10000.000000 0.000000
86.000000 35.000000 1.000000 10000.000000 10000.000000 10000.000000 0.000000
86.000000 36.000000 1.000000 10000.000000 10000.000000 10000.000000 0.000000
86.000000 37.000000 1.000000 10000.000000 10000.000000 10000.000000 0.000000
86.000000 38.000000 1.000000 10000.000000 10000.000000 10000.000000 0.000000
86.000000 39.000000 1.000000 10000.000000 10000.000000 10000.000000 0.000000
86.000000 40.000000 1.000000 10000.000000 10000.000000 10000.000000 0.000000
86.000000 41.000000 1.000000 10000.000000 10000.000000 10000.000000 0.000000
86.000000 42.000000 1.000000 10000.000000 10000.000000 10000.000000 0.000000
86.000000 43.000000 1.000000 10000.000000 10000.000000 10000.000000 0.000000
86.000000 44.000000 1.000000 10000.000000 10000.000000 10000.000000 0.000000
86.000000 45.000000 1.000000 10000.000000 10000.000000 10000.000000 0.000000
86.000000 46.000000 1.000000 10000.000000 10000.000000 10000.000000 0.000000
86.000000 47.000000 1.000000 10000.000000 10000.000000 10000.000000 0.000000
86.000000 48.000000 1.000000 10000.000000 10000.000000 10000.000000 0.000000
86.000000 49.000000 1.000000 10000.000000 10000.000000 10000.000000 0.000000
87.000000 0.000000 1.000000 10000.000000 10000.000000 10000.000000 0.000000
87.000000 1.000000 1.000000 10000.000000 10000.000000 10000.000000 0.000000
87.000000 2.000000 1.000000 10000.000000 10000.000000 10000.000000 0.000000
87.000000 3.000000 1.000000 9999.000000 10000.000000 9999.000000 0.000000
87.000000 4.000000 1.000000 9999.000000 10000.000000 9999.000000 0.000000
87.000000 5.000000 1.000000 9999.000000 10000.000000 9999.000000 0.000000
87.000000 6.000000 1.000000 9999.000000 10000.000000 9999.000000 0.000000
87.000000 7.000000 1.000000 9999.000000 10000.000000 9999.000000 0.000000
87.000000 8.000000 1.000000 10000.000000 10000.000000 10000.000000 0.000000
87.000000 9.000000 1.000000 10000.000000 10000.000000 10000.000000 0.000000
87.000000 10.000000 1.000000 10000.000000 10000.000000 10000.000000 0.000000
87.000000 11.000000 1.000000 10000.000000 10000.000000 10000.000000 0.000000
87.000000 12.000000 1.000000 10000.000000 10000.000000 10000.000000 0.000000
87.000000 13.000000 1.000000 10000.000000 10000.000000 10000.000000 0.000000
87.000000 14.000000 1.000000 10000.000000 10000.000000 10000.000000 0.000000
87.000000 15.000000 1.000000 10000.000000 10000.000000 10000.000000 0.000000
87.000000 16.000000 1.000000 10000.000000 10000.000000 10000.000000 0.000000
87.000000 17.000000 1.000000 10000.000000 10000.000000 10000.000000 0.000000
87.000000 18.000000 1.000000 10000.000000 10000.000000 10000.000000 0.000000
87.000000 19.000000 1.000000 10000.000000 10000.000000 10000.000000 0.000000
87.000000 20.000000 1.000000 10000.000000 10000.000000 10000.000000 0.000000
87.000000 21.000000 1.000000 10000.000000 10000.000000 10000.000000 0.000000
87.000000 22.000000 1.000000 10000.000000 10000.000000 10000.000000 0.000000
87.000000 23.000000 1.000000 10000.000000 10000.000000 10000.000000 0.000000
87.000000 24.000000 1.000000 10000.000000 10000.000000 10000.000000 0.000000
87.000000 25.000000 1.000000 10000.000000 10000.000000 10000.000000 0.000000
87.000000 26.000000 1.000000 10000.000000 10000.000000 10000.000000 0.000000
87.000000 27.000000 1.000000 10000.000000 10000.000000 10000.000000 0.000000
87.000000 28.000000 1.000000 10000.000000 10000.000000 10000.000000 0.000000
87.000000 29.000000 1.000000 10000.000000 10000.000000 10000.000000 0.000000
87.000000 30.000000 1.000000 10000.000000 10000.000000 10000.000000 0.000000
87.000000 31.000000 1.000000 10000.000000 10000.000000 10000.000000 0.000000
87.000000 32.000000 1.000000 10000.000000 10000.000000 10000.000000 0.000000
87.000000 33.000000 1.000000 10000.000000 10000.000000 10000.000000 0.000000
87.000000 34.000000 1.000000 10000.000000 10000.000000 10000.000000 0.000000
87.000000 35.000000 1.000000 10000.000000 10000.000000 10000.000000 0.000000
87.000000 36.000000 1.000000 10000.000000 10000.000000 10000.000000 0.000000
87.000000 37.000000 1.000000 10000.000000 10000.000000 10000.000000 0.000000
87.000000 38.000000 1.000000 10000.000000 10000.000000 10000.000000 0.000000
87.000000 39.000000 1.000000 10000.000000 10000.000000 10000.000000 0.000000
87.000000 40.000000 1.000000 10000.000000 10000.000000 10000.000000 0.000000
87.000000 41.000000 1.000000 10000.000000 10000.000000 10000.000000 0.000000
87.000000 42.000000 1.000000 10000.000000 10000.000000 10000.000000 0.000000
87.000000 43.000000 1.000000 10000.000000 10000.000000 10000.000000 0.000000
87.000000 44.000000 1.000000 10000.000000 10000.000000 10000.000000 0.000000
87.000000 45.000000 1.000000 10000.000000 10000.000000 10000.000000 0.000000
87.000000 46.000000 1.000000 10000.000000 10000.000000 10000.000000 0.000000
87.000000 47.000000 1.000000 10000.000000 10000.000000 10000.000000 0.000000
87.000000 48.000000 1.000000 10000.000000 10000.000000 10000.000000 0.000000
87.000000 49.000000 1.000000 10000.000000 10000.000000 10000.000000 0.000000
88.000000 0.000000 1.000000 10000.000000 10000.000000 10000.000000 0.000000
88.000000 1.000000 1.000000 10000.000000 10000.000000 10000.000000 0.000000
88.000000 2.000000 1.000000 9999.000000 10000.000000 9999.000000 0.000000
88.000000 3.000000 1.000000 9999.000000 10000.000000 9999.000000 0.000000
88.000000 4.000000 1.000000 9997.000000 10000.000000 9997.000000 0.000000
88.000000 5.000000 1.000000 9997.000000 10000.000000 9997.000000 0.000000
88.000000 6.000000 1.000000 9997.000000 10000.000000 9997.000000 0.000000
88.000000 7.000000 1.000000 9997.000000 10000.000000 9997.000000 0.000000
88.000000 8.000000 1.000000 9998.000000 10000.000000 9998.000000 0.000000
88.000000 9.000000 1.000000 10000.000000 10000.000000 10000.000000 0.000000
88.000000 10.000000 1.000000 10000.000000 10000.000000 10000.000000 0.000000
88.000000 11.000000 1.000000 10000.000000 10000.000000 10000.000000 0.000000
88.000000 12.000000 1.000000 10000.000000 10000.000000 10000.000000 0.000000
88.000000 13.000000 1.000000 10000.000000 10000.000000 10000.000000 0.000000
88.000000 14.000000 1.000000 10000.000000 10000.000000 10000.000000 0.000000
88.000000 15.000000 1.000000 10000.000000 10000.000000 10000.000000 0.000000
88.000000 16.000000 1.000000 10000.000000 10000.000000 10000.000000 0.000000
88.000000 17.000000 1.000000 10000.000000 10000.000000 10000.000000 0.000000
88.000000 18.000000 1.000000 10000.000000 10000.000000 10000.000000 0.000000
88.000000 19.000000 1.000000 10000.000000 10000.000000 10000.000000 0.000000
88.000000 20.000000 1.000000 10000.000000 10000.000000 10000.000000 0.000000
88.000000 21.000000 1.000000 10000.000000 10000.000000 10000.000000 0.000000
88.000000 22.000000 1.000000 10000.000000 10000.000000 10000.000000 0.000000
88.000000 23.000000 1.000000 10000.000000 10000.000000 10000.000000 0.000000
88.000000 24.000000 1.000000 10000.000000 10000.000000 10000.000000 0.000000
88.000000 25.000000 1.000000 10000.000000 10000.000000 10000.000000 0.000000
88.000000 26.000000 1.000000 10000.000000 10000.000000 10000.000000 0.000000
88.000000 27.000000 1.000000 10000.000000 10000.000000 10000.000000 0.000000
88.000000 28.000000 1.000000 10000.000000 10000.000000 10000.000000 0.000000
88.000000 29.000000 1.000000 10000.000000 10000.000000 10000.000000 0.000000
88.000000 30.000000 1.000000 10000.000000 10000.000000 10000.000000 0.000000
88.000000 31.000000 1.000000 10000.000000 10000.000000 10000.000000 0.000000
88.000000 32.000000 1.000000 10000.000000 10000.000000 10000.000000 0.000000
88.000000 33.000000 1.000000 10000.000000 10000.000000 10000.000000 0.000000
88.000000 34.000000 1.000000 10000.000000 10000.000000 10000.000000 0.000000
88.000000 35.000000 1.000000 10000.000000 10000.000000 10000.000000 0.000000
88.000000 36.000000 1.000000 10000.000000 10000.000000 10000.000000 0.000000
88.000000 37.000000 1.000000 10000.000000 10000.000000 10000.000000 0.000000
88.000000 38.000000 1.000000 10000.000000 10000.000000 10000.000000 0.000000
88.000000 39.000000 1.000000 10000.000000 10000.000000 10000.000000 0.000000
88.000000 40.000000 1.000000 10000.000000 10000.000000 10000.000000 0.000000
88.000000 41.000000 1.000000 10000.000000 10000.000000 10000.000000 0.000000
88.000000 42.000000 1.000000 10000.000000 10000.000000 10000.000000 0.000000
88.000000 43.000000 1.000000 10000.000000 10000.000000 10000.000000 0.000000
88.000000 44.000000 1.000000 10000.000000 10000.000000 10000.000000 0.000000
88.000000 45.000000 1.000000 10000.000000 10000.000000 10000.000000 0.000000
88.000000 46.000000 1.000000 10000.000000 10000.000000 10000.000000 0.000000
88.000000 47.000000 1.000000 10000.000000 10000.000000 10000.000000 0.000000
88.000000 48.000000 1.000000 10000.000000 10000.000000 10000.000000 0.000000
88.000000 49.000000 1.000000 10000.000000 10000.000000 10000.000000 0.000000
89.000000 0.000000 1.000000 10000.000000 10000.000000 10000.000000 0.000000
89.000000 1.000000 1.000000 9999.000000 10000.000000 9999.000000 0.000000
89.000000 2.000000 1.000000 9999.000000 10000.000000 9999.000000 0.000000
89.000000 3.000000 1.000000 9999.000000 10000.000000 9999.000000 0.000000
89.000000 4.000000 1.000000 9999.000000 10000.000000 9999.000000 0.000000
89.000000 5.000000 1.000000 9999.000000 10000.000000 9999.000000 0.000000
89.000000 6.000000 1.000000 9999.000000 10000.000000 9999.000000 0.000000
89.000000 7.000000 1.000000 10000.000000 10000.000000 10000.000000 0.000000
89.000000 8.000000 1.000000 10000.000000 10000.000000 10000.000000 0.000000
89.000000 9.000000 1.000000 10000.000000 10000.000000 10000.000000 0.000000
89.000000 10.000000 1.000000 10000.000000 10000.000000 10000.000000 0.000000
89.000000 11.000000 1.000000 10000.000000 10000.000000 10000.000000 0.000000
89.000000 12.000000 1.000000 10000.000000 10000.000000 10000.000000 0.000000
89.000000 13.000000 1.000000 10000.000000 10000.000000 10000.000000 0.000000
89.000000 14.000000 1.000000 10000.000000 10000.000000 10000.000000 0.000000
89.000000 15.000000 1.000000 10000.000000 10000.000000 10000.000000 0.000000
89.000000 16.000000 1.000000 10000.000000 10000.000000 10000.000000 0.000000
89.000000 17.000000 1.000000 10000.000000 10000.000000 10000.000000 0.000000
89.000000 18.000000 1.000000 10000.000000 10000.000000 10000.000000 0.000000
89.000000 19.000000 1.000000 10000.000000 10000.000000 10000.000000 0.000000
89.000000 20.000000 1.000000 10000.000000 10000.000000 10000.000000 0.000000
89.000000 21.000000 1.000000 10000.000000 10000.000000 10000.000000 0.000000
89.000000 22.000000 1.000000 10000.000000 10000.000000 10000.000000 0.000000
89.000000 23.000000 1.000000 10000.000000 10000.000000 10000.000000 0.000000
89.000000 24.000000 1.000000 10000.000000 10000.000000 10000.000000 0.000000
89.000000 25.000000 1.000000 10000.000000 10000.000000 10000.000000 0.000000
89.000000 26.000000 1.000000 10000.000000 10000.000000 10000.000000 0.000000
89.000000 27.000000 1.000000 10000.000000 10000.000000 10000.000000 0.000000
89.000000 28.000000 1.000000 10000.000000 10000.000000 10000.000000 0.000000
89.000000 29.000000 1.000000 10000.000000 10000.000000 10000.000000 0.000000
89.000000 30.000000 1.000000 10000.000000 10000.000000 10000.000000 0.000000
89.000000 31.000000 1.000000 10000.000000 10000.000000 10000.000000 0.000000
89.000000 32.000000 1.000000 10000.000000 10000.000000 10000.000000 0.000000
89.000000 33.000000 1.000000 10000.000000 10000.000000 10000.000000 0.000000
89.000000 34.000000 1.000000 10000.000000 10000.000000 10000.000000 0.000000
89.000000 35.000000 1.000000 10000.000000 10000.000000 10000.000000 0.000000
89.000000 36.000000 1.000000 10000.000000 10000.000000 10000.000000 0.000000
89.000000 37.000000 1.000000 10000.000000 10000.000000 10000.000000 0.000000
89.000000 38.000000 1.000000 10000.000000 10000.000000 10000.000000 0.000000
89.000000 39.000000 1.000000 10000.000000 10000.000000 10000.000000 0.000000
89.000000 40.000000 1.000000 10000.000000 10000.000000 10000.000000 0.000000
89.000000 41.000000 1.000000 10000.000000 10000.000000 10000.000000 0.000000
89.000000 42.000000 1.000000 10000.000000 10000.000000 10000.000000 0.000000
89.000000 43.000000 1.000000 10000.000000 10000.000000 10000.000000 0.000000
89.000000 44.000000 1.000000 10000.000000 10000.000000 10000.000000 0.000000
89.000000 45.000000 1.000000 10000.000000 10000.000000 10000.000000 0.000000
89.000000 46.000000 1.000000 10000.000000 10000.000000 10000.000000 0.000000
89.000000 47.000000 1.000000 10000.000000 10000.000000 10000.000000 0.000000
89.000000 48.000000 1.000000 10000.000000 10000.000000 10000.000000 0.000000
89.000000 49.000000 1.000000 10000.000000 10000.000000 10000.000000 0.000000
90.000000 0.000000 1.000000 10000.000000 10000.000000 10000.000000 0.000000
90.000000 1.000000 1.000000 10000.000000 10000.000000 10000.000000 0.000000
90.000000 2.000000 1.000000 10000.000000 10000.000000 10000.000000 0.000000
90.000000 3.000000 1.000000 10000.000000 10000.000000 10000.000000 0.000000
90.000000 4.000000 1.000000 10000.000000 10000.000000 10000.000000 0.000000
90.000000 5.000000 1.000000 10000.000000 10000.000000 10000.000000 0.000000
90.000000 6.000000 1.000000 9995.000000 10000.000000 9995.000000 0.000000
90.000000 7.000000 1.000000 9956.000000 10000.000000 9956.000000 0.000000
90.000000 8.000000 9703.000000 0.000000 10000.000000 9703.000000 9703.000000
90.000000 9.000000 7380.000000 0.000000 10000.000000 7380.000000 7380.000000
90.000000 10.000000 5447.000000 0.000000 10000.000000 5447.000000 5447.000000
90.000000 11.000000 4499.000000 0.000000 10000.000000 4499.000000 4499.000000
90.000000 12.000000 1.000000 29.000000 3520.000000 4223.000000 0.000000
90.000000 13.000000 1.000000 216.000000 664.000000 4341.000000 0.000000
90.000000 14.000000 1.000000 626.000000 664.000000 6561.000000 0.000000
90.000000 15.000000 1.000000 2007.000000 2032.000000 8522.000000 0.000000
90.000000 16.000000 1.000000 4187.000000 4208.000000 9523.000000 0.000000
90.000000 17.000000 1.000000 5336.000000 5351.000000 9865.000000 0.000000
90.000000 18.000000 1.000000 7026.000000 7049.000000 9951.000000 0.000000
90.000000 19.000000 1.000000 9959.000000 10000.000000 9959.000000 0.000000
90.000000 20.000000 1.000000 9967.000000 10000.000000 9967.000000 0.000000
90.000000 21.000000 1.000000 9973.000000 10000.000000 9973.000000 0.000000
90.000000 22.000000 1.000000 9976.000000 10000.000000 9976.000000 0.000000
90.000000 23.000000 1.000000 9972.000000 10000.000000 9972.000000 0.000000
90.000000 24.000000 1.000000 9981.000000 10000.000000 9981.000000 0.000000
90.000000 25.000000 1.000000 9987.000000 10000.000000 9987.000000 0.000000
90.000000 26.000000 1.000000 9982.000000 10000.000000 9982.000000 0.000000
90.000000 27.000000 1.000000 9976.000000 10000.000000 9976.000000 0.000000
90.000000 28.000000 1.000000 9978.000000 10000.000000 9978.000000 0.000000
90.000000 29.000000 1.000000 9978.000000 10000.000000 9978.000000 0.000000
90.000000 30.000000 1.000000 9978.000000 10000.000000 9978.000000 0.000000
90.000000 31.000000 1.000000 9985.000000 10000.000000 9985.000000 0.000000
90.000000 32.000000 1.000000 9991.000000 10000.000000 9991.000000 0.000000
90.000000 33.000000 1.000000 9994.000000 10000.000000 9994.000000 0.000000
90.000000 34.000000 1.000000 9995.000000 10000.000000 9995.000000 0.000000
90.000000 35.000000 1.000000 9996.000000 10000.000000 9996.000000 0.000000
90.000000 36.000000 1.000000 9996.000000 10000.000000 9996.000000 0.000000
90.000000 37.000000 1.000000 9994.000000 10000.000000 9994.000000 0.000000
90.000000 38.000000 1.000000 9994.000000 10000.000000 9994.000000 0.000000
90.000000 39.000000 1.000000 9993.000000 10000.000000 9993.000000 0.000000
90.000000 40.000000 1.000000 9994.000000 10000.000000 9994.000000 0.000000
90.000000 41.000000 1.000000 9993.000000 10000.000000 9993.000000 0.000000
90.000000 42.000000 1.000000 9994.000000 10000.000000 9994.000000 0.000000
90.000000 43.000000 1.000000 9993.000000 10000.000000 9993.000000 0.000000
90.000000 44.000000 1.000000 9994.000000 10000.000000 9994.000000 0.000000
90.000000 45.000000 1.000000 9994.000000 10000.000000 9994.000000 0.000000
90.000000 46.000000 1.000000 9995.000000 10000.000000 9995.000000 0.000000
90.000000 47.000000 1.000000 9998.000000 10000.000000 9998.000000 0.000000
90.000000 48.000000 1.000000 9999.000000 10000.000000 9999.000000 0.000000
90.000000 49.000000 1.000000 10000.000000 10000.000000 10000.000000 0.000000
91.000000 0.000000 1.000000 10000.000000 10000.000000 10000.000000 0.000000
91.000000 1.000000 1.000000 10000.000000 10000.000000 10000.000000 0.000000
91.000000 2.000000 1.000000 9999.000000 10000.000000 9999.000000 0.000000
91.000000 3.000000 1.000000 9999.000000 10000.000000 9999.000000 0.000000
91.000000 4.000000 1.000000 9999.000000 10000.000000 9999.000000 0.000000
91.000000 5.000000 1.000000 9999.000000 10000.000000 9999.000000 0.000000
91.000000 6.000000 1.000000 9999.000000 10000.000000 9999.000000 0.000000
91.000000 7.000000 1.000000 10000.000000 10000.000000 10000.000000 0.000000
91.000000 8.000000 1.000000 10000.000000 10000.000000 10000.000000 0.000000
91.000000 9.000000 1.000000 10000.000000 10000.000000 10000.000000 0.000000
91.000000 10.000000 1.000000 10000.000000 10000.000000 10000.000000 0.000000
91.000000 11.000000 1.000000 10000.000000 10000.000000 10000.000000 0.000000
91.000000 12.000000 1.000000 10000.000000 10000.000000 10000.000000 0.000000
91.000000 13.000000 1.000000 10000.000000 10000.000000 10000.000000 0.000000
91.000000 14.000000 1.000000 10000.000000 10000.000000 10000.000000 0.000000
91.000000 15.000000 1.000000 10000.000000 10000.000000 10000.000000 0.000000
91.000000 16.000000 1.000000 10000.000000 10000.000000 10000.000000 0.000000
91.000000 17.000000 1.000000 10000.000000 10000.000000 10000.000000 0.000000
91.000000 18.000000 1.000000 10000.000000 10000.000000 10000.000000 0.000000
91.000000 19.000000 1.000000 10000.000000 10000.000000 10000.000000 0.000000
91.000000 20.000000 1.000000 10000.000000 10000.000000 10000.000000 0.000000
91.000000 21.000000 1.000000 10000.000000 10000.000000 10000.000000 0.000000
91.000000 22.000000 1.000000 10000.000000 10000.000000 10000.000000 0.000000
91.000000 23.000000 1.000000 10000.000000 10000.000000 10000.000000 0.000000
91.000000 24.000000 1.000000 10000.000000 10000.000000 10000.000000 0.000000
91.000000 25.000000 1.000000 10000.000000 10000.000000 10000.000000 0.000000
91.000000 26.000000 1.000000 10000.000000 10000.000000 10000.000000 0.000000
91.000000 27.000000 1.000000 10000.000000 10000.000000 10000.000000 0.000000
91.000000 28.000000 1.000000 10000.000000 10000.000000 10000.000000 0.000000
91.000000 29.000000 1.000000 10000.000000 10000.000000 10000.000000 0.000000
91.000000 30.000000 1.000000 10000.000000 10000.000000 10000.000000 0.000000
91.000000 31.000000 1.000000 10000.000000 10000.000000 10000.000000 0.000000
91.000000 32.000000 1.000000 10000.000000 10000.000000 10000.000000 0.000000
91.000000 33.000000 1.000000 10000.000000 10000.000000 10000.000000 0.000000
91.000000 34.000000 1.000000 10000.000000 10000.000000 10000.000000 0.000000
91.000000 35.000000 1.000000 10000.000000 10000.000000 10000.000000 0.000000
91.000000 36.000000 1.000000 10000.000000 10000.000000 10000.000000 0.000000
91.000000 37.000000 1.000000 10000.000000 10000.000000 10000.000000 0.000000
91.000000 38.000000 1.000000 10000.000000 10000.000000 10000.000000 0.000000
91.000000 39.000000 1.000000 10000.000000 10000.000000 10000.000000 0.000000
91.000000 40.000000 1.000000 10000.000000 10000.000000 10000.000000 0.000000
91.000000 41.000000 1.000000 10000.000000 10000.000000 10000.000000 0.000000
91.000000 42.000000 1.000000 10000.000000 10000.000000 10000.000000 0.000000
91.000000 43.000000 1.000000 10000.000000 10000.000000 10000.000000 0.000000
91.000000 44.000000 1.000000 10000.000000 10000.000000 10000.000000 0.000000
91.000000 45.000000 1.000000 10000.000000 10000.000000 10000.000000 0.000000
91.000000 46.000000 1.000000 10000.000000 10000.000000 10000.000000 0.000000
91.000000 47.000000 1.000000 10000.000000 10000.000000 10000.000000 0.000000
91.000000 48.000000 1.000000 10000.000000 10000.000000 10000.000000 0.000000
91.000000 49.000000 1.000000 10000.000000 10000.000000 10000.000000 0.000000
92.000000 0.000000 1.000000 10000.000000 10000.000000 10000.000000 0.000000
92.000000 1.000000 1.000000 10000.000000 10000.000000 10000.000000 0.000000
92.000000 2.000000 1.000000 9999.000000 10000.000000 9999.000000 0.000000
92.000000 3.000000 1.000000 9997.000000 10000.000000 9997.000000 0.000000
92.000000 4.000000 1.000000 9990.000000 10000.000000 9990.000000 0.000000
92.000000 5.000000 1.000000 9957.000000 10000.000000 9957.000000 0.000000
92.000000 6.000000 6876.000000 4188.000000 10000.000000 9815.000000 5627.000000
92.000000 7.000000 8210.000000 0.000000 10000.000000 8210.000000 8210.000000
92.000000 8.000000 6433.000000 0.000000 10000.000000 6433.000000 6433.000000
92.000000 9.000000 4898.000000 0.000000 10000.000000 4898.000000 4898.000000
92.000000 10.000000 2885.000000 2504.000000 10000.000000 4335.000000 1831.000000
92.000000 11.000000 1.000000 109.000000 645.000000 4307.000000 0.000000
92.000000 12.000000 1.000000 476.000000 645.000000 5768.000000 0.000000
92.000000 13.000000 1.000000 1542.000000 1582.000000 7524.000000 0.000000
92.000000 14.000000 1.000000 3285.000000 3320.000000 9102.000000 0.000000
92.000000 15.000000 1.000000 4784.000000 4807.000000 9737.000000 0.000000
92.000000 16.000000 1.000000 6169.000000 6196.000000 9903.000000 0.000000
92.000000 17.000000 1.000000 8756.000000 8800.000000 9943.000000 0.000000
92.000000 18.000000 1.000000 9967.000000 10000.000000 9967.000000 0.000000
92.000000 19.000000 1.000000 9976.000000 10000.000000 9976.000000 0.000000
92.000000 20.000000 1.000000 9988.000000 10000.000000 9988.000000 0.000000
92.000000 21.000000 1.000000 9996.000000 10000.000000 9996.000000 0.000000
92.000000 22.000000 1.000000 9999.000000 10000.000000 9999.000000 0.000000
92.000000 23.000000 1.000000 9999.000000 10000.000000 9999.000000 0.000000
92.000000 24.000000 1.000000 10000.000000 10000.000000 10000.000000 0.000000
92.000000 25.000000 1.000000 10000.000000 10000.000000 10000.000000 0.000000
92.000000 26.000000 1.000000 10000.000000 10000.000000 10000.000000 0.000000
92.000000 27.000000 1.000000 10000.000000 10000.000000 10000.000000 0.000000
92.000000 28.000000 1.000000 10000.000000 10000.000000 10000.000000 0.000000
92.000000 29.000000 1.000000 10000.000000 10000.000000 10000.000000 0.000000
92.000000 30.000000 1.000000 10000.000000 10000.000000 10000.000000 0.000000
92.000000 31.000000 1.000000 10000.000000 10000.000000 10000.000000 0.000000
92.000000 32.000000 1.000000 10000.000000 10000.000000 10000.000000 0.000000
92.000000 33.000000 1.000000 10000.000000 10000.000000 10000.000000 0.000000
92.000000 34.000000 1.000000 10000.000000 10000.000000 10000.000000 0.000000
92.000000 35.000000 1.000000 10000.000000 10000.000000 10000.000000 0.000000
92.000000 36.000000 1.000000 10000.000000 10000.000000 10000.000000 0.000000
92.000000 37.000000 1.000000 10000.000000 10000.000000 10000.000000 0.000000
92.000000 38.000000 1.000000 10000.000000 10000.000000 10000.000000 0.000000
92.000000 39.000000 1.000000 10000.000000 10000.000000 10000.000000 0.000000
92.000000 40.000000 1.000000 10000.000000 10000.000000 10000.000000 0.000000
92.000000 41.000000 1.000000 10000.000000 10000.000000 10000.000000 0.000000
92.000000 42.000000 1.000000 10000.000000 10000.000000 10000.000000 0.000000
92.000000 43.000000 1.000000 10000.000000 10000.000000 10000.000000 0.000000
92.000000 44.000000 1.000000 10000.000000 10000.000000 10000.000000 0.000000
92.000000 45.000000 1.000000 10000.000000 10000.000000 10000.000000 0.000000
92.000000 46.000000 1.000000 10000.000000 10000.000000 10000.000000 0.000000
92.000000 47.000000 1.000000 10000.000000 10000.000000 10000.000000 0.000000
92.000000 48.000000 1.000000 10000.000000 10000.000000 10000.000000 0.000000
92.000000 49.000000 1.000000 10000.000000 10000.000000 10000.000000 0.000000
93.000000 0.000000 1.000000 10000.000000 10000.000000 10000.000000 0.000000
93.000000 1.000000 1.000000 10000.000000 10000.000000 10000.000000 0.000000
93.000000 2.000000 1.000000 9999.000000 10000.000000 9999.000000 0.000000
93.000000 3.000000 1.000000 9999.000000 10000.000000 9999.000000 0.000000
93.000000 4.000000 1.000000 9999.000000 10000.000000 9999.000000 0.000000
93.000000 5.000000 1.000000 9999.000000 10000.000000 9999.000000 0.000000
93.000000 6.000000 1.000000 9999.000000 10000.000000 9999.000000 0.000000
93.000000 7.000000 1.000000 9999.000000 10000.000000 9999.000000 0.000000
93.000000 8.000000 1.000000 10000.000000 10000.000000 10000.000000 0.000000
93.000000 9.000000 1.000000 10000.000000 10000.000000 10000.000000 0.000000
93.000000 10.000000 1.000000 10000.000000 10000.000000 10000.000000 0.000000
93.000000 11.000000 1.000000 10000.000000 10000.000000 10000.000000 0.000000
93.000000 12.000000 1.000000 10000.000000 10000.000000 10000.000000 0.000000
93.000000 13.000000 1.000000 10000.000000 10000.000000 10000.000000 0.000000
93.000000 14.000000 1.000000 10000.000000 10000.000000 10000.000000 0.000000
93.000000 15.000000 1.000000 10000.000000 10000.000000 10000.000000 0.000000
93.000000 16.000000 1.000000 10000.000000 10000.000000 10000.000000 0.000000
93.000000 17.000000 1.000000 10000.000000 10000.000000 10000.000000 0.000000
93.000000 18.000000 1.000000 10000.000000 10000.000000 10000.000000 0.000000
93.000000 19.000000 1.000000 10000.000000 10000.000000 10000.000000 0.000000
93.000000 20.000000 1.000000 10000.000000 10000.000000 10000.000000 0.000000
93.000000 21.000000 1.000000 10000.000000 10000.000000 10000.000000 0.000000
93.000000 22.000000 1.000000 10000.000000 10000.000000 10000.000000 0.000000
93.000000 23.000000 1.000000 10000.000000 10000.000000 10000.000000 0.000000
93.000000 24.000000 1.000000 10000.000000 10000.000000 10000.000000 0.000000
93.000000 25.000000 1.000000 10000.000000 10000.000000 10000.000000 0.000000
93.000000 26.000000 1.000000 10000.000000 10000.000000 10000.000000 0.000000
93.000000 27.000000 1.000000 10000.000000 10000.000000 10000.000000 0.000000
93.000000 28.000000 1.000000 10000.000000 10000.000000 10000.000000 0.000000
93.000000 29.000000 1.000000 10000.000000 10000.000000 10000.000000 0.000000
93.000000 30.000000 1.000000 10000.000000 10000.000000 10000.000000 0.000000
93.000000 31.000000 1.000000 10000.000000 10000.000000 10000.000000 0.000000
93.000000 32.000000 1.000000 10000.000000 10000.000000 10000.000000 0.000000
93.000000 33.000000 1.000000 10000.000000 10000.000000 10000.000000 0.000000
93.000000 34.000000 1.000000 10000.000000 10000.000000 10000.000000 0.000000
93.000000 35.000000 1.000000 10000.000000 10000.000000 10000.000000 0.000000
93.000000 36.000000 1.000000 10000.000000 10000.000000 10000.000000 0.000000
93.000000 37.000000 1.000000 10000.000000 10000.000000 10000.000000 0.000000
93.000000 38.000000 1.000000 10000.000000 10000.000000 10000.000000 0.000000
93.000000 39.000000 1.000000 10000.000000 10000.000000 10000.000000 0.000000
93.000000 40.000000 1.000000 10000.000000 10000.000000 10000.000000 0.000000
93.000000 41.000000 1.000000 10000.000000 10000.000000 10000.000000 0.000000
93.000000 42.000000 1.000000 10000.000000 10000.000000 10000.000000 0.000000
93.000000 43.000000 1.000000 10000.000000 10000.000000 10000.000000 0.000000
93.000000 44.000000 1.000000 10000.000000 10000.000000 10000.000000 0.000000
93.000000 45.000000 1.000000 10000.000000 10000.000000 10000.000000 0.000000
93.000000 46.000000 1.000000 10000.000000 10000.000000 10000.000000 0.000000
93.000000 47.000000 1.000000 10000.000000 10000.000000 10000.000000 0.000000
93.000000 48.000000 1.000000 10000.000000 10000.000000 10000.000000 0.000000
93.000000 49.000000 1.000000 10000.000000 10000.000000 10000.000000 0.000000
94.000000 0.000000 1.000000 10000.000000 10000.000000 10000.000000 0.000000
94.000000 1.000000 1.000000 10000.000000 10000.000000 10000.000000 0.000000
94.000000 2.000000 1.000000 10000.000000 10000.000000 10000.000000 0.000000
94.000000 3.000000 1.000000 10000.000000 10000.000000 10000.000000 0.000000
94.000000 4.000000 1.000000 10000.000000 10000.000000 10000.000000 0.000000
94.000000 5.000000 1.000000 10000.000000 10000.000000 10000.000000 0.000000
94.000000 6.000000 1.000000 10000.000000 10000.000000 10000.000000 0.000000
94.000000 7.000000 1.000000 10000.000000 10000.000000 10000.000000 0.000000
94.000000 8.000000 1.000000 10000.000000 10000.000000 10000.000000 0.000000
94.000000 9.000000 1.000000 10000.000000 10000.000000 10000.000000 0.000000
94.000000 10.000000 1.000000 10000.000000 10000.000000 10000.000000 0.000000
94.000000 11.000000 1.000000 10000.000000 10000.000000 10000.000000 0.000000
94.000000 12.000000 1.000000 10000.000000 10000.000000 10000.000000 0.000000
94.000000 13.000000 1.000000 10000.000000 10000.000000 10000.000000 0.000000
94.000000 14.000000 1.000000 10000.000000 10000.000000 10000.000000 0.000000
94.000000 15.000000 1.000000 10000.000000 10000.000000 10000.000000 0.000000
94.000000 16.000000 1.000000 10000.000000 10000.000000 10000.000000 0.000000
94.000000 17.000000 1.000000 10000.000000 10000.000000 10000.000000 0.000000
94.000000 18.000000 1.000000 10000.000000 10000.000000 10000.000000 0.000000
94.000000 19.000000 1.000000 10000.000000 10000.000000 10000.000000 0.000000
94.000000 20.000000 1.000000 10000.000000 10000.000000 10000.000000 0.000000
94.000000 21.000000 1.000000 10000.000000 10000.000000 10000.000000 0.000000
94.000000 22.000000 1.000000 10000.000000 10000.000000 10000.000000 0.000000
94.000000 23.000000 1.000000 10000.000000 10000.000000 10000.000000 0.000000
94.000000 24.000000 1.000000 10000.000000 10000.000000 10000.000000 0.000000
94.000000 25.000000 1.000000 10000.000000 10000.000000 10000.000000 0.000000
94.000000 26.000000 1.000000 10000.000000 10000.000000 10000.000000 0.000000
94.000000 27.000000 1.000000 10000.000000 10000.000000 10000.000000 0.000000
94.000000 28.000000 1.000000 10000.000000 10000.000000 10000.000000 0.000000
94.000000 29.000000 1.000000 10000.000000 10000.000000 10000.000000 0.000000
94.000000 30.000000 1.000000 10000.000000 10000.000000 10000.000000 0.000000
94.000000 31.000000 1.000000 10000.000000 10000.000000 10000.000000 0.000000
94.000000 32.000000 1.000000 10000.000000 10000.000000 10000.000000 0.000000
94.000000 33.000000 1.000000 10000.000000 10000.000000 10000.000000 0.000000
94.000000 34.000000 1.000000 10000.000000 10000.000000 10000.000000 0.000000
94.000000 35.000000 1.000000 10000.000000 10000.000000 10000.000000 0.000000
94.000000 36.000000 1.000000 10000.000000 10000.000000 10000.000000 0.000000
94.000000 37.000000 1.000000 10000.000000 10000.000000 10000.000000 0.000000
94.000000 38.000000 1.000000 10000.000000 10000.000000 10000.000000 0.000000
94.000000 39.000000 1.000000 10000.000000 10000.000000 10000.000000 0.000000
94.000000 40.000000 1.000000 10000.000000 10000.000000 10000.000000 0.000000
94.000000 41.000000 1.000000 10000.000000 10000.000000 10000.000000 0.000000
94.000000 42.000000 1.000000 10000.000000 10000.000000 10000.000000 0.000000
94.000000 43.000000 1.000000 10000.000000 10000.000000 10000.000000 0.000000
94.000000 44.000000 1.000000 10000.000000 10000.000000 10000.000000 0.000000
94.000000 45.000000 1.000000 10000.000000 10000.000000 10000.000000 0.000000
94.000000 46.000000 1.000000 10000.000000 10000.000000 10000.000000 0.000000
94.000000 47.000000 1.000000 10000.000000 10000.000000 10000.000000 0.000000
94.000000 48.000000 1.000000 10000.000000 10000.000000 10000.000000 0.000000
94.000000 49.000000 1.000000 10000.000000 10000.000000 10000.000000 0.000000
95.000000 0.000000 1.000000 10000.000000 10000.000000 10000.000000 0.000000
95.000000 1.000000 1.000000 10000.000000 10000.000000 10000.000000 0.000000
95.000000 2.000000 1.000000 10000.000000 10000.000000 10000.000000 0.000000
95.000000 3.000000 1.000000 10000.000000 10000.000000 10000.000000 0.000000
95.000000 4.000000 1.000000 10000.000000 10000.000000 10000.000000 0.000000
95.000000 5.000000 1.000000 10000.000000 10000.000000 10000.000000 0.000000
95.000000 6.000000 1.000000 10000.000000 10000.000000 10000.000000 0.000000
95.000000 7.000000 1.000000 10000.000000 10000.000000 10000.000000 0.000000
95.000000 8.000000 1.000000 10000.000000 10000.000000 10000.000000 0.000000
95.000000 9.000000 1.000000 10000.000000 10000.000000 10000.000000 0.000000
95.000000 10.000000 1.000000 10000.000000 10000.000000 10000.000000 0.000000
95.000000 11.000000 1.000000 10000.000000 10000.000000 10000.000000 0.000000
95.000000 12.000000 1.000000 10000.000000 10000.000000 10000.000000 0.000000
95.000000 13.000000 1.000000 10000.000000 10000.000000 10000.000000 0.000000
95.000000 14.000000 1.000000 10000.000000 10000.000000 10000.000000 0.000000
95.000000 15.000000 1.000000 10000.000000 10000.000000 10000.000000 0.000000
95.000000 16.000000 1.000000 10000.000000 10000.000000 10000.000000 0.000000
95.000000 17.000000 1.000000 10000.000000 10000.000000 10000.000000 0.000000
95.000000 18.000000 1.000000 10000.000000 10000.000000 10000.000000 0.000000
95.000000 19.000000 1.000000 10000.000000 10000.000000 10000.000000 0.000000
95.000000 20.000000 1.000000 10000.000000 10000.000000 10000.000000 0.000000
95.000000 21.000000 1.000000 10000.000000 10000.000000 10000.000000 0.000000
95.000000 22.000000 1.000000 10000.000000 10000.000000 10000.000000 0.000000
95.000000 23.000000 1.000000 10000.000000 10000.000000 10000.000000 0.000000
95.000000 24.000000 1.000000 10000.000000 10000.000000 10000.000000 0.000000
95.000000 25.000000 1.000000 10000.000000 10000.000000 10000.000000 0.000000
95.000000 26.000000 1.000000 10000.000000 10000.000000 10000.000000 0.000000
95.000000 27.000000 1.000000 10000.000000 10000.000000 10000.000000 0.000000
95.000000 28.000000 1.000000 10000.000000 10000.000000 10000.000000 0.000000
95.000000 29.000000 1.000000 10000.000000 10000.000000 10000.000000 0.000000
95.000000 30.000000 1.000000 10000.000000 10000.000000 10000.000000 0.000000
95.000000 31.000000 1.000000 10000.000000 10000.000000 10000.000000 0.000000
95.000000 32.000000 1.000000 10000.000000 10000.000000 10000.000000 0.000000
95.000000 33.000000 1.000000 10000.000000 10000.000000 10000.000000 0.000000
95.000000 34.000000 1.000000 10000.000000 10000.000000 10000.000000 0.000000
95.000000 35.000000 1.000000 10000.000000 10000.000000 10000.000000 0.000000
95.000000 36.000000 1.000000 10000.000000 10000.000000 10000.000000 0.000000
95.000000 37.000000 1.000000 10000.000000 10000.000000 10000.000000 0.000000
95.000000 38.000000 1.000000 10000.000000 10000.000000 10000.000000 0.000000
95.000000 39.000000 1.000000 10000.000000 10000.000000 10000.000000 0.000000
95.000000 40.000000 1.000000 10000.000000 10000.000000 10000.000000 0.000000
95.000000 41.000000 1.000000 10000.000000 10000.000000 10000.000000 0.000000
95.000000 42.000000 1.000000 10000.000000 10000.000000 10000.000000 0.000000
95.000000 43.000000 1.000000 10000.000000 10000.000000 10000.000000 0.000000
95.000000 44.000000 1.000000 10000.000000 10000.000000 10000.000000 0.000000
95.000000 45.000000 1.000000 10000.000000 10000.000000 10000.000000 0.000000
95.000000 46.000000 1.000000 10000.000000 10000.000000 10000.000000 0.000000
95.000000 47.000000 1.000000 10000.000000 10000.000000 10000.000000 0.000000
95.000000 48.000000 1.000000 10000.000000 10000.000000 10000.000000 0.000000
95.000000 49.000000 1.000000 10000.000000 10000.000000 10000.000000 0.000000
96.000000 0.000000 1.000000 10000.000000 10000.000000 10000.000000 0.000000
96.000000 1.000000 1.000000 10000.000000 10000.000000 10000.000000 0.000000
96.000000 2.000000 1.000000 10000.000000 10000.000000 10000.000000 0.000000
96.000000 3.000000 1.000000 9998.000000 10000.000000 9998.000000 0.000000
96.000000 4.000000 1.000000 9983.000000 10000.000000 9983.000000 0.000000
96.000000 5.000000 302.000000 9845.000000 10000.000000 9903.000000 58.000000
96.000000 6.000000 9558.000000 0.000000 10000.000000 9558.000000 9558.000000
96.000000 7.000000 7201.000000 0.000000 10000.000000 7201.000000 7201.000000
96.000000 8.000000 5756.000000 0.000000 10000.000000 5756.000000 5756.000000
96.000000 9.000000 3439.000000 2863.000000 10000.000000 5114.000000 2251.000000
96.000000 10.000000 12.000000 60.000000 3038.000000 4980.000000 3.000000
96.000000 11.000000 299.000000 215.000000 865.000000 5192.000000 172.000000
96.000000 12.000000 1.000000 642.000000 679.000000 7434.000000 0.000000
96.000000 13.000000 1.000000 1923.000000 1951.000000 8910.000000 0.000000
96.000000 14.000000 1.000000 3812.000000 3835.000000 9601.000000 0.000000
96.000000 15.000000 1.000000 5349.000000 5400.000000 9813.000000 0.000000
96.000000 16.000000 1.000000 8250.000000 8344.000000 9881.000000 0.000000
96.000000 17.000000 1.000000 9752.000000 9826.000000 9926.000000 0.000000
96.000000 18.000000 1.000000 9840.000000 9886.000000 9954.000000 0.000000
96.000000 19.000000 1.000000 9974.000000 10000.000000 9974.000000 0.000000
96.000000 20.000000 1.000000 9982.000000 10000.000000 9982.000000 0.000000
96.000000 21.000000 1.000000 9987.000000 10000.000000 9987.000000 0.000000
96.000000 22.000000 1.000000 9987.000000 10000.000000 9987.000000 0.000000
96.000000 23.000000 1.000000 9990.000000 10000.000000 9990.000000 0.000000
96.000000 24.000000 1.000000 9992.000000 10000.000000 9992.000000 0.000000
96.000000 25.000000 1.000000 9995.000000 10000.000000 9995.000000 0.000000
96.000000 26.000000 1.000000 9998.000000 10000.000000 9998.000000 0.000000
96.000000 27.000000 1.000000 10000.000000 10000.000000 10000.000000 0.000000
96.000000 28.000000 1.000000 10000.000000 10000.000000 10000.000000 0.000000
96.000000 29.000000 1.000000 10000.000000 10000.000000 10000.000000 0.000000
96.000000 30.000000 1.000000 10000.000000 10000.000000 10000.000000 0.000000
96.000000 31.000000 1.000000 10000.000000 10000.000000 10000.000000 0.000000
96.000000 32.000000 1.000000 10000.000000 10000.000000 10000.000000 0.000000
96.000000 33.000000 1.000000 10000.000000 10000.000000 10000.000000 0.000000
96.000000 34.000000 1.000000 10000.000000 10000.000000 10000.000000 0.000000
96.000000 35.000000 1.000000 10000.000000 10000.000000 10000.000000 0.000000
96.000000 36.000000 1.000000 10000.000000 10000.000000 10000.000000 0.000000
96.000000 37.000000 1.000000 10000.000000 10000.000000 10000.000000 0.000000
96.000000 38.000000 1.000000 10000.000000 10000.000000 10000.000000 0.000000
96.000000 39.000000 1.000000 10000.000000 10000.000000 10000.000000 0.000000
96.000000 40.000000 1.000000 10000.000000 10000.000000 10000.000000 0.000000
96.000000 41.000000 1.000000 10000.000000 10000.000000 10000.000000 0.000000
96.000000 42.000000 1.000000 10000.000000 10000.000000 10000.000000 0.000000
96.000000 43.000000 1.000000 10000.000000 10000.000000 10000.000000 0.000000
96.000000 44.000000 1.000000 10000.000000 10000.000000 10000.000000 0.000000
96.000000 45.000000 1.000000 10000.000000 10000.000000 10000.000000 0.000000
96.000000 46.000000 1.000000 10000.000000 10000.000000 10000.000000 0.000000
96.000000 47.000000 1.000000 10000.000000 10000.000000 10000.000000 0.000000
96.000000 48.000000 1.000000 10000.000000 10000.000000 10000.000000 0.000000
96.000000 49.000000 1.000000 10000.000000 10000.000000 10000.000000 0.000000
97.000000 0.000000 1.000000 10000.000000 10000.000000 10000.000000 0.000000
97.000000 1.000000 1.000000 10000.000000 10000.000000 10000.000000 0.000000
97.000000 2.000000 1.000000 9999.000000 10000.000000 9999.000000 0.000000
97.000000 3.000000 1.000000 9999.000000 10000.000000 9999.000000 0.000000
97.000000 4.000000 1.000000 9999.000000 10000.000000 9999.000000 0.000000
97.000000 5.000000 1.000000 9999.000000 10000.000000 9999.000000 0.000000
97.000000 6.000000 1.000000 9999.000000 10000.000000 9999.000000 0.000000
97.000000 7.000000 1.000000 9999.000000 10000.000000 9999.000000 0.000000
97.000000 8.000000 1.000000 10000.000000 10000.000000 10000.000000 0.000000
97.000000 9.000000 1.000000 10000.000000 10000.000000 10000.000000 0.000000
97.000000 10.000000 1.000000 10000.000000 10000.000000 10000.000000 0.000000
97.000000 11.000000 1.000000 10000.000000 10000.000000 10000.000000 0.000000
97.000000 12.000000 1.000000 10000.000000 10000.000000 10000.000000 0.000000
97.000000 13.000000 1.000000 10000.000000 10000.000000 10000.000000 0.000000
97.000000 14.000000 1.000000 10000.000000 10000.000000 10000.000000 0.000000
97.000000 15.000000 1.000000 10000.000000 10000.000000 10000.000000 0.000000
97.000000 16.000000 1.000000 10000.000000 10000.000000 10000.000000 0.000000
97.000000 17.000000 1.000000 10000.000000 10000.000000 10000.000000 0.000000
97.000000 18.000000 1.000000 10000.000000 10000.000000 10000.000000 0.000000
97.000000 19.000000 1.000000 10000.000000 10000.000000 10000.000000 0.000000
97.000000 20.000000 1.000000 10000.000000 10000.000000 10000.000000 0.000000
97.000000 21.000000 1.000000 10000.000000 10000.000000 10000.000000 0.000000
97.000000 22.000000 1.000000 10000.000000 10000.000000 10000.000000 0.000000
97.000000 23.000000 1.000000 10000.000000 10000.000000 10000.000000 0.000000
97.000000 24.000000 1.000000 10000.000000 10000.000000 10000.000000 0.000000
97.000000 25.000000 1.000000 10000.000000 10000.000000 10000.000000 0.000000
97.000000 26.000000 1.000000 10000.000000 10000.000000 10000.000000 0.000000
97.000000 27.000000 1.000000 10000.000000 10000.000000 10000.000000 0.000000
97.000000 28.000000 1.000000 10000.000000 10000.000000 10000.000000 0.000000
97.000000 29.000000 1.000000 10000.000000 10000.000000 10000.000000 0.000000
97.000000 30.000000 1.000000 10000.000000 10000.000000 10000.000000 0.000000
97.000000 31.000000 1.000000 10000.000000 10000.000000 10000.000000 0.000000
97.000000 32.000000 1.000000 10000.000000 10000.000000 10000.000000 0.000000
97.000000 33.000000 1.000000 10000.000000 10000.000000 10000.000000 0.000000
97.000000 34.000000 1.000000 10000.000000 10000.000000 10000.000000 0.000000
97.000000 35.000000 1.000000 10000.000000 10000.000000 10000.000000 0.000000
97.000000 36.000000 1.000000 10000.000000 10000.000000 10000.000000 0.000000
97.000000 37.000000 1.000000 10000.000000 10000.000000 10000.000000 0.000000
97.000000 38.000000 1.000000 10000.000000 10000.000000 10000.000000 0.000000
97.000000 39.000000 1.000000 10000.000000 10000.000000 10000.000000 0.000000
97.000000 40.000000 1.000000 10000.000000 10000.000000 10000.000000 0.000000
97.000000 41.000000 1.000000 10000.000000 10000.000000 10000.000000 0.000000
97.000000 42.000000 1.000000 10000.000000 10000.000000 10000.000000 0.000000
97.000000 43.000000 1.000000 10000.000000 10000.000000 10000.000000 0.000000
97.000000 44.000000 1.000000 10000.000000 10000.000000 10000.000000 0.000000
97.000000 45.000000 1.000000 10000.000000 10000.000000 10000.000000 0.000000
97.000000 46.000000 1.000000 10000.000000 10000.000000 10000.000000 0.000000
97.000000 47.000000 1.000000 10000.000000 10000.000000 10000.000000 0.000000
97.000000 48.000000 1.000000 10000.000000 10000.000000 10000.000000 0.000000
97.000000 49.000000 1.000000 10000.000000 10000.000000 10000.000000 0.000000
98.000000 0.000000 1.000000 10000.000000 10000.000000 10000.000000 0.000000
98.000000 1.000000 1.000000 10000.000000 10000.000000 10000.000000 0.000000
98.000000 2.000000 1.000000 9999.000000 10000.000000 9999.000000 0.000000
98.000000 3.000000 1.000000 9999.000000 10000.000000 9999.000000 0.000000
98.000000 4.000000 1.000000 9999.000000 10000.000000 9999.000000 0.000000
98.000000 5.000000 1.000000 9999.000000 10000.000000 9999.000000 0.000000
98.000000 6.000000 1.000000 9999.000000 10000.000000 9999.000000 0.000000
98.000000 7.000000 1.000000 10000.000000 10000.000000 10000.000000 0.000000
98.000000 8.000000 1.000000 10000.000000 10000.000000 10000.000000 0.000000
98.000000 9.000000 1.000000 10000.000000 10000.000000 10000.000000 0.000000
98.000000 10.000000 1.000000 10000.000000 10000.000000 10000.000000 0.000000
98.000000 11.000000 1.000000 10000.000000 10000.000000 10000.000000 0.000000
98.000000 12.000000 1.000000 10000.000000 10000.000000 10000.000000 0.000000
98.000000 13.000000 1.000000 10000.000000 10000.000000 10000.000000 0.000000
98.000000 14.000000 1.000000 10000.000000 10000.000000 10000.000000 0.000000
98.000000 15.000000 1.000000 10000.000000 10000.000000 10000.000000 0.000000
98.000000 16.000000 1.000000 10000.000000 10000.000000 10000.000000 0.000000
98.000000 17.000000 1.000000 10000.000000 10000.000000 10000.000000 0.000000
98.000000 18.000000 1.000000 10000.000000 10000.000000 10000.000000 0.000000
98.000000 19.000000 1.000000 10000.000000 10000.000000 10000.000000 0.000000
98.000000 20.000000 1.000000 10000.000000 10000.000000 10000.000000 0.000000
98.000000 21.000000 1.000000 10000.000000 10000.000000 10000.000000 0.000000
98.000000 22.000000 1.000000 10000.000000 10000.000000 10000.000000 0.000000
98.000000 23.000000 1.000000 10000.000000 10000.000000 10000.000000 0.000000
98.000000 24.000000 1.000000 10000.000000 10000.000000 10000.000000 0.000000
98.000000 25.000000 1.000000 10000.000000 10000.000000 10000.000000 0.000000
98.000000 26.000000 1.000000 10000.000000 10000.000000 10000.000000 0.000000
98.000000 27.000000 1.000000 10000.000000 10000.000000 10000.000000 0.000000
98.000000 28.000000 1.000000 10000.000000 10000.000000 10000.000000 0.000000
98.000000 29.000000 1.000000 10000.000000 10000.000000 10000.000000 0.000000
98.000000 30.000000 1.000000 10000.000000 10000.000000 10000.000000 0.000000
98.000000 31.000000 1.000000 10000.000000 10000.000000 10000.000000 0.000000
98.000000 32.000000 1.000000 10000.000000 10000.000000 10000.000000 0.000000
98.000000 33.000000 1.000000 10000.000000 10000.000000 10000.000000 0.000000
98.000000 34.000000 1.000000 10000.000000 10000.000000 10000.000000 0.000000
98.000000 35.000000 1.000000 10000.000000 10000.000000 10000.000000 0.000000
98.000000 36.000000 1.000000 10000.000000 10000.000000 10000.000000 0.000000
98.000000 37.000000 1.000000 10000.000000 10000.000000 10000.000000 0.000000
98.000000 38.000000 1.000000 10000.000000 10000.000000 10000.000000 0.000000
98.000000 39.000000 1.000000 10000.000000 10000.000000 10000.000000 0.000000
98.000000 40.000000 1.000000 10000.000000 10000.000000 10000.000000 0.000000
98.000000 41.000000 1.000000 10000.000000 10000.000000 10000.000000 0.000000
98.000000 42.000000 1.000000 10000.000000 10000.000000 10000.000000 0.000000
98.000000 43.000000 1.000000 10000.000000 10000.000000 10000.000000 0.000000
98.000000 44.000000 1.000000 10000.000000 10000.000000 10000.000000 0.000000
98.000000 45.000000 1.000000 10000.000000 10000.000000 10000.000000 0.000000
98.000000 46.000000 1.000000 10000.000000 10000.000000 10000.000000 0.000000
98.000000 47.000000 1.000000 10000.000000 10000.000000 10000.000000 0.000000
98.000000 48.000000 1.000000 10000.000000 10000.000000 10000.000000 0.000000
98.000000 49.000000 1.000000 10000.000000 10000.000000 10000.000000 0.000000
99.000000 0.000000 1.000000 10000.000000 10000.000000 10000.000000 0.000000
99.000000 1.000000 1.000000 10000.000000 10000.000000 10000.000000 0.000000
99.000000 2.000000 1.000000 9999.000000 10000.000000 9999.000000 0.000000
99.000000 3.000000 1.000000 9999.000000 10000.000000 9999.000000 0.000000
99.000000 4.000000 1.000000 9999.000000 10000.000000 9999.000000 0.000000
99.000000 5.000000 1.000000 9999.000000 10000.000000 9999.000000 0.000000
99.000000 6.000000 1.000000 9999.000000 10000.000000 9999.000000 0.000000
99.000000 7.000000 1.000000 10000.000000 10000.000000 10000.000000 0.000000
99.000000 8.000000 1.000000 10000.000000 10000.000000 10000.000000 0.000000
99.000000 9.000000 1.000000 10000.000000 10000.000000 10000.000000 0.000000
99.000000 10.000000 1.000000 10000.000000 10000.000000 10000.000000 0.000000
99.000000 11.000000 1.000000 10000.000000 10000.000000 10000.000000 0.000000
99.000000 12.000000 1.000000 10000.000000 10000.000000 10000.000000 0.000000
99.000000 13.000000 1.000000 10000.000000 10000.000000 10000.000000 0.000000
99.000000 14.000000 1.000000 10000.000000 10000.000000 10000.000000 0.000000
99.000000 15.000000 1.000000 10000.000000 10000.000000 10000.000000 0.000000
99.000000 16.000000 1.000000 10000.000000 10000.000000 10000.000000 0.000000
99.000000 17.000000 1.000000 10000.000000 10000.000000 10000.000000 0.000000
99.000000 18.000000 1.000000 10000.000000 10000.000000 10000.000000 0.000000
99.000000 19.000000 1.000000 10000.000000 10000.000000 10000.000000 0.000000
99.000000 20.000000 1.000000 10000.000000 10000.000000 10000.000000 0.000000
99.000000 21.000000 1.000000 10000.000000 10000.000000 10000.000000 0.000000
99.000000 22.000000 1.000000 10000.000000 10000.000000 10000.000000 0.000000
99.000000 23.000000 1.000000 10000.000000 10000.000000 10000.000000 0.000000
99.000000 24.000000 1.000000 10000.000000 10000.000000 10000.000000 0.000000
99.000000 25.000000 1.000000 10000.000000 10000.000000 10000.000000 0.000000
99.000000 26.000000 1.000000 10000.000000 10000.000000 10000.000000 0.000000
99.000000 27.000000 1.000000 10000.000000 10000.000000 10000.000000 0.000000
99.000000 28.000000 1.000000 10000.000000 10000.000000 10000.000000 0.000000
99.000000 29.000000 1.000000 10000.000000 10000.000000 10000.000000 0.000000
99.000000 30.000000 1.000000 10000.000000 10000.000000 10000.000000 0.000000
99.000000 31.000000 1.000000 10000.000000 10000.000000 10000.000000 0.000000
99.000000 32.000000 1.000000 10000.000000 10000.000000 10000.000000 0.000000
99.000000 33.000000 1.000000 10000.000000 10000.000000 10000.000000 0.000000
99.000000 34.000000 1.000000 10000.000000 10000.000000 10000.000000 0.000000
99.000000 35.000000 1.000000 10000.000000 10000.000000 10000.000000 0.000000
99.000000 36.000000 1.000000 10000.000000 10000.000000 10000.000000 0.000000
99.000000 37.000000 1.000000 10000.000000 10000.000000 10000.000000 0.000000
99.000000 38.000000 1.000000 10000.000000 10000.000000 10000.000000 0.000000
99.000000 39.000000 1.000000 10000.000000 10000.000000 10000.000000 0.000000
99.000000 40.000000 1.000000 10000.000000 10000.000000 10000.000000 0.000000
99.000000 41.000000 1.000000 10000.000000 10000.000000 10000.000000 0.000000
99.000000 42.000000 1.000000 10000.000000 10000.000000 10000.000000 0.000000
99.000000 43.000000 1.000000 10000.000000 10000.000000 10000.000000 0.000000
99.000000 44.000000 1.000000 10000.000000 10000.000000 10000.000000 0.000000
99.000000 45.000000 1.000000 10000.000000 10000.000000 10000.000000 0.000000
99.000000 46.000000 1.000000 10000.000000 10000.000000 10000.000000 0.000000
99.000000 47.000000 1.000000 10000.000000 10000.000000 10000.000000 0.000000
99.000000 48.000000 1.000000 10000.000000 10000.000000 10000.000000 0.000000
99.000000 49.000000 1.000000 10000.000000 10000.000000 10000.000000 0.000000
