0.000000 0.000000 0.000000 0.000000 0.000000
0.000000 1.000000 0.000000 0.000000 0.000000
0.000000 2.000000 0.000000 0.000000 0.000000
0.000000 3.000000 0.000000 0.000000 0.000000
0.000000 4.000000 0.000000 0.000000 0.000000
0.000000 5.000000 0.000000 0.000000 0.000000
0.000000 6.000000 0.000000 0.000000 0.000000
0.000000 7.000000 0.000000 0.000000 0.000000
0.000000 8.000000 0.000000 0.000000 0.000000
0.000000 9.000000 0.000000 0.000000 0.000000
0.000000 10.000000 0.000000 0.000000 0.000000
0.000000 11.000000 0.000000 0.000000 0.000000
0.000000 12.000000 0.000000 0.000000 0.000000
0.000000 13.000000 0.000000 0.000000 0.000000
0.000000 14.000000 0.000000 0.000000 0.000000
0.000000 15.000000 0.000000 0.000000 0.000000
0.000000 16.000000 0.000000 0.000000 0.000000
0.000000 17.000000 0.000000 0.000000 0.000000
0.000000 18.000000 0.000000 0.000000 0.000000
0.000000 19.000000 0.000000 0.000000 0.000000
0.000000 20.000000 0.000000 0.000000 0.000000
0.000000 21.000000 0.000000 0.000000 0.000000
0.000000 22.000000 0.000000 0.000000 0.000000
0.000000 23.000000 0.000000 0.000000 0.000000
0.000000 24.000000 0.000000 0.000000 0.000000
0.000000 25.000000 0.000000 0.000000 0.000000
0.000000 26.000000 0.000000 0.000000 0.000000
0.000000 27.000000 0.000000 0.000000 0.000000
0.000000 28.000000 0.000000 0.000000 0.000000
0.000000 29.000000 0.000000 0.000000 0.000000
0.000000 30.000000 0.000000 0.000000 0.000000
0.000000 31.000000 0.000000 0.000000 0.000000
0.000000 32.000000 0.000000 0.000000 0.000000
0.000000 33.000000 0.000000 0.000000 0.000000
0.000000 34.000000 0.000000 0.000000 0.000000
0.000000 35.000000 0.000000 0.000000 0.000000
0.000000 36.000000 0.000000 0.000000 0.000000
0.000000 37.000000 0.000000 0.000000 0.000000
0.000000 38.000000 0.000000 0.000000 0.000000
0.000000 39.000000 0.000000 0.000000 0.000000
0.000000 40.000000 0.000000 0.000000 0.000000
0.000000 41.000000 0.000000 0.000000 0.000000
0.000000 42.000000 0.000000 0.000000 0.000000
0.000000 43.000000 0.000000 0.000000 0.000000
0.000000 44.000000 0.000000 0.000000 0.000000
0.000000 45.000000 0.000000 0.000000 0.000000
0.000000 46.000000 0.000000 0.000000 0.000000
0.000000 47.000000 0.000000 0.000000 0.000000
0.000000 48.000000 0.000000 0.000000 0.000000
0.000000 49.000000 0.000000 0.000000 0.000000
1.000000 0.000000 0.000000 0.000000 0.000000
1.000000 1.000000 0.000000 0.000000 0.000000
1.000000 2.000000 0.000000 0.000000 0.000000
1.000000 3.000000 0.000000 0.000000 0.000000
1.000000 4.000000 0.000000 0.000000 0.000000
1.000000 5.000000 402.000000 209.000000 402.000000
1.000000 6.000000 1404.000000 1018.666687 1404.000000
1.000000 7.000000 1811.000000 1743.666626 1811.000000
1.000000 8.000000 1469.000000 1608.333374 1726.000000
1.000000 9.000000 798.000000 1038.333374 1288.000000
1.000000 10.000000 355.000000 473.333344 605.000000
1.000000 11.000000 157.000000 209.666672 268.000000
1.000000 12.000000 64.000000 91.000000 119.000000
1.000000 13.000000 22.000000 35.000000 48.000000
1.000000 14.000000 10.000000 13.333333 17.000000
1.000000 15.000000 2.000000 5.000000 8.000000
1.000000 16.000000 0.000000 0.333333 1.000000
1.000000 17.000000 0.000000 0.000000 0.000000
1.000000 18.000000 0.000000 0.000000 0.000000
1.000000 19.000000 0.000000 0.000000 0.000000
1.000000 20.000000 0.000000 0.000000 0.000000
1.000000 21.000000 0.000000 0.000000 0.000000
1.000000 22.000000 0.000000 0.000000 0.000000
1.000000 23.000000 0.000000 0.000000 0.000000
1.000000 24.000000 0.000000 0.000000 0.000000
1.000000 25.000000 0.000000 0.000000 0.000000
1.000000 26.000000 0.000000 0.000000 0.000000
1.000000 27.000000 0.000000 0.000000 0.000000
1.000000 28.000000 0.000000 0.000000 0.000000
1.000000 29.000000 0.000000 0.000000 0.000000
1.000000 30.000000 0.000000 0.000000 0.000000
1.000000 31.000000 0.000000 0.000000 0.000000
1.000000 32.000000 0.000000 0.000000 0.000000
1.000000 33.000000 0.000000 0.000000 0.000000
1.000000 34.000000 0.000000 0.000000 0.000000
1.000000 35.000000 0.000000 0.000000 0.000000
1.000000 36.000000 0.000000 0.000000 0.000000
1.000000 37.000000 0.000000 0.000000 0.000000
1.000000 38.000000 0.000000 0.000000 0.000000
1.000000 39.000000 0.000000 0.000000 0.000000
1.000000 40.000000 0.000000 0.000000 0.000000
1.000000 41.000000 0.000000 0.000000 0.000000
1.000000 42.000000 0.000000 0.000000 0.000000
1.000000 43.000000 0.000000 0.000000 0.000000
1.000000 44.000000 0.000000 0.000000 0.000000
1.000000 45.000000 0.000000 0.000000 0.000000
1.000000 46.000000 0.000000 0.000000 0.000000
1.000000 47.000000 0.000000 0.000000 0.000000
1.000000 48.000000 0.000000 0.000000 0.000000
1.000000 49.000000 0.000000 0.000000 0.000000
2.000000 0.000000 0.000000 0.000000 0.000000
2.000000 1.000000 0.000000 0.000000 0.000000
2.000000 2.000000 0.000000 0.000000 0.000000
2.000000 3.000000 0.000000 0.000000 0.000000
2.000000 4.000000 47.000000 23.666666 47.000000
2.000000 5.000000 1444.000000 779.666687 1444.000000
2.000000 6.000000 1976.000000 1855.333374 1976.000000
2.000000 7.000000 1698.000000 1835.333374 1935.000000
2.000000 8.000000 1077.000000 1291.333374 1512.000000
2.000000 9.000000 547.000000 715.333313 891.000000
2.000000 10.000000 240.000000 325.333344 416.000000
2.000000 11.000000 90.000000 126.666664 170.000000
2.000000 12.000000 32.000000 47.666668 66.000000
2.000000 13.000000 17.000000 22.000000 26.000000
2.000000 14.000000 5.000000 8.000000 12.000000
2.000000 15.000000 1.000000 2.333333 3.000000
2.000000 16.000000 1.000000 1.000000 1.000000
2.000000 17.000000 0.000000 0.333333 1.000000
2.000000 18.000000 0.000000 0.000000 0.000000
2.000000 19.000000 0.000000 0.000000 0.000000
2.000000 20.000000 0.000000 0.000000 0.000000
2.000000 21.000000 0.000000 0.000000 0.000000
2.000000 22.000000 0.000000 0.000000 0.000000
2.000000 23.000000 0.000000 0.000000 0.000000
2.000000 24.000000 0.000000 0.000000 0.000000
2.000000 25.000000 0.000000 0.000000 0.000000
2.000000 26.000000 0.000000 0.000000 0.000000
2.000000 27.000000 0.000000 0.000000 0.000000
2.000000 28.000000 0.000000 0.000000 0.000000
2.000000 29.000000 0.000000 0.000000 0.000000
2.000000 30.000000 0.000000 0.000000 0.000000
2.000000 31.000000 0.000000 0.000000 0.000000
2.000000 32.000000 0.000000 0.000000 0.000000
2.000000 33.000000 0.000000 0.000000 0.000000
2.000000 34.000000 0.000000 0.000000 0.000000
2.000000 35.000000 0.000000 0.000000 0.000000
2.000000 36.000000 0.000000 0.000000 0.000000
2.000000 37.000000 0.000000 0.000000 0.000000
2.000000 38.000000 0.000000 0.000000 0.000000
2.000000 39.000000 0.000000 0.000000 0.000000
2.000000 40.000000 0.000000 0.000000 0.000000
2.000000 41.000000 0.000000 0.000000 0.000000
2.000000 42.000000 0.000000 0.000000 0.000000
2.000000 43.000000 0.000000 0.000000 0.000000
2.000000 44.000000 0.000000 0.000000 0.000000
2.000000 45.000000 0.000000 0.000000 0.000000
2.000000 46.000000 0.000000 0.000000 0.000000
2.000000 47.000000 0.000000 0.000000 0.000000
2.000000 48.000000 0.000000 0.000000 0.000000
2.000000 49.000000 0.000000 0.000000 0.000000
3.000000 0.000000 0.000000 0.000000 0.000000
3.000000 1.000000 0.000000 0.000000 0.000000
3.000000 2.000000 0.000000 0.000000 0.000000
3.000000 3.000000 0.000000 0.000000 0.000000
3.000000 4.000000 0.000000 0.000000 0.000000
3.000000 5.000000 0.000000 0.000000 0.000000
3.000000 6.000000 0.000000 0.000000 0.000000
3.000000 7.000000 0.000000 0.000000 0.000000
3.000000 8.000000 0.000000 0.000000 0.000000
3.000000 9.000000 0.000000 0.000000 0.000000
3.000000 10.000000 0.000000 0.000000 0.000000
3.000000 11.000000 0.000000 0.000000 0.000000
3.000000 12.000000 0.000000 0.000000 0.000000
3.000000 13.000000 0.000000 0.000000 0.000000
3.000000 14.000000 0.000000 0.000000 0.000000
3.000000 15.000000 0.000000 0.000000 0.000000
3.000000 16.000000 0.000000 0.000000 0.000000
3.000000 17.000000 0.000000 0.000000 0.000000
3.000000 18.000000 0.000000 0.000000 0.000000
3.000000 19.000000 0.000000 0.000000 0.000000
3.000000 20.000000 0.000000 0.000000 0.000000
3.000000 21.000000 0.000000 0.000000 0.000000
3.000000 22.000000 0.000000 0.000000 0.000000
3.000000 23.000000 0.000000 0.000000 0.000000
3.000000 24.000000 0.000000 0.000000 0.000000
3.000000 25.000000 0.000000 0.000000 0.000000
3.000000 26.000000 0.000000 0.000000 0.000000
3.000000 27.000000 0.000000 0.000000 0.000000
3.000000 28.000000 0.000000 0.000000 0.000000
3.000000 29.000000 0.000000 0.000000 0.000000
3.000000 30.000000 0.000000 0.000000 0.000000
3.000000 31.000000 0.000000 0.000000 0.000000
3.000000 32.000000 0.000000 0.000000 0.000000
3.000000 33.000000 0.000000 0.000000 0.000000
3.000000 34.000000 0.000000 0.000000 0.000000
3.000000 35.000000 0.000000 0.000000 0.000000
3.000000 36.000000 0.000000 0.000000 0.000000
3.000000 37.000000 0.000000 0.000000 0.000000
3.000000 38.000000 0.000000 0.000000 0.000000
3.000000 39.000000 0.000000 0.000000 0.000000
3.000000 40.000000 0.000000 0.000000 0.000000
3.000000 41.000000 0.000000 0.000000 0.000000
3.000000 42.000000 0.000000 0.000000 0.000000
3.000000 43.000000 0.000000 0.000000 0.000000
3.000000 44.000000 0.000000 0.000000 0.000000
3.000000 45.000000 0.000000 0.000000 0.000000
3.000000 46.000000 0.000000 0.000000 0.000000
3.000000 47.000000 0.000000 0.000000 0.000000
3.000000 48.000000 0.000000 0.000000 0.000000
3.000000 49.000000 0.000000 0.000000 0.000000
4.000000 0.000000 0.000000 0.000000 0.000000
4.000000 1.000000 0.000000 0.000000 0.000000
4.000000 2.000000 0.000000 0.000000 0.000000
4.000000 3.000000 0.000000 0.000000 0.000000
4.000000 4.000000 0.000000 0.000000 0.000000
4.000000 5.000000 0.000000 0.000000 0.000000
4.000000 6.000000 0.000000 0.000000 0.000000
4.000000 7.000000 0.000000 0.000000 0.000000
4.000000 8.000000 0.000000 0.000000 0.000000
4.000000 9.000000 0.000000 0.000000 0.000000
4.000000 10.000000 0.000000 0.000000 0.000000
4.000000 11.000000 0.000000 0.000000 0.000000
4.000000 12.000000 0.000000 0.000000 0.000000
4.000000 13.000000 0.000000 0.000000 0.000000
4.000000 14.000000 0.000000 0.000000 0.000000
4.000000 15.000000 0.000000 0.000000 0.000000
4.000000 16.000000 0.000000 0.000000 0.000000
4.000000 17.000000 0.000000 0.000000 0.000000
4.000000 18.000000 0.000000 0.000000 0.000000
4.000000 19.000000 0.000000 0.000000 0.000000
4.000000 20.000000 0.000000 0.000000 0.000000
4.000000 21.000000 0.000000 0.000000 0.000000
4.000000 22.000000 0.000000 0.000000 0.000000
4.000000 23.000000 0.000000 0.000000 0.000000
4.000000 24.000000 0.000000 0.000000 0.000000
4.000000 25.000000 0.000000 0.000000 0.000000
4.000000 26.000000 0.000000 0.000000 0.000000
4.000000 27.000000 0.000000 0.000000 0.000000
4.000000 28.000000 0.000000 0.000000 0.000000
4.000000 29.000000 0.000000 0.000000 0.000000
4.000000 30.000000 0.000000 0.000000 0.000000
4.000000 31.000000 0.000000 0.000000 0.000000
4.000000 32.000000 0.000000 0.000000 0.000000
4.000000 33.000000 0.000000 0.000000 0.000000
4.000000 34.000000 0.000000 0.000000 0.000000
4.000000 35.000000 0.000000 0.000000 0.000000
4.000000 36.000000 0.000000 0.000000 0.000000
4.000000 37.000000 0.000000 0.000000 0.000000
4.000000 38.000000 0.000000 0.000000 0.000000
4.000000 39.000000 0.000000 0.000000 0.000000
4.000000 40.000000 0.000000 0.000000 0.000000
4.000000 41.000000 0.000000 0.000000 0.000000
4.000000 42.000000 0.000000 0.000000 0.000000
4.000000 43.000000 0.000000 0.000000 0.000000
4.000000 44.000000 0.000000 0.000000 0.000000
4.000000 45.000000 0.000000 0.000000 0.000000
4.000000 46.000000 0.000000 0.000000 0.000000
4.000000 47.000000 0.000000 0.000000 0.000000
4.000000 48.000000 0.000000 0.000000 0.000000
4.000000 49.000000 0.000000 0.000000 0.000000
5.000000 0.000000 0.000000 0.000000 0.000000
5.000000 1.000000 0.000000 0.000000 0.000000
5.000000 2.000000 0.000000 0.000000 0.000000
5.000000 3.000000 0.000000 0.000000 0.000000
5.000000 4.000000 0.000000 0.000000 0.000000
5.000000 5.000000 0.000000 0.000000 0.000000
5.000000 6.000000 0.000000 0.000000 0.000000
5.000000 7.000000 0.000000 0.000000 0.000000
5.000000 8.000000 0.000000 0.000000 0.000000
5.000000 9.000000 0.000000 0.000000 0.000000
5.000000 10.000000 0.000000 0.000000 0.000000
5.000000 11.000000 0.000000 0.000000 0.000000
5.000000 12.000000 0.000000 0.000000 0.000000
5.000000 13.000000 0.000000 0.000000 0.000000
5.000000 14.000000 0.000000 0.000000 0.000000
5.000000 15.000000 0.000000 0.000000 0.000000
5.000000 16.000000 0.000000 0.000000 0.000000
5.000000 17.000000 0.000000 0.000000 0.000000
5.000000 18.000000 0.000000 0.000000 0.000000
5.000000 19.000000 0.000000 0.000000 0.000000
5.000000 20.000000 0.000000 0.000000 0.000000
5.000000 21.000000 0.000000 0.000000 0.000000
5.000000 22.000000 0.000000 0.000000 0.000000
5.000000 23.000000 0.000000 0.000000 0.000000
5.000000 24.000000 0.000000 0.000000 0.000000
5.000000 25.000000 0.000000 0.000000 0.000000
5.000000 26.000000 0.000000 0.000000 0.000000
5.000000 27.000000 0.000000 0.000000 0.000000
5.000000 28.000000 0.000000 0.000000 0.000000
5.000000 29.000000 0.000000 0.000000 0.000000
5.000000 30.000000 0.000000 0.000000 0.000000
5.000000 31.000000 0.000000 0.000000 0.000000
5.000000 32.000000 0.000000 0.000000 0.000000
5.000000 33.000000 0.000000 0.000000 0.000000
5.000000 34.000000 0.000000 0.000000 0.000000
5.000000 35.000000 0.000000 0.000000 0.000000
5.000000 36.000000 0.000000 0.000000 0.000000
5.000000 37.000000 0.000000 0.000000 0.000000
5.000000 38.000000 0.000000 0.000000 0.000000
5.000000 39.000000 0.000000 0.000000 0.000000
5.000000 40.000000 0.000000 0.000000 0.000000
5.000000 41.000000 0.000000 0.000000 0.000000
5.000000 42.000000 0.000000 0.000000 0.000000
5.000000 43.000000 0.000000 0.000000 0.000000
5.000000 44.000000 0.000000 0.000000 0.000000
5.000000 45.000000 0.000000 0.000000 0.000000
5.000000 46.000000 0.000000 0.000000 0.000000
5.000000 47.000000 0.000000 0.000000 0.000000
5.000000 48.000000 0.000000 0.000000 0.000000
5.000000 49.000000 0.000000 0.000000 0.000000
6.000000 0.000000 0.000000 0.000000 0.000000
6.000000 1.000000 0.000000 0.000000 0.000000
6.000000 2.000000 0.000000 0.000000 0.000000
6.000000 3.000000 0.000000 0.000000 0.000000
6.000000 4.000000 0.000000 0.000000 0.000000
6.000000 5.000000 0.000000 0.000000 0.000000
6.000000 6.000000 0.000000 0.000000 0.000000
6.000000 7.000000 668.000000 357.666656 668.000000
6.000000 8.000000 1327.000000 1143.333374 1327.000000
6.000000 9.000000 1901.000000 1836.666626 1901.000000
6.000000 10.000000 1526.000000 1690.000000 1829.000000
6.000000 11.000000 867.000000 1092.000000 1329.000000
6.000000 12.000000 386.000000 533.333313 692.000000
6.000000 13.000000 165.000000 233.666672 297.000000
6.000000 14.000000 61.000000 86.333336 114.000000
6.000000 15.000000 24.000000 33.333332 46.000000
6.000000 16.000000 9.000000 12.333333 16.000000
6.000000 17.000000 3.000000 5.333333 7.000000
6.000000 18.000000 2.000000 2.000000 2.000000
6.000000 19.000000 1.000000 1.000000 1.000000
6.000000 20.000000 1.000000 1.000000 1.000000
6.000000 21.000000 1.000000 1.000000 1.000000
6.000000 22.000000 1.000000 1.000000 1.000000
6.000000 23.000000 1.000000 1.000000 1.000000
6.000000 24.000000 0.000000 0.333333 1.000000
6.000000 25.000000 0.000000 0.000000 0.000000
6.000000 26.000000 0.000000 0.000000 0.000000
6.000000 27.000000 0.000000 0.000000 0.000000
6.000000 28.000000 0.000000 0.000000 0.000000
6.000000 29.000000 0.000000 0.000000 0.000000
6.000000 30.000000 0.000000 0.000000 0.000000
6.000000 31.000000 0.000000 0.000000 0.000000
6.000000 32.000000 0.000000 0.000000 0.000000
6.000000 33.000000 0.000000 0.000000 0.000000
6.000000 34.000000 0.000000 0.000000 0.000000
6.000000 35.000000 0.000000 0.000000 0.000000
6.000000 36.000000 0.000000 0.000000 0.000000
6.000000 37.000000 0.000000 0.000000 0.000000
6.000000 38.000000 0.000000 0.000000 0.000000
6.000000 39.000000 0.000000 0.000000 0.000000
6.000000 40.000000 0.000000 0.000000 0.000000
6.000000 41.000000 0.000000 0.000000 0.000000
6.000000 42.000000 0.000000 0.000000 0.000000
6.000000 43.000000 0.000000 0.000000 0.000000
6.000000 44.000000 0.000000 0.000000 0.000000
6.000000 45.000000 0.000000 0.000000 0.000000
6.000000 46.000000 0.000000 0.000000 0.000000
6.000000 47.000000 0.000000 0.000000 0.000000
6.000000 48.000000 0.000000 0.000000 0.000000
6.000000 49.000000 0.000000 0.000000 0.000000
7.000000 0.000000 0.000000 0.000000 0.000000
7.000000 1.000000 0.000000 0.000000 0.000000
7.000000 2.000000 0.000000 0.000000 0.000000
7.000000 3.000000 0.000000 0.000000 0.000000
7.000000 4.000000 0.000000 0.000000 0.000000
7.000000 5.000000 246.000000 125.666664 246.000000
7.000000 6.000000 1894.000000 1155.666626 1894.000000
7.000000 7.000000 2334.000000 2304.666748 2359.000000
7.000000 8.000000 1755.000000 2011.666626 2233.000000
7.000000 9.000000 1004.000000 1228.333374 1466.000000
7.000000 10.000000 442.000000 594.333313 766.000000
7.000000 11.000000 191.000000 259.333344 338.000000
7.000000 12.000000 78.000000 105.666664 137.000000
7.000000 13.000000 22.000000 39.666668 60.000000
7.000000 14.000000 5.000000 10.000000 16.000000
7.000000 15.000000 3.000000 3.666667 4.000000
7.000000 16.000000 2.000000 2.000000 2.000000
7.000000 17.000000 2.000000 2.000000 2.000000
7.000000 18.000000 0.000000 0.333333 1.000000
7.000000 19.000000 0.000000 0.000000 0.000000
7.000000 20.000000 0.000000 0.000000 0.000000
7.000000 21.000000 0.000000 0.000000 0.000000
7.000000 22.000000 0.000000 0.000000 0.000000
7.000000 23.000000 0.000000 0.000000 0.000000
7.000000 24.000000 0.000000 0.000000 0.000000
7.000000 25.000000 0.000000 0.000000 0.000000
7.000000 26.000000 0.000000 0.000000 0.000000
7.000000 27.000000 0.000000 0.000000 0.000000
7.000000 28.000000 0.000000 0.000000 0.000000
7.000000 29.000000 0.000000 0.000000 0.000000
7.000000 30.000000 0.000000 0.000000 0.000000
7.000000 31.000000 0.000000 0.000000 0.000000
7.000000 32.000000 0.000000 0.000000 0.000000
7.000000 33.000000 0.000000 0.000000 0.000000
7.000000 34.000000 0.000000 0.000000 0.000000
7.000000 35.000000 0.000000 0.000000 0.000000
7.000000 36.000000 0.000000 0.000000 0.000000
7.000000 37.000000 0.000000 0.000000 0.000000
7.000000 38.000000 0.000000 0.000000 0.000000
7.000000 39.000000 0.000000 0.000000 0.000000
7.000000 40.000000 0.000000 0.000000 0.000000
7.000000 41.000000 0.000000 0.000000 0.000000
7.000000 42.000000 0.000000 0.000000 0.000000
7.000000 43.000000 0.000000 0.000000 0.000000
7.000000 44.000000 0.000000 0.000000 0.000000
7.000000 45.000000 0.000000 0.000000 0.000000
7.000000 46.000000 0.000000 0.000000 0.000000
7.000000 47.000000 0.000000 0.000000 0.000000
7.000000 48.000000 0.000000 0.000000 0.000000
7.000000 49.000000 0.000000 0.000000 0.000000
8.000000 0.000000 0.000000 0.000000 0.000000
8.000000 1.000000 0.000000 0.000000 0.000000
8.000000 2.000000 0.000000 0.000000 0.000000
8.000000 3.000000 2094.000000 1118.666626 2094.000000
8.000000 4.000000 2649.000000 2577.666748 2649.000000
8.000000 5.000000 2065.000000 2310.333252 2544.000000
8.000000 6.000000 1200.000000 1469.666626 1748.000000
8.000000 7.000000 565.000000 763.000000 963.000000
8.000000 8.000000 241.000000 339.333344 445.000000
8.000000 9.000000 87.000000 133.333328 184.000000
8.000000 10.000000 27.000000 43.333332 62.000000
8.000000 11.000000 8.000000 12.666667 18.000000
8.000000 12.000000 1.000000 2.333333 4.000000
8.000000 13.000000 0.000000 0.666667 1.000000
8.000000 14.000000 0.000000 0.000000 0.000000
8.000000 15.000000 0.000000 0.000000 0.000000
8.000000 16.000000 0.000000 0.000000 0.000000
8.000000 17.000000 0.000000 0.000000 0.000000
8.000000 18.000000 0.000000 0.000000 0.000000
8.000000 19.000000 0.000000 0.000000 0.000000
8.000000 20.000000 0.000000 0.000000 0.000000
8.000000 21.000000 0.000000 0.000000 0.000000
8.000000 22.000000 0.000000 0.000000 0.000000
8.000000 23.000000 0.000000 0.000000 0.000000
8.000000 24.000000 0.000000 0.000000 0.000000
8.000000 25.000000 0.000000 0.000000 0.000000
8.000000 26.000000 0.000000 0.000000 0.000000
8.000000 27.000000 0.000000 0.000000 0.000000
8.000000 28.000000 0.000000 0.000000 0.000000
8.000000 29.000000 0.000000 0.000000 0.000000
8.000000 30.000000 0.000000 0.000000 0.000000
8.000000 31.000000 0.000000 0.000000 0.000000
8.000000 32.000000 0.000000 0.000000 0.000000
8.000000 33.000000 0.000000 0.000000 0.000000
8.000000 34.000000 0.000000 0.000000 0.000000
8.000000 35.000000 0.000000 0.000000 0.000000
8.000000 36.000000 0.000000 0.000000 0.000000
8.000000 37.000000 0.000000 0.000000 0.000000
8.000000 38.000000 0.000000 0.000000 0.000000
8.000000 39.000000 0.000000 0.000000 0.000000
8.000000 40.000000 0.000000 0.000000 0.000000
8.000000 41.000000 0.000000 0.000000 0.000000
8.000000 42.000000 0.000000 0.000000 0.000000
8.000000 43.000000 0.000000 0.000000 0.000000
8.000000 44.000000 0.000000 0.000000 0.000000
8.000000 45.000000 0.000000 0.000000 0.000000
8.000000 46.000000 0.000000 0.000000 0.000000
8.000000 47.000000 0.000000 0.000000 0.000000
8.000000 48.000000 0.000000 0.000000 0.000000
8.000000 49.000000 0.000000 0.000000 0.000000
9.000000 0.000000 0.000000 0.000000 0.000000
9.000000 1.000000 0.000000 0.000000 0.000000
9.000000 2.000000 0.000000 0.000000 0.000000
9.000000 3.000000 0.000000 0.000000 0.000000
9.000000 4.000000 12.000000 6.333333 12.000000
9.000000 5.000000 1367.000000 741.333313 1367.000000
9.000000 6.000000 1925.000000 1784.000000 1925.000000
9.000000 7.000000 1665.000000 1796.000000 1904.000000
9.000000 8.000000 1090.000000 1289.333374 1498.000000
9.000000 9.000000 565.000000 724.333313 884.000000
9.000000 10.000000 230.000000 330.000000 435.000000
9.000000 11.000000 105.000000 138.333328 181.000000
9.000000 12.000000 43.000000 62.666668 84.000000
9.000000 13.000000 10.000000 17.666666 26.000000
9.000000 14.000000 3.000000 5.333333 7.000000
9.000000 15.000000 2.000000 2.666667 3.000000
9.000000 16.000000 1.000000 1.000000 1.000000
9.000000 17.000000 0.000000 0.000000 0.000000
9.000000 18.000000 0.000000 0.000000 0.000000
9.000000 19.000000 0.000000 0.000000 0.000000
9.000000 20.000000 0.000000 0.000000 0.000000
9.000000 21.000000 0.000000 0.000000 0.000000
9.000000 22.000000 0.000000 0.000000 0.000000
9.000000 23.000000 0.000000 0.000000 0.000000
9.000000 24.000000 0.000000 0.000000 0.000000
9.000000 25.000000 0.000000 0.000000 0.000000
9.000000 26.000000 0.000000 0.000000 0.000000
9.000000 27.000000 0.000000 0.000000 0.000000
9.000000 28.000000 0.000000 0.000000 0.000000
9.000000 29.000000 0.000000 0.000000 0.000000
9.000000 30.000000 0.000000 0.000000 0.000000
9.000000 31.000000 0.000000 0.000000 0.000000
9.000000 32.000000 0.000000 0.000000 0.000000
9.000000 33.000000 0.000000 0.000000 0.000000
9.000000 34.000000 0.000000 0.000000 0.000000
9.000000 35.000000 0.000000 0.000000 0.000000
9.000000 36.000000 0.000000 0.000000 0.000000
9.000000 37.000000 0.000000 0.000000 0.000000
9.000000 38.000000 0.000000 0.000000 0.000000
9.000000 39.000000 0.000000 0.000000 0.000000
9.000000 40.000000 0.000000 0.000000 0.000000
9.000000 41.000000 0.000000 0.000000 0.000000
9.000000 42.000000 0.000000 0.000000 0.000000
9.000000 43.000000 0.000000 0.000000 0.000000
9.000000 44.000000 0.000000 0.000000 0.000000
9.000000 45.000000 0.000000 0.000000 0.000000
9.000000 46.000000 0.000000 0.000000 0.000000
9.000000 47.000000 0.000000 0.000000 0.000000
9.000000 48.000000 0.000000 0.000000 0.000000
9.000000 49.000000 0.000000 0.000000 0.000000
10.000000 0.000000 0.000000 0.000000 0.000000
10.000000 1.000000 0.000000 0.000000 0.000000
10.000000 2.000000 0.000000 0.000000 0.000000
10.000000 3.000000 0.000000 0.000000 0.000000
10.000000 4.000000 0.000000 0.000000 0.000000
10.000000 5.000000 0.000000 0.000000 0.000000
10.000000 6.000000 0.000000 0.000000 0.000000
10.000000 7.000000 0.000000 0.000000 0.000000
10.000000 8.000000 0.000000 0.000000 0.000000
10.000000 9.000000 0.000000 0.000000 0.000000
10.000000 10.000000 0.000000 0.000000 0.000000
10.000000 11.000000 0.000000 0.000000 0.000000
10.000000 12.000000 0.000000 0.000000 0.000000
10.000000 13.000000 0.000000 0.000000 0.000000
10.000000 14.000000 0.000000 0.000000 0.000000
10.000000 15.000000 0.000000 0.000000 0.000000
10.000000 16.000000 0.000000 0.000000 0.000000
10.000000 17.000000 0.000000 0.000000 0.000000
10.000000 18.000000 0.000000 0.000000 0.000000
10.000000 19.000000 0.000000 0.000000 0.000000
10.000000 20.000000 0.000000 0.000000 0.000000
10.000000 21.000000 0.000000 0.000000 0.000000
10.000000 22.000000 0.000000 0.000000 0.000000
10.000000 23.000000 0.000000 0.000000 0.000000
10.000000 24.000000 0.000000 0.000000 0.000000
10.000000 25.000000 0.000000 0.000000 0.000000
10.000000 26.000000 0.000000 0.000000 0.000000
10.000000 27.000000 0.000000 0.000000 0.000000
10.000000 28.000000 0.000000 0.000000 0.000000
10.000000 29.000000 0.000000 0.000000 0.000000
10.000000 30.000000 0.000000 0.000000 0.000000
10.000000 31.000000 0.000000 0.000000 0.000000
10.000000 32.000000 0.000000 0.000000 0.000000
10.000000 33.000000 0.000000 0.000000 0.000000
10.000000 34.000000 0.000000 0.000000 0.000000
10.000000 35.000000 0.000000 0.000000 0.000000
10.000000 36.000000 0.000000 0.000000 0.000000
10.000000 37.000000 0.000000 0.000000 0.000000
10.000000 38.000000 0.000000 0.000000 0.000000
10.000000 39.000000 0.000000 0.000000 0.000000
10.000000 40.000000 0.000000 0.000000 0.000000
10.000000 41.000000 0.000000 0.000000 0.000000
10.000000 42.000000 0.000000 0.000000 0.000000
10.000000 43.000000 0.000000 0.000000 0.000000
10.000000 44.000000 0.000000 0.000000 0.000000
10.000000 45.000000 0.000000 0.000000 0.000000
10.000000 46.000000 0.000000 0.000000 0.000000
10.000000 47.000000 0.000000 0.000000 0.000000
10.000000 48.000000 0.000000 0.000000 0.000000
10.000000 49.000000 0.000000 0.000000 0.000000
11.000000 0.000000 0.000000 0.000000 0.000000
11.000000 1.000000 0.000000 0.000000 0.000000
11.000000 2.000000 0.000000 0.000000 0.000000
11.000000 3.000000 0.000000 0.000000 0.000000
11.000000 4.000000 0.000000 0.000000 0.000000
11.000000 5.000000 0.000000 0.000000 0.000000
11.000000 6.000000 0.000000 0.000000 0.000000
11.000000 7.000000 0.000000 0.000000 0.000000
11.000000 8.000000 0.000000 0.000000 0.000000
11.000000 9.000000 0.000000 0.000000 0.000000
11.000000 10.000000 0.000000 0.000000 0.000000
11.000000 11.000000 0.000000 0.000000 0.000000
11.000000 12.000000 0.000000 0.000000 0.000000
11.000000 13.000000 0.000000 0.000000 0.000000
11.000000 14.000000 0.000000 0.000000 0.000000
11.000000 15.000000 0.000000 0.000000 0.000000
11.000000 16.000000 0.000000 0.000000 0.000000
11.000000 17.000000 0.000000 0.000000 0.000000
11.000000 18.000000 0.000000 0.000000 0.000000
11.000000 19.000000 0.000000 0.000000 0.000000
11.000000 20.000000 0.000000 0.000000 0.000000
11.000000 21.000000 0.000000 0.000000 0.000000
11.000000 22.000000 0.000000 0.000000 0.000000
11.000000 23.000000 0.000000 0.000000 0.000000
11.000000 24.000000 0.000000 0.000000 0.000000
11.000000 25.000000 0.000000 0.000000 0.000000
11.000000 26.000000 0.000000 0.000000 0.000000
11.000000 27.000000 0.000000 0.000000 0.000000
11.000000 28.000000 0.000000 0.000000 0.000000
11.000000 29.000000 0.000000 0.000000 0.000000
11.000000 30.000000 0.000000 0.000000 0.000000
11.000000 31.000000 0.000000 0.000000 0.000000
11.000000 32.000000 0.000000 0.000000 0.000000
11.000000 33.000000 0.000000 0.000000 0.000000
11.000000 34.000000 0.000000 0.000000 0.000000
11.000000 35.000000 0.000000 0.000000 0.000000
11.000000 36.000000 0.000000 0.000000 0.000000
11.000000 37.000000 0.000000 0.000000 0.000000
11.000000 38.000000 0.000000 0.000000 0.000000
11.000000 39.000000 0.000000 0.000000 0.000000
11.000000 40.000000 0.000000 0.000000 0.000000
11.000000 41.000000 0.000000 0.000000 0.000000
11.000000 42.000000 0.000000 0.000000 0.000000
11.000000 43.000000 0.000000 0.000000 0.000000
11.000000 44.000000 0.000000 0.000000 0.000000
11.000000 45.000000 0.000000 0.000000 0.000000
11.000000 46.000000 0.000000 0.000000 0.000000
11.000000 47.000000 0.000000 0.000000 0.000000
11.000000 48.000000 0.000000 0.000000 0.000000
11.000000 49.000000 0.000000 0.000000 0.000000
12.000000 0.000000 0.000000 0.000000 0.000000
12.000000 1.000000 0.000000 0.000000 0.000000
12.000000 2.000000 0.000000 0.000000 0.000000
12.000000 3.000000 0.000000 0.000000 0.000000
12.000000 4.000000 0.000000 0.000000 0.000000
12.000000 5.000000 0.000000 0.000000 0.000000
12.000000 6.000000 0.000000 0.000000 0.000000
12.000000 7.000000 0.000000 0.000000 0.000000
12.000000 8.000000 0.000000 0.000000 0.000000
12.000000 9.000000 0.000000 0.000000 0.000000
12.000000 10.000000 0.000000 0.000000 0.000000
12.000000 11.000000 0.000000 0.000000 0.000000
12.000000 12.000000 0.000000 0.000000 0.000000
12.000000 13.000000 0.000000 0.000000 0.000000
12.000000 14.000000 0.000000 0.000000 0.000000
12.000000 15.000000 0.000000 0.000000 0.000000
12.000000 16.000000 0.000000 0.000000 0.000000
12.000000 17.000000 0.000000 0.000000 0.000000
12.000000 18.000000 0.000000 0.000000 0.000000
12.000000 19.000000 0.000000 0.000000 0.000000
12.000000 20.000000 0.000000 0.000000 0.000000
12.000000 21.000000 0.000000 0.000000 0.000000
12.000000 22.000000 0.000000 0.000000 0.000000
12.000000 23.000000 0.000000 0.000000 0.000000
12.000000 24.000000 0.000000 0.000000 0.000000
12.000000 25.000000 0.000000 0.000000 0.000000
12.000000 26.000000 0.000000 0.000000 0.000000
12.000000 27.000000 0.000000 0.000000 0.000000
12.000000 28.000000 0.000000 0.000000 0.000000
12.000000 29.000000 0.000000 0.000000 0.000000
12.000000 30.000000 0.000000 0.000000 0.000000
12.000000 31.000000 0.000000 0.000000 0.000000
12.000000 32.000000 0.000000 0.000000 0.000000
12.000000 33.000000 0.000000 0.000000 0.000000
12.000000 34.000000 0.000000 0.000000 0.000000
12.000000 35.000000 0.000000 0.000000 0.000000
12.000000 36.000000 0.000000 0.000000 0.000000
12.000000 37.000000 0.000000 0.000000 0.000000
12.000000 38.000000 0.000000 0.000000 0.000000
12.000000 39.000000 0.000000 0.000000 0.000000
12.000000 40.000000 0.000000 0.000000 0.000000
12.000000 41.000000 0.000000 0.000000 0.000000
12.000000 42.000000 0.000000 0.000000 0.000000
12.000000 43.000000 0.000000 0.000000 0.000000
12.000000 44.000000 0.000000 0.000000 0.000000
12.000000 45.000000 0.000000 0.000000 0.000000
12.000000 46.000000 0.000000 0.000000 0.000000
12.000000 47.000000 0.000000 0.000000 0.000000
12.000000 48.000000 0.000000 0.000000 0.000000
12.000000 49.000000 0.000000 0.000000 0.000000
13.000000 0.000000 0.000000 0.000000 0.000000
13.000000 1.000000 0.000000 0.000000 0.000000
13.000000 2.000000 0.000000 0.000000 0.000000
13.000000 3.000000 0.000000 0.000000 0.000000
13.000000 4.000000 0.000000 0.000000 0.000000
13.000000 5.000000 0.000000 0.000000 0.000000
13.000000 6.000000 0.000000 0.000000 0.000000
13.000000 7.000000 1670.000000 907.666687 1670.000000
13.000000 8.000000 2268.000000 2140.333252 2268.000000
13.000000 9.000000 1891.000000 2070.000000 2219.000000
13.000000 10.000000 1099.000000 1379.666626 1655.000000
13.000000 11.000000 505.000000 691.000000 892.000000
13.000000 12.000000 200.000000 280.666656 373.000000
13.000000 13.000000 73.000000 109.000000 145.000000
13.000000 14.000000 15.000000 27.333334 41.000000
13.000000 15.000000 5.000000 7.666667 11.000000
13.000000 16.000000 3.000000 4.333333 5.000000
13.000000 17.000000 0.000000 1.000000 2.000000
13.000000 18.000000 0.000000 0.000000 0.000000
13.000000 19.000000 0.000000 0.000000 0.000000
13.000000 20.000000 0.000000 0.000000 0.000000
13.000000 21.000000 0.000000 0.000000 0.000000
13.000000 22.000000 0.000000 0.000000 0.000000
13.000000 23.000000 0.000000 0.000000 0.000000
13.000000 24.000000 0.000000 0.000000 0.000000
13.000000 25.000000 0.000000 0.000000 0.000000
13.000000 26.000000 0.000000 0.000000 0.000000
13.000000 27.000000 0.000000 0.000000 0.000000
13.000000 28.000000 0.000000 0.000000 0.000000
13.000000 29.000000 0.000000 0.000000 0.000000
13.000000 30.000000 0.000000 0.000000 0.000000
13.000000 31.000000 0.000000 0.000000 0.000000
13.000000 32.000000 0.000000 0.000000 0.000000
13.000000 33.000000 0.000000 0.000000 0.000000
13.000000 34.000000 0.000000 0.000000 0.000000
13.000000 35.000000 0.000000 0.000000 0.000000
13.000000 36.000000 0.000000 0.000000 0.000000
13.000000 37.000000 0.000000 0.000000 0.000000
13.000000 38.000000 0.000000 0.000000 0.000000
13.000000 39.000000 0.000000 0.000000 0.000000
13.000000 40.000000 0.000000 0.000000 0.000000
13.000000 41.000000 0.000000 0.000000 0.000000
13.000000 42.000000 0.000000 0.000000 0.000000
13.000000 43.000000 0.000000 0.000000 0.000000
13.000000 44.000000 0.000000 0.000000 0.000000
13.000000 45.000000 0.000000 0.000000 0.000000
13.000000 46.000000 0.000000 0.000000 0.000000
13.000000 47.000000 0.000000 0.000000 0.000000
13.000000 48.000000 0.000000 0.000000 0.000000
13.000000 49.000000 0.000000 0.000000 0.000000
14.000000 0.000000 0.000000 0.000000 0.000000
14.000000 1.000000 0.000000 0.000000 0.000000
14.000000 2.000000 0.000000 0.000000 0.000000
14.000000 3.000000 0.000000 0.000000 0.000000
14.000000 4.000000 0.000000 0.000000 0.000000
14.000000 5.000000 0.000000 0.000000 0.000000
14.000000 6.000000 0.000000 0.000000 0.000000
14.000000 7.000000 0.000000 0.000000 0.000000
14.000000 8.000000 0.000000 0.000000 0.000000
14.000000 9.000000 0.000000 0.000000 0.000000
14.000000 10.000000 0.000000 0.000000 0.000000
14.000000 11.000000 0.000000 0.000000 0.000000
14.000000 12.000000 0.000000 0.000000 0.000000
14.000000 13.000000 0.000000 0.000000 0.000000
14.000000 14.000000 0.000000 0.000000 0.000000
14.000000 15.000000 0.000000 0.000000 0.000000
14.000000 16.000000 0.000000 0.000000 0.000000
14.000000 17.000000 0.000000 0.000000 0.000000
14.000000 18.000000 0.000000 0.000000 0.000000
14.000000 19.000000 0.000000 0.000000 0.000000
14.000000 20.000000 0.000000 0.000000 0.000000
14.000000 21.000000 0.000000 0.000000 0.000000
14.000000 22.000000 0.000000 0.000000 0.000000
14.000000 23.000000 0.000000 0.000000 0.000000
14.000000 24.000000 0.000000 0.000000 0.000000
14.000000 25.000000 0.000000 0.000000 0.000000
14.000000 26.000000 0.000000 0.000000 0.000000
14.000000 27.000000 0.000000 0.000000 0.000000
14.000000 28.000000 0.000000 0.000000 0.000000
14.000000 29.000000 0.000000 0.000000 0.000000
14.000000 30.000000 0.000000 0.000000 0.000000
14.000000 31.000000 0.000000 0.000000 0.000000
14.000000 32.000000 0.000000 0.000000 0.000000
14.000000 33.000000 0.000000 0.000000 0.000000
14.000000 34.000000 0.000000 0.000000 0.000000
14.000000 35.000000 0.000000 0.000000 0.000000
14.000000 36.000000 0.000000 0.000000 0.000000
14.000000 37.000000 0.000000 0.000000 0.000000
14.000000 38.000000 0.000000 0.000000 0.000000
14.000000 39.000000 0.000000 0.000000 0.000000
14.000000 40.000000 0.000000 0.000000 0.000000
14.000000 41.000000 0.000000 0.000000 0.000000
14.000000 42.000000 0.000000 0.000000 0.000000
14.000000 43.000000 0.000000 0.000000 0.000000
14.000000 44.000000 0.000000 0.000000 0.000000
14.000000 45.000000 0.000000 0.000000 0.000000
14.000000 46.000000 0.000000 0.000000 0.000000
14.000000 47.000000 0.000000 0.000000 0.000000
14.000000 48.000000 0.000000 0.000000 0.000000
14.000000 49.000000 0.000000 0.000000 0.000000
15.000000 0.000000 0.000000 0.000000 0.000000
15.000000 1.000000 0.000000 0.000000 0.000000
15.000000 2.000000 0.000000 0.000000 0.000000
15.000000 3.000000 0.000000 0.000000 0.000000
15.000000 4.000000 0.000000 0.000000 0.000000
15.000000 5.000000 0.000000 0.000000 0.000000
15.000000 6.000000 0.000000 0.000000 0.000000
15.000000 7.000000 0.000000 0.000000 0.000000
15.000000 8.000000 0.000000 0.000000 0.000000
15.000000 9.000000 0.000000 0.000000 0.000000
15.000000 10.000000 0.000000 0.000000 0.000000
15.000000 11.000000 0.000000 0.000000 0.000000
15.000000 12.000000 0.000000 0.000000 0.000000
15.000000 13.000000 0.000000 0.000000 0.000000
15.000000 14.000000 0.000000 0.000000 0.000000
15.000000 15.000000 0.000000 0.000000 0.000000
15.000000 16.000000 0.000000 0.000000 0.000000
15.000000 17.000000 0.000000 0.000000 0.000000
15.000000 18.000000 0.000000 0.000000 0.000000
15.000000 19.000000 0.000000 0.000000 0.000000
15.000000 20.000000 0.000000 0.000000 0.000000
15.000000 21.000000 0.000000 0.000000 0.000000
15.000000 22.000000 0.000000 0.000000 0.000000
15.000000 23.000000 0.000000 0.000000 0.000000
15.000000 24.000000 0.000000 0.000000 0.000000
15.000000 25.000000 0.000000 0.000000 0.000000
15.000000 26.000000 0.000000 0.000000 0.000000
15.000000 27.000000 0.000000 0.000000 0.000000
15.000000 28.000000 0.000000 0.000000 0.000000
15.000000 29.000000 0.000000 0.000000 0.000000
15.000000 30.000000 0.000000 0.000000 0.000000
15.000000 31.000000 0.000000 0.000000 0.000000
15.000000 32.000000 0.000000 0.000000 0.000000
15.000000 33.000000 0.000000 0.000000 0.000000
15.000000 34.000000 0.000000 0.000000 0.000000
15.000000 35.000000 0.000000 0.000000 0.000000
15.000000 36.000000 0.000000 0.000000 0.000000
15.000000 37.000000 0.000000 0.000000 0.000000
15.000000 38.000000 0.000000 0.000000 0.000000
15.000000 39.000000 0.000000 0.000000 0.000000
15.000000 40.000000 0.000000 0.000000 0.000000
15.000000 41.000000 0.000000 0.000000 0.000000
15.000000 42.000000 0.000000 0.000000 0.000000
15.000000 43.000000 0.000000 0.000000 0.000000
15.000000 44.000000 0.000000 0.000000 0.000000
15.000000 45.000000 0.000000 0.000000 0.000000
15.000000 46.000000 0.000000 0.000000 0.000000
15.000000 47.000000 0.000000 0.000000 0.000000
15.000000 48.000000 0.000000 0.000000 0.000000
15.000000 49.000000 0.000000 0.000000 0.000000
16.000000 0.000000 0.000000 0.000000 0.000000
16.000000 1.000000 0.000000 0.000000 0.000000
16.000000 2.000000 0.000000 0.000000 0.000000
16.000000 3.000000 0.000000 0.000000 0.000000
16.000000 4.000000 0.000000 0.000000 0.000000
16.000000 5.000000 0.000000 0.000000 0.000000
16.000000 6.000000 0.000000 0.000000 0.000000
16.000000 7.000000 0.000000 0.000000 0.000000
16.000000 8.000000 0.000000 0.000000 0.000000
16.000000 9.000000 0.000000 0.000000 0.000000
16.000000 10.000000 0.000000 0.000000 0.000000
16.000000 11.000000 0.000000 0.000000 0.000000
16.000000 12.000000 0.000000 0.000000 0.000000
16.000000 13.000000 0.000000 0.000000 0.000000
16.000000 14.000000 0.000000 0.000000 0.000000
16.000000 15.000000 0.000000 0.000000 0.000000
16.000000 16.000000 0.000000 0.000000 0.000000
16.000000 17.000000 0.000000 0.000000 0.000000
16.000000 18.000000 0.000000 0.000000 0.000000
16.000000 19.000000 0.000000 0.000000 0.000000
16.000000 20.000000 0.000000 0.000000 0.000000
16.000000 21.000000 0.000000 0.000000 0.000000
16.000000 22.000000 0.000000 0.000000 0.000000
16.000000 23.000000 0.000000 0.000000 0.000000
16.000000 24.000000 0.000000 0.000000 0.000000
16.000000 25.000000 0.000000 0.000000 0.000000
16.000000 26.000000 0.000000 0.000000 0.000000
16.000000 27.000000 0.000000 0.000000 0.000000
16.000000 28.000000 0.000000 0.000000 0.000000
16.000000 29.000000 0.000000 0.000000 0.000000
16.000000 30.000000 0.000000 0.000000 0.000000
16.000000 31.000000 0.000000 0.000000 0.000000
16.000000 32.000000 0.000000 0.000000 0.000000
16.000000 33.000000 0.000000 0.000000 0.000000
16.000000 34.000000 0.000000 0.000000 0.000000
16.000000 35.000000 0.000000 0.000000 0.000000
16.000000 36.000000 0.000000 0.000000 0.000000
16.000000 37.000000 0.000000 0.000000 0.000000
16.000000 38.000000 0.000000 0.000000 0.000000
16.000000 39.000000 0.000000 0.000000 0.000000
16.000000 40.000000 0.000000 0.000000 0.000000
16.000000 41.000000 0.000000 0.000000 0.000000
16.000000 42.000000 0.000000 0.000000 0.000000
16.000000 43.000000 0.000000 0.000000 0.000000
16.000000 44.000000 0.000000 0.000000 0.000000
16.000000 45.000000 0.000000 0.000000 0.000000
16.000000 46.000000 0.000000 0.000000 0.000000
16.000000 47.000000 0.000000 0.000000 0.000000
16.000000 48.000000 0.000000 0.000000 0.000000
16.000000 49.000000 0.000000 0.000000 0.000000
17.000000 0.000000 0.000000 0.000000 0.000000
17.000000 1.000000 0.000000 0.000000 0.000000
17.000000 2.000000 0.000000 0.000000 0.000000
17.000000 3.000000 0.000000 0.000000 0.000000
17.000000 4.000000 1743.000000 939.333313 1743.000000
17.000000 5.000000 2337.000000 2205.333252 2337.000000
17.000000 6.000000 1819.000000 2037.666626 2230.000000
17.000000 7.000000 1069.000000 1307.000000 1559.000000
17.000000 8.000000 491.000000 664.333313 850.000000
17.000000 9.000000 184.000000 273.333344 366.000000
17.000000 10.000000 63.000000 89.333336 117.000000
17.000000 11.000000 22.000000 34.000000 49.000000
17.000000 12.000000 7.000000 10.333333 16.000000
17.000000 13.000000 0.000000 1.666667 3.000000
17.000000 14.000000 0.000000 0.000000 0.000000
17.000000 15.000000 0.000000 0.000000 0.000000
17.000000 16.000000 0.000000 0.000000 0.000000
17.000000 17.000000 0.000000 0.000000 0.000000
17.000000 18.000000 0.000000 0.000000 0.000000
17.000000 19.000000 0.000000 0.000000 0.000000
17.000000 20.000000 0.000000 0.000000 0.000000
17.000000 21.000000 0.000000 0.000000 0.000000
17.000000 22.000000 0.000000 0.000000 0.000000
17.000000 23.000000 0.000000 0.000000 0.000000
17.000000 24.000000 0.000000 0.000000 0.000000
17.000000 25.000000 0.000000 0.000000 0.000000
17.000000 26.000000 0.000000 0.000000 0.000000
17.000000 27.000000 0.000000 0.000000 0.000000
17.000000 28.000000 0.000000 0.000000 0.000000
17.000000 29.000000 0.000000 0.000000 0.000000
17.000000 30.000000 0.000000 0.000000 0.000000
17.000000 31.000000 0.000000 0.000000 0.000000
17.000000 32.000000 0.000000 0.000000 0.000000
17.000000 33.000000 0.000000 0.000000 0.000000
17.000000 34.000000 0.000000 0.000000 0.000000
17.000000 35.000000 0.000000 0.000000 0.000000
17.000000 36.000000 0.000000 0.000000 0.000000
17.000000 37.000000 0.000000 0.000000 0.000000
17.000000 38.000000 0.000000 0.000000 0.000000
17.000000 39.000000 0.000000 0.000000 0.000000
17.000000 40.000000 0.000000 0.000000 0.000000
17.000000 41.000000 0.000000 0.000000 0.000000
17.000000 42.000000 0.000000 0.000000 0.000000
17.000000 43.000000 0.000000 0.000000 0.000000
17.000000 44.000000 0.000000 0.000000 0.000000
17.000000 45.000000 0.000000 0.000000 0.000000
17.000000 46.000000 0.000000 0.000000 0.000000
17.000000 47.000000 0.000000 0.000000 0.000000
17.000000 48.000000 0.000000 0.000000 0.000000
17.000000 49.000000 0.000000 0.000000 0.000000
18.000000 0.000000 0.000000 0.000000 0.000000
18.000000 1.000000 0.000000 0.000000 0.000000
18.000000 2.000000 0.000000 0.000000 0.000000
18.000000 3.000000 0.000000 0.000000 0.000000
18.000000 4.000000 0.000000 0.000000 0.000000
18.000000 5.000000 0.000000 0.000000 0.000000
18.000000 6.000000 0.000000 0.000000 0.000000
18.000000 7.000000 1995.000000 1057.666626 1995.000000
18.000000 8.000000 2664.000000 2569.666748 2664.000000
18.000000 9.000000 1996.000000 2270.333252 2519.000000
18.000000 10.000000 1112.000000 1384.333374 1660.000000
18.000000 11.000000 514.000000 697.000000 889.000000
18.000000 12.000000 218.000000 291.333344 371.000000
18.000000 13.000000 74.000000 108.333336 147.000000
18.000000 14.000000 26.000000 36.000000 46.000000
18.000000 15.000000 7.000000 11.000000 15.000000
18.000000 16.000000 3.000000 4.000000 6.000000
18.000000 17.000000 1.000000 1.333333 2.000000
18.000000 18.000000 0.000000 0.666667 1.000000
18.000000 19.000000 0.000000 0.000000 0.000000
18.000000 20.000000 0.000000 0.000000 0.000000
18.000000 21.000000 0.000000 0.000000 0.000000
18.000000 22.000000 0.000000 0.000000 0.000000
18.000000 23.000000 0.000000 0.000000 0.000000
18.000000 24.000000 0.000000 0.000000 0.000000
18.000000 25.000000 0.000000 0.000000 0.000000
18.000000 26.000000 0.000000 0.000000 0.000000
18.000000 27.000000 0.000000 0.000000 0.000000
18.000000 28.000000 0.000000 0.000000 0.000000
18.000000 29.000000 0.000000 0.000000 0.000000
18.000000 30.000000 0.000000 0.000000 0.000000
18.000000 31.000000 0.000000 0.000000 0.000000
18.000000 32.000000 0.000000 0.000000 0.000000
18.000000 33.000000 0.000000 0.000000 0.000000
18.000000 34.000000 0.000000 0.000000 0.000000
18.000000 35.000000 0.000000 0.000000 0.000000
18.000000 36.000000 0.000000 0.000000 0.000000
18.000000 37.000000 0.000000 0.000000 0.000000
18.000000 38.000000 0.000000 0.000000 0.000000
18.000000 39.000000 0.000000 0.000000 0.000000
18.000000 40.000000 0.000000 0.000000 0.000000
18.000000 41.000000 0.000000 0.000000 0.000000
18.000000 42.000000 0.000000 0.000000 0.000000
18.000000 43.000000 0.000000 0.000000 0.000000
18.000000 44.000000 0.000000 0.000000 0.000000
18.000000 45.000000 0.000000 0.000000 0.000000
18.000000 46.000000 0.000000 0.000000 0.000000
18.000000 47.000000 0.000000 0.000000 0.000000
18.000000 48.000000 0.000000 0.000000 0.000000
18.000000 49.000000 0.000000 0.000000 0.000000
19.000000 0.000000 0.000000 0.000000 0.000000
19.000000 1.000000 0.000000 0.000000 0.000000
19.000000 2.000000 0.000000 0.000000 0.000000
19.000000 3.000000 0.000000 0.000000 0.000000
19.000000 4.000000 0.000000 0.000000 0.000000
19.000000 5.000000 0.000000 0.000000 0.000000
19.000000 6.000000 0.000000 0.000000 0.000000
19.000000 7.000000 0.000000 0.000000 0.000000
19.000000 8.000000 1852.000000 1002.333313 1852.000000
19.000000 9.000000 2297.000000 2220.333252 2297.000000
19.000000 10.000000 1824.000000 2024.666626 2210.000000
19.000000 11.000000 1072.000000 1317.000000 1565.000000
19.000000 12.000000 518.000000 684.666687 855.000000
19.000000 13.000000 204.000000 297.666656 396.000000
19.000000 14.000000 72.000000 105.666664 145.000000
19.000000 15.000000 24.000000 35.333332 47.000000
19.000000 16.000000 7.000000 14.000000 21.000000
19.000000 17.000000 5.000000 5.666667 7.000000
19.000000 18.000000 2.000000 2.666667 4.000000
19.000000 19.000000 1.000000 1.666667 2.000000
19.000000 20.000000 0.000000 0.666667 1.000000
19.000000 21.000000 0.000000 0.000000 0.000000
19.000000 22.000000 0.000000 0.000000 0.000000
19.000000 23.000000 0.000000 0.000000 0.000000
19.000000 24.000000 0.000000 0.000000 0.000000
19.000000 25.000000 0.000000 0.000000 0.000000
19.000000 26.000000 0.000000 0.000000 0.000000
19.000000 27.000000 0.000000 0.000000 0.000000
19.000000 28.000000 0.000000 0.000000 0.000000
19.000000 29.000000 0.000000 0.000000 0.000000
19.000000 30.000000 0.000000 0.000000 0.000000
19.000000 31.000000 0.000000 0.000000 0.000000
19.000000 32.000000 0.000000 0.000000 0.000000
19.000000 33.000000 0.000000 0.000000 0.000000
19.000000 34.000000 0.000000 0.000000 0.000000
19.000000 35.000000 0.000000 0.000000 0.000000
19.000000 36.000000 0.000000 0.000000 0.000000
19.000000 37.000000 0.000000 0.000000 0.000000
19.000000 38.000000 0.000000 0.000000 0.000000
19.000000 39.000000 0.000000 0.000000 0.000000
19.000000 40.000000 0.000000 0.000000 0.000000
19.000000 41.000000 0.000000 0.000000 0.000000
19.000000 42.000000 0.000000 0.000000 0.000000
19.000000 43.000000 0.000000 0.000000 0.000000
19.000000 44.000000 0.000000 0.000000 0.000000
19.000000 45.000000 0.000000 0.000000 0.000000
19.000000 46.000000 0.000000 0.000000 0.000000
19.000000 47.000000 0.000000 0.000000 0.000000
19.000000 48.000000 0.000000 0.000000 0.000000
19.000000 49.000000 0.000000 0.000000 0.000000
20.000000 0.000000 0.000000 0.000000 0.000000
20.000000 1.000000 0.000000 0.000000 0.000000
20.000000 2.000000 0.000000 0.000000 0.000000
20.000000 3.000000 0.000000 0.000000 0.000000
20.000000 4.000000 1969.000000 1056.000000 1969.000000
20.000000 5.000000 2569.000000 2461.000000 2569.000000
20.000000 6.000000 2021.000000 2284.000000 2520.000000
20.000000 7.000000 1208.000000 1466.666626 1725.000000
20.000000 8.000000 584.000000 774.000000 975.000000
20.000000 9.000000 240.000000 336.000000 440.000000
20.000000 10.000000 105.000000 145.000000 183.000000
20.000000 11.000000 34.000000 49.666668 70.000000
20.000000 12.000000 12.000000 18.000000 24.000000
20.000000 13.000000 5.000000 6.333333 8.000000
20.000000 14.000000 0.000000 1.000000 2.000000
20.000000 15.000000 0.000000 0.000000 0.000000
20.000000 16.000000 0.000000 0.000000 0.000000
20.000000 17.000000 0.000000 0.000000 0.000000
20.000000 18.000000 0.000000 0.000000 0.000000
20.000000 19.000000 0.000000 0.000000 0.000000
20.000000 20.000000 0.000000 0.000000 0.000000
20.000000 21.000000 0.000000 0.000000 0.000000
20.000000 22.000000 0.000000 0.000000 0.000000
20.000000 23.000000 0.000000 0.000000 0.000000
20.000000 24.000000 0.000000 0.000000 0.000000
20.000000 25.000000 0.000000 0.000000 0.000000
20.000000 26.000000 0.000000 0.000000 0.000000
20.000000 27.000000 0.000000 0.000000 0.000000
20.000000 28.000000 0.000000 0.000000 0.000000
20.000000 29.000000 0.000000 0.000000 0.000000
20.000000 30.000000 0.000000 0.000000 0.000000
20.000000 31.000000 0.000000 0.000000 0.000000
20.000000 32.000000 0.000000 0.000000 0.000000
20.000000 33.000000 0.000000 0.000000 0.000000
20.000000 34.000000 0.000000 0.000000 0.000000
20.000000 35.000000 0.000000 0.000000 0.000000
20.000000 36.000000 0.000000 0.000000 0.000000
20.000000 37.000000 0.000000 0.000000 0.000000
20.000000 38.000000 0.000000 0.000000 0.000000
20.000000 39.000000 0.000000 0.000000 0.000000
20.000000 40.000000 0.000000 0.000000 0.000000
20.000000 41.000000 0.000000 0.000000 0.000000
20.000000 42.000000 0.000000 0.000000 0.000000
20.000000 43.000000 0.000000 0.000000 0.000000
20.000000 44.000000 0.000000 0.000000 0.000000
20.000000 45.000000 0.000000 0.000000 0.000000
20.000000 46.000000 0.000000 0.000000 0.000000
20.000000 47.000000 0.000000 0.000000 0.000000
20.000000 48.000000 0.000000 0.000000 0.000000
20.000000 49.000000 0.000000 0.000000 0.000000
21.000000 0.000000 0.000000 0.000000 0.000000
21.000000 1.000000 0.000000 0.000000 0.000000
21.000000 2.000000 0.000000 0.000000 0.000000
21.000000 3.000000 0.000000 0.000000 0.000000
21.000000 4.000000 0.000000 0.000000 0.000000
21.000000 5.000000 0.000000 0.000000 0.000000
21.000000 6.000000 0.000000 0.000000 0.000000
21.000000 7.000000 0.000000 0.000000 0.000000
21.000000 8.000000 1629.000000 886.000000 1629.000000
21.000000 9.000000 2237.000000 2105.666748 2237.000000
21.000000 10.000000 1801.000000 1975.666626 2122.000000
21.000000 11.000000 1004.000000 1269.666626 1545.000000
21.000000 12.000000 493.000000 646.000000 829.000000
21.000000 13.000000 192.000000 272.666656 358.000000
21.000000 14.000000 72.000000 98.333336 129.000000
21.000000 15.000000 26.000000 35.666668 46.000000
21.000000 16.000000 5.000000 11.666667 17.000000
21.000000 17.000000 1.000000 1.333333 2.000000
21.000000 18.000000 0.000000 0.000000 0.000000
21.000000 19.000000 0.000000 0.000000 0.000000
21.000000 20.000000 0.000000 0.000000 0.000000
21.000000 21.000000 0.000000 0.000000 0.000000
21.000000 22.000000 0.000000 0.000000 0.000000
21.000000 23.000000 0.000000 0.000000 0.000000
21.000000 24.000000 0.000000 0.000000 0.000000
21.000000 25.000000 0.000000 0.000000 0.000000
21.000000 26.000000 0.000000 0.000000 0.000000
21.000000 27.000000 0.000000 0.000000 0.000000
21.000000 28.000000 0.000000 0.000000 0.000000
21.000000 29.000000 0.000000 0.000000 0.000000
21.000000 30.000000 0.000000 0.000000 0.000000
21.000000 31.000000 0.000000 0.000000 0.000000
21.000000 32.000000 0.000000 0.000000 0.000000
21.000000 33.000000 0.000000 0.000000 0.000000
21.000000 34.000000 0.000000 0.000000 0.000000
21.000000 35.000000 0.000000 0.000000 0.000000
21.000000 36.000000 0.000000 0.000000 0.000000
21.000000 37.000000 0.000000 0.000000 0.000000
21.000000 38.000000 0.000000 0.000000 0.000000
21.000000 39.000000 0.000000 0.000000 0.000000
21.000000 40.000000 0.000000 0.000000 0.000000
21.000000 41.000000 0.000000 0.000000 0.000000
21.000000 42.000000 0.000000 0.000000 0.000000
21.000000 43.000000 0.000000 0.000000 0.000000
21.000000 44.000000 0.000000 0.000000 0.000000
21.000000 45.000000 0.000000 0.000000 0.000000
21.000000 46.000000 0.000000 0.000000 0.000000
21.000000 47.000000 0.000000 0.000000 0.000000
21.000000 48.000000 0.000000 0.000000 0.000000
21.000000 49.000000 0.000000 0.000000 0.000000
22.000000 0.000000 0.000000 0.000000 0.000000
22.000000 1.000000 0.000000 0.000000 0.000000
22.000000 2.000000 0.000000 0.000000 0.000000
22.000000 3.000000 0.000000 0.000000 0.000000
22.000000 4.000000 0.000000 0.000000 0.000000
22.000000 5.000000 0.000000 0.000000 0.000000
22.000000 6.000000 0.000000 0.000000 0.000000
22.000000 7.000000 0.000000 0.000000 0.000000
22.000000 8.000000 0.000000 0.000000 0.000000
22.000000 9.000000 0.000000 0.000000 0.000000
22.000000 10.000000 0.000000 0.000000 0.000000
22.000000 11.000000 0.000000 0.000000 0.000000
22.000000 12.000000 0.000000 0.000000 0.000000
22.000000 13.000000 0.000000 0.000000 0.000000
22.000000 14.000000 0.000000 0.000000 0.000000
22.000000 15.000000 0.000000 0.000000 0.000000
22.000000 16.000000 0.000000 0.000000 0.000000
22.000000 17.000000 0.000000 0.000000 0.000000
22.000000 18.000000 0.000000 0.000000 0.000000
22.000000 19.000000 0.000000 0.000000 0.000000
22.000000 20.000000 0.000000 0.000000 0.000000
22.000000 21.000000 0.000000 0.000000 0.000000
22.000000 22.000000 0.000000 0.000000 0.000000
22.000000 23.000000 0.000000 0.000000 0.000000
22.000000 24.000000 0.000000 0.000000 0.000000
22.000000 25.000000 0.000000 0.000000 0.000000
22.000000 26.000000 0.000000 0.000000 0.000000
22.000000 27.000000 0.000000 0.000000 0.000000
22.000000 28.000000 0.000000 0.000000 0.000000
22.000000 29.000000 0.000000 0.000000 0.000000
22.000000 30.000000 0.000000 0.000000 0.000000
22.000000 31.000000 0.000000 0.000000 0.000000
22.000000 32.000000 0.000000 0.000000 0.000000
22.000000 33.000000 0.000000 0.000000 0.000000
22.000000 34.000000 0.000000 0.000000 0.000000
22.000000 35.000000 0.000000 0.000000 0.000000
22.000000 36.000000 0.000000 0.000000 0.000000
22.000000 37.000000 0.000000 0.000000 0.000000
22.000000 38.000000 0.000000 0.000000 0.000000
22.000000 39.000000 0.000000 0.000000 0.000000
22.000000 40.000000 0.000000 0.000000 0.000000
22.000000 41.000000 0.000000 0.000000 0.000000
22.000000 42.000000 0.000000 0.000000 0.000000
22.000000 43.000000 0.000000 0.000000 0.000000
22.000000 44.000000 0.000000 0.000000 0.000000
22.000000 45.000000 0.000000 0.000000 0.000000
22.000000 46.000000 0.000000 0.000000 0.000000
22.000000 47.000000 0.000000 0.000000 0.000000
22.000000 48.000000 0.000000 0.000000 0.000000
22.000000 49.000000 0.000000 0.000000 0.000000
23.000000 0.000000 0.000000 0.000000 0.000000
23.000000 1.000000 0.000000 0.000000 0.000000
23.000000 2.000000 0.000000 0.000000 0.000000
23.000000 3.000000 0.000000 0.000000 0.000000
23.000000 4.000000 0.000000 0.000000 0.000000
23.000000 5.000000 0.000000 0.000000 0.000000
23.000000 6.000000 0.000000 0.000000 0.000000
23.000000 7.000000 0.000000 0.000000 0.000000
23.000000 8.000000 0.000000 0.000000 0.000000
23.000000 9.000000 0.000000 0.000000 0.000000
23.000000 10.000000 0.000000 0.000000 0.000000
23.000000 11.000000 0.000000 0.000000 0.000000
23.000000 12.000000 0.000000 0.000000 0.000000
23.000000 13.000000 0.000000 0.000000 0.000000
23.000000 14.000000 0.000000 0.000000 0.000000
23.000000 15.000000 0.000000 0.000000 0.000000
23.000000 16.000000 0.000000 0.000000 0.000000
23.000000 17.000000 0.000000 0.000000 0.000000
23.000000 18.000000 0.000000 0.000000 0.000000
23.000000 19.000000 0.000000 0.000000 0.000000
23.000000 20.000000 0.000000 0.000000 0.000000
23.000000 21.000000 0.000000 0.000000 0.000000
23.000000 22.000000 0.000000 0.000000 0.000000
23.000000 23.000000 0.000000 0.000000 0.000000
23.000000 24.000000 0.000000 0.000000 0.000000
23.000000 25.000000 0.000000 0.000000 0.000000
23.000000 26.000000 0.000000 0.000000 0.000000
23.000000 27.000000 0.000000 0.000000 0.000000
23.000000 28.000000 0.000000 0.000000 0.000000
23.000000 29.000000 0.000000 0.000000 0.000000
23.000000 30.000000 0.000000 0.000000 0.000000
23.000000 31.000000 0.000000 0.000000 0.000000
23.000000 32.000000 0.000000 0.000000 0.000000
23.000000 33.000000 0.000000 0.000000 0.000000
23.000000 34.000000 0.000000 0.000000 0.000000
23.000000 35.000000 0.000000 0.000000 0.000000
23.000000 36.000000 0.000000 0.000000 0.000000
23.000000 37.000000 0.000000 0.000000 0.000000
23.000000 38.000000 0.000000 0.000000 0.000000
23.000000 39.000000 0.000000 0.000000 0.000000
23.000000 40.000000 0.000000 0.000000 0.000000
23.000000 41.000000 0.000000 0.000000 0.000000
23.000000 42.000000 0.000000 0.000000 0.000000
23.000000 43.000000 0.000000 0.000000 0.000000
23.000000 44.000000 0.000000 0.000000 0.000000
23.000000 45.000000 0.000000 0.000000 0.000000
23.000000 46.000000 0.000000 0.000000 0.000000
23.000000 47.000000 0.000000 0.000000 0.000000
23.000000 48.000000 0.000000 0.000000 0.000000
23.000000 49.000000 0.000000 0.000000 0.000000
24.000000 0.000000 0.000000 0.000000 0.000000
24.000000 1.000000 0.000000 0.000000 0.000000
24.000000 2.000000 0.000000 0.000000 0.000000
24.000000 3.000000 0.000000 0.000000 0.000000
24.000000 4.000000 0.000000 0.000000 0.000000
24.000000 5.000000 0.000000 0.000000 0.000000
24.000000 6.000000 0.000000 0.000000 0.000000
24.000000 7.000000 0.000000 0.000000 0.000000
24.000000 8.000000 0.000000 0.000000 0.000000
24.000000 9.000000 0.000000 0.000000 0.000000
24.000000 10.000000 0.000000 0.000000 0.000000
24.000000 11.000000 0.000000 0.000000 0.000000
24.000000 12.000000 0.000000 0.000000 0.000000
24.000000 13.000000 0.000000 0.000000 0.000000
24.000000 14.000000 0.000000 0.000000 0.000000
24.000000 15.000000 0.000000 0.000000 0.000000
24.000000 16.000000 0.000000 0.000000 0.000000
24.000000 17.000000 0.000000 0.000000 0.000000
24.000000 18.000000 0.000000 0.000000 0.000000
24.000000 19.000000 0.000000 0.000000 0.000000
24.000000 20.000000 0.000000 0.000000 0.000000
24.000000 21.000000 0.000000 0.000000 0.000000
24.000000 22.000000 0.000000 0.000000 0.000000
24.000000 23.000000 0.000000 0.000000 0.000000
24.000000 24.000000 0.000000 0.000000 0.000000
24.000000 25.000000 0.000000 0.000000 0.000000
24.000000 26.000000 0.000000 0.000000 0.000000
24.000000 27.000000 0.000000 0.000000 0.000000
24.000000 28.000000 0.000000 0.000000 0.000000
24.000000 29.000000 0.000000 0.000000 0.000000
24.000000 30.000000 0.000000 0.000000 0.000000
24.000000 31.000000 0.000000 0.000000 0.000000
24.000000 32.000000 0.000000 0.000000 0.000000
24.000000 33.000000 0.000000 0.000000 0.000000
24.000000 34.000000 0.000000 0.000000 0.000000
24.000000 35.000000 0.000000 0.000000 0.000000
24.000000 36.000000 0.000000 0.000000 0.000000
24.000000 37.000000 0.000000 0.000000 0.000000
24.000000 38.000000 0.000000 0.000000 0.000000
24.000000 39.000000 0.000000 0.000000 0.000000
24.000000 40.000000 0.000000 0.000000 0.000000
24.000000 41.000000 0.000000 0.000000 0.000000
24.000000 42.000000 0.000000 0.000000 0.000000
24.000000 43.000000 0.000000 0.000000 0.000000
24.000000 44.000000 0.000000 0.000000 0.000000
24.000000 45.000000 0.000000 0.000000 0.000000
24.000000 46.000000 0.000000 0.000000 0.000000
24.000000 47.000000 0.000000 0.000000 0.000000
24.000000 48.000000 0.000000 0.000000 0.000000
24.000000 49.000000 0.000000 0.000000 0.000000
25.000000 0.000000 0.000000 0.000000 0.000000
25.000000 1.000000 0.000000 0.000000 0.000000
25.000000 2.000000 0.000000 0.000000 0.000000
25.000000 3.000000 0.000000 0.000000 0.000000
25.000000 4.000000 0.000000 0.000000 0.000000
25.000000 5.000000 0.000000 0.000000 0.000000
25.000000 6.000000 0.000000 0.000000 0.000000
25.000000 7.000000 0.000000 0.000000 0.000000
25.000000 8.000000 0.000000 0.000000 0.000000
25.000000 9.000000 0.000000 0.000000 0.000000
25.000000 10.000000 0.000000 0.000000 0.000000
25.000000 11.000000 0.000000 0.000000 0.000000
25.000000 12.000000 0.000000 0.000000 0.000000
25.000000 13.000000 0.000000 0.000000 0.000000
25.000000 14.000000 0.000000 0.000000 0.000000
25.000000 15.000000 0.000000 0.000000 0.000000
25.000000 16.000000 0.000000 0.000000 0.000000
25.000000 17.000000 0.000000 0.000000 0.000000
25.000000 18.000000 0.000000 0.000000 0.000000
25.000000 19.000000 0.000000 0.000000 0.000000
25.000000 20.000000 0.000000 0.000000 0.000000
25.000000 21.000000 0.000000 0.000000 0.000000
25.000000 22.000000 0.000000 0.000000 0.000000
25.000000 23.000000 0.000000 0.000000 0.000000
25.000000 24.000000 0.000000 0.000000 0.000000
25.000000 25.000000 0.000000 0.000000 0.000000
25.000000 26.000000 0.000000 0.000000 0.000000
25.000000 27.000000 0.000000 0.000000 0.000000
25.000000 28.000000 0.000000 0.000000 0.000000
25.000000 29.000000 0.000000 0.000000 0.000000
25.000000 30.000000 0.000000 0.000000 0.000000
25.000000 31.000000 0.000000 0.000000 0.000000
25.000000 32.000000 0.000000 0.000000 0.000000
25.000000 33.000000 0.000000 0.000000 0.000000
25.000000 34.000000 0.000000 0.000000 0.000000
25.000000 35.000000 0.000000 0.000000 0.000000
25.000000 36.000000 0.000000 0.000000 0.000000
25.000000 37.000000 0.000000 0.000000 0.000000
25.000000 38.000000 0.000000 0.000000 0.000000
25.000000 39.000000 0.000000 0.000000 0.000000
25.000000 40.000000 0.000000 0.000000 0.000000
25.000000 41.000000 0.000000 0.000000 0.000000
25.000000 42.000000 0.000000 0.000000 0.000000
25.000000 43.000000 0.000000 0.000000 0.000000
25.000000 44.000000 0.000000 0.000000 0.000000
25.000000 45.000000 0.000000 0.000000 0.000000
25.000000 46.000000 0.000000 0.000000 0.000000
25.000000 47.000000 0.000000 0.000000 0.000000
25.000000 48.000000 0.000000 0.000000 0.000000
25.000000 49.000000 0.000000 0.000000 0.000000
26.000000 0.000000 0.000000 0.000000 0.000000
26.000000 1.000000 0.000000 0.000000 0.000000
26.000000 2.000000 0.000000 0.000000 0.000000
26.000000 3.000000 0.000000 0.000000 0.000000
26.000000 4.000000 358.000000 186.333328 358.000000
26.000000 5.000000 1890.000000 1253.666626 1890.000000
26.000000 6.000000 2400.000000 2369.000000 2426.000000
26.000000 7.000000 1813.000000 2051.333252 2275.000000
26.000000 8.000000 1010.000000 1263.666626 1529.000000
26.000000 9.000000 447.000000 613.666687 789.000000
26.000000 10.000000 186.000000 262.000000 347.000000
26.000000 11.000000 62.000000 93.666664 130.000000
26.000000 12.000000 20.000000 32.333332 42.000000
26.000000 13.000000 10.000000 11.333333 13.000000
26.000000 14.000000 3.000000 5.000000 8.000000
26.000000 15.000000 0.000000 1.333333 2.000000
26.000000 16.000000 0.000000 0.000000 0.000000
26.000000 17.000000 0.000000 0.000000 0.000000
26.000000 18.000000 0.000000 0.000000 0.000000
26.000000 19.000000 0.000000 0.000000 0.000000
26.000000 20.000000 0.000000 0.000000 0.000000
26.000000 21.000000 0.000000 0.000000 0.000000
26.000000 22.000000 0.000000 0.000000 0.000000
26.000000 23.000000 0.000000 0.000000 0.000000
26.000000 24.000000 0.000000 0.000000 0.000000
26.000000 25.000000 0.000000 0.000000 0.000000
26.000000 26.000000 0.000000 0.000000 0.000000
26.000000 27.000000 0.000000 0.000000 0.000000
26.000000 28.000000 0.000000 0.000000 0.000000
26.000000 29.000000 0.000000 0.000000 0.000000
26.000000 30.000000 0.000000 0.000000 0.000000
26.000000 31.000000 0.000000 0.000000 0.000000
26.000000 32.000000 0.000000 0.000000 0.000000
26.000000 33.000000 0.000000 0.000000 0.000000
26.000000 34.000000 0.000000 0.000000 0.000000
26.000000 35.000000 0.000000 0.000000 0.000000
26.000000 36.000000 0.000000 0.000000 0.000000
26.000000 37.000000 0.000000 0.000000 0.000000
26.000000 38.000000 0.000000 0.000000 0.000000
26.000000 39.000000 0.000000 0.000000 0.000000
26.000000 40.000000 0.000000 0.000000 0.000000
26.000000 41.000000 0.000000 0.000000 0.000000
26.000000 42.000000 0.000000 0.000000 0.000000
26.000000 43.000000 0.000000 0.000000 0.000000
26.000000 44.000000 0.000000 0.000000 0.000000
26.000000 45.000000 0.000000 0.000000 0.000000
26.000000 46.000000 0.000000 0.000000 0.000000
26.000000 47.000000 0.000000 0.000000 0.000000
26.000000 48.000000 0.000000 0.000000 0.000000
26.000000 49.000000 0.000000 0.000000 0.000000
27.000000 0.000000 0.000000 0.000000 0.000000
27.000000 1.000000 0.000000 0.000000 0.000000
27.000000 2.000000 0.000000 0.000000 0.000000
27.000000 3.000000 0.000000 0.000000 0.000000
27.000000 4.000000 0.000000 0.000000 0.000000
27.000000 5.000000 1336.000000 754.333313 1336.000000
27.000000 6.000000 1867.000000 1720.333374 1867.000000
27.000000 7.000000 1643.000000 1774.000000 1857.000000
27.000000 8.000000 1123.000000 1311.666626 1495.000000
27.000000 9.000000 569.000000 731.666687 915.000000
27.000000 10.000000 235.000000 321.000000 420.000000
27.000000 11.000000 88.000000 123.000000 161.000000
27.000000 12.000000 26.000000 42.666668 61.000000
27.000000 13.000000 8.000000 14.000000 22.000000
27.000000 14.000000 4.000000 5.000000 6.000000
27.000000 15.000000 0.000000 1.333333 3.000000
27.000000 16.000000 0.000000 0.000000 0.000000
27.000000 17.000000 0.000000 0.000000 0.000000
27.000000 18.000000 0.000000 0.000000 0.000000
27.000000 19.000000 0.000000 0.000000 0.000000
27.000000 20.000000 0.000000 0.000000 0.000000
27.000000 21.000000 0.000000 0.000000 0.000000
27.000000 22.000000 0.000000 0.000000 0.000000
27.000000 23.000000 0.000000 0.000000 0.000000
27.000000 24.000000 0.000000 0.000000 0.000000
27.000000 25.000000 0.000000 0.000000 0.000000
27.000000 26.000000 0.000000 0.000000 0.000000
27.000000 27.000000 0.000000 0.000000 0.000000
27.000000 28.000000 0.000000 0.000000 0.000000
27.000000 29.000000 0.000000 0.000000 0.000000
27.000000 30.000000 0.000000 0.000000 0.000000
27.000000 31.000000 0.000000 0.000000 0.000000
27.000000 32.000000 0.000000 0.000000 0.000000
27.000000 33.000000 0.000000 0.000000 0.000000
27.000000 34.000000 0.000000 0.000000 0.000000
27.000000 35.000000 0.000000 0.000000 0.000000
27.000000 36.000000 0.000000 0.000000 0.000000
27.000000 37.000000 0.000000 0.000000 0.000000
27.000000 38.000000 0.000000 0.000000 0.000000
27.000000 39.000000 0.000000 0.000000 0.000000
27.000000 40.000000 0.000000 0.000000 0.000000
27.000000 41.000000 0.000000 0.000000 0.000000
27.000000 42.000000 0.000000 0.000000 0.000000
27.000000 43.000000 0.000000 0.000000 0.000000
27.000000 44.000000 0.000000 0.000000 0.000000
27.000000 45.000000 0.000000 0.000000 0.000000
27.000000 46.000000 0.000000 0.000000 0.000000
27.000000 47.000000 0.000000 0.000000 0.000000
27.000000 48.000000 0.000000 0.000000 0.000000
27.000000 49.000000 0.000000 0.000000 0.000000
28.000000 0.000000 0.000000 0.000000 0.000000
28.000000 1.000000 0.000000 0.000000 0.000000
28.000000 2.000000 0.000000 0.000000 0.000000
28.000000 3.000000 0.000000 0.000000 0.000000
28.000000 4.000000 0.000000 0.000000 0.000000
28.000000 5.000000 0.000000 0.000000 0.000000
28.000000 6.000000 0.000000 0.000000 0.000000
28.000000 7.000000 0.000000 0.000000 0.000000
28.000000 8.000000 0.000000 0.000000 0.000000
28.000000 9.000000 0.000000 0.000000 0.000000
28.000000 10.000000 0.000000 0.000000 0.000000
28.000000 11.000000 0.000000 0.000000 0.000000
28.000000 12.000000 0.000000 0.000000 0.000000
28.000000 13.000000 0.000000 0.000000 0.000000
28.000000 14.000000 0.000000 0.000000 0.000000
28.000000 15.000000 0.000000 0.000000 0.000000
28.000000 16.000000 0.000000 0.000000 0.000000
28.000000 17.000000 0.000000 0.000000 0.000000
28.000000 18.000000 0.000000 0.000000 0.000000
28.000000 19.000000 0.000000 0.000000 0.000000
28.000000 20.000000 0.000000 0.000000 0.000000
28.000000 21.000000 0.000000 0.000000 0.000000
28.000000 22.000000 0.000000 0.000000 0.000000
28.000000 23.000000 0.000000 0.000000 0.000000
28.000000 24.000000 0.000000 0.000000 0.000000
28.000000 25.000000 0.000000 0.000000 0.000000
28.000000 26.000000 0.000000 0.000000 0.000000
28.000000 27.000000 0.000000 0.000000 0.000000
28.000000 28.000000 0.000000 0.000000 0.000000
28.000000 29.000000 0.000000 0.000000 0.000000
28.000000 30.000000 0.000000 0.000000 0.000000
28.000000 31.000000 0.000000 0.000000 0.000000
28.000000 32.000000 0.000000 0.000000 0.000000
28.000000 33.000000 0.000000 0.000000 0.000000
28.000000 34.000000 0.000000 0.000000 0.000000
28.000000 35.000000 0.000000 0.000000 0.000000
28.000000 36.000000 0.000000 0.000000 0.000000
28.000000 37.000000 0.000000 0.000000 0.000000
28.000000 38.000000 0.000000 0.000000 0.000000
28.000000 39.000000 0.000000 0.000000 0.000000
28.000000 40.000000 0.000000 0.000000 0.000000
28.000000 41.000000 0.000000 0.000000 0.000000
28.000000 42.000000 0.000000 0.000000 0.000000
28.000000 43.000000 0.000000 0.000000 0.000000
28.000000 44.000000 0.000000 0.000000 0.000000
28.000000 45.000000 0.000000 0.000000 0.000000
28.000000 46.000000 0.000000 0.000000 0.000000
28.000000 47.000000 0.000000 0.000000 0.000000
28.000000 48.000000 0.000000 0.000000 0.000000
28.000000 49.000000 0.000000 0.000000 0.000000
29.000000 0.000000 0.000000 0.000000 0.000000
29.000000 1.000000 0.000000 0.000000 0.000000
29.000000 2.000000 0.000000 0.000000 0.000000
29.000000 3.000000 0.000000 0.000000 0.000000
29.000000 4.000000 0.000000 0.000000 0.000000
29.000000 5.000000 0.000000 0.000000 0.000000
29.000000 6.000000 0.000000 0.000000 0.000000
29.000000 7.000000 0.000000 0.000000 0.000000
29.000000 8.000000 0.000000 0.000000 0.000000
29.000000 9.000000 0.000000 0.000000 0.000000
29.000000 10.000000 0.000000 0.000000 0.000000
29.000000 11.000000 0.000000 0.000000 0.000000
29.000000 12.000000 0.000000 0.000000 0.000000
29.000000 13.000000 0.000000 0.000000 0.000000
29.000000 14.000000 0.000000 0.000000 0.000000
29.000000 15.000000 0.000000 0.000000 0.000000
29.000000 16.000000 0.000000 0.000000 0.000000
29.000000 17.000000 0.000000 0.000000 0.000000
29.000000 18.000000 0.000000 0.000000 0.000000
29.000000 19.000000 0.000000 0.000000 0.000000
29.000000 20.000000 0.000000 0.000000 0.000000
29.000000 21.000000 0.000000 0.000000 0.000000
29.000000 22.000000 0.000000 0.000000 0.000000
29.000000 23.000000 0.000000 0.000000 0.000000
29.000000 24.000000 0.000000 0.000000 0.000000
29.000000 25.000000 0.000000 0.000000 0.000000
29.000000 26.000000 0.000000 0.000000 0.000000
29.000000 27.000000 0.000000 0.000000 0.000000
29.000000 28.000000 0.000000 0.000000 0.000000
29.000000 29.000000 0.000000 0.000000 0.000000
29.000000 30.000000 0.000000 0.000000 0.000000
29.000000 31.000000 0.000000 0.000000 0.000000
29.000000 32.000000 0.000000 0.000000 0.000000
29.000000 33.000000 0.000000 0.000000 0.000000
29.000000 34.000000 0.000000 0.000000 0.000000
29.000000 35.000000 0.000000 0.000000 0.000000
29.000000 36.000000 0.000000 0.000000 0.000000
29.000000 37.000000 0.000000 0.000000 0.000000
29.000000 38.000000 0.000000 0.000000 0.000000
29.000000 39.000000 0.000000 0.000000 0.000000
29.000000 40.000000 0.000000 0.000000 0.000000
29.000000 41.000000 0.000000 0.000000 0.000000
29.000000 42.000000 0.000000 0.000000 0.000000
29.000000 43.000000 0.000000 0.000000 0.000000
29.000000 44.000000 0.000000 0.000000 0.000000
29.000000 45.000000 0.000000 0.000000 0.000000
29.000000 46.000000 0.000000 0.000000 0.000000
29.000000 47.000000 0.000000 0.000000 0.000000
29.000000 48.000000 0.000000 0.000000 0.000000
29.000000 49.000000 0.000000 0.000000 0.000000
30.000000 0.000000 0.000000 0.000000 0.000000
30.000000 1.000000 0.000000 0.000000 0.000000
30.000000 2.000000 0.000000 0.000000 0.000000
30.000000 3.000000 0.000000 0.000000 0.000000
30.000000 4.000000 0.000000 0.000000 0.000000
30.000000 5.000000 0.000000 0.000000 0.000000
30.000000 6.000000 0.000000 0.000000 0.000000
30.000000 7.000000 0.000000 0.000000 0.000000
30.000000 8.000000 0.000000 0.000000 0.000000
30.000000 9.000000 0.000000 0.000000 0.000000
30.000000 10.000000 0.000000 0.000000 0.000000
30.000000 11.000000 0.000000 0.000000 0.000000
30.000000 12.000000 0.000000 0.000000 0.000000
30.000000 13.000000 0.000000 0.000000 0.000000
30.000000 14.000000 0.000000 0.000000 0.000000
30.000000 15.000000 0.000000 0.000000 0.000000
30.000000 16.000000 0.000000 0.000000 0.000000
30.000000 17.000000 0.000000 0.000000 0.000000
30.000000 18.000000 0.000000 0.000000 0.000000
30.000000 19.000000 0.000000 0.000000 0.000000
30.000000 20.000000 0.000000 0.000000 0.000000
30.000000 21.000000 0.000000 0.000000 0.000000
30.000000 22.000000 0.000000 0.000000 0.000000
30.000000 23.000000 0.000000 0.000000 0.000000
30.000000 24.000000 0.000000 0.000000 0.000000
30.000000 25.000000 0.000000 0.000000 0.000000
30.000000 26.000000 0.000000 0.000000 0.000000
30.000000 27.000000 0.000000 0.000000 0.000000
30.000000 28.000000 0.000000 0.000000 0.000000
30.000000 29.000000 0.000000 0.000000 0.000000
30.000000 30.000000 0.000000 0.000000 0.000000
30.000000 31.000000 0.000000 0.000000 0.000000
30.000000 32.000000 0.000000 0.000000 0.000000
30.000000 33.000000 0.000000 0.000000 0.000000
30.000000 34.000000 0.000000 0.000000 0.000000
30.000000 35.000000 0.000000 0.000000 0.000000
30.000000 36.000000 0.000000 0.000000 0.000000
30.000000 37.000000 0.000000 0.000000 0.000000
30.000000 38.000000 0.000000 0.000000 0.000000
30.000000 39.000000 0.000000 0.000000 0.000000
30.000000 40.000000 0.000000 0.000000 0.000000
30.000000 41.000000 0.000000 0.000000 0.000000
30.000000 42.000000 0.000000 0.000000 0.000000
30.000000 43.000000 0.000000 0.000000 0.000000
30.000000 44.000000 0.000000 0.000000 0.000000
30.000000 45.000000 0.000000 0.000000 0.000000
30.000000 46.000000 0.000000 0.000000 0.000000
30.000000 47.000000 0.000000 0.000000 0.000000
30.000000 48.000000 0.000000 0.000000 0.000000
30.000000 49.000000 0.000000 0.000000 0.000000
31.000000 0.000000 0.000000 0.000000 0.000000
31.000000 1.000000 0.000000 0.000000 0.000000
31.000000 2.000000 0.000000 0.000000 0.000000
31.000000 3.000000 0.000000 0.000000 0.000000
31.000000 4.000000 0.000000 0.000000 0.000000
31.000000 5.000000 0.000000 0.000000 0.000000
31.000000 6.000000 0.000000 0.000000 0.000000
31.000000 7.000000 0.000000 0.000000 0.000000
31.000000 8.000000 0.000000 0.000000 0.000000
31.000000 9.000000 0.000000 0.000000 0.000000
31.000000 10.000000 0.000000 0.000000 0.000000
31.000000 11.000000 0.000000 0.000000 0.000000
31.000000 12.000000 0.000000 0.000000 0.000000
31.000000 13.000000 0.000000 0.000000 0.000000
31.000000 14.000000 0.000000 0.000000 0.000000
31.000000 15.000000 0.000000 0.000000 0.000000
31.000000 16.000000 0.000000 0.000000 0.000000
31.000000 17.000000 0.000000 0.000000 0.000000
31.000000 18.000000 0.000000 0.000000 0.000000
31.000000 19.000000 0.000000 0.000000 0.000000
31.000000 20.000000 0.000000 0.000000 0.000000
31.000000 21.000000 0.000000 0.000000 0.000000
31.000000 22.000000 0.000000 0.000000 0.000000
31.000000 23.000000 0.000000 0.000000 0.000000
31.000000 24.000000 0.000000 0.000000 0.000000
31.000000 25.000000 0.000000 0.000000 0.000000
31.000000 26.000000 0.000000 0.000000 0.000000
31.000000 27.000000 0.000000 0.000000 0.000000
31.000000 28.000000 0.000000 0.000000 0.000000
31.000000 29.000000 0.000000 0.000000 0.000000
31.000000 30.000000 0.000000 0.000000 0.000000
31.000000 31.000000 0.000000 0.000000 0.000000
31.000000 32.000000 0.000000 0.000000 0.000000
31.000000 33.000000 0.000000 0.000000 0.000000
31.000000 34.000000 0.000000 0.000000 0.000000
31.000000 35.000000 0.000000 0.000000 0.000000
31.000000 36.000000 0.000000 0.000000 0.000000
31.000000 37.000000 0.000000 0.000000 0.000000
31.000000 38.000000 0.000000 0.000000 0.000000
31.000000 39.000000 0.000000 0.000000 0.000000
31.000000 40.000000 0.000000 0.000000 0.000000
31.000000 41.000000 0.000000 0.000000 0.000000
31.000000 42.000000 0.000000 0.000000 0.000000
31.000000 43.000000 0.000000 0.000000 0.000000
31.000000 44.000000 0.000000 0.000000 0.000000
31.000000 45.000000 0.000000 0.000000 0.000000
31.000000 46.000000 0.000000 0.000000 0.000000
31.000000 47.000000 0.000000 0.000000 0.000000
31.000000 48.000000 0.000000 0.000000 0.000000
31.000000 49.000000 0.000000 0.000000 0.000000
32.000000 0.000000 0.000000 0.000000 0.000000
32.000000 1.000000 0.000000 0.000000 0.000000
32.000000 2.000000 0.000000 0.000000 0.000000
32.000000 3.000000 0.000000 0.000000 0.000000
32.000000 4.000000 0.000000 0.000000 0.000000
32.000000 5.000000 0.000000 0.000000 0.000000
32.000000 6.000000 0.000000 0.000000 0.000000
32.000000 7.000000 0.000000 0.000000 0.000000
32.000000 8.000000 0.000000 0.000000 0.000000
32.000000 9.000000 0.000000 0.000000 0.000000
32.000000 10.000000 0.000000 0.000000 0.000000
32.000000 11.000000 0.000000 0.000000 0.000000
32.000000 12.000000 0.000000 0.000000 0.000000
32.000000 13.000000 0.000000 0.000000 0.000000
32.000000 14.000000 0.000000 0.000000 0.000000
32.000000 15.000000 0.000000 0.000000 0.000000
32.000000 16.000000 0.000000 0.000000 0.000000
32.000000 17.000000 0.000000 0.000000 0.000000
32.000000 18.000000 0.000000 0.000000 0.000000
32.000000 19.000000 0.000000 0.000000 0.000000
32.000000 20.000000 0.000000 0.000000 0.000000
32.000000 21.000000 0.000000 0.000000 0.000000
32.000000 22.000000 0.000000 0.000000 0.000000
32.000000 23.000000 0.000000 0.000000 0.000000
32.000000 24.000000 0.000000 0.000000 0.000000
32.000000 25.000000 0.000000 0.000000 0.000000
32.000000 26.000000 0.000000 0.000000 0.000000
32.000000 27.000000 0.000000 0.000000 0.000000
32.000000 28.000000 0.000000 0.000000 0.000000
32.000000 29.000000 0.000000 0.000000 0.000000
32.000000 30.000000 0.000000 0.000000 0.000000
32.000000 31.000000 0.000000 0.000000 0.000000
32.000000 32.000000 0.000000 0.000000 0.000000
32.000000 33.000000 0.000000 0.000000 0.000000
32.000000 34.000000 0.000000 0.000000 0.000000
32.000000 35.000000 0.000000 0.000000 0.000000
32.000000 36.000000 0.000000 0.000000 0.000000
32.000000 37.000000 0.000000 0.000000 0.000000
32.000000 38.000000 0.000000 0.000000 0.000000
32.000000 39.000000 0.000000 0.000000 0.000000
32.000000 40.000000 0.000000 0.000000 0.000000
32.000000 41.000000 0.000000 0.000000 0.000000
32.000000 42.000000 0.000000 0.000000 0.000000
32.000000 43.000000 0.000000 0.000000 0.000000
32.000000 44.000000 0.000000 0.000000 0.000000
32.000000 45.000000 0.000000 0.000000 0.000000
32.000000 46.000000 0.000000 0.000000 0.000000
32.000000 47.000000 0.000000 0.000000 0.000000
32.000000 48.000000 0.000000 0.000000 0.000000
32.000000 49.000000 0.000000 0.000000 0.000000
33.000000 0.000000 0.000000 0.000000 0.000000
33.000000 1.000000 0.000000 0.000000 0.000000
33.000000 2.000000 0.000000 0.000000 0.000000
33.000000 3.000000 0.000000 0.000000 0.000000
33.000000 4.000000 0.000000 0.000000 0.000000
33.000000 5.000000 0.000000 0.000000 0.000000
33.000000 6.000000 0.000000 0.000000 0.000000
33.000000 7.000000 0.000000 0.000000 0.000000
33.000000 8.000000 0.000000 0.000000 0.000000
33.000000 9.000000 0.000000 0.000000 0.000000
33.000000 10.000000 0.000000 0.000000 0.000000
33.000000 11.000000 0.000000 0.000000 0.000000
33.000000 12.000000 0.000000 0.000000 0.000000
33.000000 13.000000 0.000000 0.000000 0.000000
33.000000 14.000000 0.000000 0.000000 0.000000
33.000000 15.000000 0.000000 0.000000 0.000000
33.000000 16.000000 0.000000 0.000000 0.000000
33.000000 17.000000 0.000000 0.000000 0.000000
33.000000 18.000000 0.000000 0.000000 0.000000
33.000000 19.000000 0.000000 0.000000 0.000000
33.000000 20.000000 0.000000 0.000000 0.000000
33.000000 21.000000 0.000000 0.000000 0.000000
33.000000 22.000000 0.000000 0.000000 0.000000
33.000000 23.000000 0.000000 0.000000 0.000000
33.000000 24.000000 0.000000 0.000000 0.000000
33.000000 25.000000 0.000000 0.000000 0.000000
33.000000 26.000000 0.000000 0.000000 0.000000
33.000000 27.000000 0.000000 0.000000 0.000000
33.000000 28.000000 0.000000 0.000000 0.000000
33.000000 29.000000 0.000000 0.000000 0.000000
33.000000 30.000000 0.000000 0.000000 0.000000
33.000000 31.000000 0.000000 0.000000 0.000000
33.000000 32.000000 0.000000 0.000000 0.000000
33.000000 33.000000 0.000000 0.000000 0.000000
33.000000 34.000000 0.000000 0.000000 0.000000
33.000000 35.000000 0.000000 0.000000 0.000000
33.000000 36.000000 0.000000 0.000000 0.000000
33.000000 37.000000 0.000000 0.000000 0.000000
33.000000 38.000000 0.000000 0.000000 0.000000
33.000000 39.000000 0.000000 0.000000 0.000000
33.000000 40.000000 0.000000 0.000000 0.000000
33.000000 41.000000 0.000000 0.000000 0.000000
33.000000 42.000000 0.000000 0.000000 0.000000
33.000000 43.000000 0.000000 0.000000 0.000000
33.000000 44.000000 0.000000 0.000000 0.000000
33.000000 45.000000 0.000000 0.000000 0.000000
33.000000 46.000000 0.000000 0.000000 0.000000
33.000000 47.000000 0.000000 0.000000 0.000000
33.000000 48.000000 0.000000 0.000000 0.000000
33.000000 49.000000 0.000000 0.000000 0.000000
34.000000 0.000000 0.000000 0.000000 0.000000
34.000000 1.000000 0.000000 0.000000 0.000000
34.000000 2.000000 0.000000 0.000000 0.000000
34.000000 3.000000 0.000000 0.000000 0.000000
34.000000 4.000000 0.000000 0.000000 0.000000
34.000000 5.000000 0.000000 0.000000 0.000000
34.000000 6.000000 1689.000000 912.333313 1689.000000
34.000000 7.000000 2233.000000 2149.666748 2235.000000
34.000000 8.000000 1798.000000 1989.333374 2145.000000
34.000000 9.000000 1042.000000 1289.000000 1542.000000
34.000000 10.000000 462.000000 629.333313 804.000000
34.000000 11.000000 194.000000 268.333344 352.000000
34.000000 12.000000 74.000000 105.000000 146.000000
34.000000 13.000000 31.000000 46.000000 58.000000
34.000000 14.000000 9.000000 15.000000 21.000000
34.000000 15.000000 4.000000 5.666667 8.000000
34.000000 16.000000 3.000000 3.000000 3.000000
34.000000 17.000000 0.000000 1.333333 3.000000
34.000000 18.000000 0.000000 0.000000 0.000000
34.000000 19.000000 0.000000 0.000000 0.000000
34.000000 20.000000 0.000000 0.000000 0.000000
34.000000 21.000000 0.000000 0.000000 0.000000
34.000000 22.000000 0.000000 0.000000 0.000000
34.000000 23.000000 0.000000 0.000000 0.000000
34.000000 24.000000 0.000000 0.000000 0.000000
34.000000 25.000000 0.000000 0.000000 0.000000
34.000000 26.000000 0.000000 0.000000 0.000000
34.000000 27.000000 0.000000 0.000000 0.000000
34.000000 28.000000 0.000000 0.000000 0.000000
34.000000 29.000000 0.000000 0.000000 0.000000
34.000000 30.000000 0.000000 0.000000 0.000000
34.000000 31.000000 0.000000 0.000000 0.000000
34.000000 32.000000 0.000000 0.000000 0.000000
34.000000 33.000000 0.000000 0.000000 0.000000
34.000000 34.000000 0.000000 0.000000 0.000000
34.000000 35.000000 0.000000 0.000000 0.000000
34.000000 36.000000 0.000000 0.000000 0.000000
34.000000 37.000000 0.000000 0.000000 0.000000
34.000000 38.000000 0.000000 0.000000 0.000000
34.000000 39.000000 0.000000 0.000000 0.000000
34.000000 40.000000 0.000000 0.000000 0.000000
34.000000 41.000000 0.000000 0.000000 0.000000
34.000000 42.000000 0.000000 0.000000 0.000000
34.000000 43.000000 0.000000 0.000000 0.000000
34.000000 44.000000 0.000000 0.000000 0.000000
34.000000 45.000000 0.000000 0.000000 0.000000
34.000000 46.000000 0.000000 0.000000 0.000000
34.000000 47.000000 0.000000 0.000000 0.000000
34.000000 48.000000 0.000000 0.000000 0.000000
34.000000 49.000000 0.000000 0.000000 0.000000
35.000000 0.000000 0.000000 0.000000 0.000000
35.000000 1.000000 0.000000 0.000000 0.000000
35.000000 2.000000 0.000000 0.000000 0.000000
35.000000 3.000000 0.000000 0.000000 0.000000
35.000000 4.000000 0.000000 0.000000 0.000000
35.000000 5.000000 0.000000 0.000000 0.000000
35.000000 6.000000 0.000000 0.000000 0.000000
35.000000 7.000000 0.000000 0.000000 0.000000
35.000000 8.000000 0.000000 0.000000 0.000000
35.000000 9.000000 0.000000 0.000000 0.000000
35.000000 10.000000 0.000000 0.000000 0.000000
35.000000 11.000000 0.000000 0.000000 0.000000
35.000000 12.000000 0.000000 0.000000 0.000000
35.000000 13.000000 0.000000 0.000000 0.000000
35.000000 14.000000 0.000000 0.000000 0.000000
35.000000 15.000000 0.000000 0.000000 0.000000
35.000000 16.000000 0.000000 0.000000 0.000000
35.000000 17.000000 0.000000 0.000000 0.000000
35.000000 18.000000 0.000000 0.000000 0.000000
35.000000 19.000000 0.000000 0.000000 0.000000
35.000000 20.000000 0.000000 0.000000 0.000000
35.000000 21.000000 0.000000 0.000000 0.000000
35.000000 22.000000 0.000000 0.000000 0.000000
35.000000 23.000000 0.000000 0.000000 0.000000
35.000000 24.000000 0.000000 0.000000 0.000000
35.000000 25.000000 0.000000 0.000000 0.000000
35.000000 26.000000 0.000000 0.000000 0.000000
35.000000 27.000000 0.000000 0.000000 0.000000
35.000000 28.000000 0.000000 0.000000 0.000000
35.000000 29.000000 0.000000 0.000000 0.000000
35.000000 30.000000 0.000000 0.000000 0.000000
35.000000 31.000000 0.000000 0.000000 0.000000
35.000000 32.000000 0.000000 0.000000 0.000000
35.000000 33.000000 0.000000 0.000000 0.000000
35.000000 34.000000 0.000000 0.000000 0.000000
35.000000 35.000000 0.000000 0.000000 0.000000
35.000000 36.000000 0.000000 0.000000 0.000000
35.000000 37.000000 0.000000 0.000000 0.000000
35.000000 38.000000 0.000000 0.000000 0.000000
35.000000 39.000000 0.000000 0.000000 0.000000
35.000000 40.000000 0.000000 0.000000 0.000000
35.000000 41.000000 0.000000 0.000000 0.000000
35.000000 42.000000 0.000000 0.000000 0.000000
35.000000 43.000000 0.000000 0.000000 0.000000
35.000000 44.000000 0.000000 0.000000 0.000000
35.000000 45.000000 0.000000 0.000000 0.000000
35.000000 46.000000 0.000000 0.000000 0.000000
35.000000 47.000000 0.000000 0.000000 0.000000
35.000000 48.000000 0.000000 0.000000 0.000000
35.000000 49.000000 0.000000 0.000000 0.000000
36.000000 0.000000 0.000000 0.000000 0.000000
36.000000 1.000000 0.000000 0.000000 0.000000
36.000000 2.000000 0.000000 0.000000 0.000000
36.000000 3.000000 0.000000 0.000000 0.000000
36.000000 4.000000 0.000000 0.000000 0.000000
36.000000 5.000000 0.000000 0.000000 0.000000
36.000000 6.000000 0.000000 0.000000 0.000000
36.000000 7.000000 0.000000 0.000000 0.000000
36.000000 8.000000 0.000000 0.000000 0.000000
36.000000 9.000000 0.000000 0.000000 0.000000
36.000000 10.000000 0.000000 0.000000 0.000000
36.000000 11.000000 0.000000 0.000000 0.000000
36.000000 12.000000 0.000000 0.000000 0.000000
36.000000 13.000000 0.000000 0.000000 0.000000
36.000000 14.000000 0.000000 0.000000 0.000000
36.000000 15.000000 0.000000 0.000000 0.000000
36.000000 16.000000 0.000000 0.000000 0.000000
36.000000 17.000000 0.000000 0.000000 0.000000
36.000000 18.000000 0.000000 0.000000 0.000000
36.000000 19.000000 0.000000 0.000000 0.000000
36.000000 20.000000 0.000000 0.000000 0.000000
36.000000 21.000000 0.000000 0.000000 0.000000
36.000000 22.000000 0.000000 0.000000 0.000000
36.000000 23.000000 0.000000 0.000000 0.000000
36.000000 24.000000 0.000000 0.000000 0.000000
36.000000 25.000000 0.000000 0.000000 0.000000
36.000000 26.000000 0.000000 0.000000 0.000000
36.000000 27.000000 0.000000 0.000000 0.000000
36.000000 28.000000 0.000000 0.000000 0.000000
36.000000 29.000000 0.000000 0.000000 0.000000
36.000000 30.000000 0.000000 0.000000 0.000000
36.000000 31.000000 0.000000 0.000000 0.000000
36.000000 32.000000 0.000000 0.000000 0.000000
36.000000 33.000000 0.000000 0.000000 0.000000
36.000000 34.000000 0.000000 0.000000 0.000000
36.000000 35.000000 0.000000 0.000000 0.000000
36.000000 36.000000 0.000000 0.000000 0.000000
36.000000 37.000000 0.000000 0.000000 0.000000
36.000000 38.000000 0.000000 0.000000 0.000000
36.000000 39.000000 0.000000 0.000000 0.000000
36.000000 40.000000 0.000000 0.000000 0.000000
36.000000 41.000000 0.000000 0.000000 0.000000
36.000000 42.000000 0.000000 0.000000 0.000000
36.000000 43.000000 0.000000 0.000000 0.000000
36.000000 44.000000 0.000000 0.000000 0.000000
36.000000 45.000000 0.000000 0.000000 0.000000
36.000000 46.000000 0.000000 0.000000 0.000000
36.000000 47.000000 0.000000 0.000000 0.000000
36.000000 48.000000 0.000000 0.000000 0.000000
36.000000 49.000000 0.000000 0.000000 0.000000
37.000000 0.000000 0.000000 0.000000 0.000000
37.000000 1.000000 0.000000 0.000000 0.000000
37.000000 2.000000 0.000000 0.000000 0.000000
37.000000 3.000000 0.000000 0.000000 0.000000
37.000000 4.000000 110.000000 56.666668 110.000000
37.000000 5.000000 1700.000000 989.000000 1700.000000
37.000000 6.000000 2212.000000 2149.666748 2212.000000
37.000000 7.000000 1692.000000 1911.666626 2085.000000
37.000000 8.000000 1007.000000 1231.666626 1460.000000
37.000000 9.000000 460.000000 619.000000 793.000000
37.000000 10.000000 196.000000 259.666656 327.000000
37.000000 11.000000 70.000000 110.333336 148.000000
37.000000 12.000000 19.000000 29.333334 43.000000
37.000000 13.000000 7.000000 11.666667 17.000000
37.000000 14.000000 1.000000 2.333333 4.000000
37.000000 15.000000 1.000000 1.000000 1.000000
37.000000 16.000000 0.000000 0.666667 1.000000
37.000000 17.000000 0.000000 0.000000 0.000000
37.000000 18.000000 0.000000 0.000000 0.000000
37.000000 19.000000 0.000000 0.000000 0.000000
37.000000 20.000000 0.000000 0.000000 0.000000
37.000000 21.000000 0.000000 0.000000 0.000000
37.000000 22.000000 0.000000 0.000000 0.000000
37.000000 23.000000 0.000000 0.000000 0.000000
37.000000 24.000000 0.000000 0.000000 0.000000
37.000000 25.000000 0.000000 0.000000 0.000000
37.000000 26.000000 0.000000 0.000000 0.000000
37.000000 27.000000 0.000000 0.000000 0.000000
37.000000 28.000000 0.000000 0.000000 0.000000
37.000000 29.000000 0.000000 0.000000 0.000000
37.000000 30.000000 0.000000 0.000000 0.000000
37.000000 31.000000 0.000000 0.000000 0.000000
37.000000 32.000000 0.000000 0.000000 0.000000
37.000000 33.000000 0.000000 0.000000 0.000000
37.000000 34.000000 0.000000 0.000000 0.000000
37.000000 35.000000 0.000000 0.000000 0.000000
37.000000 36.000000 0.000000 0.000000 0.000000
37.000000 37.000000 0.000000 0.000000 0.000000
37.000000 38.000000 0.000000 0.000000 0.000000
37.000000 39.000000 0.000000 0.000000 0.000000
37.000000 40.000000 0.000000 0.000000 0.000000
37.000000 41.000000 0.000000 0.000000 0.000000
37.000000 42.000000 0.000000 0.000000 0.000000
37.000000 43.000000 0.000000 0.000000 0.000000
37.000000 44.000000 0.000000 0.000000 0.000000
37.000000 45.000000 0.000000 0.000000 0.000000
37.000000 46.000000 0.000000 0.000000 0.000000
37.000000 47.000000 0.000000 0.000000 0.000000
37.000000 48.000000 0.000000 0.000000 0.000000
37.000000 49.000000 0.000000 0.000000 0.000000
38.000000 0.000000 0.000000 0.000000 0.000000
38.000000 1.000000 0.000000 0.000000 0.000000
38.000000 2.000000 0.000000 0.000000 0.000000
38.000000 3.000000 0.000000 0.000000 0.000000
38.000000 4.000000 0.000000 0.000000 0.000000
38.000000 5.000000 0.000000 0.000000 0.000000
38.000000 6.000000 0.000000 0.000000 0.000000
38.000000 7.000000 0.000000 0.000000 0.000000
38.000000 8.000000 0.000000 0.000000 0.000000
38.000000 9.000000 0.000000 0.000000 0.000000
38.000000 10.000000 0.000000 0.000000 0.000000
38.000000 11.000000 0.000000 0.000000 0.000000
38.000000 12.000000 0.000000 0.000000 0.000000
38.000000 13.000000 0.000000 0.000000 0.000000
38.000000 14.000000 0.000000 0.000000 0.000000
38.000000 15.000000 0.000000 0.000000 0.000000
38.000000 16.000000 0.000000 0.000000 0.000000
38.000000 17.000000 0.000000 0.000000 0.000000
38.000000 18.000000 0.000000 0.000000 0.000000
38.000000 19.000000 0.000000 0.000000 0.000000
38.000000 20.000000 0.000000 0.000000 0.000000
38.000000 21.000000 0.000000 0.000000 0.000000
38.000000 22.000000 0.000000 0.000000 0.000000
38.000000 23.000000 0.000000 0.000000 0.000000
38.000000 24.000000 0.000000 0.000000 0.000000
38.000000 25.000000 0.000000 0.000000 0.000000
38.000000 26.000000 0.000000 0.000000 0.000000
38.000000 27.000000 0.000000 0.000000 0.000000
38.000000 28.000000 0.000000 0.000000 0.000000
38.000000 29.000000 0.000000 0.000000 0.000000
38.000000 30.000000 0.000000 0.000000 0.000000
38.000000 31.000000 0.000000 0.000000 0.000000
38.000000 32.000000 0.000000 0.000000 0.000000
38.000000 33.000000 0.000000 0.000000 0.000000
38.000000 34.000000 0.000000 0.000000 0.000000
38.000000 35.000000 0.000000 0.000000 0.000000
38.000000 36.000000 0.000000 0.000000 0.000000
38.000000 37.000000 0.000000 0.000000 0.000000
38.000000 38.000000 0.000000 0.000000 0.000000
38.000000 39.000000 0.000000 0.000000 0.000000
38.000000 40.000000 0.000000 0.000000 0.000000
38.000000 41.000000 0.000000 0.000000 0.000000
38.000000 42.000000 0.000000 0.000000 0.000000
38.000000 43.000000 0.000000 0.000000 0.000000
38.000000 44.000000 0.000000 0.000000 0.000000
38.000000 45.000000 0.000000 0.000000 0.000000
38.000000 46.000000 0.000000 0.000000 0.000000
38.000000 47.000000 0.000000 0.000000 0.000000
38.000000 48.000000 0.000000 0.000000 0.000000
38.000000 49.000000 0.000000 0.000000 0.000000
39.000000 0.000000 0.000000 0.000000 0.000000
39.000000 1.000000 0.000000 0.000000 0.000000
39.000000 2.000000 0.000000 0.000000 0.000000
39.000000 3.000000 0.000000 0.000000 0.000000
39.000000 4.000000 0.000000 0.000000 0.000000
39.000000 5.000000 0.000000 0.000000 0.000000
39.000000 6.000000 0.000000 0.000000 0.000000
39.000000 7.000000 0.000000 0.000000 0.000000
39.000000 8.000000 0.000000 0.000000 0.000000
39.000000 9.000000 0.000000 0.000000 0.000000
39.000000 10.000000 0.000000 0.000000 0.000000
39.000000 11.000000 0.000000 0.000000 0.000000
39.000000 12.000000 0.000000 0.000000 0.000000
39.000000 13.000000 0.000000 0.000000 0.000000
39.000000 14.000000 0.000000 0.000000 0.000000
39.000000 15.000000 0.000000 0.000000 0.000000
39.000000 16.000000 0.000000 0.000000 0.000000
39.000000 17.000000 0.000000 0.000000 0.000000
39.000000 18.000000 0.000000 0.000000 0.000000
39.000000 19.000000 0.000000 0.000000 0.000000
39.000000 20.000000 0.000000 0.000000 0.000000
39.000000 21.000000 0.000000 0.000000 0.000000
39.000000 22.000000 0.000000 0.000000 0.000000
39.000000 23.000000 0.000000 0.000000 0.000000
39.000000 24.000000 0.000000 0.000000 0.000000
39.000000 25.000000 0.000000 0.000000 0.000000
39.000000 26.000000 0.000000 0.000000 0.000000
39.000000 27.000000 0.000000 0.000000 0.000000
39.000000 28.000000 0.000000 0.000000 0.000000
39.000000 29.000000 0.000000 0.000000 0.000000
39.000000 30.000000 0.000000 0.000000 0.000000
39.000000 31.000000 0.000000 0.000000 0.000000
39.000000 32.000000 0.000000 0.000000 0.000000
39.000000 33.000000 0.000000 0.000000 0.000000
39.000000 34.000000 0.000000 0.000000 0.000000
39.000000 35.000000 0.000000 0.000000 0.000000
39.000000 36.000000 0.000000 0.000000 0.000000
39.000000 37.000000 0.000000 0.000000 0.000000
39.000000 38.000000 0.000000 0.000000 0.000000
39.000000 39.000000 0.000000 0.000000 0.000000
39.000000 40.000000 0.000000 0.000000 0.000000
39.000000 41.000000 0.000000 0.000000 0.000000
39.000000 42.000000 0.000000 0.000000 0.000000
39.000000 43.000000 0.000000 0.000000 0.000000
39.000000 44.000000 0.000000 0.000000 0.000000
39.000000 45.000000 0.000000 0.000000 0.000000
39.000000 46.000000 0.000000 0.000000 0.000000
39.000000 47.000000 0.000000 0.000000 0.000000
39.000000 48.000000 0.000000 0.000000 0.000000
39.000000 49.000000 0.000000 0.000000 0.000000
40.000000 0.000000 0.000000 0.000000 0.000000
40.000000 1.000000 0.000000 0.000000 0.000000
40.000000 2.000000 0.000000 0.000000 0.000000
40.000000 3.000000 0.000000 0.000000 0.000000
40.000000 4.000000 0.000000 0.000000 0.000000
40.000000 5.000000 1891.000000 1035.666626 1891.000000
40.000000 6.000000 2437.000000 2304.000000 2437.000000
40.000000 7.000000 2079.000000 2252.333252 2403.000000
40.000000 8.000000 1273.000000 1531.666626 1791.000000
40.000000 9.000000 649.000000 849.666687 1061.000000
40.000000 10.000000 294.000000 401.333344 512.000000
40.000000 11.000000 107.000000 156.666672 208.000000
40.000000 12.000000 34.000000 50.666668 71.000000
40.000000 13.000000 10.000000 15.333333 23.000000
40.000000 14.000000 2.000000 3.666667 6.000000
40.000000 15.000000 0.000000 0.666667 1.000000
40.000000 16.000000 0.000000 0.000000 0.000000
40.000000 17.000000 0.000000 0.000000 0.000000
40.000000 18.000000 0.000000 0.000000 0.000000
40.000000 19.000000 0.000000 0.000000 0.000000
40.000000 20.000000 0.000000 0.000000 0.000000
40.000000 21.000000 0.000000 0.000000 0.000000
40.000000 22.000000 0.000000 0.000000 0.000000
40.000000 23.000000 0.000000 0.000000 0.000000
40.000000 24.000000 0.000000 0.000000 0.000000
40.000000 25.000000 0.000000 0.000000 0.000000
40.000000 26.000000 0.000000 0.000000 0.000000
40.000000 27.000000 0.000000 0.000000 0.000000
40.000000 28.000000 0.000000 0.000000 0.000000
40.000000 29.000000 0.000000 0.000000 0.000000
40.000000 30.000000 0.000000 0.000000 0.000000
40.000000 31.000000 0.000000 0.000000 0.000000
40.000000 32.000000 0.000000 0.000000 0.000000
40.000000 33.000000 0.000000 0.000000 0.000000
40.000000 34.000000 0.000000 0.000000 0.000000
40.000000 35.000000 0.000000 0.000000 0.000000
40.000000 36.000000 0.000000 0.000000 0.000000
40.000000 37.000000 0.000000 0.000000 0.000000
40.000000 38.000000 0.000000 0.000000 0.000000
40.000000 39.000000 0.000000 0.000000 0.000000
40.000000 40.000000 0.000000 0.000000 0.000000
40.000000 41.000000 0.000000 0.000000 0.000000
40.000000 42.000000 0.000000 0.000000 0.000000
40.000000 43.000000 0.000000 0.000000 0.000000
40.000000 44.000000 0.000000 0.000000 0.000000
40.000000 45.000000 0.000000 0.000000 0.000000
40.000000 46.000000 0.000000 0.000000 0.000000
40.000000 47.000000 0.000000 0.000000 0.000000
40.000000 48.000000 0.000000 0.000000 0.000000
40.000000 49.000000 0.000000 0.000000 0.000000
41.000000 0.000000 0.000000 0.000000 0.000000
41.000000 1.000000 0.000000 0.000000 0.000000
41.000000 2.000000 0.000000 0.000000 0.000000
41.000000 3.000000 0.000000 0.000000 0.000000
41.000000 4.000000 0.000000 0.000000 0.000000
41.000000 5.000000 0.000000 0.000000 0.000000
41.000000 6.000000 0.000000 0.000000 0.000000
41.000000 7.000000 0.000000 0.000000 0.000000
41.000000 8.000000 0.000000 0.000000 0.000000
41.000000 9.000000 0.000000 0.000000 0.000000
41.000000 10.000000 0.000000 0.000000 0.000000
41.000000 11.000000 0.000000 0.000000 0.000000
41.000000 12.000000 0.000000 0.000000 0.000000
41.000000 13.000000 0.000000 0.000000 0.000000
41.000000 14.000000 0.000000 0.000000 0.000000
41.000000 15.000000 0.000000 0.000000 0.000000
41.000000 16.000000 0.000000 0.000000 0.000000
41.000000 17.000000 0.000000 0.000000 0.000000
41.000000 18.000000 0.000000 0.000000 0.000000
41.000000 19.000000 0.000000 0.000000 0.000000
41.000000 20.000000 0.000000 0.000000 0.000000
41.000000 21.000000 0.000000 0.000000 0.000000
41.000000 22.000000 0.000000 0.000000 0.000000
41.000000 23.000000 0.000000 0.000000 0.000000
41.000000 24.000000 0.000000 0.000000 0.000000
41.000000 25.000000 0.000000 0.000000 0.000000
41.000000 26.000000 0.000000 0.000000 0.000000
41.000000 27.000000 0.000000 0.000000 0.000000
41.000000 28.000000 0.000000 0.000000 0.000000
41.000000 29.000000 0.000000 0.000000 0.000000
41.000000 30.000000 0.000000 0.000000 0.000000
41.000000 31.000000 0.000000 0.000000 0.000000
41.000000 32.000000 0.000000 0.000000 0.000000
41.000000 33.000000 0.000000 0.000000 0.000000
41.000000 34.000000 0.000000 0.000000 0.000000
41.000000 35.000000 0.000000 0.000000 0.000000
41.000000 36.000000 0.000000 0.000000 0.000000
41.000000 37.000000 0.000000 0.000000 0.000000
41.000000 38.000000 0.000000 0.000000 0.000000
41.000000 39.000000 0.000000 0.000000 0.000000
41.000000 40.000000 0.000000 0.000000 0.000000
41.000000 41.000000 0.000000 0.000000 0.000000
41.000000 42.000000 0.000000 0.000000 0.000000
41.000000 43.000000 0.000000 0.000000 0.000000
41.000000 44.000000 0.000000 0.000000 0.000000
41.000000 45.000000 0.000000 0.000000 0.000000
41.000000 46.000000 0.000000 0.000000 0.000000
41.000000 47.000000 0.000000 0.000000 0.000000
41.000000 48.000000 0.000000 0.000000 0.000000
41.000000 49.000000 0.000000 0.000000 0.000000
42.000000 0.000000 0.000000 0.000000 0.000000
42.000000 1.000000 0.000000 0.000000 0.000000
42.000000 2.000000 0.000000 0.000000 0.000000
42.000000 3.000000 0.000000 0.000000 0.000000
42.000000 4.000000 0.000000 0.000000 0.000000
42.000000 5.000000 0.000000 0.000000 0.000000
42.000000 6.000000 1250.000000 714.333313 1250.000000
42.000000 7.000000 1724.000000 1605.333374 1724.000000
42.000000 8.000000 1526.000000 1643.000000 1743.000000
42.000000 9.000000 905.000000 1136.000000 1374.000000
42.000000 10.000000 431.000000 577.000000 737.000000
42.000000 11.000000 181.000000 248.666672 324.000000
42.000000 12.000000 107.000000 116.333336 133.000000
42.000000 13.000000 115.000000 105.666664 117.000000
42.000000 14.000000 146.000000 135.000000 148.000000
42.000000 15.000000 98.000000 121.333336 142.000000
42.000000 16.000000 58.000000 67.000000 75.000000
42.000000 17.000000 26.000000 33.333332 40.000000
42.000000 18.000000 8.000000 13.333333 18.000000
42.000000 19.000000 2.000000 3.000000 5.000000
42.000000 20.000000 0.000000 0.333333 1.000000
42.000000 21.000000 0.000000 0.000000 0.000000
42.000000 22.000000 0.000000 0.000000 0.000000
42.000000 23.000000 0.000000 0.000000 0.000000
42.000000 24.000000 0.000000 0.000000 0.000000
42.000000 25.000000 0.000000 0.000000 0.000000
42.000000 26.000000 0.000000 0.000000 0.000000
42.000000 27.000000 0.000000 0.000000 0.000000
42.000000 28.000000 0.000000 0.000000 0.000000
42.000000 29.000000 0.000000 0.000000 0.000000
42.000000 30.000000 0.000000 0.000000 0.000000
42.000000 31.000000 0.000000 0.000000 0.000000
42.000000 32.000000 0.000000 0.000000 0.000000
42.000000 33.000000 0.000000 0.000000 0.000000
42.000000 34.000000 0.000000 0.000000 0.000000
42.000000 35.000000 0.000000 0.000000 0.000000
42.000000 36.000000 0.000000 0.000000 0.000000
42.000000 37.000000 0.000000 0.000000 0.000000
42.000000 38.000000 0.000000 0.000000 0.000000
42.000000 39.000000 0.000000 0.000000 0.000000
42.000000 40.000000 0.000000 0.000000 0.000000
42.000000 41.000000 0.000000 0.000000 0.000000
42.000000 42.000000 0.000000 0.000000 0.000000
42.000000 43.000000 0.000000 0.000000 0.000000
42.000000 44.000000 0.000000 0.000000 0.000000
42.000000 45.000000 0.000000 0.000000 0.000000
42.000000 46.000000 0.000000 0.000000 0.000000
42.000000 47.000000 0.000000 0.000000 0.000000
42.000000 48.000000 0.000000 0.000000 0.000000
42.000000 49.000000 0.000000 0.000000 0.000000
43.000000 0.000000 0.000000 0.000000 0.000000
43.000000 1.000000 0.000000 0.000000 0.000000
43.000000 2.000000 0.000000 0.000000 0.000000
43.000000 3.000000 0.000000 0.000000 0.000000
43.000000 4.000000 0.000000 0.000000 0.000000
43.000000 5.000000 0.000000 0.000000 0.000000
43.000000 6.000000 0.000000 0.000000 0.000000
43.000000 7.000000 0.000000 0.000000 0.000000
43.000000 8.000000 0.000000 0.000000 0.000000
43.000000 9.000000 0.000000 0.000000 0.000000
43.000000 10.000000 0.000000 0.000000 0.000000
43.000000 11.000000 0.000000 0.000000 0.000000
43.000000 12.000000 0.000000 0.000000 0.000000
43.000000 13.000000 0.000000 0.000000 0.000000
43.000000 14.000000 0.000000 0.000000 0.000000
43.000000 15.000000 0.000000 0.000000 0.000000
43.000000 16.000000 0.000000 0.000000 0.000000
43.000000 17.000000 0.000000 0.000000 0.000000
43.000000 18.000000 0.000000 0.000000 0.000000
43.000000 19.000000 0.000000 0.000000 0.000000
43.000000 20.000000 0.000000 0.000000 0.000000
43.000000 21.000000 0.000000 0.000000 0.000000
43.000000 22.000000 0.000000 0.000000 0.000000
43.000000 23.000000 0.000000 0.000000 0.000000
43.000000 24.000000 0.000000 0.000000 0.000000
43.000000 25.000000 0.000000 0.000000 0.000000
43.000000 26.000000 0.000000 0.000000 0.000000
43.000000 27.000000 0.000000 0.000000 0.000000
43.000000 28.000000 0.000000 0.000000 0.000000
43.000000 29.000000 0.000000 0.000000 0.000000
43.000000 30.000000 0.000000 0.000000 0.000000
43.000000 31.000000 0.000000 0.000000 0.000000
43.000000 32.000000 0.000000 0.000000 0.000000
43.000000 33.000000 0.000000 0.000000 0.000000
43.000000 34.000000 0.000000 0.000000 0.000000
43.000000 35.000000 0.000000 0.000000 0.000000
43.000000 36.000000 0.000000 0.000000 0.000000
43.000000 37.000000 0.000000 0.000000 0.000000
43.000000 38.000000 0.000000 0.000000 0.000000
43.000000 39.000000 0.000000 0.000000 0.000000
43.000000 40.000000 0.000000 0.000000 0.000000
43.000000 41.000000 0.000000 0.000000 0.000000
43.000000 42.000000 0.000000 0.000000 0.000000
43.000000 43.000000 0.000000 0.000000 0.000000
43.000000 44.000000 0.000000 0.000000 0.000000
43.000000 45.000000 0.000000 0.000000 0.000000
43.000000 46.000000 0.000000 0.000000 0.000000
43.000000 47.000000 0.000000 0.000000 0.000000
43.000000 48.000000 0.000000 0.000000 0.000000
43.000000 49.000000 0.000000 0.000000 0.000000
44.000000 0.000000 0.000000 0.000000 0.000000
44.000000 1.000000 0.000000 0.000000 0.000000
44.000000 2.000000 0.000000 0.000000 0.000000
44.000000 3.000000 0.000000 0.000000 0.000000
44.000000 4.000000 0.000000 0.000000 0.000000
44.000000 5.000000 0.000000 0.000000 0.000000
44.000000 6.000000 1674.000000 920.333313 1674.000000
44.000000 7.000000 2194.000000 2075.333252 2194.000000
44.000000 8.000000 1819.000000 1976.666626 2093.000000
44.000000 9.000000 1132.000000 1366.333374 1593.000000
44.000000 10.000000 540.000000 728.333313 928.000000
44.000000 11.000000 233.000000 320.666656 416.000000
44.000000 12.000000 84.000000 124.000000 168.000000
44.000000 13.000000 30.000000 45.000000 61.000000
44.000000 14.000000 14.000000 18.333334 23.000000
44.000000 15.000000 5.000000 7.333333 10.000000
44.000000 16.000000 1.000000 2.666667 4.000000
44.000000 17.000000 1.000000 1.000000 1.000000
44.000000 18.000000 1.000000 1.000000 1.000000
44.000000 19.000000 1.000000 1.000000 1.000000
44.000000 20.000000 1.000000 1.000000 1.000000
44.000000 21.000000 1.000000 1.000000 1.000000
44.000000 22.000000 1.000000 1.000000 1.000000
44.000000 23.000000 0.000000 0.333333 1.000000
44.000000 24.000000 0.000000 0.000000 0.000000
44.000000 25.000000 0.000000 0.000000 0.000000
44.000000 26.000000 0.000000 0.000000 0.000000
44.000000 27.000000 0.000000 0.000000 0.000000
44.000000 28.000000 0.000000 0.000000 0.000000
44.000000 29.000000 0.000000 0.000000 0.000000
44.000000 30.000000 0.000000 0.000000 0.000000
44.000000 31.000000 0.000000 0.000000 0.000000
44.000000 32.000000 0.000000 0.000000 0.000000
44.000000 33.000000 0.000000 0.000000 0.000000
44.000000 34.000000 0.000000 0.000000 0.000000
44.000000 35.000000 0.000000 0.000000 0.000000
44.000000 36.000000 0.000000 0.000000 0.000000
44.000000 37.000000 0.000000 0.000000 0.000000
44.000000 38.000000 0.000000 0.000000 0.000000
44.000000 39.000000 0.000000 0.000000 0.000000
44.000000 40.000000 0.000000 0.000000 0.000000
44.000000 41.000000 0.000000 0.000000 0.000000
44.000000 42.000000 0.000000 0.000000 0.000000
44.000000 43.000000 0.000000 0.000000 0.000000
44.000000 44.000000 0.000000 0.000000 0.000000
44.000000 45.000000 0.000000 0.000000 0.000000
44.000000 46.000000 0.000000 0.000000 0.000000
44.000000 47.000000 0.000000 0.000000 0.000000
44.000000 48.000000 0.000000 0.000000 0.000000
44.000000 49.000000 0.000000 0.000000 0.000000
45.000000 0.000000 0.000000 0.000000 0.000000
45.000000 1.000000 0.000000 0.000000 0.000000
45.000000 2.000000 0.000000 0.000000 0.000000
45.000000 3.000000 0.000000 0.000000 0.000000
45.000000 4.000000 0.000000 0.000000 0.000000
45.000000 5.000000 0.000000 0.000000 0.000000
45.000000 6.000000 1673.000000 909.333313 1673.000000
45.000000 7.000000 2349.000000 2192.000000 2349.000000
45.000000 8.000000 2015.000000 2195.333252 2364.000000
45.000000 9.000000 1268.000000 1510.000000 1752.000000
45.000000 10.000000 612.000000 809.000000 1025.000000
45.000000 11.000000 266.000000 352.666656 456.000000
45.000000 12.000000 91.000000 143.333328 200.000000
45.000000 13.000000 29.000000 48.666668 70.000000
45.000000 14.000000 10.000000 13.000000 17.000000
45.000000 15.000000 6.000000 7.000000 8.000000
45.000000 16.000000 2.000000 2.333333 3.000000
45.000000 17.000000 0.000000 0.666667 1.000000
45.000000 18.000000 0.000000 0.000000 0.000000
45.000000 19.000000 0.000000 0.000000 0.000000
45.000000 20.000000 0.000000 0.000000 0.000000
45.000000 21.000000 0.000000 0.000000 0.000000
45.000000 22.000000 0.000000 0.000000 0.000000
45.000000 23.000000 0.000000 0.000000 0.000000
45.000000 24.000000 0.000000 0.000000 0.000000
45.000000 25.000000 0.000000 0.000000 0.000000
45.000000 26.000000 0.000000 0.000000 0.000000
45.000000 27.000000 0.000000 0.000000 0.000000
45.000000 28.000000 0.000000 0.000000 0.000000
45.000000 29.000000 0.000000 0.000000 0.000000
45.000000 30.000000 0.000000 0.000000 0.000000
45.000000 31.000000 0.000000 0.000000 0.000000
45.000000 32.000000 0.000000 0.000000 0.000000
45.000000 33.000000 0.000000 0.000000 0.000000
45.000000 34.000000 0.000000 0.000000 0.000000
45.000000 35.000000 0.000000 0.000000 0.000000
45.000000 36.000000 0.000000 0.000000 0.000000
45.000000 37.000000 0.000000 0.000000 0.000000
45.000000 38.000000 0.000000 0.000000 0.000000
45.000000 39.000000 0.000000 0.000000 0.000000
45.000000 40.000000 0.000000 0.000000 0.000000
45.000000 41.000000 0.000000 0.000000 0.000000
45.000000 42.000000 0.000000 0.000000 0.000000
45.000000 43.000000 0.000000 0.000000 0.000000
45.000000 44.000000 0.000000 0.000000 0.000000
45.000000 45.000000 0.000000 0.000000 0.000000
45.000000 46.000000 0.000000 0.000000 0.000000
45.000000 47.000000 0.000000 0.000000 0.000000
45.000000 48.000000 0.000000 0.000000 0.000000
45.000000 49.000000 0.000000 0.000000 0.000000
46.000000 0.000000 0.000000 0.000000 0.000000
46.000000 1.000000 0.000000 0.000000 0.000000
46.000000 2.000000 0.000000 0.000000 0.000000
46.000000 3.000000 0.000000 0.000000 0.000000
46.000000 4.000000 0.000000 0.000000 0.000000
46.000000 5.000000 0.000000 0.000000 0.000000
46.000000 6.000000 0.000000 0.000000 0.000000
46.000000 7.000000 0.000000 0.000000 0.000000
46.000000 8.000000 0.000000 0.000000 0.000000
46.000000 9.000000 0.000000 0.000000 0.000000
46.000000 10.000000 0.000000 0.000000 0.000000
46.000000 11.000000 0.000000 0.000000 0.000000
46.000000 12.000000 0.000000 0.000000 0.000000
46.000000 13.000000 0.000000 0.000000 0.000000
46.000000 14.000000 0.000000 0.000000 0.000000
46.000000 15.000000 0.000000 0.000000 0.000000
46.000000 16.000000 0.000000 0.000000 0.000000
46.000000 17.000000 0.000000 0.000000 0.000000
46.000000 18.000000 0.000000 0.000000 0.000000
46.000000 19.000000 0.000000 0.000000 0.000000
46.000000 20.000000 0.000000 0.000000 0.000000
46.000000 21.000000 0.000000 0.000000 0.000000
46.000000 22.000000 0.000000 0.000000 0.000000
46.000000 23.000000 0.000000 0.000000 0.000000
46.000000 24.000000 0.000000 0.000000 0.000000
46.000000 25.000000 0.000000 0.000000 0.000000
46.000000 26.000000 0.000000 0.000000 0.000000
46.000000 27.000000 0.000000 0.000000 0.000000
46.000000 28.000000 0.000000 0.000000 0.000000
46.000000 29.000000 0.000000 0.000000 0.000000
46.000000 30.000000 0.000000 0.000000 0.000000
46.000000 31.000000 0.000000 0.000000 0.000000
46.000000 32.000000 0.000000 0.000000 0.000000
46.000000 33.000000 0.000000 0.000000 0.000000
46.000000 34.000000 0.000000 0.000000 0.000000
46.000000 35.000000 0.000000 0.000000 0.000000
46.000000 36.000000 0.000000 0.000000 0.000000
46.000000 37.000000 0.000000 0.000000 0.000000
46.000000 38.000000 0.000000 0.000000 0.000000
46.000000 39.000000 0.000000 0.000000 0.000000
46.000000 40.000000 0.000000 0.000000 0.000000
46.000000 41.000000 0.000000 0.000000 0.000000
46.000000 42.000000 0.000000 0.000000 0.000000
46.000000 43.000000 0.000000 0.000000 0.000000
46.000000 44.000000 0.000000 0.000000 0.000000
46.000000 45.000000 0.000000 0.000000 0.000000
46.000000 46.000000 0.000000 0.000000 0.000000
46.000000 47.000000 0.000000 0.000000 0.000000
46.000000 48.000000 0.000000 0.000000 0.000000
46.000000 49.000000 0.000000 0.000000 0.000000
47.000000 0.000000 0.000000 0.000000 0.000000
47.000000 1.000000 0.000000 0.000000 0.000000
47.000000 2.000000 0.000000 0.000000 0.000000
47.000000 3.000000 0.000000 0.000000 0.000000
47.000000 4.000000 0.000000 0.000000 0.000000
47.000000 5.000000 0.000000 0.000000 0.000000
47.000000 6.000000 0.000000 0.000000 0.000000
47.000000 7.000000 0.000000 0.000000 0.000000
47.000000 8.000000 0.000000 0.000000 0.000000
47.000000 9.000000 0.000000 0.000000 0.000000
47.000000 10.000000 0.000000 0.000000 0.000000
47.000000 11.000000 0.000000 0.000000 0.000000
47.000000 12.000000 0.000000 0.000000 0.000000
47.000000 13.000000 0.000000 0.000000 0.000000
47.000000 14.000000 0.000000 0.000000 0.000000
47.000000 15.000000 0.000000 0.000000 0.000000
47.000000 16.000000 0.000000 0.000000 0.000000
47.000000 17.000000 0.000000 0.000000 0.000000
47.000000 18.000000 0.000000 0.000000 0.000000
47.000000 19.000000 0.000000 0.000000 0.000000
47.000000 20.000000 0.000000 0.000000 0.000000
47.000000 21.000000 0.000000 0.000000 0.000000
47.000000 22.000000 0.000000 0.000000 0.000000
47.000000 23.000000 0.000000 0.000000 0.000000
47.000000 24.000000 0.000000 0.000000 0.000000
47.000000 25.000000 0.000000 0.000000 0.000000
47.000000 26.000000 0.000000 0.000000 0.000000
47.000000 27.000000 0.000000 0.000000 0.000000
47.000000 28.000000 0.000000 0.000000 0.000000
47.000000 29.000000 0.000000 0.000000 0.000000
47.000000 30.000000 0.000000 0.000000 0.000000
47.000000 31.000000 0.000000 0.000000 0.000000
47.000000 32.000000 0.000000 0.000000 0.000000
47.000000 33.000000 0.000000 0.000000 0.000000
47.000000 34.000000 0.000000 0.000000 0.000000
47.000000 35.000000 0.000000 0.000000 0.000000
47.000000 36.000000 0.000000 0.000000 0.000000
47.000000 37.000000 0.000000 0.000000 0.000000
47.000000 38.000000 0.000000 0.000000 0.000000
47.000000 39.000000 0.000000 0.000000 0.000000
47.000000 40.000000 0.000000 0.000000 0.000000
47.000000 41.000000 0.000000 0.000000 0.000000
47.000000 42.000000 0.000000 0.000000 0.000000
47.000000 43.000000 0.000000 0.000000 0.000000
47.000000 44.000000 0.000000 0.000000 0.000000
47.000000 45.000000 0.000000 0.000000 0.000000
47.000000 46.000000 0.000000 0.000000 0.000000
47.000000 47.000000 0.000000 0.000000 0.000000
47.000000 48.000000 0.000000 0.000000 0.000000
47.000000 49.000000 0.000000 0.000000 0.000000
48.000000 0.000000 0.000000 0.000000 0.000000
48.000000 1.000000 0.000000 0.000000 0.000000
48.000000 2.000000 0.000000 0.000000 0.000000
48.000000 3.000000 0.000000 0.000000 0.000000
48.000000 4.000000 0.000000 0.000000 0.000000
48.000000 5.000000 0.000000 0.000000 0.000000
48.000000 6.000000 0.000000 0.000000 0.000000
48.000000 7.000000 0.000000 0.000000 0.000000
48.000000 8.000000 0.000000 0.000000 0.000000
48.000000 9.000000 0.000000 0.000000 0.000000
48.000000 10.000000 0.000000 0.000000 0.000000
48.000000 11.000000 0.000000 0.000000 0.000000
48.000000 12.000000 0.000000 0.000000 0.000000
48.000000 13.000000 0.000000 0.000000 0.000000
48.000000 14.000000 0.000000 0.000000 0.000000
48.000000 15.000000 0.000000 0.000000 0.000000
48.000000 16.000000 0.000000 0.000000 0.000000
48.000000 17.000000 0.000000 0.000000 0.000000
48.000000 18.000000 0.000000 0.000000 0.000000
48.000000 19.000000 0.000000 0.000000 0.000000
48.000000 20.000000 0.000000 0.000000 0.000000
48.000000 21.000000 0.000000 0.000000 0.000000
48.000000 22.000000 0.000000 0.000000 0.000000
48.000000 23.000000 0.000000 0.000000 0.000000
48.000000 24.000000 0.000000 0.000000 0.000000
48.000000 25.000000 0.000000 0.000000 0.000000
48.000000 26.000000 0.000000 0.000000 0.000000
48.000000 27.000000 0.000000 0.000000 0.000000
48.000000 28.000000 0.000000 0.000000 0.000000
48.000000 29.000000 0.000000 0.000000 0.000000
48.000000 30.000000 0.000000 0.000000 0.000000
48.000000 31.000000 0.000000 0.000000 0.000000
48.000000 32.000000 0.000000 0.000000 0.000000
48.000000 33.000000 0.000000 0.000000 0.000000
48.000000 34.000000 0.000000 0.000000 0.000000
48.000000 35.000000 0.000000 0.000000 0.000000
48.000000 36.000000 0.000000 0.000000 0.000000
48.000000 37.000000 0.000000 0.000000 0.000000
48.000000 38.000000 0.000000 0.000000 0.000000
48.000000 39.000000 0.000000 0.000000 0.000000
48.000000 40.000000 0.000000 0.000000 0.000000
48.000000 41.000000 0.000000 0.000000 0.000000
48.000000 42.000000 0.000000 0.000000 0.000000
48.000000 43.000000 0.000000 0.000000 0.000000
48.000000 44.000000 0.000000 0.000000 0.000000
48.000000 45.000000 0.000000 0.000000 0.000000
48.000000 46.000000 0.000000 0.000000 0.000000
48.000000 47.000000 0.000000 0.000000 0.000000
48.000000 48.000000 0.000000 0.000000 0.000000
48.000000 49.000000 0.000000 0.000000 0.000000
49.000000 0.000000 0.000000 0.000000 0.000000
49.000000 1.000000 0.000000 0.000000 0.000000
49.000000 2.000000 0.000000 0.000000 0.000000
49.000000 3.000000 0.000000 0.000000 0.000000
49.000000 4.000000 0.000000 0.000000 0.000000
49.000000 5.000000 1444.000000 782.333313 1444.000000
49.000000 6.000000 2061.000000 1897.000000 2061.000000
49.000000 7.000000 1822.000000 1967.333374 2094.000000
49.000000 8.000000 1205.000000 1412.666626 1635.000000
49.000000 9.000000 586.000000 775.000000 988.000000
49.000000 10.000000 248.000000 350.000000 464.000000
49.000000 11.000000 81.000000 130.666672 185.000000
49.000000 12.000000 28.000000 38.000000 53.000000
49.000000 13.000000 17.000000 21.000000 24.000000
49.000000 14.000000 2.000000 4.666667 8.000000
49.000000 15.000000 1.000000 1.000000 1.000000
49.000000 16.000000 0.000000 0.000000 0.000000
49.000000 17.000000 0.000000 0.000000 0.000000
49.000000 18.000000 0.000000 0.000000 0.000000
49.000000 19.000000 0.000000 0.000000 0.000000
49.000000 20.000000 0.000000 0.000000 0.000000
49.000000 21.000000 0.000000 0.000000 0.000000
49.000000 22.000000 0.000000 0.000000 0.000000
49.000000 23.000000 0.000000 0.000000 0.000000
49.000000 24.000000 0.000000 0.000000 0.000000
49.000000 25.000000 0.000000 0.000000 0.000000
49.000000 26.000000 0.000000 0.000000 0.000000
49.000000 27.000000 0.000000 0.000000 0.000000
49.000000 28.000000 0.000000 0.000000 0.000000
49.000000 29.000000 0.000000 0.000000 0.000000
49.000000 30.000000 0.000000 0.000000 0.000000
49.000000 31.000000 0.000000 0.000000 0.000000
49.000000 32.000000 0.000000 0.000000 0.000000
49.000000 33.000000 0.000000 0.000000 0.000000
49.000000 34.000000 0.000000 0.000000 0.000000
49.000000 35.000000 0.000000 0.000000 0.000000
49.000000 36.000000 0.000000 0.000000 0.000000
49.000000 37.000000 0.000000 0.000000 0.000000
49.000000 38.000000 0.000000 0.000000 0.000000
49.000000 39.000000 0.000000 0.000000 0.000000
49.000000 40.000000 0.000000 0.000000 0.000000
49.000000 41.000000 0.000000 0.000000 0.000000
49.000000 42.000000 0.000000 0.000000 0.000000
49.000000 43.000000 0.000000 0.000000 0.000000
49.000000 44.000000 0.000000 0.000000 0.000000
49.000000 45.000000 0.000000 0.000000 0.000000
49.000000 46.000000 0.000000 0.000000 0.000000
49.000000 47.000000 0.000000 0.000000 0.000000
49.000000 48.000000 0.000000 0.000000 0.000000
49.000000 49.000000 0.000000 0.000000 0.000000
50.000000 0.000000 0.000000 0.000000 0.000000
50.000000 1.000000 0.000000 0.000000 0.000000
50.000000 2.000000 0.000000 0.000000 0.000000
50.000000 3.000000 0.000000 0.000000 0.000000
50.000000 4.000000 0.000000 0.000000 0.000000
50.000000 5.000000 0.000000 0.000000 0.000000
50.000000 6.000000 0.000000 0.000000 0.000000
50.000000 7.000000 0.000000 0.000000 0.000000
50.000000 8.000000 0.000000 0.000000 0.000000
50.000000 9.000000 0.000000 0.000000 0.000000
50.000000 10.000000 0.000000 0.000000 0.000000
50.000000 11.000000 0.000000 0.000000 0.000000
50.000000 12.000000 0.000000 0.000000 0.000000
50.000000 13.000000 0.000000 0.000000 0.000000
50.000000 14.000000 0.000000 0.000000 0.000000
50.000000 15.000000 0.000000 0.000000 0.000000
50.000000 16.000000 0.000000 0.000000 0.000000
50.000000 17.000000 0.000000 0.000000 0.000000
50.000000 18.000000 0.000000 0.000000 0.000000
50.000000 19.000000 0.000000 0.000000 0.000000
50.000000 20.000000 0.000000 0.000000 0.000000
50.000000 21.000000 0.000000 0.000000 0.000000
50.000000 22.000000 0.000000 0.000000 0.000000
50.000000 23.000000 0.000000 0.000000 0.000000
50.000000 24.000000 0.000000 0.000000 0.000000
50.000000 25.000000 0.000000 0.000000 0.000000
50.000000 26.000000 0.000000 0.000000 0.000000
50.000000 27.000000 0.000000 0.000000 0.000000
50.000000 28.000000 0.000000 0.000000 0.000000
50.000000 29.000000 0.000000 0.000000 0.000000
50.000000 30.000000 0.000000 0.000000 0.000000
50.000000 31.000000 0.000000 0.000000 0.000000
50.000000 32.000000 0.000000 0.000000 0.000000
50.000000 33.000000 0.000000 0.000000 0.000000
50.000000 34.000000 0.000000 0.000000 0.000000
50.000000 35.000000 0.000000 0.000000 0.000000
50.000000 36.000000 0.000000 0.000000 0.000000
50.000000 37.000000 0.000000 0.000000 0.000000
50.000000 38.000000 0.000000 0.000000 0.000000
50.000000 39.000000 0.000000 0.000000 0.000000
50.000000 40.000000 0.000000 0.000000 0.000000
50.000000 41.000000 0.000000 0.000000 0.000000
50.000000 42.000000 0.000000 0.000000 0.000000
50.000000 43.000000 0.000000 0.000000 0.000000
50.000000 44.000000 0.000000 0.000000 0.000000
50.000000 45.000000 0.000000 0.000000 0.000000
50.000000 46.000000 0.000000 0.000000 0.000000
50.000000 47.000000 0.000000 0.000000 0.000000
50.000000 48.000000 0.000000 0.000000 0.000000
50.000000 49.000000 0.000000 0.000000 0.000000
51.000000 0.000000 0.000000 0.000000 0.000000
51.000000 1.000000 0.000000 0.000000 0.000000
51.000000 2.000000 0.000000 0.000000 0.000000
51.000000 3.000000 0.000000 0.000000 0.000000
51.000000 4.000000 0.000000 0.000000 0.000000
51.000000 5.000000 0.000000 0.000000 0.000000
51.000000 6.000000 0.000000 0.000000 0.000000
51.000000 7.000000 0.000000 0.000000 0.000000
51.000000 8.000000 0.000000 0.000000 0.000000
51.000000 9.000000 0.000000 0.000000 0.000000
51.000000 10.000000 0.000000 0.000000 0.000000
51.000000 11.000000 0.000000 0.000000 0.000000
51.000000 12.000000 0.000000 0.000000 0.000000
51.000000 13.000000 0.000000 0.000000 0.000000
51.000000 14.000000 0.000000 0.000000 0.000000
51.000000 15.000000 0.000000 0.000000 0.000000
51.000000 16.000000 0.000000 0.000000 0.000000
51.000000 17.000000 0.000000 0.000000 0.000000
51.000000 18.000000 0.000000 0.000000 0.000000
51.000000 19.000000 0.000000 0.000000 0.000000
51.000000 20.000000 0.000000 0.000000 0.000000
51.000000 21.000000 0.000000 0.000000 0.000000
51.000000 22.000000 0.000000 0.000000 0.000000
51.000000 23.000000 0.000000 0.000000 0.000000
51.000000 24.000000 0.000000 0.000000 0.000000
51.000000 25.000000 0.000000 0.000000 0.000000
51.000000 26.000000 0.000000 0.000000 0.000000
51.000000 27.000000 0.000000 0.000000 0.000000
51.000000 28.000000 0.000000 0.000000 0.000000
51.000000 29.000000 0.000000 0.000000 0.000000
51.000000 30.000000 0.000000 0.000000 0.000000
51.000000 31.000000 0.000000 0.000000 0.000000
51.000000 32.000000 0.000000 0.000000 0.000000
51.000000 33.000000 0.000000 0.000000 0.000000
51.000000 34.000000 0.000000 0.000000 0.000000
51.000000 35.000000 0.000000 0.000000 0.000000
51.000000 36.000000 0.000000 0.000000 0.000000
51.000000 37.000000 0.000000 0.000000 0.000000
51.000000 38.000000 0.000000 0.000000 0.000000
51.000000 39.000000 0.000000 0.000000 0.000000
51.000000 40.000000 0.000000 0.000000 0.000000
51.000000 41.000000 0.000000 0.000000 0.000000
51.000000 42.000000 0.000000 0.000000 0.000000
51.000000 43.000000 0.000000 0.000000 0.000000
51.000000 44.000000 0.000000 0.000000 0.000000
51.000000 45.000000 0.000000 0.000000 0.000000
51.000000 46.000000 0.000000 0.000000 0.000000
51.000000 47.000000 0.000000 0.000000 0.000000
51.000000 48.000000 0.000000 0.000000 0.000000
51.000000 49.000000 0.000000 0.000000 0.000000
52.000000 0.000000 0.000000 0.000000 0.000000
52.000000 1.000000 0.000000 0.000000 0.000000
52.000000 2.000000 0.000000 0.000000 0.000000
52.000000 3.000000 0.000000 0.000000 0.000000
52.000000 4.000000 0.000000 0.000000 0.000000
52.000000 5.000000 69.000000 37.000000 69.000000
52.000000 6.000000 1640.000000 906.000000 1640.000000
52.000000 7.000000 2311.000000 2186.666748 2311.000000
52.000000 8.000000 1899.000000 2111.000000 2269.000000
52.000000 9.000000 1120.000000 1389.666626 1663.000000
52.000000 10.000000 536.000000 715.666687 906.000000
52.000000 11.000000 209.000000 296.666656 387.000000
52.000000 12.000000 80.000000 114.666664 155.000000
52.000000 13.000000 35.000000 44.666668 57.000000
52.000000 14.000000 13.000000 17.666666 22.000000
52.000000 15.000000 3.000000 5.000000 8.000000
52.000000 16.000000 1.000000 1.333333 2.000000
52.000000 17.000000 0.000000 0.333333 1.000000
52.000000 18.000000 0.000000 0.000000 0.000000
52.000000 19.000000 0.000000 0.000000 0.000000
52.000000 20.000000 0.000000 0.000000 0.000000
52.000000 21.000000 0.000000 0.000000 0.000000
52.000000 22.000000 0.000000 0.000000 0.000000
52.000000 23.000000 0.000000 0.000000 0.000000
52.000000 24.000000 0.000000 0.000000 0.000000
52.000000 25.000000 0.000000 0.000000 0.000000
52.000000 26.000000 0.000000 0.000000 0.000000
52.000000 27.000000 0.000000 0.000000 0.000000
52.000000 28.000000 0.000000 0.000000 0.000000
52.000000 29.000000 0.000000 0.000000 0.000000
52.000000 30.000000 0.000000 0.000000 0.000000
52.000000 31.000000 0.000000 0.000000 0.000000
52.000000 32.000000 0.000000 0.000000 0.000000
52.000000 33.000000 0.000000 0.000000 0.000000
52.000000 34.000000 0.000000 0.000000 0.000000
52.000000 35.000000 0.000000 0.000000 0.000000
52.000000 36.000000 0.000000 0.000000 0.000000
52.000000 37.000000 0.000000 0.000000 0.000000
52.000000 38.000000 0.000000 0.000000 0.000000
52.000000 39.000000 0.000000 0.000000 0.000000
52.000000 40.000000 0.000000 0.000000 0.000000
52.000000 41.000000 0.000000 0.000000 0.000000
52.000000 42.000000 0.000000 0.000000 0.000000
52.000000 43.000000 0.000000 0.000000 0.000000
52.000000 44.000000 0.000000 0.000000 0.000000
52.000000 45.000000 0.000000 0.000000 0.000000
52.000000 46.000000 0.000000 0.000000 0.000000
52.000000 47.000000 0.000000 0.000000 0.000000
52.000000 48.000000 0.000000 0.000000 0.000000
52.000000 49.000000 0.000000 0.000000 0.000000
53.000000 0.000000 0.000000 0.000000 0.000000
53.000000 1.000000 0.000000 0.000000 0.000000
53.000000 2.000000 0.000000 0.000000 0.000000
53.000000 3.000000 0.000000 0.000000 0.000000
53.000000 4.000000 0.000000 0.000000 0.000000
53.000000 5.000000 0.000000 0.000000 0.000000
53.000000 6.000000 0.000000 0.000000 0.000000
53.000000 7.000000 0.000000 0.000000 0.000000
53.000000 8.000000 0.000000 0.000000 0.000000
53.000000 9.000000 0.000000 0.000000 0.000000
53.000000 10.000000 0.000000 0.000000 0.000000
53.000000 11.000000 0.000000 0.000000 0.000000
53.000000 12.000000 0.000000 0.000000 0.000000
53.000000 13.000000 0.000000 0.000000 0.000000
53.000000 14.000000 0.000000 0.000000 0.000000
53.000000 15.000000 0.000000 0.000000 0.000000
53.000000 16.000000 0.000000 0.000000 0.000000
53.000000 17.000000 0.000000 0.000000 0.000000
53.000000 18.000000 0.000000 0.000000 0.000000
53.000000 19.000000 0.000000 0.000000 0.000000
53.000000 20.000000 0.000000 0.000000 0.000000
53.000000 21.000000 0.000000 0.000000 0.000000
53.000000 22.000000 0.000000 0.000000 0.000000
53.000000 23.000000 0.000000 0.000000 0.000000
53.000000 24.000000 0.000000 0.000000 0.000000
53.000000 25.000000 0.000000 0.000000 0.000000
53.000000 26.000000 0.000000 0.000000 0.000000
53.000000 27.000000 0.000000 0.000000 0.000000
53.000000 28.000000 0.000000 0.000000 0.000000
53.000000 29.000000 0.000000 0.000000 0.000000
53.000000 30.000000 0.000000 0.000000 0.000000
53.000000 31.000000 0.000000 0.000000 0.000000
53.000000 32.000000 0.000000 0.000000 0.000000
53.000000 33.000000 0.000000 0.000000 0.000000
53.000000 34.000000 0.000000 0.000000 0.000000
53.000000 35.000000 0.000000 0.000000 0.000000
53.000000 36.000000 0.000000 0.000000 0.000000
53.000000 37.000000 0.000000 0.000000 0.000000
53.000000 38.000000 0.000000 0.000000 0.000000
53.000000 39.000000 0.000000 0.000000 0.000000
53.000000 40.000000 0.000000 0.000000 0.000000
53.000000 41.000000 0.000000 0.000000 0.000000
53.000000 42.000000 0.000000 0.000000 0.000000
53.000000 43.000000 0.000000 0.000000 0.000000
53.000000 44.000000 0.000000 0.000000 0.000000
53.000000 45.000000 0.000000 0.000000 0.000000
53.000000 46.000000 0.000000 0.000000 0.000000
53.000000 47.000000 0.000000 0.000000 0.000000
53.000000 48.000000 0.000000 0.000000 0.000000
53.000000 49.000000 0.000000 0.000000 0.000000
54.000000 0.000000 0.000000 0.000000 0.000000
54.000000 1.000000 0.000000 0.000000 0.000000
54.000000 2.000000 0.000000 0.000000 0.000000
54.000000 3.000000 0.000000 0.000000 0.000000
54.000000 4.000000 0.000000 0.000000 0.000000
54.000000 5.000000 0.000000 0.000000 0.000000
54.000000 6.000000 0.000000 0.000000 0.000000
54.000000 7.000000 0.000000 0.000000 0.000000
54.000000 8.000000 0.000000 0.000000 0.000000
54.000000 9.000000 0.000000 0.000000 0.000000
54.000000 10.000000 0.000000 0.000000 0.000000
54.000000 11.000000 0.000000 0.000000 0.000000
54.000000 12.000000 0.000000 0.000000 0.000000
54.000000 13.000000 0.000000 0.000000 0.000000
54.000000 14.000000 0.000000 0.000000 0.000000
54.000000 15.000000 0.000000 0.000000 0.000000
54.000000 16.000000 0.000000 0.000000 0.000000
54.000000 17.000000 0.000000 0.000000 0.000000
54.000000 18.000000 0.000000 0.000000 0.000000
54.000000 19.000000 0.000000 0.000000 0.000000
54.000000 20.000000 0.000000 0.000000 0.000000
54.000000 21.000000 0.000000 0.000000 0.000000
54.000000 22.000000 0.000000 0.000000 0.000000
54.000000 23.000000 0.000000 0.000000 0.000000
54.000000 24.000000 0.000000 0.000000 0.000000
54.000000 25.000000 0.000000 0.000000 0.000000
54.000000 26.000000 0.000000 0.000000 0.000000
54.000000 27.000000 0.000000 0.000000 0.000000
54.000000 28.000000 0.000000 0.000000 0.000000
54.000000 29.000000 0.000000 0.000000 0.000000
54.000000 30.000000 0.000000 0.000000 0.000000
54.000000 31.000000 0.000000 0.000000 0.000000
54.000000 32.000000 0.000000 0.000000 0.000000
54.000000 33.000000 0.000000 0.000000 0.000000
54.000000 34.000000 0.000000 0.000000 0.000000
54.000000 35.000000 0.000000 0.000000 0.000000
54.000000 36.000000 0.000000 0.000000 0.000000
54.000000 37.000000 0.000000 0.000000 0.000000
54.000000 38.000000 0.000000 0.000000 0.000000
54.000000 39.000000 0.000000 0.000000 0.000000
54.000000 40.000000 0.000000 0.000000 0.000000
54.000000 41.000000 0.000000 0.000000 0.000000
54.000000 42.000000 0.000000 0.000000 0.000000
54.000000 43.000000 0.000000 0.000000 0.000000
54.000000 44.000000 0.000000 0.000000 0.000000
54.000000 45.000000 0.000000 0.000000 0.000000
54.000000 46.000000 0.000000 0.000000 0.000000
54.000000 47.000000 0.000000 0.000000 0.000000
54.000000 48.000000 0.000000 0.000000 0.000000
54.000000 49.000000 0.000000 0.000000 0.000000
55.000000 0.000000 0.000000 0.000000 0.000000
55.000000 1.000000 0.000000 0.000000 0.000000
55.000000 2.000000 0.000000 0.000000 0.000000
55.000000 3.000000 0.000000 0.000000 0.000000
55.000000 4.000000 1460.000000 803.333313 1460.000000
55.000000 5.000000 2022.000000 1898.333374 2022.000000
55.000000 6.000000 1769.000000 1903.666626 1999.000000
55.000000 7.000000 1117.000000 1332.666626 1552.000000
55.000000 8.000000 537.000000 711.666687 890.000000
55.000000 9.000000 216.000000 304.000000 395.000000
55.000000 10.000000 76.000000 117.000000 162.000000
55.000000 11.000000 24.000000 37.000000 52.000000
55.000000 12.000000 13.000000 16.000000 20.000000
55.000000 13.000000 6.000000 8.333333 11.000000
55.000000 14.000000 5.000000 5.000000 5.000000
55.000000 15.000000 2.000000 2.666667 4.000000
55.000000 16.000000 0.000000 0.000000 0.000000
55.000000 17.000000 0.000000 0.000000 0.000000
55.000000 18.000000 0.000000 0.000000 0.000000
55.000000 19.000000 0.000000 0.000000 0.000000
55.000000 20.000000 0.000000 0.000000 0.000000
55.000000 21.000000 0.000000 0.000000 0.000000
55.000000 22.000000 0.000000 0.000000 0.000000
55.000000 23.000000 0.000000 0.000000 0.000000
55.000000 24.000000 0.000000 0.000000 0.000000
55.000000 25.000000 0.000000 0.000000 0.000000
55.000000 26.000000 0.000000 0.000000 0.000000
55.000000 27.000000 0.000000 0.000000 0.000000
55.000000 28.000000 0.000000 0.000000 0.000000
55.000000 29.000000 0.000000 0.000000 0.000000
55.000000 30.000000 0.000000 0.000000 0.000000
55.000000 31.000000 0.000000 0.000000 0.000000
55.000000 32.000000 0.000000 0.000000 0.000000
55.000000 33.000000 0.000000 0.000000 0.000000
55.000000 34.000000 0.000000 0.000000 0.000000
55.000000 35.000000 0.000000 0.000000 0.000000
55.000000 36.000000 0.000000 0.000000 0.000000
55.000000 37.000000 0.000000 0.000000 0.000000
55.000000 38.000000 0.000000 0.000000 0.000000
55.000000 39.000000 0.000000 0.000000 0.000000
55.000000 40.000000 0.000000 0.000000 0.000000
55.000000 41.000000 0.000000 0.000000 0.000000
55.000000 42.000000 0.000000 0.000000 0.000000
55.000000 43.000000 0.000000 0.000000 0.000000
55.000000 44.000000 0.000000 0.000000 0.000000
55.000000 45.000000 0.000000 0.000000 0.000000
55.000000 46.000000 0.000000 0.000000 0.000000
55.000000 47.000000 0.000000 0.000000 0.000000
55.000000 48.000000 0.000000 0.000000 0.000000
55.000000 49.000000 0.000000 0.000000 0.000000
56.000000 0.000000 0.000000 0.000000 0.000000
56.000000 1.000000 0.000000 0.000000 0.000000
56.000000 2.000000 0.000000 0.000000 0.000000
56.000000 3.000000 0.000000 0.000000 0.000000
56.000000 4.000000 0.000000 0.000000 0.000000
56.000000 5.000000 0.000000 0.000000 0.000000
56.000000 6.000000 0.000000 0.000000 0.000000
56.000000 7.000000 0.000000 0.000000 0.000000
56.000000 8.000000 0.000000 0.000000 0.000000
56.000000 9.000000 0.000000 0.000000 0.000000
56.000000 10.000000 0.000000 0.000000 0.000000
56.000000 11.000000 0.000000 0.000000 0.000000
56.000000 12.000000 0.000000 0.000000 0.000000
56.000000 13.000000 0.000000 0.000000 0.000000
56.000000 14.000000 0.000000 0.000000 0.000000
56.000000 15.000000 0.000000 0.000000 0.000000
56.000000 16.000000 0.000000 0.000000 0.000000
56.000000 17.000000 0.000000 0.000000 0.000000
56.000000 18.000000 0.000000 0.000000 0.000000
56.000000 19.000000 0.000000 0.000000 0.000000
56.000000 20.000000 0.000000 0.000000 0.000000
56.000000 21.000000 0.000000 0.000000 0.000000
56.000000 22.000000 0.000000 0.000000 0.000000
56.000000 23.000000 0.000000 0.000000 0.000000
56.000000 24.000000 0.000000 0.000000 0.000000
56.000000 25.000000 0.000000 0.000000 0.000000
56.000000 26.000000 0.000000 0.000000 0.000000
56.000000 27.000000 0.000000 0.000000 0.000000
56.000000 28.000000 0.000000 0.000000 0.000000
56.000000 29.000000 0.000000 0.000000 0.000000
56.000000 30.000000 0.000000 0.000000 0.000000
56.000000 31.000000 0.000000 0.000000 0.000000
56.000000 32.000000 0.000000 0.000000 0.000000
56.000000 33.000000 0.000000 0.000000 0.000000
56.000000 34.000000 0.000000 0.000000 0.000000
56.000000 35.000000 0.000000 0.000000 0.000000
56.000000 36.000000 0.000000 0.000000 0.000000
56.000000 37.000000 0.000000 0.000000 0.000000
56.000000 38.000000 0.000000 0.000000 0.000000
56.000000 39.000000 0.000000 0.000000 0.000000
56.000000 40.000000 0.000000 0.000000 0.000000
56.000000 41.000000 0.000000 0.000000 0.000000
56.000000 42.000000 0.000000 0.000000 0.000000
56.000000 43.000000 0.000000 0.000000 0.000000
56.000000 44.000000 0.000000 0.000000 0.000000
56.000000 45.000000 0.000000 0.000000 0.000000
56.000000 46.000000 0.000000 0.000000 0.000000
56.000000 47.000000 0.000000 0.000000 0.000000
56.000000 48.000000 0.000000 0.000000 0.000000
56.000000 49.000000 0.000000 0.000000 0.000000
57.000000 0.000000 0.000000 0.000000 0.000000
57.000000 1.000000 0.000000 0.000000 0.000000
57.000000 2.000000 0.000000 0.000000 0.000000
57.000000 3.000000 0.000000 0.000000 0.000000
57.000000 4.000000 0.000000 0.000000 0.000000
57.000000 5.000000 0.000000 0.000000 0.000000
57.000000 6.000000 0.000000 0.000000 0.000000
57.000000 7.000000 0.000000 0.000000 0.000000
57.000000 8.000000 0.000000 0.000000 0.000000
57.000000 9.000000 0.000000 0.000000 0.000000
57.000000 10.000000 0.000000 0.000000 0.000000
57.000000 11.000000 0.000000 0.000000 0.000000
57.000000 12.000000 0.000000 0.000000 0.000000
57.000000 13.000000 0.000000 0.000000 0.000000
57.000000 14.000000 0.000000 0.000000 0.000000
57.000000 15.000000 0.000000 0.000000 0.000000
57.000000 16.000000 0.000000 0.000000 0.000000
57.000000 17.000000 0.000000 0.000000 0.000000
57.000000 18.000000 0.000000 0.000000 0.000000
57.000000 19.000000 0.000000 0.000000 0.000000
57.000000 20.000000 0.000000 0.000000 0.000000
57.000000 21.000000 0.000000 0.000000 0.000000
57.000000 22.000000 0.000000 0.000000 0.000000
57.000000 23.000000 0.000000 0.000000 0.000000
57.000000 24.000000 0.000000 0.000000 0.000000
57.000000 25.000000 0.000000 0.000000 0.000000
57.000000 26.000000 0.000000 0.000000 0.000000
57.000000 27.000000 0.000000 0.000000 0.000000
57.000000 28.000000 0.000000 0.000000 0.000000
57.000000 29.000000 0.000000 0.000000 0.000000
57.000000 30.000000 0.000000 0.000000 0.000000
57.000000 31.000000 0.000000 0.000000 0.000000
57.000000 32.000000 0.000000 0.000000 0.000000
57.000000 33.000000 0.000000 0.000000 0.000000
57.000000 34.000000 0.000000 0.000000 0.000000
57.000000 35.000000 0.000000 0.000000 0.000000
57.000000 36.000000 0.000000 0.000000 0.000000
57.000000 37.000000 0.000000 0.000000 0.000000
57.000000 38.000000 0.000000 0.000000 0.000000
57.000000 39.000000 0.000000 0.000000 0.000000
57.000000 40.000000 0.000000 0.000000 0.000000
57.000000 41.000000 0.000000 0.000000 0.000000
57.000000 42.000000 0.000000 0.000000 0.000000
57.000000 43.000000 0.000000 0.000000 0.000000
57.000000 44.000000 0.000000 0.000000 0.000000
57.000000 45.000000 0.000000 0.000000 0.000000
57.000000 46.000000 0.000000 0.000000 0.000000
57.000000 47.000000 0.000000 0.000000 0.000000
57.000000 48.000000 0.000000 0.000000 0.000000
57.000000 49.000000 0.000000 0.000000 0.000000
58.000000 0.000000 0.000000 0.000000 0.000000
58.000000 1.000000 0.000000 0.000000 0.000000
58.000000 2.000000 0.000000 0.000000 0.000000
58.000000 3.000000 0.000000 0.000000 0.000000
58.000000 4.000000 0.000000 0.000000 0.000000
58.000000 5.000000 0.000000 0.000000 0.000000
58.000000 6.000000 0.000000 0.000000 0.000000
58.000000 7.000000 0.000000 0.000000 0.000000
58.000000 8.000000 0.000000 0.000000 0.000000
58.000000 9.000000 0.000000 0.000000 0.000000
58.000000 10.000000 0.000000 0.000000 0.000000
58.000000 11.000000 0.000000 0.000000 0.000000
58.000000 12.000000 0.000000 0.000000 0.000000
58.000000 13.000000 0.000000 0.000000 0.000000
58.000000 14.000000 0.000000 0.000000 0.000000
58.000000 15.000000 0.000000 0.000000 0.000000
58.000000 16.000000 0.000000 0.000000 0.000000
58.000000 17.000000 0.000000 0.000000 0.000000
58.000000 18.000000 0.000000 0.000000 0.000000
58.000000 19.000000 0.000000 0.000000 0.000000
58.000000 20.000000 0.000000 0.000000 0.000000
58.000000 21.000000 0.000000 0.000000 0.000000
58.000000 22.000000 0.000000 0.000000 0.000000
58.000000 23.000000 0.000000 0.000000 0.000000
58.000000 24.000000 0.000000 0.000000 0.000000
58.000000 25.000000 0.000000 0.000000 0.000000
58.000000 26.000000 0.000000 0.000000 0.000000
58.000000 27.000000 0.000000 0.000000 0.000000
58.000000 28.000000 0.000000 0.000000 0.000000
58.000000 29.000000 0.000000 0.000000 0.000000
58.000000 30.000000 0.000000 0.000000 0.000000
58.000000 31.000000 0.000000 0.000000 0.000000
58.000000 32.000000 0.000000 0.000000 0.000000
58.000000 33.000000 0.000000 0.000000 0.000000
58.000000 34.000000 0.000000 0.000000 0.000000
58.000000 35.000000 0.000000 0.000000 0.000000
58.000000 36.000000 0.000000 0.000000 0.000000
58.000000 37.000000 0.000000 0.000000 0.000000
58.000000 38.000000 0.000000 0.000000 0.000000
58.000000 39.000000 0.000000 0.000000 0.000000
58.000000 40.000000 0.000000 0.000000 0.000000
58.000000 41.000000 0.000000 0.000000 0.000000
58.000000 42.000000 0.000000 0.000000 0.000000
58.000000 43.000000 0.000000 0.000000 0.000000
58.000000 44.000000 0.000000 0.000000 0.000000
58.000000 45.000000 0.000000 0.000000 0.000000
58.000000 46.000000 0.000000 0.000000 0.000000
58.000000 47.000000 0.000000 0.000000 0.000000
58.000000 48.000000 0.000000 0.000000 0.000000
58.000000 49.000000 0.000000 0.000000 0.000000
59.000000 0.000000 0.000000 0.000000 0.000000
59.000000 1.000000 0.000000 0.000000 0.000000
59.000000 2.000000 0.000000 0.000000 0.000000
59.000000 3.000000 0.000000 0.000000 0.000000
59.000000 4.000000 0.000000 0.000000 0.000000
59.000000 5.000000 2149.000000 1153.000000 2149.000000
59.000000 6.000000 2758.000000 2670.666748 2758.000000
59.000000 7.000000 2098.000000 2377.333252 2638.000000
59.000000 8.000000 1209.000000 1487.333374 1773.000000
59.000000 9.000000 553.000000 759.333313 973.000000
59.000000 10.000000 220.000000 312.000000 415.000000
59.000000 11.000000 76.000000 117.666664 162.000000
59.000000 12.000000 25.000000 38.333332 51.000000
59.000000 13.000000 10.000000 13.000000 16.000000
59.000000 14.000000 3.000000 4.000000 6.000000
59.000000 15.000000 2.000000 2.000000 2.000000
59.000000 16.000000 1.000000 1.000000 1.000000
59.000000 17.000000 0.000000 0.000000 0.000000
59.000000 18.000000 0.000000 0.000000 0.000000
59.000000 19.000000 0.000000 0.000000 0.000000
59.000000 20.000000 0.000000 0.000000 0.000000
59.000000 21.000000 0.000000 0.000000 0.000000
59.000000 22.000000 0.000000 0.000000 0.000000
59.000000 23.000000 0.000000 0.000000 0.000000
59.000000 24.000000 0.000000 0.000000 0.000000
59.000000 25.000000 0.000000 0.000000 0.000000
59.000000 26.000000 0.000000 0.000000 0.000000
59.000000 27.000000 0.000000 0.000000 0.000000
59.000000 28.000000 0.000000 0.000000 0.000000
59.000000 29.000000 0.000000 0.000000 0.000000
59.000000 30.000000 0.000000 0.000000 0.000000
59.000000 31.000000 0.000000 0.000000 0.000000
59.000000 32.000000 0.000000 0.000000 0.000000
59.000000 33.000000 0.000000 0.000000 0.000000
59.000000 34.000000 0.000000 0.000000 0.000000
59.000000 35.000000 0.000000 0.000000 0.000000
59.000000 36.000000 0.000000 0.000000 0.000000
59.000000 37.000000 0.000000 0.000000 0.000000
59.000000 38.000000 0.000000 0.000000 0.000000
59.000000 39.000000 0.000000 0.000000 0.000000
59.000000 40.000000 0.000000 0.000000 0.000000
59.000000 41.000000 0.000000 0.000000 0.000000
59.000000 42.000000 0.000000 0.000000 0.000000
59.000000 43.000000 0.000000 0.000000 0.000000
59.000000 44.000000 0.000000 0.000000 0.000000
59.000000 45.000000 0.000000 0.000000 0.000000
59.000000 46.000000 0.000000 0.000000 0.000000
59.000000 47.000000 0.000000 0.000000 0.000000
59.000000 48.000000 0.000000 0.000000 0.000000
59.000000 49.000000 0.000000 0.000000 0.000000
60.000000 0.000000 0.000000 0.000000 0.000000
60.000000 1.000000 0.000000 0.000000 0.000000
60.000000 2.000000 0.000000 0.000000 0.000000
60.000000 3.000000 0.000000 0.000000 0.000000
60.000000 4.000000 0.000000 0.000000 0.000000
60.000000 5.000000 0.000000 0.000000 0.000000
60.000000 6.000000 0.000000 0.000000 0.000000
60.000000 7.000000 0.000000 0.000000 0.000000
60.000000 8.000000 0.000000 0.000000 0.000000
60.000000 9.000000 0.000000 0.000000 0.000000
60.000000 10.000000 0.000000 0.000000 0.000000
60.000000 11.000000 0.000000 0.000000 0.000000
60.000000 12.000000 0.000000 0.000000 0.000000
60.000000 13.000000 0.000000 0.000000 0.000000
60.000000 14.000000 0.000000 0.000000 0.000000
60.000000 15.000000 0.000000 0.000000 0.000000
60.000000 16.000000 0.000000 0.000000 0.000000
60.000000 17.000000 0.000000 0.000000 0.000000
60.000000 18.000000 0.000000 0.000000 0.000000
60.000000 19.000000 0.000000 0.000000 0.000000
60.000000 20.000000 0.000000 0.000000 0.000000
60.000000 21.000000 0.000000 0.000000 0.000000
60.000000 22.000000 0.000000 0.000000 0.000000
60.000000 23.000000 0.000000 0.000000 0.000000
60.000000 24.000000 0.000000 0.000000 0.000000
60.000000 25.000000 0.000000 0.000000 0.000000
60.000000 26.000000 0.000000 0.000000 0.000000
60.000000 27.000000 0.000000 0.000000 0.000000
60.000000 28.000000 0.000000 0.000000 0.000000
60.000000 29.000000 0.000000 0.000000 0.000000
60.000000 30.000000 0.000000 0.000000 0.000000
60.000000 31.000000 0.000000 0.000000 0.000000
60.000000 32.000000 0.000000 0.000000 0.000000
60.000000 33.000000 0.000000 0.000000 0.000000
60.000000 34.000000 0.000000 0.000000 0.000000
60.000000 35.000000 0.000000 0.000000 0.000000
60.000000 36.000000 0.000000 0.000000 0.000000
60.000000 37.000000 0.000000 0.000000 0.000000
60.000000 38.000000 0.000000 0.000000 0.000000
60.000000 39.000000 0.000000 0.000000 0.000000
60.000000 40.000000 0.000000 0.000000 0.000000
60.000000 41.000000 0.000000 0.000000 0.000000
60.000000 42.000000 0.000000 0.000000 0.000000
60.000000 43.000000 0.000000 0.000000 0.000000
60.000000 44.000000 0.000000 0.000000 0.000000
60.000000 45.000000 0.000000 0.000000 0.000000
60.000000 46.000000 0.000000 0.000000 0.000000
60.000000 47.000000 0.000000 0.000000 0.000000
60.000000 48.000000 0.000000 0.000000 0.000000
60.000000 49.000000 0.000000 0.000000 0.000000
61.000000 0.000000 0.000000 0.000000 0.000000
61.000000 1.000000 0.000000 0.000000 0.000000
61.000000 2.000000 0.000000 0.000000 0.000000
61.000000 3.000000 0.000000 0.000000 0.000000
61.000000 4.000000 0.000000 0.000000 0.000000
61.000000 5.000000 0.000000 0.000000 0.000000
61.000000 6.000000 0.000000 0.000000 0.000000
61.000000 7.000000 0.000000 0.000000 0.000000
61.000000 8.000000 0.000000 0.000000 0.000000
61.000000 9.000000 0.000000 0.000000 0.000000
61.000000 10.000000 0.000000 0.000000 0.000000
61.000000 11.000000 0.000000 0.000000 0.000000
61.000000 12.000000 0.000000 0.000000 0.000000
61.000000 13.000000 0.000000 0.000000 0.000000
61.000000 14.000000 0.000000 0.000000 0.000000
61.000000 15.000000 0.000000 0.000000 0.000000
61.000000 16.000000 0.000000 0.000000 0.000000
61.000000 17.000000 0.000000 0.000000 0.000000
61.000000 18.000000 0.000000 0.000000 0.000000
61.000000 19.000000 0.000000 0.000000 0.000000
61.000000 20.000000 0.000000 0.000000 0.000000
61.000000 21.000000 0.000000 0.000000 0.000000
61.000000 22.000000 0.000000 0.000000 0.000000
61.000000 23.000000 0.000000 0.000000 0.000000
61.000000 24.000000 0.000000 0.000000 0.000000
61.000000 25.000000 0.000000 0.000000 0.000000
61.000000 26.000000 0.000000 0.000000 0.000000
61.000000 27.000000 0.000000 0.000000 0.000000
61.000000 28.000000 0.000000 0.000000 0.000000
61.000000 29.000000 0.000000 0.000000 0.000000
61.000000 30.000000 0.000000 0.000000 0.000000
61.000000 31.000000 0.000000 0.000000 0.000000
61.000000 32.000000 0.000000 0.000000 0.000000
61.000000 33.000000 0.000000 0.000000 0.000000
61.000000 34.000000 0.000000 0.000000 0.000000
61.000000 35.000000 0.000000 0.000000 0.000000
61.000000 36.000000 0.000000 0.000000 0.000000
61.000000 37.000000 0.000000 0.000000 0.000000
61.000000 38.000000 0.000000 0.000000 0.000000
61.000000 39.000000 0.000000 0.000000 0.000000
61.000000 40.000000 0.000000 0.000000 0.000000
61.000000 41.000000 0.000000 0.000000 0.000000
61.000000 42.000000 0.000000 0.000000 0.000000
61.000000 43.000000 0.000000 0.000000 0.000000
61.000000 44.000000 0.000000 0.000000 0.000000
61.000000 45.000000 0.000000 0.000000 0.000000
61.000000 46.000000 0.000000 0.000000 0.000000
61.000000 47.000000 0.000000 0.000000 0.000000
61.000000 48.000000 0.000000 0.000000 0.000000
61.000000 49.000000 0.000000 0.000000 0.000000
62.000000 0.000000 0.000000 0.000000 0.000000
62.000000 1.000000 0.000000 0.000000 0.000000
62.000000 2.000000 0.000000 0.000000 0.000000
62.000000 3.000000 0.000000 0.000000 0.000000
62.000000 4.000000 0.000000 0.000000 0.000000
62.000000 5.000000 0.000000 0.000000 0.000000
62.000000 6.000000 0.000000 0.000000 0.000000
62.000000 7.000000 1637.000000 894.666687 1637.000000
62.000000 8.000000 2153.000000 2018.333374 2153.000000
62.000000 9.000000 1779.000000 1944.333374 2086.000000
62.000000 10.000000 1092.000000 1326.333374 1569.000000
62.000000 11.000000 502.000000 687.000000 879.000000
62.000000 12.000000 185.000000 276.666656 377.000000
62.000000 13.000000 67.000000 93.000000 123.000000
62.000000 14.000000 19.000000 33.666668 51.000000
62.000000 15.000000 7.000000 11.000000 14.000000
62.000000 16.000000 5.000000 6.000000 7.000000
62.000000 17.000000 3.000000 3.666667 5.000000
62.000000 18.000000 1.000000 1.666667 3.000000
62.000000 19.000000 1.000000 1.000000 1.000000
62.000000 20.000000 0.000000 0.666667 1.000000
62.000000 21.000000 0.000000 0.000000 0.000000
62.000000 22.000000 0.000000 0.000000 0.000000
62.000000 23.000000 0.000000 0.000000 0.000000
62.000000 24.000000 0.000000 0.000000 0.000000
62.000000 25.000000 0.000000 0.000000 0.000000
62.000000 26.000000 0.000000 0.000000 0.000000
62.000000 27.000000 0.000000 0.000000 0.000000
62.000000 28.000000 0.000000 0.000000 0.000000
62.000000 29.000000 0.000000 0.000000 0.000000
62.000000 30.000000 0.000000 0.000000 0.000000
62.000000 31.000000 0.000000 0.000000 0.000000
62.000000 32.000000 0.000000 0.000000 0.000000
62.000000 33.000000 0.000000 0.000000 0.000000
62.000000 34.000000 0.000000 0.000000 0.000000
62.000000 35.000000 0.000000 0.000000 0.000000
62.000000 36.000000 0.000000 0.000000 0.000000
62.000000 37.000000 0.000000 0.000000 0.000000
62.000000 38.000000 0.000000 0.000000 0.000000
62.000000 39.000000 0.000000 0.000000 0.000000
62.000000 40.000000 0.000000 0.000000 0.000000
62.000000 41.000000 0.000000 0.000000 0.000000
62.000000 42.000000 0.000000 0.000000 0.000000
62.000000 43.000000 0.000000 0.000000 0.000000
62.000000 44.000000 0.000000 0.000000 0.000000
62.000000 45.000000 0.000000 0.000000 0.000000
62.000000 46.000000 0.000000 0.000000 0.000000
62.000000 47.000000 0.000000 0.000000 0.000000
62.000000 48.000000 0.000000 0.000000 0.000000
62.000000 49.000000 0.000000 0.000000 0.000000
63.000000 0.000000 0.000000 0.000000 0.000000
63.000000 1.000000 0.000000 0.000000 0.000000
63.000000 2.000000 0.000000 0.000000 0.000000
63.000000 3.000000 0.000000 0.000000 0.000000
63.000000 4.000000 0.000000 0.000000 0.000000
63.000000 5.000000 0.000000 0.000000 0.000000
63.000000 6.000000 0.000000 0.000000 0.000000
63.000000 7.000000 0.000000 0.000000 0.000000
63.000000 8.000000 0.000000 0.000000 0.000000
63.000000 9.000000 0.000000 0.000000 0.000000
63.000000 10.000000 0.000000 0.000000 0.000000
63.000000 11.000000 0.000000 0.000000 0.000000
63.000000 12.000000 0.000000 0.000000 0.000000
63.000000 13.000000 0.000000 0.000000 0.000000
63.000000 14.000000 0.000000 0.000000 0.000000
63.000000 15.000000 0.000000 0.000000 0.000000
63.000000 16.000000 0.000000 0.000000 0.000000
63.000000 17.000000 0.000000 0.000000 0.000000
63.000000 18.000000 0.000000 0.000000 0.000000
63.000000 19.000000 0.000000 0.000000 0.000000
63.000000 20.000000 0.000000 0.000000 0.000000
63.000000 21.000000 0.000000 0.000000 0.000000
63.000000 22.000000 0.000000 0.000000 0.000000
63.000000 23.000000 0.000000 0.000000 0.000000
63.000000 24.000000 0.000000 0.000000 0.000000
63.000000 25.000000 0.000000 0.000000 0.000000
63.000000 26.000000 0.000000 0.000000 0.000000
63.000000 27.000000 0.000000 0.000000 0.000000
63.000000 28.000000 0.000000 0.000000 0.000000
63.000000 29.000000 0.000000 0.000000 0.000000
63.000000 30.000000 0.000000 0.000000 0.000000
63.000000 31.000000 0.000000 0.000000 0.000000
63.000000 32.000000 0.000000 0.000000 0.000000
63.000000 33.000000 0.000000 0.000000 0.000000
63.000000 34.000000 0.000000 0.000000 0.000000
63.000000 35.000000 0.000000 0.000000 0.000000
63.000000 36.000000 0.000000 0.000000 0.000000
63.000000 37.000000 0.000000 0.000000 0.000000
63.000000 38.000000 0.000000 0.000000 0.000000
63.000000 39.000000 0.000000 0.000000 0.000000
63.000000 40.000000 0.000000 0.000000 0.000000
63.000000 41.000000 0.000000 0.000000 0.000000
63.000000 42.000000 0.000000 0.000000 0.000000
63.000000 43.000000 0.000000 0.000000 0.000000
63.000000 44.000000 0.000000 0.000000 0.000000
63.000000 45.000000 0.000000 0.000000 0.000000
63.000000 46.000000 0.000000 0.000000 0.000000
63.000000 47.000000 0.000000 0.000000 0.000000
63.000000 48.000000 0.000000 0.000000 0.000000
63.000000 49.000000 0.000000 0.000000 0.000000
64.000000 0.000000 0.000000 0.000000 0.000000
64.000000 1.000000 0.000000 0.000000 0.000000
64.000000 2.000000 0.000000 0.000000 0.000000
64.000000 3.000000 0.000000 0.000000 0.000000
64.000000 4.000000 0.000000 0.000000 0.000000
64.000000 5.000000 0.000000 0.000000 0.000000
64.000000 6.000000 541.000000 283.000000 541.000000
64.000000 7.000000 1869.000000 1355.666626 1869.000000
64.000000 8.000000 2250.000000 2226.000000 2254.000000
64.000000 9.000000 1678.000000 1913.000000 2137.000000
64.000000 10.000000 960.000000 1190.666626 1433.000000
64.000000 11.000000 461.000000 603.666687 754.000000
64.000000 12.000000 199.000000 273.333344 352.000000
64.000000 13.000000 74.000000 110.666664 150.000000
64.000000 14.000000 33.000000 46.000000 57.000000
64.000000 15.000000 8.000000 15.000000 24.000000
64.000000 16.000000 3.000000 4.333333 7.000000
64.000000 17.000000 0.000000 1.000000 2.000000
64.000000 18.000000 0.000000 0.000000 0.000000
64.000000 19.000000 0.000000 0.000000 0.000000
64.000000 20.000000 0.000000 0.000000 0.000000
64.000000 21.000000 0.000000 0.000000 0.000000
64.000000 22.000000 0.000000 0.000000 0.000000
64.000000 23.000000 0.000000 0.000000 0.000000
64.000000 24.000000 0.000000 0.000000 0.000000
64.000000 25.000000 0.000000 0.000000 0.000000
64.000000 26.000000 0.000000 0.000000 0.000000
64.000000 27.000000 0.000000 0.000000 0.000000
64.000000 28.000000 0.000000 0.000000 0.000000
64.000000 29.000000 0.000000 0.000000 0.000000
64.000000 30.000000 0.000000 0.000000 0.000000
64.000000 31.000000 0.000000 0.000000 0.000000
64.000000 32.000000 0.000000 0.000000 0.000000
64.000000 33.000000 0.000000 0.000000 0.000000
64.000000 34.000000 0.000000 0.000000 0.000000
64.000000 35.000000 0.000000 0.000000 0.000000
64.000000 36.000000 0.000000 0.000000 0.000000
64.000000 37.000000 0.000000 0.000000 0.000000
64.000000 38.000000 0.000000 0.000000 0.000000
64.000000 39.000000 0.000000 0.000000 0.000000
64.000000 40.000000 0.000000 0.000000 0.000000
64.000000 41.000000 0.000000 0.000000 0.000000
64.000000 42.000000 0.000000 0.000000 0.000000
64.000000 43.000000 0.000000 0.000000 0.000000
64.000000 44.000000 0.000000 0.000000 0.000000
64.000000 45.000000 0.000000 0.000000 0.000000
64.000000 46.000000 0.000000 0.000000 0.000000
64.000000 47.000000 0.000000 0.000000 0.000000
64.000000 48.000000 0.000000 0.000000 0.000000
64.000000 49.000000 0.000000 0.000000 0.000000
65.000000 0.000000 0.000000 0.000000 0.000000
65.000000 1.000000 0.000000 0.000000 0.000000
65.000000 2.000000 0.000000 0.000000 0.000000
65.000000 3.000000 0.000000 0.000000 0.000000
65.000000 4.000000 0.000000 0.000000 0.000000
65.000000 5.000000 0.000000 0.000000 0.000000
65.000000 6.000000 0.000000 0.000000 0.000000
65.000000 7.000000 0.000000 0.000000 0.000000
65.000000 8.000000 0.000000 0.000000 0.000000
65.000000 9.000000 0.000000 0.000000 0.000000
65.000000 10.000000 0.000000 0.000000 0.000000
65.000000 11.000000 0.000000 0.000000 0.000000
65.000000 12.000000 0.000000 0.000000 0.000000
65.000000 13.000000 0.000000 0.000000 0.000000
65.000000 14.000000 0.000000 0.000000 0.000000
65.000000 15.000000 0.000000 0.000000 0.000000
65.000000 16.000000 0.000000 0.000000 0.000000
65.000000 17.000000 0.000000 0.000000 0.000000
65.000000 18.000000 0.000000 0.000000 0.000000
65.000000 19.000000 0.000000 0.000000 0.000000
65.000000 20.000000 0.000000 0.000000 0.000000
65.000000 21.000000 0.000000 0.000000 0.000000
65.000000 22.000000 0.000000 0.000000 0.000000
65.000000 23.000000 0.000000 0.000000 0.000000
65.000000 24.000000 0.000000 0.000000 0.000000
65.000000 25.000000 0.000000 0.000000 0.000000
65.000000 26.000000 0.000000 0.000000 0.000000
65.000000 27.000000 0.000000 0.000000 0.000000
65.000000 28.000000 0.000000 0.000000 0.000000
65.000000 29.000000 0.000000 0.000000 0.000000
65.000000 30.000000 0.000000 0.000000 0.000000
65.000000 31.000000 0.000000 0.000000 0.000000
65.000000 32.000000 0.000000 0.000000 0.000000
65.000000 33.000000 0.000000 0.000000 0.000000
65.000000 34.000000 0.000000 0.000000 0.000000
65.000000 35.000000 0.000000 0.000000 0.000000
65.000000 36.000000 0.000000 0.000000 0.000000
65.000000 37.000000 0.000000 0.000000 0.000000
65.000000 38.000000 0.000000 0.000000 0.000000
65.000000 39.000000 0.000000 0.000000 0.000000
65.000000 40.000000 0.000000 0.000000 0.000000
65.000000 41.000000 0.000000 0.000000 0.000000
65.000000 42.000000 0.000000 0.000000 0.000000
65.000000 43.000000 0.000000 0.000000 0.000000
65.000000 44.000000 0.000000 0.000000 0.000000
65.000000 45.000000 0.000000 0.000000 0.000000
65.000000 46.000000 0.000000 0.000000 0.000000
65.000000 47.000000 0.000000 0.000000 0.000000
65.000000 48.000000 0.000000 0.000000 0.000000
65.000000 49.000000 0.000000 0.000000 0.000000
66.000000 0.000000 0.000000 0.000000 0.000000
66.000000 1.000000 0.000000 0.000000 0.000000
66.000000 2.000000 0.000000 0.000000 0.000000
66.000000 3.000000 0.000000 0.000000 0.000000
66.000000 4.000000 0.000000 0.000000 0.000000
66.000000 5.000000 0.000000 0.000000 0.000000
66.000000 6.000000 0.000000 0.000000 0.000000
66.000000 7.000000 1788.000000 946.000000 1788.000000
66.000000 8.000000 2401.000000 2294.333252 2401.000000
66.000000 9.000000 1894.000000 2126.666748 2323.000000
66.000000 10.000000 1118.000000 1381.333374 1658.000000
66.000000 11.000000 545.000000 720.666687 909.000000
66.000000 12.000000 198.000000 305.000000 414.000000
66.000000 13.000000 69.000000 102.333336 136.000000
66.000000 14.000000 22.000000 32.333332 45.000000
66.000000 15.000000 9.000000 11.000000 13.000000
66.000000 16.000000 4.000000 4.666667 6.000000
66.000000 17.000000 2.000000 2.666667 4.000000
66.000000 18.000000 1.000000 1.333333 2.000000
66.000000 19.000000 1.000000 1.000000 1.000000
66.000000 20.000000 0.000000 0.666667 1.000000
66.000000 21.000000 0.000000 0.000000 0.000000
66.000000 22.000000 0.000000 0.000000 0.000000
66.000000 23.000000 0.000000 0.000000 0.000000
66.000000 24.000000 0.000000 0.000000 0.000000
66.000000 25.000000 0.000000 0.000000 0.000000
66.000000 26.000000 0.000000 0.000000 0.000000
66.000000 27.000000 0.000000 0.000000 0.000000
66.000000 28.000000 0.000000 0.000000 0.000000
66.000000 29.000000 0.000000 0.000000 0.000000
66.000000 30.000000 0.000000 0.000000 0.000000
66.000000 31.000000 0.000000 0.000000 0.000000
66.000000 32.000000 0.000000 0.000000 0.000000
66.000000 33.000000 0.000000 0.000000 0.000000
66.000000 34.000000 0.000000 0.000000 0.000000
66.000000 35.000000 0.000000 0.000000 0.000000
66.000000 36.000000 0.000000 0.000000 0.000000
66.000000 37.000000 0.000000 0.000000 0.000000
66.000000 38.000000 0.000000 0.000000 0.000000
66.000000 39.000000 0.000000 0.000000 0.000000
66.000000 40.000000 0.000000 0.000000 0.000000
66.000000 41.000000 0.000000 0.000000 0.000000
66.000000 42.000000 0.000000 0.000000 0.000000
66.000000 43.000000 0.000000 0.000000 0.000000
66.000000 44.000000 0.000000 0.000000 0.000000
66.000000 45.000000 0.000000 0.000000 0.000000
66.000000 46.000000 0.000000 0.000000 0.000000
66.000000 47.000000 0.000000 0.000000 0.000000
66.000000 48.000000 0.000000 0.000000 0.000000
66.000000 49.000000 0.000000 0.000000 0.000000
67.000000 0.000000 0.000000 0.000000 0.000000
67.000000 1.000000 0.000000 0.000000 0.000000
67.000000 2.000000 0.000000 0.000000 0.000000
67.000000 3.000000 0.000000 0.000000 0.000000
67.000000 4.000000 1591.000000 864.666687 1591.000000
67.000000 5.000000 2141.000000 2035.333374 2141.000000
67.000000 6.000000 1831.000000 1986.666626 2106.000000
67.000000 7.000000 1162.000000 1406.000000 1626.000000
67.000000 8.000000 569.000000 751.333313 944.000000
67.000000 9.000000 250.000000 339.666656 432.000000
67.000000 10.000000 88.000000 126.666664 174.000000
67.000000 11.000000 34.000000 47.333332 62.000000
67.000000 12.000000 16.000000 21.333334 27.000000
67.000000 13.000000 2.000000 4.666667 7.000000
67.000000 14.000000 0.000000 0.666667 2.000000
67.000000 15.000000 0.000000 0.000000 0.000000
67.000000 16.000000 0.000000 0.000000 0.000000
67.000000 17.000000 0.000000 0.000000 0.000000
67.000000 18.000000 0.000000 0.000000 0.000000
67.000000 19.000000 0.000000 0.000000 0.000000
67.000000 20.000000 0.000000 0.000000 0.000000
67.000000 21.000000 0.000000 0.000000 0.000000
67.000000 22.000000 0.000000 0.000000 0.000000
67.000000 23.000000 0.000000 0.000000 0.000000
67.000000 24.000000 0.000000 0.000000 0.000000
67.000000 25.000000 0.000000 0.000000 0.000000
67.000000 26.000000 0.000000 0.000000 0.000000
67.000000 27.000000 0.000000 0.000000 0.000000
67.000000 28.000000 0.000000 0.000000 0.000000
67.000000 29.000000 0.000000 0.000000 0.000000
67.000000 30.000000 0.000000 0.000000 0.000000
67.000000 31.000000 0.000000 0.000000 0.000000
67.000000 32.000000 0.000000 0.000000 0.000000
67.000000 33.000000 0.000000 0.000000 0.000000
67.000000 34.000000 0.000000 0.000000 0.000000
67.000000 35.000000 0.000000 0.000000 0.000000
67.000000 36.000000 0.000000 0.000000 0.000000
67.000000 37.000000 0.000000 0.000000 0.000000
67.000000 38.000000 0.000000 0.000000 0.000000
67.000000 39.000000 0.000000 0.000000 0.000000
67.000000 40.000000 0.000000 0.000000 0.000000
67.000000 41.000000 0.000000 0.000000 0.000000
67.000000 42.000000 0.000000 0.000000 0.000000
67.000000 43.000000 0.000000 0.000000 0.000000
67.000000 44.000000 0.000000 0.000000 0.000000
67.000000 45.000000 0.000000 0.000000 0.000000
67.000000 46.000000 0.000000 0.000000 0.000000
67.000000 47.000000 0.000000 0.000000 0.000000
67.000000 48.000000 0.000000 0.000000 0.000000
67.000000 49.000000 0.000000 0.000000 0.000000
68.000000 0.000000 0.000000 0.000000 0.000000
68.000000 1.000000 0.000000 0.000000 0.000000
68.000000 2.000000 0.000000 0.000000 0.000000
68.000000 3.000000 0.000000 0.000000 0.000000
68.000000 4.000000 0.000000 0.000000 0.000000
68.000000 5.000000 0.000000 0.000000 0.000000
68.000000 6.000000 0.000000 0.000000 0.000000
68.000000 7.000000 0.000000 0.000000 0.000000
68.000000 8.000000 0.000000 0.000000 0.000000
68.000000 9.000000 0.000000 0.000000 0.000000
68.000000 10.000000 0.000000 0.000000 0.000000
68.000000 11.000000 0.000000 0.000000 0.000000
68.000000 12.000000 0.000000 0.000000 0.000000
68.000000 13.000000 0.000000 0.000000 0.000000
68.000000 14.000000 0.000000 0.000000 0.000000
68.000000 15.000000 0.000000 0.000000 0.000000
68.000000 16.000000 0.000000 0.000000 0.000000
68.000000 17.000000 0.000000 0.000000 0.000000
68.000000 18.000000 0.000000 0.000000 0.000000
68.000000 19.000000 0.000000 0.000000 0.000000
68.000000 20.000000 0.000000 0.000000 0.000000
68.000000 21.000000 0.000000 0.000000 0.000000
68.000000 22.000000 0.000000 0.000000 0.000000
68.000000 23.000000 0.000000 0.000000 0.000000
68.000000 24.000000 0.000000 0.000000 0.000000
68.000000 25.000000 0.000000 0.000000 0.000000
68.000000 26.000000 0.000000 0.000000 0.000000
68.000000 27.000000 0.000000 0.000000 0.000000
68.000000 28.000000 0.000000 0.000000 0.000000
68.000000 29.000000 0.000000 0.000000 0.000000
68.000000 30.000000 0.000000 0.000000 0.000000
68.000000 31.000000 0.000000 0.000000 0.000000
68.000000 32.000000 0.000000 0.000000 0.000000
68.000000 33.000000 0.000000 0.000000 0.000000
68.000000 34.000000 0.000000 0.000000 0.000000
68.000000 35.000000 0.000000 0.000000 0.000000
68.000000 36.000000 0.000000 0.000000 0.000000
68.000000 37.000000 0.000000 0.000000 0.000000
68.000000 38.000000 0.000000 0.000000 0.000000
68.000000 39.000000 0.000000 0.000000 0.000000
68.000000 40.000000 0.000000 0.000000 0.000000
68.000000 41.000000 0.000000 0.000000 0.000000
68.000000 42.000000 0.000000 0.000000 0.000000
68.000000 43.000000 0.000000 0.000000 0.000000
68.000000 44.000000 0.000000 0.000000 0.000000
68.000000 45.000000 0.000000 0.000000 0.000000
68.000000 46.000000 0.000000 0.000000 0.000000
68.000000 47.000000 0.000000 0.000000 0.000000
68.000000 48.000000 0.000000 0.000000 0.000000
68.000000 49.000000 0.000000 0.000000 0.000000
69.000000 0.000000 0.000000 0.000000 0.000000
69.000000 1.000000 0.000000 0.000000 0.000000
69.000000 2.000000 0.000000 0.000000 0.000000
69.000000 3.000000 0.000000 0.000000 0.000000
69.000000 4.000000 0.000000 0.000000 0.000000
69.000000 5.000000 0.000000 0.000000 0.000000
69.000000 6.000000 0.000000 0.000000 0.000000
69.000000 7.000000 0.000000 0.000000 0.000000
69.000000 8.000000 0.000000 0.000000 0.000000
69.000000 9.000000 0.000000 0.000000 0.000000
69.000000 10.000000 0.000000 0.000000 0.000000
69.000000 11.000000 0.000000 0.000000 0.000000
69.000000 12.000000 0.000000 0.000000 0.000000
69.000000 13.000000 0.000000 0.000000 0.000000
69.000000 14.000000 0.000000 0.000000 0.000000
69.000000 15.000000 0.000000 0.000000 0.000000
69.000000 16.000000 0.000000 0.000000 0.000000
69.000000 17.000000 0.000000 0.000000 0.000000
69.000000 18.000000 0.000000 0.000000 0.000000
69.000000 19.000000 0.000000 0.000000 0.000000
69.000000 20.000000 0.000000 0.000000 0.000000
69.000000 21.000000 0.000000 0.000000 0.000000
69.000000 22.000000 0.000000 0.000000 0.000000
69.000000 23.000000 0.000000 0.000000 0.000000
69.000000 24.000000 0.000000 0.000000 0.000000
69.000000 25.000000 0.000000 0.000000 0.000000
69.000000 26.000000 0.000000 0.000000 0.000000
69.000000 27.000000 0.000000 0.000000 0.000000
69.000000 28.000000 0.000000 0.000000 0.000000
69.000000 29.000000 0.000000 0.000000 0.000000
69.000000 30.000000 0.000000 0.000000 0.000000
69.000000 31.000000 0.000000 0.000000 0.000000
69.000000 32.000000 0.000000 0.000000 0.000000
69.000000 33.000000 0.000000 0.000000 0.000000
69.000000 34.000000 0.000000 0.000000 0.000000
69.000000 35.000000 0.000000 0.000000 0.000000
69.000000 36.000000 0.000000 0.000000 0.000000
69.000000 37.000000 0.000000 0.000000 0.000000
69.000000 38.000000 0.000000 0.000000 0.000000
69.000000 39.000000 0.000000 0.000000 0.000000
69.000000 40.000000 0.000000 0.000000 0.000000
69.000000 41.000000 0.000000 0.000000 0.000000
69.000000 42.000000 0.000000 0.000000 0.000000
69.000000 43.000000 0.000000 0.000000 0.000000
69.000000 44.000000 0.000000 0.000000 0.000000
69.000000 45.000000 0.000000 0.000000 0.000000
69.000000 46.000000 0.000000 0.000000 0.000000
69.000000 47.000000 0.000000 0.000000 0.000000
69.000000 48.000000 0.000000 0.000000 0.000000
69.000000 49.000000 0.000000 0.000000 0.000000
70.000000 0.000000 0.000000 0.000000 0.000000
70.000000 1.000000 0.000000 0.000000 0.000000
70.000000 2.000000 0.000000 0.000000 0.000000
70.000000 3.000000 0.000000 0.000000 0.000000
70.000000 4.000000 0.000000 0.000000 0.000000
70.000000 5.000000 0.000000 0.000000 0.000000
70.000000 6.000000 0.000000 0.000000 0.000000
70.000000 7.000000 0.000000 0.000000 0.000000
70.000000 8.000000 0.000000 0.000000 0.000000
70.000000 9.000000 0.000000 0.000000 0.000000
70.000000 10.000000 0.000000 0.000000 0.000000
70.000000 11.000000 0.000000 0.000000 0.000000
70.000000 12.000000 0.000000 0.000000 0.000000
70.000000 13.000000 0.000000 0.000000 0.000000
70.000000 14.000000 0.000000 0.000000 0.000000
70.000000 15.000000 0.000000 0.000000 0.000000
70.000000 16.000000 0.000000 0.000000 0.000000
70.000000 17.000000 0.000000 0.000000 0.000000
70.000000 18.000000 0.000000 0.000000 0.000000
70.000000 19.000000 0.000000 0.000000 0.000000
70.000000 20.000000 0.000000 0.000000 0.000000
70.000000 21.000000 0.000000 0.000000 0.000000
70.000000 22.000000 0.000000 0.000000 0.000000
70.000000 23.000000 0.000000 0.000000 0.000000
70.000000 24.000000 0.000000 0.000000 0.000000
70.000000 25.000000 0.000000 0.000000 0.000000
70.000000 26.000000 0.000000 0.000000 0.000000
70.000000 27.000000 0.000000 0.000000 0.000000
70.000000 28.000000 0.000000 0.000000 0.000000
70.000000 29.000000 0.000000 0.000000 0.000000
70.000000 30.000000 0.000000 0.000000 0.000000
70.000000 31.000000 0.000000 0.000000 0.000000
70.000000 32.000000 0.000000 0.000000 0.000000
70.000000 33.000000 0.000000 0.000000 0.000000
70.000000 34.000000 0.000000 0.000000 0.000000
70.000000 35.000000 0.000000 0.000000 0.000000
70.000000 36.000000 0.000000 0.000000 0.000000
70.000000 37.000000 0.000000 0.000000 0.000000
70.000000 38.000000 0.000000 0.000000 0.000000
70.000000 39.000000 0.000000 0.000000 0.000000
70.000000 40.000000 0.000000 0.000000 0.000000
70.000000 41.000000 0.000000 0.000000 0.000000
70.000000 42.000000 0.000000 0.000000 0.000000
70.000000 43.000000 0.000000 0.000000 0.000000
70.000000 44.000000 0.000000 0.000000 0.000000
70.000000 45.000000 0.000000 0.000000 0.000000
70.000000 46.000000 0.000000 0.000000 0.000000
70.000000 47.000000 0.000000 0.000000 0.000000
70.000000 48.000000 0.000000 0.000000 0.000000
70.000000 49.000000 0.000000 0.000000 0.000000
71.000000 0.000000 0.000000 0.000000 0.000000
71.000000 1.000000 0.000000 0.000000 0.000000
71.000000 2.000000 0.000000 0.000000 0.000000
71.000000 3.000000 0.000000 0.000000 0.000000
71.000000 4.000000 0.000000 0.000000 0.000000
71.000000 5.000000 0.000000 0.000000 0.000000
71.000000 6.000000 0.000000 0.000000 0.000000
71.000000 7.000000 0.000000 0.000000 0.000000
71.000000 8.000000 0.000000 0.000000 0.000000
71.000000 9.000000 0.000000 0.000000 0.000000
71.000000 10.000000 0.000000 0.000000 0.000000
71.000000 11.000000 0.000000 0.000000 0.000000
71.000000 12.000000 0.000000 0.000000 0.000000
71.000000 13.000000 0.000000 0.000000 0.000000
71.000000 14.000000 0.000000 0.000000 0.000000
71.000000 15.000000 0.000000 0.000000 0.000000
71.000000 16.000000 0.000000 0.000000 0.000000
71.000000 17.000000 0.000000 0.000000 0.000000
71.000000 18.000000 0.000000 0.000000 0.000000
71.000000 19.000000 0.000000 0.000000 0.000000
71.000000 20.000000 0.000000 0.000000 0.000000
71.000000 21.000000 0.000000 0.000000 0.000000
71.000000 22.000000 0.000000 0.000000 0.000000
71.000000 23.000000 0.000000 0.000000 0.000000
71.000000 24.000000 0.000000 0.000000 0.000000
71.000000 25.000000 0.000000 0.000000 0.000000
71.000000 26.000000 0.000000 0.000000 0.000000
71.000000 27.000000 0.000000 0.000000 0.000000
71.000000 28.000000 0.000000 0.000000 0.000000
71.000000 29.000000 0.000000 0.000000 0.000000
71.000000 30.000000 0.000000 0.000000 0.000000
71.000000 31.000000 0.000000 0.000000 0.000000
71.000000 32.000000 0.000000 0.000000 0.000000
71.000000 33.000000 0.000000 0.000000 0.000000
71.000000 34.000000 0.000000 0.000000 0.000000
71.000000 35.000000 0.000000 0.000000 0.000000
71.000000 36.000000 0.000000 0.000000 0.000000
71.000000 37.000000 0.000000 0.000000 0.000000
71.000000 38.000000 0.000000 0.000000 0.000000
71.000000 39.000000 0.000000 0.000000 0.000000
71.000000 40.000000 0.000000 0.000000 0.000000
71.000000 41.000000 0.000000 0.000000 0.000000
71.000000 42.000000 0.000000 0.000000 0.000000
71.000000 43.000000 0.000000 0.000000 0.000000
71.000000 44.000000 0.000000 0.000000 0.000000
71.000000 45.000000 0.000000 0.000000 0.000000
71.000000 46.000000 0.000000 0.000000 0.000000
71.000000 47.000000 0.000000 0.000000 0.000000
71.000000 48.000000 0.000000 0.000000 0.000000
71.000000 49.000000 0.000000 0.000000 0.000000
72.000000 0.000000 0.000000 0.000000 0.000000
72.000000 1.000000 0.000000 0.000000 0.000000
72.000000 2.000000 0.000000 0.000000 0.000000
72.000000 3.000000 0.000000 0.000000 0.000000
72.000000 4.000000 1926.000000 1034.666626 1926.000000
72.000000 5.000000 2590.000000 2438.666748 2590.000000
72.000000 6.000000 2115.000000 2332.666748 2508.000000
72.000000 7.000000 1256.000000 1555.666626 1840.000000
72.000000 8.000000 615.000000 806.000000 1000.000000
72.000000 9.000000 263.000000 365.666656 472.000000
72.000000 10.000000 117.000000 160.333328 209.000000
72.000000 11.000000 43.000000 61.333332 80.000000
72.000000 12.000000 12.000000 21.333334 31.000000
72.000000 13.000000 4.000000 6.666667 10.000000
72.000000 14.000000 1.000000 2.000000 3.000000
72.000000 15.000000 0.000000 0.666667 1.000000
72.000000 16.000000 0.000000 0.000000 0.000000
72.000000 17.000000 0.000000 0.000000 0.000000
72.000000 18.000000 0.000000 0.000000 0.000000
72.000000 19.000000 0.000000 0.000000 0.000000
72.000000 20.000000 0.000000 0.000000 0.000000
72.000000 21.000000 0.000000 0.000000 0.000000
72.000000 22.000000 0.000000 0.000000 0.000000
72.000000 23.000000 0.000000 0.000000 0.000000
72.000000 24.000000 0.000000 0.000000 0.000000
72.000000 25.000000 0.000000 0.000000 0.000000
72.000000 26.000000 0.000000 0.000000 0.000000
72.000000 27.000000 0.000000 0.000000 0.000000
72.000000 28.000000 0.000000 0.000000 0.000000
72.000000 29.000000 0.000000 0.000000 0.000000
72.000000 30.000000 0.000000 0.000000 0.000000
72.000000 31.000000 0.000000 0.000000 0.000000
72.000000 32.000000 0.000000 0.000000 0.000000
72.000000 33.000000 0.000000 0.000000 0.000000
72.000000 34.000000 0.000000 0.000000 0.000000
72.000000 35.000000 0.000000 0.000000 0.000000
72.000000 36.000000 0.000000 0.000000 0.000000
72.000000 37.000000 0.000000 0.000000 0.000000
72.000000 38.000000 0.000000 0.000000 0.000000
72.000000 39.000000 0.000000 0.000000 0.000000
72.000000 40.000000 0.000000 0.000000 0.000000
72.000000 41.000000 0.000000 0.000000 0.000000
72.000000 42.000000 0.000000 0.000000 0.000000
72.000000 43.000000 0.000000 0.000000 0.000000
72.000000 44.000000 0.000000 0.000000 0.000000
72.000000 45.000000 0.000000 0.000000 0.000000
72.000000 46.000000 0.000000 0.000000 0.000000
72.000000 47.000000 0.000000 0.000000 0.000000
72.000000 48.000000 0.000000 0.000000 0.000000
72.000000 49.000000 0.000000 0.000000 0.000000
73.000000 0.000000 0.000000 0.000000 0.000000
73.000000 1.000000 0.000000 0.000000 0.000000
73.000000 2.000000 0.000000 0.000000 0.000000
73.000000 3.000000 0.000000 0.000000 0.000000
73.000000 4.000000 0.000000 0.000000 0.000000
73.000000 5.000000 0.000000 0.000000 0.000000
73.000000 6.000000 0.000000 0.000000 0.000000
73.000000 7.000000 2037.000000 1094.333374 2037.000000
73.000000 8.000000 2654.000000 2545.333252 2654.000000
73.000000 9.000000 2150.000000 2367.000000 2561.000000
73.000000 10.000000 1277.000000 1560.000000 1840.000000
73.000000 11.000000 629.000000 829.000000 1038.000000
73.000000 12.000000 261.000000 371.333344 485.000000
73.000000 13.000000 102.000000 145.000000 194.000000
73.000000 14.000000 40.000000 59.000000 77.000000
73.000000 15.000000 12.000000 19.333334 30.000000
73.000000 16.000000 3.000000 5.333333 9.000000
73.000000 17.000000 1.000000 1.666667 2.000000
73.000000 18.000000 0.000000 0.333333 1.000000
73.000000 19.000000 0.000000 0.000000 0.000000
73.000000 20.000000 0.000000 0.000000 0.000000
73.000000 21.000000 0.000000 0.000000 0.000000
73.000000 22.000000 0.000000 0.000000 0.000000
73.000000 23.000000 0.000000 0.000000 0.000000
73.000000 24.000000 0.000000 0.000000 0.000000
73.000000 25.000000 0.000000 0.000000 0.000000
73.000000 26.000000 0.000000 0.000000 0.000000
73.000000 27.000000 0.000000 0.000000 0.000000
73.000000 28.000000 0.000000 0.000000 0.000000
73.000000 29.000000 0.000000 0.000000 0.000000
73.000000 30.000000 0.000000 0.000000 0.000000
73.000000 31.000000 0.000000 0.000000 0.000000
73.000000 32.000000 0.000000 0.000000 0.000000
73.000000 33.000000 0.000000 0.000000 0.000000
73.000000 34.000000 0.000000 0.000000 0.000000
73.000000 35.000000 0.000000 0.000000 0.000000
73.000000 36.000000 0.000000 0.000000 0.000000
73.000000 37.000000 0.000000 0.000000 0.000000
73.000000 38.000000 0.000000 0.000000 0.000000
73.000000 39.000000 0.000000 0.000000 0.000000
73.000000 40.000000 0.000000 0.000000 0.000000
73.000000 41.000000 0.000000 0.000000 0.000000
73.000000 42.000000 0.000000 0.000000 0.000000
73.000000 43.000000 0.000000 0.000000 0.000000
73.000000 44.000000 0.000000 0.000000 0.000000
73.000000 45.000000 0.000000 0.000000 0.000000
73.000000 46.000000 0.000000 0.000000 0.000000
73.000000 47.000000 0.000000 0.000000 0.000000
73.000000 48.000000 0.000000 0.000000 0.000000
73.000000 49.000000 0.000000 0.000000 0.000000
74.000000 0.000000 0.000000 0.000000 0.000000
74.000000 1.000000 0.000000 0.000000 0.000000
74.000000 2.000000 0.000000 0.000000 0.000000
74.000000 3.000000 0.000000 0.000000 0.000000
74.000000 4.000000 0.000000 0.000000 0.000000
74.000000 5.000000 0.000000 0.000000 0.000000
74.000000 6.000000 0.000000 0.000000 0.000000
74.000000 7.000000 0.000000 0.000000 0.000000
74.000000 8.000000 1331.000000 741.000000 1331.000000
74.000000 9.000000 1947.000000 1764.666626 1947.000000
74.000000 10.000000 1823.000000 1917.333374 1967.000000
74.000000 11.000000 1222.000000 1438.666626 1642.000000
74.000000 12.000000 644.000000 827.333313 1014.000000
74.000000 13.000000 267.000000 378.000000 503.000000
74.000000 14.000000 115.000000 158.000000 205.000000
74.000000 15.000000 55.000000 70.000000 86.000000
74.000000 16.000000 20.000000 27.000000 37.000000
74.000000 17.000000 7.000000 8.333333 10.000000
74.000000 18.000000 1.000000 2.333333 5.000000
74.000000 19.000000 1.000000 1.333333 2.000000
74.000000 20.000000 0.000000 0.000000 0.000000
74.000000 21.000000 0.000000 0.000000 0.000000
74.000000 22.000000 0.000000 0.000000 0.000000
74.000000 23.000000 0.000000 0.000000 0.000000
74.000000 24.000000 0.000000 0.000000 0.000000
74.000000 25.000000 0.000000 0.000000 0.000000
74.000000 26.000000 0.000000 0.000000 0.000000
74.000000 27.000000 0.000000 0.000000 0.000000
74.000000 28.000000 0.000000 0.000000 0.000000
74.000000 29.000000 0.000000 0.000000 0.000000
74.000000 30.000000 0.000000 0.000000 0.000000
74.000000 31.000000 0.000000 0.000000 0.000000
74.000000 32.000000 0.000000 0.000000 0.000000
74.000000 33.000000 0.000000 0.000000 0.000000
74.000000 34.000000 0.000000 0.000000 0.000000
74.000000 35.000000 0.000000 0.000000 0.000000
74.000000 36.000000 0.000000 0.000000 0.000000
74.000000 37.000000 0.000000 0.000000 0.000000
74.000000 38.000000 0.000000 0.000000 0.000000
74.000000 39.000000 0.000000 0.000000 0.000000
74.000000 40.000000 0.000000 0.000000 0.000000
74.000000 41.000000 0.000000 0.000000 0.000000
74.000000 42.000000 0.000000 0.000000 0.000000
74.000000 43.000000 0.000000 0.000000 0.000000
74.000000 44.000000 0.000000 0.000000 0.000000
74.000000 45.000000 0.000000 0.000000 0.000000
74.000000 46.000000 0.000000 0.000000 0.000000
74.000000 47.000000 0.000000 0.000000 0.000000
74.000000 48.000000 0.000000 0.000000 0.000000
74.000000 49.000000 0.000000 0.000000 0.000000
75.000000 0.000000 0.000000 0.000000 0.000000
75.000000 1.000000 0.000000 0.000000 0.000000
75.000000 2.000000 0.000000 0.000000 0.000000
75.000000 3.000000 0.000000 0.000000 0.000000
75.000000 4.000000 0.000000 0.000000 0.000000
75.000000 5.000000 0.000000 0.000000 0.000000
75.000000 6.000000 0.000000 0.000000 0.000000
75.000000 7.000000 0.000000 0.000000 0.000000
75.000000 8.000000 0.000000 0.000000 0.000000
75.000000 9.000000 0.000000 0.000000 0.000000
75.000000 10.000000 0.000000 0.000000 0.000000
75.000000 11.000000 0.000000 0.000000 0.000000
75.000000 12.000000 0.000000 0.000000 0.000000
75.000000 13.000000 0.000000 0.000000 0.000000
75.000000 14.000000 0.000000 0.000000 0.000000
75.000000 15.000000 0.000000 0.000000 0.000000
75.000000 16.000000 0.000000 0.000000 0.000000
75.000000 17.000000 0.000000 0.000000 0.000000
75.000000 18.000000 0.000000 0.000000 0.000000
75.000000 19.000000 0.000000 0.000000 0.000000
75.000000 20.000000 0.000000 0.000000 0.000000
75.000000 21.000000 0.000000 0.000000 0.000000
75.000000 22.000000 0.000000 0.000000 0.000000
75.000000 23.000000 0.000000 0.000000 0.000000
75.000000 24.000000 0.000000 0.000000 0.000000
75.000000 25.000000 0.000000 0.000000 0.000000
75.000000 26.000000 0.000000 0.000000 0.000000
75.000000 27.000000 0.000000 0.000000 0.000000
75.000000 28.000000 0.000000 0.000000 0.000000
75.000000 29.000000 0.000000 0.000000 0.000000
75.000000 30.000000 0.000000 0.000000 0.000000
75.000000 31.000000 0.000000 0.000000 0.000000
75.000000 32.000000 0.000000 0.000000 0.000000
75.000000 33.000000 0.000000 0.000000 0.000000
75.000000 34.000000 0.000000 0.000000 0.000000
75.000000 35.000000 0.000000 0.000000 0.000000
75.000000 36.000000 0.000000 0.000000 0.000000
75.000000 37.000000 0.000000 0.000000 0.000000
75.000000 38.000000 0.000000 0.000000 0.000000
75.000000 39.000000 0.000000 0.000000 0.000000
75.000000 40.000000 0.000000 0.000000 0.000000
75.000000 41.000000 0.000000 0.000000 0.000000
75.000000 42.000000 0.000000 0.000000 0.000000
75.000000 43.000000 0.000000 0.000000 0.000000
75.000000 44.000000 0.000000 0.000000 0.000000
75.000000 45.000000 0.000000 0.000000 0.000000
75.000000 46.000000 0.000000 0.000000 0.000000
75.000000 47.000000 0.000000 0.000000 0.000000
75.000000 48.000000 0.000000 0.000000 0.000000
75.000000 49.000000 0.000000 0.000000 0.000000
76.000000 0.000000 0.000000 0.000000 0.000000
76.000000 1.000000 0.000000 0.000000 0.000000
76.000000 2.000000 0.000000 0.000000 0.000000
76.000000 3.000000 0.000000 0.000000 0.000000
76.000000 4.000000 0.000000 0.000000 0.000000
76.000000 5.000000 262.000000 138.000000 262.000000
76.000000 6.000000 1616.000000 1039.333374 1616.000000
76.000000 7.000000 2193.000000 2108.666748 2193.000000
76.000000 8.000000 1738.000000 1925.333374 2098.000000
76.000000 9.000000 1043.000000 1263.333374 1481.000000
76.000000 10.000000 519.000000 675.333313 845.000000
76.000000 11.000000 227.000000 303.333344 394.000000
76.000000 12.000000 83.000000 120.333336 159.000000
76.000000 13.000000 28.000000 42.333332 56.000000
76.000000 14.000000 9.000000 13.333333 18.000000
76.000000 15.000000 3.000000 4.333333 7.000000
76.000000 16.000000 2.000000 2.333333 3.000000
76.000000 17.000000 1.000000 1.000000 1.000000
76.000000 18.000000 1.000000 1.000000 1.000000
76.000000 19.000000 1.000000 1.000000 1.000000
76.000000 20.000000 0.000000 0.333333 1.000000
76.000000 21.000000 0.000000 0.000000 0.000000
76.000000 22.000000 0.000000 0.000000 0.000000
76.000000 23.000000 0.000000 0.000000 0.000000
76.000000 24.000000 0.000000 0.000000 0.000000
76.000000 25.000000 0.000000 0.000000 0.000000
76.000000 26.000000 0.000000 0.000000 0.000000
76.000000 27.000000 0.000000 0.000000 0.000000
76.000000 28.000000 0.000000 0.000000 0.000000
76.000000 29.000000 0.000000 0.000000 0.000000
76.000000 30.000000 0.000000 0.000000 0.000000
76.000000 31.000000 0.000000 0.000000 0.000000
76.000000 32.000000 0.000000 0.000000 0.000000
76.000000 33.000000 0.000000 0.000000 0.000000
76.000000 34.000000 0.000000 0.000000 0.000000
76.000000 35.000000 0.000000 0.000000 0.000000
76.000000 36.000000 0.000000 0.000000 0.000000
76.000000 37.000000 0.000000 0.000000 0.000000
76.000000 38.000000 0.000000 0.000000 0.000000
76.000000 39.000000 0.000000 0.000000 0.000000
76.000000 40.000000 0.000000 0.000000 0.000000
76.000000 41.000000 0.000000 0.000000 0.000000
76.000000 42.000000 0.000000 0.000000 0.000000
76.000000 43.000000 0.000000 0.000000 0.000000
76.000000 44.000000 0.000000 0.000000 0.000000
76.000000 45.000000 0.000000 0.000000 0.000000
76.000000 46.000000 0.000000 0.000000 0.000000
76.000000 47.000000 0.000000 0.000000 0.000000
76.000000 48.000000 0.000000 0.000000 0.000000
76.000000 49.000000 0.000000 0.000000 0.000000
77.000000 0.000000 0.000000 0.000000 0.000000
77.000000 1.000000 0.000000 0.000000 0.000000
77.000000 2.000000 0.000000 0.000000 0.000000
77.000000 3.000000 0.000000 0.000000 0.000000
77.000000 4.000000 0.000000 0.000000 0.000000
77.000000 5.000000 0.000000 0.000000 0.000000
77.000000 6.000000 0.000000 0.000000 0.000000
77.000000 7.000000 0.000000 0.000000 0.000000
77.000000 8.000000 0.000000 0.000000 0.000000
77.000000 9.000000 0.000000 0.000000 0.000000
77.000000 10.000000 0.000000 0.000000 0.000000
77.000000 11.000000 0.000000 0.000000 0.000000
77.000000 12.000000 0.000000 0.000000 0.000000
77.000000 13.000000 0.000000 0.000000 0.000000
77.000000 14.000000 0.000000 0.000000 0.000000
77.000000 15.000000 0.000000 0.000000 0.000000
77.000000 16.000000 0.000000 0.000000 0.000000
77.000000 17.000000 0.000000 0.000000 0.000000
77.000000 18.000000 0.000000 0.000000 0.000000
77.000000 19.000000 0.000000 0.000000 0.000000
77.000000 20.000000 0.000000 0.000000 0.000000
77.000000 21.000000 0.000000 0.000000 0.000000
77.000000 22.000000 0.000000 0.000000 0.000000
77.000000 23.000000 0.000000 0.000000 0.000000
77.000000 24.000000 0.000000 0.000000 0.000000
77.000000 25.000000 0.000000 0.000000 0.000000
77.000000 26.000000 0.000000 0.000000 0.000000
77.000000 27.000000 0.000000 0.000000 0.000000
77.000000 28.000000 0.000000 0.000000 0.000000
77.000000 29.000000 0.000000 0.000000 0.000000
77.000000 30.000000 0.000000 0.000000 0.000000
77.000000 31.000000 0.000000 0.000000 0.000000
77.000000 32.000000 0.000000 0.000000 0.000000
77.000000 33.000000 0.000000 0.000000 0.000000
77.000000 34.000000 0.000000 0.000000 0.000000
77.000000 35.000000 0.000000 0.000000 0.000000
77.000000 36.000000 0.000000 0.000000 0.000000
77.000000 37.000000 0.000000 0.000000 0.000000
77.000000 38.000000 0.000000 0.000000 0.000000
77.000000 39.000000 0.000000 0.000000 0.000000
77.000000 40.000000 0.000000 0.000000 0.000000
77.000000 41.000000 0.000000 0.000000 0.000000
77.000000 42.000000 0.000000 0.000000 0.000000
77.000000 43.000000 0.000000 0.000000 0.000000
77.000000 44.000000 0.000000 0.000000 0.000000
77.000000 45.000000 0.000000 0.000000 0.000000
77.000000 46.000000 0.000000 0.000000 0.000000
77.000000 47.000000 0.000000 0.000000 0.000000
77.000000 48.000000 0.000000 0.000000 0.000000
77.000000 49.000000 0.000000 0.000000 0.000000
78.000000 0.000000 0.000000 0.000000 0.000000
78.000000 1.000000 0.000000 0.000000 0.000000
78.000000 2.000000 0.000000 0.000000 0.000000
78.000000 3.000000 0.000000 0.000000 0.000000
78.000000 4.000000 0.000000 0.000000 0.000000
78.000000 5.000000 1766.000000 940.000000 1766.000000
78.000000 6.000000 2371.000000 2237.000000 2371.000000
78.000000 7.000000 1883.000000 2079.000000 2249.000000
78.000000 8.000000 1128.000000 1376.000000 1623.000000
78.000000 9.000000 526.000000 702.666687 886.000000
78.000000 10.000000 209.000000 301.000000 405.000000
78.000000 11.000000 92.000000 127.666664 164.000000
78.000000 12.000000 37.000000 48.666668 61.000000
78.000000 13.000000 12.000000 19.000000 29.000000
78.000000 14.000000 2.000000 4.000000 7.000000
78.000000 15.000000 0.000000 0.333333 1.000000
78.000000 16.000000 0.000000 0.000000 0.000000
78.000000 17.000000 0.000000 0.000000 0.000000
78.000000 18.000000 0.000000 0.000000 0.000000
78.000000 19.000000 0.000000 0.000000 0.000000
78.000000 20.000000 0.000000 0.000000 0.000000
78.000000 21.000000 0.000000 0.000000 0.000000
78.000000 22.000000 0.000000 0.000000 0.000000
78.000000 23.000000 0.000000 0.000000 0.000000
78.000000 24.000000 0.000000 0.000000 0.000000
78.000000 25.000000 0.000000 0.000000 0.000000
78.000000 26.000000 0.000000 0.000000 0.000000
78.000000 27.000000 0.000000 0.000000 0.000000
78.000000 28.000000 0.000000 0.000000 0.000000
78.000000 29.000000 0.000000 0.000000 0.000000
78.000000 30.000000 0.000000 0.000000 0.000000
78.000000 31.000000 0.000000 0.000000 0.000000
78.000000 32.000000 0.000000 0.000000 0.000000
78.000000 33.000000 0.000000 0.000000 0.000000
78.000000 34.000000 0.000000 0.000000 0.000000
78.000000 35.000000 0.000000 0.000000 0.000000
78.000000 36.000000 0.000000 0.000000 0.000000
78.000000 37.000000 0.000000 0.000000 0.000000
78.000000 38.000000 0.000000 0.000000 0.000000
78.000000 39.000000 0.000000 0.000000 0.000000
78.000000 40.000000 0.000000 0.000000 0.000000
78.000000 41.000000 0.000000 0.000000 0.000000
78.000000 42.000000 0.000000 0.000000 0.000000
78.000000 43.000000 0.000000 0.000000 0.000000
78.000000 44.000000 0.000000 0.000000 0.000000
78.000000 45.000000 0.000000 0.000000 0.000000
78.000000 46.000000 0.000000 0.000000 0.000000
78.000000 47.000000 0.000000 0.000000 0.000000
78.000000 48.000000 0.000000 0.000000 0.000000
78.000000 49.000000 0.000000 0.000000 0.000000
79.000000 0.000000 0.000000 0.000000 0.000000
79.000000 1.000000 0.000000 0.000000 0.000000
79.000000 2.000000 0.000000 0.000000 0.000000
79.000000 3.000000 0.000000 0.000000 0.000000
79.000000 4.000000 0.000000 0.000000 0.000000
79.000000 5.000000 0.000000 0.000000 0.000000
79.000000 6.000000 0.000000 0.000000 0.000000
79.000000 7.000000 0.000000 0.000000 0.000000
79.000000 8.000000 0.000000 0.000000 0.000000
79.000000 9.000000 0.000000 0.000000 0.000000
79.000000 10.000000 0.000000 0.000000 0.000000
79.000000 11.000000 0.000000 0.000000 0.000000
79.000000 12.000000 0.000000 0.000000 0.000000
79.000000 13.000000 0.000000 0.000000 0.000000
79.000000 14.000000 0.000000 0.000000 0.000000
79.000000 15.000000 0.000000 0.000000 0.000000
79.000000 16.000000 0.000000 0.000000 0.000000
79.000000 17.000000 0.000000 0.000000 0.000000
79.000000 18.000000 0.000000 0.000000 0.000000
79.000000 19.000000 0.000000 0.000000 0.000000
79.000000 20.000000 0.000000 0.000000 0.000000
79.000000 21.000000 0.000000 0.000000 0.000000
79.000000 22.000000 0.000000 0.000000 0.000000
79.000000 23.000000 0.000000 0.000000 0.000000
79.000000 24.000000 0.000000 0.000000 0.000000
79.000000 25.000000 0.000000 0.000000 0.000000
79.000000 26.000000 0.000000 0.000000 0.000000
79.000000 27.000000 0.000000 0.000000 0.000000
79.000000 28.000000 0.000000 0.000000 0.000000
79.000000 29.000000 0.000000 0.000000 0.000000
79.000000 30.000000 0.000000 0.000000 0.000000
79.000000 31.000000 0.000000 0.000000 0.000000
79.000000 32.000000 0.000000 0.000000 0.000000
79.000000 33.000000 0.000000 0.000000 0.000000
79.000000 34.000000 0.000000 0.000000 0.000000
79.000000 35.000000 0.000000 0.000000 0.000000
79.000000 36.000000 0.000000 0.000000 0.000000
79.000000 37.000000 0.000000 0.000000 0.000000
79.000000 38.000000 0.000000 0.000000 0.000000
79.000000 39.000000 0.000000 0.000000 0.000000
79.000000 40.000000 0.000000 0.000000 0.000000
79.000000 41.000000 0.000000 0.000000 0.000000
79.000000 42.000000 0.000000 0.000000 0.000000
79.000000 43.000000 0.000000 0.000000 0.000000
79.000000 44.000000 0.000000 0.000000 0.000000
79.000000 45.000000 0.000000 0.000000 0.000000
79.000000 46.000000 0.000000 0.000000 0.000000
79.000000 47.000000 0.000000 0.000000 0.000000
79.000000 48.000000 0.000000 0.000000 0.000000
79.000000 49.000000 0.000000 0.000000 0.000000
80.000000 0.000000 0.000000 0.000000 0.000000
80.000000 1.000000 0.000000 0.000000 0.000000
80.000000 2.000000 0.000000 0.000000 0.000000
80.000000 3.000000 0.000000 0.000000 0.000000
80.000000 4.000000 0.000000 0.000000 0.000000
80.000000 5.000000 0.000000 0.000000 0.000000
80.000000 6.000000 0.000000 0.000000 0.000000
80.000000 7.000000 0.000000 0.000000 0.000000
80.000000 8.000000 0.000000 0.000000 0.000000
80.000000 9.000000 0.000000 0.000000 0.000000
80.000000 10.000000 0.000000 0.000000 0.000000
80.000000 11.000000 0.000000 0.000000 0.000000
80.000000 12.000000 0.000000 0.000000 0.000000
80.000000 13.000000 0.000000 0.000000 0.000000
80.000000 14.000000 0.000000 0.000000 0.000000
80.000000 15.000000 0.000000 0.000000 0.000000
80.000000 16.000000 0.000000 0.000000 0.000000
80.000000 17.000000 0.000000 0.000000 0.000000
80.000000 18.000000 0.000000 0.000000 0.000000
80.000000 19.000000 0.000000 0.000000 0.000000
80.000000 20.000000 0.000000 0.000000 0.000000
80.000000 21.000000 0.000000 0.000000 0.000000
80.000000 22.000000 0.000000 0.000000 0.000000
80.000000 23.000000 0.000000 0.000000 0.000000
80.000000 24.000000 0.000000 0.000000 0.000000
80.000000 25.000000 0.000000 0.000000 0.000000
80.000000 26.000000 0.000000 0.000000 0.000000
80.000000 27.000000 0.000000 0.000000 0.000000
80.000000 28.000000 0.000000 0.000000 0.000000
80.000000 29.000000 0.000000 0.000000 0.000000
80.000000 30.000000 0.000000 0.000000 0.000000
80.000000 31.000000 0.000000 0.000000 0.000000
80.000000 32.000000 0.000000 0.000000 0.000000
80.000000 33.000000 0.000000 0.000000 0.000000
80.000000 34.000000 0.000000 0.000000 0.000000
80.000000 35.000000 0.000000 0.000000 0.000000
80.000000 36.000000 0.000000 0.000000 0.000000
80.000000 37.000000 0.000000 0.000000 0.000000
80.000000 38.000000 0.000000 0.000000 0.000000
80.000000 39.000000 0.000000 0.000000 0.000000
80.000000 40.000000 0.000000 0.000000 0.000000
80.000000 41.000000 0.000000 0.000000 0.000000
80.000000 42.000000 0.000000 0.000000 0.000000
80.000000 43.000000 0.000000 0.000000 0.000000
80.000000 44.000000 0.000000 0.000000 0.000000
80.000000 45.000000 0.000000 0.000000 0.000000
80.000000 46.000000 0.000000 0.000000 0.000000
80.000000 47.000000 0.000000 0.000000 0.000000
80.000000 48.000000 0.000000 0.000000 0.000000
80.000000 49.000000 0.000000 0.000000 0.000000
81.000000 0.000000 0.000000 0.000000 0.000000
81.000000 1.000000 0.000000 0.000000 0.000000
81.000000 2.000000 0.000000 0.000000 0.000000
81.000000 3.000000 0.000000 0.000000 0.000000
81.000000 4.000000 0.000000 0.000000 0.000000
81.000000 5.000000 0.000000 0.000000 0.000000
81.000000 6.000000 0.000000 0.000000 0.000000
81.000000 7.000000 0.000000 0.000000 0.000000
81.000000 8.000000 0.000000 0.000000 0.000000
81.000000 9.000000 0.000000 0.000000 0.000000
81.000000 10.000000 0.000000 0.000000 0.000000
81.000000 11.000000 0.000000 0.000000 0.000000
81.000000 12.000000 0.000000 0.000000 0.000000
81.000000 13.000000 0.000000 0.000000 0.000000
81.000000 14.000000 0.000000 0.000000 0.000000
81.000000 15.000000 0.000000 0.000000 0.000000
81.000000 16.000000 0.000000 0.000000 0.000000
81.000000 17.000000 0.000000 0.000000 0.000000
81.000000 18.000000 0.000000 0.000000 0.000000
81.000000 19.000000 0.000000 0.000000 0.000000
81.000000 20.000000 0.000000 0.000000 0.000000
81.000000 21.000000 0.000000 0.000000 0.000000
81.000000 22.000000 0.000000 0.000000 0.000000
81.000000 23.000000 0.000000 0.000000 0.000000
81.000000 24.000000 0.000000 0.000000 0.000000
81.000000 25.000000 0.000000 0.000000 0.000000
81.000000 26.000000 0.000000 0.000000 0.000000
81.000000 27.000000 0.000000 0.000000 0.000000
81.000000 28.000000 0.000000 0.000000 0.000000
81.000000 29.000000 0.000000 0.000000 0.000000
81.000000 30.000000 0.000000 0.000000 0.000000
81.000000 31.000000 0.000000 0.000000 0.000000
81.000000 32.000000 0.000000 0.000000 0.000000
81.000000 33.000000 0.000000 0.000000 0.000000
81.000000 34.000000 0.000000 0.000000 0.000000
81.000000 35.000000 0.000000 0.000000 0.000000
81.000000 36.000000 0.000000 0.000000 0.000000
81.000000 37.000000 0.000000 0.000000 0.000000
81.000000 38.000000 0.000000 0.000000 0.000000
81.000000 39.000000 0.000000 0.000000 0.000000
81.000000 40.000000 0.000000 0.000000 0.000000
81.000000 41.000000 0.000000 0.000000 0.000000
81.000000 42.000000 0.000000 0.000000 0.000000
81.000000 43.000000 0.000000 0.000000 0.000000
81.000000 44.000000 0.000000 0.000000 0.000000
81.000000 45.000000 0.000000 0.000000 0.000000
81.000000 46.000000 0.000000 0.000000 0.000000
81.000000 47.000000 0.000000 0.000000 0.000000
81.000000 48.000000 0.000000 0.000000 0.000000
81.000000 49.000000 0.000000 0.000000 0.000000
82.000000 0.000000 0.000000 0.000000 0.000000
82.000000 1.000000 0.000000 0.000000 0.000000
82.000000 2.000000 0.000000 0.000000 0.000000
82.000000 3.000000 0.000000 0.000000 0.000000
82.000000 4.000000 0.000000 0.000000 0.000000
82.000000 5.000000 0.000000 0.000000 0.000000
82.000000 6.000000 1579.000000 893.333313 1579.000000
82.000000 7.000000 2104.000000 1981.000000 2104.000000
82.000000 8.000000 1793.000000 1956.666626 2073.000000
82.000000 9.000000 1048.000000 1313.333374 1579.000000
82.000000 10.000000 508.000000 671.000000 853.000000
82.000000 11.000000 223.000000 309.000000 398.000000
82.000000 12.000000 87.000000 124.000000 169.000000
82.000000 13.000000 40.000000 53.000000 69.000000
82.000000 14.000000 16.000000 23.666666 32.000000
82.000000 15.000000 7.000000 8.666667 10.000000
82.000000 16.000000 1.000000 3.333333 5.000000
82.000000 17.000000 0.000000 0.000000 0.000000
82.000000 18.000000 0.000000 0.000000 0.000000
82.000000 19.000000 0.000000 0.000000 0.000000
82.000000 20.000000 0.000000 0.000000 0.000000
82.000000 21.000000 0.000000 0.000000 0.000000
82.000000 22.000000 0.000000 0.000000 0.000000
82.000000 23.000000 0.000000 0.000000 0.000000
82.000000 24.000000 0.000000 0.000000 0.000000
82.000000 25.000000 0.000000 0.000000 0.000000
82.000000 26.000000 0.000000 0.000000 0.000000
82.000000 27.000000 0.000000 0.000000 0.000000
82.000000 28.000000 0.000000 0.000000 0.000000
82.000000 29.000000 0.000000 0.000000 0.000000
82.000000 30.000000 0.000000 0.000000 0.000000
82.000000 31.000000 0.000000 0.000000 0.000000
82.000000 32.000000 0.000000 0.000000 0.000000
82.000000 33.000000 0.000000 0.000000 0.000000
82.000000 34.000000 0.000000 0.000000 0.000000
82.000000 35.000000 0.000000 0.000000 0.000000
82.000000 36.000000 0.000000 0.000000 0.000000
82.000000 37.000000 0.000000 0.000000 0.000000
82.000000 38.000000 0.000000 0.000000 0.000000
82.000000 39.000000 0.000000 0.000000 0.000000
82.000000 40.000000 0.000000 0.000000 0.000000
82.000000 41.000000 0.000000 0.000000 0.000000
82.000000 42.000000 0.000000 0.000000 0.000000
82.000000 43.000000 0.000000 0.000000 0.000000
82.000000 44.000000 0.000000 0.000000 0.000000
82.000000 45.000000 0.000000 0.000000 0.000000
82.000000 46.000000 0.000000 0.000000 0.000000
82.000000 47.000000 0.000000 0.000000 0.000000
82.000000 48.000000 0.000000 0.000000 0.000000
82.000000 49.000000 0.000000 0.000000 0.000000
83.000000 0.000000 0.000000 0.000000 0.000000
83.000000 1.000000 0.000000 0.000000 0.000000
83.000000 2.000000 0.000000 0.000000 0.000000
83.000000 3.000000 0.000000 0.000000 0.000000
83.000000 4.000000 0.000000 0.000000 0.000000
83.000000 5.000000 1791.000000 965.333313 1791.000000
83.000000 6.000000 2364.000000 2261.666748 2364.000000
83.000000 7.000000 1835.000000 2058.333252 2256.000000
83.000000 8.000000 1095.000000 1329.666626 1568.000000
83.000000 9.000000 523.000000 709.666687 905.000000
83.000000 10.000000 205.000000 291.000000 383.000000
83.000000 11.000000 76.000000 112.000000 151.000000
83.000000 12.000000 24.000000 38.333332 55.000000
83.000000 13.000000 6.000000 14.333333 22.000000
83.000000 14.000000 4.000000 4.000000 4.000000
83.000000 15.000000 1.000000 1.333333 2.000000
83.000000 16.000000 0.000000 0.000000 0.000000
83.000000 17.000000 0.000000 0.000000 0.000000
83.000000 18.000000 0.000000 0.000000 0.000000
83.000000 19.000000 0.000000 0.000000 0.000000
83.000000 20.000000 0.000000 0.000000 0.000000
83.000000 21.000000 0.000000 0.000000 0.000000
83.000000 22.000000 0.000000 0.000000 0.000000
83.000000 23.000000 0.000000 0.000000 0.000000
83.000000 24.000000 0.000000 0.000000 0.000000
83.000000 25.000000 0.000000 0.000000 0.000000
83.000000 26.000000 0.000000 0.000000 0.000000
83.000000 27.000000 0.000000 0.000000 0.000000
83.000000 28.000000 0.000000 0.000000 0.000000
83.000000 29.000000 0.000000 0.000000 0.000000
83.000000 30.000000 0.000000 0.000000 0.000000
83.000000 31.000000 0.000000 0.000000 0.000000
83.000000 32.000000 0.000000 0.000000 0.000000
83.000000 33.000000 0.000000 0.000000 0.000000
83.000000 34.000000 0.000000 0.000000 0.000000
83.000000 35.000000 0.000000 0.000000 0.000000
83.000000 36.000000 0.000000 0.000000 0.000000
83.000000 37.000000 0.000000 0.000000 0.000000
83.000000 38.000000 0.000000 0.000000 0.000000
83.000000 39.000000 0.000000 0.000000 0.000000
83.000000 40.000000 0.000000 0.000000 0.000000
83.000000 41.000000 0.000000 0.000000 0.000000
83.000000 42.000000 0.000000 0.000000 0.000000
83.000000 43.000000 0.000000 0.000000 0.000000
83.000000 44.000000 0.000000 0.000000 0.000000
83.000000 45.000000 0.000000 0.000000 0.000000
83.000000 46.000000 0.000000 0.000000 0.000000
83.000000 47.000000 0.000000 0.000000 0.000000
83.000000 48.000000 0.000000 0.000000 0.000000
83.000000 49.000000 0.000000 0.000000 0.000000
84.000000 0.000000 0.000000 0.000000 0.000000
84.000000 1.000000 0.000000 0.000000 0.000000
84.000000 2.000000 0.000000 0.000000 0.000000
84.000000 3.000000 0.000000 0.000000 0.000000
84.000000 4.000000 0.000000 0.000000 0.000000
84.000000 5.000000 0.000000 0.000000 0.000000
84.000000 6.000000 0.000000 0.000000 0.000000
84.000000 7.000000 1916.000000 1023.333313 1916.000000
84.000000 8.000000 2515.000000 2400.333252 2515.000000
84.000000 9.000000 1953.000000 2207.333252 2416.000000
84.000000 10.000000 1149.000000 1401.666626 1665.000000
84.000000 11.000000 539.000000 726.333313 916.000000
84.000000 12.000000 228.000000 319.666656 420.000000
84.000000 13.000000 85.000000 121.333336 162.000000
84.000000 14.000000 22.000000 41.000000 61.000000
84.000000 15.000000 5.000000 9.333333 14.000000
84.000000 16.000000 2.000000 3.000000 4.000000
84.000000 17.000000 1.000000 1.333333 2.000000
84.000000 18.000000 1.000000 1.000000 1.000000
84.000000 19.000000 1.000000 1.000000 1.000000
84.000000 20.000000 0.000000 0.000000 0.000000
84.000000 21.000000 0.000000 0.000000 0.000000
84.000000 22.000000 0.000000 0.000000 0.000000
84.000000 23.000000 0.000000 0.000000 0.000000
84.000000 24.000000 0.000000 0.000000 0.000000
84.000000 25.000000 0.000000 0.000000 0.000000
84.000000 26.000000 0.000000 0.000000 0.000000
84.000000 27.000000 0.000000 0.000000 0.000000
84.000000 28.000000 0.000000 0.000000 0.000000
84.000000 29.000000 0.000000 0.000000 0.000000
84.000000 30.000000 0.000000 0.000000 0.000000
84.000000 31.000000 0.000000 0.000000 0.000000
84.000000 32.000000 0.000000 0.000000 0.000000
84.000000 33.000000 0.000000 0.000000 0.000000
84.000000 34.000000 0.000000 0.000000 0.000000
84.000000 35.000000 0.000000 0.000000 0.000000
84.000000 36.000000 0.000000 0.000000 0.000000
84.000000 37.000000 0.000000 0.000000 0.000000
84.000000 38.000000 0.000000 0.000000 0.000000
84.000000 39.000000 0.000000 0.000000 0.000000
84.000000 40.000000 0.000000 0.000000 0.000000
84.000000 41.000000 0.000000 0.000000 0.000000
84.000000 42.000000 0.000000 0.000000 0.000000
84.000000 43.000000 0.000000 0.000000 0.000000
84.000000 44.000000 0.000000 0.000000 0.000000
84.000000 45.000000 0.000000 0.000000 0.000000
84.000000 46.000000 0.000000 0.000000 0.000000
84.000000 47.000000 0.000000 0.000000 0.000000
84.000000 48.000000 0.000000 0.000000 0.000000
84.000000 49.000000 0.000000 0.000000 0.000000
85.000000 0.000000 0.000000 0.000000 0.000000
85.000000 1.000000 0.000000 0.000000 0.000000
85.000000 2.000000 0.000000 0.000000 0.000000
85.000000 3.000000 0.000000 0.000000 0.000000
85.000000 4.000000 877.000000 466.333344 877.000000
85.000000 5.000000 1656.000000 1456.333374 1656.000000
85.000000 6.000000 2173.000000 2164.000000 2174.000000
85.000000 7.000000 1553.000000 1806.000000 2057.000000
85.000000 8.000000 834.000000 1061.000000 1300.000000
85.000000 9.000000 386.000000 508.333344 646.000000
85.000000 10.000000 138.000000 204.000000 277.000000
85.000000 11.000000 47.000000 73.000000 99.000000
85.000000 12.000000 13.000000 21.000000 31.000000
85.000000 13.000000 1.000000 4.333333 9.000000
85.000000 14.000000 0.000000 0.000000 0.000000
85.000000 15.000000 0.000000 0.000000 0.000000
85.000000 16.000000 0.000000 0.000000 0.000000
85.000000 17.000000 0.000000 0.000000 0.000000
85.000000 18.000000 0.000000 0.000000 0.000000
85.000000 19.000000 0.000000 0.000000 0.000000
85.000000 20.000000 0.000000 0.000000 0.000000
85.000000 21.000000 0.000000 0.000000 0.000000
85.000000 22.000000 0.000000 0.000000 0.000000
85.000000 23.000000 0.000000 0.000000 0.000000
85.000000 24.000000 0.000000 0.000000 0.000000
85.000000 25.000000 0.000000 0.000000 0.000000
85.000000 26.000000 0.000000 0.000000 0.000000
85.000000 27.000000 0.000000 0.000000 0.000000
85.000000 28.000000 0.000000 0.000000 0.000000
85.000000 29.000000 0.000000 0.000000 0.000000
85.000000 30.000000 0.000000 0.000000 0.000000
85.000000 31.000000 0.000000 0.000000 0.000000
85.000000 32.000000 0.000000 0.000000 0.000000
85.000000 33.000000 0.000000 0.000000 0.000000
85.000000 34.000000 0.000000 0.000000 0.000000
85.000000 35.000000 0.000000 0.000000 0.000000
85.000000 36.000000 0.000000 0.000000 0.000000
85.000000 37.000000 0.000000 0.000000 0.000000
85.000000 38.000000 0.000000 0.000000 0.000000
85.000000 39.000000 0.000000 0.000000 0.000000
85.000000 40.000000 0.000000 0.000000 0.000000
85.000000 41.000000 0.000000 0.000000 0.000000
85.000000 42.000000 0.000000 0.000000 0.000000
85.000000 43.000000 0.000000 0.000000 0.000000
85.000000 44.000000 0.000000 0.000000 0.000000
85.000000 45.000000 0.000000 0.000000 0.000000
85.000000 46.000000 0.000000 0.000000 0.000000
85.000000 47.000000 0.000000 0.000000 0.000000
85.000000 48.000000 0.000000 0.000000 0.000000
85.000000 49.000000 0.000000 0.000000 0.000000
86.000000 0.000000 0.000000 0.000000 0.000000
86.000000 1.000000 0.000000 0.000000 0.000000
86.000000 2.000000 0.000000 0.000000 0.000000
86.000000 3.000000 0.000000 0.000000 0.000000
86.000000 4.000000 0.000000 0.000000 0.000000
86.000000 5.000000 0.000000 0.000000 0.000000
86.000000 6.000000 0.000000 0.000000 0.000000
86.000000 7.000000 0.000000 0.000000 0.000000
86.000000 8.000000 0.000000 0.000000 0.000000
86.000000 9.000000 0.000000 0.000000 0.000000
86.000000 10.000000 0.000000 0.000000 0.000000
86.000000 11.000000 0.000000 0.000000 0.000000
86.000000 12.000000 0.000000 0.000000 0.000000
86.000000 13.000000 0.000000 0.000000 0.000000
86.000000 14.000000 0.000000 0.000000 0.000000
86.000000 15.000000 0.000000 0.000000 0.000000
86.000000 16.000000 0.000000 0.000000 0.000000
86.000000 17.000000 0.000000 0.000000 0.000000
86.000000 18.000000 0.000000 0.000000 0.000000
86.000000 19.000000 0.000000 0.000000 0.000000
86.000000 20.000000 0.000000 0.000000 0.000000
86.000000 21.000000 0.000000 0.000000 0.000000
86.000000 22.000000 0.000000 0.000000 0.000000
86.000000 23.000000 0.000000 0.000000 0.000000
86.000000 24.000000 0.000000 0.000000 0.000000
86.000000 25.000000 0.000000 0.000000 0.000000
86.000000 26.000000 0.000000 0.000000 0.000000
86.000000 27.000000 0.000000 0.000000 0.000000
86.000000 28.000000 0.000000 0.000000 0.000000
86.000000 29.000000 0.000000 0.000000 0.000000
86.000000 30.000000 0.000000 0.000000 0.000000
86.000000 31.000000 0.000000 0.000000 0.000000
86.000000 32.000000 0.000000 0.000000 0.000000
86.000000 33.000000 0.000000 0.000000 0.000000
86.000000 34.000000 0.000000 0.000000 0.000000
86.000000 35.000000 0.000000 0.000000 0.000000
86.000000 36.000000 0.000000 0.000000 0.000000
86.000000 37.000000 0.000000 0.000000 0.000000
86.000000 38.000000 0.000000 0.000000 0.000000
86.000000 39.000000 0.000000 0.000000 0.000000
86.000000 40.000000 0.000000 0.000000 0.000000
86.000000 41.000000 0.000000 0.000000 0.000000
86.000000 42.000000 0.000000 0.000000 0.000000
86.000000 43.000000 0.000000 0.000000 0.000000
86.000000 44.000000 0.000000 0.000000 0.000000
86.000000 45.000000 0.000000 0.000000 0.000000
86.000000 46.000000 0.000000 0.000000 0.000000
86.000000 47.000000 0.000000 0.000000 0.000000
86.000000 48.000000 0.000000 0.000000 0.000000
86.000000 49.000000 0.000000 0.000000 0.000000
87.000000 0.000000 0.000000 0.000000 0.000000
87.000000 1.000000 0.000000 0.000000 0.000000
87.000000 2.000000 0.000000 0.000000 0.000000
87.000000 3.000000 0.000000 0.000000 0.000000
87.000000 4.000000 0.000000 0.000000 0.000000
87.000000 5.000000 0.000000 0.000000 0.000000
87.000000 6.000000 0.000000 0.000000 0.000000
87.000000 7.000000 0.000000 0.000000 0.000000
87.000000 8.000000 0.000000 0.000000 0.000000
87.000000 9.000000 0.000000 0.000000 0.000000
87.000000 10.000000 0.000000 0.000000 0.000000
87.000000 11.000000 0.000000 0.000000 0.000000
87.000000 12.000000 0.000000 0.000000 0.000000
87.000000 13.000000 0.000000 0.000000 0.000000
87.000000 14.000000 0.000000 0.000000 0.000000
87.000000 15.000000 0.000000 0.000000 0.000000
87.000000 16.000000 0.000000 0.000000 0.000000
87.000000 17.000000 0.000000 0.000000 0.000000
87.000000 18.000000 0.000000 0.000000 0.000000
87.000000 19.000000 0.000000 0.000000 0.000000
87.000000 20.000000 0.000000 0.000000 0.000000
87.000000 21.000000 0.000000 0.000000 0.000000
87.000000 22.000000 0.000000 0.000000 0.000000
87.000000 23.000000 0.000000 0.000000 0.000000
87.000000 24.000000 0.000000 0.000000 0.000000
87.000000 25.000000 0.000000 0.000000 0.000000
87.000000 26.000000 0.000000 0.000000 0.000000
87.000000 27.000000 0.000000 0.000000 0.000000
87.000000 28.000000 0.000000 0.000000 0.000000
87.000000 29.000000 0.000000 0.000000 0.000000
87.000000 30.000000 0.000000 0.000000 0.000000
87.000000 31.000000 0.000000 0.000000 0.000000
87.000000 32.000000 0.000000 0.000000 0.000000
87.000000 33.000000 0.000000 0.000000 0.000000
87.000000 34.000000 0.000000 0.000000 0.000000
87.000000 35.000000 0.000000 0.000000 0.000000
87.000000 36.000000 0.000000 0.000000 0.000000
87.000000 37.000000 0.000000 0.000000 0.000000
87.000000 38.000000 0.000000 0.000000 0.000000
87.000000 39.000000 0.000000 0.000000 0.000000
87.000000 40.000000 0.000000 0.000000 0.000000
87.000000 41.000000 0.000000 0.000000 0.000000
87.000000 42.000000 0.000000 0.000000 0.000000
87.000000 43.000000 0.000000 0.000000 0.000000
87.000000 44.000000 0.000000 0.000000 0.000000
87.000000 45.000000 0.000000 0.000000 0.000000
87.000000 46.000000 0.000000 0.000000 0.000000
87.000000 47.000000 0.000000 0.000000 0.000000
87.000000 48.000000 0.000000 0.000000 0.000000
87.000000 49.000000 0.000000 0.000000 0.000000
88.000000 0.000000 0.000000 0.000000 0.000000
88.000000 1.000000 0.000000 0.000000 0.000000
88.000000 2.000000 0.000000 0.000000 0.000000
88.000000 3.000000 0.000000 0.000000 0.000000
88.000000 4.000000 0.000000 0.000000 0.000000
88.000000 5.000000 0.000000 0.000000 0.000000
88.000000 6.000000 0.000000 0.000000 0.000000
88.000000 7.000000 0.000000 0.000000 0.000000
88.000000 8.000000 0.000000 0.000000 0.000000
88.000000 9.000000 0.000000 0.000000 0.000000
88.000000 10.000000 0.000000 0.000000 0.000000
88.000000 11.000000 0.000000 0.000000 0.000000
88.000000 12.000000 0.000000 0.000000 0.000000
88.000000 13.000000 0.000000 0.000000 0.000000
88.000000 14.000000 0.000000 0.000000 0.000000
88.000000 15.000000 0.000000 0.000000 0.000000
88.000000 16.000000 0.000000 0.000000 0.000000
88.000000 17.000000 0.000000 0.000000 0.000000
88.000000 18.000000 0.000000 0.000000 0.000000
88.000000 19.000000 0.000000 0.000000 0.000000
88.000000 20.000000 0.000000 0.000000 0.000000
88.000000 21.000000 0.000000 0.000000 0.000000
88.000000 22.000000 0.000000 0.000000 0.000000
88.000000 23.000000 0.000000 0.000000 0.000000
88.000000 24.000000 0.000000 0.000000 0.000000
88.000000 25.000000 0.000000 0.000000 0.000000
88.000000 26.000000 0.000000 0.000000 0.000000
88.000000 27.000000 0.000000 0.000000 0.000000
88.000000 28.000000 0.000000 0.000000 0.000000
88.000000 29.000000 0.000000 0.000000 0.000000
88.000000 30.000000 0.000000 0.000000 0.000000
88.000000 31.000000 0.000000 0.000000 0.000000
88.000000 32.000000 0.000000 0.000000 0.000000
88.000000 33.000000 0.000000 0.000000 0.000000
88.000000 34.000000 0.000000 0.000000 0.000000
88.000000 35.000000 0.000000 0.000000 0.000000
88.000000 36.000000 0.000000 0.000000 0.000000
88.000000 37.000000 0.000000 0.000000 0.000000
88.000000 38.000000 0.000000 0.000000 0.000000
88.000000 39.000000 0.000000 0.000000 0.000000
88.000000 40.000000 0.000000 0.000000 0.000000
88.000000 41.000000 0.000000 0.000000 0.000000
88.000000 42.000000 0.000000 0.000000 0.000000
88.000000 43.000000 0.000000 0.000000 0.000000
88.000000 44.000000 0.000000 0.000000 0.000000
88.000000 45.000000 0.000000 0.000000 0.000000
88.000000 46.000000 0.000000 0.000000 0.000000
88.000000 47.000000 0.000000 0.000000 0.000000
88.000000 48.000000 0.000000 0.000000 0.000000
88.000000 49.000000 0.000000 0.000000 0.000000
89.000000 0.000000 0.000000 0.000000 0.000000
89.000000 1.000000 0.000000 0.000000 0.000000
89.000000 2.000000 0.000000 0.000000 0.000000
89.000000 3.000000 0.000000 0.000000 0.000000
89.000000 4.000000 0.000000 0.000000 0.000000
89.000000 5.000000 0.000000 0.000000 0.000000
89.000000 6.000000 0.000000 0.000000 0.000000
89.000000 7.000000 0.000000 0.000000 0.000000
89.000000 8.000000 0.000000 0.000000 0.000000
89.000000 9.000000 0.000000 0.000000 0.000000
89.000000 10.000000 0.000000 0.000000 0.000000
89.000000 11.000000 0.000000 0.000000 0.000000
89.000000 12.000000 0.000000 0.000000 0.000000
89.000000 13.000000 0.000000 0.000000 0.000000
89.000000 14.000000 0.000000 0.000000 0.000000
89.000000 15.000000 0.000000 0.000000 0.000000
89.000000 16.000000 0.000000 0.000000 0.000000
89.000000 17.000000 0.000000 0.000000 0.000000
89.000000 18.000000 0.000000 0.000000 0.000000
89.000000 19.000000 0.000000 0.000000 0.000000
89.000000 20.000000 0.000000 0.000000 0.000000
89.000000 21.000000 0.000000 0.000000 0.000000
89.000000 22.000000 0.000000 0.000000 0.000000
89.000000 23.000000 0.000000 0.000000 0.000000
89.000000 24.000000 0.000000 0.000000 0.000000
89.000000 25.000000 0.000000 0.000000 0.000000
89.000000 26.000000 0.000000 0.000000 0.000000
89.000000 27.000000 0.000000 0.000000 0.000000
89.000000 28.000000 0.000000 0.000000 0.000000
89.000000 29.000000 0.000000 0.000000 0.000000
89.000000 30.000000 0.000000 0.000000 0.000000
89.000000 31.000000 0.000000 0.000000 0.000000
89.000000 32.000000 0.000000 0.000000 0.000000
89.000000 33.000000 0.000000 0.000000 0.000000
89.000000 34.000000 0.000000 0.000000 0.000000
89.000000 35.000000 0.000000 0.000000 0.000000
89.000000 36.000000 0.000000 0.000000 0.000000
89.000000 37.000000 0.000000 0.000000 0.000000
89.000000 38.000000 0.000000 0.000000 0.000000
89.000000 39.000000 0.000000 0.000000 0.000000
89.000000 40.000000 0.000000 0.000000 0.000000
89.000000 41.000000 0.000000 0.000000 0.000000
89.000000 42.000000 0.000000 0.000000 0.000000
89.000000 43.000000 0.000000 0.000000 0.000000
89.000000 44.000000 0.000000 0.000000 0.000000
89.000000 45.000000 0.000000 0.000000 0.000000
89.000000 46.000000 0.000000 0.000000 0.000000
89.000000 47.000000 0.000000 0.000000 0.000000
89.000000 48.000000 0.000000 0.000000 0.000000
89.000000 49.000000 0.000000 0.000000 0.000000
90.000000 0.000000 0.000000 0.000000 0.000000
90.000000 1.000000 0.000000 0.000000 0.000000
90.000000 2.000000 0.000000 0.000000 0.000000
90.000000 3.000000 0.000000 0.000000 0.000000
90.000000 4.000000 0.000000 0.000000 0.000000
90.000000 5.000000 0.000000 0.000000 0.000000
90.000000 6.000000 0.000000 0.000000 0.000000
90.000000 7.000000 0.000000 0.000000 0.000000
90.000000 8.000000 1708.000000 907.333313 1708.000000
90.000000 9.000000 2547.000000 2339.000000 2547.000000
90.000000 10.000000 2145.000000 2354.000000 2533.000000
90.000000 11.000000 1308.000000 1593.333374 1871.000000
90.000000 12.000000 644.000000 843.000000 1062.000000
90.000000 13.000000 282.000000 378.333344 475.000000
90.000000 14.000000 115.000000 166.000000 225.000000
90.000000 15.000000 43.000000 65.333336 88.000000
90.000000 16.000000 18.000000 25.000000 33.000000
90.000000 17.000000 6.000000 9.000000 12.000000
90.000000 18.000000 2.000000 3.000000 5.000000
90.000000 19.000000 0.000000 0.333333 1.000000
90.000000 20.000000 0.000000 0.000000 0.000000
90.000000 21.000000 0.000000 0.000000 0.000000
90.000000 22.000000 0.000000 0.000000 0.000000
90.000000 23.000000 0.000000 0.000000 0.000000
90.000000 24.000000 0.000000 0.000000 0.000000
90.000000 25.000000 0.000000 0.000000 0.000000
90.000000 26.000000 0.000000 0.000000 0.000000
90.000000 27.000000 0.000000 0.000000 0.000000
90.000000 28.000000 0.000000 0.000000 0.000000
90.000000 29.000000 0.000000 0.000000 0.000000
90.000000 30.000000 0.000000 0.000000 0.000000
90.000000 31.000000 0.000000 0.000000 0.000000
90.000000 32.000000 0.000000 0.000000 0.000000
90.000000 33.000000 0.000000 0.000000 0.000000
90.000000 34.000000 0.000000 0.000000 0.000000
90.000000 35.000000 0.000000 0.000000 0.000000
90.000000 36.000000 0.000000 0.000000 0.000000
90.000000 37.000000 0.000000 0.000000 0.000000
90.000000 38.000000 0.000000 0.000000 0.000000
90.000000 39.000000 0.000000 0.000000 0.000000
90.000000 40.000000 0.000000 0.000000 0.000000
90.000000 41.000000 0.000000 0.000000 0.000000
90.000000 42.000000 0.000000 0.000000 0.000000
90.000000 43.000000 0.000000 0.000000 0.000000
90.000000 44.000000 0.000000 0.000000 0.000000
90.000000 45.000000 0.000000 0.000000 0.000000
90.000000 46.000000 0.000000 0.000000 0.000000
90.000000 47.000000 0.000000 0.000000 0.000000
90.000000 48.000000 0.000000 0.000000 0.000000
90.000000 49.000000 0.000000 0.000000 0.000000
91.000000 0.000000 0.000000 0.000000 0.000000
91.000000 1.000000 0.000000 0.000000 0.000000
91.000000 2.000000 0.000000 0.000000 0.000000
91.000000 3.000000 0.000000 0.000000 0.000000
91.000000 4.000000 0.000000 0.000000 0.000000
91.000000 5.000000 0.000000 0.000000 0.000000
91.000000 6.000000 0.000000 0.000000 0.000000
91.000000 7.000000 0.000000 0.000000 0.000000
91.000000 8.000000 0.000000 0.000000 0.000000
91.000000 9.000000 0.000000 0.000000 0.000000
91.000000 10.000000 0.000000 0.000000 0.000000
91.000000 11.000000 0.000000 0.000000 0.000000
91.000000 12.000000 0.000000 0.000000 0.000000
91.000000 13.000000 0.000000 0.000000 0.000000
91.000000 14.000000 0.000000 0.000000 0.000000
91.000000 15.000000 0.000000 0.000000 0.000000
91.000000 16.000000 0.000000 0.000000 0.000000
91.000000 17.000000 0.000000 0.000000 0.000000
91.000000 18.000000 0.000000 0.000000 0.000000
91.000000 19.000000 0.000000 0.000000 0.000000
91.000000 20.000000 0.000000 0.000000 0.000000
91.000000 21.000000 0.000000 0.000000 0.000000
91.000000 22.000000 0.000000 0.000000 0.000000
91.000000 23.000000 0.000000 0.000000 0.000000
91.000000 24.000000 0.000000 0.000000 0.000000
91.000000 25.000000 0.000000 0.000000 0.000000
91.000000 26.000000 0.000000 0.000000 0.000000
91.000000 27.000000 0.000000 0.000000 0.000000
91.000000 28.000000 0.000000 0.000000 0.000000
91.000000 29.000000 0.000000 0.000000 0.000000
91.000000 30.000000 0.000000 0.000000 0.000000
91.000000 31.000000 0.000000 0.000000 0.000000
91.000000 32.000000 0.000000 0.000000 0.000000
91.000000 33.000000 0.000000 0.000000 0.000000
91.000000 34.000000 0.000000 0.000000 0.000000
91.000000 35.000000 0.000000 0.000000 0.000000
91.000000 36.000000 0.000000 0.000000 0.000000
91.000000 37.000000 0.000000 0.000000 0.000000
91.000000 38.000000 0.000000 0.000000 0.000000
91.000000 39.000000 0.000000 0.000000 0.000000
91.000000 40.000000 0.000000 0.000000 0.000000
91.000000 41.000000 0.000000 0.000000 0.000000
91.000000 42.000000 0.000000 0.000000 0.000000
91.000000 43.000000 0.000000 0.000000 0.000000
91.000000 44.000000 0.000000 0.000000 0.000000
91.000000 45.000000 0.000000 0.000000 0.000000
91.000000 46.000000 0.000000 0.000000 0.000000
91.000000 47.000000 0.000000 0.000000 0.000000
91.000000 48.000000 0.000000 0.000000 0.000000
91.000000 49.000000 0.000000 0.000000 0.000000
92.000000 0.000000 0.000000 0.000000 0.000000
92.000000 1.000000 0.000000 0.000000 0.000000
92.000000 2.000000 0.000000 0.000000 0.000000
92.000000 3.000000 0.000000 0.000000 0.000000
92.000000 4.000000 0.000000 0.000000 0.000000
92.000000 5.000000 0.000000 0.000000 0.000000
92.000000 6.000000 1068.000000 568.333313 1068.000000
92.000000 7.000000 1860.000000 1645.000000 1860.000000
92.000000 8.000000 2275.000000 2285.666748 2308.000000
92.000000 9.000000 1711.000000 1953.333374 2181.000000
92.000000 10.000000 930.000000 1169.333374 1425.000000
92.000000 11.000000 407.000000 564.000000 728.000000
92.000000 12.000000 176.000000 236.000000 302.000000
92.000000 13.000000 68.000000 96.000000 125.000000
92.000000 14.000000 22.000000 32.666668 46.000000
92.000000 15.000000 4.000000 10.666667 18.000000
92.000000 16.000000 0.000000 1.333333 2.000000
92.000000 17.000000 0.000000 0.000000 0.000000
92.000000 18.000000 0.000000 0.000000 0.000000
92.000000 19.000000 0.000000 0.000000 0.000000
92.000000 20.000000 0.000000 0.000000 0.000000
92.000000 21.000000 0.000000 0.000000 0.000000
92.000000 22.000000 0.000000 0.000000 0.000000
92.000000 23.000000 0.000000 0.000000 0.000000
92.000000 24.000000 0.000000 0.000000 0.000000
92.000000 25.000000 0.000000 0.000000 0.000000
92.000000 26.000000 0.000000 0.000000 0.000000
92.000000 27.000000 0.000000 0.000000 0.000000
92.000000 28.000000 0.000000 0.000000 0.000000
92.000000 29.000000 0.000000 0.000000 0.000000
92.000000 30.000000 0.000000 0.000000 0.000000
92.000000 31.000000 0.000000 0.000000 0.000000
92.000000 32.000000 0.000000 0.000000 0.000000
92.000000 33.000000 0.000000 0.000000 0.000000
92.000000 34.000000 0.000000 0.000000 0.000000
92.000000 35.000000 0.000000 0.000000 0.000000
92.000000 36.000000 0.000000 0.000000 0.000000
92.000000 37.000000 0.000000 0.000000 0.000000
92.000000 38.000000 0.000000 0.000000 0.000000
92.000000 39.000000 0.000000 0.000000 0.000000
92.000000 40.000000 0.000000 0.000000 0.000000
92.000000 41.000000 0.000000 0.000000 0.000000
92.000000 42.000000 0.000000 0.000000 0.000000
92.000000 43.000000 0.000000 0.000000 0.000000
92.000000 44.000000 0.000000 0.000000 0.000000
92.000000 45.000000 0.000000 0.000000 0.000000
92.000000 46.000000 0.000000 0.000000 0.000000
92.000000 47.000000 0.000000 0.000000 0.000000
92.000000 48.000000 0.000000 0.000000 0.000000
92.000000 49.000000 0.000000 0.000000 0.000000
93.000000 0.000000 0.000000 0.000000 0.000000
93.000000 1.000000 0.000000 0.000000 0.000000
93.000000 2.000000 0.000000 0.000000 0.000000
93.000000 3.000000 0.000000 0.000000 0.000000
93.000000 4.000000 0.000000 0.000000 0.000000
93.000000 5.000000 0.000000 0.000000 0.000000
93.000000 6.000000 0.000000 0.000000 0.000000
93.000000 7.000000 0.000000 0.000000 0.000000
93.000000 8.000000 0.000000 0.000000 0.000000
93.000000 9.000000 0.000000 0.000000 0.000000
93.000000 10.000000 0.000000 0.000000 0.000000
93.000000 11.000000 0.000000 0.000000 0.000000
93.000000 12.000000 0.000000 0.000000 0.000000
93.000000 13.000000 0.000000 0.000000 0.000000
93.000000 14.000000 0.000000 0.000000 0.000000
93.000000 15.000000 0.000000 0.000000 0.000000
93.000000 16.000000 0.000000 0.000000 0.000000
93.000000 17.000000 0.000000 0.000000 0.000000
93.000000 18.000000 0.000000 0.000000 0.000000
93.000000 19.000000 0.000000 0.000000 0.000000
93.000000 20.000000 0.000000 0.000000 0.000000
93.000000 21.000000 0.000000 0.000000 0.000000
93.000000 22.000000 0.000000 0.000000 0.000000
93.000000 23.000000 0.000000 0.000000 0.000000
93.000000 24.000000 0.000000 0.000000 0.000000
93.000000 25.000000 0.000000 0.000000 0.000000
93.000000 26.000000 0.000000 0.000000 0.000000
93.000000 27.000000 0.000000 0.000000 0.000000
93.000000 28.000000 0.000000 0.000000 0.000000
93.000000 29.000000 0.000000 0.000000 0.000000
93.000000 30.000000 0.000000 0.000000 0.000000
93.000000 31.000000 0.000000 0.000000 0.000000
93.000000 32.000000 0.000000 0.000000 0.000000
93.000000 33.000000 0.000000 0.000000 0.000000
93.000000 34.000000 0.000000 0.000000 0.000000
93.000000 35.000000 0.000000 0.000000 0.000000
93.000000 36.000000 0.000000 0.000000 0.000000
93.000000 37.000000 0.000000 0.000000 0.000000
93.000000 38.000000 0.000000 0.000000 0.000000
93.000000 39.000000 0.000000 0.000000 0.000000
93.000000 40.000000 0.000000 0.000000 0.000000
93.000000 41.000000 0.000000 0.000000 0.000000
93.000000 42.000000 0.000000 0.000000 0.000000
93.000000 43.000000 0.000000 0.000000 0.000000
93.000000 44.000000 0.000000 0.000000 0.000000
93.000000 45.000000 0.000000 0.000000 0.000000
93.000000 46.000000 0.000000 0.000000 0.000000
93.000000 47.000000 0.000000 0.000000 0.000000
93.000000 48.000000 0.000000 0.000000 0.000000
93.000000 49.000000 0.000000 0.000000 0.000000
94.000000 0.000000 0.000000 0.000000 0.000000
94.000000 1.000000 0.000000 0.000000 0.000000
94.000000 2.000000 0.000000 0.000000 0.000000
94.000000 3.000000 0.000000 0.000000 0.000000
94.000000 4.000000 0.000000 0.000000 0.000000
94.000000 5.000000 0.000000 0.000000 0.000000
94.000000 6.000000 0.000000 0.000000 0.000000
94.000000 7.000000 0.000000 0.000000 0.000000
94.000000 8.000000 0.000000 0.000000 0.000000
94.000000 9.000000 0.000000 0.000000 0.000000
94.000000 10.000000 0.000000 0.000000 0.000000
94.000000 11.000000 0.000000 0.000000 0.000000
94.000000 12.000000 0.000000 0.000000 0.000000
94.000000 13.000000 0.000000 0.000000 0.000000
94.000000 14.000000 0.000000 0.000000 0.000000
94.000000 15.000000 0.000000 0.000000 0.000000
94.000000 16.000000 0.000000 0.000000 0.000000
94.000000 17.000000 0.000000 0.000000 0.000000
94.000000 18.000000 0.000000 0.000000 0.000000
94.000000 19.000000 0.000000 0.000000 0.000000
94.000000 20.000000 0.000000 0.000000 0.000000
94.000000 21.000000 0.000000 0.000000 0.000000
94.000000 22.000000 0.000000 0.000000 0.000000
94.000000 23.000000 0.000000 0.000000 0.000000
94.000000 24.000000 0.000000 0.000000 0.000000
94.000000 25.000000 0.000000 0.000000 0.000000
94.000000 26.000000 0.000000 0.000000 0.000000
94.000000 27.000000 0.000000 0.000000 0.000000
94.000000 28.000000 0.000000 0.000000 0.000000
94.000000 29.000000 0.000000 0.000000 0.000000
94.000000 30.000000 0.000000 0.000000 0.000000
94.000000 31.000000 0.000000 0.000000 0.000000
94.000000 32.000000 0.000000 0.000000 0.000000
94.000000 33.000000 0.000000 0.000000 0.000000
94.000000 34.000000 0.000000 0.000000 0.000000
94.000000 35.000000 0.000000 0.000000 0.000000
94.000000 36.000000 0.000000 0.000000 0.000000
94.000000 37.000000 0.000000 0.000000 0.000000
94.000000 38.000000 0.000000 0.000000 0.000000
94.000000 39.000000 0.000000 0.000000 0.000000
94.000000 40.000000 0.000000 0.000000 0.000000
94.000000 41.000000 0.000000 0.000000 0.000000
94.000000 42.000000 0.000000 0.000000 0.000000
94.000000 43.000000 0.000000 0.000000 0.000000
94.000000 44.000000 0.000000 0.000000 0.000000
94.000000 45.000000 0.000000 0.000000 0.000000
94.000000 46.000000 0.000000 0.000000 0.000000
94.000000 47.000000 0.000000 0.000000 0.000000
94.000000 48.000000 0.000000 0.000000 0.000000
94.000000 49.000000 0.000000 0.000000 0.000000
95.000000 0.000000 0.000000 0.000000 0.000000
95.000000 1.000000 0.000000 0.000000 0.000000
95.000000 2.000000 0.000000 0.000000 0.000000
95.000000 3.000000 0.000000 0.000000 0.000000
95.000000 4.000000 0.000000 0.000000 0.000000
95.000000 5.000000 0.000000 0.000000 0.000000
95.000000 6.000000 0.000000 0.000000 0.000000
95.000000 7.000000 0.000000 0.000000 0.000000
95.000000 8.000000 0.000000 0.000000 0.000000
95.000000 9.000000 0.000000 0.000000 0.000000
95.000000 10.000000 0.000000 0.000000 0.000000
95.000000 11.000000 0.000000 0.000000 0.000000
95.000000 12.000000 0.000000 0.000000 0.000000
95.000000 13.000000 0.000000 0.000000 0.000000
95.000000 14.000000 0.000000 0.000000 0.000000
95.000000 15.000000 0.000000 0.000000 0.000000
95.000000 16.000000 0.000000 0.000000 0.000000
95.000000 17.000000 0.000000 0.000000 0.000000
95.000000 18.000000 0.000000 0.000000 0.000000
95.000000 19.000000 0.000000 0.000000 0.000000
95.000000 20.000000 0.000000 0.000000 0.000000
95.000000 21.000000 0.000000 0.000000 0.000000
95.000000 22.000000 0.000000 0.000000 0.000000
95.000000 23.000000 0.000000 0.000000 0.000000
95.000000 24.000000 0.000000 0.000000 0.000000
95.000000 25.000000 0.000000 0.000000 0.000000
95.000000 26.000000 0.000000 0.000000 0.000000
95.000000 27.000000 0.000000 0.000000 0.000000
95.000000 28.000000 0.000000 0.000000 0.000000
95.000000 29.000000 0.000000 0.000000 0.000000
95.000000 30.000000 0.000000 0.000000 0.000000
95.000000 31.000000 0.000000 0.000000 0.000000
95.000000 32.000000 0.000000 0.000000 0.000000
95.000000 33.000000 0.000000 0.000000 0.000000
95.000000 34.000000 0.000000 0.000000 0.000000
95.000000 35.000000 0.000000 0.000000 0.000000
95.000000 36.000000 0.000000 0.000000 0.000000
95.000000 37.000000 0.000000 0.000000 0.000000
95.000000 38.000000 0.000000 0.000000 0.000000
95.000000 39.000000 0.000000 0.000000 0.000000
95.000000 40.000000 0.000000 0.000000 0.000000
95.000000 41.000000 0.000000 0.000000 0.000000
95.000000 42.000000 0.000000 0.000000 0.000000
95.000000 43.000000 0.000000 0.000000 0.000000
95.000000 44.000000 0.000000 0.000000 0.000000
95.000000 45.000000 0.000000 0.000000 0.000000
95.000000 46.000000 0.000000 0.000000 0.000000
95.000000 47.000000 0.000000 0.000000 0.000000
95.000000 48.000000 0.000000 0.000000 0.000000
95.000000 49.000000 0.000000 0.000000 0.000000
96.000000 0.000000 0.000000 0.000000 0.000000
96.000000 1.000000 0.000000 0.000000 0.000000
96.000000 2.000000 0.000000 0.000000 0.000000
96.000000 3.000000 0.000000 0.000000 0.000000
96.000000 4.000000 0.000000 0.000000 0.000000
96.000000 5.000000 13.000000 6.333333 13.000000
96.000000 6.000000 1686.000000 896.666687 1686.000000
96.000000 7.000000 2230.000000 2120.000000 2230.000000
96.000000 8.000000 1771.000000 1976.000000 2150.000000
96.000000 9.000000 1023.000000 1252.666626 1501.000000
96.000000 10.000000 491.000000 653.000000 828.000000
96.000000 11.000000 196.000000 270.666656 349.000000
96.000000 12.000000 76.000000 107.000000 142.000000
96.000000 13.000000 25.000000 38.000000 51.000000
96.000000 14.000000 9.000000 13.666667 18.000000
96.000000 15.000000 3.000000 4.333333 6.000000
96.000000 16.000000 1.000000 1.333333 2.000000
96.000000 17.000000 0.000000 0.666667 1.000000
96.000000 18.000000 0.000000 0.000000 0.000000
96.000000 19.000000 0.000000 0.000000 0.000000
96.000000 20.000000 0.000000 0.000000 0.000000
96.000000 21.000000 0.000000 0.000000 0.000000
96.000000 22.000000 0.000000 0.000000 0.000000
96.000000 23.000000 0.000000 0.000000 0.000000
96.000000 24.000000 0.000000 0.000000 0.000000
96.000000 25.000000 0.000000 0.000000 0.000000
96.000000 26.000000 0.000000 0.000000 0.000000
96.000000 27.000000 0.000000 0.000000 0.000000
96.000000 28.000000 0.000000 0.000000 0.000000
96.000000 29.000000 0.000000 0.000000 0.000000
96.000000 30.000000 0.000000 0.000000 0.000000
96.000000 31.000000 0.000000 0.000000 0.000000
96.000000 32.000000 0.000000 0.000000 0.000000
96.000000 33.000000 0.000000 0.000000 0.000000
96.000000 34.000000 0.000000 0.000000 0.000000
96.000000 35.000000 0.000000 0.000000 0.000000
96.000000 36.000000 0.000000 0.000000 0.000000
96.000000 37.000000 0.000000 0.000000 0.000000
96.000000 38.000000 0.000000 0.000000 0.000000
96.000000 39.000000 0.000000 0.000000 0.000000
96.000000 40.000000 0.000000 0.000000 0.000000
96.000000 41.000000 0.000000 0.000000 0.000000
96.000000 42.000000 0.000000 0.000000 0.000000
96.000000 43.000000 0.000000 0.000000 0.000000
96.000000 44.000000 0.000000 0.000000 0.000000
96.000000 45.000000 0.000000 0.000000 0.000000
96.000000 46.000000 0.000000 0.000000 0.000000
96.000000 47.000000 0.000000 0.000000 0.000000
96.000000 48.000000 0.000000 0.000000 0.000000
96.000000 49.000000 0.000000 0.000000 0.000000
97.000000 0.000000 0.000000 0.000000 0.000000
97.000000 1.000000 0.000000 0.000000 0.000000
97.000000 2.000000 0.000000 0.000000 0.000000
97.000000 3.000000 0.000000 0.000000 0.000000
97.000000 4.000000 0.000000 0.000000 0.000000
97.000000 5.000000 0.000000 0.000000 0.000000
97.000000 6.000000 0.000000 0.000000 0.000000
97.000000 7.000000 0.000000 0.000000 0.000000
97.000000 8.000000 0.000000 0.000000 0.000000
97.000000 9.000000 0.000000 0.000000 0.000000
97.000000 10.000000 0.000000 0.000000 0.000000
97.000000 11.000000 0.000000 0.000000 0.000000
97.000000 12.000000 0.000000 0.000000 0.000000
97.000000 13.000000 0.000000 0.000000 0.000000
97.000000 14.000000 0.000000 0.000000 0.000000
97.000000 15.000000 0.000000 0.000000 0.000000
97.000000 16.000000 0.000000 0.000000 0.000000
97.000000 17.000000 0.000000 0.000000 0.000000
97.000000 18.000000 0.000000 0.000000 0.000000
97.000000 19.000000 0.000000 0.000000 0.000000
97.000000 20.000000 0.000000 0.000000 0.000000
97.000000 21.000000 0.000000 0.000000 0.000000
97.000000 22.000000 0.000000 0.000000 0.000000
97.000000 23.000000 0.000000 0.000000 0.000000
97.000000 24.000000 0.000000 0.000000 0.000000
97.000000 25.000000 0.000000 0.000000 0.000000
97.000000 26.000000 0.000000 0.000000 0.000000
97.000000 27.000000 0.000000 0.000000 0.000000
97.000000 28.000000 0.000000 0.000000 0.000000
97.000000 29.000000 0.000000 0.000000 0.000000
97.000000 30.000000 0.000000 0.000000 0.000000
97.000000 31.000000 0.000000 0.000000 0.000000
97.000000 32.000000 0.000000 0.000000 0.000000
97.000000 33.000000 0.000000 0.000000 0.000000
97.000000 34.000000 0.000000 0.000000 0.000000
97.000000 35.000000 0.000000 0.000000 0.000000
97.000000 36.000000 0.000000 0.000000 0.000000
97.000000 37.000000 0.000000 0.000000 0.000000
97.000000 38.000000 0.000000 0.000000 0.000000
97.000000 39.000000 0.000000 0.000000 0.000000
97.000000 40.000000 0.000000 0.000000 0.000000
97.000000 41.000000 0.000000 0.000000 0.000000
97.000000 42.000000 0.000000 0.000000 0.000000
97.000000 43.000000 0.000000 0.000000 0.000000
97.000000 44.000000 0.000000 0.000000 0.000000
97.000000 45.000000 0.000000 0.000000 0.000000
97.000000 46.000000 0.000000 0.000000 0.000000
97.000000 47.000000 0.000000 0.000000 0.000000
97.000000 48.000000 0.000000 0.000000 0.000000
97.000000 49.000000 0.000000 0.000000 0.000000
98.000000 0.000000 0.000000 0.000000 0.000000
98.000000 1.000000 0.000000 0.000000 0.000000
98.000000 2.000000 0.000000 0.000000 0.000000
98.000000 3.000000 0.000000 0.000000 0.000000
98.000000 4.000000 0.000000 0.000000 0.000000
98.000000 5.000000 0.000000 0.000000 0.000000
98.000000 6.000000 0.000000 0.000000 0.000000
98.000000 7.000000 0.000000 0.000000 0.000000
98.000000 8.000000 0.000000 0.000000 0.000000
98.000000 9.000000 0.000000 0.000000 0.000000
98.000000 10.000000 0.000000 0.000000 0.000000
98.000000 11.000000 0.000000 0.000000 0.000000
98.000000 12.000000 0.000000 0.000000 0.000000
98.000000 13.000000 0.000000 0.000000 0.000000
98.000000 14.000000 0.000000 0.000000 0.000000
98.000000 15.000000 0.000000 0.000000 0.000000
98.000000 16.000000 0.000000 0.000000 0.000000
98.000000 17.000000 0.000000 0.000000 0.000000
98.000000 18.000000 0.000000 0.000000 0.000000
98.000000 19.000000 0.000000 0.000000 0.000000
98.000000 20.000000 0.000000 0.000000 0.000000
98.000000 21.000000 0.000000 0.000000 0.000000
98.000000 22.000000 0.000000 0.000000 0.000000
98.000000 23.000000 0.000000 0.000000 0.000000
98.000000 24.000000 0.000000 0.000000 0.000000
98.000000 25.000000 0.000000 0.000000 0.000000
98.000000 26.000000 0.000000 0.000000 0.000000
98.000000 27.000000 0.000000 0.000000 0.000000
98.000000 28.000000 0.000000 0.000000 0.000000
98.000000 29.000000 0.000000 0.000000 0.000000
98.000000 30.000000 0.000000 0.000000 0.000000
98.000000 31.000000 0.000000 0.000000 0.000000
98.000000 32.000000 0.000000 0.000000 0.000000
98.000000 33.000000 0.000000 0.000000 0.000000
98.000000 34.000000 0.000000 0.000000 0.000000
98.000000 35.000000 0.000000 0.000000 0.000000
98.000000 36.000000 0.000000 0.000000 0.000000
98.000000 37.000000 0.000000 0.000000 0.000000
98.000000 38.000000 0.000000 0.000000 0.000000
98.000000 39.000000 0.000000 0.000000 0.000000
98.000000 40.000000 0.000000 0.000000 0.000000
98.000000 41.000000 0.000000 0.000000 0.000000
98.000000 42.000000 0.000000 0.000000 0.000000
98.000000 43.000000 0.000000 0.000000 0.000000
98.000000 44.000000 0.000000 0.000000 0.000000
98.000000 45.000000 0.000000 0.000000 0.000000
98.000000 46.000000 0.000000 0.000000 0.000000
98.000000 47.000000 0.000000 0.000000 0.000000
98.000000 48.000000 0.000000 0.000000 0.000000
98.000000 49.000000 0.000000 0.000000 0.000000
99.000000 0.000000 0.000000 0.000000 0.000000
99.000000 1.000000 0.000000 0.000000 0.000000
99.000000 2.000000 0.000000 0.000000 0.000000
99.000000 3.000000 0.000000 0.000000 0.000000
99.000000 4.000000 0.000000 0.000000 0.000000
99.000000 5.000000 0.000000 0.000000 0.000000
99.000000 6.000000 0.000000 0.000000 0.000000
99.000000 7.000000 0.000000 0.000000 0.000000
99.000000 8.000000 0.000000 0.000000 0.000000
99.000000 9.000000 0.000000 0.000000 0.000000
99.000000 10.000000 0.000000 0.000000 0.000000
99.000000 11.000000 0.000000 0.000000 0.000000
99.000000 12.000000 0.000000 0.000000 0.000000
99.000000 13.000000 0.000000 0.000000 0.000000
99.000000 14.000000 0.000000 0.000000 0.000000
99.000000 15.000000 0.000000 0.000000 0.000000
99.000000 16.000000 0.000000 0.000000 0.000000
99.000000 17.000000 0.000000 0.000000 0.000000
99.000000 18.000000 0.000000 0.000000 0.000000
99.000000 19.000000 0.000000 0.000000 0.000000
99.000000 20.000000 0.000000 0.000000 0.000000
99.000000 21.000000 0.000000 0.000000 0.000000
99.000000 22.000000 0.000000 0.000000 0.000000
99.000000 23.000000 0.000000 0.000000 0.000000
99.000000 24.000000 0.000000 0.000000 0.000000
99.000000 25.000000 0.000000 0.000000 0.000000
99.000000 26.000000 0.000000 0.000000 0.000000
99.000000 27.000000 0.000000 0.000000 0.000000
99.000000 28.000000 0.000000 0.000000 0.000000
99.000000 29.000000 0.000000 0.000000 0.000000
99.000000 30.000000 0.000000 0.000000 0.000000
99.000000 31.000000 0.000000 0.000000 0.000000
99.000000 32.000000 0.000000 0.000000 0.000000
99.000000 33.000000 0.000000 0.000000 0.000000
99.000000 34.000000 0.000000 0.000000 0.000000
99.000000 35.000000 0.000000 0.000000 0.000000
99.000000 36.000000 0.000000 0.000000 0.000000
99.000000 37.000000 0.000000 0.000000 0.000000
99.000000 38.000000 0.000000 0.000000 0.000000
99.000000 39.000000 0.000000 0.000000 0.000000
99.000000 40.000000 0.000000 0.000000 0.000000
99.000000 41.000000 0.000000 0.000000 0.000000
99.000000 42.000000 0.000000 0.000000 0.000000
99.000000 43.000000 0.000000 0.000000 0.000000
99.000000 44.000000 0.000000 0.000000 0.000000
99.000000 45.000000 0.000000 0.000000 0.000000
99.000000 46.000000 0.000000 0.000000 0.000000
99.000000 47.000000 0.000000 0.000000 0.000000
99.000000 48.000000 0.000000 0.000000 0.000000
99.000000 49.000000 0.000000 0.000000 0.000000
