0.000000 0.000000 0.000000 0.000000 0.000000
0.000000 1.000000 0.000000 0.000000 0.000000
0.000000 2.000000 0.000000 0.000000 0.000000
0.000000 3.000000 0.000000 0.000000 0.000000
0.000000 4.000000 0.000000 0.000000 0.000000
0.000000 5.000000 0.000000 0.000000 0.000000
0.000000 6.000000 0.000000 0.000000 0.000000
0.000000 7.000000 0.000000 0.000000 0.000000
0.000000 8.000000 0.000000 0.000000 0.000000
0.000000 9.000000 0.000000 0.000000 0.000000
0.000000 10.000000 0.000000 0.000000 0.000000
0.000000 11.000000 0.000000 0.000000 0.000000
0.000000 12.000000 0.000000 0.000000 0.000000
0.000000 13.000000 0.000000 0.000000 0.000000
0.000000 14.000000 0.000000 0.000000 0.000000
0.000000 15.000000 0.000000 0.000000 0.000000
0.000000 16.000000 0.000000 0.000000 0.000000
0.000000 17.000000 0.000000 0.000000 0.000000
0.000000 18.000000 0.000000 0.000000 0.000000
0.000000 19.000000 0.000000 0.000000 0.000000
0.000000 20.000000 0.000000 0.000000 0.000000
0.000000 21.000000 0.000000 0.000000 0.000000
0.000000 22.000000 0.000000 0.000000 0.000000
0.000000 23.000000 0.000000 0.000000 0.000000
0.000000 24.000000 0.000000 0.000000 0.000000
0.000000 25.000000 0.000000 0.000000 0.000000
0.000000 26.000000 0.000000 0.000000 0.000000
0.000000 27.000000 0.000000 0.000000 0.000000
0.000000 28.000000 0.000000 0.000000 0.000000
0.000000 29.000000 0.000000 0.000000 0.000000
0.000000 30.000000 0.000000 0.000000 0.000000
0.000000 31.000000 0.000000 0.000000 0.000000
0.000000 32.000000 0.000000 0.000000 0.000000
0.000000 33.000000 0.000000 0.000000 0.000000
0.000000 34.000000 0.000000 0.000000 0.000000
0.000000 35.000000 0.000000 0.000000 0.000000
0.000000 36.000000 0.000000 0.000000 0.000000
0.000000 37.000000 0.000000 0.000000 0.000000
0.000000 38.000000 0.000000 0.000000 0.000000
0.000000 39.000000 0.000000 0.000000 0.000000
0.000000 40.000000 0.000000 0.000000 0.000000
0.000000 41.000000 0.000000 0.000000 0.000000
0.000000 42.000000 0.000000 0.000000 0.000000
0.000000 43.000000 0.000000 0.000000 0.000000
0.000000 44.000000 0.000000 0.000000 0.000000
0.000000 45.000000 0.000000 0.000000 0.000000
0.000000 46.000000 0.000000 0.000000 0.000000
0.000000 47.000000 0.000000 0.000000 0.000000
0.000000 48.000000 0.000000 0.000000 0.000000
0.000000 49.000000 0.000000 0.000000 0.000000
1.000000 0.000000 0.000000 0.000000 0.000000
1.000000 1.000000 0.000000 0.000000 0.000000
1.000000 2.000000 0.000000 0.000000 0.000000
1.000000 3.000000 0.000000 0.000000 0.000000
1.000000 4.000000 0.000000 0.000000 0.000000
1.000000 5.000000 0.000000 0.000000 0.000000
1.000000 6.000000 0.000000 0.000000 0.000000
1.000000 7.000000 0.000000 0.000000 0.000000
1.000000 8.000000 0.000000 0.000000 0.000000
1.000000 9.000000 0.000000 0.000000 0.000000
1.000000 10.000000 0.000000 0.000000 0.000000
1.000000 11.000000 0.000000 0.000000 0.000000
1.000000 12.000000 0.000000 0.000000 0.000000
1.000000 13.000000 0.000000 0.000000 0.000000
1.000000 14.000000 2.000000 1.000000 2.000000
1.000000 15.000000 11.000000 7.333333 11.000000
1.000000 16.000000 32.000000 23.333334 32.000000
1.000000 17.000000 47.000000 43.666668 48.000000
1.000000 18.000000 65.000000 56.666668 65.000000
1.000000 19.000000 50.000000 56.666668 62.000000
1.000000 20.000000 46.000000 50.666668 58.000000
1.000000 21.000000 44.000000 44.000000 48.000000
1.000000 22.000000 59.000000 55.333332 62.000000
1.000000 23.000000 84.000000 73.000000 84.000000
1.000000 24.000000 87.000000 87.666664 89.000000
1.000000 25.000000 83.000000 85.333336 95.000000
1.000000 26.000000 58.000000 63.333332 69.000000
1.000000 27.000000 37.000000 41.333332 46.000000
1.000000 28.000000 30.000000 31.333334 33.000000
1.000000 29.000000 21.000000 24.666666 28.000000
1.000000 30.000000 10.000000 14.333333 18.000000
1.000000 31.000000 3.000000 3.666667 5.000000
1.000000 32.000000 8.000000 6.666667 8.000000
1.000000 33.000000 7.000000 7.333333 8.000000
1.000000 34.000000 10.000000 8.666667 10.000000
1.000000 35.000000 14.000000 13.000000 14.000000
1.000000 36.000000 16.000000 14.666667 16.000000
1.000000 37.000000 14.000000 13.000000 14.000000
1.000000 38.000000 11.000000 12.666667 14.000000
1.000000 39.000000 6.000000 7.666667 9.000000
1.000000 40.000000 3.000000 4.000000 5.000000
1.000000 41.000000 5.000000 4.000000 5.000000
1.000000 42.000000 6.000000 5.666667 6.000000
1.000000 43.000000 15.000000 11.666667 15.000000
1.000000 44.000000 16.000000 17.000000 18.000000
1.000000 45.000000 12.000000 13.000000 14.000000
1.000000 46.000000 11.000000 13.333333 15.000000
1.000000 47.000000 10.000000 10.000000 11.000000
1.000000 48.000000 6.000000 7.333333 9.000000
1.000000 49.000000 0.000000 2.000000 4.000000
2.000000 0.000000 0.000000 0.000000 0.000000
2.000000 1.000000 0.000000 0.000000 0.000000
2.000000 2.000000 0.000000 0.000000 0.000000
2.000000 3.000000 0.000000 0.000000 0.000000
2.000000 4.000000 0.000000 0.000000 0.000000
2.000000 5.000000 0.000000 0.000000 0.000000
2.000000 6.000000 0.000000 0.000000 0.000000
2.000000 7.000000 0.000000 0.000000 0.000000
2.000000 8.000000 0.000000 0.000000 0.000000
2.000000 9.000000 0.000000 0.000000 0.000000
2.000000 10.000000 0.000000 0.000000 0.000000
2.000000 11.000000 0.000000 0.000000 0.000000
2.000000 12.000000 0.000000 0.000000 0.000000
2.000000 13.000000 0.000000 0.000000 0.000000
2.000000 14.000000 0.000000 0.000000 0.000000
2.000000 15.000000 0.000000 0.000000 0.000000
2.000000 16.000000 0.000000 0.000000 0.000000
2.000000 17.000000 0.000000 0.000000 0.000000
2.000000 18.000000 0.000000 0.000000 0.000000
2.000000 19.000000 0.000000 0.000000 0.000000
2.000000 20.000000 0.000000 0.000000 0.000000
2.000000 21.000000 0.000000 0.000000 0.000000
2.000000 22.000000 0.000000 0.000000 0.000000
2.000000 23.000000 0.000000 0.000000 0.000000
2.000000 24.000000 0.000000 0.000000 0.000000
2.000000 25.000000 0.000000 0.000000 0.000000
2.000000 26.000000 0.000000 0.000000 0.000000
2.000000 27.000000 0.000000 0.000000 0.000000
2.000000 28.000000 0.000000 0.000000 0.000000
2.000000 29.000000 0.000000 0.000000 0.000000
2.000000 30.000000 0.000000 0.000000 0.000000
2.000000 31.000000 0.000000 0.000000 0.000000
2.000000 32.000000 0.000000 0.000000 0.000000
2.000000 33.000000 0.000000 0.000000 0.000000
2.000000 34.000000 0.000000 0.000000 0.000000
2.000000 35.000000 0.000000 0.000000 0.000000
2.000000 36.000000 0.000000 0.000000 0.000000
2.000000 37.000000 0.000000 0.000000 0.000000
2.000000 38.000000 0.000000 0.000000 0.000000
2.000000 39.000000 0.000000 0.000000 0.000000
2.000000 40.000000 0.000000 0.000000 0.000000
2.000000 41.000000 0.000000 0.000000 0.000000
2.000000 42.000000 0.000000 0.000000 0.000000
2.000000 43.000000 0.000000 0.000000 0.000000
2.000000 44.000000 0.000000 0.000000 0.000000
2.000000 45.000000 0.000000 0.000000 0.000000
2.000000 46.000000 0.000000 0.000000 0.000000
2.000000 47.000000 0.000000 0.000000 0.000000
2.000000 48.000000 0.000000 0.000000 0.000000
2.000000 49.000000 0.000000 0.000000 0.000000
3.000000 0.000000 0.000000 0.000000 0.000000
3.000000 1.000000 0.000000 0.000000 0.000000
3.000000 2.000000 0.000000 0.000000 0.000000
3.000000 3.000000 0.000000 0.000000 0.000000
3.000000 4.000000 0.000000 0.000000 0.000000
3.000000 5.000000 0.000000 0.000000 0.000000
3.000000 6.000000 0.000000 0.000000 0.000000
3.000000 7.000000 0.000000 0.000000 0.000000
3.000000 8.000000 0.000000 0.000000 0.000000
3.000000 9.000000 0.000000 0.000000 0.000000
3.000000 10.000000 0.000000 0.000000 0.000000
3.000000 11.000000 0.000000 0.000000 0.000000
3.000000 12.000000 0.000000 0.000000 0.000000
3.000000 13.000000 0.000000 0.000000 0.000000
3.000000 14.000000 0.000000 0.000000 0.000000
3.000000 15.000000 0.000000 0.000000 0.000000
3.000000 16.000000 0.000000 0.000000 0.000000
3.000000 17.000000 0.000000 0.000000 0.000000
3.000000 18.000000 0.000000 0.000000 0.000000
3.000000 19.000000 0.000000 0.000000 0.000000
3.000000 20.000000 0.000000 0.000000 0.000000
3.000000 21.000000 0.000000 0.000000 0.000000
3.000000 22.000000 0.000000 0.000000 0.000000
3.000000 23.000000 0.000000 0.000000 0.000000
3.000000 24.000000 0.000000 0.000000 0.000000
3.000000 25.000000 0.000000 0.000000 0.000000
3.000000 26.000000 0.000000 0.000000 0.000000
3.000000 27.000000 0.000000 0.000000 0.000000
3.000000 28.000000 0.000000 0.000000 0.000000
3.000000 29.000000 0.000000 0.000000 0.000000
3.000000 30.000000 0.000000 0.000000 0.000000
3.000000 31.000000 0.000000 0.000000 0.000000
3.000000 32.000000 0.000000 0.000000 0.000000
3.000000 33.000000 0.000000 0.000000 0.000000
3.000000 34.000000 0.000000 0.000000 0.000000
3.000000 35.000000 0.000000 0.000000 0.000000
3.000000 36.000000 0.000000 0.000000 0.000000
3.000000 37.000000 0.000000 0.000000 0.000000
3.000000 38.000000 0.000000 0.000000 0.000000
3.000000 39.000000 0.000000 0.000000 0.000000
3.000000 40.000000 0.000000 0.000000 0.000000
3.000000 41.000000 0.000000 0.000000 0.000000
3.000000 42.000000 0.000000 0.000000 0.000000
3.000000 43.000000 0.000000 0.000000 0.000000
3.000000 44.000000 0.000000 0.000000 0.000000
3.000000 45.000000 0.000000 0.000000 0.000000
3.000000 46.000000 0.000000 0.000000 0.000000
3.000000 47.000000 0.000000 0.000000 0.000000
3.000000 48.000000 0.000000 0.000000 0.000000
3.000000 49.000000 0.000000 0.000000 0.000000
4.000000 0.000000 0.000000 0.000000 0.000000
4.000000 1.000000 0.000000 0.000000 0.000000
4.000000 2.000000 0.000000 0.000000 0.000000
4.000000 3.000000 0.000000 0.000000 0.000000
4.000000 4.000000 0.000000 0.000000 0.000000
4.000000 5.000000 0.000000 0.000000 0.000000
4.000000 6.000000 0.000000 0.000000 0.000000
4.000000 7.000000 0.000000 0.000000 0.000000
4.000000 8.000000 0.000000 0.000000 0.000000
4.000000 9.000000 0.000000 0.000000 0.000000
4.000000 10.000000 0.000000 0.000000 0.000000
4.000000 11.000000 0.000000 0.000000 0.000000
4.000000 12.000000 0.000000 0.000000 0.000000
4.000000 13.000000 0.000000 0.000000 0.000000
4.000000 14.000000 0.000000 0.000000 0.000000
4.000000 15.000000 0.000000 0.000000 0.000000
4.000000 16.000000 0.000000 0.000000 0.000000
4.000000 17.000000 0.000000 0.000000 0.000000
4.000000 18.000000 0.000000 0.000000 0.000000
4.000000 19.000000 0.000000 0.000000 0.000000
4.000000 20.000000 0.000000 0.000000 0.000000
4.000000 21.000000 0.000000 0.000000 0.000000
4.000000 22.000000 0.000000 0.000000 0.000000
4.000000 23.000000 0.000000 0.000000 0.000000
4.000000 24.000000 0.000000 0.000000 0.000000
4.000000 25.000000 0.000000 0.000000 0.000000
4.000000 26.000000 0.000000 0.000000 0.000000
4.000000 27.000000 0.000000 0.000000 0.000000
4.000000 28.000000 0.000000 0.000000 0.000000
4.000000 29.000000 0.000000 0.000000 0.000000
4.000000 30.000000 0.000000 0.000000 0.000000
4.000000 31.000000 0.000000 0.000000 0.000000
4.000000 32.000000 0.000000 0.000000 0.000000
4.000000 33.000000 0.000000 0.000000 0.000000
4.000000 34.000000 0.000000 0.000000 0.000000
4.000000 35.000000 0.000000 0.000000 0.000000
4.000000 36.000000 0.000000 0.000000 0.000000
4.000000 37.000000 0.000000 0.000000 0.000000
4.000000 38.000000 0.000000 0.000000 0.000000
4.000000 39.000000 0.000000 0.000000 0.000000
4.000000 40.000000 0.000000 0.000000 0.000000
4.000000 41.000000 0.000000 0.000000 0.000000
4.000000 42.000000 0.000000 0.000000 0.000000
4.000000 43.000000 0.000000 0.000000 0.000000
4.000000 44.000000 0.000000 0.000000 0.000000
4.000000 45.000000 0.000000 0.000000 0.000000
4.000000 46.000000 0.000000 0.000000 0.000000
4.000000 47.000000 0.000000 0.000000 0.000000
4.000000 48.000000 0.000000 0.000000 0.000000
4.000000 49.000000 0.000000 0.000000 0.000000
5.000000 0.000000 0.000000 0.000000 0.000000
5.000000 1.000000 0.000000 0.000000 0.000000
5.000000 2.000000 0.000000 0.000000 0.000000
5.000000 3.000000 0.000000 0.000000 0.000000
5.000000 4.000000 0.000000 0.000000 0.000000
5.000000 5.000000 0.000000 0.000000 0.000000
5.000000 6.000000 0.000000 0.000000 0.000000
5.000000 7.000000 0.000000 0.000000 0.000000
5.000000 8.000000 0.000000 0.000000 0.000000
5.000000 9.000000 4.000000 2.000000 4.000000
5.000000 10.000000 40.000000 22.666666 40.000000
5.000000 11.000000 100.000000 82.000000 100.000000
5.000000 12.000000 153.000000 133.000000 153.000000
5.000000 13.000000 136.000000 150.000000 161.000000
5.000000 14.000000 217.000000 203.000000 217.000000
5.000000 15.000000 196.000000 201.333328 206.000000
5.000000 16.000000 141.000000 167.000000 189.000000
5.000000 17.000000 82.000000 106.333336 129.000000
5.000000 18.000000 43.000000 51.666668 60.000000
5.000000 19.000000 23.000000 28.666666 34.000000
5.000000 20.000000 7.000000 10.666667 15.000000
5.000000 21.000000 1.000000 2.000000 4.000000
5.000000 22.000000 0.000000 0.333333 1.000000
5.000000 23.000000 0.000000 0.000000 0.000000
5.000000 24.000000 0.000000 0.000000 0.000000
5.000000 25.000000 0.000000 0.000000 0.000000
5.000000 26.000000 0.000000 0.000000 0.000000
5.000000 27.000000 0.000000 0.000000 0.000000
5.000000 28.000000 0.000000 0.000000 0.000000
5.000000 29.000000 0.000000 0.000000 0.000000
5.000000 30.000000 0.000000 0.000000 0.000000
5.000000 31.000000 0.000000 0.000000 0.000000
5.000000 32.000000 0.000000 0.000000 0.000000
5.000000 33.000000 0.000000 0.000000 0.000000
5.000000 34.000000 2.000000 1.000000 2.000000
5.000000 35.000000 8.000000 7.000000 8.000000
5.000000 36.000000 9.000000 10.000000 11.000000
5.000000 37.000000 5.000000 7.000000 9.000000
5.000000 38.000000 1.000000 1.666667 3.000000
5.000000 39.000000 1.000000 1.000000 1.000000
5.000000 40.000000 0.000000 0.000000 0.000000
5.000000 41.000000 0.000000 0.000000 0.000000
5.000000 42.000000 0.000000 0.000000 0.000000
5.000000 43.000000 0.000000 0.000000 0.000000
5.000000 44.000000 3.000000 1.666667 3.000000
5.000000 45.000000 4.000000 4.000000 4.000000
5.000000 46.000000 5.000000 4.333333 5.000000
5.000000 47.000000 15.000000 9.333333 15.000000
5.000000 48.000000 21.000000 21.000000 23.000000
5.000000 49.000000 24.000000 23.000000 24.000000
6.000000 0.000000 0.000000 0.000000 0.000000
6.000000 1.000000 0.000000 0.000000 0.000000
6.000000 2.000000 0.000000 0.000000 0.000000
6.000000 3.000000 0.000000 0.000000 0.000000
6.000000 4.000000 0.000000 0.000000 0.000000
6.000000 5.000000 0.000000 0.000000 0.000000
6.000000 6.000000 0.000000 0.000000 0.000000
6.000000 7.000000 0.000000 0.000000 0.000000
6.000000 8.000000 0.000000 0.000000 0.000000
6.000000 9.000000 0.000000 0.000000 0.000000
6.000000 10.000000 0.000000 0.000000 0.000000
6.000000 11.000000 0.000000 0.000000 0.000000
6.000000 12.000000 0.000000 0.000000 0.000000
6.000000 13.000000 0.000000 0.000000 0.000000
6.000000 14.000000 0.000000 0.000000 0.000000
6.000000 15.000000 0.000000 0.000000 0.000000
6.000000 16.000000 0.000000 0.000000 0.000000
6.000000 17.000000 0.000000 0.000000 0.000000
6.000000 18.000000 0.000000 0.000000 0.000000
6.000000 19.000000 0.000000 0.000000 0.000000
6.000000 20.000000 0.000000 0.000000 0.000000
6.000000 21.000000 0.000000 0.000000 0.000000
6.000000 22.000000 0.000000 0.000000 0.000000
6.000000 23.000000 0.000000 0.000000 0.000000
6.000000 24.000000 0.000000 0.000000 0.000000
6.000000 25.000000 0.000000 0.000000 0.000000
6.000000 26.000000 0.000000 0.000000 0.000000
6.000000 27.000000 0.000000 0.000000 0.000000
6.000000 28.000000 0.000000 0.000000 0.000000
6.000000 29.000000 0.000000 0.000000 0.000000
6.000000 30.000000 0.000000 0.000000 0.000000
6.000000 31.000000 0.000000 0.000000 0.000000
6.000000 32.000000 0.000000 0.000000 0.000000
6.000000 33.000000 0.000000 0.000000 0.000000
6.000000 34.000000 0.000000 0.000000 0.000000
6.000000 35.000000 0.000000 0.000000 0.000000
6.000000 36.000000 0.000000 0.000000 0.000000
6.000000 37.000000 0.000000 0.000000 0.000000
6.000000 38.000000 0.000000 0.000000 0.000000
6.000000 39.000000 0.000000 0.000000 0.000000
6.000000 40.000000 0.000000 0.000000 0.000000
6.000000 41.000000 0.000000 0.000000 0.000000
6.000000 42.000000 0.000000 0.000000 0.000000
6.000000 43.000000 0.000000 0.000000 0.000000
6.000000 44.000000 0.000000 0.000000 0.000000
6.000000 45.000000 0.000000 0.000000 0.000000
6.000000 46.000000 0.000000 0.000000 0.000000
6.000000 47.000000 0.000000 0.000000 0.000000
6.000000 48.000000 0.000000 0.000000 0.000000
6.000000 49.000000 0.000000 0.000000 0.000000
7.000000 0.000000 0.000000 0.000000 0.000000
7.000000 1.000000 0.000000 0.000000 0.000000
7.000000 2.000000 0.000000 0.000000 0.000000
7.000000 3.000000 0.000000 0.000000 0.000000
7.000000 4.000000 0.000000 0.000000 0.000000
7.000000 5.000000 0.000000 0.000000 0.000000
7.000000 6.000000 0.000000 0.000000 0.000000
7.000000 7.000000 0.000000 0.000000 0.000000
7.000000 8.000000 0.000000 0.000000 0.000000
7.000000 9.000000 0.000000 0.000000 0.000000
7.000000 10.000000 0.000000 0.000000 0.000000
7.000000 11.000000 0.000000 0.000000 0.000000
7.000000 12.000000 5.000000 2.333333 5.000000
7.000000 13.000000 32.000000 17.333334 32.000000
7.000000 14.000000 115.000000 81.666664 115.000000
7.000000 15.000000 145.000000 139.333328 145.000000
7.000000 16.000000 132.000000 139.666672 149.000000
7.000000 17.000000 158.000000 139.666672 158.000000
7.000000 18.000000 148.000000 160.000000 171.000000
7.000000 19.000000 108.000000 122.333336 131.000000
7.000000 20.000000 69.000000 76.000000 83.000000
7.000000 21.000000 42.000000 49.000000 62.000000
7.000000 22.000000 41.000000 35.666668 41.000000
7.000000 23.000000 35.000000 35.666668 36.000000
7.000000 24.000000 33.000000 34.333332 37.000000
7.000000 25.000000 28.000000 29.666666 31.000000
7.000000 26.000000 27.000000 25.666666 27.000000
7.000000 27.000000 27.000000 29.000000 31.000000
7.000000 28.000000 22.000000 22.666666 23.000000
7.000000 29.000000 12.000000 15.000000 19.000000
7.000000 30.000000 8.000000 10.666667 14.000000
7.000000 31.000000 12.000000 9.333333 12.000000
7.000000 32.000000 10.000000 10.000000 10.000000
7.000000 33.000000 15.000000 11.333333 15.000000
7.000000 34.000000 12.000000 13.000000 14.000000
7.000000 35.000000 4.000000 7.333333 10.000000
7.000000 36.000000 1.000000 2.000000 3.000000
7.000000 37.000000 0.000000 0.000000 0.000000
7.000000 38.000000 0.000000 0.000000 0.000000
7.000000 39.000000 0.000000 0.000000 0.000000
7.000000 40.000000 0.000000 0.000000 0.000000
7.000000 41.000000 0.000000 0.000000 0.000000
7.000000 42.000000 0.000000 0.000000 0.000000
7.000000 43.000000 0.000000 0.000000 0.000000
7.000000 44.000000 0.000000 0.000000 0.000000
7.000000 45.000000 0.000000 0.000000 0.000000
7.000000 46.000000 0.000000 0.000000 0.000000
7.000000 47.000000 0.000000 0.000000 0.000000
7.000000 48.000000 0.000000 0.000000 0.000000
7.000000 49.000000 0.000000 0.000000 0.000000
8.000000 0.000000 0.000000 0.000000 0.000000
8.000000 1.000000 0.000000 0.000000 0.000000
8.000000 2.000000 0.000000 0.000000 0.000000
8.000000 3.000000 0.000000 0.000000 0.000000
8.000000 4.000000 0.000000 0.000000 0.000000
8.000000 5.000000 18.000000 9.666667 18.000000
8.000000 6.000000 37.000000 31.000000 37.000000
8.000000 7.000000 64.000000 52.000000 64.000000
8.000000 8.000000 89.000000 81.333336 89.000000
8.000000 9.000000 83.000000 86.333336 89.000000
8.000000 10.000000 49.000000 61.333332 70.000000
8.000000 11.000000 44.000000 44.000000 50.000000
8.000000 12.000000 66.000000 54.333332 66.000000
8.000000 13.000000 92.000000 83.333336 92.000000
8.000000 14.000000 85.000000 87.000000 93.000000
8.000000 15.000000 60.000000 73.666664 82.000000
8.000000 16.000000 57.000000 57.333332 64.000000
8.000000 17.000000 36.000000 39.333332 45.000000
8.000000 18.000000 34.000000 32.666668 35.000000
8.000000 19.000000 37.000000 37.666668 40.000000
8.000000 20.000000 34.000000 36.000000 37.000000
8.000000 21.000000 22.000000 26.333334 29.000000
8.000000 22.000000 17.000000 20.000000 22.000000
8.000000 23.000000 9.000000 11.666667 16.000000
8.000000 24.000000 3.000000 4.666667 7.000000
8.000000 25.000000 0.000000 0.000000 0.000000
8.000000 26.000000 0.000000 0.000000 0.000000
8.000000 27.000000 0.000000 0.000000 0.000000
8.000000 28.000000 0.000000 0.000000 0.000000
8.000000 29.000000 14.000000 6.666667 14.000000
8.000000 30.000000 36.000000 30.666666 36.000000
8.000000 31.000000 38.000000 38.000000 41.000000
8.000000 32.000000 25.000000 30.666666 36.000000
8.000000 33.000000 17.000000 19.000000 21.000000
8.000000 34.000000 11.000000 12.666667 14.000000
8.000000 35.000000 13.000000 10.666667 13.000000
8.000000 36.000000 12.000000 13.666667 16.000000
8.000000 37.000000 4.000000 7.000000 10.000000
8.000000 38.000000 1.000000 1.333333 2.000000
8.000000 39.000000 0.000000 0.666667 1.000000
8.000000 40.000000 0.000000 0.000000 0.000000
8.000000 41.000000 3.000000 1.666667 3.000000
8.000000 42.000000 16.000000 9.666667 16.000000
8.000000 43.000000 27.000000 23.333334 27.000000
8.000000 44.000000 27.000000 29.000000 30.000000
8.000000 45.000000 17.000000 19.666666 22.000000
8.000000 46.000000 9.000000 12.000000 16.000000
8.000000 47.000000 3.000000 4.333333 5.000000
8.000000 48.000000 4.000000 3.000000 4.000000
8.000000 49.000000 6.000000 5.666667 6.000000
9.000000 0.000000 0.000000 0.000000 0.000000
9.000000 1.000000 0.000000 0.000000 0.000000
9.000000 2.000000 0.000000 0.000000 0.000000
9.000000 3.000000 0.000000 0.000000 0.000000
9.000000 4.000000 0.000000 0.000000 0.000000
9.000000 5.000000 0.000000 0.000000 0.000000
9.000000 6.000000 0.000000 0.000000 0.000000
9.000000 7.000000 0.000000 0.000000 0.000000
9.000000 8.000000 0.000000 0.000000 0.000000
9.000000 9.000000 1.000000 0.333333 1.000000
9.000000 10.000000 17.000000 9.333333 17.000000
9.000000 11.000000 24.000000 22.666666 24.000000
9.000000 12.000000 38.000000 28.666666 38.000000
9.000000 13.000000 33.000000 35.000000 36.000000
9.000000 14.000000 35.000000 35.666668 38.000000
9.000000 15.000000 33.000000 34.333332 36.000000
9.000000 16.000000 25.000000 29.000000 34.000000
9.000000 17.000000 22.000000 23.333334 25.000000
9.000000 18.000000 27.000000 24.666666 27.000000
9.000000 19.000000 28.000000 28.333334 29.000000
9.000000 20.000000 33.000000 30.000000 33.000000
9.000000 21.000000 37.000000 33.666668 37.000000
9.000000 22.000000 46.000000 42.333332 46.000000
9.000000 23.000000 53.000000 47.333332 53.000000
9.000000 24.000000 71.000000 61.333332 71.000000
9.000000 25.000000 58.000000 64.333336 73.000000
9.000000 26.000000 37.000000 44.000000 48.000000
9.000000 27.000000 36.000000 31.666666 36.000000
9.000000 28.000000 36.000000 34.333332 36.000000
9.000000 29.000000 36.000000 37.333332 42.000000
9.000000 30.000000 36.000000 35.666668 39.000000
9.000000 31.000000 34.000000 33.000000 35.000000
9.000000 32.000000 36.000000 35.666668 40.000000
9.000000 33.000000 30.000000 30.333334 31.000000
9.000000 34.000000 27.000000 26.333334 27.000000
9.000000 35.000000 26.000000 25.000000 26.000000
9.000000 36.000000 21.000000 19.666666 21.000000
9.000000 37.000000 22.000000 20.333334 22.000000
9.000000 38.000000 19.000000 19.333334 20.000000
9.000000 39.000000 17.000000 17.333334 18.000000
9.000000 40.000000 11.000000 12.666667 14.000000
9.000000 41.000000 14.000000 13.666667 14.000000
9.000000 42.000000 10.000000 10.000000 12.000000
9.000000 43.000000 5.000000 5.333333 6.000000
9.000000 44.000000 6.000000 5.666667 6.000000
9.000000 45.000000 7.000000 7.000000 7.000000
9.000000 46.000000 8.000000 7.000000 8.000000
9.000000 47.000000 7.000000 7.000000 8.000000
9.000000 48.000000 13.000000 9.000000 13.000000
9.000000 49.000000 13.000000 14.000000 15.000000
10.000000 0.000000 0.000000 0.000000 0.000000
10.000000 1.000000 0.000000 0.000000 0.000000
10.000000 2.000000 0.000000 0.000000 0.000000
10.000000 3.000000 0.000000 0.000000 0.000000
10.000000 4.000000 0.000000 0.000000 0.000000
10.000000 5.000000 0.000000 0.000000 0.000000
10.000000 6.000000 0.000000 0.000000 0.000000
10.000000 7.000000 0.000000 0.000000 0.000000
10.000000 8.000000 0.000000 0.000000 0.000000
10.000000 9.000000 0.000000 0.000000 0.000000
10.000000 10.000000 0.000000 0.000000 0.000000
10.000000 11.000000 0.000000 0.000000 0.000000
10.000000 12.000000 0.000000 0.000000 0.000000
10.000000 13.000000 0.000000 0.000000 0.000000
10.000000 14.000000 0.000000 0.000000 0.000000
10.000000 15.000000 0.000000 0.000000 0.000000
10.000000 16.000000 0.000000 0.000000 0.000000
10.000000 17.000000 0.000000 0.000000 0.000000
10.000000 18.000000 0.000000 0.000000 0.000000
10.000000 19.000000 0.000000 0.000000 0.000000
10.000000 20.000000 0.000000 0.000000 0.000000
10.000000 21.000000 0.000000 0.000000 0.000000
10.000000 22.000000 0.000000 0.000000 0.000000
10.000000 23.000000 0.000000 0.000000 0.000000
10.000000 24.000000 0.000000 0.000000 0.000000
10.000000 25.000000 0.000000 0.000000 0.000000
10.000000 26.000000 0.000000 0.000000 0.000000
10.000000 27.000000 0.000000 0.000000 0.000000
10.000000 28.000000 0.000000 0.000000 0.000000
10.000000 29.000000 0.000000 0.000000 0.000000
10.000000 30.000000 0.000000 0.000000 0.000000
10.000000 31.000000 0.000000 0.000000 0.000000
10.000000 32.000000 0.000000 0.000000 0.000000
10.000000 33.000000 0.000000 0.000000 0.000000
10.000000 34.000000 0.000000 0.000000 0.000000
10.000000 35.000000 0.000000 0.000000 0.000000
10.000000 36.000000 0.000000 0.000000 0.000000
10.000000 37.000000 0.000000 0.000000 0.000000
10.000000 38.000000 0.000000 0.000000 0.000000
10.000000 39.000000 0.000000 0.000000 0.000000
10.000000 40.000000 0.000000 0.000000 0.000000
10.000000 41.000000 0.000000 0.000000 0.000000
10.000000 42.000000 0.000000 0.000000 0.000000
10.000000 43.000000 0.000000 0.000000 0.000000
10.000000 44.000000 0.000000 0.000000 0.000000
10.000000 45.000000 0.000000 0.000000 0.000000
10.000000 46.000000 0.000000 0.000000 0.000000
10.000000 47.000000 0.000000 0.000000 0.000000
10.000000 48.000000 0.000000 0.000000 0.000000
10.000000 49.000000 0.000000 0.000000 0.000000
11.000000 0.000000 0.000000 0.000000 0.000000
11.000000 1.000000 0.000000 0.000000 0.000000
11.000000 2.000000 0.000000 0.000000 0.000000
11.000000 3.000000 0.000000 0.000000 0.000000
11.000000 4.000000 0.000000 0.000000 0.000000
11.000000 5.000000 0.000000 0.000000 0.000000
11.000000 6.000000 0.000000 0.000000 0.000000
11.000000 7.000000 0.000000 0.000000 0.000000
11.000000 8.000000 0.000000 0.000000 0.000000
11.000000 9.000000 0.000000 0.000000 0.000000
11.000000 10.000000 0.000000 0.000000 0.000000
11.000000 11.000000 0.000000 0.000000 0.000000
11.000000 12.000000 0.000000 0.000000 0.000000
11.000000 13.000000 0.000000 0.000000 0.000000
11.000000 14.000000 0.000000 0.000000 0.000000
11.000000 15.000000 0.000000 0.000000 0.000000
11.000000 16.000000 0.000000 0.000000 0.000000
11.000000 17.000000 0.000000 0.000000 0.000000
11.000000 18.000000 0.000000 0.000000 0.000000
11.000000 19.000000 0.000000 0.000000 0.000000
11.000000 20.000000 0.000000 0.000000 0.000000
11.000000 21.000000 0.000000 0.000000 0.000000
11.000000 22.000000 0.000000 0.000000 0.000000
11.000000 23.000000 0.000000 0.000000 0.000000
11.000000 24.000000 0.000000 0.000000 0.000000
11.000000 25.000000 0.000000 0.000000 0.000000
11.000000 26.000000 0.000000 0.000000 0.000000
11.000000 27.000000 0.000000 0.000000 0.000000
11.000000 28.000000 0.000000 0.000000 0.000000
11.000000 29.000000 0.000000 0.000000 0.000000
11.000000 30.000000 0.000000 0.000000 0.000000
11.000000 31.000000 0.000000 0.000000 0.000000
11.000000 32.000000 0.000000 0.000000 0.000000
11.000000 33.000000 0.000000 0.000000 0.000000
11.000000 34.000000 0.000000 0.000000 0.000000
11.000000 35.000000 0.000000 0.000000 0.000000
11.000000 36.000000 0.000000 0.000000 0.000000
11.000000 37.000000 0.000000 0.000000 0.000000
11.000000 38.000000 0.000000 0.000000 0.000000
11.000000 39.000000 0.000000 0.000000 0.000000
11.000000 40.000000 0.000000 0.000000 0.000000
11.000000 41.000000 0.000000 0.000000 0.000000
11.000000 42.000000 0.000000 0.000000 0.000000
11.000000 43.000000 0.000000 0.000000 0.000000
11.000000 44.000000 0.000000 0.000000 0.000000
11.000000 45.000000 0.000000 0.000000 0.000000
11.000000 46.000000 0.000000 0.000000 0.000000
11.000000 47.000000 0.000000 0.000000 0.000000
11.000000 48.000000 0.000000 0.000000 0.000000
11.000000 49.000000 0.000000 0.000000 0.000000
12.000000 0.000000 0.000000 0.000000 0.000000
12.000000 1.000000 0.000000 0.000000 0.000000
12.000000 2.000000 0.000000 0.000000 0.000000
12.000000 3.000000 0.000000 0.000000 0.000000
12.000000 4.000000 0.000000 0.000000 0.000000
12.000000 5.000000 0.000000 0.000000 0.000000
12.000000 6.000000 0.000000 0.000000 0.000000
12.000000 7.000000 0.000000 0.000000 0.000000
12.000000 8.000000 0.000000 0.000000 0.000000
12.000000 9.000000 0.000000 0.000000 0.000000
12.000000 10.000000 0.000000 0.000000 0.000000
12.000000 11.000000 0.000000 0.000000 0.000000
12.000000 12.000000 0.000000 0.000000 0.000000
12.000000 13.000000 0.000000 0.000000 0.000000
12.000000 14.000000 0.000000 0.000000 0.000000
12.000000 15.000000 0.000000 0.000000 0.000000
12.000000 16.000000 0.000000 0.000000 0.000000
12.000000 17.000000 0.000000 0.000000 0.000000
12.000000 18.000000 0.000000 0.000000 0.000000
12.000000 19.000000 0.000000 0.000000 0.000000
12.000000 20.000000 0.000000 0.000000 0.000000
12.000000 21.000000 0.000000 0.000000 0.000000
12.000000 22.000000 0.000000 0.000000 0.000000
12.000000 23.000000 0.000000 0.000000 0.000000
12.000000 24.000000 0.000000 0.000000 0.000000
12.000000 25.000000 0.000000 0.000000 0.000000
12.000000 26.000000 0.000000 0.000000 0.000000
12.000000 27.000000 0.000000 0.000000 0.000000
12.000000 28.000000 0.000000 0.000000 0.000000
12.000000 29.000000 0.000000 0.000000 0.000000
12.000000 30.000000 0.000000 0.000000 0.000000
12.000000 31.000000 0.000000 0.000000 0.000000
12.000000 32.000000 0.000000 0.000000 0.000000
12.000000 33.000000 0.000000 0.000000 0.000000
12.000000 34.000000 0.000000 0.000000 0.000000
12.000000 35.000000 0.000000 0.000000 0.000000
12.000000 36.000000 0.000000 0.000000 0.000000
12.000000 37.000000 0.000000 0.000000 0.000000
12.000000 38.000000 0.000000 0.000000 0.000000
12.000000 39.000000 0.000000 0.000000 0.000000
12.000000 40.000000 0.000000 0.000000 0.000000
12.000000 41.000000 0.000000 0.000000 0.000000
12.000000 42.000000 0.000000 0.000000 0.000000
12.000000 43.000000 0.000000 0.000000 0.000000
12.000000 44.000000 0.000000 0.000000 0.000000
12.000000 45.000000 0.000000 0.000000 0.000000
12.000000 46.000000 0.000000 0.000000 0.000000
12.000000 47.000000 0.000000 0.000000 0.000000
12.000000 48.000000 0.000000 0.000000 0.000000
12.000000 49.000000 0.000000 0.000000 0.000000
13.000000 0.000000 0.000000 0.000000 0.000000
13.000000 1.000000 0.000000 0.000000 0.000000
13.000000 2.000000 0.000000 0.000000 0.000000
13.000000 3.000000 0.000000 0.000000 0.000000
13.000000 4.000000 0.000000 0.000000 0.000000
13.000000 5.000000 0.000000 0.000000 0.000000
13.000000 6.000000 0.000000 0.000000 0.000000
13.000000 7.000000 0.000000 0.000000 0.000000
13.000000 8.000000 0.000000 0.000000 0.000000
13.000000 9.000000 0.000000 0.000000 0.000000
13.000000 10.000000 0.000000 0.000000 0.000000
13.000000 11.000000 0.000000 0.000000 0.000000
13.000000 12.000000 0.000000 0.000000 0.000000
13.000000 13.000000 0.000000 0.000000 0.000000
13.000000 14.000000 0.000000 0.000000 0.000000
13.000000 15.000000 0.000000 0.000000 0.000000
13.000000 16.000000 0.000000 0.000000 0.000000
13.000000 17.000000 0.000000 0.000000 0.000000
13.000000 18.000000 0.000000 0.000000 0.000000
13.000000 19.000000 0.000000 0.000000 0.000000
13.000000 20.000000 0.000000 0.000000 0.000000
13.000000 21.000000 0.000000 0.000000 0.000000
13.000000 22.000000 0.000000 0.000000 0.000000
13.000000 23.000000 0.000000 0.000000 0.000000
13.000000 24.000000 0.000000 0.000000 0.000000
13.000000 25.000000 0.000000 0.000000 0.000000
13.000000 26.000000 0.000000 0.000000 0.000000
13.000000 27.000000 0.000000 0.000000 0.000000
13.000000 28.000000 0.000000 0.000000 0.000000
13.000000 29.000000 0.000000 0.000000 0.000000
13.000000 30.000000 0.000000 0.000000 0.000000
13.000000 31.000000 0.000000 0.000000 0.000000
13.000000 32.000000 0.000000 0.000000 0.000000
13.000000 33.000000 0.000000 0.000000 0.000000
13.000000 34.000000 0.000000 0.000000 0.000000
13.000000 35.000000 0.000000 0.000000 0.000000
13.000000 36.000000 0.000000 0.000000 0.000000
13.000000 37.000000 0.000000 0.000000 0.000000
13.000000 38.000000 0.000000 0.000000 0.000000
13.000000 39.000000 0.000000 0.000000 0.000000
13.000000 40.000000 0.000000 0.000000 0.000000
13.000000 41.000000 0.000000 0.000000 0.000000
13.000000 42.000000 0.000000 0.000000 0.000000
13.000000 43.000000 0.000000 0.000000 0.000000
13.000000 44.000000 0.000000 0.000000 0.000000
13.000000 45.000000 0.000000 0.000000 0.000000
13.000000 46.000000 0.000000 0.000000 0.000000
13.000000 47.000000 0.000000 0.000000 0.000000
13.000000 48.000000 0.000000 0.000000 0.000000
13.000000 49.000000 0.000000 0.000000 0.000000
14.000000 0.000000 0.000000 0.000000 0.000000
14.000000 1.000000 0.000000 0.000000 0.000000
14.000000 2.000000 0.000000 0.000000 0.000000
14.000000 3.000000 0.000000 0.000000 0.000000
14.000000 4.000000 0.000000 0.000000 0.000000
14.000000 5.000000 0.000000 0.000000 0.000000
14.000000 6.000000 0.000000 0.000000 0.000000
14.000000 7.000000 0.000000 0.000000 0.000000
14.000000 8.000000 0.000000 0.000000 0.000000
14.000000 9.000000 0.000000 0.000000 0.000000
14.000000 10.000000 0.000000 0.000000 0.000000
14.000000 11.000000 0.000000 0.000000 0.000000
14.000000 12.000000 0.000000 0.000000 0.000000
14.000000 13.000000 0.000000 0.000000 0.000000
14.000000 14.000000 0.000000 0.000000 0.000000
14.000000 15.000000 0.000000 0.000000 0.000000
14.000000 16.000000 0.000000 0.000000 0.000000
14.000000 17.000000 0.000000 0.000000 0.000000
14.000000 18.000000 0.000000 0.000000 0.000000
14.000000 19.000000 0.000000 0.000000 0.000000
14.000000 20.000000 0.000000 0.000000 0.000000
14.000000 21.000000 0.000000 0.000000 0.000000
14.000000 22.000000 0.000000 0.000000 0.000000
14.000000 23.000000 0.000000 0.000000 0.000000
14.000000 24.000000 0.000000 0.000000 0.000000
14.000000 25.000000 0.000000 0.000000 0.000000
14.000000 26.000000 0.000000 0.000000 0.000000
14.000000 27.000000 0.000000 0.000000 0.000000
14.000000 28.000000 0.000000 0.000000 0.000000
14.000000 29.000000 0.000000 0.000000 0.000000
14.000000 30.000000 0.000000 0.000000 0.000000
14.000000 31.000000 0.000000 0.000000 0.000000
14.000000 32.000000 0.000000 0.000000 0.000000
14.000000 33.000000 0.000000 0.000000 0.000000
14.000000 34.000000 0.000000 0.000000 0.000000
14.000000 35.000000 0.000000 0.000000 0.000000
14.000000 36.000000 0.000000 0.000000 0.000000
14.000000 37.000000 0.000000 0.000000 0.000000
14.000000 38.000000 0.000000 0.000000 0.000000
14.000000 39.000000 0.000000 0.000000 0.000000
14.000000 40.000000 0.000000 0.000000 0.000000
14.000000 41.000000 0.000000 0.000000 0.000000
14.000000 42.000000 0.000000 0.000000 0.000000
14.000000 43.000000 0.000000 0.000000 0.000000
14.000000 44.000000 0.000000 0.000000 0.000000
14.000000 45.000000 0.000000 0.000000 0.000000
14.000000 46.000000 0.000000 0.000000 0.000000
14.000000 47.000000 0.000000 0.000000 0.000000
14.000000 48.000000 0.000000 0.000000 0.000000
14.000000 49.000000 0.000000 0.000000 0.000000
15.000000 0.000000 0.000000 0.000000 0.000000
15.000000 1.000000 0.000000 0.000000 0.000000
15.000000 2.000000 0.000000 0.000000 0.000000
15.000000 3.000000 0.000000 0.000000 0.000000
15.000000 4.000000 0.000000 0.000000 0.000000
15.000000 5.000000 0.000000 0.000000 0.000000
15.000000 6.000000 0.000000 0.000000 0.000000
15.000000 7.000000 0.000000 0.000000 0.000000
15.000000 8.000000 0.000000 0.000000 0.000000
15.000000 9.000000 0.000000 0.000000 0.000000
15.000000 10.000000 0.000000 0.000000 0.000000
15.000000 11.000000 15.000000 8.000000 15.000000
15.000000 12.000000 33.000000 27.666666 33.000000
15.000000 13.000000 49.000000 39.333332 49.000000
15.000000 14.000000 91.000000 78.333336 91.000000
15.000000 15.000000 132.000000 117.666664 132.000000
15.000000 16.000000 99.000000 111.666664 119.000000
15.000000 17.000000 68.000000 74.333336 78.000000
15.000000 18.000000 124.000000 104.000000 124.000000
15.000000 19.000000 153.000000 146.666672 159.000000
15.000000 20.000000 110.000000 129.333328 142.000000
15.000000 21.000000 73.000000 80.666664 86.000000
15.000000 22.000000 56.000000 63.666668 69.000000
15.000000 23.000000 44.000000 46.666668 50.000000
15.000000 24.000000 31.000000 35.000000 39.000000
15.000000 25.000000 25.000000 27.000000 28.000000
15.000000 26.000000 18.000000 20.333334 22.000000
15.000000 27.000000 14.000000 16.333334 19.000000
15.000000 28.000000 6.000000 8.666667 11.000000
15.000000 29.000000 2.000000 2.666667 4.000000
15.000000 30.000000 11.000000 6.333333 11.000000
15.000000 31.000000 11.000000 11.333333 12.000000
15.000000 32.000000 10.000000 10.333333 11.000000
15.000000 33.000000 7.000000 8.666667 10.000000
15.000000 34.000000 6.000000 6.333333 7.000000
15.000000 35.000000 5.000000 4.333333 5.000000
15.000000 36.000000 9.000000 8.000000 9.000000
15.000000 37.000000 13.000000 11.666667 13.000000
15.000000 38.000000 21.000000 16.000000 21.000000
15.000000 39.000000 20.000000 21.333334 23.000000
15.000000 40.000000 15.000000 18.333334 22.000000
15.000000 41.000000 10.000000 11.000000 12.000000
15.000000 42.000000 4.000000 6.000000 9.000000
15.000000 43.000000 2.000000 3.333333 4.000000
15.000000 44.000000 1.000000 1.000000 1.000000
15.000000 45.000000 0.000000 0.000000 0.000000
15.000000 46.000000 0.000000 0.000000 0.000000
15.000000 47.000000 0.000000 0.000000 0.000000
15.000000 48.000000 0.000000 0.000000 0.000000
15.000000 49.000000 0.000000 0.000000 0.000000
16.000000 0.000000 0.000000 0.000000 0.000000
16.000000 1.000000 0.000000 0.000000 0.000000
16.000000 2.000000 0.000000 0.000000 0.000000
16.000000 3.000000 0.000000 0.000000 0.000000
16.000000 4.000000 0.000000 0.000000 0.000000
16.000000 5.000000 0.000000 0.000000 0.000000
16.000000 6.000000 0.000000 0.000000 0.000000
16.000000 7.000000 0.000000 0.000000 0.000000
16.000000 8.000000 0.000000 0.000000 0.000000
16.000000 9.000000 0.000000 0.000000 0.000000
16.000000 10.000000 0.000000 0.000000 0.000000
16.000000 11.000000 0.000000 0.000000 0.000000
16.000000 12.000000 0.000000 0.000000 0.000000
16.000000 13.000000 0.000000 0.000000 0.000000
16.000000 14.000000 0.000000 0.000000 0.000000
16.000000 15.000000 0.000000 0.000000 0.000000
16.000000 16.000000 0.000000 0.000000 0.000000
16.000000 17.000000 0.000000 0.000000 0.000000
16.000000 18.000000 0.000000 0.000000 0.000000
16.000000 19.000000 0.000000 0.000000 0.000000
16.000000 20.000000 0.000000 0.000000 0.000000
16.000000 21.000000 8.000000 4.333333 8.000000
16.000000 22.000000 21.000000 17.000000 21.000000
16.000000 23.000000 34.000000 27.666666 34.000000
16.000000 24.000000 50.000000 44.333332 50.000000
16.000000 25.000000 59.000000 55.000000 59.000000
16.000000 26.000000 51.000000 56.333332 62.000000
16.000000 27.000000 42.000000 45.333332 47.000000
16.000000 28.000000 34.000000 38.000000 43.000000
16.000000 29.000000 30.000000 31.333334 33.000000
16.000000 30.000000 34.000000 31.000000 34.000000
16.000000 31.000000 55.000000 45.333332 55.000000
16.000000 32.000000 50.000000 52.666668 56.000000
16.000000 33.000000 50.000000 50.000000 54.000000
16.000000 34.000000 62.000000 61.666668 66.000000
16.000000 35.000000 55.000000 59.000000 62.000000
16.000000 36.000000 50.000000 51.666668 54.000000
16.000000 37.000000 65.000000 61.333332 70.000000
16.000000 38.000000 63.000000 66.000000 72.000000
16.000000 39.000000 64.000000 65.000000 71.000000
16.000000 40.000000 59.000000 57.666668 60.000000
16.000000 41.000000 61.000000 60.666668 68.000000
16.000000 42.000000 46.000000 48.000000 51.000000
16.000000 43.000000 33.000000 35.000000 37.000000
16.000000 44.000000 28.000000 29.666666 31.000000
16.000000 45.000000 28.000000 27.666666 29.000000
16.000000 46.000000 27.000000 27.666666 30.000000
16.000000 47.000000 28.000000 28.000000 31.000000
16.000000 48.000000 19.000000 22.666666 26.000000
16.000000 49.000000 18.000000 19.666666 22.000000
17.000000 0.000000 0.000000 0.000000 0.000000
17.000000 1.000000 0.000000 0.000000 0.000000
17.000000 2.000000 0.000000 0.000000 0.000000
17.000000 3.000000 0.000000 0.000000 0.000000
17.000000 4.000000 0.000000 0.000000 0.000000
17.000000 5.000000 0.000000 0.000000 0.000000
17.000000 6.000000 0.000000 0.000000 0.000000
17.000000 7.000000 0.000000 0.000000 0.000000
17.000000 8.000000 0.000000 0.000000 0.000000
17.000000 9.000000 0.000000 0.000000 0.000000
17.000000 10.000000 0.000000 0.000000 0.000000
17.000000 11.000000 0.000000 0.000000 0.000000
17.000000 12.000000 0.000000 0.000000 0.000000
17.000000 13.000000 0.000000 0.000000 0.000000
17.000000 14.000000 0.000000 0.000000 0.000000
17.000000 15.000000 0.000000 0.000000 0.000000
17.000000 16.000000 0.000000 0.000000 0.000000
17.000000 17.000000 0.000000 0.000000 0.000000
17.000000 18.000000 0.000000 0.000000 0.000000
17.000000 19.000000 0.000000 0.000000 0.000000
17.000000 20.000000 0.000000 0.000000 0.000000
17.000000 21.000000 1.000000 0.666667 1.000000
17.000000 22.000000 8.000000 4.000000 8.000000
17.000000 23.000000 30.000000 20.333334 30.000000
17.000000 24.000000 49.000000 42.000000 49.000000
17.000000 25.000000 73.000000 61.666668 73.000000
17.000000 26.000000 119.000000 104.666664 119.000000
17.000000 27.000000 97.000000 110.333336 120.000000
17.000000 28.000000 145.000000 141.000000 148.000000
17.000000 29.000000 155.000000 157.666672 167.000000
17.000000 30.000000 114.000000 129.333328 138.000000
17.000000 31.000000 72.000000 84.666664 92.000000
17.000000 32.000000 42.000000 51.000000 59.000000
17.000000 33.000000 34.000000 35.333332 39.000000
17.000000 34.000000 37.000000 33.333332 37.000000
17.000000 35.000000 22.000000 26.666666 33.000000
17.000000 36.000000 10.000000 13.000000 16.000000
17.000000 37.000000 3.000000 6.000000 8.000000
17.000000 38.000000 5.000000 5.000000 6.000000
17.000000 39.000000 3.000000 3.666667 4.000000
17.000000 40.000000 0.000000 2.000000 3.000000
17.000000 41.000000 2.000000 1.333333 2.000000
17.000000 42.000000 13.000000 8.333333 13.000000
17.000000 43.000000 22.000000 18.333334 22.000000
17.000000 44.000000 51.000000 36.666668 51.000000
17.000000 45.000000 71.000000 65.000000 71.000000
17.000000 46.000000 54.000000 59.000000 62.000000
17.000000 47.000000 25.000000 36.666668 45.000000
17.000000 48.000000 11.000000 13.333333 16.000000
17.000000 49.000000 11.000000 11.666667 12.000000
18.000000 0.000000 0.000000 0.000000 0.000000
18.000000 1.000000 0.000000 0.000000 0.000000
18.000000 2.000000 0.000000 0.000000 0.000000
18.000000 3.000000 0.000000 0.000000 0.000000
18.000000 4.000000 0.000000 0.000000 0.000000
18.000000 5.000000 0.000000 0.000000 0.000000
18.000000 6.000000 0.000000 0.000000 0.000000
18.000000 7.000000 0.000000 0.000000 0.000000
18.000000 8.000000 0.000000 0.000000 0.000000
18.000000 9.000000 0.000000 0.000000 0.000000
18.000000 10.000000 0.000000 0.000000 0.000000
18.000000 11.000000 0.000000 0.000000 0.000000
18.000000 12.000000 0.000000 0.000000 0.000000
18.000000 13.000000 0.000000 0.000000 0.000000
18.000000 14.000000 0.000000 0.000000 0.000000
18.000000 15.000000 0.000000 0.000000 0.000000
18.000000 16.000000 0.000000 0.000000 0.000000
18.000000 17.000000 0.000000 0.000000 0.000000
18.000000 18.000000 0.000000 0.000000 0.000000
18.000000 19.000000 0.000000 0.000000 0.000000
18.000000 20.000000 0.000000 0.000000 0.000000
18.000000 21.000000 0.000000 0.000000 0.000000
18.000000 22.000000 0.000000 0.000000 0.000000
18.000000 23.000000 0.000000 0.000000 0.000000
18.000000 24.000000 0.000000 0.000000 0.000000
18.000000 25.000000 0.000000 0.000000 0.000000
18.000000 26.000000 0.000000 0.000000 0.000000
18.000000 27.000000 0.000000 0.000000 0.000000
18.000000 28.000000 0.000000 0.000000 0.000000
18.000000 29.000000 0.000000 0.000000 0.000000
18.000000 30.000000 0.000000 0.000000 0.000000
18.000000 31.000000 0.000000 0.000000 0.000000
18.000000 32.000000 0.000000 0.000000 0.000000
18.000000 33.000000 0.000000 0.000000 0.000000
18.000000 34.000000 0.000000 0.000000 0.000000
18.000000 35.000000 0.000000 0.000000 0.000000
18.000000 36.000000 0.000000 0.000000 0.000000
18.000000 37.000000 0.000000 0.000000 0.000000
18.000000 38.000000 0.000000 0.000000 0.000000
18.000000 39.000000 0.000000 0.000000 0.000000
18.000000 40.000000 0.000000 0.000000 0.000000
18.000000 41.000000 0.000000 0.000000 0.000000
18.000000 42.000000 0.000000 0.000000 0.000000
18.000000 43.000000 0.000000 0.000000 0.000000
18.000000 44.000000 0.000000 0.000000 0.000000
18.000000 45.000000 0.000000 0.000000 0.000000
18.000000 46.000000 0.000000 0.000000 0.000000
18.000000 47.000000 0.000000 0.000000 0.000000
18.000000 48.000000 0.000000 0.000000 0.000000
18.000000 49.000000 0.000000 0.000000 0.000000
19.000000 0.000000 0.000000 0.000000 0.000000
19.000000 1.000000 0.000000 0.000000 0.000000
19.000000 2.000000 0.000000 0.000000 0.000000
19.000000 3.000000 0.000000 0.000000 0.000000
19.000000 4.000000 0.000000 0.000000 0.000000
19.000000 5.000000 0.000000 0.000000 0.000000
19.000000 6.000000 0.000000 0.000000 0.000000
19.000000 7.000000 0.000000 0.000000 0.000000
19.000000 8.000000 0.000000 0.000000 0.000000
19.000000 9.000000 0.000000 0.000000 0.000000
19.000000 10.000000 0.000000 0.000000 0.000000
19.000000 11.000000 0.000000 0.000000 0.000000
19.000000 12.000000 0.000000 0.000000 0.000000
19.000000 13.000000 0.000000 0.000000 0.000000
19.000000 14.000000 0.000000 0.000000 0.000000
19.000000 15.000000 0.000000 0.000000 0.000000
19.000000 16.000000 0.000000 0.000000 0.000000
19.000000 17.000000 0.000000 0.000000 0.000000
19.000000 18.000000 0.000000 0.000000 0.000000
19.000000 19.000000 0.000000 0.000000 0.000000
19.000000 20.000000 0.000000 0.000000 0.000000
19.000000 21.000000 0.000000 0.000000 0.000000
19.000000 22.000000 0.000000 0.000000 0.000000
19.000000 23.000000 0.000000 0.000000 0.000000
19.000000 24.000000 0.000000 0.000000 0.000000
19.000000 25.000000 0.000000 0.000000 0.000000
19.000000 26.000000 0.000000 0.000000 0.000000
19.000000 27.000000 0.000000 0.000000 0.000000
19.000000 28.000000 0.000000 0.000000 0.000000
19.000000 29.000000 0.000000 0.000000 0.000000
19.000000 30.000000 0.000000 0.000000 0.000000
19.000000 31.000000 0.000000 0.000000 0.000000
19.000000 32.000000 0.000000 0.000000 0.000000
19.000000 33.000000 0.000000 0.000000 0.000000
19.000000 34.000000 0.000000 0.000000 0.000000
19.000000 35.000000 0.000000 0.000000 0.000000
19.000000 36.000000 0.000000 0.000000 0.000000
19.000000 37.000000 0.000000 0.000000 0.000000
19.000000 38.000000 0.000000 0.000000 0.000000
19.000000 39.000000 0.000000 0.000000 0.000000
19.000000 40.000000 0.000000 0.000000 0.000000
19.000000 41.000000 0.000000 0.000000 0.000000
19.000000 42.000000 0.000000 0.000000 0.000000
19.000000 43.000000 0.000000 0.000000 0.000000
19.000000 44.000000 0.000000 0.000000 0.000000
19.000000 45.000000 0.000000 0.000000 0.000000
19.000000 46.000000 0.000000 0.000000 0.000000
19.000000 47.000000 0.000000 0.000000 0.000000
19.000000 48.000000 0.000000 0.000000 0.000000
19.000000 49.000000 0.000000 0.000000 0.000000
20.000000 0.000000 0.000000 0.000000 0.000000
20.000000 1.000000 0.000000 0.000000 0.000000
20.000000 2.000000 0.000000 0.000000 0.000000
20.000000 3.000000 0.000000 0.000000 0.000000
20.000000 4.000000 0.000000 0.000000 0.000000
20.000000 5.000000 0.000000 0.000000 0.000000
20.000000 6.000000 0.000000 0.000000 0.000000
20.000000 7.000000 0.000000 0.000000 0.000000
20.000000 8.000000 0.000000 0.000000 0.000000
20.000000 9.000000 0.000000 0.000000 0.000000
20.000000 10.000000 0.000000 0.000000 0.000000
20.000000 11.000000 15.000000 7.333333 15.000000
20.000000 12.000000 29.000000 25.000000 29.000000
20.000000 13.000000 72.000000 53.000000 72.000000
20.000000 14.000000 98.000000 93.333336 101.000000
20.000000 15.000000 96.000000 99.000000 103.000000
20.000000 16.000000 64.000000 76.666664 84.000000
20.000000 17.000000 24.000000 33.000000 42.000000
20.000000 18.000000 40.000000 33.333332 40.000000
20.000000 19.000000 71.000000 59.333332 71.000000
20.000000 20.000000 66.000000 75.000000 81.000000
20.000000 21.000000 55.000000 57.666668 59.000000
20.000000 22.000000 44.000000 47.333332 52.000000
20.000000 23.000000 32.000000 37.000000 41.000000
20.000000 24.000000 22.000000 24.333334 28.000000
20.000000 25.000000 20.000000 19.333334 20.000000
20.000000 26.000000 32.000000 26.666666 32.000000
20.000000 27.000000 29.000000 28.666666 29.000000
20.000000 28.000000 23.000000 24.333334 25.000000
20.000000 29.000000 15.000000 17.333334 21.000000
20.000000 30.000000 10.000000 10.666667 11.000000
20.000000 31.000000 15.000000 13.000000 15.000000
20.000000 32.000000 20.000000 18.666666 20.000000
20.000000 33.000000 14.000000 17.000000 19.000000
20.000000 34.000000 11.000000 11.666667 12.000000
20.000000 35.000000 8.000000 8.666667 9.000000
20.000000 36.000000 3.000000 4.000000 6.000000
20.000000 37.000000 2.000000 1.666667 2.000000
20.000000 38.000000 6.000000 5.666667 6.000000
20.000000 39.000000 5.000000 5.666667 7.000000
20.000000 40.000000 4.000000 3.666667 4.000000
20.000000 41.000000 5.000000 4.666667 5.000000
20.000000 42.000000 6.000000 6.000000 6.000000
20.000000 43.000000 4.000000 4.000000 5.000000
20.000000 44.000000 9.000000 7.333333 9.000000
20.000000 45.000000 11.000000 10.000000 11.000000
20.000000 46.000000 7.000000 10.000000 12.000000
20.000000 47.000000 8.000000 7.000000 8.000000
20.000000 48.000000 6.000000 6.333333 7.000000
20.000000 49.000000 1.000000 2.000000 3.000000
21.000000 0.000000 0.000000 0.000000 0.000000
21.000000 1.000000 0.000000 0.000000 0.000000
21.000000 2.000000 0.000000 0.000000 0.000000
21.000000 3.000000 0.000000 0.000000 0.000000
21.000000 4.000000 0.000000 0.000000 0.000000
21.000000 5.000000 0.000000 0.000000 0.000000
21.000000 6.000000 0.000000 0.000000 0.000000
21.000000 7.000000 0.000000 0.000000 0.000000
21.000000 8.000000 0.000000 0.000000 0.000000
21.000000 9.000000 0.000000 0.000000 0.000000
21.000000 10.000000 0.000000 0.000000 0.000000
21.000000 11.000000 0.000000 0.000000 0.000000
21.000000 12.000000 0.000000 0.000000 0.000000
21.000000 13.000000 0.000000 0.000000 0.000000
21.000000 14.000000 0.000000 0.000000 0.000000
21.000000 15.000000 0.000000 0.000000 0.000000
21.000000 16.000000 0.000000 0.000000 0.000000
21.000000 17.000000 0.000000 0.000000 0.000000
21.000000 18.000000 0.000000 0.000000 0.000000
21.000000 19.000000 0.000000 0.000000 0.000000
21.000000 20.000000 0.000000 0.000000 0.000000
21.000000 21.000000 0.000000 0.000000 0.000000
21.000000 22.000000 0.000000 0.000000 0.000000
21.000000 23.000000 0.000000 0.000000 0.000000
21.000000 24.000000 0.000000 0.000000 0.000000
21.000000 25.000000 0.000000 0.000000 0.000000
21.000000 26.000000 0.000000 0.000000 0.000000
21.000000 27.000000 0.000000 0.000000 0.000000
21.000000 28.000000 0.000000 0.000000 0.000000
21.000000 29.000000 0.000000 0.000000 0.000000
21.000000 30.000000 0.000000 0.000000 0.000000
21.000000 31.000000 0.000000 0.000000 0.000000
21.000000 32.000000 0.000000 0.000000 0.000000
21.000000 33.000000 0.000000 0.000000 0.000000
21.000000 34.000000 0.000000 0.000000 0.000000
21.000000 35.000000 0.000000 0.000000 0.000000
21.000000 36.000000 0.000000 0.000000 0.000000
21.000000 37.000000 0.000000 0.000000 0.000000
21.000000 38.000000 0.000000 0.000000 0.000000
21.000000 39.000000 0.000000 0.000000 0.000000
21.000000 40.000000 0.000000 0.000000 0.000000
21.000000 41.000000 0.000000 0.000000 0.000000
21.000000 42.000000 0.000000 0.000000 0.000000
21.000000 43.000000 0.000000 0.000000 0.000000
21.000000 44.000000 0.000000 0.000000 0.000000
21.000000 45.000000 0.000000 0.000000 0.000000
21.000000 46.000000 0.000000 0.000000 0.000000
21.000000 47.000000 0.000000 0.000000 0.000000
21.000000 48.000000 0.000000 0.000000 0.000000
21.000000 49.000000 0.000000 0.000000 0.000000
22.000000 0.000000 0.000000 0.000000 0.000000
22.000000 1.000000 0.000000 0.000000 0.000000
22.000000 2.000000 0.000000 0.000000 0.000000
22.000000 3.000000 0.000000 0.000000 0.000000
22.000000 4.000000 0.000000 0.000000 0.000000
22.000000 5.000000 0.000000 0.000000 0.000000
22.000000 6.000000 0.000000 0.000000 0.000000
22.000000 7.000000 0.000000 0.000000 0.000000
22.000000 8.000000 0.000000 0.000000 0.000000
22.000000 9.000000 0.000000 0.000000 0.000000
22.000000 10.000000 0.000000 0.000000 0.000000
22.000000 11.000000 0.000000 0.000000 0.000000
22.000000 12.000000 0.000000 0.000000 0.000000
22.000000 13.000000 0.000000 0.000000 0.000000
22.000000 14.000000 10.000000 5.333333 10.000000
22.000000 15.000000 23.000000 20.000000 24.000000
22.000000 16.000000 61.000000 44.000000 61.000000
22.000000 17.000000 129.000000 110.666664 129.000000
22.000000 18.000000 138.000000 127.000000 138.000000
22.000000 19.000000 129.000000 134.333328 140.000000
22.000000 20.000000 106.000000 115.333336 121.000000
22.000000 21.000000 79.000000 86.000000 93.000000
22.000000 22.000000 56.000000 62.666668 67.000000
22.000000 23.000000 48.000000 45.333332 48.000000
22.000000 24.000000 55.000000 51.000000 55.000000
22.000000 25.000000 42.000000 44.000000 47.000000
22.000000 26.000000 22.000000 28.333334 34.000000
22.000000 27.000000 14.000000 17.000000 20.000000
22.000000 28.000000 32.000000 23.666666 32.000000
22.000000 29.000000 30.000000 29.666666 30.000000
22.000000 30.000000 39.000000 34.333332 40.000000
22.000000 31.000000 31.000000 32.666668 35.000000
22.000000 32.000000 40.000000 34.666668 40.000000
22.000000 33.000000 38.000000 38.666668 40.000000
22.000000 34.000000 44.000000 39.333332 44.000000
22.000000 35.000000 35.000000 38.666668 42.000000
22.000000 36.000000 31.000000 33.333332 35.000000
22.000000 37.000000 21.000000 24.000000 27.000000
22.000000 38.000000 12.000000 15.333333 18.000000
22.000000 39.000000 6.000000 8.333333 12.000000
22.000000 40.000000 2.000000 3.666667 5.000000
22.000000 41.000000 1.000000 1.333333 2.000000
22.000000 42.000000 0.000000 0.333333 1.000000
22.000000 43.000000 0.000000 0.000000 0.000000
22.000000 44.000000 0.000000 0.000000 0.000000
22.000000 45.000000 1.000000 0.333333 1.000000
22.000000 46.000000 8.000000 4.666667 8.000000
22.000000 47.000000 8.000000 8.333333 9.000000
22.000000 48.000000 14.000000 13.333333 14.000000
22.000000 49.000000 9.000000 9.333333 10.000000
23.000000 0.000000 0.000000 0.000000 0.000000
23.000000 1.000000 0.000000 0.000000 0.000000
23.000000 2.000000 0.000000 0.000000 0.000000
23.000000 3.000000 0.000000 0.000000 0.000000
23.000000 4.000000 0.000000 0.000000 0.000000
23.000000 5.000000 0.000000 0.000000 0.000000
23.000000 6.000000 0.000000 0.000000 0.000000
23.000000 7.000000 0.000000 0.000000 0.000000
23.000000 8.000000 0.000000 0.000000 0.000000
23.000000 9.000000 0.000000 0.000000 0.000000
23.000000 10.000000 0.000000 0.000000 0.000000
23.000000 11.000000 0.000000 0.000000 0.000000
23.000000 12.000000 0.000000 0.000000 0.000000
23.000000 13.000000 0.000000 0.000000 0.000000
23.000000 14.000000 0.000000 0.000000 0.000000
23.000000 15.000000 0.000000 0.000000 0.000000
23.000000 16.000000 0.000000 0.000000 0.000000
23.000000 17.000000 0.000000 0.000000 0.000000
23.000000 18.000000 0.000000 0.000000 0.000000
23.000000 19.000000 0.000000 0.000000 0.000000
23.000000 20.000000 4.000000 2.333333 4.000000
23.000000 21.000000 13.000000 10.333333 13.000000
23.000000 22.000000 28.000000 22.000000 28.000000
23.000000 23.000000 45.000000 39.333332 45.000000
23.000000 24.000000 78.000000 63.666668 78.000000
23.000000 25.000000 81.000000 78.666664 83.000000
23.000000 26.000000 75.000000 76.666664 78.000000
23.000000 27.000000 53.000000 59.000000 63.000000
23.000000 28.000000 56.000000 47.666668 56.000000
23.000000 29.000000 103.000000 88.000000 103.000000
23.000000 30.000000 121.000000 122.333336 134.000000
23.000000 31.000000 96.000000 101.000000 106.000000
23.000000 32.000000 69.000000 79.000000 85.000000
23.000000 33.000000 59.000000 62.333332 66.000000
23.000000 34.000000 38.000000 44.333332 49.000000
23.000000 35.000000 34.000000 34.666668 39.000000
23.000000 36.000000 35.000000 34.666668 37.000000
23.000000 37.000000 33.000000 34.333332 35.000000
23.000000 38.000000 24.000000 25.000000 26.000000
23.000000 39.000000 14.000000 16.333334 18.000000
23.000000 40.000000 12.000000 14.000000 16.000000
23.000000 41.000000 6.000000 8.000000 10.000000
23.000000 42.000000 10.000000 8.000000 10.000000
23.000000 43.000000 9.000000 9.333333 10.000000
23.000000 44.000000 7.000000 7.000000 7.000000
23.000000 45.000000 17.000000 13.666667 17.000000
23.000000 46.000000 10.000000 13.333333 16.000000
23.000000 47.000000 13.000000 11.333333 13.000000
23.000000 48.000000 7.000000 9.666667 12.000000
23.000000 49.000000 7.000000 7.333333 8.000000
24.000000 0.000000 0.000000 0.000000 0.000000
24.000000 1.000000 0.000000 0.000000 0.000000
24.000000 2.000000 0.000000 0.000000 0.000000
24.000000 3.000000 0.000000 0.000000 0.000000
24.000000 4.000000 0.000000 0.000000 0.000000
24.000000 5.000000 0.000000 0.000000 0.000000
24.000000 6.000000 0.000000 0.000000 0.000000
24.000000 7.000000 0.000000 0.000000 0.000000
24.000000 8.000000 0.000000 0.000000 0.000000
24.000000 9.000000 0.000000 0.000000 0.000000
24.000000 10.000000 0.000000 0.000000 0.000000
24.000000 11.000000 0.000000 0.000000 0.000000
24.000000 12.000000 0.000000 0.000000 0.000000
24.000000 13.000000 0.000000 0.000000 0.000000
24.000000 14.000000 0.000000 0.000000 0.000000
24.000000 15.000000 0.000000 0.000000 0.000000
24.000000 16.000000 0.000000 0.000000 0.000000
24.000000 17.000000 0.000000 0.000000 0.000000
24.000000 18.000000 0.000000 0.000000 0.000000
24.000000 19.000000 0.000000 0.000000 0.000000
24.000000 20.000000 0.000000 0.000000 0.000000
24.000000 21.000000 0.000000 0.000000 0.000000
24.000000 22.000000 0.000000 0.000000 0.000000
24.000000 23.000000 0.000000 0.000000 0.000000
24.000000 24.000000 0.000000 0.000000 0.000000
24.000000 25.000000 0.000000 0.000000 0.000000
24.000000 26.000000 0.000000 0.000000 0.000000
24.000000 27.000000 0.000000 0.000000 0.000000
24.000000 28.000000 0.000000 0.000000 0.000000
24.000000 29.000000 0.000000 0.000000 0.000000
24.000000 30.000000 0.000000 0.000000 0.000000
24.000000 31.000000 0.000000 0.000000 0.000000
24.000000 32.000000 0.000000 0.000000 0.000000
24.000000 33.000000 0.000000 0.000000 0.000000
24.000000 34.000000 0.000000 0.000000 0.000000
24.000000 35.000000 0.000000 0.000000 0.000000
24.000000 36.000000 0.000000 0.000000 0.000000
24.000000 37.000000 0.000000 0.000000 0.000000
24.000000 38.000000 0.000000 0.000000 0.000000
24.000000 39.000000 0.000000 0.000000 0.000000
24.000000 40.000000 0.000000 0.000000 0.000000
24.000000 41.000000 0.000000 0.000000 0.000000
24.000000 42.000000 0.000000 0.000000 0.000000
24.000000 43.000000 0.000000 0.000000 0.000000
24.000000 44.000000 0.000000 0.000000 0.000000
24.000000 45.000000 0.000000 0.000000 0.000000
24.000000 46.000000 0.000000 0.000000 0.000000
24.000000 47.000000 0.000000 0.000000 0.000000
24.000000 48.000000 0.000000 0.000000 0.000000
24.000000 49.000000 0.000000 0.000000 0.000000
25.000000 0.000000 0.000000 0.000000 0.000000
25.000000 1.000000 0.000000 0.000000 0.000000
25.000000 2.000000 0.000000 0.000000 0.000000
25.000000 3.000000 0.000000 0.000000 0.000000
25.000000 4.000000 0.000000 0.000000 0.000000
25.000000 5.000000 0.000000 0.000000 0.000000
25.000000 6.000000 0.000000 0.000000 0.000000
25.000000 7.000000 0.000000 0.000000 0.000000
25.000000 8.000000 0.000000 0.000000 0.000000
25.000000 9.000000 0.000000 0.000000 0.000000
25.000000 10.000000 0.000000 0.000000 0.000000
25.000000 11.000000 0.000000 0.000000 0.000000
25.000000 12.000000 0.000000 0.000000 0.000000
25.000000 13.000000 0.000000 0.000000 0.000000
25.000000 14.000000 0.000000 0.000000 0.000000
25.000000 15.000000 0.000000 0.000000 0.000000
25.000000 16.000000 0.000000 0.000000 0.000000
25.000000 17.000000 0.000000 0.000000 0.000000
25.000000 18.000000 0.000000 0.000000 0.000000
25.000000 19.000000 0.000000 0.000000 0.000000
25.000000 20.000000 0.000000 0.000000 0.000000
25.000000 21.000000 0.000000 0.000000 0.000000
25.000000 22.000000 0.000000 0.000000 0.000000
25.000000 23.000000 0.000000 0.000000 0.000000
25.000000 24.000000 0.000000 0.000000 0.000000
25.000000 25.000000 0.000000 0.000000 0.000000
25.000000 26.000000 0.000000 0.000000 0.000000
25.000000 27.000000 0.000000 0.000000 0.000000
25.000000 28.000000 0.000000 0.000000 0.000000
25.000000 29.000000 0.000000 0.000000 0.000000
25.000000 30.000000 0.000000 0.000000 0.000000
25.000000 31.000000 0.000000 0.000000 0.000000
25.000000 32.000000 0.000000 0.000000 0.000000
25.000000 33.000000 0.000000 0.000000 0.000000
25.000000 34.000000 0.000000 0.000000 0.000000
25.000000 35.000000 0.000000 0.000000 0.000000
25.000000 36.000000 0.000000 0.000000 0.000000
25.000000 37.000000 0.000000 0.000000 0.000000
25.000000 38.000000 0.000000 0.000000 0.000000
25.000000 39.000000 0.000000 0.000000 0.000000
25.000000 40.000000 0.000000 0.000000 0.000000
25.000000 41.000000 0.000000 0.000000 0.000000
25.000000 42.000000 0.000000 0.000000 0.000000
25.000000 43.000000 0.000000 0.000000 0.000000
25.000000 44.000000 0.000000 0.000000 0.000000
25.000000 45.000000 0.000000 0.000000 0.000000
25.000000 46.000000 0.000000 0.000000 0.000000
25.000000 47.000000 0.000000 0.000000 0.000000
25.000000 48.000000 0.000000 0.000000 0.000000
25.000000 49.000000 0.000000 0.000000 0.000000
26.000000 0.000000 0.000000 0.000000 0.000000
26.000000 1.000000 0.000000 0.000000 0.000000
26.000000 2.000000 0.000000 0.000000 0.000000
26.000000 3.000000 0.000000 0.000000 0.000000
26.000000 4.000000 0.000000 0.000000 0.000000
26.000000 5.000000 0.000000 0.000000 0.000000
26.000000 6.000000 0.000000 0.000000 0.000000
26.000000 7.000000 0.000000 0.000000 0.000000
26.000000 8.000000 0.000000 0.000000 0.000000
26.000000 9.000000 0.000000 0.000000 0.000000
26.000000 10.000000 0.000000 0.000000 0.000000
26.000000 11.000000 0.000000 0.000000 0.000000
26.000000 12.000000 0.000000 0.000000 0.000000
26.000000 13.000000 0.000000 0.000000 0.000000
26.000000 14.000000 0.000000 0.000000 0.000000
26.000000 15.000000 0.000000 0.000000 0.000000
26.000000 16.000000 0.000000 0.000000 0.000000
26.000000 17.000000 0.000000 0.000000 0.000000
26.000000 18.000000 0.000000 0.000000 0.000000
26.000000 19.000000 5.000000 3.000000 5.000000
26.000000 20.000000 25.000000 16.000000 25.000000
26.000000 21.000000 52.000000 40.666668 52.000000
26.000000 22.000000 97.000000 80.666664 97.000000
26.000000 23.000000 120.000000 117.333336 131.000000
26.000000 24.000000 83.000000 99.666664 109.000000
26.000000 25.000000 143.000000 114.666664 143.000000
26.000000 26.000000 152.000000 153.000000 165.000000
26.000000 27.000000 128.000000 137.333328 146.000000
26.000000 28.000000 90.000000 98.000000 106.000000
26.000000 29.000000 69.000000 76.666664 83.000000
26.000000 30.000000 45.000000 53.666668 60.000000
26.000000 31.000000 27.000000 33.333332 39.000000
26.000000 32.000000 29.000000 26.333334 29.000000
26.000000 33.000000 29.000000 28.000000 29.000000
26.000000 34.000000 20.000000 24.666666 30.000000
26.000000 35.000000 12.000000 14.333333 16.000000
26.000000 36.000000 10.000000 9.333333 10.000000
26.000000 37.000000 9.000000 10.666667 12.000000
26.000000 38.000000 7.000000 8.333333 9.000000
26.000000 39.000000 1.000000 3.333333 6.000000
26.000000 40.000000 1.000000 1.000000 1.000000
26.000000 41.000000 2.000000 1.666667 2.000000
26.000000 42.000000 25.000000 14.000000 25.000000
26.000000 43.000000 45.000000 39.000000 45.000000
26.000000 44.000000 39.000000 42.333332 45.000000
26.000000 45.000000 34.000000 31.000000 34.000000
26.000000 46.000000 30.000000 30.000000 31.000000
26.000000 47.000000 31.000000 32.000000 34.000000
26.000000 48.000000 25.000000 26.333334 27.000000
26.000000 49.000000 13.000000 15.333333 18.000000
27.000000 0.000000 0.000000 0.000000 0.000000
27.000000 1.000000 0.000000 0.000000 0.000000
27.000000 2.000000 0.000000 0.000000 0.000000
27.000000 3.000000 0.000000 0.000000 0.000000
27.000000 4.000000 0.000000 0.000000 0.000000
27.000000 5.000000 0.000000 0.000000 0.000000
27.000000 6.000000 0.000000 0.000000 0.000000
27.000000 7.000000 0.000000 0.000000 0.000000
27.000000 8.000000 0.000000 0.000000 0.000000
27.000000 9.000000 0.000000 0.000000 0.000000
27.000000 10.000000 0.000000 0.000000 0.000000
27.000000 11.000000 0.000000 0.000000 0.000000
27.000000 12.000000 0.000000 0.000000 0.000000
27.000000 13.000000 0.000000 0.000000 0.000000
27.000000 14.000000 0.000000 0.000000 0.000000
27.000000 15.000000 8.000000 4.333333 8.000000
27.000000 16.000000 21.000000 16.000000 21.000000
27.000000 17.000000 78.000000 53.666668 78.000000
27.000000 18.000000 155.000000 122.000000 155.000000
27.000000 19.000000 130.000000 139.666672 149.000000
27.000000 20.000000 137.000000 124.333336 137.000000
27.000000 21.000000 158.000000 152.666672 161.000000
27.000000 22.000000 143.000000 149.666672 161.000000
27.000000 23.000000 102.000000 113.000000 123.000000
27.000000 24.000000 61.000000 72.000000 85.000000
27.000000 25.000000 34.000000 42.666668 52.000000
27.000000 26.000000 26.000000 29.333334 33.000000
27.000000 27.000000 18.000000 21.000000 23.000000
27.000000 28.000000 12.000000 13.666667 15.000000
27.000000 29.000000 7.000000 9.000000 12.000000
27.000000 30.000000 5.000000 5.000000 5.000000
27.000000 31.000000 17.000000 13.000000 17.000000
27.000000 32.000000 16.000000 18.000000 20.000000
27.000000 33.000000 10.000000 12.666667 16.000000
27.000000 34.000000 9.000000 11.000000 12.000000
27.000000 35.000000 11.000000 11.666667 13.000000
27.000000 36.000000 5.000000 9.000000 13.000000
27.000000 37.000000 4.000000 4.333333 5.000000
27.000000 38.000000 1.000000 3.000000 4.000000
27.000000 39.000000 0.000000 0.333333 1.000000
27.000000 40.000000 0.000000 0.000000 0.000000
27.000000 41.000000 0.000000 0.000000 0.000000
27.000000 42.000000 0.000000 0.000000 0.000000
27.000000 43.000000 0.000000 0.000000 0.000000
27.000000 44.000000 0.000000 0.000000 0.000000
27.000000 45.000000 0.000000 0.000000 0.000000
27.000000 46.000000 0.000000 0.000000 0.000000
27.000000 47.000000 0.000000 0.000000 0.000000
27.000000 48.000000 0.000000 0.000000 0.000000
27.000000 49.000000 0.000000 0.000000 0.000000
28.000000 0.000000 0.000000 0.000000 0.000000
28.000000 1.000000 0.000000 0.000000 0.000000
28.000000 2.000000 0.000000 0.000000 0.000000
28.000000 3.000000 0.000000 0.000000 0.000000
28.000000 4.000000 0.000000 0.000000 0.000000
28.000000 5.000000 0.000000 0.000000 0.000000
28.000000 6.000000 0.000000 0.000000 0.000000
28.000000 7.000000 0.000000 0.000000 0.000000
28.000000 8.000000 0.000000 0.000000 0.000000
28.000000 9.000000 0.000000 0.000000 0.000000
28.000000 10.000000 0.000000 0.000000 0.000000
28.000000 11.000000 0.000000 0.000000 0.000000
28.000000 12.000000 1.000000 0.333333 1.000000
28.000000 13.000000 7.000000 4.333333 7.000000
28.000000 14.000000 35.000000 21.333334 35.000000
28.000000 15.000000 127.000000 89.333336 127.000000
28.000000 16.000000 139.000000 139.333328 149.000000
28.000000 17.000000 81.000000 104.666664 124.000000
28.000000 18.000000 85.000000 83.333336 92.000000
28.000000 19.000000 102.000000 98.666664 105.000000
28.000000 20.000000 96.000000 100.333336 105.000000
28.000000 21.000000 65.000000 78.000000 89.000000
28.000000 22.000000 46.000000 49.666668 52.000000
28.000000 23.000000 43.000000 42.000000 43.000000
28.000000 24.000000 39.000000 38.666668 39.000000
28.000000 25.000000 33.000000 32.333332 33.000000
28.000000 26.000000 27.000000 29.666666 31.000000
28.000000 27.000000 15.000000 19.333334 24.000000
28.000000 28.000000 15.000000 13.000000 15.000000
28.000000 29.000000 24.000000 18.000000 24.000000
28.000000 30.000000 20.000000 22.000000 24.000000
28.000000 31.000000 12.000000 14.000000 18.000000
28.000000 32.000000 32.000000 23.333334 32.000000
28.000000 33.000000 44.000000 38.666668 44.000000
28.000000 34.000000 48.000000 46.666668 49.000000
28.000000 35.000000 42.000000 42.333332 46.000000
28.000000 36.000000 31.000000 33.000000 34.000000
28.000000 37.000000 25.000000 27.333334 30.000000
28.000000 38.000000 17.000000 17.666666 20.000000
28.000000 39.000000 11.000000 14.666667 17.000000
28.000000 40.000000 6.000000 7.333333 9.000000
28.000000 41.000000 3.000000 3.666667 4.000000
28.000000 42.000000 4.000000 3.666667 4.000000
28.000000 43.000000 2.000000 3.333333 4.000000
28.000000 44.000000 1.000000 1.000000 1.000000
28.000000 45.000000 1.000000 0.666667 1.000000
28.000000 46.000000 2.000000 2.000000 2.000000
28.000000 47.000000 2.000000 2.000000 2.000000
28.000000 48.000000 0.000000 0.333333 1.000000
28.000000 49.000000 0.000000 0.000000 0.000000
29.000000 0.000000 0.000000 0.000000 0.000000
29.000000 1.000000 0.000000 0.000000 0.000000
29.000000 2.000000 0.000000 0.000000 0.000000
29.000000 3.000000 0.000000 0.000000 0.000000
29.000000 4.000000 0.000000 0.000000 0.000000
29.000000 5.000000 0.000000 0.000000 0.000000
29.000000 6.000000 0.000000 0.000000 0.000000
29.000000 7.000000 27.000000 14.666667 27.000000
29.000000 8.000000 107.000000 71.333336 107.000000
29.000000 9.000000 245.000000 209.333328 245.000000
29.000000 10.000000 327.000000 277.333344 327.000000
29.000000 11.000000 333.000000 342.666656 354.000000
29.000000 12.000000 234.000000 272.666656 311.000000
29.000000 13.000000 120.000000 158.000000 200.000000
29.000000 14.000000 46.000000 65.000000 87.000000
29.000000 15.000000 16.000000 20.666666 27.000000
29.000000 16.000000 7.000000 8.333333 10.000000
29.000000 17.000000 1.000000 1.666667 2.000000
29.000000 18.000000 0.000000 0.000000 0.000000
29.000000 19.000000 0.000000 0.000000 0.000000
29.000000 20.000000 0.000000 0.000000 0.000000
29.000000 21.000000 2.000000 1.333333 2.000000
29.000000 22.000000 1.000000 1.333333 2.000000
29.000000 23.000000 1.000000 0.666667 1.000000
29.000000 24.000000 12.000000 6.666667 12.000000
29.000000 25.000000 17.000000 14.333333 17.000000
29.000000 26.000000 18.000000 18.000000 19.000000
29.000000 27.000000 15.000000 15.666667 17.000000
29.000000 28.000000 3.000000 6.666667 11.000000
29.000000 29.000000 1.000000 1.333333 2.000000
29.000000 30.000000 0.000000 0.000000 0.000000
29.000000 31.000000 0.000000 0.000000 0.000000
29.000000 32.000000 0.000000 0.000000 0.000000
29.000000 33.000000 0.000000 0.000000 0.000000
29.000000 34.000000 0.000000 0.000000 0.000000
29.000000 35.000000 1.000000 0.666667 1.000000
29.000000 36.000000 1.000000 1.000000 1.000000
29.000000 37.000000 2.000000 1.666667 2.000000
29.000000 38.000000 5.000000 4.666667 5.000000
29.000000 39.000000 10.000000 7.666667 10.000000
29.000000 40.000000 11.000000 10.333333 11.000000
29.000000 41.000000 10.000000 11.333333 13.000000
29.000000 42.000000 7.000000 7.333333 8.000000
29.000000 43.000000 5.000000 5.333333 6.000000
29.000000 44.000000 1.000000 1.666667 2.000000
29.000000 45.000000 0.000000 0.666667 1.000000
29.000000 46.000000 0.000000 0.000000 0.000000
29.000000 47.000000 0.000000 0.000000 0.000000
29.000000 48.000000 0.000000 0.000000 0.000000
29.000000 49.000000 0.000000 0.000000 0.000000
30.000000 0.000000 0.000000 0.000000 0.000000
30.000000 1.000000 0.000000 0.000000 0.000000
30.000000 2.000000 0.000000 0.000000 0.000000
30.000000 3.000000 0.000000 0.000000 0.000000
30.000000 4.000000 0.000000 0.000000 0.000000
30.000000 5.000000 0.000000 0.000000 0.000000
30.000000 6.000000 0.000000 0.000000 0.000000
30.000000 7.000000 0.000000 0.000000 0.000000
30.000000 8.000000 0.000000 0.000000 0.000000
30.000000 9.000000 0.000000 0.000000 0.000000
30.000000 10.000000 0.000000 0.000000 0.000000
30.000000 11.000000 0.000000 0.000000 0.000000
30.000000 12.000000 0.000000 0.000000 0.000000
30.000000 13.000000 0.000000 0.000000 0.000000
30.000000 14.000000 0.000000 0.000000 0.000000
30.000000 15.000000 0.000000 0.000000 0.000000
30.000000 16.000000 0.000000 0.000000 0.000000
30.000000 17.000000 3.000000 1.666667 3.000000
30.000000 18.000000 12.000000 8.000000 12.000000
30.000000 19.000000 21.000000 19.000000 21.000000
30.000000 20.000000 33.000000 30.666666 34.000000
30.000000 21.000000 48.000000 47.333332 49.000000
30.000000 22.000000 48.000000 47.000000 52.000000
30.000000 23.000000 38.000000 42.000000 46.000000
30.000000 24.000000 51.000000 49.000000 56.000000
30.000000 25.000000 57.000000 54.000000 57.000000
30.000000 26.000000 53.000000 52.333332 57.000000
30.000000 27.000000 66.000000 62.666668 67.000000
30.000000 28.000000 107.000000 87.666664 107.000000
30.000000 29.000000 136.000000 130.000000 136.000000
30.000000 30.000000 129.000000 134.666672 143.000000
30.000000 31.000000 108.000000 114.000000 122.000000
30.000000 32.000000 76.000000 87.000000 96.000000
30.000000 33.000000 52.000000 57.666668 62.000000
30.000000 34.000000 38.000000 39.666668 42.000000
30.000000 35.000000 48.000000 43.333332 48.000000
30.000000 36.000000 47.000000 49.333332 54.000000
30.000000 37.000000 40.000000 41.000000 44.000000
30.000000 38.000000 42.000000 39.666668 42.000000
30.000000 39.000000 25.000000 29.333334 34.000000
30.000000 40.000000 20.000000 23.000000 26.000000
30.000000 41.000000 11.000000 12.666667 14.000000
30.000000 42.000000 5.000000 6.333333 9.000000
30.000000 43.000000 0.000000 2.333333 4.000000
30.000000 44.000000 0.000000 0.000000 0.000000
30.000000 45.000000 0.000000 0.000000 0.000000
30.000000 46.000000 0.000000 0.000000 0.000000
30.000000 47.000000 0.000000 0.000000 0.000000
30.000000 48.000000 0.000000 0.000000 0.000000
30.000000 49.000000 0.000000 0.000000 0.000000
31.000000 0.000000 0.000000 0.000000 0.000000
31.000000 1.000000 0.000000 0.000000 0.000000
31.000000 2.000000 0.000000 0.000000 0.000000
31.000000 3.000000 0.000000 0.000000 0.000000
31.000000 4.000000 0.000000 0.000000 0.000000
31.000000 5.000000 0.000000 0.000000 0.000000
31.000000 6.000000 0.000000 0.000000 0.000000
31.000000 7.000000 0.000000 0.000000 0.000000
31.000000 8.000000 0.000000 0.000000 0.000000
31.000000 9.000000 0.000000 0.000000 0.000000
31.000000 10.000000 0.000000 0.000000 0.000000
31.000000 11.000000 0.000000 0.000000 0.000000
31.000000 12.000000 0.000000 0.000000 0.000000
31.000000 13.000000 0.000000 0.000000 0.000000
31.000000 14.000000 0.000000 0.000000 0.000000
31.000000 15.000000 0.000000 0.000000 0.000000
31.000000 16.000000 0.000000 0.000000 0.000000
31.000000 17.000000 0.000000 0.000000 0.000000
31.000000 18.000000 0.000000 0.000000 0.000000
31.000000 19.000000 0.000000 0.000000 0.000000
31.000000 20.000000 0.000000 0.000000 0.000000
31.000000 21.000000 0.000000 0.000000 0.000000
31.000000 22.000000 0.000000 0.000000 0.000000
31.000000 23.000000 0.000000 0.000000 0.000000
31.000000 24.000000 0.000000 0.000000 0.000000
31.000000 25.000000 0.000000 0.000000 0.000000
31.000000 26.000000 0.000000 0.000000 0.000000
31.000000 27.000000 0.000000 0.000000 0.000000
31.000000 28.000000 0.000000 0.000000 0.000000
31.000000 29.000000 0.000000 0.000000 0.000000
31.000000 30.000000 0.000000 0.000000 0.000000
31.000000 31.000000 0.000000 0.000000 0.000000
31.000000 32.000000 0.000000 0.000000 0.000000
31.000000 33.000000 0.000000 0.000000 0.000000
31.000000 34.000000 0.000000 0.000000 0.000000
31.000000 35.000000 0.000000 0.000000 0.000000
31.000000 36.000000 0.000000 0.000000 0.000000
31.000000 37.000000 0.000000 0.000000 0.000000
31.000000 38.000000 0.000000 0.000000 0.000000
31.000000 39.000000 0.000000 0.000000 0.000000
31.000000 40.000000 0.000000 0.000000 0.000000
31.000000 41.000000 0.000000 0.000000 0.000000
31.000000 42.000000 0.000000 0.000000 0.000000
31.000000 43.000000 0.000000 0.000000 0.000000
31.000000 44.000000 0.000000 0.000000 0.000000
31.000000 45.000000 0.000000 0.000000 0.000000
31.000000 46.000000 0.000000 0.000000 0.000000
31.000000 47.000000 0.000000 0.000000 0.000000
31.000000 48.000000 0.000000 0.000000 0.000000
31.000000 49.000000 0.000000 0.000000 0.000000
32.000000 0.000000 0.000000 0.000000 0.000000
32.000000 1.000000 0.000000 0.000000 0.000000
32.000000 2.000000 0.000000 0.000000 0.000000
32.000000 3.000000 0.000000 0.000000 0.000000
32.000000 4.000000 0.000000 0.000000 0.000000
32.000000 5.000000 0.000000 0.000000 0.000000
32.000000 6.000000 0.000000 0.000000 0.000000
32.000000 7.000000 0.000000 0.000000 0.000000
32.000000 8.000000 0.000000 0.000000 0.000000
32.000000 9.000000 0.000000 0.000000 0.000000
32.000000 10.000000 0.000000 0.000000 0.000000
32.000000 11.000000 0.000000 0.000000 0.000000
32.000000 12.000000 0.000000 0.000000 0.000000
32.000000 13.000000 0.000000 0.000000 0.000000
32.000000 14.000000 0.000000 0.000000 0.000000
32.000000 15.000000 0.000000 0.000000 0.000000
32.000000 16.000000 0.000000 0.000000 0.000000
32.000000 17.000000 0.000000 0.000000 0.000000
32.000000 18.000000 0.000000 0.000000 0.000000
32.000000 19.000000 0.000000 0.000000 0.000000
32.000000 20.000000 0.000000 0.000000 0.000000
32.000000 21.000000 0.000000 0.000000 0.000000
32.000000 22.000000 0.000000 0.000000 0.000000
32.000000 23.000000 0.000000 0.000000 0.000000
32.000000 24.000000 0.000000 0.000000 0.000000
32.000000 25.000000 0.000000 0.000000 0.000000
32.000000 26.000000 0.000000 0.000000 0.000000
32.000000 27.000000 0.000000 0.000000 0.000000
32.000000 28.000000 0.000000 0.000000 0.000000
32.000000 29.000000 0.000000 0.000000 0.000000
32.000000 30.000000 0.000000 0.000000 0.000000
32.000000 31.000000 0.000000 0.000000 0.000000
32.000000 32.000000 0.000000 0.000000 0.000000
32.000000 33.000000 0.000000 0.000000 0.000000
32.000000 34.000000 0.000000 0.000000 0.000000
32.000000 35.000000 0.000000 0.000000 0.000000
32.000000 36.000000 0.000000 0.000000 0.000000
32.000000 37.000000 0.000000 0.000000 0.000000
32.000000 38.000000 0.000000 0.000000 0.000000
32.000000 39.000000 0.000000 0.000000 0.000000
32.000000 40.000000 0.000000 0.000000 0.000000
32.000000 41.000000 0.000000 0.000000 0.000000
32.000000 42.000000 0.000000 0.000000 0.000000
32.000000 43.000000 0.000000 0.000000 0.000000
32.000000 44.000000 0.000000 0.000000 0.000000
32.000000 45.000000 0.000000 0.000000 0.000000
32.000000 46.000000 0.000000 0.000000 0.000000
32.000000 47.000000 0.000000 0.000000 0.000000
32.000000 48.000000 0.000000 0.000000 0.000000
32.000000 49.000000 0.000000 0.000000 0.000000
33.000000 0.000000 0.000000 0.000000 0.000000
33.000000 1.000000 0.000000 0.000000 0.000000
33.000000 2.000000 0.000000 0.000000 0.000000
33.000000 3.000000 0.000000 0.000000 0.000000
33.000000 4.000000 0.000000 0.000000 0.000000
33.000000 5.000000 0.000000 0.000000 0.000000
33.000000 6.000000 0.000000 0.000000 0.000000
33.000000 7.000000 0.000000 0.000000 0.000000
33.000000 8.000000 0.000000 0.000000 0.000000
33.000000 9.000000 0.000000 0.000000 0.000000
33.000000 10.000000 17.000000 8.666667 17.000000
33.000000 11.000000 31.000000 26.333334 31.000000
33.000000 12.000000 36.000000 34.000000 36.000000
33.000000 13.000000 63.000000 52.333332 63.000000
33.000000 14.000000 79.000000 70.000000 79.000000
33.000000 15.000000 69.000000 72.333336 78.000000
33.000000 16.000000 76.000000 75.666664 85.000000
33.000000 17.000000 54.000000 64.666664 71.000000
33.000000 18.000000 102.000000 78.000000 102.000000
33.000000 19.000000 144.000000 129.333328 144.000000
33.000000 20.000000 149.000000 153.666672 160.000000
33.000000 21.000000 123.000000 127.666664 133.000000
33.000000 22.000000 105.000000 111.666664 121.000000
33.000000 23.000000 73.000000 83.666664 92.000000
33.000000 24.000000 45.000000 52.333332 57.000000
33.000000 25.000000 34.000000 37.000000 39.000000
33.000000 26.000000 24.000000 26.666666 28.000000
33.000000 27.000000 23.000000 21.666666 23.000000
33.000000 28.000000 17.000000 18.000000 19.000000
33.000000 29.000000 15.000000 16.000000 18.000000
33.000000 30.000000 15.000000 15.666667 16.000000
33.000000 31.000000 10.000000 11.666667 13.000000
33.000000 32.000000 2.000000 4.333333 6.000000
33.000000 33.000000 5.000000 4.000000 5.000000
33.000000 34.000000 5.000000 6.333333 7.000000
33.000000 35.000000 2.000000 4.000000 5.000000
33.000000 36.000000 1.000000 1.000000 1.000000
33.000000 37.000000 2.000000 2.000000 2.000000
33.000000 38.000000 1.000000 1.000000 1.000000
33.000000 39.000000 6.000000 3.000000 6.000000
33.000000 40.000000 12.000000 11.000000 12.000000
33.000000 41.000000 10.000000 9.666667 10.000000
33.000000 42.000000 6.000000 7.333333 9.000000
33.000000 43.000000 10.000000 8.000000 10.000000
33.000000 44.000000 5.000000 6.666667 8.000000
33.000000 45.000000 4.000000 4.666667 5.000000
33.000000 46.000000 1.000000 2.333333 4.000000
33.000000 47.000000 1.000000 1.000000 1.000000
33.000000 48.000000 0.000000 0.666667 1.000000
33.000000 49.000000 0.000000 0.000000 0.000000
34.000000 0.000000 0.000000 0.000000 0.000000
34.000000 1.000000 0.000000 0.000000 0.000000
34.000000 2.000000 0.000000 0.000000 0.000000
34.000000 3.000000 0.000000 0.000000 0.000000
34.000000 4.000000 0.000000 0.000000 0.000000
34.000000 5.000000 0.000000 0.000000 0.000000
34.000000 6.000000 0.000000 0.000000 0.000000
34.000000 7.000000 0.000000 0.000000 0.000000
34.000000 8.000000 0.000000 0.000000 0.000000
34.000000 9.000000 0.000000 0.000000 0.000000
34.000000 10.000000 0.000000 0.000000 0.000000
34.000000 11.000000 0.000000 0.000000 0.000000
34.000000 12.000000 0.000000 0.000000 0.000000
34.000000 13.000000 0.000000 0.000000 0.000000
34.000000 14.000000 0.000000 0.000000 0.000000
34.000000 15.000000 0.000000 0.000000 0.000000
34.000000 16.000000 0.000000 0.000000 0.000000
34.000000 17.000000 0.000000 0.000000 0.000000
34.000000 18.000000 0.000000 0.000000 0.000000
34.000000 19.000000 10.000000 5.333333 10.000000
34.000000 20.000000 24.000000 17.666666 24.000000
34.000000 21.000000 102.000000 65.333336 102.000000
34.000000 22.000000 156.000000 143.666672 162.000000
34.000000 23.000000 133.000000 145.000000 157.000000
34.000000 24.000000 163.000000 159.000000 163.000000
34.000000 25.000000 135.000000 145.333328 153.000000
34.000000 26.000000 101.000000 112.000000 118.000000
34.000000 27.000000 59.000000 75.000000 87.000000
34.000000 28.000000 34.000000 39.666668 44.000000
34.000000 29.000000 20.000000 22.333334 24.000000
34.000000 30.000000 13.000000 14.000000 16.000000
34.000000 31.000000 9.000000 10.666667 12.000000
34.000000 32.000000 8.000000 8.333333 9.000000
34.000000 33.000000 2.000000 4.000000 6.000000
34.000000 34.000000 6.000000 3.000000 6.000000
34.000000 35.000000 6.000000 6.333333 7.000000
34.000000 36.000000 4.000000 4.666667 5.000000
34.000000 37.000000 3.000000 3.000000 3.000000
34.000000 38.000000 2.000000 2.666667 3.000000
34.000000 39.000000 1.000000 1.333333 2.000000
34.000000 40.000000 4.000000 2.333333 4.000000
34.000000 41.000000 7.000000 5.666667 7.000000
34.000000 42.000000 12.000000 11.333333 12.000000
34.000000 43.000000 5.000000 8.333333 11.000000
34.000000 44.000000 4.000000 4.333333 5.000000
34.000000 45.000000 1.000000 2.666667 4.000000
34.000000 46.000000 3.000000 2.333333 3.000000
34.000000 47.000000 4.000000 3.666667 4.000000
34.000000 48.000000 2.000000 3.000000 4.000000
34.000000 49.000000 2.000000 2.666667 3.000000
35.000000 0.000000 0.000000 0.000000 0.000000
35.000000 1.000000 0.000000 0.000000 0.000000
35.000000 2.000000 0.000000 0.000000 0.000000
35.000000 3.000000 0.000000 0.000000 0.000000
35.000000 4.000000 0.000000 0.000000 0.000000
35.000000 5.000000 0.000000 0.000000 0.000000
35.000000 6.000000 0.000000 0.000000 0.000000
35.000000 7.000000 0.000000 0.000000 0.000000
35.000000 8.000000 0.000000 0.000000 0.000000
35.000000 9.000000 0.000000 0.000000 0.000000
35.000000 10.000000 0.000000 0.000000 0.000000
35.000000 11.000000 16.000000 7.333333 16.000000
35.000000 12.000000 37.000000 26.666666 37.000000
35.000000 13.000000 78.000000 63.333332 78.000000
35.000000 14.000000 110.000000 98.000000 110.000000
35.000000 15.000000 90.000000 99.333336 106.000000
35.000000 16.000000 65.000000 65.666664 70.000000
35.000000 17.000000 95.000000 91.666664 95.000000
35.000000 18.000000 91.000000 90.333336 94.000000
35.000000 19.000000 77.000000 82.000000 86.000000
35.000000 20.000000 46.000000 58.333332 65.000000
35.000000 21.000000 24.000000 31.333334 38.000000
35.000000 22.000000 21.000000 20.333334 21.000000
35.000000 23.000000 18.000000 19.666666 21.000000
35.000000 24.000000 12.000000 14.333333 18.000000
35.000000 25.000000 8.000000 10.333333 12.000000
35.000000 26.000000 4.000000 6.666667 10.000000
35.000000 27.000000 7.000000 5.666667 7.000000
35.000000 28.000000 9.000000 7.333333 9.000000
35.000000 29.000000 13.000000 13.666667 14.000000
35.000000 30.000000 5.000000 9.333333 12.000000
35.000000 31.000000 0.000000 1.333333 2.000000
35.000000 32.000000 5.000000 3.333333 5.000000
35.000000 33.000000 9.000000 7.333333 9.000000
35.000000 34.000000 21.000000 14.333333 21.000000
35.000000 35.000000 22.000000 22.000000 23.000000
35.000000 36.000000 17.000000 20.666666 24.000000
35.000000 37.000000 12.000000 14.000000 16.000000
35.000000 38.000000 5.000000 8.000000 12.000000
35.000000 39.000000 3.000000 3.666667 5.000000
35.000000 40.000000 2.000000 2.333333 3.000000
35.000000 41.000000 2.000000 2.000000 2.000000
35.000000 42.000000 2.000000 2.000000 2.000000
35.000000 43.000000 4.000000 2.666667 4.000000
35.000000 44.000000 10.000000 6.666667 10.000000
35.000000 45.000000 7.000000 8.666667 10.000000
35.000000 46.000000 13.000000 10.000000 13.000000
35.000000 47.000000 20.000000 19.000000 20.000000
35.000000 48.000000 24.000000 23.333334 24.000000
35.000000 49.000000 18.000000 21.333334 23.000000
36.000000 0.000000 0.000000 0.000000 0.000000
36.000000 1.000000 0.000000 0.000000 0.000000
36.000000 2.000000 0.000000 0.000000 0.000000
36.000000 3.000000 0.000000 0.000000 0.000000
36.000000 4.000000 0.000000 0.000000 0.000000
36.000000 5.000000 0.000000 0.000000 0.000000
36.000000 6.000000 0.000000 0.000000 0.000000
36.000000 7.000000 0.000000 0.000000 0.000000
36.000000 8.000000 0.000000 0.000000 0.000000
36.000000 9.000000 0.000000 0.000000 0.000000
36.000000 10.000000 0.000000 0.000000 0.000000
36.000000 11.000000 0.000000 0.000000 0.000000
36.000000 12.000000 0.000000 0.000000 0.000000
36.000000 13.000000 0.000000 0.000000 0.000000
36.000000 14.000000 0.000000 0.000000 0.000000
36.000000 15.000000 0.000000 0.000000 0.000000
36.000000 16.000000 0.000000 0.000000 0.000000
36.000000 17.000000 0.000000 0.000000 0.000000
36.000000 18.000000 0.000000 0.000000 0.000000
36.000000 19.000000 0.000000 0.000000 0.000000
36.000000 20.000000 0.000000 0.000000 0.000000
36.000000 21.000000 0.000000 0.000000 0.000000
36.000000 22.000000 0.000000 0.000000 0.000000
36.000000 23.000000 0.000000 0.000000 0.000000
36.000000 24.000000 0.000000 0.000000 0.000000
36.000000 25.000000 0.000000 0.000000 0.000000
36.000000 26.000000 0.000000 0.000000 0.000000
36.000000 27.000000 0.000000 0.000000 0.000000
36.000000 28.000000 0.000000 0.000000 0.000000
36.000000 29.000000 0.000000 0.000000 0.000000
36.000000 30.000000 0.000000 0.000000 0.000000
36.000000 31.000000 0.000000 0.000000 0.000000
36.000000 32.000000 0.000000 0.000000 0.000000
36.000000 33.000000 0.000000 0.000000 0.000000
36.000000 34.000000 0.000000 0.000000 0.000000
36.000000 35.000000 0.000000 0.000000 0.000000
36.000000 36.000000 0.000000 0.000000 0.000000
36.000000 37.000000 0.000000 0.000000 0.000000
36.000000 38.000000 0.000000 0.000000 0.000000
36.000000 39.000000 0.000000 0.000000 0.000000
36.000000 40.000000 0.000000 0.000000 0.000000
36.000000 41.000000 0.000000 0.000000 0.000000
36.000000 42.000000 0.000000 0.000000 0.000000
36.000000 43.000000 0.000000 0.000000 0.000000
36.000000 44.000000 0.000000 0.000000 0.000000
36.000000 45.000000 0.000000 0.000000 0.000000
36.000000 46.000000 0.000000 0.000000 0.000000
36.000000 47.000000 0.000000 0.000000 0.000000
36.000000 48.000000 0.000000 0.000000 0.000000
36.000000 49.000000 0.000000 0.000000 0.000000
37.000000 0.000000 0.000000 0.000000 0.000000
37.000000 1.000000 0.000000 0.000000 0.000000
37.000000 2.000000 0.000000 0.000000 0.000000
37.000000 3.000000 0.000000 0.000000 0.000000
37.000000 4.000000 0.000000 0.000000 0.000000
37.000000 5.000000 0.000000 0.000000 0.000000
37.000000 6.000000 0.000000 0.000000 0.000000
37.000000 7.000000 0.000000 0.000000 0.000000
37.000000 8.000000 0.000000 0.000000 0.000000
37.000000 9.000000 0.000000 0.000000 0.000000
37.000000 10.000000 0.000000 0.000000 0.000000
37.000000 11.000000 25.000000 13.666667 25.000000
37.000000 12.000000 67.000000 56.000000 67.000000
37.000000 13.000000 138.000000 104.333336 138.000000
37.000000 14.000000 169.000000 165.666672 173.000000
37.000000 15.000000 246.000000 210.666672 246.000000
37.000000 16.000000 218.000000 228.000000 243.000000
37.000000 17.000000 131.000000 165.000000 197.000000
37.000000 18.000000 71.000000 90.666664 107.000000
37.000000 19.000000 43.000000 51.000000 56.000000
37.000000 20.000000 24.000000 27.666666 30.000000
37.000000 21.000000 14.000000 15.000000 16.000000
37.000000 22.000000 7.000000 9.666667 12.000000
37.000000 23.000000 4.000000 5.000000 6.000000
37.000000 24.000000 0.000000 1.333333 2.000000
37.000000 25.000000 0.000000 0.000000 0.000000
37.000000 26.000000 1.000000 0.666667 1.000000
37.000000 27.000000 16.000000 8.666667 16.000000
37.000000 28.000000 21.000000 20.333334 21.000000
37.000000 29.000000 26.000000 25.666666 27.000000
37.000000 30.000000 28.000000 26.000000 28.000000
37.000000 31.000000 26.000000 26.333334 28.000000
37.000000 32.000000 22.000000 22.333334 24.000000
37.000000 33.000000 13.000000 16.666666 19.000000
37.000000 34.000000 4.000000 6.000000 9.000000
37.000000 35.000000 0.000000 0.666667 2.000000
37.000000 36.000000 0.000000 0.000000 0.000000
37.000000 37.000000 0.000000 0.000000 0.000000
37.000000 38.000000 0.000000 0.000000 0.000000
37.000000 39.000000 1.000000 0.666667 1.000000
37.000000 40.000000 5.000000 4.000000 5.000000
37.000000 41.000000 9.000000 8.333333 9.000000
37.000000 42.000000 12.000000 10.666667 12.000000
37.000000 43.000000 17.000000 15.333333 17.000000
37.000000 44.000000 17.000000 19.333334 21.000000
37.000000 45.000000 11.000000 13.000000 15.000000
37.000000 46.000000 5.000000 6.333333 8.000000
37.000000 47.000000 4.000000 4.666667 5.000000
37.000000 48.000000 0.000000 0.666667 2.000000
37.000000 49.000000 0.000000 0.000000 0.000000
38.000000 0.000000 0.000000 0.000000 0.000000
38.000000 1.000000 0.000000 0.000000 0.000000
38.000000 2.000000 0.000000 0.000000 0.000000
38.000000 3.000000 0.000000 0.000000 0.000000
38.000000 4.000000 0.000000 0.000000 0.000000
38.000000 5.000000 0.000000 0.000000 0.000000
38.000000 6.000000 0.000000 0.000000 0.000000
38.000000 7.000000 0.000000 0.000000 0.000000
38.000000 8.000000 0.000000 0.000000 0.000000
38.000000 9.000000 0.000000 0.000000 0.000000
38.000000 10.000000 0.000000 0.000000 0.000000
38.000000 11.000000 0.000000 0.000000 0.000000
38.000000 12.000000 0.000000 0.000000 0.000000
38.000000 13.000000 0.000000 0.000000 0.000000
38.000000 14.000000 0.000000 0.000000 0.000000
38.000000 15.000000 0.000000 0.000000 0.000000
38.000000 16.000000 0.000000 0.000000 0.000000
38.000000 17.000000 0.000000 0.000000 0.000000
38.000000 18.000000 0.000000 0.000000 0.000000
38.000000 19.000000 0.000000 0.000000 0.000000
38.000000 20.000000 0.000000 0.000000 0.000000
38.000000 21.000000 0.000000 0.000000 0.000000
38.000000 22.000000 0.000000 0.000000 0.000000
38.000000 23.000000 0.000000 0.000000 0.000000
38.000000 24.000000 0.000000 0.000000 0.000000
38.000000 25.000000 0.000000 0.000000 0.000000
38.000000 26.000000 0.000000 0.000000 0.000000
38.000000 27.000000 0.000000 0.000000 0.000000
38.000000 28.000000 0.000000 0.000000 0.000000
38.000000 29.000000 0.000000 0.000000 0.000000
38.000000 30.000000 0.000000 0.000000 0.000000
38.000000 31.000000 0.000000 0.000000 0.000000
38.000000 32.000000 0.000000 0.000000 0.000000
38.000000 33.000000 0.000000 0.000000 0.000000
38.000000 34.000000 0.000000 0.000000 0.000000
38.000000 35.000000 0.000000 0.000000 0.000000
38.000000 36.000000 0.000000 0.000000 0.000000
38.000000 37.000000 0.000000 0.000000 0.000000
38.000000 38.000000 0.000000 0.000000 0.000000
38.000000 39.000000 0.000000 0.000000 0.000000
38.000000 40.000000 0.000000 0.000000 0.000000
38.000000 41.000000 0.000000 0.000000 0.000000
38.000000 42.000000 0.000000 0.000000 0.000000
38.000000 43.000000 0.000000 0.000000 0.000000
38.000000 44.000000 0.000000 0.000000 0.000000
38.000000 45.000000 0.000000 0.000000 0.000000
38.000000 46.000000 0.000000 0.000000 0.000000
38.000000 47.000000 0.000000 0.000000 0.000000
38.000000 48.000000 0.000000 0.000000 0.000000
38.000000 49.000000 0.000000 0.000000 0.000000
39.000000 0.000000 0.000000 0.000000 0.000000
39.000000 1.000000 0.000000 0.000000 0.000000
39.000000 2.000000 0.000000 0.000000 0.000000
39.000000 3.000000 0.000000 0.000000 0.000000
39.000000 4.000000 0.000000 0.000000 0.000000
39.000000 5.000000 0.000000 0.000000 0.000000
39.000000 6.000000 0.000000 0.000000 0.000000
39.000000 7.000000 0.000000 0.000000 0.000000
39.000000 8.000000 0.000000 0.000000 0.000000
39.000000 9.000000 0.000000 0.000000 0.000000
39.000000 10.000000 0.000000 0.000000 0.000000
39.000000 11.000000 0.000000 0.000000 0.000000
39.000000 12.000000 0.000000 0.000000 0.000000
39.000000 13.000000 0.000000 0.000000 0.000000
39.000000 14.000000 0.000000 0.000000 0.000000
39.000000 15.000000 0.000000 0.000000 0.000000
39.000000 16.000000 0.000000 0.000000 0.000000
39.000000 17.000000 0.000000 0.000000 0.000000
39.000000 18.000000 0.000000 0.000000 0.000000
39.000000 19.000000 0.000000 0.000000 0.000000
39.000000 20.000000 0.000000 0.000000 0.000000
39.000000 21.000000 0.000000 0.000000 0.000000
39.000000 22.000000 0.000000 0.000000 0.000000
39.000000 23.000000 0.000000 0.000000 0.000000
39.000000 24.000000 0.000000 0.000000 0.000000
39.000000 25.000000 0.000000 0.000000 0.000000
39.000000 26.000000 0.000000 0.000000 0.000000
39.000000 27.000000 0.000000 0.000000 0.000000
39.000000 28.000000 0.000000 0.000000 0.000000
39.000000 29.000000 0.000000 0.000000 0.000000
39.000000 30.000000 0.000000 0.000000 0.000000
39.000000 31.000000 0.000000 0.000000 0.000000
39.000000 32.000000 0.000000 0.000000 0.000000
39.000000 33.000000 0.000000 0.000000 0.000000
39.000000 34.000000 0.000000 0.000000 0.000000
39.000000 35.000000 0.000000 0.000000 0.000000
39.000000 36.000000 0.000000 0.000000 0.000000
39.000000 37.000000 0.000000 0.000000 0.000000
39.000000 38.000000 0.000000 0.000000 0.000000
39.000000 39.000000 0.000000 0.000000 0.000000
39.000000 40.000000 0.000000 0.000000 0.000000
39.000000 41.000000 0.000000 0.000000 0.000000
39.000000 42.000000 0.000000 0.000000 0.000000
39.000000 43.000000 0.000000 0.000000 0.000000
39.000000 44.000000 0.000000 0.000000 0.000000
39.000000 45.000000 0.000000 0.000000 0.000000
39.000000 46.000000 0.000000 0.000000 0.000000
39.000000 47.000000 0.000000 0.000000 0.000000
39.000000 48.000000 0.000000 0.000000 0.000000
39.000000 49.000000 0.000000 0.000000 0.000000
40.000000 0.000000 0.000000 0.000000 0.000000
40.000000 1.000000 0.000000 0.000000 0.000000
40.000000 2.000000 0.000000 0.000000 0.000000
40.000000 3.000000 0.000000 0.000000 0.000000
40.000000 4.000000 0.000000 0.000000 0.000000
40.000000 5.000000 0.000000 0.000000 0.000000
40.000000 6.000000 0.000000 0.000000 0.000000
40.000000 7.000000 0.000000 0.000000 0.000000
40.000000 8.000000 0.000000 0.000000 0.000000
40.000000 9.000000 0.000000 0.000000 0.000000
40.000000 10.000000 0.000000 0.000000 0.000000
40.000000 11.000000 0.000000 0.000000 0.000000
40.000000 12.000000 0.000000 0.000000 0.000000
40.000000 13.000000 0.000000 0.000000 0.000000
40.000000 14.000000 0.000000 0.000000 0.000000
40.000000 15.000000 0.000000 0.000000 0.000000
40.000000 16.000000 0.000000 0.000000 0.000000
40.000000 17.000000 0.000000 0.000000 0.000000
40.000000 18.000000 0.000000 0.000000 0.000000
40.000000 19.000000 0.000000 0.000000 0.000000
40.000000 20.000000 0.000000 0.000000 0.000000
40.000000 21.000000 0.000000 0.000000 0.000000
40.000000 22.000000 0.000000 0.000000 0.000000
40.000000 23.000000 0.000000 0.000000 0.000000
40.000000 24.000000 0.000000 0.000000 0.000000
40.000000 25.000000 0.000000 0.000000 0.000000
40.000000 26.000000 0.000000 0.000000 0.000000
40.000000 27.000000 0.000000 0.000000 0.000000
40.000000 28.000000 0.000000 0.000000 0.000000
40.000000 29.000000 0.000000 0.000000 0.000000
40.000000 30.000000 0.000000 0.000000 0.000000
40.000000 31.000000 0.000000 0.000000 0.000000
40.000000 32.000000 0.000000 0.000000 0.000000
40.000000 33.000000 0.000000 0.000000 0.000000
40.000000 34.000000 0.000000 0.000000 0.000000
40.000000 35.000000 0.000000 0.000000 0.000000
40.000000 36.000000 0.000000 0.000000 0.000000
40.000000 37.000000 0.000000 0.000000 0.000000
40.000000 38.000000 0.000000 0.000000 0.000000
40.000000 39.000000 0.000000 0.000000 0.000000
40.000000 40.000000 0.000000 0.000000 0.000000
40.000000 41.000000 0.000000 0.000000 0.000000
40.000000 42.000000 0.000000 0.000000 0.000000
40.000000 43.000000 0.000000 0.000000 0.000000
40.000000 44.000000 0.000000 0.000000 0.000000
40.000000 45.000000 0.000000 0.000000 0.000000
40.000000 46.000000 0.000000 0.000000 0.000000
40.000000 47.000000 0.000000 0.000000 0.000000
40.000000 48.000000 0.000000 0.000000 0.000000
40.000000 49.000000 0.000000 0.000000 0.000000
41.000000 0.000000 0.000000 0.000000 0.000000
41.000000 1.000000 0.000000 0.000000 0.000000
41.000000 2.000000 0.000000 0.000000 0.000000
41.000000 3.000000 0.000000 0.000000 0.000000
41.000000 4.000000 0.000000 0.000000 0.000000
41.000000 5.000000 0.000000 0.000000 0.000000
41.000000 6.000000 0.000000 0.000000 0.000000
41.000000 7.000000 0.000000 0.000000 0.000000
41.000000 8.000000 0.000000 0.000000 0.000000
41.000000 9.000000 0.000000 0.000000 0.000000
41.000000 10.000000 0.000000 0.000000 0.000000
41.000000 11.000000 0.000000 0.000000 0.000000
41.000000 12.000000 0.000000 0.000000 0.000000
41.000000 13.000000 0.000000 0.000000 0.000000
41.000000 14.000000 0.000000 0.000000 0.000000
41.000000 15.000000 0.000000 0.000000 0.000000
41.000000 16.000000 0.000000 0.000000 0.000000
41.000000 17.000000 0.000000 0.000000 0.000000
41.000000 18.000000 0.000000 0.000000 0.000000
41.000000 19.000000 0.000000 0.000000 0.000000
41.000000 20.000000 0.000000 0.000000 0.000000
41.000000 21.000000 0.000000 0.000000 0.000000
41.000000 22.000000 0.000000 0.000000 0.000000
41.000000 23.000000 0.000000 0.000000 0.000000
41.000000 24.000000 0.000000 0.000000 0.000000
41.000000 25.000000 0.000000 0.000000 0.000000
41.000000 26.000000 0.000000 0.000000 0.000000
41.000000 27.000000 0.000000 0.000000 0.000000
41.000000 28.000000 0.000000 0.000000 0.000000
41.000000 29.000000 0.000000 0.000000 0.000000
41.000000 30.000000 0.000000 0.000000 0.000000
41.000000 31.000000 0.000000 0.000000 0.000000
41.000000 32.000000 0.000000 0.000000 0.000000
41.000000 33.000000 0.000000 0.000000 0.000000
41.000000 34.000000 0.000000 0.000000 0.000000
41.000000 35.000000 0.000000 0.000000 0.000000
41.000000 36.000000 0.000000 0.000000 0.000000
41.000000 37.000000 0.000000 0.000000 0.000000
41.000000 38.000000 0.000000 0.000000 0.000000
41.000000 39.000000 0.000000 0.000000 0.000000
41.000000 40.000000 0.000000 0.000000 0.000000
41.000000 41.000000 0.000000 0.000000 0.000000
41.000000 42.000000 0.000000 0.000000 0.000000
41.000000 43.000000 0.000000 0.000000 0.000000
41.000000 44.000000 0.000000 0.000000 0.000000
41.000000 45.000000 0.000000 0.000000 0.000000
41.000000 46.000000 0.000000 0.000000 0.000000
41.000000 47.000000 0.000000 0.000000 0.000000
41.000000 48.000000 0.000000 0.000000 0.000000
41.000000 49.000000 0.000000 0.000000 0.000000
42.000000 0.000000 0.000000 0.000000 0.000000
42.000000 1.000000 0.000000 0.000000 0.000000
42.000000 2.000000 0.000000 0.000000 0.000000
42.000000 3.000000 0.000000 0.000000 0.000000
42.000000 4.000000 0.000000 0.000000 0.000000
42.000000 5.000000 0.000000 0.000000 0.000000
42.000000 6.000000 0.000000 0.000000 0.000000
42.000000 7.000000 0.000000 0.000000 0.000000
42.000000 8.000000 0.000000 0.000000 0.000000
42.000000 9.000000 0.000000 0.000000 0.000000
42.000000 10.000000 0.000000 0.000000 0.000000
42.000000 11.000000 0.000000 0.000000 0.000000
42.000000 12.000000 0.000000 0.000000 0.000000
42.000000 13.000000 0.000000 0.000000 0.000000
42.000000 14.000000 0.000000 0.000000 0.000000
42.000000 15.000000 0.000000 0.000000 0.000000
42.000000 16.000000 0.000000 0.000000 0.000000
42.000000 17.000000 0.000000 0.000000 0.000000
42.000000 18.000000 0.000000 0.000000 0.000000
42.000000 19.000000 0.000000 0.000000 0.000000
42.000000 20.000000 0.000000 0.000000 0.000000
42.000000 21.000000 0.000000 0.000000 0.000000
42.000000 22.000000 0.000000 0.000000 0.000000
42.000000 23.000000 0.000000 0.000000 0.000000
42.000000 24.000000 0.000000 0.000000 0.000000
42.000000 25.000000 0.000000 0.000000 0.000000
42.000000 26.000000 0.000000 0.000000 0.000000
42.000000 27.000000 0.000000 0.000000 0.000000
42.000000 28.000000 0.000000 0.000000 0.000000
42.000000 29.000000 0.000000 0.000000 0.000000
42.000000 30.000000 0.000000 0.000000 0.000000
42.000000 31.000000 0.000000 0.000000 0.000000
42.000000 32.000000 0.000000 0.000000 0.000000
42.000000 33.000000 0.000000 0.000000 0.000000
42.000000 34.000000 0.000000 0.000000 0.000000
42.000000 35.000000 0.000000 0.000000 0.000000
42.000000 36.000000 0.000000 0.000000 0.000000
42.000000 37.000000 0.000000 0.000000 0.000000
42.000000 38.000000 0.000000 0.000000 0.000000
42.000000 39.000000 0.000000 0.000000 0.000000
42.000000 40.000000 0.000000 0.000000 0.000000
42.000000 41.000000 0.000000 0.000000 0.000000
42.000000 42.000000 0.000000 0.000000 0.000000
42.000000 43.000000 0.000000 0.000000 0.000000
42.000000 44.000000 0.000000 0.000000 0.000000
42.000000 45.000000 0.000000 0.000000 0.000000
42.000000 46.000000 0.000000 0.000000 0.000000
42.000000 47.000000 0.000000 0.000000 0.000000
42.000000 48.000000 0.000000 0.000000 0.000000
42.000000 49.000000 0.000000 0.000000 0.000000
43.000000 0.000000 0.000000 0.000000 0.000000
43.000000 1.000000 0.000000 0.000000 0.000000
43.000000 2.000000 0.000000 0.000000 0.000000
43.000000 3.000000 0.000000 0.000000 0.000000
43.000000 4.000000 0.000000 0.000000 0.000000
43.000000 5.000000 0.000000 0.000000 0.000000
43.000000 6.000000 0.000000 0.000000 0.000000
43.000000 7.000000 0.000000 0.000000 0.000000
43.000000 8.000000 0.000000 0.000000 0.000000
43.000000 9.000000 0.000000 0.000000 0.000000
43.000000 10.000000 0.000000 0.000000 0.000000
43.000000 11.000000 0.000000 0.000000 0.000000
43.000000 12.000000 0.000000 0.000000 0.000000
43.000000 13.000000 0.000000 0.000000 0.000000
43.000000 14.000000 0.000000 0.000000 0.000000
43.000000 15.000000 16.000000 8.333333 16.000000
43.000000 16.000000 50.000000 35.000000 50.000000
43.000000 17.000000 105.000000 94.333336 105.000000
43.000000 18.000000 118.000000 118.333336 125.000000
43.000000 19.000000 97.000000 106.000000 112.000000
43.000000 20.000000 122.000000 111.000000 122.000000
43.000000 21.000000 128.000000 128.333328 143.000000
43.000000 22.000000 96.000000 109.333336 121.000000
43.000000 23.000000 64.000000 70.666664 76.000000
43.000000 24.000000 39.000000 45.000000 52.000000
43.000000 25.000000 38.000000 37.333332 40.000000
43.000000 26.000000 32.000000 33.666668 35.000000
43.000000 27.000000 23.000000 24.666666 27.000000
43.000000 28.000000 18.000000 22.666666 26.000000
43.000000 29.000000 13.000000 13.333333 14.000000
43.000000 30.000000 16.000000 14.000000 16.000000
43.000000 31.000000 19.000000 19.000000 20.000000
43.000000 32.000000 14.000000 15.666667 17.000000
43.000000 33.000000 13.000000 13.666667 14.000000
43.000000 34.000000 12.000000 12.000000 12.000000
43.000000 35.000000 6.000000 7.000000 8.000000
43.000000 36.000000 1.000000 3.333333 6.000000
43.000000 37.000000 0.000000 0.666667 1.000000
43.000000 38.000000 0.000000 0.000000 0.000000
43.000000 39.000000 3.000000 1.666667 3.000000
43.000000 40.000000 7.000000 5.666667 7.000000
43.000000 41.000000 11.000000 9.666667 11.000000
43.000000 42.000000 33.000000 22.666666 33.000000
43.000000 43.000000 45.000000 43.666668 46.000000
43.000000 44.000000 50.000000 44.000000 50.000000
43.000000 45.000000 40.000000 39.000000 40.000000
43.000000 46.000000 39.000000 37.666668 39.000000
43.000000 47.000000 35.000000 36.000000 37.000000
43.000000 48.000000 21.000000 27.333334 31.000000
43.000000 49.000000 18.000000 21.000000 23.000000
44.000000 0.000000 0.000000 0.000000 0.000000
44.000000 1.000000 0.000000 0.000000 0.000000
44.000000 2.000000 0.000000 0.000000 0.000000
44.000000 3.000000 0.000000 0.000000 0.000000
44.000000 4.000000 0.000000 0.000000 0.000000
44.000000 5.000000 0.000000 0.000000 0.000000
44.000000 6.000000 0.000000 0.000000 0.000000
44.000000 7.000000 0.000000 0.000000 0.000000
44.000000 8.000000 0.000000 0.000000 0.000000
44.000000 9.000000 0.000000 0.000000 0.000000
44.000000 10.000000 11.000000 5.333333 11.000000
44.000000 11.000000 20.000000 17.000000 20.000000
44.000000 12.000000 54.000000 38.333332 54.000000
44.000000 13.000000 111.000000 89.666664 111.000000
44.000000 14.000000 101.000000 104.333336 107.000000
44.000000 15.000000 75.000000 85.000000 91.000000
44.000000 16.000000 48.000000 52.666668 56.000000
44.000000 17.000000 85.000000 68.000000 85.000000
44.000000 18.000000 93.000000 89.000000 98.000000
44.000000 19.000000 83.000000 89.000000 97.000000
44.000000 20.000000 72.000000 76.666664 82.000000
44.000000 21.000000 58.000000 64.333336 68.000000
44.000000 22.000000 58.000000 53.666668 58.000000
44.000000 23.000000 52.000000 53.333332 56.000000
44.000000 24.000000 44.000000 45.000000 46.000000
44.000000 25.000000 29.000000 34.000000 39.000000
44.000000 26.000000 24.000000 23.333334 24.000000
44.000000 27.000000 15.000000 18.666666 23.000000
44.000000 28.000000 9.000000 11.333333 14.000000
44.000000 29.000000 3.000000 5.666667 8.000000
44.000000 30.000000 2.000000 2.000000 2.000000
44.000000 31.000000 1.000000 1.000000 1.000000
44.000000 32.000000 0.000000 0.000000 0.000000
44.000000 33.000000 0.000000 0.000000 0.000000
44.000000 34.000000 0.000000 0.000000 0.000000
44.000000 35.000000 0.000000 0.000000 0.000000
44.000000 36.000000 1.000000 0.333333 1.000000
44.000000 37.000000 3.000000 2.000000 3.000000
44.000000 38.000000 7.000000 4.000000 7.000000
44.000000 39.000000 9.000000 10.000000 11.000000
44.000000 40.000000 10.000000 9.333333 10.000000
44.000000 41.000000 15.000000 13.000000 15.000000
44.000000 42.000000 20.000000 20.000000 22.000000
44.000000 43.000000 19.000000 19.000000 20.000000
44.000000 44.000000 13.000000 15.333333 17.000000
44.000000 45.000000 8.000000 9.666667 11.000000
44.000000 46.000000 3.000000 4.333333 6.000000
44.000000 47.000000 1.000000 2.000000 3.000000
44.000000 48.000000 0.000000 0.000000 0.000000
44.000000 49.000000 0.000000 0.000000 0.000000
45.000000 0.000000 0.000000 0.000000 0.000000
45.000000 1.000000 0.000000 0.000000 0.000000
45.000000 2.000000 0.000000 0.000000 0.000000
45.000000 3.000000 0.000000 0.000000 0.000000
45.000000 4.000000 0.000000 0.000000 0.000000
45.000000 5.000000 0.000000 0.000000 0.000000
45.000000 6.000000 0.000000 0.000000 0.000000
45.000000 7.000000 0.000000 0.000000 0.000000
45.000000 8.000000 0.000000 0.000000 0.000000
45.000000 9.000000 0.000000 0.000000 0.000000
45.000000 10.000000 0.000000 0.000000 0.000000
45.000000 11.000000 0.000000 0.000000 0.000000
45.000000 12.000000 9.000000 5.666667 9.000000
45.000000 13.000000 24.000000 18.333334 24.000000
45.000000 14.000000 45.000000 34.333332 45.000000
45.000000 15.000000 68.000000 60.666668 68.000000
45.000000 16.000000 67.000000 70.666664 75.000000
45.000000 17.000000 48.000000 50.000000 52.000000
45.000000 18.000000 41.000000 43.000000 47.000000
45.000000 19.000000 58.000000 51.000000 58.000000
45.000000 20.000000 53.000000 55.000000 64.000000
45.000000 21.000000 91.000000 73.000000 91.000000
45.000000 22.000000 123.000000 114.000000 123.000000
45.000000 23.000000 104.000000 112.666664 119.000000
45.000000 24.000000 75.000000 85.000000 91.000000
45.000000 25.000000 54.000000 59.333332 63.000000
45.000000 26.000000 58.000000 54.333332 58.000000
45.000000 27.000000 35.000000 43.333332 49.000000
45.000000 28.000000 28.000000 28.000000 28.000000
45.000000 29.000000 21.000000 22.333334 24.000000
45.000000 30.000000 12.000000 12.666667 14.000000
45.000000 31.000000 15.000000 11.666667 15.000000
45.000000 32.000000 25.000000 21.000000 25.000000
45.000000 33.000000 15.000000 20.333334 24.000000
45.000000 34.000000 14.000000 10.333333 14.000000
45.000000 35.000000 19.000000 18.666666 19.000000
45.000000 36.000000 12.000000 12.666667 14.000000
45.000000 37.000000 7.000000 7.333333 9.000000
45.000000 38.000000 5.000000 6.000000 8.000000
45.000000 39.000000 8.000000 7.000000 8.000000
45.000000 40.000000 6.000000 6.666667 8.000000
45.000000 41.000000 5.000000 5.666667 6.000000
45.000000 42.000000 4.000000 4.333333 5.000000
45.000000 43.000000 2.000000 2.333333 3.000000
45.000000 44.000000 1.000000 1.000000 1.000000
45.000000 45.000000 0.000000 0.333333 1.000000
45.000000 46.000000 0.000000 0.000000 0.000000
45.000000 47.000000 0.000000 0.000000 0.000000
45.000000 48.000000 0.000000 0.000000 0.000000
45.000000 49.000000 0.000000 0.000000 0.000000
46.000000 0.000000 0.000000 0.000000 0.000000
46.000000 1.000000 0.000000 0.000000 0.000000
46.000000 2.000000 0.000000 0.000000 0.000000
46.000000 3.000000 0.000000 0.000000 0.000000
46.000000 4.000000 0.000000 0.000000 0.000000
46.000000 5.000000 0.000000 0.000000 0.000000
46.000000 6.000000 0.000000 0.000000 0.000000
46.000000 7.000000 0.000000 0.000000 0.000000
46.000000 8.000000 0.000000 0.000000 0.000000
46.000000 9.000000 0.000000 0.000000 0.000000
46.000000 10.000000 0.000000 0.000000 0.000000
46.000000 11.000000 1.000000 0.333333 1.000000
46.000000 12.000000 8.000000 5.333333 8.000000
46.000000 13.000000 18.000000 12.666667 18.000000
46.000000 14.000000 42.000000 30.333334 42.000000
46.000000 15.000000 97.000000 71.000000 97.000000
46.000000 16.000000 127.000000 120.666664 132.000000
46.000000 17.000000 95.000000 107.666664 118.000000
46.000000 18.000000 123.000000 124.666664 130.000000
46.000000 19.000000 116.000000 120.333336 130.000000
46.000000 20.000000 92.000000 95.000000 99.000000
46.000000 21.000000 73.000000 73.666664 75.000000
46.000000 22.000000 45.000000 49.333332 55.000000
46.000000 23.000000 54.000000 49.666668 56.000000
46.000000 24.000000 69.000000 65.000000 75.000000
46.000000 25.000000 58.000000 60.000000 65.000000
46.000000 26.000000 41.000000 47.000000 54.000000
46.000000 27.000000 35.000000 36.000000 39.000000
46.000000 28.000000 22.000000 27.333334 32.000000
46.000000 29.000000 22.000000 20.000000 22.000000
46.000000 30.000000 20.000000 23.333334 26.000000
46.000000 31.000000 17.000000 17.666666 18.000000
46.000000 32.000000 7.000000 10.666667 15.000000
46.000000 33.000000 3.000000 3.666667 4.000000
46.000000 34.000000 2.000000 2.000000 2.000000
46.000000 35.000000 1.000000 1.666667 2.000000
46.000000 36.000000 0.000000 0.000000 0.000000
46.000000 37.000000 0.000000 0.000000 0.000000
46.000000 38.000000 0.000000 0.000000 0.000000
46.000000 39.000000 0.000000 0.000000 0.000000
46.000000 40.000000 0.000000 0.000000 0.000000
46.000000 41.000000 0.000000 0.000000 0.000000
46.000000 42.000000 0.000000 0.000000 0.000000
46.000000 43.000000 0.000000 0.000000 0.000000
46.000000 44.000000 0.000000 0.000000 0.000000
46.000000 45.000000 0.000000 0.000000 0.000000
46.000000 46.000000 0.000000 0.000000 0.000000
46.000000 47.000000 0.000000 0.000000 0.000000
46.000000 48.000000 0.000000 0.000000 0.000000
46.000000 49.000000 0.000000 0.000000 0.000000
47.000000 0.000000 0.000000 0.000000 0.000000
47.000000 1.000000 0.000000 0.000000 0.000000
47.000000 2.000000 0.000000 0.000000 0.000000
47.000000 3.000000 0.000000 0.000000 0.000000
47.000000 4.000000 0.000000 0.000000 0.000000
47.000000 5.000000 0.000000 0.000000 0.000000
47.000000 6.000000 0.000000 0.000000 0.000000
47.000000 7.000000 0.000000 0.000000 0.000000
47.000000 8.000000 0.000000 0.000000 0.000000
47.000000 9.000000 0.000000 0.000000 0.000000
47.000000 10.000000 0.000000 0.000000 0.000000
47.000000 11.000000 0.000000 0.000000 0.000000
47.000000 12.000000 0.000000 0.000000 0.000000
47.000000 13.000000 0.000000 0.000000 0.000000
47.000000 14.000000 0.000000 0.000000 0.000000
47.000000 15.000000 0.000000 0.000000 0.000000
47.000000 16.000000 0.000000 0.000000 0.000000
47.000000 17.000000 0.000000 0.000000 0.000000
47.000000 18.000000 0.000000 0.000000 0.000000
47.000000 19.000000 0.000000 0.000000 0.000000
47.000000 20.000000 0.000000 0.000000 0.000000
47.000000 21.000000 0.000000 0.000000 0.000000
47.000000 22.000000 0.000000 0.000000 0.000000
47.000000 23.000000 0.000000 0.000000 0.000000
47.000000 24.000000 0.000000 0.000000 0.000000
47.000000 25.000000 0.000000 0.000000 0.000000
47.000000 26.000000 0.000000 0.000000 0.000000
47.000000 27.000000 0.000000 0.000000 0.000000
47.000000 28.000000 0.000000 0.000000 0.000000
47.000000 29.000000 0.000000 0.000000 0.000000
47.000000 30.000000 0.000000 0.000000 0.000000
47.000000 31.000000 0.000000 0.000000 0.000000
47.000000 32.000000 0.000000 0.000000 0.000000
47.000000 33.000000 0.000000 0.000000 0.000000
47.000000 34.000000 0.000000 0.000000 0.000000
47.000000 35.000000 0.000000 0.000000 0.000000
47.000000 36.000000 0.000000 0.000000 0.000000
47.000000 37.000000 0.000000 0.000000 0.000000
47.000000 38.000000 0.000000 0.000000 0.000000
47.000000 39.000000 0.000000 0.000000 0.000000
47.000000 40.000000 0.000000 0.000000 0.000000
47.000000 41.000000 0.000000 0.000000 0.000000
47.000000 42.000000 0.000000 0.000000 0.000000
47.000000 43.000000 0.000000 0.000000 0.000000
47.000000 44.000000 0.000000 0.000000 0.000000
47.000000 45.000000 0.000000 0.000000 0.000000
47.000000 46.000000 0.000000 0.000000 0.000000
47.000000 47.000000 0.000000 0.000000 0.000000
47.000000 48.000000 0.000000 0.000000 0.000000
47.000000 49.000000 0.000000 0.000000 0.000000
48.000000 0.000000 0.000000 0.000000 0.000000
48.000000 1.000000 0.000000 0.000000 0.000000
48.000000 2.000000 0.000000 0.000000 0.000000
48.000000 3.000000 0.000000 0.000000 0.000000
48.000000 4.000000 0.000000 0.000000 0.000000
48.000000 5.000000 0.000000 0.000000 0.000000
48.000000 6.000000 0.000000 0.000000 0.000000
48.000000 7.000000 0.000000 0.000000 0.000000
48.000000 8.000000 0.000000 0.000000 0.000000
48.000000 9.000000 0.000000 0.000000 0.000000
48.000000 10.000000 0.000000 0.000000 0.000000
48.000000 11.000000 0.000000 0.000000 0.000000
48.000000 12.000000 0.000000 0.000000 0.000000
48.000000 13.000000 0.000000 0.000000 0.000000
48.000000 14.000000 0.000000 0.000000 0.000000
48.000000 15.000000 0.000000 0.000000 0.000000
48.000000 16.000000 0.000000 0.000000 0.000000
48.000000 17.000000 0.000000 0.000000 0.000000
48.000000 18.000000 0.000000 0.000000 0.000000
48.000000 19.000000 0.000000 0.000000 0.000000
48.000000 20.000000 0.000000 0.000000 0.000000
48.000000 21.000000 0.000000 0.000000 0.000000
48.000000 22.000000 0.000000 0.000000 0.000000
48.000000 23.000000 0.000000 0.000000 0.000000
48.000000 24.000000 0.000000 0.000000 0.000000
48.000000 25.000000 0.000000 0.000000 0.000000
48.000000 26.000000 0.000000 0.000000 0.000000
48.000000 27.000000 0.000000 0.000000 0.000000
48.000000 28.000000 0.000000 0.000000 0.000000
48.000000 29.000000 0.000000 0.000000 0.000000
48.000000 30.000000 0.000000 0.000000 0.000000
48.000000 31.000000 0.000000 0.000000 0.000000
48.000000 32.000000 0.000000 0.000000 0.000000
48.000000 33.000000 0.000000 0.000000 0.000000
48.000000 34.000000 0.000000 0.000000 0.000000
48.000000 35.000000 0.000000 0.000000 0.000000
48.000000 36.000000 0.000000 0.000000 0.000000
48.000000 37.000000 0.000000 0.000000 0.000000
48.000000 38.000000 0.000000 0.000000 0.000000
48.000000 39.000000 0.000000 0.000000 0.000000
48.000000 40.000000 0.000000 0.000000 0.000000
48.000000 41.000000 0.000000 0.000000 0.000000
48.000000 42.000000 0.000000 0.000000 0.000000
48.000000 43.000000 0.000000 0.000000 0.000000
48.000000 44.000000 0.000000 0.000000 0.000000
48.000000 45.000000 0.000000 0.000000 0.000000
48.000000 46.000000 0.000000 0.000000 0.000000
48.000000 47.000000 0.000000 0.000000 0.000000
48.000000 48.000000 0.000000 0.000000 0.000000
48.000000 49.000000 0.000000 0.000000 0.000000
49.000000 0.000000 0.000000 0.000000 0.000000
49.000000 1.000000 0.000000 0.000000 0.000000
49.000000 2.000000 0.000000 0.000000 0.000000
49.000000 3.000000 0.000000 0.000000 0.000000
49.000000 4.000000 0.000000 0.000000 0.000000
49.000000 5.000000 0.000000 0.000000 0.000000
49.000000 6.000000 0.000000 0.000000 0.000000
49.000000 7.000000 0.000000 0.000000 0.000000
49.000000 8.000000 0.000000 0.000000 0.000000
49.000000 9.000000 0.000000 0.000000 0.000000
49.000000 10.000000 0.000000 0.000000 0.000000
49.000000 11.000000 0.000000 0.000000 0.000000
49.000000 12.000000 0.000000 0.000000 0.000000
49.000000 13.000000 0.000000 0.000000 0.000000
49.000000 14.000000 0.000000 0.000000 0.000000
49.000000 15.000000 0.000000 0.000000 0.000000
49.000000 16.000000 0.000000 0.000000 0.000000
49.000000 17.000000 0.000000 0.000000 0.000000
49.000000 18.000000 0.000000 0.000000 0.000000
49.000000 19.000000 0.000000 0.000000 0.000000
49.000000 20.000000 0.000000 0.000000 0.000000
49.000000 21.000000 0.000000 0.000000 0.000000
49.000000 22.000000 0.000000 0.000000 0.000000
49.000000 23.000000 0.000000 0.000000 0.000000
49.000000 24.000000 0.000000 0.000000 0.000000
49.000000 25.000000 0.000000 0.000000 0.000000
49.000000 26.000000 0.000000 0.000000 0.000000
49.000000 27.000000 0.000000 0.000000 0.000000
49.000000 28.000000 0.000000 0.000000 0.000000
49.000000 29.000000 0.000000 0.000000 0.000000
49.000000 30.000000 0.000000 0.000000 0.000000
49.000000 31.000000 0.000000 0.000000 0.000000
49.000000 32.000000 0.000000 0.000000 0.000000
49.000000 33.000000 0.000000 0.000000 0.000000
49.000000 34.000000 0.000000 0.000000 0.000000
49.000000 35.000000 0.000000 0.000000 0.000000
49.000000 36.000000 0.000000 0.000000 0.000000
49.000000 37.000000 0.000000 0.000000 0.000000
49.000000 38.000000 0.000000 0.000000 0.000000
49.000000 39.000000 0.000000 0.000000 0.000000
49.000000 40.000000 0.000000 0.000000 0.000000
49.000000 41.000000 0.000000 0.000000 0.000000
49.000000 42.000000 0.000000 0.000000 0.000000
49.000000 43.000000 0.000000 0.000000 0.000000
49.000000 44.000000 0.000000 0.000000 0.000000
49.000000 45.000000 0.000000 0.000000 0.000000
49.000000 46.000000 0.000000 0.000000 0.000000
49.000000 47.000000 0.000000 0.000000 0.000000
49.000000 48.000000 0.000000 0.000000 0.000000
49.000000 49.000000 0.000000 0.000000 0.000000
50.000000 0.000000 0.000000 0.000000 0.000000
50.000000 1.000000 0.000000 0.000000 0.000000
50.000000 2.000000 0.000000 0.000000 0.000000
50.000000 3.000000 0.000000 0.000000 0.000000
50.000000 4.000000 0.000000 0.000000 0.000000
50.000000 5.000000 0.000000 0.000000 0.000000
50.000000 6.000000 0.000000 0.000000 0.000000
50.000000 7.000000 0.000000 0.000000 0.000000
50.000000 8.000000 0.000000 0.000000 0.000000
50.000000 9.000000 0.000000 0.000000 0.000000
50.000000 10.000000 0.000000 0.000000 0.000000
50.000000 11.000000 0.000000 0.000000 0.000000
50.000000 12.000000 0.000000 0.000000 0.000000
50.000000 13.000000 0.000000 0.000000 0.000000
50.000000 14.000000 0.000000 0.000000 0.000000
50.000000 15.000000 0.000000 0.000000 0.000000
50.000000 16.000000 0.000000 0.000000 0.000000
50.000000 17.000000 0.000000 0.000000 0.000000
50.000000 18.000000 0.000000 0.000000 0.000000
50.000000 19.000000 0.000000 0.000000 0.000000
50.000000 20.000000 0.000000 0.000000 0.000000
50.000000 21.000000 0.000000 0.000000 0.000000
50.000000 22.000000 0.000000 0.000000 0.000000
50.000000 23.000000 0.000000 0.000000 0.000000
50.000000 24.000000 0.000000 0.000000 0.000000
50.000000 25.000000 0.000000 0.000000 0.000000
50.000000 26.000000 0.000000 0.000000 0.000000
50.000000 27.000000 0.000000 0.000000 0.000000
50.000000 28.000000 0.000000 0.000000 0.000000
50.000000 29.000000 0.000000 0.000000 0.000000
50.000000 30.000000 0.000000 0.000000 0.000000
50.000000 31.000000 0.000000 0.000000 0.000000
50.000000 32.000000 0.000000 0.000000 0.000000
50.000000 33.000000 0.000000 0.000000 0.000000
50.000000 34.000000 0.000000 0.000000 0.000000
50.000000 35.000000 0.000000 0.000000 0.000000
50.000000 36.000000 0.000000 0.000000 0.000000
50.000000 37.000000 0.000000 0.000000 0.000000
50.000000 38.000000 0.000000 0.000000 0.000000
50.000000 39.000000 0.000000 0.000000 0.000000
50.000000 40.000000 0.000000 0.000000 0.000000
50.000000 41.000000 0.000000 0.000000 0.000000
50.000000 42.000000 0.000000 0.000000 0.000000
50.000000 43.000000 0.000000 0.000000 0.000000
50.000000 44.000000 0.000000 0.000000 0.000000
50.000000 45.000000 0.000000 0.000000 0.000000
50.000000 46.000000 0.000000 0.000000 0.000000
50.000000 47.000000 0.000000 0.000000 0.000000
50.000000 48.000000 0.000000 0.000000 0.000000
50.000000 49.000000 0.000000 0.000000 0.000000
51.000000 0.000000 0.000000 0.000000 0.000000
51.000000 1.000000 0.000000 0.000000 0.000000
51.000000 2.000000 0.000000 0.000000 0.000000
51.000000 3.000000 0.000000 0.000000 0.000000
51.000000 4.000000 0.000000 0.000000 0.000000
51.000000 5.000000 0.000000 0.000000 0.000000
51.000000 6.000000 0.000000 0.000000 0.000000
51.000000 7.000000 0.000000 0.000000 0.000000
51.000000 8.000000 0.000000 0.000000 0.000000
51.000000 9.000000 0.000000 0.000000 0.000000
51.000000 10.000000 0.000000 0.000000 0.000000
51.000000 11.000000 0.000000 0.000000 0.000000
51.000000 12.000000 0.000000 0.000000 0.000000
51.000000 13.000000 0.000000 0.000000 0.000000
51.000000 14.000000 0.000000 0.000000 0.000000
51.000000 15.000000 0.000000 0.000000 0.000000
51.000000 16.000000 0.000000 0.000000 0.000000
51.000000 17.000000 0.000000 0.000000 0.000000
51.000000 18.000000 0.000000 0.000000 0.000000
51.000000 19.000000 0.000000 0.000000 0.000000
51.000000 20.000000 0.000000 0.000000 0.000000
51.000000 21.000000 0.000000 0.000000 0.000000
51.000000 22.000000 61.000000 35.333332 61.000000
51.000000 23.000000 263.000000 185.666672 263.000000
51.000000 24.000000 297.000000 276.333344 297.000000
51.000000 25.000000 241.000000 271.333344 299.000000
51.000000 26.000000 134.000000 167.000000 195.000000
51.000000 27.000000 51.000000 74.333336 99.000000
51.000000 28.000000 27.000000 33.000000 41.000000
51.000000 29.000000 24.000000 24.666666 26.000000
51.000000 30.000000 9.000000 15.666667 21.000000
51.000000 31.000000 4.000000 6.000000 9.000000
51.000000 32.000000 1.000000 1.333333 2.000000
51.000000 33.000000 4.000000 2.333333 4.000000
51.000000 34.000000 8.000000 7.333333 8.000000
51.000000 35.000000 8.000000 8.333333 9.000000
51.000000 36.000000 26.000000 19.333334 26.000000
51.000000 37.000000 42.000000 35.666668 42.000000
51.000000 38.000000 34.000000 37.333332 39.000000
51.000000 39.000000 21.000000 23.333334 29.000000
51.000000 40.000000 20.000000 17.666666 20.000000
51.000000 41.000000 36.000000 28.333334 36.000000
51.000000 42.000000 48.000000 44.666668 49.000000
51.000000 43.000000 55.000000 52.333332 56.000000
51.000000 44.000000 48.000000 48.666668 51.000000
51.000000 45.000000 32.000000 36.666668 43.000000
51.000000 46.000000 19.000000 23.000000 27.000000
51.000000 47.000000 9.000000 12.333333 16.000000
51.000000 48.000000 2.000000 3.666667 5.000000
51.000000 49.000000 4.000000 3.333333 4.000000
52.000000 0.000000 0.000000 0.000000 0.000000
52.000000 1.000000 0.000000 0.000000 0.000000
52.000000 2.000000 0.000000 0.000000 0.000000
52.000000 3.000000 0.000000 0.000000 0.000000
52.000000 4.000000 0.000000 0.000000 0.000000
52.000000 5.000000 0.000000 0.000000 0.000000
52.000000 6.000000 0.000000 0.000000 0.000000
52.000000 7.000000 0.000000 0.000000 0.000000
52.000000 8.000000 17.000000 9.333333 17.000000
52.000000 9.000000 50.000000 36.666668 50.000000
52.000000 10.000000 77.000000 69.000000 77.000000
52.000000 11.000000 78.000000 76.666664 78.000000
52.000000 12.000000 75.000000 78.000000 85.000000
52.000000 13.000000 71.000000 73.000000 77.000000
52.000000 14.000000 118.000000 87.666664 118.000000
52.000000 15.000000 174.000000 159.000000 174.000000
52.000000 16.000000 148.000000 161.333328 170.000000
52.000000 17.000000 123.000000 129.666672 135.000000
52.000000 18.000000 70.000000 88.000000 100.000000
52.000000 19.000000 42.000000 50.666668 59.000000
52.000000 20.000000 37.000000 36.000000 37.000000
52.000000 21.000000 29.000000 28.666666 30.000000
52.000000 22.000000 19.000000 22.000000 25.000000
52.000000 23.000000 17.000000 14.666667 17.000000
52.000000 24.000000 14.000000 15.333333 18.000000
52.000000 25.000000 17.000000 14.333333 17.000000
52.000000 26.000000 12.000000 13.333333 14.000000
52.000000 27.000000 11.000000 10.666667 13.000000
52.000000 28.000000 19.000000 16.000000 19.000000
52.000000 29.000000 26.000000 26.333334 27.000000
52.000000 30.000000 18.000000 21.666666 27.000000
52.000000 31.000000 15.000000 16.333334 18.000000
52.000000 32.000000 13.000000 15.333333 17.000000
52.000000 33.000000 4.000000 6.666667 10.000000
52.000000 34.000000 1.000000 1.333333 2.000000
52.000000 35.000000 1.000000 1.000000 1.000000
52.000000 36.000000 1.000000 1.333333 2.000000
52.000000 37.000000 11.000000 6.666667 11.000000
52.000000 38.000000 32.000000 23.333334 32.000000
52.000000 39.000000 30.000000 31.000000 33.000000
52.000000 40.000000 16.000000 19.666666 23.000000
52.000000 41.000000 8.000000 9.000000 11.000000
52.000000 42.000000 8.000000 9.666667 11.000000
52.000000 43.000000 4.000000 5.000000 6.000000
52.000000 44.000000 0.000000 1.000000 3.000000
52.000000 45.000000 0.000000 0.000000 0.000000
52.000000 46.000000 0.000000 0.000000 0.000000
52.000000 47.000000 0.000000 0.000000 0.000000
52.000000 48.000000 0.000000 0.000000 0.000000
52.000000 49.000000 0.000000 0.000000 0.000000
53.000000 0.000000 0.000000 0.000000 0.000000
53.000000 1.000000 0.000000 0.000000 0.000000
53.000000 2.000000 0.000000 0.000000 0.000000
53.000000 3.000000 0.000000 0.000000 0.000000
53.000000 4.000000 0.000000 0.000000 0.000000
53.000000 5.000000 0.000000 0.000000 0.000000
53.000000 6.000000 0.000000 0.000000 0.000000
53.000000 7.000000 0.000000 0.000000 0.000000
53.000000 8.000000 0.000000 0.000000 0.000000
53.000000 9.000000 0.000000 0.000000 0.000000
53.000000 10.000000 0.000000 0.000000 0.000000
53.000000 11.000000 0.000000 0.000000 0.000000
53.000000 12.000000 0.000000 0.000000 0.000000
53.000000 13.000000 0.000000 0.000000 0.000000
53.000000 14.000000 0.000000 0.000000 0.000000
53.000000 15.000000 0.000000 0.000000 0.000000
53.000000 16.000000 0.000000 0.000000 0.000000
53.000000 17.000000 0.000000 0.000000 0.000000
53.000000 18.000000 0.000000 0.000000 0.000000
53.000000 19.000000 0.000000 0.000000 0.000000
53.000000 20.000000 0.000000 0.000000 0.000000
53.000000 21.000000 0.000000 0.000000 0.000000
53.000000 22.000000 0.000000 0.000000 0.000000
53.000000 23.000000 0.000000 0.000000 0.000000
53.000000 24.000000 0.000000 0.000000 0.000000
53.000000 25.000000 0.000000 0.000000 0.000000
53.000000 26.000000 0.000000 0.000000 0.000000
53.000000 27.000000 0.000000 0.000000 0.000000
53.000000 28.000000 0.000000 0.000000 0.000000
53.000000 29.000000 0.000000 0.000000 0.000000
53.000000 30.000000 0.000000 0.000000 0.000000
53.000000 31.000000 0.000000 0.000000 0.000000
53.000000 32.000000 0.000000 0.000000 0.000000
53.000000 33.000000 0.000000 0.000000 0.000000
53.000000 34.000000 0.000000 0.000000 0.000000
53.000000 35.000000 0.000000 0.000000 0.000000
53.000000 36.000000 0.000000 0.000000 0.000000
53.000000 37.000000 0.000000 0.000000 0.000000
53.000000 38.000000 0.000000 0.000000 0.000000
53.000000 39.000000 0.000000 0.000000 0.000000
53.000000 40.000000 0.000000 0.000000 0.000000
53.000000 41.000000 0.000000 0.000000 0.000000
53.000000 42.000000 0.000000 0.000000 0.000000
53.000000 43.000000 0.000000 0.000000 0.000000
53.000000 44.000000 0.000000 0.000000 0.000000
53.000000 45.000000 0.000000 0.000000 0.000000
53.000000 46.000000 0.000000 0.000000 0.000000
53.000000 47.000000 0.000000 0.000000 0.000000
53.000000 48.000000 0.000000 0.000000 0.000000
53.000000 49.000000 0.000000 0.000000 0.000000
54.000000 0.000000 0.000000 0.000000 0.000000
54.000000 1.000000 0.000000 0.000000 0.000000
54.000000 2.000000 0.000000 0.000000 0.000000
54.000000 3.000000 0.000000 0.000000 0.000000
54.000000 4.000000 0.000000 0.000000 0.000000
54.000000 5.000000 0.000000 0.000000 0.000000
54.000000 6.000000 0.000000 0.000000 0.000000
54.000000 7.000000 0.000000 0.000000 0.000000
54.000000 8.000000 0.000000 0.000000 0.000000
54.000000 9.000000 0.000000 0.000000 0.000000
54.000000 10.000000 0.000000 0.000000 0.000000
54.000000 11.000000 0.000000 0.000000 0.000000
54.000000 12.000000 0.000000 0.000000 0.000000
54.000000 13.000000 7.000000 3.333333 7.000000
54.000000 14.000000 18.000000 16.000000 18.000000
54.000000 15.000000 27.000000 22.666666 27.000000
54.000000 16.000000 41.000000 36.333332 43.000000
54.000000 17.000000 39.000000 42.333332 46.000000
54.000000 18.000000 40.000000 39.000000 40.000000
54.000000 19.000000 48.000000 43.333332 48.000000
54.000000 20.000000 45.000000 44.000000 46.000000
54.000000 21.000000 37.000000 39.333332 42.000000
54.000000 22.000000 31.000000 35.000000 39.000000
54.000000 23.000000 27.000000 27.666666 30.000000
54.000000 24.000000 42.000000 35.333332 42.000000
54.000000 25.000000 56.000000 52.000000 60.000000
54.000000 26.000000 76.000000 65.333336 76.000000
54.000000 27.000000 94.000000 89.333336 94.000000
54.000000 28.000000 94.000000 98.666664 103.000000
54.000000 29.000000 79.000000 86.333336 94.000000
54.000000 30.000000 57.000000 59.333332 62.000000
54.000000 31.000000 48.000000 48.333332 51.000000
54.000000 32.000000 32.000000 33.666668 39.000000
54.000000 33.000000 23.000000 24.000000 25.000000
54.000000 34.000000 14.000000 15.000000 18.000000
54.000000 35.000000 6.000000 8.666667 11.000000
54.000000 36.000000 4.000000 4.333333 5.000000
54.000000 37.000000 1.000000 2.000000 3.000000
54.000000 38.000000 0.000000 0.000000 0.000000
54.000000 39.000000 0.000000 0.000000 0.000000
54.000000 40.000000 0.000000 0.000000 0.000000
54.000000 41.000000 0.000000 0.000000 0.000000
54.000000 42.000000 0.000000 0.000000 0.000000
54.000000 43.000000 0.000000 0.000000 0.000000
54.000000 44.000000 0.000000 0.000000 0.000000
54.000000 45.000000 2.000000 0.666667 2.000000
54.000000 46.000000 5.000000 3.000000 5.000000
54.000000 47.000000 5.000000 5.000000 5.000000
54.000000 48.000000 3.000000 4.333333 5.000000
54.000000 49.000000 13.000000 6.000000 13.000000
55.000000 0.000000 0.000000 0.000000 0.000000
55.000000 1.000000 0.000000 0.000000 0.000000
55.000000 2.000000 0.000000 0.000000 0.000000
55.000000 3.000000 0.000000 0.000000 0.000000
55.000000 4.000000 0.000000 0.000000 0.000000
55.000000 5.000000 0.000000 0.000000 0.000000
55.000000 6.000000 0.000000 0.000000 0.000000
55.000000 7.000000 0.000000 0.000000 0.000000
55.000000 8.000000 0.000000 0.000000 0.000000
55.000000 9.000000 0.000000 0.000000 0.000000
55.000000 10.000000 0.000000 0.000000 0.000000
55.000000 11.000000 7.000000 3.666667 7.000000
55.000000 12.000000 28.000000 19.333334 28.000000
55.000000 13.000000 61.000000 49.333332 61.000000
55.000000 14.000000 91.000000 83.333336 91.000000
55.000000 15.000000 112.000000 106.000000 119.000000
55.000000 16.000000 93.000000 102.333336 110.000000
55.000000 17.000000 143.000000 114.666664 143.000000
55.000000 18.000000 187.000000 176.333328 187.000000
55.000000 19.000000 155.000000 168.000000 178.000000
55.000000 20.000000 106.000000 130.333328 152.000000
55.000000 21.000000 65.000000 81.000000 100.000000
55.000000 22.000000 35.000000 45.333332 54.000000
55.000000 23.000000 22.000000 25.000000 32.000000
55.000000 24.000000 20.000000 18.333334 20.000000
55.000000 25.000000 20.000000 20.666666 24.000000
55.000000 26.000000 17.000000 18.000000 19.000000
55.000000 27.000000 24.000000 22.333334 24.000000
55.000000 28.000000 15.000000 17.000000 20.000000
55.000000 29.000000 13.000000 11.666667 13.000000
55.000000 30.000000 17.000000 17.000000 18.000000
55.000000 31.000000 17.000000 16.000000 17.000000
55.000000 32.000000 18.000000 17.666666 18.000000
55.000000 33.000000 12.000000 14.000000 18.000000
55.000000 34.000000 17.000000 14.666667 17.000000
55.000000 35.000000 20.000000 19.666666 20.000000
55.000000 36.000000 17.000000 18.666666 20.000000
55.000000 37.000000 13.000000 16.000000 18.000000
55.000000 38.000000 7.000000 8.666667 10.000000
55.000000 39.000000 7.000000 6.333333 7.000000
55.000000 40.000000 12.000000 9.333333 12.000000
55.000000 41.000000 16.000000 14.333333 16.000000
55.000000 42.000000 10.000000 12.666667 14.000000
55.000000 43.000000 14.000000 14.333333 15.000000
55.000000 44.000000 16.000000 16.333334 17.000000
55.000000 45.000000 10.000000 11.666667 14.000000
55.000000 46.000000 7.000000 8.000000 10.000000
55.000000 47.000000 4.000000 4.666667 6.000000
55.000000 48.000000 3.000000 4.666667 6.000000
55.000000 49.000000 2.000000 2.666667 3.000000
56.000000 0.000000 0.000000 0.000000 0.000000
56.000000 1.000000 0.000000 0.000000 0.000000
56.000000 2.000000 0.000000 0.000000 0.000000
56.000000 3.000000 0.000000 0.000000 0.000000
56.000000 4.000000 0.000000 0.000000 0.000000
56.000000 5.000000 0.000000 0.000000 0.000000
56.000000 6.000000 0.000000 0.000000 0.000000
56.000000 7.000000 0.000000 0.000000 0.000000
56.000000 8.000000 0.000000 0.000000 0.000000
56.000000 9.000000 0.000000 0.000000 0.000000
56.000000 10.000000 0.000000 0.000000 0.000000
56.000000 11.000000 5.000000 2.666667 5.000000
56.000000 12.000000 23.000000 14.666667 23.000000
56.000000 13.000000 43.000000 35.666668 43.000000
56.000000 14.000000 77.000000 63.333332 77.000000
56.000000 15.000000 108.000000 101.000000 108.000000
56.000000 16.000000 87.000000 96.333336 104.000000
56.000000 17.000000 61.000000 66.666664 70.000000
56.000000 18.000000 54.000000 50.333332 54.000000
56.000000 19.000000 70.000000 65.666664 70.000000
56.000000 20.000000 57.000000 63.333332 67.000000
56.000000 21.000000 35.000000 37.333332 39.000000
56.000000 22.000000 32.000000 31.333334 32.000000
56.000000 23.000000 46.000000 40.666668 46.000000
56.000000 24.000000 38.000000 40.333332 43.000000
56.000000 25.000000 25.000000 28.666666 33.000000
56.000000 26.000000 10.000000 15.000000 18.000000
56.000000 27.000000 13.000000 10.333333 13.000000
56.000000 28.000000 12.000000 11.666667 12.000000
56.000000 29.000000 8.000000 10.666667 12.000000
56.000000 30.000000 7.000000 8.000000 9.000000
56.000000 31.000000 2.000000 4.666667 7.000000
56.000000 32.000000 2.000000 2.000000 2.000000
56.000000 33.000000 2.000000 2.000000 2.000000
56.000000 34.000000 9.000000 6.000000 9.000000
56.000000 35.000000 7.000000 7.000000 7.000000
56.000000 36.000000 4.000000 4.333333 5.000000
56.000000 37.000000 5.000000 5.333333 6.000000
56.000000 38.000000 4.000000 5.666667 7.000000
56.000000 39.000000 4.000000 3.333333 4.000000
56.000000 40.000000 2.000000 2.333333 3.000000
56.000000 41.000000 0.000000 1.000000 2.000000
56.000000 42.000000 4.000000 2.666667 4.000000
56.000000 43.000000 11.000000 7.333333 11.000000
56.000000 44.000000 24.000000 18.666666 24.000000
56.000000 45.000000 36.000000 31.333334 36.000000
56.000000 46.000000 38.000000 36.666668 40.000000
56.000000 47.000000 35.000000 36.666668 38.000000
56.000000 48.000000 25.000000 28.000000 32.000000
56.000000 49.000000 23.000000 24.333334 27.000000
57.000000 0.000000 0.000000 0.000000 0.000000
57.000000 1.000000 0.000000 0.000000 0.000000
57.000000 2.000000 0.000000 0.000000 0.000000
57.000000 3.000000 0.000000 0.000000 0.000000
57.000000 4.000000 0.000000 0.000000 0.000000
57.000000 5.000000 0.000000 0.000000 0.000000
57.000000 6.000000 0.000000 0.000000 0.000000
57.000000 7.000000 0.000000 0.000000 0.000000
57.000000 8.000000 0.000000 0.000000 0.000000
57.000000 9.000000 11.000000 6.000000 11.000000
57.000000 10.000000 56.000000 39.333332 56.000000
57.000000 11.000000 112.000000 95.333336 112.000000
57.000000 12.000000 100.000000 106.000000 113.000000
57.000000 13.000000 102.000000 86.000000 102.000000
57.000000 14.000000 108.000000 111.666664 114.000000
57.000000 15.000000 83.000000 91.666664 101.000000
57.000000 16.000000 78.000000 73.666664 78.000000
57.000000 17.000000 58.000000 65.000000 69.000000
57.000000 18.000000 36.000000 42.666668 49.000000
57.000000 19.000000 29.000000 27.000000 29.000000
57.000000 20.000000 22.000000 23.333334 25.000000
57.000000 21.000000 14.000000 16.333334 19.000000
57.000000 22.000000 17.000000 15.000000 17.000000
57.000000 23.000000 23.000000 21.666666 23.000000
57.000000 24.000000 17.000000 21.333334 24.000000
57.000000 25.000000 14.000000 15.000000 16.000000
57.000000 26.000000 10.000000 10.333333 11.000000
57.000000 27.000000 10.000000 9.666667 11.000000
57.000000 28.000000 14.000000 11.666667 14.000000
57.000000 29.000000 20.000000 18.333334 20.000000
57.000000 30.000000 26.000000 25.666666 27.000000
57.000000 31.000000 22.000000 22.000000 22.000000
57.000000 32.000000 18.000000 18.333334 20.000000
57.000000 33.000000 19.000000 16.666666 19.000000
57.000000 34.000000 27.000000 23.333334 27.000000
57.000000 35.000000 24.000000 24.666666 26.000000
57.000000 36.000000 20.000000 21.666666 23.000000
57.000000 37.000000 11.000000 13.666667 15.000000
57.000000 38.000000 16.000000 15.333333 16.000000
57.000000 39.000000 18.000000 16.333334 18.000000
57.000000 40.000000 14.000000 16.666666 18.000000
57.000000 41.000000 10.000000 11.666667 14.000000
57.000000 42.000000 3.000000 5.000000 7.000000
57.000000 43.000000 1.000000 1.000000 1.000000
57.000000 44.000000 0.000000 0.666667 1.000000
57.000000 45.000000 0.000000 0.000000 0.000000
57.000000 46.000000 0.000000 0.000000 0.000000
57.000000 47.000000 0.000000 0.000000 0.000000
57.000000 48.000000 0.000000 0.000000 0.000000
57.000000 49.000000 0.000000 0.000000 0.000000
58.000000 0.000000 0.000000 0.000000 0.000000
58.000000 1.000000 0.000000 0.000000 0.000000
58.000000 2.000000 0.000000 0.000000 0.000000
58.000000 3.000000 0.000000 0.000000 0.000000
58.000000 4.000000 0.000000 0.000000 0.000000
58.000000 5.000000 0.000000 0.000000 0.000000
58.000000 6.000000 0.000000 0.000000 0.000000
58.000000 7.000000 0.000000 0.000000 0.000000
58.000000 8.000000 0.000000 0.000000 0.000000
58.000000 9.000000 2.000000 1.333333 2.000000
58.000000 10.000000 46.000000 23.666666 46.000000
58.000000 11.000000 97.000000 83.333336 97.000000
58.000000 12.000000 149.000000 143.333328 157.000000
58.000000 13.000000 130.000000 137.000000 142.000000
58.000000 14.000000 157.000000 161.000000 170.000000
58.000000 15.000000 144.000000 153.000000 161.000000
58.000000 16.000000 137.000000 140.333328 153.000000
58.000000 17.000000 95.000000 111.333336 122.000000
58.000000 18.000000 69.000000 76.000000 82.000000
58.000000 19.000000 56.000000 59.666668 63.000000
58.000000 20.000000 53.000000 49.333332 53.000000
58.000000 21.000000 61.000000 57.666668 63.000000
58.000000 22.000000 54.000000 58.333332 61.000000
58.000000 23.000000 32.000000 39.333332 45.000000
58.000000 24.000000 14.000000 20.000000 25.000000
58.000000 25.000000 5.000000 8.000000 11.000000
58.000000 26.000000 4.000000 4.000000 4.000000
58.000000 27.000000 3.000000 2.666667 3.000000
58.000000 28.000000 5.000000 4.333333 5.000000
58.000000 29.000000 7.000000 7.000000 7.000000
58.000000 30.000000 12.000000 10.666667 12.000000
58.000000 31.000000 14.000000 14.333333 15.000000
58.000000 32.000000 12.000000 13.666667 16.000000
58.000000 33.000000 11.000000 13.666667 17.000000
58.000000 34.000000 9.000000 9.666667 10.000000
58.000000 35.000000 5.000000 6.000000 7.000000
58.000000 36.000000 8.000000 9.333333 10.000000
58.000000 37.000000 6.000000 6.000000 7.000000
58.000000 38.000000 11.000000 7.333333 11.000000
58.000000 39.000000 20.000000 17.666666 20.000000
58.000000 40.000000 19.000000 22.000000 24.000000
58.000000 41.000000 15.000000 18.000000 21.000000
58.000000 42.000000 12.000000 12.333333 13.000000
58.000000 43.000000 19.000000 15.666667 19.000000
58.000000 44.000000 18.000000 20.666666 22.000000
58.000000 45.000000 15.000000 16.000000 17.000000
58.000000 46.000000 4.000000 6.000000 8.000000
58.000000 47.000000 1.000000 2.666667 4.000000
58.000000 48.000000 0.000000 0.000000 0.000000
58.000000 49.000000 0.000000 0.000000 0.000000
59.000000 0.000000 0.000000 0.000000 0.000000
59.000000 1.000000 0.000000 0.000000 0.000000
59.000000 2.000000 0.000000 0.000000 0.000000
59.000000 3.000000 0.000000 0.000000 0.000000
59.000000 4.000000 0.000000 0.000000 0.000000
59.000000 5.000000 0.000000 0.000000 0.000000
59.000000 6.000000 0.000000 0.000000 0.000000
59.000000 7.000000 0.000000 0.000000 0.000000
59.000000 8.000000 0.000000 0.000000 0.000000
59.000000 9.000000 0.000000 0.000000 0.000000
59.000000 10.000000 0.000000 0.000000 0.000000
59.000000 11.000000 0.000000 0.000000 0.000000
59.000000 12.000000 0.000000 0.000000 0.000000
59.000000 13.000000 0.000000 0.000000 0.000000
59.000000 14.000000 0.000000 0.000000 0.000000
59.000000 15.000000 0.000000 0.000000 0.000000
59.000000 16.000000 0.000000 0.000000 0.000000
59.000000 17.000000 0.000000 0.000000 0.000000
59.000000 18.000000 0.000000 0.000000 0.000000
59.000000 19.000000 0.000000 0.000000 0.000000
59.000000 20.000000 0.000000 0.000000 0.000000
59.000000 21.000000 0.000000 0.000000 0.000000
59.000000 22.000000 0.000000 0.000000 0.000000
59.000000 23.000000 0.000000 0.000000 0.000000
59.000000 24.000000 0.000000 0.000000 0.000000
59.000000 25.000000 0.000000 0.000000 0.000000
59.000000 26.000000 0.000000 0.000000 0.000000
59.000000 27.000000 0.000000 0.000000 0.000000
59.000000 28.000000 0.000000 0.000000 0.000000
59.000000 29.000000 0.000000 0.000000 0.000000
59.000000 30.000000 0.000000 0.000000 0.000000
59.000000 31.000000 0.000000 0.000000 0.000000
59.000000 32.000000 0.000000 0.000000 0.000000
59.000000 33.000000 0.000000 0.000000 0.000000
59.000000 34.000000 0.000000 0.000000 0.000000
59.000000 35.000000 0.000000 0.000000 0.000000
59.000000 36.000000 0.000000 0.000000 0.000000
59.000000 37.000000 0.000000 0.000000 0.000000
59.000000 38.000000 0.000000 0.000000 0.000000
59.000000 39.000000 0.000000 0.000000 0.000000
59.000000 40.000000 0.000000 0.000000 0.000000
59.000000 41.000000 0.000000 0.000000 0.000000
59.000000 42.000000 0.000000 0.000000 0.000000
59.000000 43.000000 0.000000 0.000000 0.000000
59.000000 44.000000 0.000000 0.000000 0.000000
59.000000 45.000000 0.000000 0.000000 0.000000
59.000000 46.000000 0.000000 0.000000 0.000000
59.000000 47.000000 0.000000 0.000000 0.000000
59.000000 48.000000 0.000000 0.000000 0.000000
59.000000 49.000000 0.000000 0.000000 0.000000
60.000000 0.000000 0.000000 0.000000 0.000000
60.000000 1.000000 0.000000 0.000000 0.000000
60.000000 2.000000 0.000000 0.000000 0.000000
60.000000 3.000000 0.000000 0.000000 0.000000
60.000000 4.000000 0.000000 0.000000 0.000000
60.000000 5.000000 0.000000 0.000000 0.000000
60.000000 6.000000 0.000000 0.000000 0.000000
60.000000 7.000000 0.000000 0.000000 0.000000
60.000000 8.000000 0.000000 0.000000 0.000000
60.000000 9.000000 0.000000 0.000000 0.000000
60.000000 10.000000 0.000000 0.000000 0.000000
60.000000 11.000000 0.000000 0.000000 0.000000
60.000000 12.000000 0.000000 0.000000 0.000000
60.000000 13.000000 0.000000 0.000000 0.000000
60.000000 14.000000 0.000000 0.000000 0.000000
60.000000 15.000000 0.000000 0.000000 0.000000
60.000000 16.000000 0.000000 0.000000 0.000000
60.000000 17.000000 0.000000 0.000000 0.000000
60.000000 18.000000 0.000000 0.000000 0.000000
60.000000 19.000000 0.000000 0.000000 0.000000
60.000000 20.000000 0.000000 0.000000 0.000000
60.000000 21.000000 0.000000 0.000000 0.000000
60.000000 22.000000 0.000000 0.000000 0.000000
60.000000 23.000000 0.000000 0.000000 0.000000
60.000000 24.000000 0.000000 0.000000 0.000000
60.000000 25.000000 0.000000 0.000000 0.000000
60.000000 26.000000 0.000000 0.000000 0.000000
60.000000 27.000000 0.000000 0.000000 0.000000
60.000000 28.000000 0.000000 0.000000 0.000000
60.000000 29.000000 0.000000 0.000000 0.000000
60.000000 30.000000 0.000000 0.000000 0.000000
60.000000 31.000000 0.000000 0.000000 0.000000
60.000000 32.000000 0.000000 0.000000 0.000000
60.000000 33.000000 0.000000 0.000000 0.000000
60.000000 34.000000 0.000000 0.000000 0.000000
60.000000 35.000000 0.000000 0.000000 0.000000
60.000000 36.000000 0.000000 0.000000 0.000000
60.000000 37.000000 0.000000 0.000000 0.000000
60.000000 38.000000 0.000000 0.000000 0.000000
60.000000 39.000000 0.000000 0.000000 0.000000
60.000000 40.000000 0.000000 0.000000 0.000000
60.000000 41.000000 0.000000 0.000000 0.000000
60.000000 42.000000 0.000000 0.000000 0.000000
60.000000 43.000000 0.000000 0.000000 0.000000
60.000000 44.000000 0.000000 0.000000 0.000000
60.000000 45.000000 0.000000 0.000000 0.000000
60.000000 46.000000 0.000000 0.000000 0.000000
60.000000 47.000000 0.000000 0.000000 0.000000
60.000000 48.000000 0.000000 0.000000 0.000000
60.000000 49.000000 0.000000 0.000000 0.000000
61.000000 0.000000 0.000000 0.000000 0.000000
61.000000 1.000000 0.000000 0.000000 0.000000
61.000000 2.000000 0.000000 0.000000 0.000000
61.000000 3.000000 0.000000 0.000000 0.000000
61.000000 4.000000 0.000000 0.000000 0.000000
61.000000 5.000000 0.000000 0.000000 0.000000
61.000000 6.000000 0.000000 0.000000 0.000000
61.000000 7.000000 0.000000 0.000000 0.000000
61.000000 8.000000 0.000000 0.000000 0.000000
61.000000 9.000000 0.000000 0.000000 0.000000
61.000000 10.000000 0.000000 0.000000 0.000000
61.000000 11.000000 0.000000 0.000000 0.000000
61.000000 12.000000 0.000000 0.000000 0.000000
61.000000 13.000000 0.000000 0.000000 0.000000
61.000000 14.000000 0.000000 0.000000 0.000000
61.000000 15.000000 0.000000 0.000000 0.000000
61.000000 16.000000 0.000000 0.000000 0.000000
61.000000 17.000000 0.000000 0.000000 0.000000
61.000000 18.000000 0.000000 0.000000 0.000000
61.000000 19.000000 0.000000 0.000000 0.000000
61.000000 20.000000 0.000000 0.000000 0.000000
61.000000 21.000000 0.000000 0.000000 0.000000
61.000000 22.000000 0.000000 0.000000 0.000000
61.000000 23.000000 0.000000 0.000000 0.000000
61.000000 24.000000 0.000000 0.000000 0.000000
61.000000 25.000000 0.000000 0.000000 0.000000
61.000000 26.000000 0.000000 0.000000 0.000000
61.000000 27.000000 0.000000 0.000000 0.000000
61.000000 28.000000 0.000000 0.000000 0.000000
61.000000 29.000000 0.000000 0.000000 0.000000
61.000000 30.000000 0.000000 0.000000 0.000000
61.000000 31.000000 0.000000 0.000000 0.000000
61.000000 32.000000 0.000000 0.000000 0.000000
61.000000 33.000000 0.000000 0.000000 0.000000
61.000000 34.000000 0.000000 0.000000 0.000000
61.000000 35.000000 0.000000 0.000000 0.000000
61.000000 36.000000 0.000000 0.000000 0.000000
61.000000 37.000000 0.000000 0.000000 0.000000
61.000000 38.000000 0.000000 0.000000 0.000000
61.000000 39.000000 0.000000 0.000000 0.000000
61.000000 40.000000 0.000000 0.000000 0.000000
61.000000 41.000000 0.000000 0.000000 0.000000
61.000000 42.000000 0.000000 0.000000 0.000000
61.000000 43.000000 0.000000 0.000000 0.000000
61.000000 44.000000 0.000000 0.000000 0.000000
61.000000 45.000000 0.000000 0.000000 0.000000
61.000000 46.000000 0.000000 0.000000 0.000000
61.000000 47.000000 0.000000 0.000000 0.000000
61.000000 48.000000 0.000000 0.000000 0.000000
61.000000 49.000000 0.000000 0.000000 0.000000
62.000000 0.000000 0.000000 0.000000 0.000000
62.000000 1.000000 0.000000 0.000000 0.000000
62.000000 2.000000 0.000000 0.000000 0.000000
62.000000 3.000000 0.000000 0.000000 0.000000
62.000000 4.000000 0.000000 0.000000 0.000000
62.000000 5.000000 0.000000 0.000000 0.000000
62.000000 6.000000 0.000000 0.000000 0.000000
62.000000 7.000000 0.000000 0.000000 0.000000
62.000000 8.000000 0.000000 0.000000 0.000000
62.000000 9.000000 0.000000 0.000000 0.000000
62.000000 10.000000 0.000000 0.000000 0.000000
62.000000 11.000000 0.000000 0.000000 0.000000
62.000000 12.000000 0.000000 0.000000 0.000000
62.000000 13.000000 0.000000 0.000000 0.000000
62.000000 14.000000 0.000000 0.000000 0.000000
62.000000 15.000000 0.000000 0.000000 0.000000
62.000000 16.000000 0.000000 0.000000 0.000000
62.000000 17.000000 0.000000 0.000000 0.000000
62.000000 18.000000 0.000000 0.000000 0.000000
62.000000 19.000000 0.000000 0.000000 0.000000
62.000000 20.000000 0.000000 0.000000 0.000000
62.000000 21.000000 0.000000 0.000000 0.000000
62.000000 22.000000 0.000000 0.000000 0.000000
62.000000 23.000000 0.000000 0.000000 0.000000
62.000000 24.000000 0.000000 0.000000 0.000000
62.000000 25.000000 0.000000 0.000000 0.000000
62.000000 26.000000 0.000000 0.000000 0.000000
62.000000 27.000000 0.000000 0.000000 0.000000
62.000000 28.000000 0.000000 0.000000 0.000000
62.000000 29.000000 0.000000 0.000000 0.000000
62.000000 30.000000 0.000000 0.000000 0.000000
62.000000 31.000000 0.000000 0.000000 0.000000
62.000000 32.000000 0.000000 0.000000 0.000000
62.000000 33.000000 0.000000 0.000000 0.000000
62.000000 34.000000 0.000000 0.000000 0.000000
62.000000 35.000000 0.000000 0.000000 0.000000
62.000000 36.000000 0.000000 0.000000 0.000000
62.000000 37.000000 0.000000 0.000000 0.000000
62.000000 38.000000 0.000000 0.000000 0.000000
62.000000 39.000000 0.000000 0.000000 0.000000
62.000000 40.000000 0.000000 0.000000 0.000000
62.000000 41.000000 0.000000 0.000000 0.000000
62.000000 42.000000 0.000000 0.000000 0.000000
62.000000 43.000000 0.000000 0.000000 0.000000
62.000000 44.000000 0.000000 0.000000 0.000000
62.000000 45.000000 0.000000 0.000000 0.000000
62.000000 46.000000 0.000000 0.000000 0.000000
62.000000 47.000000 0.000000 0.000000 0.000000
62.000000 48.000000 0.000000 0.000000 0.000000
62.000000 49.000000 0.000000 0.000000 0.000000
63.000000 0.000000 0.000000 0.000000 0.000000
63.000000 1.000000 0.000000 0.000000 0.000000
63.000000 2.000000 0.000000 0.000000 0.000000
63.000000 3.000000 0.000000 0.000000 0.000000
63.000000 4.000000 0.000000 0.000000 0.000000
63.000000 5.000000 0.000000 0.000000 0.000000
63.000000 6.000000 0.000000 0.000000 0.000000
63.000000 7.000000 0.000000 0.000000 0.000000
63.000000 8.000000 0.000000 0.000000 0.000000
63.000000 9.000000 0.000000 0.000000 0.000000
63.000000 10.000000 0.000000 0.000000 0.000000
63.000000 11.000000 0.000000 0.000000 0.000000
63.000000 12.000000 0.000000 0.000000 0.000000
63.000000 13.000000 0.000000 0.000000 0.000000
63.000000 14.000000 0.000000 0.000000 0.000000
63.000000 15.000000 0.000000 0.000000 0.000000
63.000000 16.000000 0.000000 0.000000 0.000000
63.000000 17.000000 0.000000 0.000000 0.000000
63.000000 18.000000 0.000000 0.000000 0.000000
63.000000 19.000000 0.000000 0.000000 0.000000
63.000000 20.000000 0.000000 0.000000 0.000000
63.000000 21.000000 0.000000 0.000000 0.000000
63.000000 22.000000 0.000000 0.000000 0.000000
63.000000 23.000000 0.000000 0.000000 0.000000
63.000000 24.000000 0.000000 0.000000 0.000000
63.000000 25.000000 0.000000 0.000000 0.000000
63.000000 26.000000 0.000000 0.000000 0.000000
63.000000 27.000000 0.000000 0.000000 0.000000
63.000000 28.000000 0.000000 0.000000 0.000000
63.000000 29.000000 0.000000 0.000000 0.000000
63.000000 30.000000 0.000000 0.000000 0.000000
63.000000 31.000000 0.000000 0.000000 0.000000
63.000000 32.000000 0.000000 0.000000 0.000000
63.000000 33.000000 0.000000 0.000000 0.000000
63.000000 34.000000 0.000000 0.000000 0.000000
63.000000 35.000000 0.000000 0.000000 0.000000
63.000000 36.000000 0.000000 0.000000 0.000000
63.000000 37.000000 0.000000 0.000000 0.000000
63.000000 38.000000 0.000000 0.000000 0.000000
63.000000 39.000000 0.000000 0.000000 0.000000
63.000000 40.000000 0.000000 0.000000 0.000000
63.000000 41.000000 0.000000 0.000000 0.000000
63.000000 42.000000 0.000000 0.000000 0.000000
63.000000 43.000000 0.000000 0.000000 0.000000
63.000000 44.000000 0.000000 0.000000 0.000000
63.000000 45.000000 0.000000 0.000000 0.000000
63.000000 46.000000 0.000000 0.000000 0.000000
63.000000 47.000000 0.000000 0.000000 0.000000
63.000000 48.000000 0.000000 0.000000 0.000000
63.000000 49.000000 0.000000 0.000000 0.000000
64.000000 0.000000 0.000000 0.000000 0.000000
64.000000 1.000000 0.000000 0.000000 0.000000
64.000000 2.000000 0.000000 0.000000 0.000000
64.000000 3.000000 0.000000 0.000000 0.000000
64.000000 4.000000 0.000000 0.000000 0.000000
64.000000 5.000000 0.000000 0.000000 0.000000
64.000000 6.000000 0.000000 0.000000 0.000000
64.000000 7.000000 0.000000 0.000000 0.000000
64.000000 8.000000 0.000000 0.000000 0.000000
64.000000 9.000000 0.000000 0.000000 0.000000
64.000000 10.000000 0.000000 0.000000 0.000000
64.000000 11.000000 0.000000 0.000000 0.000000
64.000000 12.000000 0.000000 0.000000 0.000000
64.000000 13.000000 0.000000 0.000000 0.000000
64.000000 14.000000 0.000000 0.000000 0.000000
64.000000 15.000000 0.000000 0.000000 0.000000
64.000000 16.000000 0.000000 0.000000 0.000000
64.000000 17.000000 0.000000 0.000000 0.000000
64.000000 18.000000 0.000000 0.000000 0.000000
64.000000 19.000000 0.000000 0.000000 0.000000
64.000000 20.000000 0.000000 0.000000 0.000000
64.000000 21.000000 0.000000 0.000000 0.000000
64.000000 22.000000 0.000000 0.000000 0.000000
64.000000 23.000000 0.000000 0.000000 0.000000
64.000000 24.000000 0.000000 0.000000 0.000000
64.000000 25.000000 0.000000 0.000000 0.000000
64.000000 26.000000 0.000000 0.000000 0.000000
64.000000 27.000000 0.000000 0.000000 0.000000
64.000000 28.000000 0.000000 0.000000 0.000000
64.000000 29.000000 0.000000 0.000000 0.000000
64.000000 30.000000 0.000000 0.000000 0.000000
64.000000 31.000000 0.000000 0.000000 0.000000
64.000000 32.000000 0.000000 0.000000 0.000000
64.000000 33.000000 0.000000 0.000000 0.000000
64.000000 34.000000 0.000000 0.000000 0.000000
64.000000 35.000000 0.000000 0.000000 0.000000
64.000000 36.000000 0.000000 0.000000 0.000000
64.000000 37.000000 0.000000 0.000000 0.000000
64.000000 38.000000 0.000000 0.000000 0.000000
64.000000 39.000000 0.000000 0.000000 0.000000
64.000000 40.000000 0.000000 0.000000 0.000000
64.000000 41.000000 0.000000 0.000000 0.000000
64.000000 42.000000 0.000000 0.000000 0.000000
64.000000 43.000000 0.000000 0.000000 0.000000
64.000000 44.000000 0.000000 0.000000 0.000000
64.000000 45.000000 0.000000 0.000000 0.000000
64.000000 46.000000 0.000000 0.000000 0.000000
64.000000 47.000000 0.000000 0.000000 0.000000
64.000000 48.000000 0.000000 0.000000 0.000000
64.000000 49.000000 0.000000 0.000000 0.000000
65.000000 0.000000 0.000000 0.000000 0.000000
65.000000 1.000000 0.000000 0.000000 0.000000
65.000000 2.000000 0.000000 0.000000 0.000000
65.000000 3.000000 0.000000 0.000000 0.000000
65.000000 4.000000 0.000000 0.000000 0.000000
65.000000 5.000000 0.000000 0.000000 0.000000
65.000000 6.000000 0.000000 0.000000 0.000000
65.000000 7.000000 0.000000 0.000000 0.000000
65.000000 8.000000 0.000000 0.000000 0.000000
65.000000 9.000000 0.000000 0.000000 0.000000
65.000000 10.000000 0.000000 0.000000 0.000000
65.000000 11.000000 0.000000 0.000000 0.000000
65.000000 12.000000 0.000000 0.000000 0.000000
65.000000 13.000000 0.000000 0.000000 0.000000
65.000000 14.000000 0.000000 0.000000 0.000000
65.000000 15.000000 0.000000 0.000000 0.000000
65.000000 16.000000 0.000000 0.000000 0.000000
65.000000 17.000000 0.000000 0.000000 0.000000
65.000000 18.000000 0.000000 0.000000 0.000000
65.000000 19.000000 0.000000 0.000000 0.000000
65.000000 20.000000 0.000000 0.000000 0.000000
65.000000 21.000000 0.000000 0.000000 0.000000
65.000000 22.000000 0.000000 0.000000 0.000000
65.000000 23.000000 0.000000 0.000000 0.000000
65.000000 24.000000 0.000000 0.000000 0.000000
65.000000 25.000000 0.000000 0.000000 0.000000
65.000000 26.000000 0.000000 0.000000 0.000000
65.000000 27.000000 0.000000 0.000000 0.000000
65.000000 28.000000 0.000000 0.000000 0.000000
65.000000 29.000000 0.000000 0.000000 0.000000
65.000000 30.000000 0.000000 0.000000 0.000000
65.000000 31.000000 0.000000 0.000000 0.000000
65.000000 32.000000 0.000000 0.000000 0.000000
65.000000 33.000000 0.000000 0.000000 0.000000
65.000000 34.000000 0.000000 0.000000 0.000000
65.000000 35.000000 0.000000 0.000000 0.000000
65.000000 36.000000 0.000000 0.000000 0.000000
65.000000 37.000000 0.000000 0.000000 0.000000
65.000000 38.000000 0.000000 0.000000 0.000000
65.000000 39.000000 0.000000 0.000000 0.000000
65.000000 40.000000 0.000000 0.000000 0.000000
65.000000 41.000000 0.000000 0.000000 0.000000
65.000000 42.000000 0.000000 0.000000 0.000000
65.000000 43.000000 0.000000 0.000000 0.000000
65.000000 44.000000 0.000000 0.000000 0.000000
65.000000 45.000000 0.000000 0.000000 0.000000
65.000000 46.000000 0.000000 0.000000 0.000000
65.000000 47.000000 0.000000 0.000000 0.000000
65.000000 48.000000 0.000000 0.000000 0.000000
65.000000 49.000000 0.000000 0.000000 0.000000
66.000000 0.000000 0.000000 0.000000 0.000000
66.000000 1.000000 0.000000 0.000000 0.000000
66.000000 2.000000 0.000000 0.000000 0.000000
66.000000 3.000000 0.000000 0.000000 0.000000
66.000000 4.000000 0.000000 0.000000 0.000000
66.000000 5.000000 0.000000 0.000000 0.000000
66.000000 6.000000 0.000000 0.000000 0.000000
66.000000 7.000000 0.000000 0.000000 0.000000
66.000000 8.000000 0.000000 0.000000 0.000000
66.000000 9.000000 0.000000 0.000000 0.000000
66.000000 10.000000 0.000000 0.000000 0.000000
66.000000 11.000000 0.000000 0.000000 0.000000
66.000000 12.000000 0.000000 0.000000 0.000000
66.000000 13.000000 0.000000 0.000000 0.000000
66.000000 14.000000 0.000000 0.000000 0.000000
66.000000 15.000000 0.000000 0.000000 0.000000
66.000000 16.000000 0.000000 0.000000 0.000000
66.000000 17.000000 0.000000 0.000000 0.000000
66.000000 18.000000 0.000000 0.000000 0.000000
66.000000 19.000000 0.000000 0.000000 0.000000
66.000000 20.000000 0.000000 0.000000 0.000000
66.000000 21.000000 0.000000 0.000000 0.000000
66.000000 22.000000 0.000000 0.000000 0.000000
66.000000 23.000000 0.000000 0.000000 0.000000
66.000000 24.000000 0.000000 0.000000 0.000000
66.000000 25.000000 0.000000 0.000000 0.000000
66.000000 26.000000 0.000000 0.000000 0.000000
66.000000 27.000000 0.000000 0.000000 0.000000
66.000000 28.000000 0.000000 0.000000 0.000000
66.000000 29.000000 0.000000 0.000000 0.000000
66.000000 30.000000 0.000000 0.000000 0.000000
66.000000 31.000000 0.000000 0.000000 0.000000
66.000000 32.000000 0.000000 0.000000 0.000000
66.000000 33.000000 0.000000 0.000000 0.000000
66.000000 34.000000 0.000000 0.000000 0.000000
66.000000 35.000000 0.000000 0.000000 0.000000
66.000000 36.000000 0.000000 0.000000 0.000000
66.000000 37.000000 0.000000 0.000000 0.000000
66.000000 38.000000 0.000000 0.000000 0.000000
66.000000 39.000000 0.000000 0.000000 0.000000
66.000000 40.000000 0.000000 0.000000 0.000000
66.000000 41.000000 0.000000 0.000000 0.000000
66.000000 42.000000 0.000000 0.000000 0.000000
66.000000 43.000000 0.000000 0.000000 0.000000
66.000000 44.000000 0.000000 0.000000 0.000000
66.000000 45.000000 0.000000 0.000000 0.000000
66.000000 46.000000 0.000000 0.000000 0.000000
66.000000 47.000000 0.000000 0.000000 0.000000
66.000000 48.000000 0.000000 0.000000 0.000000
66.000000 49.000000 0.000000 0.000000 0.000000
67.000000 0.000000 0.000000 0.000000 0.000000
67.000000 1.000000 0.000000 0.000000 0.000000
67.000000 2.000000 0.000000 0.000000 0.000000
67.000000 3.000000 0.000000 0.000000 0.000000
67.000000 4.000000 0.000000 0.000000 0.000000
67.000000 5.000000 0.000000 0.000000 0.000000
67.000000 6.000000 0.000000 0.000000 0.000000
67.000000 7.000000 0.000000 0.000000 0.000000
67.000000 8.000000 0.000000 0.000000 0.000000
67.000000 9.000000 0.000000 0.000000 0.000000
67.000000 10.000000 0.000000 0.000000 0.000000
67.000000 11.000000 0.000000 0.000000 0.000000
67.000000 12.000000 0.000000 0.000000 0.000000
67.000000 13.000000 0.000000 0.000000 0.000000
67.000000 14.000000 0.000000 0.000000 0.000000
67.000000 15.000000 0.000000 0.000000 0.000000
67.000000 16.000000 0.000000 0.000000 0.000000
67.000000 17.000000 0.000000 0.000000 0.000000
67.000000 18.000000 0.000000 0.000000 0.000000
67.000000 19.000000 0.000000 0.000000 0.000000
67.000000 20.000000 0.000000 0.000000 0.000000
67.000000 21.000000 0.000000 0.000000 0.000000
67.000000 22.000000 0.000000 0.000000 0.000000
67.000000 23.000000 0.000000 0.000000 0.000000
67.000000 24.000000 0.000000 0.000000 0.000000
67.000000 25.000000 0.000000 0.000000 0.000000
67.000000 26.000000 0.000000 0.000000 0.000000
67.000000 27.000000 0.000000 0.000000 0.000000
67.000000 28.000000 0.000000 0.000000 0.000000
67.000000 29.000000 0.000000 0.000000 0.000000
67.000000 30.000000 0.000000 0.000000 0.000000
67.000000 31.000000 0.000000 0.000000 0.000000
67.000000 32.000000 0.000000 0.000000 0.000000
67.000000 33.000000 0.000000 0.000000 0.000000
67.000000 34.000000 0.000000 0.000000 0.000000
67.000000 35.000000 0.000000 0.000000 0.000000
67.000000 36.000000 0.000000 0.000000 0.000000
67.000000 37.000000 0.000000 0.000000 0.000000
67.000000 38.000000 0.000000 0.000000 0.000000
67.000000 39.000000 0.000000 0.000000 0.000000
67.000000 40.000000 0.000000 0.000000 0.000000
67.000000 41.000000 0.000000 0.000000 0.000000
67.000000 42.000000 0.000000 0.000000 0.000000
67.000000 43.000000 0.000000 0.000000 0.000000
67.000000 44.000000 0.000000 0.000000 0.000000
67.000000 45.000000 0.000000 0.000000 0.000000
67.000000 46.000000 0.000000 0.000000 0.000000
67.000000 47.000000 0.000000 0.000000 0.000000
67.000000 48.000000 0.000000 0.000000 0.000000
67.000000 49.000000 0.000000 0.000000 0.000000
68.000000 0.000000 0.000000 0.000000 0.000000
68.000000 1.000000 0.000000 0.000000 0.000000
68.000000 2.000000 0.000000 0.000000 0.000000
68.000000 3.000000 0.000000 0.000000 0.000000
68.000000 4.000000 0.000000 0.000000 0.000000
68.000000 5.000000 0.000000 0.000000 0.000000
68.000000 6.000000 0.000000 0.000000 0.000000
68.000000 7.000000 0.000000 0.000000 0.000000
68.000000 8.000000 0.000000 0.000000 0.000000
68.000000 9.000000 0.000000 0.000000 0.000000
68.000000 10.000000 0.000000 0.000000 0.000000
68.000000 11.000000 0.000000 0.000000 0.000000
68.000000 12.000000 0.000000 0.000000 0.000000
68.000000 13.000000 0.000000 0.000000 0.000000
68.000000 14.000000 0.000000 0.000000 0.000000
68.000000 15.000000 0.000000 0.000000 0.000000
68.000000 16.000000 0.000000 0.000000 0.000000
68.000000 17.000000 0.000000 0.000000 0.000000
68.000000 18.000000 0.000000 0.000000 0.000000
68.000000 19.000000 0.000000 0.000000 0.000000
68.000000 20.000000 0.000000 0.000000 0.000000
68.000000 21.000000 0.000000 0.000000 0.000000
68.000000 22.000000 0.000000 0.000000 0.000000
68.000000 23.000000 0.000000 0.000000 0.000000
68.000000 24.000000 0.000000 0.000000 0.000000
68.000000 25.000000 0.000000 0.000000 0.000000
68.000000 26.000000 0.000000 0.000000 0.000000
68.000000 27.000000 0.000000 0.000000 0.000000
68.000000 28.000000 0.000000 0.000000 0.000000
68.000000 29.000000 0.000000 0.000000 0.000000
68.000000 30.000000 0.000000 0.000000 0.000000
68.000000 31.000000 0.000000 0.000000 0.000000
68.000000 32.000000 0.000000 0.000000 0.000000
68.000000 33.000000 0.000000 0.000000 0.000000
68.000000 34.000000 0.000000 0.000000 0.000000
68.000000 35.000000 0.000000 0.000000 0.000000
68.000000 36.000000 0.000000 0.000000 0.000000
68.000000 37.000000 0.000000 0.000000 0.000000
68.000000 38.000000 0.000000 0.000000 0.000000
68.000000 39.000000 0.000000 0.000000 0.000000
68.000000 40.000000 0.000000 0.000000 0.000000
68.000000 41.000000 0.000000 0.000000 0.000000
68.000000 42.000000 0.000000 0.000000 0.000000
68.000000 43.000000 0.000000 0.000000 0.000000
68.000000 44.000000 0.000000 0.000000 0.000000
68.000000 45.000000 0.000000 0.000000 0.000000
68.000000 46.000000 0.000000 0.000000 0.000000
68.000000 47.000000 0.000000 0.000000 0.000000
68.000000 48.000000 0.000000 0.000000 0.000000
68.000000 49.000000 0.000000 0.000000 0.000000
69.000000 0.000000 0.000000 0.000000 0.000000
69.000000 1.000000 0.000000 0.000000 0.000000
69.000000 2.000000 0.000000 0.000000 0.000000
69.000000 3.000000 0.000000 0.000000 0.000000
69.000000 4.000000 0.000000 0.000000 0.000000
69.000000 5.000000 0.000000 0.000000 0.000000
69.000000 6.000000 0.000000 0.000000 0.000000
69.000000 7.000000 0.000000 0.000000 0.000000
69.000000 8.000000 0.000000 0.000000 0.000000
69.000000 9.000000 0.000000 0.000000 0.000000
69.000000 10.000000 0.000000 0.000000 0.000000
69.000000 11.000000 0.000000 0.000000 0.000000
69.000000 12.000000 0.000000 0.000000 0.000000
69.000000 13.000000 0.000000 0.000000 0.000000
69.000000 14.000000 0.000000 0.000000 0.000000
69.000000 15.000000 0.000000 0.000000 0.000000
69.000000 16.000000 0.000000 0.000000 0.000000
69.000000 17.000000 0.000000 0.000000 0.000000
69.000000 18.000000 0.000000 0.000000 0.000000
69.000000 19.000000 0.000000 0.000000 0.000000
69.000000 20.000000 0.000000 0.000000 0.000000
69.000000 21.000000 0.000000 0.000000 0.000000
69.000000 22.000000 0.000000 0.000000 0.000000
69.000000 23.000000 0.000000 0.000000 0.000000
69.000000 24.000000 0.000000 0.000000 0.000000
69.000000 25.000000 0.000000 0.000000 0.000000
69.000000 26.000000 0.000000 0.000000 0.000000
69.000000 27.000000 0.000000 0.000000 0.000000
69.000000 28.000000 0.000000 0.000000 0.000000
69.000000 29.000000 0.000000 0.000000 0.000000
69.000000 30.000000 0.000000 0.000000 0.000000
69.000000 31.000000 0.000000 0.000000 0.000000
69.000000 32.000000 0.000000 0.000000 0.000000
69.000000 33.000000 0.000000 0.000000 0.000000
69.000000 34.000000 0.000000 0.000000 0.000000
69.000000 35.000000 0.000000 0.000000 0.000000
69.000000 36.000000 0.000000 0.000000 0.000000
69.000000 37.000000 0.000000 0.000000 0.000000
69.000000 38.000000 0.000000 0.000000 0.000000
69.000000 39.000000 0.000000 0.000000 0.000000
69.000000 40.000000 0.000000 0.000000 0.000000
69.000000 41.000000 0.000000 0.000000 0.000000
69.000000 42.000000 0.000000 0.000000 0.000000
69.000000 43.000000 0.000000 0.000000 0.000000
69.000000 44.000000 0.000000 0.000000 0.000000
69.000000 45.000000 0.000000 0.000000 0.000000
69.000000 46.000000 0.000000 0.000000 0.000000
69.000000 47.000000 0.000000 0.000000 0.000000
69.000000 48.000000 0.000000 0.000000 0.000000
69.000000 49.000000 0.000000 0.000000 0.000000
70.000000 0.000000 0.000000 0.000000 0.000000
70.000000 1.000000 0.000000 0.000000 0.000000
70.000000 2.000000 0.000000 0.000000 0.000000
70.000000 3.000000 0.000000 0.000000 0.000000
70.000000 4.000000 0.000000 0.000000 0.000000
70.000000 5.000000 0.000000 0.000000 0.000000
70.000000 6.000000 0.000000 0.000000 0.000000
70.000000 7.000000 0.000000 0.000000 0.000000
70.000000 8.000000 0.000000 0.000000 0.000000
70.000000 9.000000 0.000000 0.000000 0.000000
70.000000 10.000000 0.000000 0.000000 0.000000
70.000000 11.000000 0.000000 0.000000 0.000000
70.000000 12.000000 0.000000 0.000000 0.000000
70.000000 13.000000 0.000000 0.000000 0.000000
70.000000 14.000000 0.000000 0.000000 0.000000
70.000000 15.000000 0.000000 0.000000 0.000000
70.000000 16.000000 0.000000 0.000000 0.000000
70.000000 17.000000 0.000000 0.000000 0.000000
70.000000 18.000000 0.000000 0.000000 0.000000
70.000000 19.000000 0.000000 0.000000 0.000000
70.000000 20.000000 0.000000 0.000000 0.000000
70.000000 21.000000 0.000000 0.000000 0.000000
70.000000 22.000000 0.000000 0.000000 0.000000
70.000000 23.000000 0.000000 0.000000 0.000000
70.000000 24.000000 0.000000 0.000000 0.000000
70.000000 25.000000 0.000000 0.000000 0.000000
70.000000 26.000000 0.000000 0.000000 0.000000
70.000000 27.000000 0.000000 0.000000 0.000000
70.000000 28.000000 0.000000 0.000000 0.000000
70.000000 29.000000 0.000000 0.000000 0.000000
70.000000 30.000000 0.000000 0.000000 0.000000
70.000000 31.000000 0.000000 0.000000 0.000000
70.000000 32.000000 0.000000 0.000000 0.000000
70.000000 33.000000 0.000000 0.000000 0.000000
70.000000 34.000000 0.000000 0.000000 0.000000
70.000000 35.000000 0.000000 0.000000 0.000000
70.000000 36.000000 0.000000 0.000000 0.000000
70.000000 37.000000 0.000000 0.000000 0.000000
70.000000 38.000000 0.000000 0.000000 0.000000
70.000000 39.000000 0.000000 0.000000 0.000000
70.000000 40.000000 0.000000 0.000000 0.000000
70.000000 41.000000 0.000000 0.000000 0.000000
70.000000 42.000000 0.000000 0.000000 0.000000
70.000000 43.000000 0.000000 0.000000 0.000000
70.000000 44.000000 0.000000 0.000000 0.000000
70.000000 45.000000 0.000000 0.000000 0.000000
70.000000 46.000000 0.000000 0.000000 0.000000
70.000000 47.000000 0.000000 0.000000 0.000000
70.000000 48.000000 0.000000 0.000000 0.000000
70.000000 49.000000 0.000000 0.000000 0.000000
71.000000 0.000000 0.000000 0.000000 0.000000
71.000000 1.000000 0.000000 0.000000 0.000000
71.000000 2.000000 0.000000 0.000000 0.000000
71.000000 3.000000 0.000000 0.000000 0.000000
71.000000 4.000000 0.000000 0.000000 0.000000
71.000000 5.000000 0.000000 0.000000 0.000000
71.000000 6.000000 0.000000 0.000000 0.000000
71.000000 7.000000 0.000000 0.000000 0.000000
71.000000 8.000000 0.000000 0.000000 0.000000
71.000000 9.000000 0.000000 0.000000 0.000000
71.000000 10.000000 0.000000 0.000000 0.000000
71.000000 11.000000 0.000000 0.000000 0.000000
71.000000 12.000000 1.000000 0.333333 1.000000
71.000000 13.000000 17.000000 9.333333 17.000000
71.000000 14.000000 73.000000 40.666668 73.000000
71.000000 15.000000 115.000000 98.666664 115.000000
71.000000 16.000000 97.000000 108.333336 117.000000
71.000000 17.000000 72.000000 77.000000 84.000000
71.000000 18.000000 71.000000 65.333336 71.000000
71.000000 19.000000 52.000000 57.666668 61.000000
71.000000 20.000000 27.000000 33.666668 41.000000
71.000000 21.000000 52.000000 46.000000 52.000000
71.000000 22.000000 80.000000 71.333336 80.000000
71.000000 23.000000 83.000000 83.333336 90.000000
71.000000 24.000000 73.000000 77.000000 82.000000
71.000000 25.000000 64.000000 65.666664 71.000000
71.000000 26.000000 52.000000 55.000000 58.000000
71.000000 27.000000 40.000000 42.000000 45.000000
71.000000 28.000000 39.000000 37.666668 39.000000
71.000000 29.000000 28.000000 28.666666 30.000000
71.000000 30.000000 17.000000 20.000000 22.000000
71.000000 31.000000 17.000000 17.000000 18.000000
71.000000 32.000000 11.000000 13.333333 15.000000
71.000000 33.000000 6.000000 8.666667 12.000000
71.000000 34.000000 4.000000 4.666667 5.000000
71.000000 35.000000 1.000000 1.666667 2.000000
71.000000 36.000000 0.000000 0.000000 0.000000
71.000000 37.000000 0.000000 0.000000 0.000000
71.000000 38.000000 0.000000 0.000000 0.000000
71.000000 39.000000 0.000000 0.000000 0.000000
71.000000 40.000000 0.000000 0.000000 0.000000
71.000000 41.000000 0.000000 0.000000 0.000000
71.000000 42.000000 0.000000 0.000000 0.000000
71.000000 43.000000 0.000000 0.000000 0.000000
71.000000 44.000000 0.000000 0.000000 0.000000
71.000000 45.000000 0.000000 0.000000 0.000000
71.000000 46.000000 0.000000 0.000000 0.000000
71.000000 47.000000 0.000000 0.000000 0.000000
71.000000 48.000000 0.000000 0.000000 0.000000
71.000000 49.000000 0.000000 0.000000 0.000000
72.000000 0.000000 0.000000 0.000000 0.000000
72.000000 1.000000 0.000000 0.000000 0.000000
72.000000 2.000000 0.000000 0.000000 0.000000
72.000000 3.000000 0.000000 0.000000 0.000000
72.000000 4.000000 0.000000 0.000000 0.000000
72.000000 5.000000 0.000000 0.000000 0.000000
72.000000 6.000000 0.000000 0.000000 0.000000
72.000000 7.000000 0.000000 0.000000 0.000000
72.000000 8.000000 0.000000 0.000000 0.000000
72.000000 9.000000 0.000000 0.000000 0.000000
72.000000 10.000000 0.000000 0.000000 0.000000
72.000000 11.000000 0.000000 0.000000 0.000000
72.000000 12.000000 0.000000 0.000000 0.000000
72.000000 13.000000 0.000000 0.000000 0.000000
72.000000 14.000000 0.000000 0.000000 0.000000
72.000000 15.000000 0.000000 0.000000 0.000000
72.000000 16.000000 0.000000 0.000000 0.000000
72.000000 17.000000 0.000000 0.000000 0.000000
72.000000 18.000000 0.000000 0.000000 0.000000
72.000000 19.000000 0.000000 0.000000 0.000000
72.000000 20.000000 0.000000 0.000000 0.000000
72.000000 21.000000 0.000000 0.000000 0.000000
72.000000 22.000000 0.000000 0.000000 0.000000
72.000000 23.000000 0.000000 0.000000 0.000000
72.000000 24.000000 0.000000 0.000000 0.000000
72.000000 25.000000 0.000000 0.000000 0.000000
72.000000 26.000000 0.000000 0.000000 0.000000
72.000000 27.000000 0.000000 0.000000 0.000000
72.000000 28.000000 0.000000 0.000000 0.000000
72.000000 29.000000 0.000000 0.000000 0.000000
72.000000 30.000000 0.000000 0.000000 0.000000
72.000000 31.000000 0.000000 0.000000 0.000000
72.000000 32.000000 0.000000 0.000000 0.000000
72.000000 33.000000 0.000000 0.000000 0.000000
72.000000 34.000000 0.000000 0.000000 0.000000
72.000000 35.000000 0.000000 0.000000 0.000000
72.000000 36.000000 0.000000 0.000000 0.000000
72.000000 37.000000 0.000000 0.000000 0.000000
72.000000 38.000000 0.000000 0.000000 0.000000
72.000000 39.000000 0.000000 0.000000 0.000000
72.000000 40.000000 0.000000 0.000000 0.000000
72.000000 41.000000 0.000000 0.000000 0.000000
72.000000 42.000000 0.000000 0.000000 0.000000
72.000000 43.000000 0.000000 0.000000 0.000000
72.000000 44.000000 0.000000 0.000000 0.000000
72.000000 45.000000 0.000000 0.000000 0.000000
72.000000 46.000000 0.000000 0.000000 0.000000
72.000000 47.000000 0.000000 0.000000 0.000000
72.000000 48.000000 0.000000 0.000000 0.000000
72.000000 49.000000 0.000000 0.000000 0.000000
73.000000 0.000000 0.000000 0.000000 0.000000
73.000000 1.000000 0.000000 0.000000 0.000000
73.000000 2.000000 0.000000 0.000000 0.000000
73.000000 3.000000 0.000000 0.000000 0.000000
73.000000 4.000000 0.000000 0.000000 0.000000
73.000000 5.000000 0.000000 0.000000 0.000000
73.000000 6.000000 0.000000 0.000000 0.000000
73.000000 7.000000 0.000000 0.000000 0.000000
73.000000 8.000000 0.000000 0.000000 0.000000
73.000000 9.000000 0.000000 0.000000 0.000000
73.000000 10.000000 0.000000 0.000000 0.000000
73.000000 11.000000 0.000000 0.000000 0.000000
73.000000 12.000000 0.000000 0.000000 0.000000
73.000000 13.000000 0.000000 0.000000 0.000000
73.000000 14.000000 0.000000 0.000000 0.000000
73.000000 15.000000 0.000000 0.000000 0.000000
73.000000 16.000000 0.000000 0.000000 0.000000
73.000000 17.000000 0.000000 0.000000 0.000000
73.000000 18.000000 0.000000 0.000000 0.000000
73.000000 19.000000 0.000000 0.000000 0.000000
73.000000 20.000000 0.000000 0.000000 0.000000
73.000000 21.000000 0.000000 0.000000 0.000000
73.000000 22.000000 0.000000 0.000000 0.000000
73.000000 23.000000 0.000000 0.000000 0.000000
73.000000 24.000000 0.000000 0.000000 0.000000
73.000000 25.000000 0.000000 0.000000 0.000000
73.000000 26.000000 0.000000 0.000000 0.000000
73.000000 27.000000 0.000000 0.000000 0.000000
73.000000 28.000000 0.000000 0.000000 0.000000
73.000000 29.000000 0.000000 0.000000 0.000000
73.000000 30.000000 0.000000 0.000000 0.000000
73.000000 31.000000 0.000000 0.000000 0.000000
73.000000 32.000000 0.000000 0.000000 0.000000
73.000000 33.000000 0.000000 0.000000 0.000000
73.000000 34.000000 0.000000 0.000000 0.000000
73.000000 35.000000 0.000000 0.000000 0.000000
73.000000 36.000000 0.000000 0.000000 0.000000
73.000000 37.000000 0.000000 0.000000 0.000000
73.000000 38.000000 0.000000 0.000000 0.000000
73.000000 39.000000 0.000000 0.000000 0.000000
73.000000 40.000000 0.000000 0.000000 0.000000
73.000000 41.000000 0.000000 0.000000 0.000000
73.000000 42.000000 0.000000 0.000000 0.000000
73.000000 43.000000 0.000000 0.000000 0.000000
73.000000 44.000000 0.000000 0.000000 0.000000
73.000000 45.000000 0.000000 0.000000 0.000000
73.000000 46.000000 0.000000 0.000000 0.000000
73.000000 47.000000 0.000000 0.000000 0.000000
73.000000 48.000000 0.000000 0.000000 0.000000
73.000000 49.000000 0.000000 0.000000 0.000000
74.000000 0.000000 0.000000 0.000000 0.000000
74.000000 1.000000 0.000000 0.000000 0.000000
74.000000 2.000000 0.000000 0.000000 0.000000
74.000000 3.000000 0.000000 0.000000 0.000000
74.000000 4.000000 0.000000 0.000000 0.000000
74.000000 5.000000 0.000000 0.000000 0.000000
74.000000 6.000000 0.000000 0.000000 0.000000
74.000000 7.000000 0.000000 0.000000 0.000000
74.000000 8.000000 0.000000 0.000000 0.000000
74.000000 9.000000 0.000000 0.000000 0.000000
74.000000 10.000000 0.000000 0.000000 0.000000
74.000000 11.000000 0.000000 0.000000 0.000000
74.000000 12.000000 0.000000 0.000000 0.000000
74.000000 13.000000 0.000000 0.000000 0.000000
74.000000 14.000000 0.000000 0.000000 0.000000
74.000000 15.000000 0.000000 0.000000 0.000000
74.000000 16.000000 0.000000 0.000000 0.000000
74.000000 17.000000 0.000000 0.000000 0.000000
74.000000 18.000000 0.000000 0.000000 0.000000
74.000000 19.000000 1.000000 0.333333 1.000000
74.000000 20.000000 15.000000 7.333333 15.000000
74.000000 21.000000 21.000000 20.000000 21.000000
74.000000 22.000000 18.000000 21.333334 23.000000
74.000000 23.000000 16.000000 16.666666 17.000000
74.000000 24.000000 21.000000 21.666666 23.000000
74.000000 25.000000 51.000000 39.000000 51.000000
74.000000 26.000000 73.000000 73.666664 74.000000
74.000000 27.000000 72.000000 74.000000 79.000000
74.000000 28.000000 60.000000 61.333332 65.000000
74.000000 29.000000 48.000000 52.333332 56.000000
74.000000 30.000000 56.000000 44.666668 56.000000
74.000000 31.000000 74.000000 70.000000 75.000000
74.000000 32.000000 73.000000 76.666664 81.000000
74.000000 33.000000 52.000000 58.000000 64.000000
74.000000 34.000000 39.000000 39.333332 44.000000
74.000000 35.000000 32.000000 34.333332 36.000000
74.000000 36.000000 26.000000 26.333334 28.000000
74.000000 37.000000 22.000000 24.000000 26.000000
74.000000 38.000000 15.000000 17.000000 19.000000
74.000000 39.000000 12.000000 12.333333 13.000000
74.000000 40.000000 12.000000 12.000000 12.000000
74.000000 41.000000 12.000000 13.333333 14.000000
74.000000 42.000000 11.000000 10.333333 11.000000
74.000000 43.000000 2.000000 5.666667 8.000000
74.000000 44.000000 2.000000 2.000000 2.000000
74.000000 45.000000 0.000000 0.666667 1.000000
74.000000 46.000000 2.000000 0.666667 2.000000
74.000000 47.000000 7.000000 4.666667 7.000000
74.000000 48.000000 7.000000 7.333333 8.000000
74.000000 49.000000 16.000000 13.000000 16.000000
75.000000 0.000000 0.000000 0.000000 0.000000
75.000000 1.000000 0.000000 0.000000 0.000000
75.000000 2.000000 0.000000 0.000000 0.000000
75.000000 3.000000 0.000000 0.000000 0.000000
75.000000 4.000000 0.000000 0.000000 0.000000
75.000000 5.000000 0.000000 0.000000 0.000000
75.000000 6.000000 0.000000 0.000000 0.000000
75.000000 7.000000 0.000000 0.000000 0.000000
75.000000 8.000000 0.000000 0.000000 0.000000
75.000000 9.000000 0.000000 0.000000 0.000000
75.000000 10.000000 0.000000 0.000000 0.000000
75.000000 11.000000 0.000000 0.000000 0.000000
75.000000 12.000000 0.000000 0.000000 0.000000
75.000000 13.000000 0.000000 0.000000 0.000000
75.000000 14.000000 0.000000 0.000000 0.000000
75.000000 15.000000 0.000000 0.000000 0.000000
75.000000 16.000000 0.000000 0.000000 0.000000
75.000000 17.000000 0.000000 0.000000 0.000000
75.000000 18.000000 0.000000 0.000000 0.000000
75.000000 19.000000 0.000000 0.000000 0.000000
75.000000 20.000000 0.000000 0.000000 0.000000
75.000000 21.000000 0.000000 0.000000 0.000000
75.000000 22.000000 0.000000 0.000000 0.000000
75.000000 23.000000 0.000000 0.000000 0.000000
75.000000 24.000000 0.000000 0.000000 0.000000
75.000000 25.000000 0.000000 0.000000 0.000000
75.000000 26.000000 0.000000 0.000000 0.000000
75.000000 27.000000 0.000000 0.000000 0.000000
75.000000 28.000000 0.000000 0.000000 0.000000
75.000000 29.000000 0.000000 0.000000 0.000000
75.000000 30.000000 0.000000 0.000000 0.000000
75.000000 31.000000 0.000000 0.000000 0.000000
75.000000 32.000000 0.000000 0.000000 0.000000
75.000000 33.000000 0.000000 0.000000 0.000000
75.000000 34.000000 0.000000 0.000000 0.000000
75.000000 35.000000 0.000000 0.000000 0.000000
75.000000 36.000000 0.000000 0.000000 0.000000
75.000000 37.000000 0.000000 0.000000 0.000000
75.000000 38.000000 0.000000 0.000000 0.000000
75.000000 39.000000 0.000000 0.000000 0.000000
75.000000 40.000000 0.000000 0.000000 0.000000
75.000000 41.000000 0.000000 0.000000 0.000000
75.000000 42.000000 0.000000 0.000000 0.000000
75.000000 43.000000 0.000000 0.000000 0.000000
75.000000 44.000000 0.000000 0.000000 0.000000
75.000000 45.000000 0.000000 0.000000 0.000000
75.000000 46.000000 0.000000 0.000000 0.000000
75.000000 47.000000 0.000000 0.000000 0.000000
75.000000 48.000000 0.000000 0.000000 0.000000
75.000000 49.000000 0.000000 0.000000 0.000000
76.000000 0.000000 0.000000 0.000000 0.000000
76.000000 1.000000 0.000000 0.000000 0.000000
76.000000 2.000000 0.000000 0.000000 0.000000
76.000000 3.000000 0.000000 0.000000 0.000000
76.000000 4.000000 0.000000 0.000000 0.000000
76.000000 5.000000 0.000000 0.000000 0.000000
76.000000 6.000000 0.000000 0.000000 0.000000
76.000000 7.000000 0.000000 0.000000 0.000000
76.000000 8.000000 0.000000 0.000000 0.000000
76.000000 9.000000 14.000000 7.000000 14.000000
76.000000 10.000000 38.000000 28.333334 38.000000
76.000000 11.000000 94.000000 73.666664 94.000000
76.000000 12.000000 111.000000 111.333336 118.000000
76.000000 13.000000 79.000000 90.000000 96.000000
76.000000 14.000000 52.000000 57.000000 61.000000
76.000000 15.000000 98.000000 71.333336 98.000000
76.000000 16.000000 134.000000 125.000000 134.000000
76.000000 17.000000 109.000000 119.333336 125.000000
76.000000 18.000000 77.000000 88.333336 99.000000
76.000000 19.000000 59.000000 61.333332 66.000000
76.000000 20.000000 40.000000 45.000000 48.000000
76.000000 21.000000 21.000000 24.666666 27.000000
76.000000 22.000000 16.000000 17.000000 18.000000
76.000000 23.000000 15.000000 15.666667 17.000000
76.000000 24.000000 16.000000 14.666667 16.000000
76.000000 25.000000 10.000000 12.333333 14.000000
76.000000 26.000000 2.000000 4.000000 6.000000
76.000000 27.000000 2.000000 2.000000 2.000000
76.000000 28.000000 0.000000 0.000000 0.000000
76.000000 29.000000 0.000000 0.000000 0.000000
76.000000 30.000000 1.000000 1.000000 1.000000
76.000000 31.000000 3.000000 2.333333 3.000000
76.000000 32.000000 3.000000 2.666667 3.000000
76.000000 33.000000 10.000000 8.666667 10.000000
76.000000 34.000000 20.000000 14.666667 20.000000
76.000000 35.000000 26.000000 25.000000 28.000000
76.000000 36.000000 23.000000 24.333334 26.000000
76.000000 37.000000 19.000000 19.333334 21.000000
76.000000 38.000000 13.000000 18.000000 23.000000
76.000000 39.000000 7.000000 10.000000 13.000000
76.000000 40.000000 1.000000 2.666667 5.000000
76.000000 41.000000 0.000000 0.333333 1.000000
76.000000 42.000000 0.000000 0.000000 0.000000
76.000000 43.000000 0.000000 0.000000 0.000000
76.000000 44.000000 0.000000 0.000000 0.000000
76.000000 45.000000 0.000000 0.000000 0.000000
76.000000 46.000000 0.000000 0.000000 0.000000
76.000000 47.000000 0.000000 0.000000 0.000000
76.000000 48.000000 0.000000 0.000000 0.000000
76.000000 49.000000 0.000000 0.000000 0.000000
77.000000 0.000000 0.000000 0.000000 0.000000
77.000000 1.000000 0.000000 0.000000 0.000000
77.000000 2.000000 0.000000 0.000000 0.000000
77.000000 3.000000 0.000000 0.000000 0.000000
77.000000 4.000000 0.000000 0.000000 0.000000
77.000000 5.000000 0.000000 0.000000 0.000000
77.000000 6.000000 0.000000 0.000000 0.000000
77.000000 7.000000 0.000000 0.000000 0.000000
77.000000 8.000000 0.000000 0.000000 0.000000
77.000000 9.000000 0.000000 0.000000 0.000000
77.000000 10.000000 0.000000 0.000000 0.000000
77.000000 11.000000 0.000000 0.000000 0.000000
77.000000 12.000000 0.000000 0.000000 0.000000
77.000000 13.000000 0.000000 0.000000 0.000000
77.000000 14.000000 9.000000 5.000000 9.000000
77.000000 15.000000 27.000000 19.333334 27.000000
77.000000 16.000000 50.000000 41.000000 50.000000
77.000000 17.000000 107.000000 89.666664 107.000000
77.000000 18.000000 125.000000 124.333336 131.000000
77.000000 19.000000 76.000000 94.333336 109.000000
77.000000 20.000000 104.000000 91.000000 104.000000
77.000000 21.000000 115.000000 112.666664 124.000000
77.000000 22.000000 111.000000 115.666664 129.000000
77.000000 23.000000 88.000000 94.000000 99.000000
77.000000 24.000000 64.000000 69.000000 72.000000
77.000000 25.000000 34.000000 39.666668 47.000000
77.000000 26.000000 27.000000 28.000000 29.000000
77.000000 27.000000 16.000000 17.666666 21.000000
77.000000 28.000000 18.000000 16.000000 18.000000
77.000000 29.000000 26.000000 21.000000 26.000000
77.000000 30.000000 27.000000 25.666666 27.000000
77.000000 31.000000 16.000000 18.666666 22.000000
77.000000 32.000000 12.000000 14.000000 18.000000
77.000000 33.000000 13.000000 11.333333 13.000000
77.000000 34.000000 10.000000 11.000000 12.000000
77.000000 35.000000 4.000000 5.333333 7.000000
77.000000 36.000000 1.000000 1.333333 2.000000
77.000000 37.000000 10.000000 6.000000 10.000000
77.000000 38.000000 14.000000 13.000000 15.000000
77.000000 39.000000 9.000000 11.666667 14.000000
77.000000 40.000000 12.000000 10.000000 12.000000
77.000000 41.000000 4.000000 7.666667 11.000000
77.000000 42.000000 2.000000 2.666667 3.000000
77.000000 43.000000 1.000000 0.666667 1.000000
77.000000 44.000000 2.000000 2.000000 2.000000
77.000000 45.000000 1.000000 1.666667 2.000000
77.000000 46.000000 0.000000 0.333333 1.000000
77.000000 47.000000 0.000000 0.000000 0.000000
77.000000 48.000000 0.000000 0.000000 0.000000
77.000000 49.000000 0.000000 0.000000 0.000000
78.000000 0.000000 0.000000 0.000000 0.000000
78.000000 1.000000 0.000000 0.000000 0.000000
78.000000 2.000000 0.000000 0.000000 0.000000
78.000000 3.000000 0.000000 0.000000 0.000000
78.000000 4.000000 0.000000 0.000000 0.000000
78.000000 5.000000 0.000000 0.000000 0.000000
78.000000 6.000000 0.000000 0.000000 0.000000
78.000000 7.000000 0.000000 0.000000 0.000000
78.000000 8.000000 0.000000 0.000000 0.000000
78.000000 9.000000 0.000000 0.000000 0.000000
78.000000 10.000000 0.000000 0.000000 0.000000
78.000000 11.000000 0.000000 0.000000 0.000000
78.000000 12.000000 0.000000 0.000000 0.000000
78.000000 13.000000 0.000000 0.000000 0.000000
78.000000 14.000000 0.000000 0.000000 0.000000
78.000000 15.000000 0.000000 0.000000 0.000000
78.000000 16.000000 0.000000 0.000000 0.000000
78.000000 17.000000 0.000000 0.000000 0.000000
78.000000 18.000000 0.000000 0.000000 0.000000
78.000000 19.000000 0.000000 0.000000 0.000000
78.000000 20.000000 0.000000 0.000000 0.000000
78.000000 21.000000 0.000000 0.000000 0.000000
78.000000 22.000000 0.000000 0.000000 0.000000
78.000000 23.000000 0.000000 0.000000 0.000000
78.000000 24.000000 0.000000 0.000000 0.000000
78.000000 25.000000 0.000000 0.000000 0.000000
78.000000 26.000000 0.000000 0.000000 0.000000
78.000000 27.000000 0.000000 0.000000 0.000000
78.000000 28.000000 0.000000 0.000000 0.000000
78.000000 29.000000 0.000000 0.000000 0.000000
78.000000 30.000000 0.000000 0.000000 0.000000
78.000000 31.000000 0.000000 0.000000 0.000000
78.000000 32.000000 0.000000 0.000000 0.000000
78.000000 33.000000 0.000000 0.000000 0.000000
78.000000 34.000000 0.000000 0.000000 0.000000
78.000000 35.000000 0.000000 0.000000 0.000000
78.000000 36.000000 0.000000 0.000000 0.000000
78.000000 37.000000 0.000000 0.000000 0.000000
78.000000 38.000000 0.000000 0.000000 0.000000
78.000000 39.000000 0.000000 0.000000 0.000000
78.000000 40.000000 0.000000 0.000000 0.000000
78.000000 41.000000 0.000000 0.000000 0.000000
78.000000 42.000000 0.000000 0.000000 0.000000
78.000000 43.000000 0.000000 0.000000 0.000000
78.000000 44.000000 0.000000 0.000000 0.000000
78.000000 45.000000 0.000000 0.000000 0.000000
78.000000 46.000000 0.000000 0.000000 0.000000
78.000000 47.000000 0.000000 0.000000 0.000000
78.000000 48.000000 0.000000 0.000000 0.000000
78.000000 49.000000 0.000000 0.000000 0.000000
79.000000 0.000000 0.000000 0.000000 0.000000
79.000000 1.000000 0.000000 0.000000 0.000000
79.000000 2.000000 0.000000 0.000000 0.000000
79.000000 3.000000 0.000000 0.000000 0.000000
79.000000 4.000000 0.000000 0.000000 0.000000
79.000000 5.000000 0.000000 0.000000 0.000000
79.000000 6.000000 0.000000 0.000000 0.000000
79.000000 7.000000 0.000000 0.000000 0.000000
79.000000 8.000000 0.000000 0.000000 0.000000
79.000000 9.000000 0.000000 0.000000 0.000000
79.000000 10.000000 0.000000 0.000000 0.000000
79.000000 11.000000 0.000000 0.000000 0.000000
79.000000 12.000000 0.000000 0.000000 0.000000
79.000000 13.000000 0.000000 0.000000 0.000000
79.000000 14.000000 0.000000 0.000000 0.000000
79.000000 15.000000 0.000000 0.000000 0.000000
79.000000 16.000000 0.000000 0.000000 0.000000
79.000000 17.000000 0.000000 0.000000 0.000000
79.000000 18.000000 0.000000 0.000000 0.000000
79.000000 19.000000 0.000000 0.000000 0.000000
79.000000 20.000000 0.000000 0.000000 0.000000
79.000000 21.000000 0.000000 0.000000 0.000000
79.000000 22.000000 0.000000 0.000000 0.000000
79.000000 23.000000 0.000000 0.000000 0.000000
79.000000 24.000000 0.000000 0.000000 0.000000
79.000000 25.000000 0.000000 0.000000 0.000000
79.000000 26.000000 0.000000 0.000000 0.000000
79.000000 27.000000 0.000000 0.000000 0.000000
79.000000 28.000000 0.000000 0.000000 0.000000
79.000000 29.000000 0.000000 0.000000 0.000000
79.000000 30.000000 0.000000 0.000000 0.000000
79.000000 31.000000 0.000000 0.000000 0.000000
79.000000 32.000000 0.000000 0.000000 0.000000
79.000000 33.000000 0.000000 0.000000 0.000000
79.000000 34.000000 0.000000 0.000000 0.000000
79.000000 35.000000 0.000000 0.000000 0.000000
79.000000 36.000000 0.000000 0.000000 0.000000
79.000000 37.000000 0.000000 0.000000 0.000000
79.000000 38.000000 0.000000 0.000000 0.000000
79.000000 39.000000 0.000000 0.000000 0.000000
79.000000 40.000000 0.000000 0.000000 0.000000
79.000000 41.000000 0.000000 0.000000 0.000000
79.000000 42.000000 0.000000 0.000000 0.000000
79.000000 43.000000 0.000000 0.000000 0.000000
79.000000 44.000000 0.000000 0.000000 0.000000
79.000000 45.000000 0.000000 0.000000 0.000000
79.000000 46.000000 0.000000 0.000000 0.000000
79.000000 47.000000 0.000000 0.000000 0.000000
79.000000 48.000000 0.000000 0.000000 0.000000
79.000000 49.000000 0.000000 0.000000 0.000000
80.000000 0.000000 0.000000 0.000000 0.000000
80.000000 1.000000 0.000000 0.000000 0.000000
80.000000 2.000000 0.000000 0.000000 0.000000
80.000000 3.000000 0.000000 0.000000 0.000000
80.000000 4.000000 0.000000 0.000000 0.000000
80.000000 5.000000 0.000000 0.000000 0.000000
80.000000 6.000000 2.000000 1.000000 2.000000
80.000000 7.000000 23.000000 16.000000 23.000000
80.000000 8.000000 101.000000 63.666668 101.000000
80.000000 9.000000 159.000000 139.000000 159.000000
80.000000 10.000000 122.000000 139.666672 155.000000
80.000000 11.000000 155.000000 162.333328 168.000000
80.000000 12.000000 117.000000 133.000000 147.000000
80.000000 13.000000 65.000000 81.333336 95.000000
80.000000 14.000000 52.000000 56.666668 60.000000
80.000000 15.000000 32.000000 36.666668 39.000000
80.000000 16.000000 26.000000 26.333334 27.000000
80.000000 17.000000 19.000000 20.333334 22.000000
80.000000 18.000000 17.000000 18.000000 19.000000
80.000000 19.000000 20.000000 18.333334 20.000000
80.000000 20.000000 14.000000 17.000000 19.000000
80.000000 21.000000 10.000000 11.000000 12.000000
80.000000 22.000000 14.000000 12.333333 14.000000
80.000000 23.000000 10.000000 13.000000 15.000000
80.000000 24.000000 11.000000 9.333333 11.000000
80.000000 25.000000 15.000000 14.000000 15.000000
80.000000 26.000000 6.000000 8.000000 10.000000
80.000000 27.000000 4.000000 4.333333 5.000000
80.000000 28.000000 14.000000 9.666667 14.000000
80.000000 29.000000 36.000000 29.333334 36.000000
80.000000 30.000000 37.000000 39.333332 41.000000
80.000000 31.000000 24.000000 28.666666 34.000000
80.000000 32.000000 18.000000 17.666666 19.000000
80.000000 33.000000 24.000000 21.000000 24.000000
80.000000 34.000000 23.000000 22.333334 23.000000
80.000000 35.000000 20.000000 19.000000 20.000000
80.000000 36.000000 20.000000 19.000000 20.000000
80.000000 37.000000 18.000000 17.000000 18.000000
80.000000 38.000000 16.000000 17.666666 19.000000
80.000000 39.000000 10.000000 11.666667 13.000000
80.000000 40.000000 2.000000 4.666667 8.000000
80.000000 41.000000 1.000000 1.666667 2.000000
80.000000 42.000000 4.000000 2.333333 4.000000
80.000000 43.000000 13.000000 8.666667 13.000000
80.000000 44.000000 18.000000 16.666666 18.000000
80.000000 45.000000 20.000000 22.000000 24.000000
80.000000 46.000000 28.000000 27.333334 28.000000
80.000000 47.000000 27.000000 26.333334 27.000000
80.000000 48.000000 28.000000 25.666666 28.000000
80.000000 49.000000 32.000000 30.333334 35.000000
81.000000 0.000000 0.000000 0.000000 0.000000
81.000000 1.000000 0.000000 0.000000 0.000000
81.000000 2.000000 0.000000 0.000000 0.000000
81.000000 3.000000 0.000000 0.000000 0.000000
81.000000 4.000000 0.000000 0.000000 0.000000
81.000000 5.000000 0.000000 0.000000 0.000000
81.000000 6.000000 0.000000 0.000000 0.000000
81.000000 7.000000 0.000000 0.000000 0.000000
81.000000 8.000000 17.000000 8.333333 17.000000
81.000000 9.000000 45.000000 37.666668 45.000000
81.000000 10.000000 79.000000 67.666664 79.000000
81.000000 11.000000 112.000000 98.333336 112.000000
81.000000 12.000000 104.000000 107.000000 111.000000
81.000000 13.000000 110.000000 89.000000 110.000000
81.000000 14.000000 147.000000 142.333328 152.000000
81.000000 15.000000 134.000000 142.666672 152.000000
81.000000 16.000000 100.000000 103.666664 106.000000
81.000000 17.000000 66.000000 77.666664 88.000000
81.000000 18.000000 38.000000 49.666668 59.000000
81.000000 19.000000 24.000000 24.666666 26.000000
81.000000 20.000000 14.000000 17.000000 19.000000
81.000000 21.000000 7.000000 9.666667 13.000000
81.000000 22.000000 4.000000 5.333333 7.000000
81.000000 23.000000 2.000000 2.333333 3.000000
81.000000 24.000000 1.000000 1.333333 2.000000
81.000000 25.000000 0.000000 0.666667 1.000000
81.000000 26.000000 0.000000 0.000000 0.000000
81.000000 27.000000 5.000000 3.333333 5.000000
81.000000 28.000000 21.000000 15.666667 21.000000
81.000000 29.000000 32.000000 28.000000 32.000000
81.000000 30.000000 30.000000 30.000000 31.000000
81.000000 31.000000 25.000000 27.000000 29.000000
81.000000 32.000000 21.000000 24.333334 28.000000
81.000000 33.000000 20.000000 19.333334 20.000000
81.000000 34.000000 16.000000 15.333333 16.000000
81.000000 35.000000 14.000000 15.333333 17.000000
81.000000 36.000000 12.000000 13.666667 15.000000
81.000000 37.000000 9.000000 10.333333 11.000000
81.000000 38.000000 8.000000 8.000000 8.000000
81.000000 39.000000 6.000000 6.333333 7.000000
81.000000 40.000000 6.000000 6.000000 6.000000
81.000000 41.000000 16.000000 11.333333 16.000000
81.000000 42.000000 20.000000 18.666666 20.000000
81.000000 43.000000 16.000000 18.666666 20.000000
81.000000 44.000000 9.000000 10.000000 11.000000
81.000000 45.000000 1.000000 3.333333 6.000000
81.000000 46.000000 0.000000 0.000000 0.000000
81.000000 47.000000 0.000000 0.000000 0.000000
81.000000 48.000000 0.000000 0.000000 0.000000
81.000000 49.000000 0.000000 0.000000 0.000000
82.000000 0.000000 0.000000 0.000000 0.000000
82.000000 1.000000 0.000000 0.000000 0.000000
82.000000 2.000000 0.000000 0.000000 0.000000
82.000000 3.000000 0.000000 0.000000 0.000000
82.000000 4.000000 0.000000 0.000000 0.000000
82.000000 5.000000 0.000000 0.000000 0.000000
82.000000 6.000000 0.000000 0.000000 0.000000
82.000000 7.000000 0.000000 0.000000 0.000000
82.000000 8.000000 0.000000 0.000000 0.000000
82.000000 9.000000 0.000000 0.000000 0.000000
82.000000 10.000000 0.000000 0.000000 0.000000
82.000000 11.000000 0.000000 0.000000 0.000000
82.000000 12.000000 0.000000 0.000000 0.000000
82.000000 13.000000 0.000000 0.000000 0.000000
82.000000 14.000000 16.000000 8.666667 16.000000
82.000000 15.000000 64.000000 47.666668 64.000000
82.000000 16.000000 199.000000 143.666672 199.000000
82.000000 17.000000 235.000000 226.666672 235.000000
82.000000 18.000000 204.000000 221.000000 236.000000
82.000000 19.000000 145.000000 165.666672 183.000000
82.000000 20.000000 66.000000 93.333336 117.000000
82.000000 21.000000 23.000000 34.666668 49.000000
82.000000 22.000000 13.000000 14.000000 16.000000
82.000000 23.000000 10.000000 11.000000 13.000000
82.000000 24.000000 3.000000 5.000000 7.000000
82.000000 25.000000 0.000000 0.333333 1.000000
82.000000 26.000000 0.000000 0.000000 0.000000
82.000000 27.000000 0.000000 0.000000 0.000000
82.000000 28.000000 1.000000 0.666667 1.000000
82.000000 29.000000 23.000000 13.666667 23.000000
82.000000 30.000000 43.000000 37.666668 43.000000
82.000000 31.000000 39.000000 42.000000 44.000000
82.000000 32.000000 40.000000 38.333332 41.000000
82.000000 33.000000 30.000000 35.000000 39.000000
82.000000 34.000000 26.000000 26.666666 30.000000
82.000000 35.000000 17.000000 18.000000 19.000000
82.000000 36.000000 9.000000 13.333333 17.000000
82.000000 37.000000 3.000000 5.000000 7.000000
82.000000 38.000000 1.000000 1.666667 2.000000
82.000000 39.000000 0.000000 0.333333 1.000000
82.000000 40.000000 2.000000 1.000000 2.000000
82.000000 41.000000 2.000000 2.000000 2.000000
82.000000 42.000000 1.000000 1.666667 2.000000
82.000000 43.000000 4.000000 2.000000 4.000000
82.000000 44.000000 12.000000 8.000000 12.000000
82.000000 45.000000 16.000000 16.000000 16.000000
82.000000 46.000000 13.000000 15.000000 16.000000
82.000000 47.000000 2.000000 6.666667 11.000000
82.000000 48.000000 0.000000 0.333333 1.000000
82.000000 49.000000 0.000000 0.000000 0.000000
83.000000 0.000000 0.000000 0.000000 0.000000
83.000000 1.000000 0.000000 0.000000 0.000000
83.000000 2.000000 0.000000 0.000000 0.000000
83.000000 3.000000 0.000000 0.000000 0.000000
83.000000 4.000000 0.000000 0.000000 0.000000
83.000000 5.000000 0.000000 0.000000 0.000000
83.000000 6.000000 0.000000 0.000000 0.000000
83.000000 7.000000 0.000000 0.000000 0.000000
83.000000 8.000000 0.000000 0.000000 0.000000
83.000000 9.000000 0.000000 0.000000 0.000000
83.000000 10.000000 0.000000 0.000000 0.000000
83.000000 11.000000 4.000000 2.000000 4.000000
83.000000 12.000000 19.000000 13.333333 19.000000
83.000000 13.000000 52.000000 40.000000 52.000000
83.000000 14.000000 77.000000 65.000000 77.000000
83.000000 15.000000 93.000000 88.666664 98.000000
83.000000 16.000000 75.000000 79.000000 82.000000
83.000000 17.000000 37.000000 49.333332 64.000000
83.000000 18.000000 31.000000 33.000000 36.000000
83.000000 19.000000 48.000000 43.666668 51.000000
83.000000 20.000000 51.000000 50.333332 56.000000
83.000000 21.000000 63.000000 61.333332 64.000000
83.000000 22.000000 55.000000 55.333332 60.000000
83.000000 23.000000 59.000000 57.333332 63.000000
83.000000 24.000000 63.000000 59.666668 64.000000
83.000000 25.000000 63.000000 61.000000 65.000000
83.000000 26.000000 65.000000 61.666668 65.000000
83.000000 27.000000 50.000000 54.666668 58.000000
83.000000 28.000000 36.000000 38.000000 39.000000
83.000000 29.000000 30.000000 32.000000 35.000000
83.000000 30.000000 32.000000 29.666666 32.000000
83.000000 31.000000 29.000000 30.333334 34.000000
83.000000 32.000000 27.000000 27.000000 29.000000
83.000000 33.000000 31.000000 26.000000 31.000000
83.000000 34.000000 31.000000 28.666666 31.000000
83.000000 35.000000 21.000000 24.333334 29.000000
83.000000 36.000000 27.000000 25.333334 27.000000
83.000000 37.000000 13.000000 18.333334 22.000000
83.000000 38.000000 22.000000 16.000000 22.000000
83.000000 39.000000 30.000000 27.000000 30.000000
83.000000 40.000000 42.000000 36.333332 42.000000
83.000000 41.000000 25.000000 32.000000 37.000000
83.000000 42.000000 18.000000 21.000000 24.000000
83.000000 43.000000 12.000000 13.000000 14.000000
83.000000 44.000000 9.000000 9.000000 10.000000
83.000000 45.000000 6.000000 6.666667 8.000000
83.000000 46.000000 3.000000 3.000000 3.000000
83.000000 47.000000 1.000000 1.666667 3.000000
83.000000 48.000000 2.000000 2.666667 3.000000
83.000000 49.000000 3.000000 3.000000 3.000000
84.000000 0.000000 0.000000 0.000000 0.000000
84.000000 1.000000 0.000000 0.000000 0.000000
84.000000 2.000000 0.000000 0.000000 0.000000
84.000000 3.000000 0.000000 0.000000 0.000000
84.000000 4.000000 0.000000 0.000000 0.000000
84.000000 5.000000 0.000000 0.000000 0.000000
84.000000 6.000000 0.000000 0.000000 0.000000
84.000000 7.000000 0.000000 0.000000 0.000000
84.000000 8.000000 0.000000 0.000000 0.000000
84.000000 9.000000 0.000000 0.000000 0.000000
84.000000 10.000000 0.000000 0.000000 0.000000
84.000000 11.000000 0.000000 0.000000 0.000000
84.000000 12.000000 0.000000 0.000000 0.000000
84.000000 13.000000 0.000000 0.000000 0.000000
84.000000 14.000000 3.000000 1.666667 3.000000
84.000000 15.000000 4.000000 4.000000 4.000000
84.000000 16.000000 9.000000 7.333333 9.000000
84.000000 17.000000 16.000000 14.000000 16.000000
84.000000 18.000000 34.000000 29.000000 34.000000
84.000000 19.000000 32.000000 33.333332 34.000000
84.000000 20.000000 42.000000 35.333332 42.000000
84.000000 21.000000 45.000000 44.666668 49.000000
84.000000 22.000000 56.000000 53.000000 56.000000
84.000000 23.000000 62.000000 63.333332 66.000000
84.000000 24.000000 45.000000 49.000000 54.000000
84.000000 25.000000 39.000000 38.666668 41.000000
84.000000 26.000000 37.000000 36.333332 42.000000
84.000000 27.000000 55.000000 48.333332 58.000000
84.000000 28.000000 72.000000 62.666668 72.000000
84.000000 29.000000 96.000000 93.000000 98.000000
84.000000 30.000000 91.000000 93.333336 99.000000
84.000000 31.000000 105.000000 101.000000 105.000000
84.000000 32.000000 99.000000 104.000000 109.000000
84.000000 33.000000 75.000000 83.000000 88.000000
84.000000 34.000000 64.000000 66.333336 70.000000
84.000000 35.000000 34.000000 43.000000 52.000000
84.000000 36.000000 18.000000 22.333334 26.000000
84.000000 37.000000 19.000000 19.000000 21.000000
84.000000 38.000000 23.000000 21.000000 23.000000
84.000000 39.000000 18.000000 18.666666 21.000000
84.000000 40.000000 15.000000 15.333333 17.000000
84.000000 41.000000 9.000000 12.000000 16.000000
84.000000 42.000000 7.000000 7.666667 9.000000
84.000000 43.000000 4.000000 6.000000 7.000000
84.000000 44.000000 4.000000 4.666667 6.000000
84.000000 45.000000 3.000000 3.000000 3.000000
84.000000 46.000000 6.000000 5.666667 6.000000
84.000000 47.000000 6.000000 6.666667 8.000000
84.000000 48.000000 4.000000 4.666667 5.000000
84.000000 49.000000 3.000000 3.333333 4.000000
85.000000 0.000000 0.000000 0.000000 0.000000
85.000000 1.000000 0.000000 0.000000 0.000000
85.000000 2.000000 0.000000 0.000000 0.000000
85.000000 3.000000 0.000000 0.000000 0.000000
85.000000 4.000000 0.000000 0.000000 0.000000
85.000000 5.000000 0.000000 0.000000 0.000000
85.000000 6.000000 0.000000 0.000000 0.000000
85.000000 7.000000 0.000000 0.000000 0.000000
85.000000 8.000000 0.000000 0.000000 0.000000
85.000000 9.000000 0.000000 0.000000 0.000000
85.000000 10.000000 0.000000 0.000000 0.000000
85.000000 11.000000 0.000000 0.000000 0.000000
85.000000 12.000000 0.000000 0.000000 0.000000
85.000000 13.000000 0.000000 0.000000 0.000000
85.000000 14.000000 0.000000 0.000000 0.000000
85.000000 15.000000 0.000000 0.000000 0.000000
85.000000 16.000000 0.000000 0.000000 0.000000
85.000000 17.000000 0.000000 0.000000 0.000000
85.000000 18.000000 0.000000 0.000000 0.000000
85.000000 19.000000 0.000000 0.000000 0.000000
85.000000 20.000000 0.000000 0.000000 0.000000
85.000000 21.000000 0.000000 0.000000 0.000000
85.000000 22.000000 0.000000 0.000000 0.000000
85.000000 23.000000 0.000000 0.000000 0.000000
85.000000 24.000000 0.000000 0.000000 0.000000
85.000000 25.000000 0.000000 0.000000 0.000000
85.000000 26.000000 0.000000 0.000000 0.000000
85.000000 27.000000 0.000000 0.000000 0.000000
85.000000 28.000000 0.000000 0.000000 0.000000
85.000000 29.000000 0.000000 0.000000 0.000000
85.000000 30.000000 0.000000 0.000000 0.000000
85.000000 31.000000 0.000000 0.000000 0.000000
85.000000 32.000000 0.000000 0.000000 0.000000
85.000000 33.000000 0.000000 0.000000 0.000000
85.000000 34.000000 0.000000 0.000000 0.000000
85.000000 35.000000 0.000000 0.000000 0.000000
85.000000 36.000000 0.000000 0.000000 0.000000
85.000000 37.000000 0.000000 0.000000 0.000000
85.000000 38.000000 0.000000 0.000000 0.000000
85.000000 39.000000 0.000000 0.000000 0.000000
85.000000 40.000000 0.000000 0.000000 0.000000
85.000000 41.000000 0.000000 0.000000 0.000000
85.000000 42.000000 0.000000 0.000000 0.000000
85.000000 43.000000 0.000000 0.000000 0.000000
85.000000 44.000000 0.000000 0.000000 0.000000
85.000000 45.000000 0.000000 0.000000 0.000000
85.000000 46.000000 0.000000 0.000000 0.000000
85.000000 47.000000 0.000000 0.000000 0.000000
85.000000 48.000000 0.000000 0.000000 0.000000
85.000000 49.000000 0.000000 0.000000 0.000000
86.000000 0.000000 0.000000 0.000000 0.000000
86.000000 1.000000 0.000000 0.000000 0.000000
86.000000 2.000000 0.000000 0.000000 0.000000
86.000000 3.000000 0.000000 0.000000 0.000000
86.000000 4.000000 0.000000 0.000000 0.000000
86.000000 5.000000 0.000000 0.000000 0.000000
86.000000 6.000000 0.000000 0.000000 0.000000
86.000000 7.000000 0.000000 0.000000 0.000000
86.000000 8.000000 0.000000 0.000000 0.000000
86.000000 9.000000 0.000000 0.000000 0.000000
86.000000 10.000000 0.000000 0.000000 0.000000
86.000000 11.000000 0.000000 0.000000 0.000000
86.000000 12.000000 0.000000 0.000000 0.000000
86.000000 13.000000 0.000000 0.000000 0.000000
86.000000 14.000000 0.000000 0.000000 0.000000
86.000000 15.000000 0.000000 0.000000 0.000000
86.000000 16.000000 0.000000 0.000000 0.000000
86.000000 17.000000 0.000000 0.000000 0.000000
86.000000 18.000000 0.000000 0.000000 0.000000
86.000000 19.000000 0.000000 0.000000 0.000000
86.000000 20.000000 0.000000 0.000000 0.000000
86.000000 21.000000 0.000000 0.000000 0.000000
86.000000 22.000000 0.000000 0.000000 0.000000
86.000000 23.000000 0.000000 0.000000 0.000000
86.000000 24.000000 0.000000 0.000000 0.000000
86.000000 25.000000 0.000000 0.000000 0.000000
86.000000 26.000000 0.000000 0.000000 0.000000
86.000000 27.000000 0.000000 0.000000 0.000000
86.000000 28.000000 0.000000 0.000000 0.000000
86.000000 29.000000 0.000000 0.000000 0.000000
86.000000 30.000000 0.000000 0.000000 0.000000
86.000000 31.000000 0.000000 0.000000 0.000000
86.000000 32.000000 0.000000 0.000000 0.000000
86.000000 33.000000 0.000000 0.000000 0.000000
86.000000 34.000000 0.000000 0.000000 0.000000
86.000000 35.000000 0.000000 0.000000 0.000000
86.000000 36.000000 0.000000 0.000000 0.000000
86.000000 37.000000 0.000000 0.000000 0.000000
86.000000 38.000000 0.000000 0.000000 0.000000
86.000000 39.000000 0.000000 0.000000 0.000000
86.000000 40.000000 0.000000 0.000000 0.000000
86.000000 41.000000 0.000000 0.000000 0.000000
86.000000 42.000000 0.000000 0.000000 0.000000
86.000000 43.000000 0.000000 0.000000 0.000000
86.000000 44.000000 0.000000 0.000000 0.000000
86.000000 45.000000 0.000000 0.000000 0.000000
86.000000 46.000000 0.000000 0.000000 0.000000
86.000000 47.000000 0.000000 0.000000 0.000000
86.000000 48.000000 0.000000 0.000000 0.000000
86.000000 49.000000 0.000000 0.000000 0.000000
87.000000 0.000000 0.000000 0.000000 0.000000
87.000000 1.000000 0.000000 0.000000 0.000000
87.000000 2.000000 0.000000 0.000000 0.000000
87.000000 3.000000 0.000000 0.000000 0.000000
87.000000 4.000000 0.000000 0.000000 0.000000
87.000000 5.000000 0.000000 0.000000 0.000000
87.000000 6.000000 0.000000 0.000000 0.000000
87.000000 7.000000 0.000000 0.000000 0.000000
87.000000 8.000000 0.000000 0.000000 0.000000
87.000000 9.000000 0.000000 0.000000 0.000000
87.000000 10.000000 0.000000 0.000000 0.000000
87.000000 11.000000 0.000000 0.000000 0.000000
87.000000 12.000000 0.000000 0.000000 0.000000
87.000000 13.000000 0.000000 0.000000 0.000000
87.000000 14.000000 0.000000 0.000000 0.000000
87.000000 15.000000 0.000000 0.000000 0.000000
87.000000 16.000000 0.000000 0.000000 0.000000
87.000000 17.000000 0.000000 0.000000 0.000000
87.000000 18.000000 0.000000 0.000000 0.000000
87.000000 19.000000 0.000000 0.000000 0.000000
87.000000 20.000000 0.000000 0.000000 0.000000
87.000000 21.000000 0.000000 0.000000 0.000000
87.000000 22.000000 0.000000 0.000000 0.000000
87.000000 23.000000 0.000000 0.000000 0.000000
87.000000 24.000000 0.000000 0.000000 0.000000
87.000000 25.000000 0.000000 0.000000 0.000000
87.000000 26.000000 0.000000 0.000000 0.000000
87.000000 27.000000 0.000000 0.000000 0.000000
87.000000 28.000000 0.000000 0.000000 0.000000
87.000000 29.000000 0.000000 0.000000 0.000000
87.000000 30.000000 0.000000 0.000000 0.000000
87.000000 31.000000 0.000000 0.000000 0.000000
87.000000 32.000000 0.000000 0.000000 0.000000
87.000000 33.000000 0.000000 0.000000 0.000000
87.000000 34.000000 0.000000 0.000000 0.000000
87.000000 35.000000 0.000000 0.000000 0.000000
87.000000 36.000000 0.000000 0.000000 0.000000
87.000000 37.000000 0.000000 0.000000 0.000000
87.000000 38.000000 0.000000 0.000000 0.000000
87.000000 39.000000 0.000000 0.000000 0.000000
87.000000 40.000000 0.000000 0.000000 0.000000
87.000000 41.000000 0.000000 0.000000 0.000000
87.000000 42.000000 0.000000 0.000000 0.000000
87.000000 43.000000 0.000000 0.000000 0.000000
87.000000 44.000000 0.000000 0.000000 0.000000
87.000000 45.000000 0.000000 0.000000 0.000000
87.000000 46.000000 0.000000 0.000000 0.000000
87.000000 47.000000 0.000000 0.000000 0.000000
87.000000 48.000000 0.000000 0.000000 0.000000
87.000000 49.000000 0.000000 0.000000 0.000000
88.000000 0.000000 0.000000 0.000000 0.000000
88.000000 1.000000 0.000000 0.000000 0.000000
88.000000 2.000000 0.000000 0.000000 0.000000
88.000000 3.000000 0.000000 0.000000 0.000000
88.000000 4.000000 0.000000 0.000000 0.000000
88.000000 5.000000 0.000000 0.000000 0.000000
88.000000 6.000000 0.000000 0.000000 0.000000
88.000000 7.000000 0.000000 0.000000 0.000000
88.000000 8.000000 0.000000 0.000000 0.000000
88.000000 9.000000 0.000000 0.000000 0.000000
88.000000 10.000000 0.000000 0.000000 0.000000
88.000000 11.000000 0.000000 0.000000 0.000000
88.000000 12.000000 0.000000 0.000000 0.000000
88.000000 13.000000 0.000000 0.000000 0.000000
88.000000 14.000000 0.000000 0.000000 0.000000
88.000000 15.000000 0.000000 0.000000 0.000000
88.000000 16.000000 0.000000 0.000000 0.000000
88.000000 17.000000 0.000000 0.000000 0.000000
88.000000 18.000000 0.000000 0.000000 0.000000
88.000000 19.000000 0.000000 0.000000 0.000000
88.000000 20.000000 0.000000 0.000000 0.000000
88.000000 21.000000 0.000000 0.000000 0.000000
88.000000 22.000000 0.000000 0.000000 0.000000
88.000000 23.000000 0.000000 0.000000 0.000000
88.000000 24.000000 0.000000 0.000000 0.000000
88.000000 25.000000 0.000000 0.000000 0.000000
88.000000 26.000000 0.000000 0.000000 0.000000
88.000000 27.000000 0.000000 0.000000 0.000000
88.000000 28.000000 0.000000 0.000000 0.000000
88.000000 29.000000 0.000000 0.000000 0.000000
88.000000 30.000000 0.000000 0.000000 0.000000
88.000000 31.000000 0.000000 0.000000 0.000000
88.000000 32.000000 0.000000 0.000000 0.000000
88.000000 33.000000 0.000000 0.000000 0.000000
88.000000 34.000000 0.000000 0.000000 0.000000
88.000000 35.000000 0.000000 0.000000 0.000000
88.000000 36.000000 0.000000 0.000000 0.000000
88.000000 37.000000 0.000000 0.000000 0.000000
88.000000 38.000000 0.000000 0.000000 0.000000
88.000000 39.000000 0.000000 0.000000 0.000000
88.000000 40.000000 0.000000 0.000000 0.000000
88.000000 41.000000 0.000000 0.000000 0.000000
88.000000 42.000000 0.000000 0.000000 0.000000
88.000000 43.000000 0.000000 0.000000 0.000000
88.000000 44.000000 0.000000 0.000000 0.000000
88.000000 45.000000 0.000000 0.000000 0.000000
88.000000 46.000000 0.000000 0.000000 0.000000
88.000000 47.000000 0.000000 0.000000 0.000000
88.000000 48.000000 0.000000 0.000000 0.000000
88.000000 49.000000 0.000000 0.000000 0.000000
89.000000 0.000000 0.000000 0.000000 0.000000
89.000000 1.000000 0.000000 0.000000 0.000000
89.000000 2.000000 0.000000 0.000000 0.000000
89.000000 3.000000 0.000000 0.000000 0.000000
89.000000 4.000000 0.000000 0.000000 0.000000
89.000000 5.000000 0.000000 0.000000 0.000000
89.000000 6.000000 0.000000 0.000000 0.000000
89.000000 7.000000 0.000000 0.000000 0.000000
89.000000 8.000000 0.000000 0.000000 0.000000
89.000000 9.000000 0.000000 0.000000 0.000000
89.000000 10.000000 0.000000 0.000000 0.000000
89.000000 11.000000 0.000000 0.000000 0.000000
89.000000 12.000000 0.000000 0.000000 0.000000
89.000000 13.000000 0.000000 0.000000 0.000000
89.000000 14.000000 0.000000 0.000000 0.000000
89.000000 15.000000 0.000000 0.000000 0.000000
89.000000 16.000000 0.000000 0.000000 0.000000
89.000000 17.000000 0.000000 0.000000 0.000000
89.000000 18.000000 0.000000 0.000000 0.000000
89.000000 19.000000 0.000000 0.000000 0.000000
89.000000 20.000000 0.000000 0.000000 0.000000
89.000000 21.000000 0.000000 0.000000 0.000000
89.000000 22.000000 0.000000 0.000000 0.000000
89.000000 23.000000 0.000000 0.000000 0.000000
89.000000 24.000000 0.000000 0.000000 0.000000
89.000000 25.000000 0.000000 0.000000 0.000000
89.000000 26.000000 0.000000 0.000000 0.000000
89.000000 27.000000 0.000000 0.000000 0.000000
89.000000 28.000000 0.000000 0.000000 0.000000
89.000000 29.000000 0.000000 0.000000 0.000000
89.000000 30.000000 0.000000 0.000000 0.000000
89.000000 31.000000 0.000000 0.000000 0.000000
89.000000 32.000000 0.000000 0.000000 0.000000
89.000000 33.000000 0.000000 0.000000 0.000000
89.000000 34.000000 0.000000 0.000000 0.000000
89.000000 35.000000 0.000000 0.000000 0.000000
89.000000 36.000000 0.000000 0.000000 0.000000
89.000000 37.000000 0.000000 0.000000 0.000000
89.000000 38.000000 0.000000 0.000000 0.000000
89.000000 39.000000 0.000000 0.000000 0.000000
89.000000 40.000000 0.000000 0.000000 0.000000
89.000000 41.000000 0.000000 0.000000 0.000000
89.000000 42.000000 0.000000 0.000000 0.000000
89.000000 43.000000 0.000000 0.000000 0.000000
89.000000 44.000000 0.000000 0.000000 0.000000
89.000000 45.000000 0.000000 0.000000 0.000000
89.000000 46.000000 0.000000 0.000000 0.000000
89.000000 47.000000 0.000000 0.000000 0.000000
89.000000 48.000000 0.000000 0.000000 0.000000
89.000000 49.000000 0.000000 0.000000 0.000000
90.000000 0.000000 0.000000 0.000000 0.000000
90.000000 1.000000 0.000000 0.000000 0.000000
90.000000 2.000000 0.000000 0.000000 0.000000
90.000000 3.000000 0.000000 0.000000 0.000000
90.000000 4.000000 0.000000 0.000000 0.000000
90.000000 5.000000 0.000000 0.000000 0.000000
90.000000 6.000000 0.000000 0.000000 0.000000
90.000000 7.000000 0.000000 0.000000 0.000000
90.000000 8.000000 0.000000 0.000000 0.000000
90.000000 9.000000 0.000000 0.000000 0.000000
90.000000 10.000000 0.000000 0.000000 0.000000
90.000000 11.000000 0.000000 0.000000 0.000000
90.000000 12.000000 0.000000 0.000000 0.000000
90.000000 13.000000 4.000000 2.333333 4.000000
90.000000 14.000000 6.000000 5.333333 6.000000
90.000000 15.000000 21.000000 11.333333 21.000000
90.000000 16.000000 42.000000 37.000000 42.000000
90.000000 17.000000 50.000000 44.666668 50.000000
90.000000 18.000000 76.000000 68.333336 76.000000
90.000000 19.000000 81.000000 81.000000 84.000000
90.000000 20.000000 76.000000 82.000000 93.000000
90.000000 21.000000 76.000000 77.000000 85.000000
90.000000 22.000000 88.000000 77.666664 88.000000
90.000000 23.000000 87.000000 90.000000 98.000000
90.000000 24.000000 90.000000 92.333336 99.000000
90.000000 25.000000 78.000000 78.666664 83.000000
90.000000 26.000000 60.000000 63.666668 67.000000
90.000000 27.000000 41.000000 45.000000 50.000000
90.000000 28.000000 35.000000 33.333332 35.000000
90.000000 29.000000 31.000000 29.000000 31.000000
90.000000 30.000000 29.000000 30.666666 35.000000
90.000000 31.000000 19.000000 22.666666 25.000000
90.000000 32.000000 11.000000 13.666667 18.000000
90.000000 33.000000 4.000000 7.000000 9.000000
90.000000 34.000000 2.000000 2.000000 2.000000
90.000000 35.000000 4.000000 2.000000 4.000000
90.000000 36.000000 7.000000 6.333333 7.000000
90.000000 37.000000 14.000000 10.333333 14.000000
90.000000 38.000000 10.000000 12.000000 14.000000
90.000000 39.000000 5.000000 6.333333 8.000000
90.000000 40.000000 9.000000 9.666667 10.000000
90.000000 41.000000 10.000000 9.000000 10.000000
90.000000 42.000000 9.000000 9.333333 10.000000
90.000000 43.000000 8.000000 8.333333 9.000000
90.000000 44.000000 10.000000 10.000000 11.000000
90.000000 45.000000 10.000000 8.000000 10.000000
90.000000 46.000000 9.000000 10.333333 11.000000
90.000000 47.000000 4.000000 5.666667 7.000000
90.000000 48.000000 3.000000 3.666667 5.000000
90.000000 49.000000 1.000000 1.333333 2.000000
91.000000 0.000000 0.000000 0.000000 0.000000
91.000000 1.000000 0.000000 0.000000 0.000000
91.000000 2.000000 0.000000 0.000000 0.000000
91.000000 3.000000 0.000000 0.000000 0.000000
91.000000 4.000000 0.000000 0.000000 0.000000
91.000000 5.000000 0.000000 0.000000 0.000000
91.000000 6.000000 0.000000 0.000000 0.000000
91.000000 7.000000 0.000000 0.000000 0.000000
91.000000 8.000000 0.000000 0.000000 0.000000
91.000000 9.000000 0.000000 0.000000 0.000000
91.000000 10.000000 0.000000 0.000000 0.000000
91.000000 11.000000 0.000000 0.000000 0.000000
91.000000 12.000000 0.000000 0.000000 0.000000
91.000000 13.000000 0.000000 0.000000 0.000000
91.000000 14.000000 0.000000 0.000000 0.000000
91.000000 15.000000 0.000000 0.000000 0.000000
91.000000 16.000000 0.000000 0.000000 0.000000
91.000000 17.000000 0.000000 0.000000 0.000000
91.000000 18.000000 0.000000 0.000000 0.000000
91.000000 19.000000 0.000000 0.000000 0.000000
91.000000 20.000000 0.000000 0.000000 0.000000
91.000000 21.000000 0.000000 0.000000 0.000000
91.000000 22.000000 0.000000 0.000000 0.000000
91.000000 23.000000 0.000000 0.000000 0.000000
91.000000 24.000000 0.000000 0.000000 0.000000
91.000000 25.000000 0.000000 0.000000 0.000000
91.000000 26.000000 0.000000 0.000000 0.000000
91.000000 27.000000 0.000000 0.000000 0.000000
91.000000 28.000000 0.000000 0.000000 0.000000
91.000000 29.000000 0.000000 0.000000 0.000000
91.000000 30.000000 0.000000 0.000000 0.000000
91.000000 31.000000 0.000000 0.000000 0.000000
91.000000 32.000000 0.000000 0.000000 0.000000
91.000000 33.000000 0.000000 0.000000 0.000000
91.000000 34.000000 0.000000 0.000000 0.000000
91.000000 35.000000 0.000000 0.000000 0.000000
91.000000 36.000000 0.000000 0.000000 0.000000
91.000000 37.000000 0.000000 0.000000 0.000000
91.000000 38.000000 0.000000 0.000000 0.000000
91.000000 39.000000 0.000000 0.000000 0.000000
91.000000 40.000000 0.000000 0.000000 0.000000
91.000000 41.000000 0.000000 0.000000 0.000000
91.000000 42.000000 0.000000 0.000000 0.000000
91.000000 43.000000 0.000000 0.000000 0.000000
91.000000 44.000000 0.000000 0.000000 0.000000
91.000000 45.000000 0.000000 0.000000 0.000000
91.000000 46.000000 0.000000 0.000000 0.000000
91.000000 47.000000 0.000000 0.000000 0.000000
91.000000 48.000000 0.000000 0.000000 0.000000
91.000000 49.000000 0.000000 0.000000 0.000000
92.000000 0.000000 0.000000 0.000000 0.000000
92.000000 1.000000 0.000000 0.000000 0.000000
92.000000 2.000000 0.000000 0.000000 0.000000
92.000000 3.000000 0.000000 0.000000 0.000000
92.000000 4.000000 0.000000 0.000000 0.000000
92.000000 5.000000 0.000000 0.000000 0.000000
92.000000 6.000000 0.000000 0.000000 0.000000
92.000000 7.000000 0.000000 0.000000 0.000000
92.000000 8.000000 0.000000 0.000000 0.000000
92.000000 9.000000 0.000000 0.000000 0.000000
92.000000 10.000000 0.000000 0.000000 0.000000
92.000000 11.000000 0.000000 0.000000 0.000000
92.000000 12.000000 0.000000 0.000000 0.000000
92.000000 13.000000 0.000000 0.000000 0.000000
92.000000 14.000000 0.000000 0.000000 0.000000
92.000000 15.000000 0.000000 0.000000 0.000000
92.000000 16.000000 0.000000 0.000000 0.000000
92.000000 17.000000 0.000000 0.000000 0.000000
92.000000 18.000000 0.000000 0.000000 0.000000
92.000000 19.000000 0.000000 0.000000 0.000000
92.000000 20.000000 0.000000 0.000000 0.000000
92.000000 21.000000 0.000000 0.000000 0.000000
92.000000 22.000000 0.000000 0.000000 0.000000
92.000000 23.000000 0.000000 0.000000 0.000000
92.000000 24.000000 0.000000 0.000000 0.000000
92.000000 25.000000 0.000000 0.000000 0.000000
92.000000 26.000000 0.000000 0.000000 0.000000
92.000000 27.000000 0.000000 0.000000 0.000000
92.000000 28.000000 0.000000 0.000000 0.000000
92.000000 29.000000 0.000000 0.000000 0.000000
92.000000 30.000000 0.000000 0.000000 0.000000
92.000000 31.000000 0.000000 0.000000 0.000000
92.000000 32.000000 0.000000 0.000000 0.000000
92.000000 33.000000 0.000000 0.000000 0.000000
92.000000 34.000000 0.000000 0.000000 0.000000
92.000000 35.000000 0.000000 0.000000 0.000000
92.000000 36.000000 0.000000 0.000000 0.000000
92.000000 37.000000 0.000000 0.000000 0.000000
92.000000 38.000000 0.000000 0.000000 0.000000
92.000000 39.000000 0.000000 0.000000 0.000000
92.000000 40.000000 0.000000 0.000000 0.000000
92.000000 41.000000 0.000000 0.000000 0.000000
92.000000 42.000000 0.000000 0.000000 0.000000
92.000000 43.000000 0.000000 0.000000 0.000000
92.000000 44.000000 0.000000 0.000000 0.000000
92.000000 45.000000 0.000000 0.000000 0.000000
92.000000 46.000000 0.000000 0.000000 0.000000
92.000000 47.000000 0.000000 0.000000 0.000000
92.000000 48.000000 0.000000 0.000000 0.000000
92.000000 49.000000 0.000000 0.000000 0.000000
93.000000 0.000000 0.000000 0.000000 0.000000
93.000000 1.000000 0.000000 0.000000 0.000000
93.000000 2.000000 0.000000 0.000000 0.000000
93.000000 3.000000 0.000000 0.000000 0.000000
93.000000 4.000000 0.000000 0.000000 0.000000
93.000000 5.000000 0.000000 0.000000 0.000000
93.000000 6.000000 0.000000 0.000000 0.000000
93.000000 7.000000 0.000000 0.000000 0.000000
93.000000 8.000000 0.000000 0.000000 0.000000
93.000000 9.000000 0.000000 0.000000 0.000000
93.000000 10.000000 0.000000 0.000000 0.000000
93.000000 11.000000 0.000000 0.000000 0.000000
93.000000 12.000000 0.000000 0.000000 0.000000
93.000000 13.000000 0.000000 0.000000 0.000000
93.000000 14.000000 0.000000 0.000000 0.000000
93.000000 15.000000 0.000000 0.000000 0.000000
93.000000 16.000000 0.000000 0.000000 0.000000
93.000000 17.000000 0.000000 0.000000 0.000000
93.000000 18.000000 0.000000 0.000000 0.000000
93.000000 19.000000 0.000000 0.000000 0.000000
93.000000 20.000000 0.000000 0.000000 0.000000
93.000000 21.000000 0.000000 0.000000 0.000000
93.000000 22.000000 0.000000 0.000000 0.000000
93.000000 23.000000 0.000000 0.000000 0.000000
93.000000 24.000000 0.000000 0.000000 0.000000
93.000000 25.000000 0.000000 0.000000 0.000000
93.000000 26.000000 0.000000 0.000000 0.000000
93.000000 27.000000 0.000000 0.000000 0.000000
93.000000 28.000000 0.000000 0.000000 0.000000
93.000000 29.000000 0.000000 0.000000 0.000000
93.000000 30.000000 0.000000 0.000000 0.000000
93.000000 31.000000 0.000000 0.000000 0.000000
93.000000 32.000000 0.000000 0.000000 0.000000
93.000000 33.000000 0.000000 0.000000 0.000000
93.000000 34.000000 0.000000 0.000000 0.000000
93.000000 35.000000 0.000000 0.000000 0.000000
93.000000 36.000000 0.000000 0.000000 0.000000
93.000000 37.000000 0.000000 0.000000 0.000000
93.000000 38.000000 0.000000 0.000000 0.000000
93.000000 39.000000 0.000000 0.000000 0.000000
93.000000 40.000000 0.000000 0.000000 0.000000
93.000000 41.000000 0.000000 0.000000 0.000000
93.000000 42.000000 0.000000 0.000000 0.000000
93.000000 43.000000 0.000000 0.000000 0.000000
93.000000 44.000000 0.000000 0.000000 0.000000
93.000000 45.000000 0.000000 0.000000 0.000000
93.000000 46.000000 0.000000 0.000000 0.000000
93.000000 47.000000 0.000000 0.000000 0.000000
93.000000 48.000000 0.000000 0.000000 0.000000
93.000000 49.000000 0.000000 0.000000 0.000000
94.000000 0.000000 0.000000 0.000000 0.000000
94.000000 1.000000 0.000000 0.000000 0.000000
94.000000 2.000000 0.000000 0.000000 0.000000
94.000000 3.000000 0.000000 0.000000 0.000000
94.000000 4.000000 0.000000 0.000000 0.000000
94.000000 5.000000 0.000000 0.000000 0.000000
94.000000 6.000000 0.000000 0.000000 0.000000
94.000000 7.000000 0.000000 0.000000 0.000000
94.000000 8.000000 0.000000 0.000000 0.000000
94.000000 9.000000 0.000000 0.000000 0.000000
94.000000 10.000000 0.000000 0.000000 0.000000
94.000000 11.000000 0.000000 0.000000 0.000000
94.000000 12.000000 0.000000 0.000000 0.000000
94.000000 13.000000 0.000000 0.000000 0.000000
94.000000 14.000000 0.000000 0.000000 0.000000
94.000000 15.000000 0.000000 0.000000 0.000000
94.000000 16.000000 0.000000 0.000000 0.000000
94.000000 17.000000 0.000000 0.000000 0.000000
94.000000 18.000000 0.000000 0.000000 0.000000
94.000000 19.000000 0.000000 0.000000 0.000000
94.000000 20.000000 0.000000 0.000000 0.000000
94.000000 21.000000 0.000000 0.000000 0.000000
94.000000 22.000000 0.000000 0.000000 0.000000
94.000000 23.000000 0.000000 0.000000 0.000000
94.000000 24.000000 0.000000 0.000000 0.000000
94.000000 25.000000 0.000000 0.000000 0.000000
94.000000 26.000000 0.000000 0.000000 0.000000
94.000000 27.000000 0.000000 0.000000 0.000000
94.000000 28.000000 0.000000 0.000000 0.000000
94.000000 29.000000 0.000000 0.000000 0.000000
94.000000 30.000000 0.000000 0.000000 0.000000
94.000000 31.000000 0.000000 0.000000 0.000000
94.000000 32.000000 0.000000 0.000000 0.000000
94.000000 33.000000 0.000000 0.000000 0.000000
94.000000 34.000000 0.000000 0.000000 0.000000
94.000000 35.000000 0.000000 0.000000 0.000000
94.000000 36.000000 0.000000 0.000000 0.000000
94.000000 37.000000 0.000000 0.000000 0.000000
94.000000 38.000000 0.000000 0.000000 0.000000
94.000000 39.000000 0.000000 0.000000 0.000000
94.000000 40.000000 0.000000 0.000000 0.000000
94.000000 41.000000 0.000000 0.000000 0.000000
94.000000 42.000000 0.000000 0.000000 0.000000
94.000000 43.000000 0.000000 0.000000 0.000000
94.000000 44.000000 0.000000 0.000000 0.000000
94.000000 45.000000 0.000000 0.000000 0.000000
94.000000 46.000000 0.000000 0.000000 0.000000
94.000000 47.000000 0.000000 0.000000 0.000000
94.000000 48.000000 0.000000 0.000000 0.000000
94.000000 49.000000 0.000000 0.000000 0.000000
95.000000 0.000000 0.000000 0.000000 0.000000
95.000000 1.000000 0.000000 0.000000 0.000000
95.000000 2.000000 0.000000 0.000000 0.000000
95.000000 3.000000 0.000000 0.000000 0.000000
95.000000 4.000000 0.000000 0.000000 0.000000
95.000000 5.000000 0.000000 0.000000 0.000000
95.000000 6.000000 0.000000 0.000000 0.000000
95.000000 7.000000 0.000000 0.000000 0.000000
95.000000 8.000000 0.000000 0.000000 0.000000
95.000000 9.000000 0.000000 0.000000 0.000000
95.000000 10.000000 0.000000 0.000000 0.000000
95.000000 11.000000 0.000000 0.000000 0.000000
95.000000 12.000000 0.000000 0.000000 0.000000
95.000000 13.000000 0.000000 0.000000 0.000000
95.000000 14.000000 0.000000 0.000000 0.000000
95.000000 15.000000 0.000000 0.000000 0.000000
95.000000 16.000000 0.000000 0.000000 0.000000
95.000000 17.000000 0.000000 0.000000 0.000000
95.000000 18.000000 0.000000 0.000000 0.000000
95.000000 19.000000 0.000000 0.000000 0.000000
95.000000 20.000000 0.000000 0.000000 0.000000
95.000000 21.000000 0.000000 0.000000 0.000000
95.000000 22.000000 0.000000 0.000000 0.000000
95.000000 23.000000 0.000000 0.000000 0.000000
95.000000 24.000000 0.000000 0.000000 0.000000
95.000000 25.000000 0.000000 0.000000 0.000000
95.000000 26.000000 0.000000 0.000000 0.000000
95.000000 27.000000 0.000000 0.000000 0.000000
95.000000 28.000000 0.000000 0.000000 0.000000
95.000000 29.000000 0.000000 0.000000 0.000000
95.000000 30.000000 0.000000 0.000000 0.000000
95.000000 31.000000 0.000000 0.000000 0.000000
95.000000 32.000000 0.000000 0.000000 0.000000
95.000000 33.000000 0.000000 0.000000 0.000000
95.000000 34.000000 0.000000 0.000000 0.000000
95.000000 35.000000 0.000000 0.000000 0.000000
95.000000 36.000000 0.000000 0.000000 0.000000
95.000000 37.000000 0.000000 0.000000 0.000000
95.000000 38.000000 0.000000 0.000000 0.000000
95.000000 39.000000 0.000000 0.000000 0.000000
95.000000 40.000000 0.000000 0.000000 0.000000
95.000000 41.000000 0.000000 0.000000 0.000000
95.000000 42.000000 0.000000 0.000000 0.000000
95.000000 43.000000 0.000000 0.000000 0.000000
95.000000 44.000000 0.000000 0.000000 0.000000
95.000000 45.000000 0.000000 0.000000 0.000000
95.000000 46.000000 0.000000 0.000000 0.000000
95.000000 47.000000 0.000000 0.000000 0.000000
95.000000 48.000000 0.000000 0.000000 0.000000
95.000000 49.000000 0.000000 0.000000 0.000000
96.000000 0.000000 0.000000 0.000000 0.000000
96.000000 1.000000 0.000000 0.000000 0.000000
96.000000 2.000000 0.000000 0.000000 0.000000
96.000000 3.000000 0.000000 0.000000 0.000000
96.000000 4.000000 0.000000 0.000000 0.000000
96.000000 5.000000 0.000000 0.000000 0.000000
96.000000 6.000000 0.000000 0.000000 0.000000
96.000000 7.000000 0.000000 0.000000 0.000000
96.000000 8.000000 0.000000 0.000000 0.000000
96.000000 9.000000 0.000000 0.000000 0.000000
96.000000 10.000000 0.000000 0.000000 0.000000
96.000000 11.000000 0.000000 0.000000 0.000000
96.000000 12.000000 0.000000 0.000000 0.000000
96.000000 13.000000 0.000000 0.000000 0.000000
96.000000 14.000000 0.000000 0.000000 0.000000
96.000000 15.000000 0.000000 0.000000 0.000000
96.000000 16.000000 0.000000 0.000000 0.000000
96.000000 17.000000 0.000000 0.000000 0.000000
96.000000 18.000000 0.000000 0.000000 0.000000
96.000000 19.000000 0.000000 0.000000 0.000000
96.000000 20.000000 0.000000 0.000000 0.000000
96.000000 21.000000 0.000000 0.000000 0.000000
96.000000 22.000000 0.000000 0.000000 0.000000
96.000000 23.000000 0.000000 0.000000 0.000000
96.000000 24.000000 0.000000 0.000000 0.000000
96.000000 25.000000 0.000000 0.000000 0.000000
96.000000 26.000000 0.000000 0.000000 0.000000
96.000000 27.000000 0.000000 0.000000 0.000000
96.000000 28.000000 0.000000 0.000000 0.000000
96.000000 29.000000 0.000000 0.000000 0.000000
96.000000 30.000000 0.000000 0.000000 0.000000
96.000000 31.000000 0.000000 0.000000 0.000000
96.000000 32.000000 0.000000 0.000000 0.000000
96.000000 33.000000 0.000000 0.000000 0.000000
96.000000 34.000000 0.000000 0.000000 0.000000
96.000000 35.000000 0.000000 0.000000 0.000000
96.000000 36.000000 0.000000 0.000000 0.000000
96.000000 37.000000 0.000000 0.000000 0.000000
96.000000 38.000000 0.000000 0.000000 0.000000
96.000000 39.000000 0.000000 0.000000 0.000000
96.000000 40.000000 0.000000 0.000000 0.000000
96.000000 41.000000 0.000000 0.000000 0.000000
96.000000 42.000000 0.000000 0.000000 0.000000
96.000000 43.000000 0.000000 0.000000 0.000000
96.000000 44.000000 0.000000 0.000000 0.000000
96.000000 45.000000 0.000000 0.000000 0.000000
96.000000 46.000000 0.000000 0.000000 0.000000
96.000000 47.000000 0.000000 0.000000 0.000000
96.000000 48.000000 0.000000 0.000000 0.000000
96.000000 49.000000 0.000000 0.000000 0.000000
97.000000 0.000000 0.000000 0.000000 0.000000
97.000000 1.000000 0.000000 0.000000 0.000000
97.000000 2.000000 0.000000 0.000000 0.000000
97.000000 3.000000 0.000000 0.000000 0.000000
97.000000 4.000000 0.000000 0.000000 0.000000
97.000000 5.000000 0.000000 0.000000 0.000000
97.000000 6.000000 0.000000 0.000000 0.000000
97.000000 7.000000 0.000000 0.000000 0.000000
97.000000 8.000000 0.000000 0.000000 0.000000
97.000000 9.000000 0.000000 0.000000 0.000000
97.000000 10.000000 0.000000 0.000000 0.000000
97.000000 11.000000 0.000000 0.000000 0.000000
97.000000 12.000000 0.000000 0.000000 0.000000
97.000000 13.000000 0.000000 0.000000 0.000000
97.000000 14.000000 2.000000 1.000000 2.000000
97.000000 15.000000 72.000000 42.333332 72.000000
97.000000 16.000000 199.000000 148.666672 199.000000
97.000000 17.000000 253.000000 256.000000 274.000000
97.000000 18.000000 260.000000 282.000000 300.000000
97.000000 19.000000 216.000000 240.333328 260.000000
97.000000 20.000000 128.000000 160.000000 193.000000
97.000000 21.000000 56.000000 75.000000 97.000000
97.000000 22.000000 24.000000 32.333332 39.000000
97.000000 23.000000 9.000000 12.666667 16.000000
97.000000 24.000000 7.000000 7.666667 8.000000
97.000000 25.000000 0.000000 3.000000 6.000000
97.000000 26.000000 0.000000 0.000000 0.000000
97.000000 27.000000 0.000000 0.000000 0.000000
97.000000 28.000000 0.000000 0.000000 0.000000
97.000000 29.000000 0.000000 0.000000 0.000000
97.000000 30.000000 0.000000 0.000000 0.000000
97.000000 31.000000 0.000000 0.000000 0.000000
97.000000 32.000000 0.000000 0.000000 0.000000
97.000000 33.000000 0.000000 0.000000 0.000000
97.000000 34.000000 0.000000 0.000000 0.000000
97.000000 35.000000 0.000000 0.000000 0.000000
97.000000 36.000000 0.000000 0.000000 0.000000
97.000000 37.000000 0.000000 0.000000 0.000000
97.000000 38.000000 0.000000 0.000000 0.000000
97.000000 39.000000 0.000000 0.000000 0.000000
97.000000 40.000000 0.000000 0.000000 0.000000
97.000000 41.000000 1.000000 0.666667 1.000000
97.000000 42.000000 3.000000 2.000000 3.000000
97.000000 43.000000 8.000000 6.000000 8.000000
97.000000 44.000000 11.000000 10.000000 11.000000
97.000000 45.000000 10.000000 10.000000 10.000000
97.000000 46.000000 19.000000 15.666667 19.000000
97.000000 47.000000 17.000000 18.000000 20.000000
97.000000 48.000000 5.000000 9.333333 14.000000
97.000000 49.000000 6.000000 5.666667 6.000000
98.000000 0.000000 0.000000 0.000000 0.000000
98.000000 1.000000 0.000000 0.000000 0.000000
98.000000 2.000000 0.000000 0.000000 0.000000
98.000000 3.000000 0.000000 0.000000 0.000000
98.000000 4.000000 0.000000 0.000000 0.000000
98.000000 5.000000 0.000000 0.000000 0.000000
98.000000 6.000000 0.000000 0.000000 0.000000
98.000000 7.000000 0.000000 0.000000 0.000000
98.000000 8.000000 0.000000 0.000000 0.000000
98.000000 9.000000 0.000000 0.000000 0.000000
98.000000 10.000000 0.000000 0.000000 0.000000
98.000000 11.000000 0.000000 0.000000 0.000000
98.000000 12.000000 0.000000 0.000000 0.000000
98.000000 13.000000 0.000000 0.000000 0.000000
98.000000 14.000000 0.000000 0.000000 0.000000
98.000000 15.000000 0.000000 0.000000 0.000000
98.000000 16.000000 0.000000 0.000000 0.000000
98.000000 17.000000 0.000000 0.000000 0.000000
98.000000 18.000000 0.000000 0.000000 0.000000
98.000000 19.000000 0.000000 0.000000 0.000000
98.000000 20.000000 0.000000 0.000000 0.000000
98.000000 21.000000 0.000000 0.000000 0.000000
98.000000 22.000000 0.000000 0.000000 0.000000
98.000000 23.000000 0.000000 0.000000 0.000000
98.000000 24.000000 0.000000 0.000000 0.000000
98.000000 25.000000 0.000000 0.000000 0.000000
98.000000 26.000000 0.000000 0.000000 0.000000
98.000000 27.000000 0.000000 0.000000 0.000000
98.000000 28.000000 0.000000 0.000000 0.000000
98.000000 29.000000 0.000000 0.000000 0.000000
98.000000 30.000000 0.000000 0.000000 0.000000
98.000000 31.000000 0.000000 0.000000 0.000000
98.000000 32.000000 0.000000 0.000000 0.000000
98.000000 33.000000 0.000000 0.000000 0.000000
98.000000 34.000000 0.000000 0.000000 0.000000
98.000000 35.000000 0.000000 0.000000 0.000000
98.000000 36.000000 0.000000 0.000000 0.000000
98.000000 37.000000 0.000000 0.000000 0.000000
98.000000 38.000000 0.000000 0.000000 0.000000
98.000000 39.000000 0.000000 0.000000 0.000000
98.000000 40.000000 0.000000 0.000000 0.000000
98.000000 41.000000 0.000000 0.000000 0.000000
98.000000 42.000000 0.000000 0.000000 0.000000
98.000000 43.000000 0.000000 0.000000 0.000000
98.000000 44.000000 0.000000 0.000000 0.000000
98.000000 45.000000 0.000000 0.000000 0.000000
98.000000 46.000000 0.000000 0.000000 0.000000
98.000000 47.000000 0.000000 0.000000 0.000000
98.000000 48.000000 0.000000 0.000000 0.000000
98.000000 49.000000 0.000000 0.000000 0.000000
99.000000 0.000000 0.000000 0.000000 0.000000
99.000000 1.000000 0.000000 0.000000 0.000000
99.000000 2.000000 0.000000 0.000000 0.000000
99.000000 3.000000 0.000000 0.000000 0.000000
99.000000 4.000000 0.000000 0.000000 0.000000
99.000000 5.000000 0.000000 0.000000 0.000000
99.000000 6.000000 0.000000 0.000000 0.000000
99.000000 7.000000 0.000000 0.000000 0.000000
99.000000 8.000000 0.000000 0.000000 0.000000
99.000000 9.000000 0.000000 0.000000 0.000000
99.000000 10.000000 10.000000 5.333333 10.000000
99.000000 11.000000 39.000000 28.333334 39.000000
99.000000 12.000000 144.000000 108.333336 144.000000
99.000000 13.000000 155.000000 159.666672 169.000000
99.000000 14.000000 144.000000 153.333328 161.000000
99.000000 15.000000 113.000000 125.333336 132.000000
99.000000 16.000000 85.000000 92.000000 97.000000
99.000000 17.000000 57.000000 61.666668 69.000000
99.000000 18.000000 42.000000 47.000000 50.000000
99.000000 19.000000 32.000000 32.666668 34.000000
99.000000 20.000000 22.000000 25.666666 28.000000
99.000000 21.000000 16.000000 18.000000 20.000000
99.000000 22.000000 6.000000 8.666667 12.000000
99.000000 23.000000 4.000000 5.000000 6.000000
99.000000 24.000000 1.000000 1.000000 1.000000
99.000000 25.000000 1.000000 1.000000 1.000000
99.000000 26.000000 5.000000 2.333333 5.000000
99.000000 27.000000 14.000000 10.666667 14.000000
99.000000 28.000000 19.000000 18.333334 20.000000
99.000000 29.000000 29.000000 24.666666 29.000000
99.000000 30.000000 35.000000 30.666666 35.000000
99.000000 31.000000 40.000000 36.333332 40.000000
99.000000 32.000000 35.000000 35.000000 35.000000
99.000000 33.000000 20.000000 26.333334 33.000000
99.000000 34.000000 12.000000 14.000000 15.000000
99.000000 35.000000 10.000000 11.000000 12.000000
99.000000 36.000000 5.000000 7.666667 9.000000
99.000000 37.000000 2.000000 3.000000 4.000000
99.000000 38.000000 0.000000 0.666667 1.000000
99.000000 39.000000 0.000000 0.000000 0.000000
99.000000 40.000000 0.000000 0.000000 0.000000
99.000000 41.000000 0.000000 0.000000 0.000000
99.000000 42.000000 0.000000 0.000000 0.000000
99.000000 43.000000 0.000000 0.000000 0.000000
99.000000 44.000000 0.000000 0.000000 0.000000
99.000000 45.000000 0.000000 0.000000 0.000000
99.000000 46.000000 0.000000 0.000000 0.000000
99.000000 47.000000 0.000000 0.000000 0.000000
99.000000 48.000000 3.000000 1.666667 3.000000
99.000000 49.000000 7.000000 5.333333 7.000000
