0.000000 0.000000 -1.000000 -1.000000 0.728933 -1.000000
0.000000 1.000000 -1.000000 -1.000000 0.728933 -1.000000
0.000000 2.000000 -1.000000 -1.000000 0.728933 -1.000000
0.000000 3.000000 -1.000000 -1.000000 0.725308 -1.000000
0.000000 4.000000 -1.000000 -1.000000 0.724214 -1.000000
0.000000 5.000000 -1.000000 -1.000000 0.719493 -1.000000
0.000000 6.000000 -1.000000 -1.000000 0.719493 -1.000000
0.000000 7.000000 -1.000000 -1.000000 0.728933 -1.000000
0.000000 8.000000 -1.000000 -1.000000 0.728933 -1.000000
0.000000 9.000000 -1.000000 -1.000000 0.728933 -1.000000
0.000000 10.000000 -1.000000 -1.000000 0.728933 -1.000000
0.000000 11.000000 -1.000000 -1.000000 0.728933 -1.000000
0.000000 12.000000 -1.000000 -1.000000 0.728933 -1.000000
0.000000 13.000000 -1.000000 -1.000000 0.728933 -1.000000
0.000000 14.000000 -1.000000 -1.000000 0.728933 -1.000000
0.000000 15.000000 -1.000000 -1.000000 0.728933 -1.000000
0.000000 16.000000 -1.000000 -1.000000 0.728933 -1.000000
0.000000 17.000000 -1.000000 -1.000000 0.728933 -1.000000
0.000000 18.000000 -1.000000 -1.000000 0.728933 -1.000000
0.000000 19.000000 -1.000000 -1.000000 0.728933 -1.000000
0.000000 20.000000 -1.000000 -1.000000 0.728933 -1.000000
0.000000 21.000000 -1.000000 -1.000000 0.728933 -1.000000
0.000000 22.000000 -1.000000 -1.000000 0.728933 -1.000000
0.000000 23.000000 -1.000000 -1.000000 0.728933 -1.000000
0.000000 24.000000 -1.000000 -1.000000 0.728933 -1.000000
0.000000 25.000000 -1.000000 -1.000000 0.728933 -1.000000
0.000000 26.000000 -1.000000 -1.000000 0.728933 -1.000000
0.000000 27.000000 -1.000000 -1.000000 0.728933 -1.000000
0.000000 28.000000 -1.000000 -1.000000 0.728933 -1.000000
0.000000 29.000000 -1.000000 -1.000000 0.728933 -1.000000
0.000000 30.000000 -1.000000 -1.000000 0.728933 -1.000000
0.000000 31.000000 -1.000000 -1.000000 0.728933 -1.000000
0.000000 32.000000 -1.000000 -1.000000 0.728933 -1.000000
0.000000 33.000000 -1.000000 -1.000000 0.728933 -1.000000
0.000000 34.000000 -1.000000 -1.000000 0.728933 -1.000000
0.000000 35.000000 -1.000000 -1.000000 0.728933 -1.000000
0.000000 36.000000 -1.000000 -1.000000 0.728933 -1.000000
0.000000 37.000000 -1.000000 -1.000000 0.728933 -1.000000
0.000000 38.000000 -1.000000 -1.000000 0.728933 -1.000000
0.000000 39.000000 -1.000000 -1.000000 0.728933 -1.000000
0.000000 40.000000 -1.000000 -1.000000 0.728933 -1.000000
0.000000 41.000000 -1.000000 -1.000000 0.728933 -1.000000
0.000000 42.000000 -1.000000 -1.000000 0.728933 -1.000000
0.000000 43.000000 -1.000000 -1.000000 0.728933 -1.000000
0.000000 44.000000 -1.000000 -1.000000 0.728933 -1.000000
0.000000 45.000000 -1.000000 -1.000000 0.728933 -1.000000
0.000000 46.000000 -1.000000 -1.000000 0.728933 -1.000000
0.000000 47.000000 -1.000000 -1.000000 0.728933 -1.000000
0.000000 48.000000 -1.000000 -1.000000 0.728933 -1.000000
0.000000 49.000000 -1.000000 -1.000000 0.728933 -1.000000
1.000000 0.000000 -1.000000 -1.000000 0.728933 -1.000000
1.000000 1.000000 -1.000000 -1.000000 0.728933 -1.000000
1.000000 2.000000 -1.000000 -1.000000 0.725308 -1.000000
1.000000 3.000000 -1.000000 -1.000000 0.720588 -1.000000
1.000000 4.000000 -1.000000 -1.000000 0.724214 -1.000000
1.000000 5.000000 -1.000000 -1.000000 0.728933 -1.000000
1.000000 6.000000 -1.000000 -1.000000 0.728933 -1.000000
1.000000 7.000000 -1.000000 -1.000000 0.720588 -1.000000
1.000000 8.000000 -1.000000 -1.000000 0.706419 -1.000000
1.000000 9.000000 -1.000000 -1.000000 0.694430 -1.000000
1.000000 10.000000 -1.000000 -1.000000 0.686409 -1.000000
1.000000 11.000000 -1.000000 -1.000000 0.675502 -1.000000
1.000000 12.000000 -1.000000 -1.000000 0.648167 -1.000000
1.000000 13.000000 -1.000000 -1.000000 0.580588 -0.978609
1.000000 14.000000 -1.000000 -1.000000 0.430190 -0.838998
1.000000 15.000000 -0.936271 -1.000000 0.242096 -0.662660
1.000000 16.000000 -0.470884 -1.000000 -0.196875 -0.249706
1.000000 17.000000 0.046547 -1.000000 -0.637061 0.149290
1.000000 18.000000 0.999245 -1.000000 -1.000000 0.857004
1.000000 19.000000 1.000000 -0.349847 -1.000000 0.745528
1.000000 20.000000 1.000000 -0.415520 -1.000000 0.991503
1.000000 21.000000 0.507603 -0.544731 -0.569329 -0.019328
1.000000 22.000000 -0.372213 -1.000000 -0.552701 0.124338
1.000000 23.000000 -1.000000 -1.000000 0.359201 -0.795777
1.000000 24.000000 -1.000000 -1.000000 0.479093 -0.886044
1.000000 25.000000 -1.000000 -1.000000 0.441151 -0.849337
1.000000 26.000000 -1.000000 -1.000000 0.368819 -0.781813
1.000000 27.000000 -0.952964 -1.000000 0.256195 -0.676701
1.000000 28.000000 -0.845510 -1.000000 0.160146 -0.587006
1.000000 29.000000 -0.709000 -1.000000 0.035915 -0.472957
1.000000 30.000000 -0.650604 -1.000000 -0.038553 -0.403082
1.000000 31.000000 -0.554615 -1.000000 -0.143984 -0.303716
1.000000 32.000000 -0.539503 -1.000000 -0.121046 -0.334998
1.000000 33.000000 -0.520724 -1.000000 -0.164167 -0.290557
1.000000 34.000000 -0.569507 -1.000000 -0.102673 -0.351343
1.000000 35.000000 -0.535446 -1.000000 -0.141243 -0.311954
1.000000 36.000000 -0.586906 -1.000000 -0.089434 -0.362788
1.000000 37.000000 -0.718935 -1.000000 0.008733 -0.449112
1.000000 38.000000 -0.722276 -1.000000 0.004112 -0.440628
1.000000 39.000000 -0.835366 -1.000000 0.148048 -0.581381
1.000000 40.000000 -0.870890 -1.000000 0.117683 -0.539263
1.000000 41.000000 -0.964489 -1.000000 0.216251 -0.633629
1.000000 42.000000 -1.000000 -1.000000 0.242557 -0.635590
1.000000 43.000000 -0.969244 -1.000000 0.271256 -0.690692
1.000000 44.000000 -0.931172 -1.000000 0.166031 -0.580346
1.000000 45.000000 -0.884939 -1.000000 0.116256 -0.533352
1.000000 46.000000 -0.806448 -1.000000 0.103675 -0.533032
1.000000 47.000000 -0.743312 -1.000000 0.018803 -0.450369
1.000000 48.000000 -0.692247 -1.000000 -0.005475 -0.433177
1.000000 49.000000 -0.654180 -1.000000 -0.035828 -0.407151
2.000000 0.000000 -1.000000 -1.000000 0.728933 -1.000000
2.000000 1.000000 -1.000000 -1.000000 0.728933 -1.000000
2.000000 2.000000 -1.000000 -1.000000 0.725308 -1.000000
2.000000 3.000000 -1.000000 -1.000000 0.724214 -1.000000
2.000000 4.000000 -1.000000 -1.000000 0.728933 -1.000000
2.000000 5.000000 -1.000000 -1.000000 0.728933 -1.000000
2.000000 6.000000 -1.000000 -1.000000 0.724214 -1.000000
2.000000 7.000000 -1.000000 -1.000000 0.719493 -1.000000
2.000000 8.000000 -1.000000 -1.000000 0.699158 -1.000000
2.000000 9.000000 -1.000000 -1.000000 0.686066 -1.000000
2.000000 10.000000 -1.000000 -1.000000 0.695869 -1.000000
2.000000 11.000000 -1.000000 -1.000000 0.683871 -1.000000
2.000000 12.000000 -1.000000 -1.000000 0.670766 -1.000000
2.000000 13.000000 -1.000000 -1.000000 0.656206 -1.000000
2.000000 14.000000 -1.000000 -1.000000 0.580938 -0.979096
2.000000 15.000000 -1.000000 -1.000000 0.457131 -0.863757
2.000000 16.000000 -0.882334 -1.000000 0.191903 -0.616097
2.000000 17.000000 -0.410062 -1.000000 -0.299212 -0.145598
2.000000 18.000000 0.678230 -1.000000 -1.000000 0.692651
2.000000 19.000000 1.000000 -0.592673 -1.000000 1.000000
2.000000 20.000000 1.000000 -0.186258 -1.000000 1.000000
2.000000 21.000000 1.000000 -0.373751 -1.000000 0.851675
2.000000 22.000000 0.093474 -0.722816 -0.217853 -0.343039
2.000000 23.000000 -0.770226 -1.000000 -0.262237 -0.129783
2.000000 24.000000 -1.000000 -1.000000 0.410881 -0.825002
2.000000 25.000000 -1.000000 -1.000000 0.578716 -0.978052
2.000000 26.000000 -1.000000 -1.000000 0.595617 -0.993073
2.000000 27.000000 -1.000000 -1.000000 0.532155 -0.933858
2.000000 28.000000 -1.000000 -1.000000 0.538386 -0.939764
2.000000 29.000000 -1.000000 -1.000000 0.510483 -0.913652
2.000000 30.000000 -1.000000 -1.000000 0.376643 -0.788867
2.000000 31.000000 -0.913259 -1.000000 0.220163 -0.642660
2.000000 32.000000 -0.788601 -1.000000 0.098856 -0.529470
2.000000 33.000000 -0.679120 -1.000000 -0.001943 -0.436904
2.000000 34.000000 -0.616009 -1.000000 -0.080092 -0.363756
2.000000 35.000000 -0.579754 -1.000000 -0.108702 -0.340829
2.000000 36.000000 -0.573344 -1.000000 -0.105352 -0.346138
2.000000 37.000000 -0.646235 -1.000000 -0.045647 -0.400847
2.000000 38.000000 -0.696156 -1.000000 -0.013003 -0.427594
2.000000 39.000000 -0.772150 -1.000000 0.070784 -0.507004
2.000000 40.000000 -0.841870 -1.000000 0.093690 -0.519278
2.000000 41.000000 -0.893870 -1.000000 0.177885 -0.603184
2.000000 42.000000 -0.862165 -1.000000 0.002853 -0.410274
2.000000 43.000000 -0.820215 -1.000000 0.121292 -0.552135
2.000000 44.000000 -0.969964 -1.000000 0.215137 -0.631872
2.000000 45.000000 -1.000000 -1.000000 0.109670 -0.497829
2.000000 46.000000 -0.961716 -1.000000 0.263098 -0.683881
2.000000 47.000000 -0.981543 -1.000000 0.283532 -0.703236
2.000000 48.000000 -1.000000 -1.000000 0.092564 -0.477878
2.000000 49.000000 -0.881539 -1.000000 0.190217 -0.615156
3.000000 0.000000 -1.000000 -1.000000 0.728933 -1.000000
3.000000 1.000000 -1.000000 -1.000000 0.728933 -1.000000
3.000000 2.000000 -1.000000 -1.000000 0.725308 -1.000000
3.000000 3.000000 -1.000000 -1.000000 0.724214 -1.000000
3.000000 4.000000 -1.000000 -1.000000 0.724214 -1.000000
3.000000 5.000000 -1.000000 -1.000000 0.728933 -1.000000
3.000000 6.000000 -1.000000 -1.000000 0.728933 -1.000000
3.000000 7.000000 -1.000000 -1.000000 0.728933 -1.000000
3.000000 8.000000 -1.000000 -1.000000 0.725308 -1.000000
3.000000 9.000000 -1.000000 -1.000000 0.724214 -1.000000
3.000000 10.000000 -1.000000 -1.000000 0.720588 -1.000000
3.000000 11.000000 -1.000000 -1.000000 0.708610 -1.000000
3.000000 12.000000 -1.000000 -1.000000 0.689700 -1.000000
3.000000 13.000000 -1.000000 -1.000000 0.680236 -1.000000
3.000000 14.000000 -1.000000 -1.000000 0.648167 -1.000000
3.000000 15.000000 -1.000000 -1.000000 0.575072 -0.973694
3.000000 16.000000 -1.000000 -1.000000 0.513050 -0.916117
3.000000 17.000000 -1.000000 -1.000000 0.414685 -0.824621
3.000000 18.000000 -0.935130 -1.000000 0.240981 -0.661661
3.000000 19.000000 -0.465954 -1.000000 -0.323359 -0.107227
3.000000 20.000000 0.447667 -1.000000 -0.997264 0.487641
3.000000 21.000000 1.000000 -0.867795 -1.000000 1.000000
3.000000 22.000000 1.000000 -0.123871 -1.000000 1.000000
3.000000 23.000000 1.000000 -0.208179 -1.000000 1.000000
3.000000 24.000000 1.000000 -0.522785 -1.000000 0.503928
3.000000 25.000000 -0.383057 -1.000000 0.143129 -0.669420
3.000000 26.000000 -1.000000 -1.000000 -0.037572 -0.296469
3.000000 27.000000 -1.000000 -1.000000 0.526107 -0.929920
3.000000 28.000000 -1.000000 -1.000000 0.576674 -0.975821
3.000000 29.000000 -1.000000 -1.000000 0.594509 -0.992017
3.000000 30.000000 -1.000000 -1.000000 0.575423 -0.974181
3.000000 31.000000 -1.000000 -1.000000 0.612384 -1.000000
3.000000 32.000000 -1.000000 -1.000000 0.607630 -1.000000
3.000000 33.000000 -1.000000 -1.000000 0.557465 -0.957476
3.000000 34.000000 -1.000000 -1.000000 0.572866 -0.971728
3.000000 35.000000 -1.000000 -1.000000 0.556361 -0.956491
3.000000 36.000000 -1.000000 -1.000000 0.568102 -0.967306
3.000000 37.000000 -1.000000 -1.000000 0.538386 -0.939764
3.000000 38.000000 -1.000000 -1.000000 0.492820 -0.897367
3.000000 39.000000 -1.000000 -1.000000 0.464101 -0.870683
3.000000 40.000000 -1.000000 -1.000000 0.429831 -0.838502
3.000000 41.000000 -1.000000 -1.000000 0.418374 -0.828093
3.000000 42.000000 -1.000000 -1.000000 0.343694 -0.758529
3.000000 43.000000 -0.986065 -1.000000 0.286626 -0.705180
3.000000 44.000000 -0.913528 -1.000000 0.220748 -0.643580
3.000000 45.000000 -0.699447 -1.000000 -0.004569 -0.428823
3.000000 46.000000 -0.585109 -1.000000 -0.083682 -0.362756
3.000000 47.000000 -0.584356 -1.000000 -0.078129 -0.372770
3.000000 48.000000 -0.644774 -1.000000 -0.044507 -0.401651
3.000000 49.000000 -0.744326 -1.000000 0.038488 -0.477117
4.000000 0.000000 -1.000000 -1.000000 0.728933 -1.000000
4.000000 1.000000 -1.000000 -1.000000 0.728933 -1.000000
4.000000 2.000000 -1.000000 -1.000000 0.728933 -1.000000
4.000000 3.000000 -1.000000 -1.000000 0.724214 -1.000000
4.000000 4.000000 -1.000000 -1.000000 0.724214 -1.000000
4.000000 5.000000 -1.000000 -1.000000 0.725308 -1.000000
4.000000 6.000000 -1.000000 -1.000000 0.724214 -1.000000
4.000000 7.000000 -1.000000 -1.000000 0.724214 -1.000000
4.000000 8.000000 -1.000000 -1.000000 0.724214 -1.000000
4.000000 9.000000 -1.000000 -1.000000 0.728933 -1.000000
4.000000 10.000000 -1.000000 -1.000000 0.728933 -1.000000
4.000000 11.000000 -1.000000 -1.000000 0.728933 -1.000000
4.000000 12.000000 -1.000000 -1.000000 0.728933 -1.000000
4.000000 13.000000 -1.000000 -1.000000 0.728933 -1.000000
4.000000 14.000000 -1.000000 -1.000000 0.728933 -1.000000
4.000000 15.000000 -1.000000 -1.000000 0.728933 -1.000000
4.000000 16.000000 -1.000000 -1.000000 0.728933 -1.000000
4.000000 17.000000 -1.000000 -1.000000 0.728933 -1.000000
4.000000 18.000000 -1.000000 -1.000000 0.728933 -1.000000
4.000000 19.000000 -1.000000 -1.000000 0.728933 -1.000000
4.000000 20.000000 -1.000000 -1.000000 0.728933 -1.000000
4.000000 21.000000 -1.000000 -1.000000 0.728933 -1.000000
4.000000 22.000000 -1.000000 -1.000000 0.728933 -1.000000
4.000000 23.000000 -1.000000 -1.000000 0.728933 -1.000000
4.000000 24.000000 -1.000000 -1.000000 0.728933 -1.000000
4.000000 25.000000 -1.000000 -1.000000 0.728933 -1.000000
4.000000 26.000000 -1.000000 -1.000000 0.728933 -1.000000
4.000000 27.000000 -1.000000 -1.000000 0.728933 -1.000000
4.000000 28.000000 -1.000000 -1.000000 0.728933 -1.000000
4.000000 29.000000 -1.000000 -1.000000 0.728933 -1.000000
4.000000 30.000000 -1.000000 -1.000000 0.728933 -1.000000
4.000000 31.000000 -1.000000 -1.000000 0.728933 -1.000000
4.000000 32.000000 -1.000000 -1.000000 0.728933 -1.000000
4.000000 33.000000 -1.000000 -1.000000 0.728933 -1.000000
4.000000 34.000000 -1.000000 -1.000000 0.728933 -1.000000
4.000000 35.000000 -1.000000 -1.000000 0.728933 -1.000000
4.000000 36.000000 -1.000000 -1.000000 0.728933 -1.000000
4.000000 37.000000 -1.000000 -1.000000 0.728933 -1.000000
4.000000 38.000000 -1.000000 -1.000000 0.728933 -1.000000
4.000000 39.000000 -1.000000 -1.000000 0.728933 -1.000000
4.000000 40.000000 -1.000000 -1.000000 0.728933 -1.000000
4.000000 41.000000 -1.000000 -1.000000 0.728933 -1.000000
4.000000 42.000000 -1.000000 -1.000000 0.728933 -1.000000
4.000000 43.000000 -1.000000 -1.000000 0.728933 -1.000000
4.000000 44.000000 -1.000000 -1.000000 0.728933 -1.000000
4.000000 45.000000 -1.000000 -1.000000 0.728933 -1.000000
4.000000 46.000000 -1.000000 -1.000000 0.728933 -1.000000
4.000000 47.000000 -1.000000 -1.000000 0.728933 -1.000000
4.000000 48.000000 -1.000000 -1.000000 0.728933 -1.000000
4.000000 49.000000 -1.000000 -1.000000 0.728933 -1.000000
5.000000 0.000000 -1.000000 -1.000000 0.728933 -1.000000
5.000000 1.000000 -1.000000 -1.000000 0.728933 -1.000000
5.000000 2.000000 -1.000000 -1.000000 0.728933 -1.000000
5.000000 3.000000 -1.000000 -1.000000 0.724214 -1.000000
5.000000 4.000000 -1.000000 -1.000000 0.719493 -1.000000
5.000000 5.000000 -1.000000 -1.000000 0.715867 -1.000000
5.000000 6.000000 -1.000000 -1.000000 0.695526 -1.000000
5.000000 7.000000 -1.000000 -1.000000 0.682774 -1.000000
5.000000 8.000000 -1.000000 -1.000000 0.684969 -1.000000
5.000000 9.000000 -1.000000 -1.000000 0.655107 -1.000000
5.000000 10.000000 -1.000000 -1.000000 0.513448 -0.916121
5.000000 11.000000 -0.904896 -1.000000 0.213104 -0.635627
5.000000 12.000000 -0.372120 -1.000000 -0.310293 -0.138702
5.000000 13.000000 0.443773 -1.000000 -0.974869 0.461715
5.000000 14.000000 1.000000 -0.853650 -1.000000 1.000000
5.000000 15.000000 1.000000 -0.178464 -1.000000 1.000000
5.000000 16.000000 1.000000 -0.262799 -1.000000 1.000000
5.000000 17.000000 0.934682 -0.540354 -1.000000 0.376572
5.000000 18.000000 -0.274710 -1.000000 0.008949 -0.543636
5.000000 19.000000 -1.000000 -1.000000 -0.142499 -0.205497
5.000000 20.000000 -1.000000 -1.000000 0.451446 -0.861118
5.000000 21.000000 -1.000000 -1.000000 0.512060 -0.915699
5.000000 22.000000 -1.000000 -1.000000 0.482062 -0.887294
5.000000 23.000000 -1.000000 -1.000000 0.460021 -0.866628
5.000000 24.000000 -1.000000 -1.000000 0.387368 -0.798805
5.000000 25.000000 -1.000000 -1.000000 0.335543 -0.751063
5.000000 26.000000 -0.974978 -1.000000 0.276612 -0.695687
5.000000 27.000000 -0.839715 -1.000000 0.153347 -0.580736
5.000000 28.000000 -0.741066 -1.000000 0.061290 -0.495982
5.000000 29.000000 -0.539484 -1.000000 -0.136730 -0.309681
5.000000 30.000000 -0.358739 -1.000000 -0.280934 -0.184758
5.000000 31.000000 -0.283228 -1.000000 -0.334149 -0.143470
5.000000 32.000000 -0.514523 -1.000000 -0.114011 -0.353507
5.000000 33.000000 -0.665769 -1.000000 -0.009212 -0.437870
5.000000 34.000000 -0.747337 -1.000000 0.050761 -0.487688
5.000000 35.000000 -0.830504 -1.000000 0.096461 -0.524055
5.000000 36.000000 -0.889926 -1.000000 0.170208 -0.595216
5.000000 37.000000 -0.911729 -1.000000 0.162978 -0.582066
5.000000 38.000000 -0.982233 -1.000000 0.267886 -0.686796
5.000000 39.000000 -1.000000 -1.000000 0.305873 -0.712911
5.000000 40.000000 -1.000000 -1.000000 0.331263 -0.747028
5.000000 41.000000 -1.000000 -1.000000 0.363303 -0.776943
5.000000 42.000000 -1.000000 -1.000000 0.349256 -0.763503
5.000000 43.000000 -1.000000 -1.000000 0.341106 -0.756038
5.000000 44.000000 -0.972040 -1.000000 0.274017 -0.693187
5.000000 45.000000 -1.000000 -1.000000 0.352234 -0.767011
5.000000 46.000000 -1.000000 -1.000000 0.409884 -0.820156
5.000000 47.000000 -1.000000 -1.000000 0.409884 -0.820156
5.000000 48.000000 -1.000000 -1.000000 0.392534 -0.803774
5.000000 49.000000 -1.000000 -1.000000 0.366638 -0.779925
6.000000 0.000000 -1.000000 -1.000000 0.728933 -1.000000
6.000000 1.000000 -1.000000 -1.000000 0.728933 -1.000000
6.000000 2.000000 -1.000000 -1.000000 0.724214 -1.000000
6.000000 3.000000 -1.000000 -1.000000 0.728933 -1.000000
6.000000 4.000000 -1.000000 -1.000000 0.728933 -1.000000
6.000000 5.000000 -1.000000 -1.000000 0.728933 -1.000000
6.000000 6.000000 -1.000000 -1.000000 0.728933 -1.000000
6.000000 7.000000 -1.000000 -1.000000 0.728933 -1.000000
6.000000 8.000000 -1.000000 -1.000000 0.728933 -1.000000
6.000000 9.000000 -1.000000 -1.000000 0.728933 -1.000000
6.000000 10.000000 -1.000000 -1.000000 0.728933 -1.000000
6.000000 11.000000 -1.000000 -1.000000 0.728933 -1.000000
6.000000 12.000000 -1.000000 -1.000000 0.728933 -1.000000
6.000000 13.000000 -1.000000 -1.000000 0.728933 -1.000000
6.000000 14.000000 -1.000000 -1.000000 0.728933 -1.000000
6.000000 15.000000 -1.000000 -1.000000 0.728933 -1.000000
6.000000 16.000000 -1.000000 -1.000000 0.728933 -1.000000
6.000000 17.000000 -1.000000 -1.000000 0.728933 -1.000000
6.000000 18.000000 -1.000000 -1.000000 0.728933 -1.000000
6.000000 19.000000 -1.000000 -1.000000 0.728933 -1.000000
6.000000 20.000000 -1.000000 -1.000000 0.728933 -1.000000
6.000000 21.000000 -1.000000 -1.000000 0.728933 -1.000000
6.000000 22.000000 -1.000000 -1.000000 0.728933 -1.000000
6.000000 23.000000 -1.000000 -1.000000 0.728933 -1.000000
6.000000 24.000000 -1.000000 -1.000000 0.728933 -1.000000
6.000000 25.000000 -1.000000 -1.000000 0.728933 -1.000000
6.000000 26.000000 -1.000000 -1.000000 0.728933 -1.000000
6.000000 27.000000 -1.000000 -1.000000 0.728933 -1.000000
6.000000 28.000000 -1.000000 -1.000000 0.728933 -1.000000
6.000000 29.000000 -1.000000 -1.000000 0.728933 -1.000000
6.000000 30.000000 -1.000000 -1.000000 0.728933 -1.000000
6.000000 31.000000 -1.000000 -1.000000 0.728933 -1.000000
6.000000 32.000000 -1.000000 -1.000000 0.728933 -1.000000
6.000000 33.000000 -1.000000 -1.000000 0.728933 -1.000000
6.000000 34.000000 -1.000000 -1.000000 0.728933 -1.000000
6.000000 35.000000 -1.000000 -1.000000 0.728933 -1.000000
6.000000 36.000000 -1.000000 -1.000000 0.728933 -1.000000
6.000000 37.000000 -1.000000 -1.000000 0.728933 -1.000000
6.000000 38.000000 -1.000000 -1.000000 0.728933 -1.000000
6.000000 39.000000 -1.000000 -1.000000 0.728933 -1.000000
6.000000 40.000000 -1.000000 -1.000000 0.728933 -1.000000
6.000000 41.000000 -1.000000 -1.000000 0.728933 -1.000000
6.000000 42.000000 -1.000000 -1.000000 0.728933 -1.000000
6.000000 43.000000 -1.000000 -1.000000 0.728933 -1.000000
6.000000 44.000000 -1.000000 -1.000000 0.728933 -1.000000
6.000000 45.000000 -1.000000 -1.000000 0.728933 -1.000000
6.000000 46.000000 -1.000000 -1.000000 0.728933 -1.000000
6.000000 47.000000 -1.000000 -1.000000 0.728933 -1.000000
6.000000 48.000000 -1.000000 -1.000000 0.728933 -1.000000
6.000000 49.000000 -1.000000 -1.000000 0.728933 -1.000000
7.000000 0.000000 -1.000000 -1.000000 0.728933 -1.000000
7.000000 1.000000 -1.000000 -1.000000 0.728933 -1.000000
7.000000 2.000000 -1.000000 -1.000000 0.724214 -1.000000
7.000000 3.000000 -1.000000 -1.000000 0.724214 -1.000000
7.000000 4.000000 -1.000000 -1.000000 0.720588 -1.000000
7.000000 5.000000 -1.000000 -1.000000 0.724214 -1.000000
7.000000 6.000000 -1.000000 -1.000000 0.724214 -1.000000
7.000000 7.000000 -1.000000 -1.000000 0.725308 -1.000000
7.000000 8.000000 -1.000000 -1.000000 0.720588 -1.000000
7.000000 9.000000 -1.000000 -1.000000 0.677697 -1.000000
7.000000 10.000000 -1.000000 -1.000000 0.631386 -1.000000
7.000000 11.000000 -1.000000 -1.000000 0.575072 -0.973694
7.000000 12.000000 -1.000000 -1.000000 0.402171 -0.812208
7.000000 13.000000 -0.652391 -1.000000 -0.019081 -0.418357
7.000000 14.000000 0.346111 -1.000000 -0.968422 0.481272
7.000000 15.000000 1.000000 -0.921292 -1.000000 1.000000
7.000000 16.000000 1.000000 -0.125153 -1.000000 1.000000
7.000000 17.000000 1.000000 -0.250304 -1.000000 1.000000
7.000000 18.000000 0.982925 -0.507767 -1.000000 0.413131
7.000000 19.000000 -0.243965 -1.000000 0.000847 -0.536863
7.000000 20.000000 -1.000000 -1.000000 -0.137544 -0.212963
7.000000 21.000000 -1.000000 -1.000000 0.466611 -0.875136
7.000000 22.000000 -1.000000 -1.000000 0.566316 -0.966294
7.000000 23.000000 -1.000000 -1.000000 0.591468 -0.989293
7.000000 24.000000 -1.000000 -1.000000 0.610529 -1.000000
7.000000 25.000000 -1.000000 -1.000000 0.607979 -1.000000
7.000000 26.000000 -1.000000 -1.000000 0.579082 -0.977617
7.000000 27.000000 -1.000000 -1.000000 0.560024 -0.959932
7.000000 28.000000 -1.000000 -1.000000 0.498354 -0.902305
7.000000 29.000000 -1.000000 -1.000000 0.389590 -0.800791
7.000000 30.000000 -1.000000 -1.000000 0.316662 -0.733116
7.000000 31.000000 -0.911159 -1.000000 0.217557 -0.640679
7.000000 32.000000 -0.840811 -1.000000 0.137788 -0.564088
7.000000 33.000000 -0.790646 -1.000000 0.092697 -0.523541
7.000000 34.000000 -0.729699 -1.000000 0.026103 -0.460938
7.000000 35.000000 -0.709867 -1.000000 0.024114 -0.463287
7.000000 36.000000 -0.645302 -1.000000 -0.052500 -0.388586
7.000000 37.000000 -0.610251 -1.000000 -0.069821 -0.376860
7.000000 38.000000 -0.612039 -1.000000 -0.062773 -0.385110
7.000000 39.000000 -0.637701 -1.000000 -0.057468 -0.387559
7.000000 40.000000 -0.749393 -1.000000 0.061622 -0.501864
7.000000 41.000000 -0.906779 -1.000000 0.151244 -0.573592
7.000000 42.000000 -0.960837 -1.000000 0.155078 -0.565585
7.000000 43.000000 -1.000000 -1.000000 0.186174 -0.589493
7.000000 44.000000 -1.000000 -1.000000 0.323083 -0.740219
7.000000 45.000000 -1.000000 -1.000000 0.400392 -0.811653
7.000000 46.000000 -1.000000 -1.000000 0.463260 -0.869916
7.000000 47.000000 -1.000000 -1.000000 0.468534 -0.874639
7.000000 48.000000 -1.000000 -1.000000 0.395117 -0.806258
7.000000 49.000000 -1.000000 -1.000000 0.374058 -0.786380
8.000000 0.000000 -1.000000 -1.000000 0.728933 -1.000000
8.000000 1.000000 -1.000000 -1.000000 0.728933 -1.000000
8.000000 2.000000 -1.000000 -1.000000 0.724214 -1.000000
8.000000 3.000000 -1.000000 -1.000000 0.719493 -1.000000
8.000000 4.000000 -1.000000 -1.000000 0.707515 -1.000000
8.000000 5.000000 -1.000000 -1.000000 0.666783 -1.000000
8.000000 6.000000 -1.000000 -1.000000 0.447939 -0.854847
8.000000 7.000000 -0.907549 -1.000000 0.214585 -0.637663
8.000000 8.000000 -0.586107 -1.000000 -0.203284 -0.223161
8.000000 9.000000 0.509333 -1.000000 -1.000000 0.584693
8.000000 10.000000 1.000000 -0.778443 -1.000000 1.000000
8.000000 11.000000 1.000000 -0.134160 -1.000000 1.000000
8.000000 12.000000 1.000000 -0.234584 -1.000000 1.000000
8.000000 13.000000 0.808673 -0.564169 -0.879613 0.264280
8.000000 14.000000 -0.386771 -1.000000 -0.056528 -0.459719
8.000000 15.000000 -1.000000 -1.000000 0.112202 -0.488495
8.000000 16.000000 -1.000000 -1.000000 0.606053 -1.000000
8.000000 17.000000 -1.000000 -1.000000 0.686948 -1.000000
8.000000 18.000000 -1.000000 -1.000000 0.676600 -1.000000
8.000000 19.000000 -1.000000 -1.000000 0.619338 -1.000000
8.000000 20.000000 -1.000000 -1.000000 0.575773 -0.974668
8.000000 21.000000 -1.000000 -1.000000 0.583843 -0.982035
8.000000 22.000000 -1.000000 -1.000000 0.589706 -0.987434
8.000000 23.000000 -1.000000 -1.000000 0.577979 -0.976635
8.000000 24.000000 -1.000000 -1.000000 0.525169 -0.927452
8.000000 25.000000 -1.000000 -1.000000 0.478465 -0.884030
8.000000 26.000000 -1.000000 -1.000000 0.476250 -0.882053
8.000000 27.000000 -1.000000 -1.000000 0.426502 -0.835529
8.000000 28.000000 -1.000000 -1.000000 0.358517 -0.771959
8.000000 29.000000 -1.000000 -1.000000 0.337404 -0.752551
8.000000 30.000000 -1.000000 -1.000000 0.329635 -0.745073
8.000000 31.000000 -0.944141 -1.000000 0.248400 -0.669191
8.000000 32.000000 -0.865104 -1.000000 0.158806 -0.582991
8.000000 33.000000 -0.721290 -1.000000 0.044939 -0.481102
8.000000 34.000000 -0.584075 -1.000000 -0.089398 -0.356202
8.000000 35.000000 -0.594662 -1.000000 -0.073879 -0.376243
8.000000 36.000000 -0.699390 -1.000000 0.016884 -0.460650
8.000000 37.000000 -0.836191 -1.000000 0.088874 -0.517009
8.000000 38.000000 -0.992924 -1.000000 0.258217 -0.677257
8.000000 39.000000 -1.000000 -1.000000 -0.040071 -0.237545
8.000000 40.000000 -1.000000 -1.000000 0.411366 -0.822008
8.000000 41.000000 -1.000000 -1.000000 0.351917 -0.766326
8.000000 42.000000 -1.000000 -1.000000 0.388503 -0.800478
8.000000 43.000000 -1.000000 -1.000000 0.315549 -0.732120
8.000000 44.000000 -0.979054 -1.000000 0.280322 -0.699185
8.000000 45.000000 -0.964154 -1.000000 0.267447 -0.687481
8.000000 46.000000 -0.923490 -1.000000 0.230944 -0.653505
8.000000 47.000000 -0.919914 -1.000000 0.191923 -0.612004
8.000000 48.000000 -0.984563 -1.000000 0.257752 -0.674516
8.000000 49.000000 -1.000000 -1.000000 0.237646 -0.648267
9.000000 0.000000 -1.000000 -1.000000 0.728933 -1.000000
9.000000 1.000000 -1.000000 -1.000000 0.728933 -1.000000
9.000000 2.000000 -1.000000 -1.000000 0.728933 -1.000000
9.000000 3.000000 -1.000000 -1.000000 0.720588 -1.000000
9.000000 4.000000 -1.000000 -1.000000 0.714771 -1.000000
9.000000 5.000000 -1.000000 -1.000000 0.719493 -1.000000
9.000000 6.000000 -1.000000 -1.000000 0.704981 -1.000000
9.000000 7.000000 -1.000000 -1.000000 0.654008 -1.000000
9.000000 8.000000 -1.000000 -1.000000 0.573969 -0.972711
9.000000 9.000000 -1.000000 -1.000000 0.410275 -0.820153
9.000000 10.000000 -0.900805 -1.000000 0.209385 -0.632118
9.000000 11.000000 -0.328009 -1.000000 -0.386046 -0.060947
9.000000 12.000000 0.623282 -1.000000 -1.000000 0.610492
9.000000 13.000000 1.000000 -0.599627 -1.000000 1.000000
9.000000 14.000000 1.000000 -0.076095 -1.000000 1.000000
9.000000 15.000000 1.000000 -0.253813 -1.000000 1.000000
9.000000 16.000000 0.823750 -0.581223 -0.904481 0.288063
9.000000 17.000000 -0.461560 -1.000000 0.015584 -0.526985
9.000000 18.000000 -1.000000 -1.000000 0.130749 -0.505598
9.000000 19.000000 -1.000000 -1.000000 0.499903 -0.905273
9.000000 20.000000 -1.000000 -1.000000 0.539064 -0.940796
9.000000 21.000000 -1.000000 -1.000000 0.538652 -0.939986
9.000000 22.000000 -1.000000 -1.000000 0.511590 -0.914638
9.000000 23.000000 -1.000000 -1.000000 0.468890 -0.875133
9.000000 24.000000 -1.000000 -1.000000 0.432768 -0.841476
9.000000 25.000000 -1.000000 -1.000000 0.390312 -0.801788
9.000000 26.000000 -1.000000 -1.000000 0.310000 -0.726626
9.000000 27.000000 -0.911822 -1.000000 0.217927 -0.641188
9.000000 28.000000 -0.801995 -1.000000 0.122219 -0.552757
9.000000 29.000000 -0.777830 -1.000000 0.077316 -0.508879
9.000000 30.000000 -0.652638 -1.000000 -0.034277 -0.405524
9.000000 31.000000 -0.517032 -1.000000 -0.152576 -0.299046
9.000000 32.000000 -0.482631 -1.000000 -0.176171 -0.282841
9.000000 33.000000 -0.527976 -1.000000 -0.132667 -0.325239
9.000000 34.000000 -0.621536 -1.000000 -0.046413 -0.404083
9.000000 35.000000 -0.788407 -1.000000 0.085033 -0.521200
9.000000 36.000000 -0.984628 -1.000000 0.207886 -0.623232
9.000000 37.000000 -1.000000 -1.000000 0.098872 -0.430190
9.000000 38.000000 -1.000000 -1.000000 0.384059 -0.796730
9.000000 39.000000 -1.000000 -1.000000 0.352709 -0.766919
9.000000 40.000000 -1.000000 -1.000000 0.311630 -0.728584
9.000000 41.000000 -0.992415 -1.000000 0.292562 -0.710669
9.000000 42.000000 -0.956635 -1.000000 0.260072 -0.680290
9.000000 43.000000 -0.849274 -1.000000 0.162650 -0.589937
9.000000 44.000000 -0.860643 -1.000000 0.169833 -0.597119
9.000000 45.000000 -0.801723 -1.000000 0.100065 -0.529612
9.000000 46.000000 -0.716904 -1.000000 0.010673 -0.445326
9.000000 47.000000 -0.766400 -1.000000 0.075126 -0.510834
9.000000 48.000000 -0.812089 -1.000000 0.091948 -0.521675
9.000000 49.000000 -0.859998 -1.000000 0.152108 -0.579878
10.000000 0.000000 -1.000000 -1.000000 0.728933 -1.000000
10.000000 1.000000 -1.000000 -1.000000 0.728933 -1.000000
10.000000 2.000000 -1.000000 -1.000000 0.724214 -1.000000
10.000000 3.000000 -1.000000 -1.000000 0.724214 -1.000000
10.000000 4.000000 -1.000000 -1.000000 0.728933 -1.000000
10.000000 5.000000 -1.000000 -1.000000 0.728933 -1.000000
10.000000 6.000000 -1.000000 -1.000000 0.728933 -1.000000
10.000000 7.000000 -1.000000 -1.000000 0.728933 -1.000000
10.000000 8.000000 -1.000000 -1.000000 0.728933 -1.000000
10.000000 9.000000 -1.000000 -1.000000 0.728933 -1.000000
10.000000 10.000000 -1.000000 -1.000000 0.728933 -1.000000
10.000000 11.000000 -1.000000 -1.000000 0.728933 -1.000000
10.000000 12.000000 -1.000000 -1.000000 0.728933 -1.000000
10.000000 13.000000 -1.000000 -1.000000 0.728933 -1.000000
10.000000 14.000000 -1.000000 -1.000000 0.728933 -1.000000
10.000000 15.000000 -1.000000 -1.000000 0.728933 -1.000000
10.000000 16.000000 -1.000000 -1.000000 0.728933 -1.000000
10.000000 17.000000 -1.000000 -1.000000 0.728933 -1.000000
10.000000 18.000000 -1.000000 -1.000000 0.728933 -1.000000
10.000000 19.000000 -1.000000 -1.000000 0.728933 -1.000000
10.000000 20.000000 -1.000000 -1.000000 0.728933 -1.000000
10.000000 21.000000 -1.000000 -1.000000 0.728933 -1.000000
10.000000 22.000000 -1.000000 -1.000000 0.728933 -1.000000
10.000000 23.000000 -1.000000 -1.000000 0.728933 -1.000000
10.000000 24.000000 -1.000000 -1.000000 0.728933 -1.000000
10.000000 25.000000 -1.000000 -1.000000 0.728933 -1.000000
10.000000 26.000000 -1.000000 -1.000000 0.728933 -1.000000
10.000000 27.000000 -1.000000 -1.000000 0.728933 -1.000000
10.000000 28.000000 -1.000000 -1.000000 0.728933 -1.000000
10.000000 29.000000 -1.000000 -1.000000 0.728933 -1.000000
10.000000 30.000000 -1.000000 -1.000000 0.728933 -1.000000
10.000000 31.000000 -1.000000 -1.000000 0.728933 -1.000000
10.000000 32.000000 -1.000000 -1.000000 0.728933 -1.000000
10.000000 33.000000 -1.000000 -1.000000 0.728933 -1.000000
10.000000 34.000000 -1.000000 -1.000000 0.728933 -1.000000
10.000000 35.000000 -1.000000 -1.000000 0.728933 -1.000000
10.000000 36.000000 -1.000000 -1.000000 0.728933 -1.000000
10.000000 37.000000 -1.000000 -1.000000 0.728933 -1.000000
10.000000 38.000000 -1.000000 -1.000000 0.728933 -1.000000
10.000000 39.000000 -1.000000 -1.000000 0.728933 -1.000000
10.000000 40.000000 -1.000000 -1.000000 0.728933 -1.000000
10.000000 41.000000 -1.000000 -1.000000 0.728933 -1.000000
10.000000 42.000000 -1.000000 -1.000000 0.728933 -1.000000
10.000000 43.000000 -1.000000 -1.000000 0.728933 -1.000000
10.000000 44.000000 -1.000000 -1.000000 0.728933 -1.000000
10.000000 45.000000 -1.000000 -1.000000 0.728933 -1.000000
10.000000 46.000000 -1.000000 -1.000000 0.728933 -1.000000
10.000000 47.000000 -1.000000 -1.000000 0.728933 -1.000000
10.000000 48.000000 -1.000000 -1.000000 0.728933 -1.000000
10.000000 49.000000 -1.000000 -1.000000 0.728933 -1.000000
11.000000 0.000000 -1.000000 -1.000000 0.728933 -1.000000
11.000000 1.000000 -1.000000 -1.000000 0.728933 -1.000000
11.000000 2.000000 -1.000000 -1.000000 0.724214 -1.000000
11.000000 3.000000 -1.000000 -1.000000 0.724214 -1.000000
11.000000 4.000000 -1.000000 -1.000000 0.724214 -1.000000
11.000000 5.000000 -1.000000 -1.000000 0.724214 -1.000000
11.000000 6.000000 -1.000000 -1.000000 0.728933 -1.000000
11.000000 7.000000 -1.000000 -1.000000 0.728933 -1.000000
11.000000 8.000000 -1.000000 -1.000000 0.728933 -1.000000
11.000000 9.000000 -1.000000 -1.000000 0.728933 -1.000000
11.000000 10.000000 -1.000000 -1.000000 0.728933 -1.000000
11.000000 11.000000 -1.000000 -1.000000 0.728933 -1.000000
11.000000 12.000000 -1.000000 -1.000000 0.728933 -1.000000
11.000000 13.000000 -1.000000 -1.000000 0.728933 -1.000000
11.000000 14.000000 -1.000000 -1.000000 0.728933 -1.000000
11.000000 15.000000 -1.000000 -1.000000 0.728933 -1.000000
11.000000 16.000000 -1.000000 -1.000000 0.728933 -1.000000
11.000000 17.000000 -1.000000 -1.000000 0.728933 -1.000000
11.000000 18.000000 -1.000000 -1.000000 0.728933 -1.000000
11.000000 19.000000 -1.000000 -1.000000 0.728933 -1.000000
11.000000 20.000000 -1.000000 -1.000000 0.728933 -1.000000
11.000000 21.000000 -1.000000 -1.000000 0.728933 -1.000000
11.000000 22.000000 -1.000000 -1.000000 0.728933 -1.000000
11.000000 23.000000 -1.000000 -1.000000 0.728933 -1.000000
11.000000 24.000000 -1.000000 -1.000000 0.728933 -1.000000
11.000000 25.000000 -1.000000 -1.000000 0.728933 -1.000000
11.000000 26.000000 -1.000000 -1.000000 0.728933 -1.000000
11.000000 27.000000 -1.000000 -1.000000 0.728933 -1.000000
11.000000 28.000000 -1.000000 -1.000000 0.728933 -1.000000
11.000000 29.000000 -1.000000 -1.000000 0.728933 -1.000000
11.000000 30.000000 -1.000000 -1.000000 0.728933 -1.000000
11.000000 31.000000 -1.000000 -1.000000 0.728933 -1.000000
11.000000 32.000000 -1.000000 -1.000000 0.728933 -1.000000
11.000000 33.000000 -1.000000 -1.000000 0.728933 -1.000000
11.000000 34.000000 -1.000000 -1.000000 0.728933 -1.000000
11.000000 35.000000 -1.000000 -1.000000 0.728933 -1.000000
11.000000 36.000000 -1.000000 -1.000000 0.728933 -1.000000
11.000000 37.000000 -1.000000 -1.000000 0.728933 -1.000000
11.000000 38.000000 -1.000000 -1.000000 0.728933 -1.000000
11.000000 39.000000 -1.000000 -1.000000 0.728933 -1.000000
11.000000 40.000000 -1.000000 -1.000000 0.728933 -1.000000
11.000000 41.000000 -1.000000 -1.000000 0.728933 -1.000000
11.000000 42.000000 -1.000000 -1.000000 0.728933 -1.000000
11.000000 43.000000 -1.000000 -1.000000 0.728933 -1.000000
11.000000 44.000000 -1.000000 -1.000000 0.728933 -1.000000
11.000000 45.000000 -1.000000 -1.000000 0.728933 -1.000000
11.000000 46.000000 -1.000000 -1.000000 0.728933 -1.000000
11.000000 47.000000 -1.000000 -1.000000 0.728933 -1.000000
11.000000 48.000000 -1.000000 -1.000000 0.728933 -1.000000
11.000000 49.000000 -1.000000 -1.000000 0.728933 -1.000000
12.000000 0.000000 -1.000000 -1.000000 0.728933 -1.000000
12.000000 1.000000 -1.000000 -1.000000 0.728933 -1.000000
12.000000 2.000000 -1.000000 -1.000000 0.728933 -1.000000
12.000000 3.000000 -1.000000 -1.000000 0.725308 -1.000000
12.000000 4.000000 -1.000000 -1.000000 0.715867 -1.000000
12.000000 5.000000 -1.000000 -1.000000 0.684969 -1.000000
12.000000 6.000000 -1.000000 -1.000000 0.660946 -1.000000
12.000000 7.000000 -1.000000 -1.000000 0.588254 -0.985965
12.000000 8.000000 -1.000000 -1.000000 0.425785 -0.834535
12.000000 9.000000 -0.890043 -1.000000 0.198597 -0.622628
12.000000 10.000000 -0.459026 -1.000000 -0.288513 -0.148125
12.000000 11.000000 0.311991 -1.000000 -0.879205 0.375889
12.000000 12.000000 1.000000 -1.000000 -1.000000 0.985763
12.000000 13.000000 1.000000 -0.150487 -1.000000 1.000000
12.000000 14.000000 1.000000 -0.191090 -1.000000 1.000000
12.000000 15.000000 1.000000 -0.475886 -1.000000 0.741704
12.000000 16.000000 -0.180459 -0.871800 0.003643 -0.543067
12.000000 17.000000 -0.963989 -1.000000 0.066369 -0.469578
12.000000 18.000000 -1.000000 -1.000000 0.563252 -0.964585
12.000000 19.000000 -1.000000 -1.000000 0.656338 -1.000000
12.000000 20.000000 -1.000000 -1.000000 0.664629 -1.000000
12.000000 21.000000 -1.000000 -1.000000 0.628084 -1.000000
12.000000 22.000000 -1.000000 -1.000000 0.620439 -1.000000
12.000000 23.000000 -1.000000 -1.000000 0.593013 -0.990380
12.000000 24.000000 -1.000000 -1.000000 0.491357 -0.895886
12.000000 25.000000 -1.000000 -1.000000 0.439782 -0.847916
12.000000 26.000000 -1.000000 -1.000000 0.327409 -0.743083
12.000000 27.000000 -0.981154 -1.000000 0.282931 -0.701166
12.000000 28.000000 -0.854199 -1.000000 0.165744 -0.592598
12.000000 29.000000 -0.634624 -1.000000 -0.050491 -0.388542
12.000000 30.000000 -0.544924 -1.000000 -0.101941 -0.350805
12.000000 31.000000 -0.530587 -1.000000 -0.141256 -0.312246
12.000000 32.000000 -0.584957 -1.000000 -0.097783 -0.354433
12.000000 33.000000 -0.772729 -1.000000 0.068481 -0.507531
12.000000 34.000000 -0.966383 -1.000000 0.254321 -0.677882
12.000000 35.000000 -1.000000 -1.000000 0.177662 -0.560411
12.000000 36.000000 -1.000000 -1.000000 0.380922 -0.793643
12.000000 37.000000 -1.000000 -1.000000 0.356847 -0.770573
12.000000 38.000000 -0.983014 -1.000000 0.283775 -0.702536
12.000000 39.000000 -0.902708 -1.000000 0.210339 -0.634270
12.000000 40.000000 -0.943960 -1.000000 0.234452 -0.655089
12.000000 41.000000 -0.893336 -1.000000 0.085234 -0.496334
12.000000 42.000000 -0.804678 -1.000000 0.126382 -0.558313
12.000000 43.000000 -0.849450 -1.000000 0.124675 -0.550782
12.000000 44.000000 -0.894027 -1.000000 0.154072 -0.576020
12.000000 45.000000 -0.951604 -1.000000 0.206429 -0.624112
12.000000 46.000000 -0.992095 -1.000000 0.236585 -0.649484
12.000000 47.000000 -1.000000 -1.000000 0.186596 -0.588112
12.000000 48.000000 -0.987861 -1.000000 0.288107 -0.706682
12.000000 49.000000 -1.000000 -1.000000 0.340594 -0.755615
13.000000 0.000000 -1.000000 -1.000000 0.728933 -1.000000
13.000000 1.000000 -1.000000 -1.000000 0.728933 -1.000000
13.000000 2.000000 -1.000000 -1.000000 0.728933 -1.000000
13.000000 3.000000 -1.000000 -1.000000 0.724214 -1.000000
13.000000 4.000000 -1.000000 -1.000000 0.724214 -1.000000
13.000000 5.000000 -1.000000 -1.000000 0.724214 -1.000000
13.000000 6.000000 -1.000000 -1.000000 0.728933 -1.000000
13.000000 7.000000 -1.000000 -1.000000 0.728933 -1.000000
13.000000 8.000000 -1.000000 -1.000000 0.728933 -1.000000
13.000000 9.000000 -1.000000 -1.000000 0.728933 -1.000000
13.000000 10.000000 -1.000000 -1.000000 0.728933 -1.000000
13.000000 11.000000 -1.000000 -1.000000 0.728933 -1.000000
13.000000 12.000000 -1.000000 -1.000000 0.728933 -1.000000
13.000000 13.000000 -1.000000 -1.000000 0.728933 -1.000000
13.000000 14.000000 -1.000000 -1.000000 0.728933 -1.000000
13.000000 15.000000 -1.000000 -1.000000 0.728933 -1.000000
13.000000 16.000000 -1.000000 -1.000000 0.728933 -1.000000
13.000000 17.000000 -1.000000 -1.000000 0.728933 -1.000000
13.000000 18.000000 -1.000000 -1.000000 0.728933 -1.000000
13.000000 19.000000 -1.000000 -1.000000 0.728933 -1.000000
13.000000 20.000000 -1.000000 -1.000000 0.728933 -1.000000
13.000000 21.000000 -1.000000 -1.000000 0.728933 -1.000000
13.000000 22.000000 -1.000000 -1.000000 0.728933 -1.000000
13.000000 23.000000 -1.000000 -1.000000 0.728933 -1.000000
13.000000 24.000000 -1.000000 -1.000000 0.728933 -1.000000
13.000000 25.000000 -1.000000 -1.000000 0.728933 -1.000000
13.000000 26.000000 -1.000000 -1.000000 0.728933 -1.000000
13.000000 27.000000 -1.000000 -1.000000 0.728933 -1.000000
13.000000 28.000000 -1.000000 -1.000000 0.728933 -1.000000
13.000000 29.000000 -1.000000 -1.000000 0.728933 -1.000000
13.000000 30.000000 -1.000000 -1.000000 0.728933 -1.000000
13.000000 31.000000 -1.000000 -1.000000 0.728933 -1.000000
13.000000 32.000000 -1.000000 -1.000000 0.728933 -1.000000
13.000000 33.000000 -1.000000 -1.000000 0.728933 -1.000000
13.000000 34.000000 -1.000000 -1.000000 0.728933 -1.000000
13.000000 35.000000 -1.000000 -1.000000 0.728933 -1.000000
13.000000 36.000000 -1.000000 -1.000000 0.728933 -1.000000
13.000000 37.000000 -1.000000 -1.000000 0.728933 -1.000000
13.000000 38.000000 -1.000000 -1.000000 0.728933 -1.000000
13.000000 39.000000 -1.000000 -1.000000 0.728933 -1.000000
13.000000 40.000000 -1.000000 -1.000000 0.728933 -1.000000
13.000000 41.000000 -1.000000 -1.000000 0.728933 -1.000000
13.000000 42.000000 -1.000000 -1.000000 0.728933 -1.000000
13.000000 43.000000 -1.000000 -1.000000 0.728933 -1.000000
13.000000 44.000000 -1.000000 -1.000000 0.728933 -1.000000
13.000000 45.000000 -1.000000 -1.000000 0.728933 -1.000000
13.000000 46.000000 -1.000000 -1.000000 0.728933 -1.000000
13.000000 47.000000 -1.000000 -1.000000 0.728933 -1.000000
13.000000 48.000000 -1.000000 -1.000000 0.728933 -1.000000
13.000000 49.000000 -1.000000 -1.000000 0.728933 -1.000000
14.000000 0.000000 -1.000000 -1.000000 0.728933 -1.000000
14.000000 1.000000 -1.000000 -1.000000 0.728933 -1.000000
14.000000 2.000000 -1.000000 -1.000000 0.728933 -1.000000
14.000000 3.000000 -1.000000 -1.000000 0.724214 -1.000000
14.000000 4.000000 -1.000000 -1.000000 0.719493 -1.000000
14.000000 5.000000 -1.000000 -1.000000 0.719493 -1.000000
14.000000 6.000000 -1.000000 -1.000000 0.724214 -1.000000
14.000000 7.000000 -1.000000 -1.000000 0.724214 -1.000000
14.000000 8.000000 -1.000000 -1.000000 0.724214 -1.000000
14.000000 9.000000 -1.000000 -1.000000 0.710048 -1.000000
14.000000 10.000000 -1.000000 -1.000000 0.700254 -1.000000
14.000000 11.000000 -1.000000 -1.000000 0.687506 -1.000000
14.000000 12.000000 -1.000000 -1.000000 0.671864 -1.000000
14.000000 13.000000 -1.000000 -1.000000 0.652909 -1.000000
14.000000 14.000000 -1.000000 -1.000000 0.639779 -1.000000
14.000000 15.000000 -1.000000 -1.000000 0.599975 -0.996758
14.000000 16.000000 -1.000000 -1.000000 0.318926 -0.734080
14.000000 17.000000 -0.533866 -1.000000 -0.128086 -0.316353
14.000000 18.000000 0.264711 -1.000000 -0.873573 0.382223
14.000000 19.000000 1.000000 -0.954087 -1.000000 1.000000
14.000000 20.000000 1.000000 -0.056657 -1.000000 1.000000
14.000000 21.000000 1.000000 -0.150899 -1.000000 1.000000
14.000000 22.000000 1.000000 -0.471233 -1.000000 0.853547
14.000000 23.000000 -0.267032 -0.866068 0.092938 -0.627339
14.000000 24.000000 -0.967264 -1.000000 0.121816 -0.532770
14.000000 25.000000 -1.000000 -1.000000 0.531032 -0.934832
14.000000 26.000000 -1.000000 -1.000000 0.594875 -0.992725
14.000000 27.000000 -1.000000 -1.000000 0.612998 -1.000000
14.000000 28.000000 -1.000000 -1.000000 0.613833 -1.000000
14.000000 29.000000 -1.000000 -1.000000 0.592260 -0.989884
14.000000 30.000000 -1.000000 -1.000000 0.584193 -0.982522
14.000000 31.000000 -1.000000 -1.000000 0.510483 -0.913652
14.000000 32.000000 -1.000000 -1.000000 0.432768 -0.841476
14.000000 33.000000 -1.000000 -1.000000 0.414685 -0.824621
14.000000 34.000000 -1.000000 -1.000000 0.350732 -0.764998
14.000000 35.000000 -1.000000 -1.000000 0.334066 -0.749566
14.000000 36.000000 -1.000000 -1.000000 0.304066 -0.721140
14.000000 37.000000 -0.914584 -1.000000 0.220903 -0.643677
14.000000 38.000000 -0.797885 -1.000000 0.095797 -0.524449
14.000000 39.000000 -0.753466 -1.000000 0.079179 -0.514745
14.000000 40.000000 -0.682678 -1.000000 -0.047825 -0.386994
14.000000 41.000000 -0.702810 -1.000000 0.009341 -0.449755
14.000000 42.000000 -0.788110 -1.000000 0.088685 -0.523894
14.000000 43.000000 -0.854266 -1.000000 0.122099 -0.548394
14.000000 44.000000 -0.897195 -1.000000 0.154516 -0.576172
14.000000 45.000000 -0.930709 -1.000000 0.205975 -0.626623
14.000000 46.000000 -0.924211 -1.000000 0.205081 -0.625988
14.000000 47.000000 -0.902044 -1.000000 0.176934 -0.598055
14.000000 48.000000 -0.909624 -1.000000 0.221413 -0.646247
14.000000 49.000000 -0.876908 -1.000000 0.136655 -0.556993
15.000000 0.000000 -1.000000 -1.000000 0.728933 -1.000000
15.000000 1.000000 -1.000000 -1.000000 0.728933 -1.000000
15.000000 2.000000 -1.000000 -1.000000 0.725308 -1.000000
15.000000 3.000000 -1.000000 -1.000000 0.724214 -1.000000
15.000000 4.000000 -1.000000 -1.000000 0.725308 -1.000000
15.000000 5.000000 -1.000000 -1.000000 0.724214 -1.000000
15.000000 6.000000 -1.000000 -1.000000 0.724214 -1.000000
15.000000 7.000000 -1.000000 -1.000000 0.725308 -1.000000
15.000000 8.000000 -1.000000 -1.000000 0.712239 -1.000000
15.000000 9.000000 -1.000000 -1.000000 0.706419 -1.000000
15.000000 10.000000 -1.000000 -1.000000 0.668226 -1.000000
15.000000 11.000000 -1.000000 -1.000000 0.650711 -1.000000
15.000000 12.000000 -1.000000 -1.000000 0.593013 -0.990380
15.000000 13.000000 -1.000000 -1.000000 0.477397 -0.882550
15.000000 14.000000 -0.824277 -1.000000 0.139412 -0.566374
15.000000 15.000000 -0.050240 -1.000000 -0.638726 0.176862
15.000000 16.000000 1.000000 -1.000000 -1.000000 0.941865
15.000000 17.000000 1.000000 -0.056303 -1.000000 1.000000
15.000000 18.000000 1.000000 -0.079410 -1.000000 1.000000
15.000000 19.000000 1.000000 -0.387928 -1.000000 1.000000
15.000000 20.000000 0.087855 -0.723078 -0.211450 -0.347651
15.000000 21.000000 -0.746225 -1.000000 -0.124266 -0.294658
15.000000 22.000000 -1.000000 -1.000000 0.410730 -0.823654
15.000000 23.000000 -1.000000 -1.000000 0.524665 -0.927308
15.000000 24.000000 -1.000000 -1.000000 0.478473 -0.884106
15.000000 25.000000 -1.000000 -1.000000 0.471462 -0.877605
15.000000 26.000000 -1.000000 -1.000000 0.453805 -0.860788
15.000000 27.000000 -1.000000 -1.000000 0.420594 -0.830076
15.000000 28.000000 -1.000000 -1.000000 0.374782 -0.787380
15.000000 29.000000 -1.000000 -1.000000 0.361829 -0.775449
15.000000 30.000000 -1.000000 -1.000000 0.347032 -0.761513
15.000000 31.000000 -1.000000 -1.000000 0.310365 -0.727129
15.000000 32.000000 -0.966343 -1.000000 0.268444 -0.688199
15.000000 33.000000 -0.827274 -1.000000 0.142171 -0.570521
15.000000 34.000000 -0.815559 -1.000000 0.135440 -0.566805
15.000000 35.000000 -0.822452 -1.000000 0.125970 -0.555571
15.000000 36.000000 -0.822865 -1.000000 0.115849 -0.544570
15.000000 37.000000 -0.846207 -1.000000 0.106786 -0.531606
15.000000 38.000000 -0.877344 -1.000000 0.154961 -0.579505
15.000000 39.000000 -0.925270 -1.000000 0.181913 -0.601447
15.000000 40.000000 -0.962943 -1.000000 0.222240 -0.638827
15.000000 41.000000 -0.986634 -1.000000 0.158419 -0.562637
15.000000 42.000000 -0.966953 -1.000000 0.213413 -0.627417
15.000000 43.000000 -0.927863 -1.000000 0.207000 -0.627051
15.000000 44.000000 -0.888144 -1.000000 0.188612 -0.612493
15.000000 45.000000 -0.893702 -1.000000 0.184309 -0.607921
15.000000 46.000000 -0.856141 -1.000000 0.140250 -0.565013
15.000000 47.000000 -0.839209 -1.000000 0.137638 -0.565648
15.000000 48.000000 -0.872980 -1.000000 0.141967 -0.565396
15.000000 49.000000 -0.881130 -1.000000 0.159265 -0.583191
16.000000 0.000000 -1.000000 -1.000000 0.728933 -1.000000
16.000000 1.000000 -1.000000 -1.000000 0.728933 -1.000000
16.000000 2.000000 -1.000000 -1.000000 0.728933 -1.000000
16.000000 3.000000 -1.000000 -1.000000 0.728933 -1.000000
16.000000 4.000000 -1.000000 -1.000000 0.725308 -1.000000
16.000000 5.000000 -1.000000 -1.000000 0.724214 -1.000000
16.000000 6.000000 -1.000000 -1.000000 0.712239 -1.000000
16.000000 7.000000 -1.000000 -1.000000 0.691893 -1.000000
16.000000 8.000000 -1.000000 -1.000000 0.634686 -1.000000
16.000000 9.000000 -1.000000 -1.000000 0.561881 -0.961412
16.000000 10.000000 -1.000000 -1.000000 0.423565 -0.832553
16.000000 11.000000 -0.896420 -1.000000 0.204547 -0.628138
16.000000 12.000000 -0.356352 -1.000000 -0.367447 -0.077423
16.000000 13.000000 0.545001 -1.000000 -1.000000 0.554032
16.000000 14.000000 1.000000 -0.691796 -1.000000 1.000000
16.000000 15.000000 1.000000 -0.132662 -1.000000 1.000000
16.000000 16.000000 1.000000 -0.260666 -1.000000 1.000000
16.000000 17.000000 0.907293 -0.557743 -0.977759 0.355821
16.000000 18.000000 -0.293479 -1.000000 0.014192 -0.546885
16.000000 19.000000 -1.000000 -1.000000 -0.159332 -0.167886
16.000000 20.000000 -1.000000 -1.000000 0.417208 -0.828954
16.000000 21.000000 -1.000000 -1.000000 0.524485 -0.927353
16.000000 22.000000 -1.000000 -1.000000 0.549259 -0.949733
16.000000 23.000000 -1.000000 -1.000000 0.486266 -0.891122
16.000000 24.000000 -1.000000 -1.000000 0.387729 -0.799304
16.000000 25.000000 -0.992415 -1.000000 0.292562 -0.710669
16.000000 26.000000 -0.941448 -1.000000 0.246334 -0.667281
16.000000 27.000000 -0.827728 -1.000000 0.111310 -0.536314
16.000000 28.000000 -0.604439 -1.000000 -0.065634 -0.377374
16.000000 29.000000 -0.470461 -1.000000 -0.184789 -0.271494
16.000000 30.000000 -0.247652 -1.000000 -0.384700 -0.088402
16.000000 31.000000 -0.306605 -1.000000 -0.294453 -0.187768
16.000000 32.000000 -0.419593 -1.000000 -0.214944 -0.255448
16.000000 33.000000 -0.788439 -1.000000 0.130908 -0.575376
16.000000 34.000000 -0.917153 -1.000000 0.205401 -0.629463
16.000000 35.000000 -1.000000 -1.000000 0.300593 -0.703348
16.000000 36.000000 -1.000000 -1.000000 0.370210 -0.783508
16.000000 37.000000 -1.000000 -1.000000 0.388315 -0.799927
16.000000 38.000000 -1.000000 -1.000000 0.316297 -0.732613
16.000000 39.000000 -0.958845 -1.000000 0.261389 -0.681706
16.000000 40.000000 -0.988682 -1.000000 0.265905 -0.681758
16.000000 41.000000 -0.968685 -1.000000 0.271321 -0.690939
16.000000 42.000000 -0.998432 -1.000000 0.266411 -0.681248
16.000000 43.000000 -0.994763 -1.000000 0.294684 -0.712738
16.000000 44.000000 -1.000000 -1.000000 0.170176 -0.559617
16.000000 45.000000 -0.936908 -1.000000 0.241398 -0.662874
16.000000 46.000000 -0.923085 -1.000000 0.231425 -0.654821
16.000000 47.000000 -0.916235 -1.000000 0.200370 -0.621562
16.000000 48.000000 -0.903914 -1.000000 0.183269 -0.604630
16.000000 49.000000 -0.834187 -1.000000 0.081686 -0.503541
17.000000 0.000000 -1.000000 -1.000000 0.728933 -1.000000
17.000000 1.000000 -1.000000 -1.000000 0.728933 -1.000000
17.000000 2.000000 -1.000000 -1.000000 0.728933 -1.000000
17.000000 3.000000 -1.000000 -1.000000 0.728933 -1.000000
17.000000 4.000000 -1.000000 -1.000000 0.724214 -1.000000
17.000000 5.000000 -1.000000 -1.000000 0.707515 -1.000000
17.000000 6.000000 -1.000000 -1.000000 0.692236 -1.000000
17.000000 7.000000 -1.000000 -1.000000 0.683871 -1.000000
17.000000 8.000000 -1.000000 -1.000000 0.648921 -1.000000
17.000000 9.000000 -1.000000 -1.000000 0.577629 -0.976147
17.000000 10.000000 -1.000000 -1.000000 0.446437 -0.853858
17.000000 11.000000 -0.904896 -1.000000 0.213104 -0.635627
17.000000 12.000000 -0.422333 -1.000000 -0.350415 -0.085065
17.000000 13.000000 0.744683 -1.000000 -1.000000 0.751569
17.000000 14.000000 1.000000 -0.382199 -1.000000 1.000000
17.000000 15.000000 1.000000 -0.089824 -1.000000 1.000000
17.000000 16.000000 1.000000 -0.307461 -1.000000 1.000000
17.000000 17.000000 0.659952 -0.597231 -0.744643 0.142113
17.000000 18.000000 -0.269083 -1.000000 -0.314014 -0.183968
17.000000 19.000000 -0.941914 -1.000000 0.130526 -0.546334
17.000000 20.000000 -1.000000 -1.000000 0.503966 -0.909298
17.000000 21.000000 -1.000000 -1.000000 0.512177 -0.915331
17.000000 22.000000 -1.000000 -1.000000 0.478821 -0.884524
17.000000 23.000000 -1.000000 -1.000000 0.466317 -0.872661
17.000000 24.000000 -1.000000 -1.000000 0.475894 -0.881560
17.000000 25.000000 -1.000000 -1.000000 0.431658 -0.840485
17.000000 26.000000 -1.000000 -1.000000 0.395477 -0.806756
17.000000 27.000000 -1.000000 -1.000000 0.373670 -0.786386
17.000000 28.000000 -1.000000 -1.000000 0.342967 -0.757526
17.000000 29.000000 -1.000000 -1.000000 0.323341 -0.739091
17.000000 30.000000 -0.995830 -1.000000 0.295904 -0.713660
17.000000 31.000000 -1.000000 -1.000000 0.313260 -0.730496
17.000000 32.000000 -0.962264 -1.000000 0.264733 -0.684699
17.000000 33.000000 -0.834066 -1.000000 0.148714 -0.576622
17.000000 34.000000 -0.640770 -1.000000 -0.039233 -0.399980
17.000000 35.000000 -0.507179 -1.000000 -0.156378 -0.296283
17.000000 36.000000 -0.426389 -1.000000 -0.218028 -0.245026
17.000000 37.000000 -0.585336 -1.000000 -0.073299 -0.383847
17.000000 38.000000 -0.751833 -1.000000 0.054112 -0.494229
17.000000 39.000000 -0.831278 -1.000000 0.125329 -0.556647
17.000000 40.000000 -0.942050 -1.000000 0.207051 -0.627575
17.000000 41.000000 -0.974574 -1.000000 0.204533 -0.617094
17.000000 42.000000 -0.988848 -1.000000 0.290167 -0.709134
17.000000 43.000000 -0.956505 -1.000000 0.259806 -0.680260
17.000000 44.000000 -0.951392 -1.000000 0.256528 -0.677734
17.000000 45.000000 -0.963596 -1.000000 0.246795 -0.665056
17.000000 46.000000 -0.968904 -1.000000 0.272334 -0.692483
17.000000 47.000000 -0.951695 -1.000000 0.121881 -0.526237
17.000000 48.000000 -0.888925 -1.000000 0.185531 -0.609711
17.000000 49.000000 -0.959404 -1.000000 0.268093 -0.689979
18.000000 0.000000 -1.000000 -1.000000 0.728933 -1.000000
18.000000 1.000000 -1.000000 -1.000000 0.728933 -1.000000
18.000000 2.000000 -1.000000 -1.000000 0.728933 -1.000000
18.000000 3.000000 -1.000000 -1.000000 0.725308 -1.000000
18.000000 4.000000 -1.000000 -1.000000 0.719493 -1.000000
18.000000 5.000000 -1.000000 -1.000000 0.703885 -1.000000
18.000000 6.000000 -1.000000 -1.000000 0.701693 -1.000000
18.000000 7.000000 -1.000000 -1.000000 0.706419 -1.000000
18.000000 8.000000 -1.000000 -1.000000 0.711144 -1.000000
18.000000 9.000000 -1.000000 -1.000000 0.710048 -1.000000
18.000000 10.000000 -1.000000 -1.000000 0.710048 -1.000000
18.000000 11.000000 -1.000000 -1.000000 0.719493 -1.000000
18.000000 12.000000 -1.000000 -1.000000 0.728933 -1.000000
18.000000 13.000000 -1.000000 -1.000000 0.728933 -1.000000
18.000000 14.000000 -1.000000 -1.000000 0.728933 -1.000000
18.000000 15.000000 -1.000000 -1.000000 0.728933 -1.000000
18.000000 16.000000 -1.000000 -1.000000 0.728933 -1.000000
18.000000 17.000000 -1.000000 -1.000000 0.728933 -1.000000
18.000000 18.000000 -1.000000 -1.000000 0.728933 -1.000000
18.000000 19.000000 -1.000000 -1.000000 0.728933 -1.000000
18.000000 20.000000 -1.000000 -1.000000 0.728933 -1.000000
18.000000 21.000000 -1.000000 -1.000000 0.728933 -1.000000
18.000000 22.000000 -1.000000 -1.000000 0.728933 -1.000000
18.000000 23.000000 -1.000000 -1.000000 0.728933 -1.000000
18.000000 24.000000 -1.000000 -1.000000 0.728933 -1.000000
18.000000 25.000000 -1.000000 -1.000000 0.728933 -1.000000
18.000000 26.000000 -1.000000 -1.000000 0.728933 -1.000000
18.000000 27.000000 -1.000000 -1.000000 0.728933 -1.000000
18.000000 28.000000 -1.000000 -1.000000 0.728933 -1.000000
18.000000 29.000000 -1.000000 -1.000000 0.728933 -1.000000
18.000000 30.000000 -1.000000 -1.000000 0.728933 -1.000000
18.000000 31.000000 -1.000000 -1.000000 0.728933 -1.000000
18.000000 32.000000 -1.000000 -1.000000 0.728933 -1.000000
18.000000 33.000000 -1.000000 -1.000000 0.728933 -1.000000
18.000000 34.000000 -1.000000 -1.000000 0.728933 -1.000000
18.000000 35.000000 -1.000000 -1.000000 0.728933 -1.000000
18.000000 36.000000 -1.000000 -1.000000 0.728933 -1.000000
18.000000 37.000000 -1.000000 -1.000000 0.728933 -1.000000
18.000000 38.000000 -1.000000 -1.000000 0.728933 -1.000000
18.000000 39.000000 -1.000000 -1.000000 0.728933 -1.000000
18.000000 40.000000 -1.000000 -1.000000 0.728933 -1.000000
18.000000 41.000000 -1.000000 -1.000000 0.728933 -1.000000
18.000000 42.000000 -1.000000 -1.000000 0.728933 -1.000000
18.000000 43.000000 -1.000000 -1.000000 0.728933 -1.000000
18.000000 44.000000 -1.000000 -1.000000 0.728933 -1.000000
18.000000 45.000000 -1.000000 -1.000000 0.728933 -1.000000
18.000000 46.000000 -1.000000 -1.000000 0.728933 -1.000000
18.000000 47.000000 -1.000000 -1.000000 0.728933 -1.000000
18.000000 48.000000 -1.000000 -1.000000 0.728933 -1.000000
18.000000 49.000000 -1.000000 -1.000000 0.728933 -1.000000
19.000000 0.000000 -1.000000 -1.000000 0.728933 -1.000000
19.000000 1.000000 -1.000000 -1.000000 0.728933 -1.000000
19.000000 2.000000 -1.000000 -1.000000 0.728933 -1.000000
19.000000 3.000000 -1.000000 -1.000000 0.724214 -1.000000
19.000000 4.000000 -1.000000 -1.000000 0.724214 -1.000000
19.000000 5.000000 -1.000000 -1.000000 0.724214 -1.000000
19.000000 6.000000 -1.000000 -1.000000 0.728933 -1.000000
19.000000 7.000000 -1.000000 -1.000000 0.728933 -1.000000
19.000000 8.000000 -1.000000 -1.000000 0.728933 -1.000000
19.000000 9.000000 -1.000000 -1.000000 0.728933 -1.000000
19.000000 10.000000 -1.000000 -1.000000 0.728933 -1.000000
19.000000 11.000000 -1.000000 -1.000000 0.728933 -1.000000
19.000000 12.000000 -1.000000 -1.000000 0.728933 -1.000000
19.000000 13.000000 -1.000000 -1.000000 0.728933 -1.000000
19.000000 14.000000 -1.000000 -1.000000 0.728933 -1.000000
19.000000 15.000000 -1.000000 -1.000000 0.728933 -1.000000
19.000000 16.000000 -1.000000 -1.000000 0.728933 -1.000000
19.000000 17.000000 -1.000000 -1.000000 0.728933 -1.000000
19.000000 18.000000 -1.000000 -1.000000 0.728933 -1.000000
19.000000 19.000000 -1.000000 -1.000000 0.728933 -1.000000
19.000000 20.000000 -1.000000 -1.000000 0.728933 -1.000000
19.000000 21.000000 -1.000000 -1.000000 0.728933 -1.000000
19.000000 22.000000 -1.000000 -1.000000 0.728933 -1.000000
19.000000 23.000000 -1.000000 -1.000000 0.728933 -1.000000
19.000000 24.000000 -1.000000 -1.000000 0.728933 -1.000000
19.000000 25.000000 -1.000000 -1.000000 0.728933 -1.000000
19.000000 26.000000 -1.000000 -1.000000 0.728933 -1.000000
19.000000 27.000000 -1.000000 -1.000000 0.728933 -1.000000
19.000000 28.000000 -1.000000 -1.000000 0.728933 -1.000000
19.000000 29.000000 -1.000000 -1.000000 0.728933 -1.000000
19.000000 30.000000 -1.000000 -1.000000 0.728933 -1.000000
19.000000 31.000000 -1.000000 -1.000000 0.728933 -1.000000
19.000000 32.000000 -1.000000 -1.000000 0.728933 -1.000000
19.000000 33.000000 -1.000000 -1.000000 0.728933 -1.000000
19.000000 34.000000 -1.000000 -1.000000 0.728933 -1.000000
19.000000 35.000000 -1.000000 -1.000000 0.728933 -1.000000
19.000000 36.000000 -1.000000 -1.000000 0.728933 -1.000000
19.000000 37.000000 -1.000000 -1.000000 0.728933 -1.000000
19.000000 38.000000 -1.000000 -1.000000 0.728933 -1.000000
19.000000 39.000000 -1.000000 -1.000000 0.728933 -1.000000
19.000000 40.000000 -1.000000 -1.000000 0.728933 -1.000000
19.000000 41.000000 -1.000000 -1.000000 0.728933 -1.000000
19.000000 42.000000 -1.000000 -1.000000 0.728933 -1.000000
19.000000 43.000000 -1.000000 -1.000000 0.728933 -1.000000
19.000000 44.000000 -1.000000 -1.000000 0.728933 -1.000000
19.000000 45.000000 -1.000000 -1.000000 0.728933 -1.000000
19.000000 46.000000 -1.000000 -1.000000 0.728933 -1.000000
19.000000 47.000000 -1.000000 -1.000000 0.728933 -1.000000
19.000000 48.000000 -1.000000 -1.000000 0.728933 -1.000000
19.000000 49.000000 -1.000000 -1.000000 0.728933 -1.000000
20.000000 0.000000 -1.000000 -1.000000 0.728933 -1.000000
20.000000 1.000000 -1.000000 -1.000000 0.728933 -1.000000
20.000000 2.000000 -1.000000 -1.000000 0.728933 -1.000000
20.000000 3.000000 -1.000000 -1.000000 0.724214 -1.000000
20.000000 4.000000 -1.000000 -1.000000 0.720588 -1.000000
20.000000 5.000000 -1.000000 -1.000000 0.706419 -1.000000
20.000000 6.000000 -1.000000 -1.000000 0.699158 -1.000000
20.000000 7.000000 -1.000000 -1.000000 0.695869 -1.000000
20.000000 8.000000 -1.000000 -1.000000 0.676600 -1.000000
20.000000 9.000000 -1.000000 -1.000000 0.650711 -1.000000
20.000000 10.000000 -1.000000 -1.000000 0.641224 -1.000000
20.000000 11.000000 -1.000000 -1.000000 0.587904 -0.985479
20.000000 12.000000 -1.000000 -1.000000 0.512696 -0.915625
20.000000 13.000000 -0.938074 -1.000000 0.243580 -0.664166
20.000000 14.000000 -0.526503 -1.000000 -0.277690 -0.148787
20.000000 15.000000 0.137390 -1.000000 -0.730871 0.238605
20.000000 16.000000 0.710653 -1.000000 -1.000000 0.558281
20.000000 17.000000 1.000000 -0.816100 -1.000000 0.651716
20.000000 18.000000 0.876125 -0.627148 -0.982514 0.371956
20.000000 19.000000 0.379626 -0.955161 -0.601105 0.021085
20.000000 20.000000 -0.235933 -1.000000 -0.462711 -0.008438
20.000000 21.000000 -0.578286 -1.000000 -0.056586 -0.402659
20.000000 22.000000 -0.810774 -1.000000 0.037910 -0.461509
20.000000 23.000000 -0.841350 -1.000000 0.140066 -0.568479
20.000000 24.000000 -0.825149 -1.000000 0.140479 -0.570913
20.000000 25.000000 -0.668665 -1.000000 -0.069638 -0.362341
20.000000 26.000000 -0.415802 -1.000000 -0.240306 -0.216675
20.000000 27.000000 -0.216252 -1.000000 -0.384763 -0.094017
20.000000 28.000000 -0.130092 -1.000000 -0.450276 -0.040860
20.000000 29.000000 -0.049548 -1.000000 -0.522761 0.023662
20.000000 30.000000 -0.233626 -1.000000 -0.334853 -0.157012
20.000000 31.000000 -0.316177 -1.000000 -0.297630 -0.177983
20.000000 32.000000 -0.345696 -1.000000 -0.275307 -0.195382
20.000000 33.000000 -0.375320 -1.000000 -0.236314 -0.233001
20.000000 34.000000 -0.415879 -1.000000 -0.208248 -0.257144
20.000000 35.000000 -0.377116 -1.000000 -0.246602 -0.219676
20.000000 36.000000 -0.447808 -1.000000 -0.173858 -0.291385
20.000000 37.000000 -0.531127 -1.000000 -0.111287 -0.345868
20.000000 38.000000 -0.675718 -1.000000 -0.006315 -0.438821
20.000000 39.000000 -0.854337 -1.000000 0.146646 -0.577159
20.000000 40.000000 -0.905073 -1.000000 0.150960 -0.570856
20.000000 41.000000 -0.978190 -1.000000 0.243206 -0.660352
20.000000 42.000000 -1.000000 -1.000000 0.282422 -0.665463
20.000000 43.000000 -1.000000 -1.000000 0.391320 -0.803163
20.000000 44.000000 -1.000000 -1.000000 0.391784 -0.803280
20.000000 45.000000 -1.000000 -1.000000 0.350369 -0.764497
20.000000 46.000000 -1.000000 -1.000000 0.321096 -0.737612
20.000000 47.000000 -1.000000 -1.000000 0.377366 -0.789866
20.000000 48.000000 -1.000000 -1.000000 0.353682 -0.767989
20.000000 49.000000 -1.000000 -1.000000 0.391784 -0.803280
21.000000 0.000000 -1.000000 -1.000000 0.728933 -1.000000
21.000000 1.000000 -1.000000 -1.000000 0.728933 -1.000000
21.000000 2.000000 -1.000000 -1.000000 0.725308 -1.000000
21.000000 3.000000 -1.000000 -1.000000 0.724214 -1.000000
21.000000 4.000000 -1.000000 -1.000000 0.724214 -1.000000
21.000000 5.000000 -1.000000 -1.000000 0.704981 -1.000000
21.000000 6.000000 -1.000000 -1.000000 0.422519 -0.830562
21.000000 7.000000 -0.634259 -1.000000 -0.035873 -0.402723
21.000000 8.000000 -0.036057 -1.000000 -0.613145 0.139554
21.000000 9.000000 1.000000 -1.000000 -1.000000 0.922434
21.000000 10.000000 1.000000 -0.178542 -1.000000 1.000000
21.000000 11.000000 1.000000 -0.140369 -1.000000 1.000000
21.000000 12.000000 1.000000 -0.353717 -1.000000 1.000000
21.000000 13.000000 0.264918 -0.680892 -0.375574 -0.199767
21.000000 14.000000 -0.634330 -1.000000 -0.336119 -0.074118
21.000000 15.000000 -1.000000 -1.000000 0.386597 -0.802613
21.000000 16.000000 -1.000000 -1.000000 0.463107 -0.870475
21.000000 17.000000 -1.000000 -1.000000 0.460161 -0.867074
21.000000 18.000000 -1.000000 -1.000000 0.419484 -0.829084
21.000000 19.000000 -1.000000 -1.000000 0.362216 -0.775442
21.000000 20.000000 -1.000000 -1.000000 0.391784 -0.803280
21.000000 21.000000 -1.000000 -1.000000 0.416154 -0.826110
21.000000 22.000000 -1.000000 -1.000000 0.438673 -0.846925
21.000000 23.000000 -1.000000 -1.000000 0.393645 -0.804766
21.000000 24.000000 -1.000000 -1.000000 0.348870 -0.763510
21.000000 25.000000 -1.000000 -1.000000 0.319253 -0.735610
21.000000 26.000000 -0.844693 -1.000000 0.156550 -0.583518
21.000000 27.000000 -0.738116 -1.000000 0.052417 -0.486490
21.000000 28.000000 -0.656999 -1.000000 -0.025403 -0.415688
21.000000 29.000000 -0.639902 -1.000000 -0.052010 -0.391998
21.000000 30.000000 -0.530602 -1.000000 -0.139565 -0.312343
21.000000 31.000000 -0.611143 -1.000000 -0.050232 -0.401520
21.000000 32.000000 -0.665136 -1.000000 -0.055279 -0.386024
21.000000 33.000000 -0.719785 -1.000000 0.038122 -0.479451
21.000000 34.000000 -0.792401 -1.000000 0.084014 -0.517312
21.000000 35.000000 -0.769643 -1.000000 0.058041 -0.490008
21.000000 36.000000 -0.724113 -1.000000 0.033520 -0.470204
21.000000 37.000000 -0.824116 -1.000000 0.122091 -0.553578
21.000000 38.000000 -0.893951 -1.000000 0.112510 -0.530626
21.000000 39.000000 -0.933952 -1.000000 0.206539 -0.627793
21.000000 40.000000 -0.978825 -1.000000 0.267727 -0.686323
21.000000 41.000000 -1.000000 -1.000000 0.277358 -0.687923
21.000000 42.000000 -1.000000 -1.000000 0.307836 -0.725220
21.000000 43.000000 -1.000000 -1.000000 0.354121 -0.768159
21.000000 44.000000 -0.963017 -1.000000 0.265536 -0.685372
21.000000 45.000000 -0.943507 -1.000000 0.249420 -0.670745
21.000000 46.000000 -0.996134 -1.000000 0.280243 -0.697258
21.000000 47.000000 -1.000000 -1.000000 0.161652 -0.538162
21.000000 48.000000 -1.000000 -1.000000 0.343694 -0.758529
21.000000 49.000000 -1.000000 -1.000000 0.370335 -0.783406
22.000000 0.000000 -1.000000 -1.000000 0.728933 -1.000000
22.000000 1.000000 -1.000000 -1.000000 0.728933 -1.000000
22.000000 2.000000 -1.000000 -1.000000 0.728933 -1.000000
22.000000 3.000000 -1.000000 -1.000000 0.728933 -1.000000
22.000000 4.000000 -1.000000 -1.000000 0.724214 -1.000000
22.000000 5.000000 -1.000000 -1.000000 0.715867 -1.000000
22.000000 6.000000 -1.000000 -1.000000 0.715867 -1.000000
22.000000 7.000000 -1.000000 -1.000000 0.716962 -1.000000
22.000000 8.000000 -1.000000 -1.000000 0.698062 -1.000000
22.000000 9.000000 -1.000000 -1.000000 0.668226 -1.000000
22.000000 10.000000 -1.000000 -1.000000 0.609833 -1.000000
22.000000 11.000000 -1.000000 -1.000000 0.446079 -0.853362
22.000000 12.000000 -0.851558 -1.000000 0.163250 -0.589525
22.000000 13.000000 -0.320169 -1.000000 -0.390610 -0.057524
22.000000 14.000000 0.799354 -1.000000 -1.000000 0.760513
22.000000 15.000000 1.000000 -0.340107 -1.000000 1.000000
22.000000 16.000000 1.000000 -0.012567 -1.000000 1.000000
22.000000 17.000000 1.000000 -0.208060 -1.000000 1.000000
22.000000 18.000000 0.886056 -0.599852 -0.969395 0.348073
22.000000 19.000000 -0.557127 -1.000000 0.243637 -0.756840
22.000000 20.000000 -1.000000 -1.000000 0.141806 -0.506391
22.000000 21.000000 -1.000000 -1.000000 0.583850 -0.983251
22.000000 22.000000 -1.000000 -1.000000 0.663842 -1.000000
22.000000 23.000000 -1.000000 -1.000000 0.654316 -1.000000
22.000000 24.000000 -1.000000 -1.000000 0.645968 -1.000000
22.000000 25.000000 -1.000000 -1.000000 0.655452 -1.000000
22.000000 26.000000 -1.000000 -1.000000 0.651810 -1.000000
22.000000 27.000000 -1.000000 -1.000000 0.654354 -1.000000
22.000000 28.000000 -1.000000 -1.000000 0.651810 -1.000000
22.000000 29.000000 -1.000000 -1.000000 0.686409 -1.000000
22.000000 30.000000 -1.000000 -1.000000 0.696965 -1.000000
22.000000 31.000000 -1.000000 -1.000000 0.705323 -1.000000
22.000000 32.000000 -1.000000 -1.000000 0.710048 -1.000000
22.000000 33.000000 -1.000000 -1.000000 0.703885 -1.000000
22.000000 34.000000 -1.000000 -1.000000 0.705323 -1.000000
22.000000 35.000000 -1.000000 -1.000000 0.693333 -1.000000
22.000000 36.000000 -1.000000 -1.000000 0.701693 -1.000000
22.000000 37.000000 -1.000000 -1.000000 0.673306 -1.000000
22.000000 38.000000 -1.000000 -1.000000 0.649266 -1.000000
22.000000 39.000000 -1.000000 -1.000000 0.613485 -1.000000
22.000000 40.000000 -1.000000 -1.000000 0.551593 -0.952065
22.000000 41.000000 -1.000000 -1.000000 0.514510 -0.917594
22.000000 42.000000 -1.000000 -1.000000 0.499064 -0.903289
22.000000 43.000000 -1.000000 -1.000000 0.513403 -0.916608
22.000000 44.000000 -1.000000 -1.000000 0.511944 -0.915130
22.000000 45.000000 -1.000000 -1.000000 0.539843 -0.941239
22.000000 46.000000 -1.000000 -1.000000 0.544614 -0.945668
22.000000 47.000000 -1.000000 -1.000000 0.527380 -0.929424
22.000000 48.000000 -1.000000 -1.000000 0.469998 -0.876122
22.000000 49.000000 -1.000000 -1.000000 0.430549 -0.839494
23.000000 0.000000 -1.000000 -1.000000 0.728933 -1.000000
23.000000 1.000000 -1.000000 -1.000000 0.728933 -1.000000
23.000000 2.000000 -1.000000 -1.000000 0.728933 -1.000000
23.000000 3.000000 -1.000000 -1.000000 0.724214 -1.000000
23.000000 4.000000 -1.000000 -1.000000 0.719493 -1.000000
23.000000 5.000000 -1.000000 -1.000000 0.719493 -1.000000
23.000000 6.000000 -1.000000 -1.000000 0.724214 -1.000000
23.000000 7.000000 -1.000000 -1.000000 0.728933 -1.000000
23.000000 8.000000 -1.000000 -1.000000 0.728933 -1.000000
23.000000 9.000000 -1.000000 -1.000000 0.728933 -1.000000
23.000000 10.000000 -1.000000 -1.000000 0.728933 -1.000000
23.000000 11.000000 -1.000000 -1.000000 0.728933 -1.000000
23.000000 12.000000 -1.000000 -1.000000 0.728933 -1.000000
23.000000 13.000000 -1.000000 -1.000000 0.728933 -1.000000
23.000000 14.000000 -1.000000 -1.000000 0.728933 -1.000000
23.000000 15.000000 -1.000000 -1.000000 0.728933 -1.000000
23.000000 16.000000 -1.000000 -1.000000 0.728933 -1.000000
23.000000 17.000000 -1.000000 -1.000000 0.728933 -1.000000
23.000000 18.000000 -1.000000 -1.000000 0.728933 -1.000000
23.000000 19.000000 -1.000000 -1.000000 0.728933 -1.000000
23.000000 20.000000 -1.000000 -1.000000 0.728933 -1.000000
23.000000 21.000000 -1.000000 -1.000000 0.728933 -1.000000
23.000000 22.000000 -1.000000 -1.000000 0.728933 -1.000000
23.000000 23.000000 -1.000000 -1.000000 0.728933 -1.000000
23.000000 24.000000 -1.000000 -1.000000 0.728933 -1.000000
23.000000 25.000000 -1.000000 -1.000000 0.728933 -1.000000
23.000000 26.000000 -1.000000 -1.000000 0.728933 -1.000000
23.000000 27.000000 -1.000000 -1.000000 0.728933 -1.000000
23.000000 28.000000 -1.000000 -1.000000 0.728933 -1.000000
23.000000 29.000000 -1.000000 -1.000000 0.728933 -1.000000
23.000000 30.000000 -1.000000 -1.000000 0.728933 -1.000000
23.000000 31.000000 -1.000000 -1.000000 0.728933 -1.000000
23.000000 32.000000 -1.000000 -1.000000 0.728933 -1.000000
23.000000 33.000000 -1.000000 -1.000000 0.728933 -1.000000
23.000000 34.000000 -1.000000 -1.000000 0.728933 -1.000000
23.000000 35.000000 -1.000000 -1.000000 0.728933 -1.000000
23.000000 36.000000 -1.000000 -1.000000 0.728933 -1.000000
23.000000 37.000000 -1.000000 -1.000000 0.728933 -1.000000
23.000000 38.000000 -1.000000 -1.000000 0.728933 -1.000000
23.000000 39.000000 -1.000000 -1.000000 0.728933 -1.000000
23.000000 40.000000 -1.000000 -1.000000 0.728933 -1.000000
23.000000 41.000000 -1.000000 -1.000000 0.728933 -1.000000
23.000000 42.000000 -1.000000 -1.000000 0.728933 -1.000000
23.000000 43.000000 -1.000000 -1.000000 0.728933 -1.000000
23.000000 44.000000 -1.000000 -1.000000 0.728933 -1.000000
23.000000 45.000000 -1.000000 -1.000000 0.728933 -1.000000
23.000000 46.000000 -1.000000 -1.000000 0.728933 -1.000000
23.000000 47.000000 -1.000000 -1.000000 0.728933 -1.000000
23.000000 48.000000 -1.000000 -1.000000 0.728933 -1.000000
23.000000 49.000000 -1.000000 -1.000000 0.728933 -1.000000
24.000000 0.000000 -1.000000 -1.000000 0.728933 -1.000000
24.000000 1.000000 -1.000000 -1.000000 0.728933 -1.000000
24.000000 2.000000 -1.000000 -1.000000 0.728933 -1.000000
24.000000 3.000000 -1.000000 -1.000000 0.728933 -1.000000
24.000000 4.000000 -1.000000 -1.000000 0.728933 -1.000000
24.000000 5.000000 -1.000000 -1.000000 0.724214 -1.000000
24.000000 6.000000 -1.000000 -1.000000 0.719493 -1.000000
24.000000 7.000000 -1.000000 -1.000000 0.725308 -1.000000
24.000000 8.000000 -1.000000 -1.000000 0.712239 -1.000000
24.000000 9.000000 -1.000000 -1.000000 0.693333 -1.000000
24.000000 10.000000 -1.000000 -1.000000 0.617542 -1.000000
24.000000 11.000000 -1.000000 -1.000000 0.480324 -0.885514
24.000000 12.000000 -0.854135 -1.000000 0.166597 -0.591995
24.000000 13.000000 -0.097425 -1.000000 -0.622282 0.166925
24.000000 14.000000 1.000000 -1.000000 -1.000000 0.932178
24.000000 15.000000 1.000000 -0.129245 -1.000000 1.000000
24.000000 16.000000 1.000000 -0.189825 -1.000000 1.000000
24.000000 17.000000 1.000000 -0.463053 -1.000000 0.637900
24.000000 18.000000 -0.209325 -0.911368 0.016481 -0.555710
24.000000 19.000000 -1.000000 -1.000000 -0.122603 -0.233083
24.000000 20.000000 -1.000000 -1.000000 0.501872 -0.908188
24.000000 21.000000 -1.000000 -1.000000 0.595458 -0.993411
24.000000 22.000000 -1.000000 -1.000000 0.621096 -1.000000
24.000000 23.000000 -1.000000 -1.000000 0.621134 -1.000000
24.000000 24.000000 -1.000000 -1.000000 0.642324 -1.000000
24.000000 25.000000 -1.000000 -1.000000 0.566297 -0.965347
24.000000 26.000000 -1.000000 -1.000000 0.517075 -0.920058
24.000000 27.000000 -1.000000 -1.000000 0.444219 -0.851877
24.000000 28.000000 -1.000000 -1.000000 0.416905 -0.826604
24.000000 29.000000 -1.000000 -1.000000 0.349256 -0.763503
24.000000 30.000000 -0.952964 -1.000000 0.256195 -0.676701
24.000000 31.000000 -0.940282 -1.000000 0.246765 -0.668594
24.000000 32.000000 -0.839769 -1.000000 0.138810 -0.564842
24.000000 33.000000 -0.653739 -1.000000 -0.032649 -0.405748
24.000000 34.000000 -0.535112 -1.000000 -0.132391 -0.318023
24.000000 35.000000 -0.492866 -1.000000 -0.159618 -0.298270
24.000000 36.000000 -0.535615 -1.000000 -0.126196 -0.330515
24.000000 37.000000 -0.577837 -1.000000 -0.114185 -0.337003
24.000000 38.000000 -0.749470 -1.000000 0.055752 -0.497179
24.000000 39.000000 -0.806661 -1.000000 0.104047 -0.536820
24.000000 40.000000 -0.906460 -1.000000 0.162853 -0.583889
24.000000 41.000000 -0.918258 -1.000000 0.187735 -0.608692
24.000000 42.000000 -0.885284 -1.000000 0.185951 -0.611028
24.000000 43.000000 -0.933002 -1.000000 0.179920 -0.596961
24.000000 44.000000 -0.925205 -1.000000 0.119971 -0.530716
24.000000 45.000000 -0.905222 -1.000000 0.178320 -0.599556
24.000000 46.000000 -0.894383 -1.000000 0.198481 -0.623274
24.000000 47.000000 -0.806121 -1.000000 0.073833 -0.499483
24.000000 48.000000 -0.789542 -1.000000 0.082536 -0.513956
24.000000 49.000000 -0.806492 -1.000000 0.086877 -0.516318
25.000000 0.000000 -1.000000 -1.000000 0.728933 -1.000000
25.000000 1.000000 -1.000000 -1.000000 0.728933 -1.000000
25.000000 2.000000 -1.000000 -1.000000 0.728933 -1.000000
25.000000 3.000000 -1.000000 -1.000000 0.728933 -1.000000
25.000000 4.000000 -1.000000 -1.000000 0.728933 -1.000000
25.000000 5.000000 -1.000000 -1.000000 0.728933 -1.000000
25.000000 6.000000 -1.000000 -1.000000 0.728933 -1.000000
25.000000 7.000000 -1.000000 -1.000000 0.728933 -1.000000
25.000000 8.000000 -1.000000 -1.000000 0.728933 -1.000000
25.000000 9.000000 -1.000000 -1.000000 0.728933 -1.000000
25.000000 10.000000 -1.000000 -1.000000 0.728933 -1.000000
25.000000 11.000000 -1.000000 -1.000000 0.728933 -1.000000
25.000000 12.000000 -1.000000 -1.000000 0.728933 -1.000000
25.000000 13.000000 -1.000000 -1.000000 0.728933 -1.000000
25.000000 14.000000 -1.000000 -1.000000 0.728933 -1.000000
25.000000 15.000000 -1.000000 -1.000000 0.728933 -1.000000
25.000000 16.000000 -1.000000 -1.000000 0.728933 -1.000000
25.000000 17.000000 -1.000000 -1.000000 0.728933 -1.000000
25.000000 18.000000 -1.000000 -1.000000 0.728933 -1.000000
25.000000 19.000000 -1.000000 -1.000000 0.728933 -1.000000
25.000000 20.000000 -1.000000 -1.000000 0.728933 -1.000000
25.000000 21.000000 -1.000000 -1.000000 0.728933 -1.000000
25.000000 22.000000 -1.000000 -1.000000 0.728933 -1.000000
25.000000 23.000000 -1.000000 -1.000000 0.728933 -1.000000
25.000000 24.000000 -1.000000 -1.000000 0.728933 -1.000000
25.000000 25.000000 -1.000000 -1.000000 0.728933 -1.000000
25.000000 26.000000 -1.000000 -1.000000 0.728933 -1.000000
25.000000 27.000000 -1.000000 -1.000000 0.728933 -1.000000
25.000000 28.000000 -1.000000 -1.000000 0.728933 -1.000000
25.000000 29.000000 -1.000000 -1.000000 0.728933 -1.000000
25.000000 30.000000 -1.000000 -1.000000 0.728933 -1.000000
25.000000 31.000000 -1.000000 -1.000000 0.728933 -1.000000
25.000000 32.000000 -1.000000 -1.000000 0.728933 -1.000000
25.000000 33.000000 -1.000000 -1.000000 0.728933 -1.000000
25.000000 34.000000 -1.000000 -1.000000 0.728933 -1.000000
25.000000 35.000000 -1.000000 -1.000000 0.728933 -1.000000
25.000000 36.000000 -1.000000 -1.000000 0.728933 -1.000000
25.000000 37.000000 -1.000000 -1.000000 0.728933 -1.000000
25.000000 38.000000 -1.000000 -1.000000 0.728933 -1.000000
25.000000 39.000000 -1.000000 -1.000000 0.728933 -1.000000
25.000000 40.000000 -1.000000 -1.000000 0.728933 -1.000000
25.000000 41.000000 -1.000000 -1.000000 0.728933 -1.000000
25.000000 42.000000 -1.000000 -1.000000 0.728933 -1.000000
25.000000 43.000000 -1.000000 -1.000000 0.728933 -1.000000
25.000000 44.000000 -1.000000 -1.000000 0.728933 -1.000000
25.000000 45.000000 -1.000000 -1.000000 0.728933 -1.000000
25.000000 46.000000 -1.000000 -1.000000 0.728933 -1.000000
25.000000 47.000000 -1.000000 -1.000000 0.728933 -1.000000
25.000000 48.000000 -1.000000 -1.000000 0.728933 -1.000000
25.000000 49.000000 -1.000000 -1.000000 0.728933 -1.000000
26.000000 0.000000 -1.000000 -1.000000 0.728933 -1.000000
26.000000 1.000000 -1.000000 -1.000000 0.728933 -1.000000
26.000000 2.000000 -1.000000 -1.000000 0.728933 -1.000000
26.000000 3.000000 -1.000000 -1.000000 0.725308 -1.000000
26.000000 4.000000 -1.000000 -1.000000 0.724214 -1.000000
26.000000 5.000000 -1.000000 -1.000000 0.724214 -1.000000
26.000000 6.000000 -1.000000 -1.000000 0.724214 -1.000000
26.000000 7.000000 -1.000000 -1.000000 0.725308 -1.000000
26.000000 8.000000 -1.000000 -1.000000 0.724214 -1.000000
26.000000 9.000000 -1.000000 -1.000000 0.724214 -1.000000
26.000000 10.000000 -1.000000 -1.000000 0.724214 -1.000000
26.000000 11.000000 -1.000000 -1.000000 0.724214 -1.000000
26.000000 12.000000 -1.000000 -1.000000 0.724214 -1.000000
26.000000 13.000000 -1.000000 -1.000000 0.728933 -1.000000
26.000000 14.000000 -1.000000 -1.000000 0.728933 -1.000000
26.000000 15.000000 -1.000000 -1.000000 0.728933 -1.000000
26.000000 16.000000 -1.000000 -1.000000 0.724214 -1.000000
26.000000 17.000000 -1.000000 -1.000000 0.708610 -1.000000
26.000000 18.000000 -1.000000 -1.000000 0.701693 -1.000000
26.000000 19.000000 -1.000000 -1.000000 0.665685 -1.000000
26.000000 20.000000 -1.000000 -1.000000 0.639779 -1.000000
26.000000 21.000000 -1.000000 -1.000000 0.579835 -0.978113
26.000000 22.000000 -1.000000 -1.000000 0.478861 -0.884032
26.000000 23.000000 -1.000000 -1.000000 0.338174 -0.752534
26.000000 24.000000 -0.517095 -1.000000 -0.142688 -0.302131
26.000000 25.000000 0.485488 -1.000000 -1.000000 0.571408
26.000000 26.000000 1.000000 -0.669493 -1.000000 1.000000
26.000000 27.000000 1.000000 -0.065207 -1.000000 1.000000
26.000000 28.000000 1.000000 -0.210290 -1.000000 1.000000
26.000000 29.000000 1.000000 -0.544314 -1.000000 0.526261
26.000000 30.000000 -0.257096 -1.000000 0.019425 -0.556970
26.000000 31.000000 -1.000000 -1.000000 0.053240 -0.433074
26.000000 32.000000 -1.000000 -1.000000 0.521701 -0.926127
26.000000 33.000000 -1.000000 -1.000000 0.580604 -0.979553
26.000000 34.000000 -1.000000 -1.000000 0.520839 -0.923194
26.000000 35.000000 -1.000000 -1.000000 0.434270 -0.842465
26.000000 36.000000 -1.000000 -1.000000 0.374032 -0.786886
26.000000 37.000000 -1.000000 -1.000000 0.346668 -0.761012
26.000000 38.000000 -0.971560 -1.000000 0.273269 -0.692695
26.000000 39.000000 -0.845878 -1.000000 0.122982 -0.546553
26.000000 40.000000 -0.873224 -1.000000 0.165153 -0.590284
26.000000 41.000000 -0.818350 -1.000000 0.080999 -0.505970
26.000000 42.000000 -0.712896 -1.000000 0.011955 -0.447180
26.000000 43.000000 -0.680024 -1.000000 -0.012587 -0.427626
26.000000 44.000000 -0.650899 -1.000000 -0.057155 -0.384480
26.000000 45.000000 -0.702206 -1.000000 0.012095 -0.454140
26.000000 46.000000 -0.787661 -1.000000 0.079026 -0.513067
26.000000 47.000000 -0.788851 -1.000000 0.064997 -0.495344
26.000000 48.000000 -0.795972 -1.000000 0.077013 -0.507127
26.000000 49.000000 -0.813557 -1.000000 0.109563 -0.540116
27.000000 0.000000 -1.000000 -1.000000 0.728933 -1.000000
27.000000 1.000000 -1.000000 -1.000000 0.728933 -1.000000
27.000000 2.000000 -1.000000 -1.000000 0.728933 -1.000000
27.000000 3.000000 -1.000000 -1.000000 0.725308 -1.000000
27.000000 4.000000 -1.000000 -1.000000 0.724214 -1.000000
27.000000 5.000000 -1.000000 -1.000000 0.720588 -1.000000
27.000000 6.000000 -1.000000 -1.000000 0.712239 -1.000000
27.000000 7.000000 -1.000000 -1.000000 0.702789 -1.000000
27.000000 8.000000 -1.000000 -1.000000 0.699158 -1.000000
27.000000 9.000000 -1.000000 -1.000000 0.645277 -1.000000
27.000000 10.000000 -1.000000 -1.000000 0.537681 -0.938785
27.000000 11.000000 -0.535516 -1.000000 -0.124815 -0.318229
27.000000 12.000000 0.465095 -1.000000 -1.000000 0.540574
27.000000 13.000000 1.000000 -0.872831 -1.000000 0.916943
27.000000 14.000000 1.000000 -0.242668 -1.000000 1.000000
27.000000 15.000000 1.000000 -0.303242 -1.000000 1.000000
27.000000 16.000000 0.405291 -0.587540 -0.482726 -0.099997
27.000000 17.000000 -0.550999 -1.000000 -0.638510 0.273345
27.000000 18.000000 -0.773075 -1.000000 0.150721 -0.605711
27.000000 19.000000 -1.000000 -1.000000 -0.325175 0.031187
27.000000 20.000000 -0.688175 -1.000000 0.010948 -0.448367
27.000000 21.000000 -0.655367 -1.000000 0.003719 -0.447949
27.000000 22.000000 -0.520808 -1.000000 -0.141437 -0.308704
27.000000 23.000000 -0.453075 -1.000000 -0.193842 -0.266923
27.000000 24.000000 -0.325599 -1.000000 -0.311220 -0.158383
27.000000 25.000000 -0.365314 -1.000000 -0.256928 -0.216794
27.000000 26.000000 -0.353286 -1.000000 -0.277878 -0.193964
27.000000 27.000000 -0.406499 -1.000000 -0.239718 -0.228406
27.000000 28.000000 -0.526672 -1.000000 -0.112732 -0.348245
27.000000 29.000000 -0.564580 -1.000000 -0.099757 -0.352859
27.000000 30.000000 -0.671943 -1.000000 -0.006748 -0.438387
27.000000 31.000000 -0.686918 -1.000000 -0.018122 -0.421502
27.000000 32.000000 -0.724238 -1.000000 0.026359 -0.464855
27.000000 33.000000 -0.736773 -1.000000 0.006838 -0.440356
27.000000 34.000000 -0.827488 -1.000000 0.120068 -0.551757
27.000000 35.000000 -0.921712 -1.000000 0.187179 -0.608609
27.000000 36.000000 -0.979727 -1.000000 0.176474 -0.585350
27.000000 37.000000 -0.995049 -1.000000 0.172408 -0.576720
27.000000 38.000000 -1.000000 -1.000000 0.320228 -0.737045
27.000000 39.000000 -1.000000 -1.000000 0.398594 -0.809686
27.000000 40.000000 -1.000000 -1.000000 0.439782 -0.847916
27.000000 41.000000 -1.000000 -1.000000 0.458954 -0.865736
27.000000 42.000000 -1.000000 -1.000000 0.445686 -0.853363
27.000000 43.000000 -1.000000 -1.000000 0.468138 -0.874638
27.000000 44.000000 -1.000000 -1.000000 0.525169 -0.927452
27.000000 45.000000 -1.000000 -1.000000 0.529944 -0.931886
27.000000 46.000000 -1.000000 -1.000000 0.558569 -0.958460
27.000000 47.000000 -1.000000 -1.000000 0.561128 -0.960916
27.000000 48.000000 -1.000000 -1.000000 0.586049 -0.984000
27.000000 49.000000 -1.000000 -1.000000 0.558920 -0.958948
28.000000 0.000000 -1.000000 -1.000000 0.728933 -1.000000
28.000000 1.000000 -1.000000 -1.000000 0.728933 -1.000000
28.000000 2.000000 -1.000000 -1.000000 0.725308 -1.000000
28.000000 3.000000 -1.000000 -1.000000 0.724214 -1.000000
28.000000 4.000000 -1.000000 -1.000000 0.725308 -1.000000
28.000000 5.000000 -1.000000 -1.000000 0.714771 -1.000000
28.000000 6.000000 -1.000000 -1.000000 0.646722 -1.000000
28.000000 7.000000 -1.000000 -1.000000 0.612384 -1.000000
28.000000 8.000000 -1.000000 -1.000000 0.534013 -0.935339
28.000000 9.000000 -1.000000 -1.000000 0.398088 -0.808737
28.000000 10.000000 -0.350619 -1.000000 -0.292540 -0.159678
28.000000 11.000000 0.946400 -1.000000 -1.000000 0.921072
28.000000 12.000000 1.000000 -0.140929 -1.000000 1.000000
28.000000 13.000000 1.000000 -0.080056 -1.000000 1.000000
28.000000 14.000000 1.000000 -0.326845 -1.000000 1.000000
28.000000 15.000000 0.406081 -0.651340 -0.505777 -0.078836
28.000000 16.000000 -0.608413 -1.000000 -0.338975 -0.076155
28.000000 17.000000 -1.000000 -1.000000 0.362225 -0.780102
28.000000 18.000000 -1.000000 -1.000000 0.555746 -0.956857
28.000000 19.000000 -1.000000 -1.000000 0.545374 -0.946239
28.000000 20.000000 -1.000000 -1.000000 0.452212 -0.859526
28.000000 21.000000 -1.000000 -1.000000 0.405083 -0.815691
28.000000 22.000000 -1.000000 -1.000000 0.329271 -0.744571
28.000000 23.000000 -1.000000 -1.000000 0.318505 -0.735117
28.000000 24.000000 -0.933212 -1.000000 0.237996 -0.659696
28.000000 25.000000 -0.880969 -1.000000 0.193274 -0.618976
28.000000 26.000000 -0.770035 -1.000000 0.064383 -0.494358
28.000000 27.000000 -0.611519 -1.000000 -0.062311 -0.380776
28.000000 28.000000 -0.519466 -1.000000 -0.135877 -0.318050
28.000000 29.000000 -0.604330 -1.000000 -0.069446 -0.381966
28.000000 30.000000 -0.627357 -1.000000 -0.076255 -0.369592
28.000000 31.000000 -0.759458 -1.000000 0.073586 -0.513581
28.000000 32.000000 -0.882876 -1.000000 0.136217 -0.560544
28.000000 33.000000 -0.950661 -1.000000 0.134448 -0.544706
28.000000 34.000000 -0.988222 -1.000000 0.206286 -0.617308
28.000000 35.000000 -1.000000 -1.000000 0.132086 -0.516663
28.000000 36.000000 -0.920118 -1.000000 0.225407 -0.648250
28.000000 37.000000 -0.811779 -1.000000 0.118229 -0.547386
28.000000 38.000000 -0.735279 -1.000000 0.035991 -0.470044
28.000000 39.000000 -0.761244 -1.000000 0.066161 -0.501286
28.000000 40.000000 -0.749260 -1.000000 0.020103 -0.452294
28.000000 41.000000 -0.751700 -1.000000 0.030109 -0.464094
28.000000 42.000000 -0.690759 -1.000000 -0.046056 -0.389337
28.000000 43.000000 -0.716166 -1.000000 0.013589 -0.453075
28.000000 44.000000 -0.790608 -1.000000 0.091320 -0.526264
28.000000 45.000000 -0.875128 -1.000000 0.110810 -0.532467
28.000000 46.000000 -0.921731 -1.000000 0.168990 -0.588524
28.000000 47.000000 -0.980073 -1.000000 0.224018 -0.638456
28.000000 48.000000 -1.000000 -1.000000 0.136403 -0.519147
28.000000 49.000000 -0.984736 -1.000000 0.284574 -0.703804
29.000000 0.000000 -1.000000 -1.000000 0.728933 -1.000000
29.000000 1.000000 -1.000000 -1.000000 0.728933 -1.000000
29.000000 2.000000 -1.000000 -1.000000 0.725308 -1.000000
29.000000 3.000000 -1.000000 -1.000000 0.724214 -1.000000
29.000000 4.000000 -1.000000 -1.000000 0.728933 -1.000000
29.000000 5.000000 -1.000000 -1.000000 0.728933 -1.000000
29.000000 6.000000 -1.000000 -1.000000 0.728933 -1.000000
29.000000 7.000000 -1.000000 -1.000000 0.728933 -1.000000
29.000000 8.000000 -1.000000 -1.000000 0.728933 -1.000000
29.000000 9.000000 -1.000000 -1.000000 0.728933 -1.000000
29.000000 10.000000 -1.000000 -1.000000 0.728933 -1.000000
29.000000 11.000000 -1.000000 -1.000000 0.728933 -1.000000
29.000000 12.000000 -1.000000 -1.000000 0.728933 -1.000000
29.000000 13.000000 -1.000000 -1.000000 0.728933 -1.000000
29.000000 14.000000 -1.000000 -1.000000 0.728933 -1.000000
29.000000 15.000000 -1.000000 -1.000000 0.728933 -1.000000
29.000000 16.000000 -1.000000 -1.000000 0.728933 -1.000000
29.000000 17.000000 -1.000000 -1.000000 0.728933 -1.000000
29.000000 18.000000 -1.000000 -1.000000 0.728933 -1.000000
29.000000 19.000000 -1.000000 -1.000000 0.728933 -1.000000
29.000000 20.000000 -1.000000 -1.000000 0.728933 -1.000000
29.000000 21.000000 -1.000000 -1.000000 0.728933 -1.000000
29.000000 22.000000 -1.000000 -1.000000 0.728933 -1.000000
29.000000 23.000000 -1.000000 -1.000000 0.728933 -1.000000
29.000000 24.000000 -1.000000 -1.000000 0.728933 -1.000000
29.000000 25.000000 -1.000000 -1.000000 0.728933 -1.000000
29.000000 26.000000 -1.000000 -1.000000 0.728933 -1.000000
29.000000 27.000000 -1.000000 -1.000000 0.728933 -1.000000
29.000000 28.000000 -1.000000 -1.000000 0.728933 -1.000000
29.000000 29.000000 -1.000000 -1.000000 0.728933 -1.000000
29.000000 30.000000 -1.000000 -1.000000 0.728933 -1.000000
29.000000 31.000000 -1.000000 -1.000000 0.728933 -1.000000
29.000000 32.000000 -1.000000 -1.000000 0.728933 -1.000000
29.000000 33.000000 -1.000000 -1.000000 0.728933 -1.000000
29.000000 34.000000 -1.000000 -1.000000 0.728933 -1.000000
29.000000 35.000000 -1.000000 -1.000000 0.728933 -1.000000
29.000000 36.000000 -1.000000 -1.000000 0.728933 -1.000000
29.000000 37.000000 -1.000000 -1.000000 0.728933 -1.000000
29.000000 38.000000 -1.000000 -1.000000 0.728933 -1.000000
29.000000 39.000000 -1.000000 -1.000000 0.728933 -1.000000
29.000000 40.000000 -1.000000 -1.000000 0.728933 -1.000000
29.000000 41.000000 -1.000000 -1.000000 0.728933 -1.000000
29.000000 42.000000 -1.000000 -1.000000 0.728933 -1.000000
29.000000 43.000000 -1.000000 -1.000000 0.728933 -1.000000
29.000000 44.000000 -1.000000 -1.000000 0.728933 -1.000000
29.000000 45.000000 -1.000000 -1.000000 0.728933 -1.000000
29.000000 46.000000 -1.000000 -1.000000 0.728933 -1.000000
29.000000 47.000000 -1.000000 -1.000000 0.728933 -1.000000
29.000000 48.000000 -1.000000 -1.000000 0.728933 -1.000000
29.000000 49.000000 -1.000000 -1.000000 0.728933 -1.000000
30.000000 0.000000 -1.000000 -1.000000 0.728933 -1.000000
30.000000 1.000000 -1.000000 -1.000000 0.728933 -1.000000
30.000000 2.000000 -1.000000 -1.000000 0.728933 -1.000000
30.000000 3.000000 -1.000000 -1.000000 0.725308 -1.000000
30.000000 4.000000 -1.000000 -1.000000 0.724214 -1.000000
30.000000 5.000000 -1.000000 -1.000000 0.713335 -1.000000
30.000000 6.000000 -1.000000 -1.000000 0.700597 -1.000000
30.000000 7.000000 -1.000000 -1.000000 0.646722 -1.000000
30.000000 8.000000 -1.000000 -1.000000 0.595566 -0.992830
30.000000 9.000000 -1.000000 -1.000000 0.539891 -0.940756
30.000000 10.000000 -1.000000 -1.000000 0.430582 -0.838996
30.000000 11.000000 -0.949183 -1.000000 0.253607 -0.673676
30.000000 12.000000 -0.730490 -1.000000 -0.102238 -0.311054
30.000000 13.000000 0.166208 -1.000000 -0.806890 0.326826
30.000000 14.000000 1.000000 -1.000000 -1.000000 0.955863
30.000000 15.000000 1.000000 -0.185571 -1.000000 1.000000
30.000000 16.000000 1.000000 -0.265730 -1.000000 1.000000
30.000000 17.000000 0.695109 -0.537567 -0.757188 0.152908
30.000000 18.000000 -0.258079 -1.000000 -0.316544 -0.184248
30.000000 19.000000 -0.893817 -1.000000 0.100639 -0.520282
30.000000 20.000000 -1.000000 -1.000000 0.366565 -0.781095
30.000000 21.000000 -1.000000 -1.000000 0.346144 -0.760643
30.000000 22.000000 -0.908965 -1.000000 0.215758 -0.638845
30.000000 23.000000 -0.707337 -1.000000 0.035129 -0.471418
30.000000 24.000000 -0.644698 -1.000000 -0.016226 -0.427478
30.000000 25.000000 -0.447634 -1.000000 -0.227883 -0.226225
30.000000 26.000000 -0.390796 -1.000000 -0.242136 -0.225544
30.000000 27.000000 -0.290070 -1.000000 -0.345465 -0.128444
30.000000 28.000000 -0.291437 -1.000000 -0.329027 -0.150543
30.000000 29.000000 -0.517984 -1.000000 -0.105079 -0.360808
30.000000 30.000000 -0.825498 -1.000000 0.151413 -0.589034
30.000000 31.000000 -0.959141 -1.000000 0.229312 -0.648310
30.000000 32.000000 -0.982436 -1.000000 0.128882 -0.529839
30.000000 33.000000 -0.842638 -1.000000 0.108980 -0.531667
30.000000 34.000000 -0.781027 -1.000000 0.098096 -0.530702
30.000000 35.000000 -0.650739 -1.000000 -0.047439 -0.390769
30.000000 36.000000 -0.516259 -1.000000 -0.147323 -0.304727
30.000000 37.000000 -0.395707 -1.000000 -0.254648 -0.208754
30.000000 38.000000 -0.406027 -1.000000 -0.230071 -0.239465
30.000000 39.000000 -0.548427 -1.000000 -0.112349 -0.346909
30.000000 40.000000 -0.745149 -1.000000 0.067129 -0.509544
30.000000 41.000000 -0.878771 -1.000000 0.166948 -0.594768
30.000000 42.000000 -1.000000 -1.000000 0.226746 -0.635942
30.000000 43.000000 -1.000000 -1.000000 0.320760 -0.737949
30.000000 44.000000 -1.000000 -1.000000 0.412317 -0.822919
30.000000 45.000000 -1.000000 -1.000000 0.418692 -0.828491
30.000000 46.000000 -1.000000 -1.000000 0.445292 -0.853364
30.000000 47.000000 -1.000000 -1.000000 0.466317 -0.872661
30.000000 48.000000 -1.000000 -1.000000 0.458203 -0.865241
30.000000 49.000000 -1.000000 -1.000000 0.506412 -0.910196
31.000000 0.000000 -1.000000 -1.000000 0.728933 -1.000000
31.000000 1.000000 -1.000000 -1.000000 0.728933 -1.000000
31.000000 2.000000 -1.000000 -1.000000 0.728933 -1.000000
31.000000 3.000000 -1.000000 -1.000000 0.725308 -1.000000
31.000000 4.000000 -1.000000 -1.000000 0.720588 -1.000000
31.000000 5.000000 -1.000000 -1.000000 0.708610 -1.000000
31.000000 6.000000 -1.000000 -1.000000 0.705323 -1.000000
31.000000 7.000000 -1.000000 -1.000000 0.693333 -1.000000
31.000000 8.000000 -1.000000 -1.000000 0.650366 -1.000000
31.000000 9.000000 -1.000000 -1.000000 0.599221 -0.996262
31.000000 10.000000 -1.000000 -1.000000 0.532155 -0.933858
31.000000 11.000000 -1.000000 -1.000000 0.478465 -0.884030
31.000000 12.000000 -1.000000 -1.000000 0.401781 -0.812212
31.000000 13.000000 -0.819219 -1.000000 0.134201 -0.561877
31.000000 14.000000 -0.206016 -1.000000 -0.498141 0.043881
31.000000 15.000000 1.000000 -1.000000 -1.000000 0.913828
31.000000 16.000000 1.000000 -0.118481 -1.000000 1.000000
31.000000 17.000000 1.000000 -0.127309 -1.000000 1.000000
31.000000 18.000000 1.000000 -0.394326 -1.000000 0.994678
31.000000 19.000000 0.061547 -0.706941 -0.181154 -0.377191
31.000000 20.000000 -0.776869 -1.000000 -0.228403 -0.168490
31.000000 21.000000 -1.000000 -1.000000 0.426001 -0.838914
31.000000 22.000000 -1.000000 -1.000000 0.595413 -0.993242
31.000000 23.000000 -1.000000 -1.000000 0.571503 -0.970597
31.000000 24.000000 -1.000000 -1.000000 0.563953 -0.963594
31.000000 25.000000 -1.000000 -1.000000 0.540948 -0.942224
31.000000 26.000000 -1.000000 -1.000000 0.549032 -0.949607
31.000000 27.000000 -1.000000 -1.000000 0.520746 -0.923508
31.000000 28.000000 -1.000000 -1.000000 0.558920 -0.958948
31.000000 29.000000 -1.000000 -1.000000 0.529944 -0.931886
31.000000 30.000000 -1.000000 -1.000000 0.496495 -0.900822
31.000000 31.000000 -1.000000 -1.000000 0.425034 -0.834041
31.000000 32.000000 -1.000000 -1.000000 0.396227 -0.807250
31.000000 33.000000 -1.000000 -1.000000 0.334451 -0.749557
31.000000 34.000000 -0.858133 -1.000000 0.168833 -0.595063
31.000000 35.000000 -0.632537 -1.000000 -0.052261 -0.386787
31.000000 36.000000 -0.427881 -1.000000 -0.217624 -0.240101
31.000000 37.000000 -0.327151 -1.000000 -0.306364 -0.165258
31.000000 38.000000 -0.385269 -1.000000 -0.243297 -0.230034
31.000000 39.000000 -0.434471 -1.000000 -0.209700 -0.257273
31.000000 40.000000 -0.580570 -1.000000 -0.077844 -0.377506
31.000000 41.000000 -0.742718 -1.000000 0.051210 -0.491083
31.000000 42.000000 -0.816974 -1.000000 0.098784 -0.528556
31.000000 43.000000 -0.836504 -1.000000 0.127080 -0.555880
31.000000 44.000000 -0.901622 -1.000000 0.168603 -0.590847
31.000000 45.000000 -0.954679 -1.000000 0.186545 -0.600984
31.000000 46.000000 -0.974328 -1.000000 0.238911 -0.655347
31.000000 47.000000 -0.925647 -1.000000 0.192380 -0.610968
31.000000 48.000000 -0.849653 -1.000000 0.153671 -0.580333
31.000000 49.000000 -0.703300 -1.000000 0.018797 -0.455231
32.000000 0.000000 -1.000000 -1.000000 0.728933 -1.000000
32.000000 1.000000 -1.000000 -1.000000 0.728933 -1.000000
32.000000 2.000000 -1.000000 -1.000000 0.725308 -1.000000
32.000000 3.000000 -1.000000 -1.000000 0.724214 -1.000000
32.000000 4.000000 -1.000000 -1.000000 0.724214 -1.000000
32.000000 5.000000 -1.000000 -1.000000 0.728933 -1.000000
32.000000 6.000000 -1.000000 -1.000000 0.709706 -1.000000
32.000000 7.000000 -1.000000 -1.000000 0.681333 -1.000000
32.000000 8.000000 -1.000000 -1.000000 0.660192 -1.000000
32.000000 9.000000 -1.000000 -1.000000 0.655452 -1.000000
32.000000 10.000000 -1.000000 -1.000000 0.650366 -1.000000
32.000000 11.000000 -0.803359 -1.000000 0.121515 -0.548721
32.000000 12.000000 0.066867 -1.000000 -0.759648 0.293260
32.000000 13.000000 1.000000 -1.000000 -1.000000 0.910509
32.000000 14.000000 1.000000 -0.157696 -1.000000 1.000000
32.000000 15.000000 1.000000 -0.223440 -1.000000 1.000000
32.000000 16.000000 0.930436 -0.506124 -0.984580 0.362510
32.000000 17.000000 -0.291911 -1.000000 0.034732 -0.567858
32.000000 18.000000 -1.000000 -1.000000 -0.240885 -0.063472
32.000000 19.000000 -1.000000 -1.000000 0.469772 -0.878301
32.000000 20.000000 -1.000000 -1.000000 0.595768 -0.993801
32.000000 21.000000 -1.000000 -1.000000 0.602837 -0.999597
32.000000 22.000000 -1.000000 -1.000000 0.522251 -0.924499
32.000000 23.000000 -1.000000 -1.000000 0.506810 -0.910199
32.000000 24.000000 -1.000000 -1.000000 0.386257 -0.797812
32.000000 25.000000 -1.000000 -1.000000 0.318140 -0.734615
32.000000 26.000000 -0.994692 -1.000000 0.294790 -0.712663
32.000000 27.000000 -0.937496 -1.000000 0.242136 -0.663675
32.000000 28.000000 -0.906954 -1.000000 0.217032 -0.641057
32.000000 29.000000 -0.823681 -1.000000 0.102553 -0.527857
32.000000 30.000000 -0.690215 -1.000000 -0.029552 -0.404665
32.000000 31.000000 -0.641766 -1.000000 -0.034009 -0.410434
32.000000 32.000000 -0.542938 -1.000000 -0.124326 -0.326647
32.000000 33.000000 -0.443753 -1.000000 -0.204749 -0.254836
32.000000 34.000000 -0.428829 -1.000000 -0.205510 -0.259638
32.000000 35.000000 -0.546709 -1.000000 -0.093019 -0.365583
32.000000 36.000000 -0.642346 -1.000000 -0.042786 -0.403258
32.000000 37.000000 -0.740550 -1.000000 0.039120 -0.476316
32.000000 38.000000 -0.761170 -1.000000 0.031120 -0.463276
32.000000 39.000000 -0.761085 -1.000000 0.064987 -0.499989
32.000000 40.000000 -0.741120 -1.000000 0.022526 -0.456419
32.000000 41.000000 -0.730477 -1.000000 0.017532 -0.453104
32.000000 42.000000 -0.781948 -1.000000 0.077671 -0.511603
32.000000 43.000000 -0.790901 -1.000000 0.087089 -0.519262
32.000000 44.000000 -0.893012 -1.000000 0.175158 -0.600499
32.000000 45.000000 -0.916812 -1.000000 0.129442 -0.543937
32.000000 46.000000 -1.000000 -1.000000 0.274209 -0.688322
32.000000 47.000000 -1.000000 -1.000000 0.360882 -0.775338
32.000000 48.000000 -1.000000 -1.000000 0.415338 -0.825572
32.000000 49.000000 -1.000000 -1.000000 0.434553 -0.843361
33.000000 0.000000 -1.000000 -1.000000 0.728933 -1.000000
33.000000 1.000000 -1.000000 -1.000000 0.728933 -1.000000
33.000000 2.000000 -1.000000 -1.000000 0.728933 -1.000000
33.000000 3.000000 -1.000000 -1.000000 0.725308 -1.000000
33.000000 4.000000 -1.000000 -1.000000 0.711144 -1.000000
33.000000 5.000000 -1.000000 -1.000000 0.689700 -1.000000
33.000000 6.000000 -1.000000 -1.000000 0.660192 -1.000000
33.000000 7.000000 -1.000000 -1.000000 0.509421 -0.912177
33.000000 8.000000 -0.906223 -1.000000 0.213844 -0.636645
33.000000 9.000000 -0.518428 -1.000000 -0.201120 -0.237468
33.000000 10.000000 0.156577 -1.000000 -0.743425 0.250687
33.000000 11.000000 1.000000 -1.000000 -1.000000 0.984701
33.000000 12.000000 1.000000 -0.159814 -1.000000 1.000000
33.000000 13.000000 1.000000 -0.254484 -1.000000 1.000000
33.000000 14.000000 0.872992 -0.516594 -0.930955 0.311838
33.000000 15.000000 -0.190840 -1.000000 -0.086673 -0.456009
33.000000 16.000000 -0.960787 -1.000000 -0.279478 -0.058611
33.000000 17.000000 -1.000000 -1.000000 0.402449 -0.816501
33.000000 18.000000 -1.000000 -1.000000 0.534472 -0.936321
33.000000 19.000000 -1.000000 -1.000000 0.461487 -0.868112
33.000000 20.000000 -1.000000 -1.000000 0.384395 -0.796325
33.000000 21.000000 -1.000000 -1.000000 0.339630 -0.754541
33.000000 22.000000 -0.931410 -1.000000 0.236512 -0.658190
33.000000 23.000000 -0.806660 -1.000000 0.111357 -0.540134
33.000000 24.000000 -0.769012 -1.000000 0.076773 -0.509123
33.000000 25.000000 -0.626264 -1.000000 -0.056574 -0.385175
33.000000 26.000000 -0.500831 -1.000000 -0.168817 -0.284527
33.000000 27.000000 -0.488786 -1.000000 -0.159268 -0.300763
33.000000 28.000000 -0.391975 -1.000000 -0.274137 -0.189814
33.000000 29.000000 -0.463748 -1.000000 -0.174656 -0.292191
33.000000 30.000000 -0.600902 -1.000000 -0.075215 -0.377862
33.000000 31.000000 -0.728008 -1.000000 0.045937 -0.487727
33.000000 32.000000 -0.868738 -1.000000 0.158790 -0.587498
33.000000 33.000000 -0.866695 -1.000000 0.055960 -0.470037
33.000000 34.000000 -0.838124 -1.000000 0.135996 -0.564883
33.000000 35.000000 -0.845321 -1.000000 0.109503 -0.534203
33.000000 36.000000 -0.903668 -1.000000 0.190325 -0.614492
33.000000 37.000000 -0.954946 -1.000000 0.216094 -0.633262
33.000000 38.000000 -1.000000 -1.000000 0.156257 -0.551208
33.000000 39.000000 -0.964614 -1.000000 0.266151 -0.686492
33.000000 40.000000 -0.879671 -1.000000 0.189684 -0.615419
33.000000 41.000000 -0.954941 -1.000000 0.257345 -0.678992
33.000000 42.000000 -1.000000 -1.000000 0.246051 -0.648336
33.000000 43.000000 -1.000000 -1.000000 0.352484 -0.766795
33.000000 44.000000 -1.000000 -1.000000 0.301473 -0.718643
33.000000 45.000000 -0.912301 -1.000000 0.218672 -0.641679
33.000000 46.000000 -0.884539 -1.000000 0.177265 -0.600958
33.000000 47.000000 -0.895270 -1.000000 0.209551 -0.635454
33.000000 48.000000 -0.955162 -1.000000 0.220283 -0.637924
33.000000 49.000000 -0.973629 -1.000000 0.176706 -0.585541
34.000000 0.000000 -1.000000 -1.000000 0.728933 -1.000000
34.000000 1.000000 -1.000000 -1.000000 0.728933 -1.000000
34.000000 2.000000 -1.000000 -1.000000 0.725308 -1.000000
34.000000 3.000000 -1.000000 -1.000000 0.724214 -1.000000
34.000000 4.000000 -1.000000 -1.000000 0.719493 -1.000000
34.000000 5.000000 -1.000000 -1.000000 0.724214 -1.000000
34.000000 6.000000 -1.000000 -1.000000 0.728933 -1.000000
34.000000 7.000000 -1.000000 -1.000000 0.728933 -1.000000
34.000000 8.000000 -1.000000 -1.000000 0.728933 -1.000000
34.000000 9.000000 -1.000000 -1.000000 0.728933 -1.000000
34.000000 10.000000 -1.000000 -1.000000 0.728933 -1.000000
34.000000 11.000000 -1.000000 -1.000000 0.728933 -1.000000
34.000000 12.000000 -1.000000 -1.000000 0.728933 -1.000000
34.000000 13.000000 -1.000000 -1.000000 0.728933 -1.000000
34.000000 14.000000 -1.000000 -1.000000 0.728933 -1.000000
34.000000 15.000000 -1.000000 -1.000000 0.728933 -1.000000
34.000000 16.000000 -1.000000 -1.000000 0.728933 -1.000000
34.000000 17.000000 -1.000000 -1.000000 0.728933 -1.000000
34.000000 18.000000 -1.000000 -1.000000 0.728933 -1.000000
34.000000 19.000000 -1.000000 -1.000000 0.728933 -1.000000
34.000000 20.000000 -1.000000 -1.000000 0.728933 -1.000000
34.000000 21.000000 -1.000000 -1.000000 0.728933 -1.000000
34.000000 22.000000 -1.000000 -1.000000 0.728933 -1.000000
34.000000 23.000000 -1.000000 -1.000000 0.728933 -1.000000
34.000000 24.000000 -1.000000 -1.000000 0.728933 -1.000000
34.000000 25.000000 -1.000000 -1.000000 0.728933 -1.000000
34.000000 26.000000 -1.000000 -1.000000 0.728933 -1.000000
34.000000 27.000000 -1.000000 -1.000000 0.728933 -1.000000
34.000000 28.000000 -1.000000 -1.000000 0.728933 -1.000000
34.000000 29.000000 -1.000000 -1.000000 0.728933 -1.000000
34.000000 30.000000 -1.000000 -1.000000 0.728933 -1.000000
34.000000 31.000000 -1.000000 -1.000000 0.728933 -1.000000
34.000000 32.000000 -1.000000 -1.000000 0.728933 -1.000000
34.000000 33.000000 -1.000000 -1.000000 0.728933 -1.000000
34.000000 34.000000 -1.000000 -1.000000 0.728933 -1.000000
34.000000 35.000000 -1.000000 -1.000000 0.728933 -1.000000
34.000000 36.000000 -1.000000 -1.000000 0.728933 -1.000000
34.000000 37.000000 -1.000000 -1.000000 0.728933 -1.000000
34.000000 38.000000 -1.000000 -1.000000 0.728933 -1.000000
34.000000 39.000000 -1.000000 -1.000000 0.728933 -1.000000
34.000000 40.000000 -1.000000 -1.000000 0.728933 -1.000000
34.000000 41.000000 -1.000000 -1.000000 0.728933 -1.000000
34.000000 42.000000 -1.000000 -1.000000 0.728933 -1.000000
34.000000 43.000000 -1.000000 -1.000000 0.728933 -1.000000
34.000000 44.000000 -1.000000 -1.000000 0.728933 -1.000000
34.000000 45.000000 -1.000000 -1.000000 0.728933 -1.000000
34.000000 46.000000 -1.000000 -1.000000 0.728933 -1.000000
34.000000 47.000000 -1.000000 -1.000000 0.728933 -1.000000
34.000000 48.000000 -1.000000 -1.000000 0.728933 -1.000000
34.000000 49.000000 -1.000000 -1.000000 0.728933 -1.000000
35.000000 0.000000 -1.000000 -1.000000 0.728933 -1.000000
35.000000 1.000000 -1.000000 -1.000000 0.728933 -1.000000
35.000000 2.000000 -1.000000 -1.000000 0.728933 -1.000000
35.000000 3.000000 -1.000000 -1.000000 0.724214 -1.000000
35.000000 4.000000 -1.000000 -1.000000 0.724214 -1.000000
35.000000 5.000000 -1.000000 -1.000000 0.724214 -1.000000
35.000000 6.000000 -1.000000 -1.000000 0.728933 -1.000000
35.000000 7.000000 -1.000000 -1.000000 0.728933 -1.000000
35.000000 8.000000 -1.000000 -1.000000 0.728933 -1.000000
35.000000 9.000000 -1.000000 -1.000000 0.728933 -1.000000
35.000000 10.000000 -1.000000 -1.000000 0.728933 -1.000000
35.000000 11.000000 -1.000000 -1.000000 0.728933 -1.000000
35.000000 12.000000 -1.000000 -1.000000 0.728933 -1.000000
35.000000 13.000000 -1.000000 -1.000000 0.728933 -1.000000
35.000000 14.000000 -1.000000 -1.000000 0.728933 -1.000000
35.000000 15.000000 -1.000000 -1.000000 0.728933 -1.000000
35.000000 16.000000 -1.000000 -1.000000 0.728933 -1.000000
35.000000 17.000000 -1.000000 -1.000000 0.728933 -1.000000
35.000000 18.000000 -1.000000 -1.000000 0.728933 -1.000000
35.000000 19.000000 -1.000000 -1.000000 0.728933 -1.000000
35.000000 20.000000 -1.000000 -1.000000 0.728933 -1.000000
35.000000 21.000000 -1.000000 -1.000000 0.728933 -1.000000
35.000000 22.000000 -1.000000 -1.000000 0.728933 -1.000000
35.000000 23.000000 -1.000000 -1.000000 0.728933 -1.000000
35.000000 24.000000 -1.000000 -1.000000 0.728933 -1.000000
35.000000 25.000000 -1.000000 -1.000000 0.728933 -1.000000
35.000000 26.000000 -1.000000 -1.000000 0.728933 -1.000000
35.000000 27.000000 -1.000000 -1.000000 0.728933 -1.000000
35.000000 28.000000 -1.000000 -1.000000 0.728933 -1.000000
35.000000 29.000000 -1.000000 -1.000000 0.728933 -1.000000
35.000000 30.000000 -1.000000 -1.000000 0.728933 -1.000000
35.000000 31.000000 -1.000000 -1.000000 0.728933 -1.000000
35.000000 32.000000 -1.000000 -1.000000 0.728933 -1.000000
35.000000 33.000000 -1.000000 -1.000000 0.728933 -1.000000
35.000000 34.000000 -1.000000 -1.000000 0.728933 -1.000000
35.000000 35.000000 -1.000000 -1.000000 0.728933 -1.000000
35.000000 36.000000 -1.000000 -1.000000 0.728933 -1.000000
35.000000 37.000000 -1.000000 -1.000000 0.728933 -1.000000
35.000000 38.000000 -1.000000 -1.000000 0.728933 -1.000000
35.000000 39.000000 -1.000000 -1.000000 0.728933 -1.000000
35.000000 40.000000 -1.000000 -1.000000 0.728933 -1.000000
35.000000 41.000000 -1.000000 -1.000000 0.728933 -1.000000
35.000000 42.000000 -1.000000 -1.000000 0.728933 -1.000000
35.000000 43.000000 -1.000000 -1.000000 0.728933 -1.000000
35.000000 44.000000 -1.000000 -1.000000 0.728933 -1.000000
35.000000 45.000000 -1.000000 -1.000000 0.728933 -1.000000
35.000000 46.000000 -1.000000 -1.000000 0.728933 -1.000000
35.000000 47.000000 -1.000000 -1.000000 0.728933 -1.000000
35.000000 48.000000 -1.000000 -1.000000 0.728933 -1.000000
35.000000 49.000000 -1.000000 -1.000000 0.728933 -1.000000
36.000000 0.000000 -1.000000 -1.000000 0.728933 -1.000000
36.000000 1.000000 -1.000000 -1.000000 0.728933 -1.000000
36.000000 2.000000 -1.000000 -1.000000 0.728933 -1.000000
36.000000 3.000000 -1.000000 -1.000000 0.724214 -1.000000
36.000000 4.000000 -1.000000 -1.000000 0.719493 -1.000000
36.000000 5.000000 -1.000000 -1.000000 0.708610 -1.000000
36.000000 6.000000 -1.000000 -1.000000 0.698062 -1.000000
36.000000 7.000000 -1.000000 -1.000000 0.681333 -1.000000
36.000000 8.000000 -1.000000 -1.000000 0.666029 -1.000000
36.000000 9.000000 -1.000000 -1.000000 0.626290 -1.000000
36.000000 10.000000 -1.000000 -1.000000 0.542805 -0.943705
36.000000 11.000000 -1.000000 -1.000000 0.358178 -0.770950
36.000000 12.000000 -0.395555 -1.000000 -0.253231 -0.197835
36.000000 13.000000 0.535179 -1.000000 -1.000000 0.584245
36.000000 14.000000 1.000000 -0.572827 -1.000000 1.000000
36.000000 15.000000 1.000000 -0.027558 -1.000000 1.000000
36.000000 16.000000 1.000000 -0.210038 -1.000000 1.000000
36.000000 17.000000 0.886613 -0.588587 -0.968525 0.349137
36.000000 18.000000 -0.458515 -1.000000 0.152837 -0.672437
36.000000 19.000000 -1.000000 -1.000000 -0.046445 -0.296439
36.000000 20.000000 -1.000000 -1.000000 0.516645 -0.921321
36.000000 21.000000 -1.000000 -1.000000 0.613015 -1.000000
36.000000 22.000000 -1.000000 -1.000000 0.626946 -1.000000
36.000000 23.000000 -1.000000 -1.000000 0.613529 -1.000000
36.000000 24.000000 -1.000000 -1.000000 0.609080 -1.000000
36.000000 25.000000 -1.000000 -1.000000 0.622235 -1.000000
36.000000 26.000000 -1.000000 -1.000000 0.636479 -1.000000
36.000000 27.000000 -1.000000 -1.000000 0.670766 -1.000000
36.000000 28.000000 -1.000000 -1.000000 0.669668 -1.000000
36.000000 29.000000 -1.000000 -1.000000 0.638679 -1.000000
36.000000 30.000000 -1.000000 -1.000000 0.624089 -1.000000
36.000000 31.000000 -1.000000 -1.000000 0.632832 -1.000000
36.000000 32.000000 -1.000000 -1.000000 0.591910 -0.989398
36.000000 33.000000 -1.000000 -1.000000 0.519287 -0.922031
36.000000 34.000000 -1.000000 -1.000000 0.471106 -0.877111
36.000000 35.000000 -1.000000 -1.000000 0.415076 -0.824618
36.000000 36.000000 -1.000000 -1.000000 0.388090 -0.799803
36.000000 37.000000 -1.000000 -1.000000 0.391423 -0.802781
36.000000 38.000000 -1.000000 -1.000000 0.349256 -0.763503
36.000000 39.000000 -0.930748 -1.000000 0.236142 -0.657682
36.000000 40.000000 -0.698646 -1.000000 -0.014828 -0.416586
36.000000 41.000000 -0.540036 -1.000000 -0.107596 -0.342957
36.000000 42.000000 -0.408886 -1.000000 -0.240897 -0.220726
36.000000 43.000000 -0.422748 -1.000000 -0.213562 -0.253961
36.000000 44.000000 -0.565581 -1.000000 -0.086541 -0.371574
36.000000 45.000000 -0.761533 -1.000000 0.081263 -0.522292
36.000000 46.000000 -0.950543 -1.000000 0.181120 -0.598545
36.000000 47.000000 -1.000000 -1.000000 0.211895 -0.605134
36.000000 48.000000 -1.000000 -1.000000 0.444000 -0.852630
36.000000 49.000000 -1.000000 -1.000000 0.398500 -0.809411
37.000000 0.000000 -1.000000 -1.000000 0.728933 -1.000000
37.000000 1.000000 -1.000000 -1.000000 0.728933 -1.000000
37.000000 2.000000 -1.000000 -1.000000 0.728933 -1.000000
37.000000 3.000000 -1.000000 -1.000000 0.728933 -1.000000
37.000000 4.000000 -1.000000 -1.000000 0.725308 -1.000000
37.000000 5.000000 -1.000000 -1.000000 0.719493 -1.000000
37.000000 6.000000 -1.000000 -1.000000 0.694430 -1.000000
37.000000 7.000000 -1.000000 -1.000000 0.666029 -1.000000
37.000000 8.000000 -1.000000 -1.000000 0.644523 -1.000000
37.000000 9.000000 -1.000000 -1.000000 0.638332 -1.000000
37.000000 10.000000 -0.966765 -1.000000 0.271077 -0.689140
37.000000 11.000000 -0.212657 -1.000000 -0.585645 0.149762
37.000000 12.000000 0.903207 -1.000000 -1.000000 0.802254
37.000000 13.000000 1.000000 -0.288824 -1.000000 1.000000
37.000000 14.000000 1.000000 -0.172753 -1.000000 1.000000
37.000000 15.000000 1.000000 -0.393671 -1.000000 0.934966
37.000000 16.000000 0.265969 -0.692775 -0.382105 -0.193126
37.000000 17.000000 -0.641339 -1.000000 -0.300803 -0.113363
37.000000 18.000000 -1.000000 -1.000000 0.412111 -0.826377
37.000000 19.000000 -1.000000 -1.000000 0.548977 -0.950366
37.000000 20.000000 -1.000000 -1.000000 0.579127 -0.977787
37.000000 21.000000 -1.000000 -1.000000 0.593711 -0.991352
37.000000 22.000000 -1.000000 -1.000000 0.575423 -0.974181
37.000000 23.000000 -1.000000 -1.000000 0.518934 -0.921540
37.000000 24.000000 -1.000000 -1.000000 0.448261 -0.855839
37.000000 25.000000 -1.000000 -1.000000 0.395838 -0.807254
37.000000 26.000000 -1.000000 -1.000000 0.347417 -0.761505
37.000000 27.000000 -0.990138 -1.000000 0.290335 -0.708676
37.000000 28.000000 -0.959675 -1.000000 0.262883 -0.683030
37.000000 29.000000 -0.852609 -1.000000 0.165788 -0.592704
37.000000 30.000000 -0.765568 -1.000000 0.081562 -0.514372
37.000000 31.000000 -0.457347 -1.000000 -0.256092 -0.189946
37.000000 32.000000 -0.321123 -1.000000 -0.308290 -0.164500
37.000000 33.000000 -0.270712 -1.000000 -0.343648 -0.136826
37.000000 34.000000 -0.505109 -1.000000 -0.107025 -0.360981
37.000000 35.000000 -0.714564 -1.000000 0.024568 -0.467104
37.000000 36.000000 -0.876503 -1.000000 0.157814 -0.585029
37.000000 37.000000 -0.969635 -1.000000 0.161433 -0.570632
37.000000 38.000000 -0.922761 -1.000000 0.165887 -0.582513
37.000000 39.000000 -0.859143 -1.000000 0.162227 -0.588834
37.000000 40.000000 -0.857679 -1.000000 0.151695 -0.577795
37.000000 41.000000 -0.789632 -1.000000 0.078895 -0.508359
37.000000 42.000000 -0.870685 -1.000000 0.170914 -0.598549
37.000000 43.000000 -0.922596 -1.000000 0.194336 -0.615158
37.000000 44.000000 -0.936365 -1.000000 0.174917 -0.590344
37.000000 45.000000 -0.881342 -1.000000 0.166979 -0.589905
37.000000 46.000000 -0.841709 -1.000000 0.159811 -0.589243
37.000000 47.000000 -0.925402 -1.000000 0.218716 -0.641536
37.000000 48.000000 -0.971439 -1.000000 0.226453 -0.641797
37.000000 49.000000 -0.956366 -1.000000 0.227252 -0.644923
38.000000 0.000000 -1.000000 -1.000000 0.728933 -1.000000
38.000000 1.000000 -1.000000 -1.000000 0.728933 -1.000000
38.000000 2.000000 -1.000000 -1.000000 0.728933 -1.000000
38.000000 3.000000 -1.000000 -1.000000 0.728933 -1.000000
38.000000 4.000000 -1.000000 -1.000000 0.720588 -1.000000
38.000000 5.000000 -1.000000 -1.000000 0.707515 -1.000000
38.000000 6.000000 -1.000000 -1.000000 0.687163 -1.000000
38.000000 7.000000 -1.000000 -1.000000 0.686409 -1.000000
38.000000 8.000000 -1.000000 -1.000000 0.651810 -1.000000
38.000000 9.000000 -1.000000 -1.000000 0.571412 -0.970257
38.000000 10.000000 -1.000000 -1.000000 0.400339 -0.810219
38.000000 11.000000 -0.753658 -1.000000 0.074191 -0.505536
38.000000 12.000000 0.473927 -1.000000 -1.000000 0.628454
38.000000 13.000000 1.000000 -0.482669 -1.000000 1.000000
38.000000 14.000000 1.000000 0.119864 -1.000000 1.000000
38.000000 15.000000 1.000000 -0.074379 -1.000000 1.000000
38.000000 16.000000 1.000000 -0.484823 -1.000000 1.000000
38.000000 17.000000 -0.127554 -0.838198 -0.037305 -0.507972
38.000000 18.000000 -0.821627 -1.000000 0.011186 -0.434538
38.000000 19.000000 -1.000000 -1.000000 0.473810 -0.882396
38.000000 20.000000 -1.000000 -1.000000 0.595357 -0.992925
38.000000 21.000000 -1.000000 -1.000000 0.564752 -0.964260
38.000000 22.000000 -1.000000 -1.000000 0.501058 -0.905213
38.000000 23.000000 -1.000000 -1.000000 0.438315 -0.846429
38.000000 24.000000 -1.000000 -1.000000 0.452302 -0.859798
38.000000 25.000000 -1.000000 -1.000000 0.451945 -0.859303
38.000000 26.000000 -1.000000 -1.000000 0.412855 -0.822634
38.000000 27.000000 -1.000000 -1.000000 0.299977 -0.717658
38.000000 28.000000 -0.919334 -1.000000 0.224989 -0.647692
38.000000 29.000000 -0.923340 -1.000000 0.232761 -0.656407
38.000000 30.000000 -0.969852 -1.000000 0.177095 -0.586893
38.000000 31.000000 -0.959349 -1.000000 0.134220 -0.539411
38.000000 32.000000 -0.893231 -1.000000 0.185632 -0.608710
38.000000 33.000000 -0.736549 -1.000000 0.022866 -0.453823
38.000000 34.000000 -0.765412 -1.000000 0.093313 -0.530307
38.000000 35.000000 -0.845866 -1.000000 0.130079 -0.558097
38.000000 36.000000 -0.927646 -1.000000 0.131439 -0.545733
38.000000 37.000000 -0.979971 -1.000000 0.250049 -0.668308
38.000000 38.000000 -1.000000 -1.000000 0.292330 -0.702439
38.000000 39.000000 -1.000000 -1.000000 0.351228 -0.765749
38.000000 40.000000 -1.000000 -1.000000 0.376480 -0.788997
38.000000 41.000000 -1.000000 -1.000000 0.454520 -0.861778
38.000000 42.000000 -1.000000 -1.000000 0.462636 -0.869199
38.000000 43.000000 -1.000000 -1.000000 0.448261 -0.855839
38.000000 44.000000 -1.000000 -1.000000 0.405083 -0.815691
38.000000 45.000000 -1.000000 -1.000000 0.380700 -0.792846
38.000000 46.000000 -1.000000 -1.000000 0.392145 -0.803778
38.000000 47.000000 -1.000000 -1.000000 0.416154 -0.826110
38.000000 48.000000 -1.000000 -1.000000 0.464814 -0.871671
38.000000 49.000000 -1.000000 -1.000000 0.464853 -0.871178
39.000000 0.000000 -1.000000 -1.000000 0.728933 -1.000000
39.000000 1.000000 -1.000000 -1.000000 0.728933 -1.000000
39.000000 2.000000 -1.000000 -1.000000 0.728933 -1.000000
39.000000 3.000000 -1.000000 -1.000000 0.724214 -1.000000
39.000000 4.000000 -1.000000 -1.000000 0.720588 -1.000000
39.000000 5.000000 -1.000000 -1.000000 0.719493 -1.000000
39.000000 6.000000 -1.000000 -1.000000 0.714771 -1.000000
39.000000 7.000000 -1.000000 -1.000000 0.712239 -1.000000
39.000000 8.000000 -1.000000 -1.000000 0.675158 -1.000000
39.000000 9.000000 -1.000000 -1.000000 0.602527 -0.999206
39.000000 10.000000 -1.000000 -1.000000 0.410666 -0.820150
39.000000 11.000000 -0.865286 -1.000000 0.176647 -0.601537
39.000000 12.000000 -0.494958 -1.000000 -0.215830 -0.226053
39.000000 13.000000 0.145601 -1.000000 -0.736290 0.243683
39.000000 14.000000 1.000000 -1.000000 -1.000000 0.841763
39.000000 15.000000 1.000000 -0.312576 -1.000000 1.000000
39.000000 16.000000 1.000000 -0.248398 -1.000000 1.000000
39.000000 17.000000 0.995802 -0.502576 -1.000000 0.420721
39.000000 18.000000 -0.234340 -1.000000 -0.001195 -0.537225
39.000000 19.000000 -1.000000 -1.000000 -0.177498 -0.166766
39.000000 20.000000 -1.000000 -1.000000 0.314265 -0.732488
39.000000 21.000000 -1.000000 -1.000000 0.300163 -0.718353
39.000000 22.000000 -1.000000 -1.000000 0.317027 -0.733619
39.000000 23.000000 -1.000000 -1.000000 0.348530 -0.762500
39.000000 24.000000 -0.976776 -1.000000 0.278094 -0.697190
39.000000 25.000000 -0.924929 -1.000000 0.230883 -0.653723
39.000000 26.000000 -0.944060 -1.000000 0.239520 -0.660254
39.000000 27.000000 -0.866519 -1.000000 0.162687 -0.586941
39.000000 28.000000 -0.740337 -1.000000 0.061815 -0.496535
39.000000 29.000000 -0.491875 -1.000000 -0.172323 -0.277453
39.000000 30.000000 -0.368591 -1.000000 -0.260868 -0.205175
39.000000 31.000000 -0.263635 -1.000000 -0.360826 -0.115809
39.000000 32.000000 -0.190088 -1.000000 -0.420233 -0.065970
39.000000 33.000000 -0.424214 -1.000000 -0.174235 -0.301406
39.000000 34.000000 -0.564695 -1.000000 -0.088916 -0.365904
39.000000 35.000000 -0.666599 -1.000000 0.001170 -0.446402
39.000000 36.000000 -0.789414 -1.000000 0.096712 -0.530835
39.000000 37.000000 -0.759946 -1.000000 0.039667 -0.470381
39.000000 38.000000 -0.767980 -1.000000 0.073667 -0.508044
39.000000 39.000000 -0.781161 -1.000000 0.049413 -0.479182
39.000000 40.000000 -0.771530 -1.000000 0.040975 -0.471260
39.000000 41.000000 -0.815974 -1.000000 0.116083 -0.548400
39.000000 42.000000 -0.909619 -1.000000 0.181244 -0.604105
39.000000 43.000000 -1.000000 -1.000000 0.291959 -0.705607
39.000000 44.000000 -1.000000 -1.000000 0.416653 -0.826930
39.000000 45.000000 -1.000000 -1.000000 0.408516 -0.819018
39.000000 46.000000 -1.000000 -1.000000 0.446401 -0.854354
39.000000 47.000000 -1.000000 -1.000000 0.439782 -0.847916
39.000000 48.000000 -1.000000 -1.000000 0.448261 -0.855839
39.000000 49.000000 -1.000000 -1.000000 0.442358 -0.850392
40.000000 0.000000 -1.000000 -1.000000 0.728933 -1.000000
40.000000 1.000000 -1.000000 -1.000000 0.728933 -1.000000
40.000000 2.000000 -1.000000 -1.000000 0.725308 -1.000000
40.000000 3.000000 -1.000000 -1.000000 0.724214 -1.000000
40.000000 4.000000 -1.000000 -1.000000 0.724214 -1.000000
40.000000 5.000000 -1.000000 -1.000000 0.724214 -1.000000
40.000000 6.000000 -1.000000 -1.000000 0.728933 -1.000000
40.000000 7.000000 -1.000000 -1.000000 0.728933 -1.000000
40.000000 8.000000 -1.000000 -1.000000 0.728933 -1.000000
40.000000 9.000000 -1.000000 -1.000000 0.728933 -1.000000
40.000000 10.000000 -1.000000 -1.000000 0.728933 -1.000000
40.000000 11.000000 -1.000000 -1.000000 0.728933 -1.000000
40.000000 12.000000 -1.000000 -1.000000 0.728933 -1.000000
40.000000 13.000000 -1.000000 -1.000000 0.728933 -1.000000
40.000000 14.000000 -1.000000 -1.000000 0.728933 -1.000000
40.000000 15.000000 -1.000000 -1.000000 0.728933 -1.000000
40.000000 16.000000 -1.000000 -1.000000 0.728933 -1.000000
40.000000 17.000000 -1.000000 -1.000000 0.728933 -1.000000
40.000000 18.000000 -1.000000 -1.000000 0.728933 -1.000000
40.000000 19.000000 -1.000000 -1.000000 0.728933 -1.000000
40.000000 20.000000 -1.000000 -1.000000 0.728933 -1.000000
40.000000 21.000000 -1.000000 -1.000000 0.728933 -1.000000
40.000000 22.000000 -1.000000 -1.000000 0.728933 -1.000000
40.000000 23.000000 -1.000000 -1.000000 0.728933 -1.000000
40.000000 24.000000 -1.000000 -1.000000 0.728933 -1.000000
40.000000 25.000000 -1.000000 -1.000000 0.728933 -1.000000
40.000000 26.000000 -1.000000 -1.000000 0.728933 -1.000000
40.000000 27.000000 -1.000000 -1.000000 0.728933 -1.000000
40.000000 28.000000 -1.000000 -1.000000 0.728933 -1.000000
40.000000 29.000000 -1.000000 -1.000000 0.728933 -1.000000
40.000000 30.000000 -1.000000 -1.000000 0.728933 -1.000000
40.000000 31.000000 -1.000000 -1.000000 0.728933 -1.000000
40.000000 32.000000 -1.000000 -1.000000 0.728933 -1.000000
40.000000 33.000000 -1.000000 -1.000000 0.728933 -1.000000
40.000000 34.000000 -1.000000 -1.000000 0.728933 -1.000000
40.000000 35.000000 -1.000000 -1.000000 0.728933 -1.000000
40.000000 36.000000 -1.000000 -1.000000 0.728933 -1.000000
40.000000 37.000000 -1.000000 -1.000000 0.728933 -1.000000
40.000000 38.000000 -1.000000 -1.000000 0.728933 -1.000000
40.000000 39.000000 -1.000000 -1.000000 0.728933 -1.000000
40.000000 40.000000 -1.000000 -1.000000 0.728933 -1.000000
40.000000 41.000000 -1.000000 -1.000000 0.728933 -1.000000
40.000000 42.000000 -1.000000 -1.000000 0.728933 -1.000000
40.000000 43.000000 -1.000000 -1.000000 0.728933 -1.000000
40.000000 44.000000 -1.000000 -1.000000 0.728933 -1.000000
40.000000 45.000000 -1.000000 -1.000000 0.728933 -1.000000
40.000000 46.000000 -1.000000 -1.000000 0.728933 -1.000000
40.000000 47.000000 -1.000000 -1.000000 0.728933 -1.000000
40.000000 48.000000 -1.000000 -1.000000 0.728933 -1.000000
40.000000 49.000000 -1.000000 -1.000000 0.728933 -1.000000
41.000000 0.000000 -1.000000 -1.000000 0.728933 -1.000000
41.000000 1.000000 -1.000000 -1.000000 0.728933 -1.000000
41.000000 2.000000 -1.000000 -1.000000 0.725308 -1.000000
41.000000 3.000000 -1.000000 -1.000000 0.724214 -1.000000
41.000000 4.000000 -1.000000 -1.000000 0.728933 -1.000000
41.000000 5.000000 -1.000000 -1.000000 0.728933 -1.000000
41.000000 6.000000 -1.000000 -1.000000 0.728933 -1.000000
41.000000 7.000000 -1.000000 -1.000000 0.728933 -1.000000
41.000000 8.000000 -1.000000 -1.000000 0.728933 -1.000000
41.000000 9.000000 -1.000000 -1.000000 0.728933 -1.000000
41.000000 10.000000 -1.000000 -1.000000 0.728933 -1.000000
41.000000 11.000000 -1.000000 -1.000000 0.728933 -1.000000
41.000000 12.000000 -1.000000 -1.000000 0.728933 -1.000000
41.000000 13.000000 -1.000000 -1.000000 0.728933 -1.000000
41.000000 14.000000 -1.000000 -1.000000 0.728933 -1.000000
41.000000 15.000000 -1.000000 -1.000000 0.728933 -1.000000
41.000000 16.000000 -1.000000 -1.000000 0.728933 -1.000000
41.000000 17.000000 -1.000000 -1.000000 0.728933 -1.000000
41.000000 18.000000 -1.000000 -1.000000 0.728933 -1.000000
41.000000 19.000000 -1.000000 -1.000000 0.728933 -1.000000
41.000000 20.000000 -1.000000 -1.000000 0.728933 -1.000000
41.000000 21.000000 -1.000000 -1.000000 0.728933 -1.000000
41.000000 22.000000 -1.000000 -1.000000 0.728933 -1.000000
41.000000 23.000000 -1.000000 -1.000000 0.728933 -1.000000
41.000000 24.000000 -1.000000 -1.000000 0.728933 -1.000000
41.000000 25.000000 -1.000000 -1.000000 0.728933 -1.000000
41.000000 26.000000 -1.000000 -1.000000 0.728933 -1.000000
41.000000 27.000000 -1.000000 -1.000000 0.728933 -1.000000
41.000000 28.000000 -1.000000 -1.000000 0.728933 -1.000000
41.000000 29.000000 -1.000000 -1.000000 0.728933 -1.000000
41.000000 30.000000 -1.000000 -1.000000 0.728933 -1.000000
41.000000 31.000000 -1.000000 -1.000000 0.728933 -1.000000
41.000000 32.000000 -1.000000 -1.000000 0.728933 -1.000000
41.000000 33.000000 -1.000000 -1.000000 0.728933 -1.000000
41.000000 34.000000 -1.000000 -1.000000 0.728933 -1.000000
41.000000 35.000000 -1.000000 -1.000000 0.728933 -1.000000
41.000000 36.000000 -1.000000 -1.000000 0.728933 -1.000000
41.000000 37.000000 -1.000000 -1.000000 0.728933 -1.000000
41.000000 38.000000 -1.000000 -1.000000 0.728933 -1.000000
41.000000 39.000000 -1.000000 -1.000000 0.728933 -1.000000
41.000000 40.000000 -1.000000 -1.000000 0.728933 -1.000000
41.000000 41.000000 -1.000000 -1.000000 0.728933 -1.000000
41.000000 42.000000 -1.000000 -1.000000 0.728933 -1.000000
41.000000 43.000000 -1.000000 -1.000000 0.728933 -1.000000
41.000000 44.000000 -1.000000 -1.000000 0.728933 -1.000000
41.000000 45.000000 -1.000000 -1.000000 0.728933 -1.000000
41.000000 46.000000 -1.000000 -1.000000 0.728933 -1.000000
41.000000 47.000000 -1.000000 -1.000000 0.728933 -1.000000
41.000000 48.000000 -1.000000 -1.000000 0.728933 -1.000000
41.000000 49.000000 -1.000000 -1.000000 0.728933 -1.000000
42.000000 0.000000 -1.000000 -1.000000 0.728933 -1.000000
42.000000 1.000000 -1.000000 -1.000000 0.728933 -1.000000
42.000000 2.000000 -1.000000 -1.000000 0.728933 -1.000000
42.000000 3.000000 -1.000000 -1.000000 0.728933 -1.000000
42.000000 4.000000 -1.000000 -1.000000 0.728933 -1.000000
42.000000 5.000000 -1.000000 -1.000000 0.725308 -1.000000
42.000000 6.000000 -1.000000 -1.000000 0.702789 -1.000000
42.000000 7.000000 -1.000000 -1.000000 0.684969 -1.000000
42.000000 8.000000 -1.000000 -1.000000 0.678041 -1.000000
42.000000 9.000000 -1.000000 -1.000000 0.648921 -1.000000
42.000000 10.000000 -1.000000 -1.000000 0.572515 -0.971240
42.000000 11.000000 -1.000000 -1.000000 0.464496 -0.870683
42.000000 12.000000 -0.893285 -1.000000 0.202319 -0.625609
42.000000 13.000000 -0.211869 -1.000000 -0.492925 0.041546
42.000000 14.000000 1.000000 -1.000000 -1.000000 1.000000
42.000000 15.000000 1.000000 0.058407 -1.000000 1.000000
42.000000 16.000000 1.000000 -0.035037 -1.000000 1.000000
42.000000 17.000000 1.000000 -0.395250 -1.000000 1.000000
42.000000 18.000000 0.127042 -0.732356 -0.254686 -0.309779
42.000000 19.000000 -0.754771 -1.000000 -0.266294 -0.128290
42.000000 20.000000 -1.000000 -1.000000 0.413586 -0.827598
42.000000 21.000000 -1.000000 -1.000000 0.570035 -0.970050
42.000000 22.000000 -1.000000 -1.000000 0.633672 -1.000000
42.000000 23.000000 -1.000000 -1.000000 0.617484 -1.000000
42.000000 24.000000 -1.000000 -1.000000 0.577979 -0.976635
42.000000 25.000000 -1.000000 -1.000000 0.532155 -0.933858
42.000000 26.000000 -1.000000 -1.000000 0.510837 -0.914143
42.000000 27.000000 -1.000000 -1.000000 0.514908 -0.917599
42.000000 28.000000 -1.000000 -1.000000 0.446043 -0.853858
42.000000 29.000000 -1.000000 -1.000000 0.444934 -0.852868
42.000000 30.000000 -1.000000 -1.000000 0.420594 -0.830076
42.000000 31.000000 -1.000000 -1.000000 0.355543 -0.769477
42.000000 32.000000 -1.000000 -1.000000 0.368862 -0.781912
42.000000 33.000000 -1.000000 -1.000000 0.338517 -0.753546
42.000000 34.000000 -0.951644 -1.000000 0.255458 -0.675688
42.000000 35.000000 -0.813138 -1.000000 0.108987 -0.536294
42.000000 36.000000 -0.737625 -1.000000 0.050646 -0.485906
42.000000 37.000000 -0.728034 -1.000000 0.020051 -0.455786
42.000000 38.000000 -0.709729 -1.000000 -0.005004 -0.432080
42.000000 39.000000 -0.695839 -1.000000 0.005153 -0.445580
42.000000 40.000000 -0.724214 -1.000000 0.024630 -0.462988
42.000000 41.000000 -0.820877 -1.000000 0.119979 -0.552655
42.000000 42.000000 -0.989298 -1.000000 0.260372 -0.679003
42.000000 43.000000 -1.000000 -1.000000 -0.169684 -0.114684
42.000000 44.000000 -0.971397 -1.000000 0.271912 -0.692178
42.000000 45.000000 -1.000000 -1.000000 0.354371 -0.769036
42.000000 46.000000 -0.992409 -1.000000 0.292489 -0.710612
42.000000 47.000000 -1.000000 -1.000000 0.322069 -0.738377
42.000000 48.000000 -1.000000 -1.000000 0.324070 -0.740096
42.000000 49.000000 -0.977256 -1.000000 0.278841 -0.697682
43.000000 0.000000 -1.000000 -1.000000 0.728933 -1.000000
43.000000 1.000000 -1.000000 -1.000000 0.728933 -1.000000
43.000000 2.000000 -1.000000 -1.000000 0.724214 -1.000000
43.000000 3.000000 -1.000000 -1.000000 0.724214 -1.000000
43.000000 4.000000 -1.000000 -1.000000 0.719493 -1.000000
43.000000 5.000000 -1.000000 -1.000000 0.704981 -1.000000
43.000000 6.000000 -1.000000 -1.000000 0.676600 -1.000000
43.000000 7.000000 -1.000000 -1.000000 0.622641 -1.000000
43.000000 8.000000 -1.000000 -1.000000 0.498354 -0.902305
43.000000 9.000000 -1.000000 -1.000000 0.397699 -0.808741
43.000000 10.000000 -0.974319 -1.000000 0.276245 -0.695182
43.000000 11.000000 -0.638248 -1.000000 -0.157693 -0.263847
43.000000 12.000000 0.458639 -1.000000 -1.000000 0.568611
43.000000 13.000000 1.000000 -0.809709 -1.000000 1.000000
43.000000 14.000000 1.000000 -0.202808 -1.000000 1.000000
43.000000 15.000000 1.000000 -0.306423 -1.000000 1.000000
43.000000 16.000000 0.547959 -0.584191 -0.625146 0.030608
43.000000 17.000000 -0.389287 -1.000000 -0.686251 0.290923
43.000000 18.000000 -0.945823 -1.000000 0.342375 -0.791681
43.000000 19.000000 -1.000000 -1.000000 -0.013657 -0.262382
43.000000 20.000000 -1.000000 -1.000000 0.465122 -0.872274
43.000000 21.000000 -1.000000 -1.000000 0.495089 -0.899590
43.000000 22.000000 -1.000000 -1.000000 0.438365 -0.846604
43.000000 23.000000 -0.996081 -1.000000 0.296171 -0.713884
43.000000 24.000000 -0.909024 -1.000000 0.215644 -0.639036
43.000000 25.000000 -0.735578 -1.000000 0.031588 -0.463046
43.000000 26.000000 -0.645775 -1.000000 -0.058574 -0.381205
43.000000 27.000000 -0.480748 -1.000000 -0.193694 -0.260265
43.000000 28.000000 -0.472826 -1.000000 -0.175170 -0.287106
43.000000 29.000000 -0.468256 -1.000000 -0.204675 -0.255698
43.000000 30.000000 -0.554093 -1.000000 -0.098097 -0.359445
43.000000 31.000000 -0.709992 -1.000000 0.044334 -0.489054
43.000000 32.000000 -0.811143 -1.000000 0.094972 -0.525964
43.000000 33.000000 -0.851035 -1.000000 0.128416 -0.554609
43.000000 34.000000 -0.907757 -1.000000 0.192068 -0.615484
43.000000 35.000000 -0.926433 -1.000000 0.214017 -0.635633
43.000000 36.000000 -0.840876 -1.000000 0.142768 -0.569798
43.000000 37.000000 -0.816556 -1.000000 0.094078 -0.521190
43.000000 38.000000 -0.790422 -1.000000 0.073928 -0.504225
43.000000 39.000000 -0.836472 -1.000000 0.127165 -0.556352
43.000000 40.000000 -0.814463 -1.000000 0.093140 -0.520796
43.000000 41.000000 -0.876019 -1.000000 0.176102 -0.603181
43.000000 42.000000 -0.887732 -1.000000 0.105619 -0.522162
43.000000 43.000000 -0.953777 -1.000000 0.211048 -0.629300
43.000000 44.000000 -1.000000 -1.000000 0.280694 -0.689930
43.000000 45.000000 -1.000000 -1.000000 0.355063 -0.769884
43.000000 46.000000 -1.000000 -1.000000 0.432134 -0.841484
43.000000 47.000000 -1.000000 -1.000000 0.492027 -0.896774
43.000000 48.000000 -1.000000 -1.000000 0.460062 -0.866726
43.000000 49.000000 -1.000000 -1.000000 0.479928 -0.885512
44.000000 0.000000 -1.000000 -1.000000 0.728933 -1.000000
44.000000 1.000000 -1.000000 -1.000000 0.728933 -1.000000
44.000000 2.000000 -1.000000 -1.000000 0.724214 -1.000000
44.000000 3.000000 -1.000000 -1.000000 0.724214 -1.000000
44.000000 4.000000 -1.000000 -1.000000 0.728933 -1.000000
44.000000 5.000000 -1.000000 -1.000000 0.728933 -1.000000
44.000000 6.000000 -1.000000 -1.000000 0.728933 -1.000000
44.000000 7.000000 -1.000000 -1.000000 0.728933 -1.000000
44.000000 8.000000 -1.000000 -1.000000 0.728933 -1.000000
44.000000 9.000000 -1.000000 -1.000000 0.728933 -1.000000
44.000000 10.000000 -1.000000 -1.000000 0.728933 -1.000000
44.000000 11.000000 -1.000000 -1.000000 0.728933 -1.000000
44.000000 12.000000 -1.000000 -1.000000 0.728933 -1.000000
44.000000 13.000000 -1.000000 -1.000000 0.728933 -1.000000
44.000000 14.000000 -1.000000 -1.000000 0.728933 -1.000000
44.000000 15.000000 -1.000000 -1.000000 0.728933 -1.000000
44.000000 16.000000 -1.000000 -1.000000 0.728933 -1.000000
44.000000 17.000000 -1.000000 -1.000000 0.728933 -1.000000
44.000000 18.000000 -1.000000 -1.000000 0.728933 -1.000000
44.000000 19.000000 -1.000000 -1.000000 0.728933 -1.000000
44.000000 20.000000 -1.000000 -1.000000 0.728933 -1.000000
44.000000 21.000000 -1.000000 -1.000000 0.728933 -1.000000
44.000000 22.000000 -1.000000 -1.000000 0.728933 -1.000000
44.000000 23.000000 -1.000000 -1.000000 0.728933 -1.000000
44.000000 24.000000 -1.000000 -1.000000 0.728933 -1.000000
44.000000 25.000000 -1.000000 -1.000000 0.728933 -1.000000
44.000000 26.000000 -1.000000 -1.000000 0.728933 -1.000000
44.000000 27.000000 -1.000000 -1.000000 0.728933 -1.000000
44.000000 28.000000 -1.000000 -1.000000 0.728933 -1.000000
44.000000 29.000000 -1.000000 -1.000000 0.728933 -1.000000
44.000000 30.000000 -1.000000 -1.000000 0.728933 -1.000000
44.000000 31.000000 -1.000000 -1.000000 0.728933 -1.000000
44.000000 32.000000 -1.000000 -1.000000 0.728933 -1.000000
44.000000 33.000000 -1.000000 -1.000000 0.728933 -1.000000
44.000000 34.000000 -1.000000 -1.000000 0.728933 -1.000000
44.000000 35.000000 -1.000000 -1.000000 0.728933 -1.000000
44.000000 36.000000 -1.000000 -1.000000 0.728933 -1.000000
44.000000 37.000000 -1.000000 -1.000000 0.728933 -1.000000
44.000000 38.000000 -1.000000 -1.000000 0.728933 -1.000000
44.000000 39.000000 -1.000000 -1.000000 0.728933 -1.000000
44.000000 40.000000 -1.000000 -1.000000 0.728933 -1.000000
44.000000 41.000000 -1.000000 -1.000000 0.728933 -1.000000
44.000000 42.000000 -1.000000 -1.000000 0.728933 -1.000000
44.000000 43.000000 -1.000000 -1.000000 0.728933 -1.000000
44.000000 44.000000 -1.000000 -1.000000 0.728933 -1.000000
44.000000 45.000000 -1.000000 -1.000000 0.728933 -1.000000
44.000000 46.000000 -1.000000 -1.000000 0.728933 -1.000000
44.000000 47.000000 -1.000000 -1.000000 0.728933 -1.000000
44.000000 48.000000 -1.000000 -1.000000 0.728933 -1.000000
44.000000 49.000000 -1.000000 -1.000000 0.728933 -1.000000
45.000000 0.000000 -1.000000 -1.000000 0.728933 -1.000000
45.000000 1.000000 -1.000000 -1.000000 0.728933 -1.000000
45.000000 2.000000 -1.000000 -1.000000 0.728933 -1.000000
45.000000 3.000000 -1.000000 -1.000000 0.728933 -1.000000
45.000000 4.000000 -1.000000 -1.000000 0.725308 -1.000000
45.000000 5.000000 -1.000000 -1.000000 0.724214 -1.000000
45.000000 6.000000 -1.000000 -1.000000 0.728933 -1.000000
45.000000 7.000000 -1.000000 -1.000000 0.712239 -1.000000
45.000000 8.000000 -1.000000 -1.000000 0.698062 -1.000000
45.000000 9.000000 -1.000000 -1.000000 0.631792 -1.000000
45.000000 10.000000 -1.000000 -1.000000 0.419517 -0.828584
45.000000 11.000000 -0.747249 -1.000000 0.068225 -0.500003
45.000000 12.000000 0.166389 -1.000000 -0.828634 0.355504
45.000000 13.000000 1.000000 -1.000000 -1.000000 1.000000
45.000000 14.000000 1.000000 -0.124186 -1.000000 1.000000
45.000000 15.000000 1.000000 -0.198858 -1.000000 1.000000
45.000000 16.000000 1.000000 -0.487033 -1.000000 0.587373
45.000000 17.000000 -0.187592 -0.948529 -0.020155 -0.521178
45.000000 18.000000 -0.952192 -1.000000 0.001944 -0.397792
45.000000 19.000000 -1.000000 -1.000000 0.476180 -0.884108
45.000000 20.000000 -1.000000 -1.000000 0.563492 -0.963617
45.000000 21.000000 -1.000000 -1.000000 0.592570 -0.990275
45.000000 22.000000 -1.000000 -1.000000 0.567530 -0.966767
45.000000 23.000000 -1.000000 -1.000000 0.555257 -0.955507
45.000000 24.000000 -1.000000 -1.000000 0.511944 -0.915130
45.000000 25.000000 -1.000000 -1.000000 0.496495 -0.900822
45.000000 26.000000 -1.000000 -1.000000 0.480680 -0.886007
45.000000 27.000000 -1.000000 -1.000000 0.398449 -0.809235
45.000000 28.000000 -1.000000 -1.000000 0.398809 -0.809734
45.000000 29.000000 -1.000000 -1.000000 0.325183 -0.741092
45.000000 30.000000 -0.939578 -1.000000 0.243940 -0.665197
45.000000 31.000000 -0.752518 -1.000000 0.074523 -0.507868
45.000000 32.000000 -0.641819 -1.000000 -0.026406 -0.416023
45.000000 33.000000 -0.495255 -1.000000 -0.177670 -0.274631
45.000000 34.000000 -0.397564 -1.000000 -0.248647 -0.216207
45.000000 35.000000 -0.421022 -1.000000 -0.206834 -0.260950
45.000000 36.000000 -0.530584 -1.000000 -0.124344 -0.334589
45.000000 37.000000 -0.727756 -1.000000 0.050008 -0.494161
45.000000 38.000000 -0.893315 -1.000000 0.153945 -0.578292
45.000000 39.000000 -1.000000 -1.000000 0.250165 -0.662098
45.000000 40.000000 -1.000000 -1.000000 0.310435 -0.728335
45.000000 41.000000 -0.993457 -1.000000 0.293174 -0.711455
45.000000 42.000000 -0.959388 -1.000000 0.262518 -0.682572
45.000000 43.000000 -0.819062 -1.000000 0.134460 -0.563652
45.000000 44.000000 -0.766323 -1.000000 0.064504 -0.496721
45.000000 45.000000 -0.790102 -1.000000 0.083337 -0.515389
45.000000 46.000000 -0.890793 -1.000000 0.165978 -0.590957
45.000000 47.000000 -0.977711 -1.000000 0.181592 -0.592559
45.000000 48.000000 -1.000000 -1.000000 0.279980 -0.693554
45.000000 49.000000 -1.000000 -1.000000 0.409849 -0.820531
46.000000 0.000000 -1.000000 -1.000000 0.728933 -1.000000
46.000000 1.000000 -1.000000 -1.000000 0.728933 -1.000000
46.000000 2.000000 -1.000000 -1.000000 0.728933 -1.000000
46.000000 3.000000 -1.000000 -1.000000 0.724214 -1.000000
46.000000 4.000000 -1.000000 -1.000000 0.719493 -1.000000
46.000000 5.000000 -1.000000 -1.000000 0.716962 -1.000000
46.000000 6.000000 -1.000000 -1.000000 0.719493 -1.000000
46.000000 7.000000 -1.000000 -1.000000 0.724214 -1.000000
46.000000 8.000000 -1.000000 -1.000000 0.710048 -1.000000
46.000000 9.000000 -1.000000 -1.000000 0.701693 -1.000000
46.000000 10.000000 -1.000000 -1.000000 0.696965 -1.000000
46.000000 11.000000 -1.000000 -1.000000 0.711144 -1.000000
46.000000 12.000000 -1.000000 -1.000000 0.680990 -1.000000
46.000000 13.000000 -1.000000 -1.000000 0.444647 -0.851379
46.000000 14.000000 -0.692079 -1.000000 0.017854 -0.452623
46.000000 15.000000 -0.033515 -1.000000 -0.638986 0.169926
46.000000 16.000000 1.000000 -1.000000 -1.000000 0.879459
46.000000 17.000000 1.000000 -0.235081 -1.000000 1.000000
46.000000 18.000000 1.000000 -0.235373 -1.000000 1.000000
46.000000 19.000000 0.953394 -0.493000 -1.000000 0.380511
46.000000 20.000000 -0.227496 -1.000000 -0.020255 -0.518502
46.000000 21.000000 -1.000000 -1.000000 -0.277679 -0.018811
46.000000 22.000000 -1.000000 -1.000000 0.495980 -0.902687
46.000000 23.000000 -1.000000 -1.000000 0.549325 -0.950128
46.000000 24.000000 -1.000000 -1.000000 0.549657 -0.950393
46.000000 25.000000 -1.000000 -1.000000 0.524683 -0.927179
46.000000 26.000000 -1.000000 -1.000000 0.497602 -0.901809
46.000000 27.000000 -1.000000 -1.000000 0.458597 -0.865242
46.000000 28.000000 -1.000000 -1.000000 0.377005 -0.789367
46.000000 29.000000 -1.000000 -1.000000 0.357018 -0.770972
46.000000 30.000000 -0.947082 -1.000000 0.250999 -0.671695
46.000000 31.000000 -0.830073 -1.000000 0.127366 -0.553932
46.000000 32.000000 -0.734242 -1.000000 0.061040 -0.497265
46.000000 33.000000 -0.624882 -1.000000 -0.053124 -0.389880
46.000000 34.000000 -0.545304 -1.000000 -0.136680 -0.313373
46.000000 35.000000 -0.511177 -1.000000 -0.147469 -0.309159
46.000000 36.000000 -0.607306 -1.000000 -0.075451 -0.376106
46.000000 37.000000 -0.656463 -1.000000 -0.026209 -0.419426
46.000000 38.000000 -0.736388 -1.000000 0.034072 -0.472210
46.000000 39.000000 -0.778318 -1.000000 0.038500 -0.468689
46.000000 40.000000 -0.838190 -1.000000 0.117007 -0.545325
46.000000 41.000000 -0.823916 -1.000000 0.088571 -0.515088
46.000000 42.000000 -0.938296 -1.000000 0.230473 -0.653720
46.000000 43.000000 -0.933853 -1.000000 0.158769 -0.572758
46.000000 44.000000 -0.882857 -1.000000 0.170054 -0.593714
46.000000 45.000000 -0.871431 -1.000000 0.179862 -0.606498
46.000000 46.000000 -0.937400 -1.000000 0.221612 -0.642716
46.000000 47.000000 -0.930081 -1.000000 0.119592 -0.529278
46.000000 48.000000 -0.843186 -1.000000 0.128376 -0.554246
46.000000 49.000000 -0.923757 -1.000000 0.214143 -0.637054
47.000000 0.000000 -1.000000 -1.000000 0.728933 -1.000000
47.000000 1.000000 -1.000000 -1.000000 0.728933 -1.000000
47.000000 2.000000 -1.000000 -1.000000 0.728933 -1.000000
47.000000 3.000000 -1.000000 -1.000000 0.728933 -1.000000
47.000000 4.000000 -1.000000 -1.000000 0.725308 -1.000000
47.000000 5.000000 -1.000000 -1.000000 0.720588 -1.000000
47.000000 6.000000 -1.000000 -1.000000 0.704981 -1.000000
47.000000 7.000000 -1.000000 -1.000000 0.696965 -1.000000
47.000000 8.000000 -1.000000 -1.000000 0.692236 -1.000000
47.000000 9.000000 -1.000000 -1.000000 0.695526 -1.000000
47.000000 10.000000 -1.000000 -1.000000 0.657650 -1.000000
47.000000 11.000000 -1.000000 -1.000000 0.579082 -0.977617
47.000000 12.000000 -0.938371 -1.000000 0.244704 -0.664641
47.000000 13.000000 -0.261453 -1.000000 -0.546647 0.112555
47.000000 14.000000 0.887216 -1.000000 -1.000000 0.794347
47.000000 15.000000 1.000000 -0.279630 -1.000000 1.000000
47.000000 16.000000 1.000000 -0.122194 -1.000000 1.000000
47.000000 17.000000 1.000000 -0.434223 -1.000000 0.807581
47.000000 18.000000 0.135515 -0.777810 -0.281062 -0.284515
47.000000 19.000000 -0.757342 -1.000000 -0.289540 -0.100139
47.000000 20.000000 -1.000000 -1.000000 0.341807 -0.760542
47.000000 21.000000 -1.000000 -1.000000 0.468559 -0.875739
47.000000 22.000000 -1.000000 -1.000000 0.423399 -0.832680
47.000000 23.000000 -0.969102 -1.000000 0.271420 -0.690686
47.000000 24.000000 -0.764547 -1.000000 0.084460 -0.516359
47.000000 25.000000 -0.565579 -1.000000 -0.083050 -0.364613
47.000000 26.000000 -0.449135 -1.000000 -0.179465 -0.279326
47.000000 27.000000 -0.314767 -1.000000 -0.298179 -0.172253
47.000000 28.000000 -0.190763 -1.000000 -0.413697 -0.068580
47.000000 29.000000 -0.040889 -1.000000 -0.547531 0.051989
47.000000 30.000000 -0.203188 -1.000000 -0.347953 -0.149973
47.000000 31.000000 -0.427882 -1.000000 -0.179417 -0.291537
47.000000 32.000000 -0.579010 -1.000000 -0.071365 -0.381131
47.000000 33.000000 -0.629782 -1.000000 -0.043036 -0.402606
47.000000 34.000000 -0.681370 -1.000000 0.012783 -0.455060
47.000000 35.000000 -0.816076 -1.000000 0.121284 -0.553954
47.000000 36.000000 -0.935106 -1.000000 0.214562 -0.636259
47.000000 37.000000 -1.000000 -1.000000 0.254199 -0.665549
47.000000 38.000000 -1.000000 -1.000000 0.371211 -0.784809
47.000000 39.000000 -1.000000 -1.000000 0.442675 -0.850790
47.000000 40.000000 -1.000000 -1.000000 0.442358 -0.850392
47.000000 41.000000 -1.000000 -1.000000 0.454162 -0.861283
47.000000 42.000000 -1.000000 -1.000000 0.448261 -0.855839
47.000000 43.000000 -1.000000 -1.000000 0.409884 -0.820156
47.000000 44.000000 -1.000000 -1.000000 0.431300 -0.839989
47.000000 45.000000 -1.000000 -1.000000 0.454162 -0.861283
47.000000 46.000000 -1.000000 -1.000000 0.439389 -0.847917
47.000000 47.000000 -1.000000 -1.000000 0.489498 -0.894403
47.000000 48.000000 -1.000000 -1.000000 0.492820 -0.897367
47.000000 49.000000 -1.000000 -1.000000 0.485466 -0.890454
48.000000 0.000000 -1.000000 -1.000000 0.728933 -1.000000
48.000000 1.000000 -1.000000 -1.000000 0.728933 -1.000000
48.000000 2.000000 -1.000000 -1.000000 0.728933 -1.000000
48.000000 3.000000 -1.000000 -1.000000 0.725308 -1.000000
48.000000 4.000000 -1.000000 -1.000000 0.724214 -1.000000
48.000000 5.000000 -1.000000 -1.000000 0.719493 -1.000000
48.000000 6.000000 -1.000000 -1.000000 0.724214 -1.000000
48.000000 7.000000 -1.000000 -1.000000 0.719493 -1.000000
48.000000 8.000000 -1.000000 -1.000000 0.720588 -1.000000
48.000000 9.000000 -1.000000 -1.000000 0.724214 -1.000000
48.000000 10.000000 -1.000000 -1.000000 0.719493 -1.000000
48.000000 11.000000 -1.000000 -1.000000 0.707515 -1.000000
48.000000 12.000000 -1.000000 -1.000000 0.687506 -1.000000
48.000000 13.000000 -1.000000 -1.000000 0.655107 -1.000000
48.000000 14.000000 -1.000000 -1.000000 0.469324 -0.874641
48.000000 15.000000 -0.750414 -1.000000 0.070475 -0.502556
48.000000 16.000000 0.035793 -1.000000 -0.724428 0.258072
48.000000 17.000000 1.000000 -1.000000 -1.000000 1.000000
48.000000 18.000000 1.000000 -0.056673 -1.000000 1.000000
48.000000 19.000000 1.000000 -0.148842 -1.000000 1.000000
48.000000 20.000000 1.000000 -0.470215 -1.000000 0.728767
48.000000 21.000000 -0.138846 -0.876048 -0.042281 -0.501989
48.000000 22.000000 -0.922003 -1.000000 -0.168609 -0.204110
48.000000 23.000000 -1.000000 -1.000000 0.480509 -0.888661
48.000000 24.000000 -1.000000 -1.000000 0.634078 -1.000000
48.000000 25.000000 -1.000000 -1.000000 0.646499 -1.000000
48.000000 26.000000 -1.000000 -1.000000 0.611283 -1.000000
48.000000 27.000000 -1.000000 -1.000000 0.571762 -0.970744
48.000000 28.000000 -1.000000 -1.000000 0.540948 -0.942224
48.000000 29.000000 -1.000000 -1.000000 0.519287 -0.922031
48.000000 30.000000 -1.000000 -1.000000 0.540948 -0.942224
48.000000 31.000000 -1.000000 -1.000000 0.556010 -0.956003
48.000000 32.000000 -1.000000 -1.000000 0.529191 -0.931390
48.000000 33.000000 -1.000000 -1.000000 0.540243 -0.941245
48.000000 34.000000 -1.000000 -1.000000 0.489143 -0.893911
48.000000 35.000000 -1.000000 -1.000000 0.496495 -0.900822
48.000000 36.000000 -1.000000 -1.000000 0.357405 -0.770965
48.000000 37.000000 -0.923421 -1.000000 0.228705 -0.651197
48.000000 38.000000 -0.900952 -1.000000 0.200136 -0.623669
48.000000 39.000000 -0.959658 -1.000000 0.231858 -0.649845
48.000000 40.000000 -0.819182 -1.000000 0.043468 -0.461808
48.000000 41.000000 -0.706787 -1.000000 0.035845 -0.474472
48.000000 42.000000 -0.692221 -1.000000 -0.001532 -0.437361
48.000000 43.000000 -0.664852 -1.000000 -0.021479 -0.421252
48.000000 44.000000 -0.746782 -1.000000 0.042666 -0.480004
48.000000 45.000000 -0.899575 -1.000000 0.179618 -0.606084
48.000000 46.000000 -0.960306 -1.000000 0.132290 -0.539736
48.000000 47.000000 -0.990607 -1.000000 0.135972 -0.537587
48.000000 48.000000 -1.000000 -1.000000 0.256474 -0.663771
48.000000 49.000000 -0.968757 -1.000000 0.270685 -0.690273
49.000000 0.000000 -1.000000 -1.000000 0.728933 -1.000000
49.000000 1.000000 -1.000000 -1.000000 0.728933 -1.000000
49.000000 2.000000 -1.000000 -1.000000 0.724214 -1.000000
49.000000 3.000000 -1.000000 -1.000000 0.724214 -1.000000
49.000000 4.000000 -1.000000 -1.000000 0.728933 -1.000000
49.000000 5.000000 -1.000000 -1.000000 0.728933 -1.000000
49.000000 6.000000 -1.000000 -1.000000 0.728933 -1.000000
49.000000 7.000000 -1.000000 -1.000000 0.728933 -1.000000
49.000000 8.000000 -1.000000 -1.000000 0.728933 -1.000000
49.000000 9.000000 -1.000000 -1.000000 0.728933 -1.000000
49.000000 10.000000 -1.000000 -1.000000 0.728933 -1.000000
49.000000 11.000000 -1.000000 -1.000000 0.728933 -1.000000
49.000000 12.000000 -1.000000 -1.000000 0.728933 -1.000000
49.000000 13.000000 -1.000000 -1.000000 0.728933 -1.000000
49.000000 14.000000 -1.000000 -1.000000 0.728933 -1.000000
49.000000 15.000000 -1.000000 -1.000000 0.728933 -1.000000
49.000000 16.000000 -1.000000 -1.000000 0.728933 -1.000000
49.000000 17.000000 -1.000000 -1.000000 0.728933 -1.000000
49.000000 18.000000 -1.000000 -1.000000 0.728933 -1.000000
49.000000 19.000000 -1.000000 -1.000000 0.728933 -1.000000
49.000000 20.000000 -1.000000 -1.000000 0.728933 -1.000000
49.000000 21.000000 -1.000000 -1.000000 0.728933 -1.000000
49.000000 22.000000 -1.000000 -1.000000 0.728933 -1.000000
49.000000 23.000000 -1.000000 -1.000000 0.728933 -1.000000
49.000000 24.000000 -1.000000 -1.000000 0.728933 -1.000000
49.000000 25.000000 -1.000000 -1.000000 0.728933 -1.000000
49.000000 26.000000 -1.000000 -1.000000 0.728933 -1.000000
49.000000 27.000000 -1.000000 -1.000000 0.728933 -1.000000
49.000000 28.000000 -1.000000 -1.000000 0.728933 -1.000000
49.000000 29.000000 -1.000000 -1.000000 0.728933 -1.000000
49.000000 30.000000 -1.000000 -1.000000 0.728933 -1.000000
49.000000 31.000000 -1.000000 -1.000000 0.728933 -1.000000
49.000000 32.000000 -1.000000 -1.000000 0.728933 -1.000000
49.000000 33.000000 -1.000000 -1.000000 0.728933 -1.000000
49.000000 34.000000 -1.000000 -1.000000 0.728933 -1.000000
49.000000 35.000000 -1.000000 -1.000000 0.728933 -1.000000
49.000000 36.000000 -1.000000 -1.000000 0.728933 -1.000000
49.000000 37.000000 -1.000000 -1.000000 0.728933 -1.000000
49.000000 38.000000 -1.000000 -1.000000 0.728933 -1.000000
49.000000 39.000000 -1.000000 -1.000000 0.728933 -1.000000
49.000000 40.000000 -1.000000 -1.000000 0.728933 -1.000000
49.000000 41.000000 -1.000000 -1.000000 0.728933 -1.000000
49.000000 42.000000 -1.000000 -1.000000 0.728933 -1.000000
49.000000 43.000000 -1.000000 -1.000000 0.728933 -1.000000
49.000000 44.000000 -1.000000 -1.000000 0.728933 -1.000000
49.000000 45.000000 -1.000000 -1.000000 0.728933 -1.000000
49.000000 46.000000 -1.000000 -1.000000 0.728933 -1.000000
49.000000 47.000000 -1.000000 -1.000000 0.728933 -1.000000
49.000000 48.000000 -1.000000 -1.000000 0.728933 -1.000000
49.000000 49.000000 -1.000000 -1.000000 0.728933 -1.000000
50.000000 0.000000 -1.000000 -1.000000 0.728933 -1.000000
50.000000 1.000000 -1.000000 -1.000000 0.728933 -1.000000
50.000000 2.000000 -1.000000 -1.000000 0.728933 -1.000000
50.000000 3.000000 -1.000000 -1.000000 0.724214 -1.000000
50.000000 4.000000 -1.000000 -1.000000 0.724214 -1.000000
50.000000 5.000000 -1.000000 -1.000000 0.724214 -1.000000
50.000000 6.000000 -1.000000 -1.000000 0.728933 -1.000000
50.000000 7.000000 -1.000000 -1.000000 0.728933 -1.000000
50.000000 8.000000 -1.000000 -1.000000 0.728933 -1.000000
50.000000 9.000000 -1.000000 -1.000000 0.728933 -1.000000
50.000000 10.000000 -1.000000 -1.000000 0.728933 -1.000000
50.000000 11.000000 -1.000000 -1.000000 0.728933 -1.000000
50.000000 12.000000 -1.000000 -1.000000 0.728933 -1.000000
50.000000 13.000000 -1.000000 -1.000000 0.728933 -1.000000
50.000000 14.000000 -1.000000 -1.000000 0.728933 -1.000000
50.000000 15.000000 -1.000000 -1.000000 0.728933 -1.000000
50.000000 16.000000 -1.000000 -1.000000 0.728933 -1.000000
50.000000 17.000000 -1.000000 -1.000000 0.728933 -1.000000
50.000000 18.000000 -1.000000 -1.000000 0.728933 -1.000000
50.000000 19.000000 -1.000000 -1.000000 0.728933 -1.000000
50.000000 20.000000 -1.000000 -1.000000 0.728933 -1.000000
50.000000 21.000000 -1.000000 -1.000000 0.728933 -1.000000
50.000000 22.000000 -1.000000 -1.000000 0.728933 -1.000000
50.000000 23.000000 -1.000000 -1.000000 0.728933 -1.000000
50.000000 24.000000 -1.000000 -1.000000 0.728933 -1.000000
50.000000 25.000000 -1.000000 -1.000000 0.728933 -1.000000
50.000000 26.000000 -1.000000 -1.000000 0.728933 -1.000000
50.000000 27.000000 -1.000000 -1.000000 0.728933 -1.000000
50.000000 28.000000 -1.000000 -1.000000 0.728933 -1.000000
50.000000 29.000000 -1.000000 -1.000000 0.728933 -1.000000
50.000000 30.000000 -1.000000 -1.000000 0.728933 -1.000000
50.000000 31.000000 -1.000000 -1.000000 0.728933 -1.000000
50.000000 32.000000 -1.000000 -1.000000 0.728933 -1.000000
50.000000 33.000000 -1.000000 -1.000000 0.728933 -1.000000
50.000000 34.000000 -1.000000 -1.000000 0.728933 -1.000000
50.000000 35.000000 -1.000000 -1.000000 0.728933 -1.000000
50.000000 36.000000 -1.000000 -1.000000 0.728933 -1.000000
50.000000 37.000000 -1.000000 -1.000000 0.728933 -1.000000
50.000000 38.000000 -1.000000 -1.000000 0.728933 -1.000000
50.000000 39.000000 -1.000000 -1.000000 0.728933 -1.000000
50.000000 40.000000 -1.000000 -1.000000 0.728933 -1.000000
50.000000 41.000000 -1.000000 -1.000000 0.728933 -1.000000
50.000000 42.000000 -1.000000 -1.000000 0.728933 -1.000000
50.000000 43.000000 -1.000000 -1.000000 0.728933 -1.000000
50.000000 44.000000 -1.000000 -1.000000 0.728933 -1.000000
50.000000 45.000000 -1.000000 -1.000000 0.728933 -1.000000
50.000000 46.000000 -1.000000 -1.000000 0.728933 -1.000000
50.000000 47.000000 -1.000000 -1.000000 0.728933 -1.000000
50.000000 48.000000 -1.000000 -1.000000 0.728933 -1.000000
50.000000 49.000000 -1.000000 -1.000000 0.728933 -1.000000
51.000000 0.000000 -1.000000 -1.000000 0.728933 -1.000000
51.000000 1.000000 -1.000000 -1.000000 0.728933 -1.000000
51.000000 2.000000 -1.000000 -1.000000 0.728933 -1.000000
51.000000 3.000000 -1.000000 -1.000000 0.728933 -1.000000
51.000000 4.000000 -1.000000 -1.000000 0.725308 -1.000000
51.000000 5.000000 -1.000000 -1.000000 0.703885 -1.000000
51.000000 6.000000 -1.000000 -1.000000 0.684969 -1.000000
51.000000 7.000000 -1.000000 -1.000000 0.689700 -1.000000
51.000000 8.000000 -1.000000 -1.000000 0.674404 -1.000000
51.000000 9.000000 -1.000000 -1.000000 0.696965 -1.000000
51.000000 10.000000 -1.000000 -1.000000 0.705323 -1.000000
51.000000 11.000000 -1.000000 -1.000000 0.689700 -1.000000
51.000000 12.000000 -1.000000 -1.000000 0.681333 -1.000000
51.000000 13.000000 -1.000000 -1.000000 0.614587 -1.000000
51.000000 14.000000 -1.000000 -1.000000 0.547576 -0.948134
51.000000 15.000000 -0.977860 -1.000000 0.281096 -0.698639
51.000000 16.000000 -0.189106 -1.000000 -0.490258 0.035027
51.000000 17.000000 0.983239 -1.000000 -1.000000 0.907199
51.000000 18.000000 1.000000 -0.155630 -1.000000 1.000000
51.000000 19.000000 1.000000 -0.145282 -1.000000 1.000000
51.000000 20.000000 1.000000 -0.407032 -1.000000 0.874281
51.000000 21.000000 0.146231 -0.738601 -0.277978 -0.287305
51.000000 22.000000 -0.731715 -1.000000 -0.218796 -0.190042
51.000000 23.000000 -1.000000 -1.000000 0.423687 -0.836736
51.000000 24.000000 -1.000000 -1.000000 0.588806 -0.987424
51.000000 25.000000 -1.000000 -1.000000 0.611776 -1.000000
51.000000 26.000000 -1.000000 -1.000000 0.549831 -0.950274
51.000000 27.000000 -1.000000 -1.000000 0.458954 -0.865736
51.000000 28.000000 -1.000000 -1.000000 0.391784 -0.803280
51.000000 29.000000 -1.000000 -1.000000 0.307024 -0.724140
51.000000 30.000000 -0.947743 -1.000000 0.251367 -0.672201
51.000000 31.000000 -0.851248 -1.000000 0.146395 -0.571604
51.000000 32.000000 -0.774341 -1.000000 0.064774 -0.494823
51.000000 33.000000 -0.637843 -1.000000 -0.077346 -0.360837
51.000000 34.000000 -0.523270 -1.000000 -0.158078 -0.293969
51.000000 35.000000 -0.536727 -1.000000 -0.117956 -0.338689
51.000000 36.000000 -0.567127 -1.000000 -0.128402 -0.323492
51.000000 37.000000 -0.660823 -1.000000 -0.022637 -0.425132
51.000000 38.000000 -0.785508 -1.000000 0.079590 -0.515271
51.000000 39.000000 -0.835256 -1.000000 0.083791 -0.509282
51.000000 40.000000 -0.928535 -1.000000 0.216663 -0.640256
51.000000 41.000000 -1.000000 -1.000000 0.251318 -0.664035
51.000000 42.000000 -1.000000 -1.000000 0.357330 -0.771972
51.000000 43.000000 -1.000000 -1.000000 0.413008 -0.823161
51.000000 44.000000 -1.000000 -1.000000 0.329518 -0.745307
51.000000 45.000000 -0.996488 -1.000000 0.296270 -0.714164
51.000000 46.000000 -0.917150 -1.000000 0.222971 -0.645931
51.000000 47.000000 -0.899233 -1.000000 0.210867 -0.635800
51.000000 48.000000 -0.919129 -1.000000 0.193813 -0.613970
51.000000 49.000000 -0.789021 -1.000000 0.087894 -0.517495
52.000000 0.000000 -1.000000 -1.000000 0.728933 -1.000000
52.000000 1.000000 -1.000000 -1.000000 0.728933 -1.000000
52.000000 2.000000 -1.000000 -1.000000 0.728933 -1.000000
52.000000 3.000000 -1.000000 -1.000000 0.724214 -1.000000
52.000000 4.000000 -1.000000 -1.000000 0.720588 -1.000000
52.000000 5.000000 -1.000000 -1.000000 0.707515 -1.000000
52.000000 6.000000 -1.000000 -1.000000 0.706419 -1.000000
52.000000 7.000000 -1.000000 -1.000000 0.686066 -1.000000
52.000000 8.000000 -1.000000 -1.000000 0.663488 -1.000000
52.000000 9.000000 -1.000000 -1.000000 0.593013 -0.990380
52.000000 10.000000 -1.000000 -1.000000 0.466712 -0.872662
52.000000 11.000000 -1.000000 -1.000000 0.347781 -0.762007
52.000000 12.000000 -0.846125 -1.000000 0.158781 -0.584986
52.000000 13.000000 -0.298567 -1.000000 -0.420433 -0.027598
52.000000 14.000000 0.714432 -1.000000 -1.000000 0.679856
52.000000 15.000000 1.000000 -0.593938 -1.000000 1.000000
52.000000 16.000000 1.000000 -0.251495 -1.000000 0.950191
52.000000 17.000000 1.000000 -0.438181 -1.000000 0.583686
52.000000 18.000000 0.044490 -0.866025 -0.224813 -0.335462
52.000000 19.000000 -0.804814 -1.000000 -0.415487 0.065239
52.000000 20.000000 -1.000000 -1.000000 0.345730 -0.765857
52.000000 21.000000 -1.000000 -1.000000 0.434930 -0.844293
52.000000 22.000000 -1.000000 -1.000000 0.420387 -0.830104
52.000000 23.000000 -1.000000 -1.000000 0.417531 -0.827324
52.000000 24.000000 -1.000000 -1.000000 0.397338 -0.808243
52.000000 25.000000 -0.934171 -1.000000 0.239488 -0.660679
52.000000 26.000000 -0.748301 -1.000000 0.071366 -0.504547
52.000000 27.000000 -0.523478 -1.000000 -0.142266 -0.306254
52.000000 28.000000 -0.404603 -1.000000 -0.242906 -0.219908
52.000000 29.000000 -0.267434 -1.000000 -0.361474 -0.113961
52.000000 30.000000 -0.248522 -1.000000 -0.363670 -0.119794
52.000000 31.000000 -0.242367 -1.000000 -0.365949 -0.117354
52.000000 32.000000 -0.333017 -1.000000 -0.272638 -0.204944
52.000000 33.000000 -0.394869 -1.000000 -0.222026 -0.247496
52.000000 34.000000 -0.406567 -1.000000 -0.224477 -0.240605
52.000000 35.000000 -0.586295 -1.000000 -0.054829 -0.400868
52.000000 36.000000 -0.590777 -1.000000 -0.088203 -0.359671
52.000000 37.000000 -0.691795 -1.000000 0.011396 -0.454906
52.000000 38.000000 -0.802159 -1.000000 0.075805 -0.507424
52.000000 39.000000 -0.918688 -1.000000 0.177982 -0.599956
52.000000 40.000000 -1.000000 -1.000000 0.348188 -0.763151
52.000000 41.000000 -1.000000 -1.000000 0.424876 -0.834244
52.000000 42.000000 -1.000000 -1.000000 0.405977 -0.816635
52.000000 43.000000 -1.000000 -1.000000 0.447152 -0.854848
52.000000 44.000000 -1.000000 -1.000000 0.492464 -0.896874
52.000000 45.000000 -1.000000 -1.000000 0.451945 -0.859303
52.000000 46.000000 -1.000000 -1.000000 0.455628 -0.862768
52.000000 47.000000 -1.000000 -1.000000 0.440891 -0.848906
52.000000 48.000000 -1.000000 -1.000000 0.487284 -0.892427
52.000000 49.000000 -1.000000 -1.000000 0.464458 -0.871177
53.000000 0.000000 -1.000000 -1.000000 0.728933 -1.000000
53.000000 1.000000 -1.000000 -1.000000 0.728933 -1.000000
53.000000 2.000000 -1.000000 -1.000000 0.728933 -1.000000
53.000000 3.000000 -1.000000 -1.000000 0.728933 -1.000000
53.000000 4.000000 -1.000000 -1.000000 0.728933 -1.000000
53.000000 5.000000 -1.000000 -1.000000 0.724214 -1.000000
53.000000 6.000000 -1.000000 -1.000000 0.724214 -1.000000
53.000000 7.000000 -1.000000 -1.000000 0.728933 -1.000000
53.000000 8.000000 -1.000000 -1.000000 0.728933 -1.000000
53.000000 9.000000 -1.000000 -1.000000 0.728933 -1.000000
53.000000 10.000000 -1.000000 -1.000000 0.728933 -1.000000
53.000000 11.000000 -1.000000 -1.000000 0.728933 -1.000000
53.000000 12.000000 -1.000000 -1.000000 0.728933 -1.000000
53.000000 13.000000 -1.000000 -1.000000 0.728933 -1.000000
53.000000 14.000000 -1.000000 -1.000000 0.728933 -1.000000
53.000000 15.000000 -1.000000 -1.000000 0.728933 -1.000000
53.000000 16.000000 -1.000000 -1.000000 0.728933 -1.000000
53.000000 17.000000 -1.000000 -1.000000 0.728933 -1.000000
53.000000 18.000000 -1.000000 -1.000000 0.728933 -1.000000
53.000000 19.000000 -1.000000 -1.000000 0.728933 -1.000000
53.000000 20.000000 -1.000000 -1.000000 0.728933 -1.000000
53.000000 21.000000 -1.000000 -1.000000 0.728933 -1.000000
53.000000 22.000000 -1.000000 -1.000000 0.728933 -1.000000
53.000000 23.000000 -1.000000 -1.000000 0.728933 -1.000000
53.000000 24.000000 -1.000000 -1.000000 0.728933 -1.000000
53.000000 25.000000 -1.000000 -1.000000 0.728933 -1.000000
53.000000 26.000000 -1.000000 -1.000000 0.728933 -1.000000
53.000000 27.000000 -1.000000 -1.000000 0.728933 -1.000000
53.000000 28.000000 -1.000000 -1.000000 0.728933 -1.000000
53.000000 29.000000 -1.000000 -1.000000 0.728933 -1.000000
53.000000 30.000000 -1.000000 -1.000000 0.728933 -1.000000
53.000000 31.000000 -1.000000 -1.000000 0.728933 -1.000000
53.000000 32.000000 -1.000000 -1.000000 0.728933 -1.000000
53.000000 33.000000 -1.000000 -1.000000 0.728933 -1.000000
53.000000 34.000000 -1.000000 -1.000000 0.728933 -1.000000
53.000000 35.000000 -1.000000 -1.000000 0.728933 -1.000000
53.000000 36.000000 -1.000000 -1.000000 0.728933 -1.000000
53.000000 37.000000 -1.000000 -1.000000 0.728933 -1.000000
53.000000 38.000000 -1.000000 -1.000000 0.728933 -1.000000
53.000000 39.000000 -1.000000 -1.000000 0.728933 -1.000000
53.000000 40.000000 -1.000000 -1.000000 0.728933 -1.000000
53.000000 41.000000 -1.000000 -1.000000 0.728933 -1.000000
53.000000 42.000000 -1.000000 -1.000000 0.728933 -1.000000
53.000000 43.000000 -1.000000 -1.000000 0.728933 -1.000000
53.000000 44.000000 -1.000000 -1.000000 0.728933 -1.000000
53.000000 45.000000 -1.000000 -1.000000 0.728933 -1.000000
53.000000 46.000000 -1.000000 -1.000000 0.728933 -1.000000
53.000000 47.000000 -1.000000 -1.000000 0.728933 -1.000000
53.000000 48.000000 -1.000000 -1.000000 0.728933 -1.000000
53.000000 49.000000 -1.000000 -1.000000 0.728933 -1.000000
54.000000 0.000000 -1.000000 -1.000000 0.728933 -1.000000
54.000000 1.000000 -1.000000 -1.000000 0.728933 -1.000000
54.000000 2.000000 -1.000000 -1.000000 0.728933 -1.000000
54.000000 3.000000 -1.000000 -1.000000 0.724214 -1.000000
54.000000 4.000000 -1.000000 -1.000000 0.728933 -1.000000
54.000000 5.000000 -1.000000 -1.000000 0.728933 -1.000000
54.000000 6.000000 -1.000000 -1.000000 0.728933 -1.000000
54.000000 7.000000 -1.000000 -1.000000 0.728933 -1.000000
54.000000 8.000000 -1.000000 -1.000000 0.728933 -1.000000
54.000000 9.000000 -1.000000 -1.000000 0.728933 -1.000000
54.000000 10.000000 -1.000000 -1.000000 0.728933 -1.000000
54.000000 11.000000 -1.000000 -1.000000 0.728933 -1.000000
54.000000 12.000000 -1.000000 -1.000000 0.728933 -1.000000
54.000000 13.000000 -1.000000 -1.000000 0.728933 -1.000000
54.000000 14.000000 -1.000000 -1.000000 0.728933 -1.000000
54.000000 15.000000 -1.000000 -1.000000 0.728933 -1.000000
54.000000 16.000000 -1.000000 -1.000000 0.728933 -1.000000
54.000000 17.000000 -1.000000 -1.000000 0.728933 -1.000000
54.000000 18.000000 -1.000000 -1.000000 0.728933 -1.000000
54.000000 19.000000 -1.000000 -1.000000 0.728933 -1.000000
54.000000 20.000000 -1.000000 -1.000000 0.728933 -1.000000
54.000000 21.000000 -1.000000 -1.000000 0.728933 -1.000000
54.000000 22.000000 -1.000000 -1.000000 0.728933 -1.000000
54.000000 23.000000 -1.000000 -1.000000 0.728933 -1.000000
54.000000 24.000000 -1.000000 -1.000000 0.728933 -1.000000
54.000000 25.000000 -1.000000 -1.000000 0.728933 -1.000000
54.000000 26.000000 -1.000000 -1.000000 0.728933 -1.000000
54.000000 27.000000 -1.000000 -1.000000 0.728933 -1.000000
54.000000 28.000000 -1.000000 -1.000000 0.728933 -1.000000
54.000000 29.000000 -1.000000 -1.000000 0.728933 -1.000000
54.000000 30.000000 -1.000000 -1.000000 0.728933 -1.000000
54.000000 31.000000 -1.000000 -1.000000 0.728933 -1.000000
54.000000 32.000000 -1.000000 -1.000000 0.728933 -1.000000
54.000000 33.000000 -1.000000 -1.000000 0.728933 -1.000000
54.000000 34.000000 -1.000000 -1.000000 0.728933 -1.000000
54.000000 35.000000 -1.000000 -1.000000 0.728933 -1.000000
54.000000 36.000000 -1.000000 -1.000000 0.728933 -1.000000
54.000000 37.000000 -1.000000 -1.000000 0.728933 -1.000000
54.000000 38.000000 -1.000000 -1.000000 0.728933 -1.000000
54.000000 39.000000 -1.000000 -1.000000 0.728933 -1.000000
54.000000 40.000000 -1.000000 -1.000000 0.728933 -1.000000
54.000000 41.000000 -1.000000 -1.000000 0.728933 -1.000000
54.000000 42.000000 -1.000000 -1.000000 0.728933 -1.000000
54.000000 43.000000 -1.000000 -1.000000 0.728933 -1.000000
54.000000 44.000000 -1.000000 -1.000000 0.728933 -1.000000
54.000000 45.000000 -1.000000 -1.000000 0.728933 -1.000000
54.000000 46.000000 -1.000000 -1.000000 0.728933 -1.000000
54.000000 47.000000 -1.000000 -1.000000 0.728933 -1.000000
54.000000 48.000000 -1.000000 -1.000000 0.728933 -1.000000
54.000000 49.000000 -1.000000 -1.000000 0.728933 -1.000000
55.000000 0.000000 -1.000000 -1.000000 0.728933 -1.000000
55.000000 1.000000 -1.000000 -1.000000 0.728933 -1.000000
55.000000 2.000000 -1.000000 -1.000000 0.724214 -1.000000
55.000000 3.000000 -1.000000 -1.000000 0.724214 -1.000000
55.000000 4.000000 -1.000000 -1.000000 0.724214 -1.000000
55.000000 5.000000 -1.000000 -1.000000 0.728933 -1.000000
55.000000 6.000000 -1.000000 -1.000000 0.728933 -1.000000
55.000000 7.000000 -1.000000 -1.000000 0.728933 -1.000000
55.000000 8.000000 -1.000000 -1.000000 0.728933 -1.000000
55.000000 9.000000 -1.000000 -1.000000 0.728933 -1.000000
55.000000 10.000000 -1.000000 -1.000000 0.728933 -1.000000
55.000000 11.000000 -1.000000 -1.000000 0.728933 -1.000000
55.000000 12.000000 -1.000000 -1.000000 0.728933 -1.000000
55.000000 13.000000 -1.000000 -1.000000 0.728933 -1.000000
55.000000 14.000000 -1.000000 -1.000000 0.728933 -1.000000
55.000000 15.000000 -1.000000 -1.000000 0.728933 -1.000000
55.000000 16.000000 -1.000000 -1.000000 0.728933 -1.000000
55.000000 17.000000 -1.000000 -1.000000 0.728933 -1.000000
55.000000 18.000000 -1.000000 -1.000000 0.728933 -1.000000
55.000000 19.000000 -1.000000 -1.000000 0.728933 -1.000000
55.000000 20.000000 -1.000000 -1.000000 0.728933 -1.000000
55.000000 21.000000 -1.000000 -1.000000 0.728933 -1.000000
55.000000 22.000000 -1.000000 -1.000000 0.728933 -1.000000
55.000000 23.000000 -1.000000 -1.000000 0.728933 -1.000000
55.000000 24.000000 -1.000000 -1.000000 0.728933 -1.000000
55.000000 25.000000 -1.000000 -1.000000 0.728933 -1.000000
55.000000 26.000000 -1.000000 -1.000000 0.728933 -1.000000
55.000000 27.000000 -1.000000 -1.000000 0.728933 -1.000000
55.000000 28.000000 -1.000000 -1.000000 0.728933 -1.000000
55.000000 29.000000 -1.000000 -1.000000 0.728933 -1.000000
55.000000 30.000000 -1.000000 -1.000000 0.728933 -1.000000
55.000000 31.000000 -1.000000 -1.000000 0.728933 -1.000000
55.000000 32.000000 -1.000000 -1.000000 0.728933 -1.000000
55.000000 33.000000 -1.000000 -1.000000 0.728933 -1.000000
55.000000 34.000000 -1.000000 -1.000000 0.728933 -1.000000
55.000000 35.000000 -1.000000 -1.000000 0.728933 -1.000000
55.000000 36.000000 -1.000000 -1.000000 0.728933 -1.000000
55.000000 37.000000 -1.000000 -1.000000 0.728933 -1.000000
55.000000 38.000000 -1.000000 -1.000000 0.728933 -1.000000
55.000000 39.000000 -1.000000 -1.000000 0.728933 -1.000000
55.000000 40.000000 -1.000000 -1.000000 0.728933 -1.000000
55.000000 41.000000 -1.000000 -1.000000 0.728933 -1.000000
55.000000 42.000000 -1.000000 -1.000000 0.728933 -1.000000
55.000000 43.000000 -1.000000 -1.000000 0.728933 -1.000000
55.000000 44.000000 -1.000000 -1.000000 0.728933 -1.000000
55.000000 45.000000 -1.000000 -1.000000 0.728933 -1.000000
55.000000 46.000000 -1.000000 -1.000000 0.728933 -1.000000
55.000000 47.000000 -1.000000 -1.000000 0.728933 -1.000000
55.000000 48.000000 -1.000000 -1.000000 0.728933 -1.000000
55.000000 49.000000 -1.000000 -1.000000 0.728933 -1.000000
56.000000 0.000000 -1.000000 -1.000000 0.728933 -1.000000
56.000000 1.000000 -1.000000 -1.000000 0.728933 -1.000000
56.000000 2.000000 -1.000000 -1.000000 0.728933 -1.000000
56.000000 3.000000 -1.000000 -1.000000 0.724214 -1.000000
56.000000 4.000000 -1.000000 -1.000000 0.724214 -1.000000
56.000000 5.000000 -1.000000 -1.000000 0.728933 -1.000000
56.000000 6.000000 -1.000000 -1.000000 0.728933 -1.000000
56.000000 7.000000 -1.000000 -1.000000 0.728933 -1.000000
56.000000 8.000000 -1.000000 -1.000000 0.725308 -1.000000
56.000000 9.000000 -1.000000 -1.000000 0.724214 -1.000000
56.000000 10.000000 -1.000000 -1.000000 0.728933 -1.000000
56.000000 11.000000 -1.000000 -1.000000 0.728933 -1.000000
56.000000 12.000000 -1.000000 -1.000000 0.728933 -1.000000
56.000000 13.000000 -1.000000 -1.000000 0.728933 -1.000000
56.000000 14.000000 -1.000000 -1.000000 0.728933 -1.000000
56.000000 15.000000 -1.000000 -1.000000 0.728933 -1.000000
56.000000 16.000000 -1.000000 -1.000000 0.728933 -1.000000
56.000000 17.000000 -1.000000 -1.000000 0.728933 -1.000000
56.000000 18.000000 -1.000000 -1.000000 0.728933 -1.000000
56.000000 19.000000 -1.000000 -1.000000 0.728933 -1.000000
56.000000 20.000000 -1.000000 -1.000000 0.728933 -1.000000
56.000000 21.000000 -1.000000 -1.000000 0.728933 -1.000000
56.000000 22.000000 -1.000000 -1.000000 0.728933 -1.000000
56.000000 23.000000 -1.000000 -1.000000 0.728933 -1.000000
56.000000 24.000000 -1.000000 -1.000000 0.728933 -1.000000
56.000000 25.000000 -1.000000 -1.000000 0.728933 -1.000000
56.000000 26.000000 -1.000000 -1.000000 0.728933 -1.000000
56.000000 27.000000 -1.000000 -1.000000 0.728933 -1.000000
56.000000 28.000000 -1.000000 -1.000000 0.728933 -1.000000
56.000000 29.000000 -1.000000 -1.000000 0.728933 -1.000000
56.000000 30.000000 -1.000000 -1.000000 0.728933 -1.000000
56.000000 31.000000 -1.000000 -1.000000 0.728933 -1.000000
56.000000 32.000000 -1.000000 -1.000000 0.728933 -1.000000
56.000000 33.000000 -1.000000 -1.000000 0.728933 -1.000000
56.000000 34.000000 -1.000000 -1.000000 0.728933 -1.000000
56.000000 35.000000 -1.000000 -1.000000 0.728933 -1.000000
56.000000 36.000000 -1.000000 -1.000000 0.728933 -1.000000
56.000000 37.000000 -1.000000 -1.000000 0.728933 -1.000000
56.000000 38.000000 -1.000000 -1.000000 0.728933 -1.000000
56.000000 39.000000 -1.000000 -1.000000 0.728933 -1.000000
56.000000 40.000000 -1.000000 -1.000000 0.728933 -1.000000
56.000000 41.000000 -1.000000 -1.000000 0.728933 -1.000000
56.000000 42.000000 -1.000000 -1.000000 0.728933 -1.000000
56.000000 43.000000 -1.000000 -1.000000 0.728933 -1.000000
56.000000 44.000000 -1.000000 -1.000000 0.728933 -1.000000
56.000000 45.000000 -1.000000 -1.000000 0.728933 -1.000000
56.000000 46.000000 -1.000000 -1.000000 0.728933 -1.000000
56.000000 47.000000 -1.000000 -1.000000 0.728933 -1.000000
56.000000 48.000000 -1.000000 -1.000000 0.728933 -1.000000
56.000000 49.000000 -1.000000 -1.000000 0.728933 -1.000000
57.000000 0.000000 -1.000000 -1.000000 0.728933 -1.000000
57.000000 1.000000 -1.000000 -1.000000 0.728933 -1.000000
57.000000 2.000000 -1.000000 -1.000000 0.724214 -1.000000
57.000000 3.000000 -1.000000 -1.000000 0.724214 -1.000000
57.000000 4.000000 -1.000000 -1.000000 0.728933 -1.000000
57.000000 5.000000 -1.000000 -1.000000 0.728933 -1.000000
57.000000 6.000000 -1.000000 -1.000000 0.728933 -1.000000
57.000000 7.000000 -1.000000 -1.000000 0.728933 -1.000000
57.000000 8.000000 -1.000000 -1.000000 0.728933 -1.000000
57.000000 9.000000 -1.000000 -1.000000 0.728933 -1.000000
57.000000 10.000000 -1.000000 -1.000000 0.728933 -1.000000
57.000000 11.000000 -1.000000 -1.000000 0.728933 -1.000000
57.000000 12.000000 -1.000000 -1.000000 0.728933 -1.000000
57.000000 13.000000 -1.000000 -1.000000 0.728933 -1.000000
57.000000 14.000000 -1.000000 -1.000000 0.728933 -1.000000
57.000000 15.000000 -1.000000 -1.000000 0.728933 -1.000000
57.000000 16.000000 -1.000000 -1.000000 0.728933 -1.000000
57.000000 17.000000 -1.000000 -1.000000 0.728933 -1.000000
57.000000 18.000000 -1.000000 -1.000000 0.728933 -1.000000
57.000000 19.000000 -1.000000 -1.000000 0.728933 -1.000000
57.000000 20.000000 -1.000000 -1.000000 0.728933 -1.000000
57.000000 21.000000 -1.000000 -1.000000 0.728933 -1.000000
57.000000 22.000000 -1.000000 -1.000000 0.728933 -1.000000
57.000000 23.000000 -1.000000 -1.000000 0.728933 -1.000000
57.000000 24.000000 -1.000000 -1.000000 0.728933 -1.000000
57.000000 25.000000 -1.000000 -1.000000 0.728933 -1.000000
57.000000 26.000000 -1.000000 -1.000000 0.728933 -1.000000
57.000000 27.000000 -1.000000 -1.000000 0.728933 -1.000000
57.000000 28.000000 -1.000000 -1.000000 0.728933 -1.000000
57.000000 29.000000 -1.000000 -1.000000 0.728933 -1.000000
57.000000 30.000000 -1.000000 -1.000000 0.728933 -1.000000
57.000000 31.000000 -1.000000 -1.000000 0.728933 -1.000000
57.000000 32.000000 -1.000000 -1.000000 0.728933 -1.000000
57.000000 33.000000 -1.000000 -1.000000 0.728933 -1.000000
57.000000 34.000000 -1.000000 -1.000000 0.728933 -1.000000
57.000000 35.000000 -1.000000 -1.000000 0.728933 -1.000000
57.000000 36.000000 -1.000000 -1.000000 0.728933 -1.000000
57.000000 37.000000 -1.000000 -1.000000 0.728933 -1.000000
57.000000 38.000000 -1.000000 -1.000000 0.728933 -1.000000
57.000000 39.000000 -1.000000 -1.000000 0.728933 -1.000000
57.000000 40.000000 -1.000000 -1.000000 0.728933 -1.000000
57.000000 41.000000 -1.000000 -1.000000 0.728933 -1.000000
57.000000 42.000000 -1.000000 -1.000000 0.728933 -1.000000
57.000000 43.000000 -1.000000 -1.000000 0.728933 -1.000000
57.000000 44.000000 -1.000000 -1.000000 0.728933 -1.000000
57.000000 45.000000 -1.000000 -1.000000 0.728933 -1.000000
57.000000 46.000000 -1.000000 -1.000000 0.728933 -1.000000
57.000000 47.000000 -1.000000 -1.000000 0.728933 -1.000000
57.000000 48.000000 -1.000000 -1.000000 0.728933 -1.000000
57.000000 49.000000 -1.000000 -1.000000 0.728933 -1.000000
58.000000 0.000000 -1.000000 -1.000000 0.728933 -1.000000
58.000000 1.000000 -1.000000 -1.000000 0.728933 -1.000000
58.000000 2.000000 -1.000000 -1.000000 0.728933 -1.000000
58.000000 3.000000 -1.000000 -1.000000 0.724214 -1.000000
58.000000 4.000000 -1.000000 -1.000000 0.720588 -1.000000
58.000000 5.000000 -1.000000 -1.000000 0.719493 -1.000000
58.000000 6.000000 -1.000000 -1.000000 0.714771 -1.000000
58.000000 7.000000 -1.000000 -1.000000 0.715867 -1.000000
58.000000 8.000000 -1.000000 -1.000000 0.681333 -1.000000
58.000000 9.000000 -1.000000 -1.000000 0.645623 -1.000000
58.000000 10.000000 -1.000000 -1.000000 0.549081 -0.949125
58.000000 11.000000 -1.000000 -1.000000 0.386257 -0.797812
58.000000 12.000000 -0.868427 -1.000000 0.178881 -0.604071
58.000000 13.000000 -0.401776 -1.000000 -0.325177 -0.117761
58.000000 14.000000 0.534186 -1.000000 -1.000000 0.558349
58.000000 15.000000 1.000000 -0.762166 -1.000000 1.000000
58.000000 16.000000 1.000000 -0.168085 -1.000000 1.000000
58.000000 17.000000 1.000000 -0.297949 -1.000000 1.000000
58.000000 18.000000 0.535100 -0.584015 -0.611185 0.018973
58.000000 19.000000 -0.473625 -1.000000 -0.464502 0.043034
58.000000 20.000000 -0.994809 -1.000000 0.308292 -0.736240
58.000000 21.000000 -1.000000 -1.000000 0.472000 -0.878934
58.000000 22.000000 -1.000000 -1.000000 0.486330 -0.891446
58.000000 23.000000 -1.000000 -1.000000 0.445201 -0.853091
58.000000 24.000000 -1.000000 -1.000000 0.386979 -0.798810
58.000000 25.000000 -1.000000 -1.000000 0.353343 -0.766980
58.000000 26.000000 -0.986545 -1.000000 0.287374 -0.705673
58.000000 27.000000 -0.920973 -1.000000 0.227168 -0.649878
58.000000 28.000000 -0.832091 -1.000000 0.114257 -0.538841
58.000000 29.000000 -0.715651 -1.000000 0.035504 -0.471928
58.000000 30.000000 -0.526973 -1.000000 -0.158298 -0.288820
58.000000 31.000000 -0.397325 -1.000000 -0.236018 -0.228588
58.000000 32.000000 -0.323749 -1.000000 -0.298343 -0.174179
58.000000 33.000000 -0.409522 -1.000000 -0.210099 -0.260282
58.000000 34.000000 -0.487431 -1.000000 -0.155115 -0.305925
58.000000 35.000000 -0.584532 -1.000000 -0.071436 -0.381464
58.000000 36.000000 -0.682562 -1.000000 -0.003285 -0.439484
58.000000 37.000000 -0.783131 -1.000000 0.087151 -0.522463
58.000000 38.000000 -0.752948 -1.000000 0.014525 -0.444999
58.000000 39.000000 -0.822742 -1.000000 0.123069 -0.555015
58.000000 40.000000 -0.861653 -1.000000 0.124089 -0.547843
58.000000 41.000000 -0.899921 -1.000000 0.161448 -0.583348
58.000000 42.000000 -0.827664 -1.000000 0.085580 -0.509148
58.000000 43.000000 -0.766741 -1.000000 0.053012 -0.484596
58.000000 44.000000 -0.769110 -1.000000 0.078770 -0.513483
58.000000 45.000000 -0.848978 -1.000000 0.135363 -0.563861
58.000000 46.000000 -0.906564 -1.000000 0.171805 -0.593747
58.000000 47.000000 -1.000000 -1.000000 0.196456 -0.603224
58.000000 48.000000 -1.000000 -1.000000 0.304584 -0.722317
58.000000 49.000000 -1.000000 -1.000000 0.313217 -0.730441
59.000000 0.000000 -1.000000 -1.000000 0.728933 -1.000000
59.000000 1.000000 -1.000000 -1.000000 0.728933 -1.000000
59.000000 2.000000 -1.000000 -1.000000 0.725308 -1.000000
59.000000 3.000000 -1.000000 -1.000000 0.724214 -1.000000
59.000000 4.000000 -1.000000 -1.000000 0.719493 -1.000000
59.000000 5.000000 -1.000000 -1.000000 0.724214 -1.000000
59.000000 6.000000 -1.000000 -1.000000 0.724214 -1.000000
59.000000 7.000000 -1.000000 -1.000000 0.728933 -1.000000
59.000000 8.000000 -1.000000 -1.000000 0.728933 -1.000000
59.000000 9.000000 -1.000000 -1.000000 0.728933 -1.000000
59.000000 10.000000 -1.000000 -1.000000 0.728933 -1.000000
59.000000 11.000000 -1.000000 -1.000000 0.728933 -1.000000
59.000000 12.000000 -1.000000 -1.000000 0.728933 -1.000000
59.000000 13.000000 -1.000000 -1.000000 0.728933 -1.000000
59.000000 14.000000 -1.000000 -1.000000 0.728933 -1.000000
59.000000 15.000000 -1.000000 -1.000000 0.728933 -1.000000
59.000000 16.000000 -1.000000 -1.000000 0.728933 -1.000000
59.000000 17.000000 -1.000000 -1.000000 0.728933 -1.000000
59.000000 18.000000 -1.000000 -1.000000 0.728933 -1.000000
59.000000 19.000000 -1.000000 -1.000000 0.728933 -1.000000
59.000000 20.000000 -1.000000 -1.000000 0.728933 -1.000000
59.000000 21.000000 -1.000000 -1.000000 0.728933 -1.000000
59.000000 22.000000 -1.000000 -1.000000 0.728933 -1.000000
59.000000 23.000000 -1.000000 -1.000000 0.728933 -1.000000
59.000000 24.000000 -1.000000 -1.000000 0.728933 -1.000000
59.000000 25.000000 -1.000000 -1.000000 0.728933 -1.000000
59.000000 26.000000 -1.000000 -1.000000 0.728933 -1.000000
59.000000 27.000000 -1.000000 -1.000000 0.728933 -1.000000
59.000000 28.000000 -1.000000 -1.000000 0.728933 -1.000000
59.000000 29.000000 -1.000000 -1.000000 0.728933 -1.000000
59.000000 30.000000 -1.000000 -1.000000 0.728933 -1.000000
59.000000 31.000000 -1.000000 -1.000000 0.728933 -1.000000
59.000000 32.000000 -1.000000 -1.000000 0.728933 -1.000000
59.000000 33.000000 -1.000000 -1.000000 0.728933 -1.000000
59.000000 34.000000 -1.000000 -1.000000 0.728933 -1.000000
59.000000 35.000000 -1.000000 -1.000000 0.728933 -1.000000
59.000000 36.000000 -1.000000 -1.000000 0.728933 -1.000000
59.000000 37.000000 -1.000000 -1.000000 0.728933 -1.000000
59.000000 38.000000 -1.000000 -1.000000 0.728933 -1.000000
59.000000 39.000000 -1.000000 -1.000000 0.728933 -1.000000
59.000000 40.000000 -1.000000 -1.000000 0.728933 -1.000000
59.000000 41.000000 -1.000000 -1.000000 0.728933 -1.000000
59.000000 42.000000 -1.000000 -1.000000 0.728933 -1.000000
59.000000 43.000000 -1.000000 -1.000000 0.728933 -1.000000
59.000000 44.000000 -1.000000 -1.000000 0.728933 -1.000000
59.000000 45.000000 -1.000000 -1.000000 0.728933 -1.000000
59.000000 46.000000 -1.000000 -1.000000 0.728933 -1.000000
59.000000 47.000000 -1.000000 -1.000000 0.728933 -1.000000
59.000000 48.000000 -1.000000 -1.000000 0.728933 -1.000000
59.000000 49.000000 -1.000000 -1.000000 0.728933 -1.000000
60.000000 0.000000 -1.000000 -1.000000 0.728933 -1.000000
60.000000 1.000000 -1.000000 -1.000000 0.728933 -1.000000
60.000000 2.000000 -1.000000 -1.000000 0.728933 -1.000000
60.000000 3.000000 -1.000000 -1.000000 0.725308 -1.000000
60.000000 4.000000 -1.000000 -1.000000 0.713335 -1.000000
60.000000 5.000000 -1.000000 -1.000000 0.682774 -1.000000
60.000000 6.000000 -1.000000 -1.000000 0.650366 -1.000000
60.000000 7.000000 -1.000000 -1.000000 0.599221 -0.996262
60.000000 8.000000 -1.000000 -1.000000 0.528486 -0.930410
60.000000 9.000000 -0.975280 -1.000000 0.277740 -0.696166
60.000000 10.000000 -0.787717 -1.000000 0.062619 -0.487756
60.000000 11.000000 -0.150775 -1.000000 -0.508126 0.044969
60.000000 12.000000 0.861134 -1.000000 -1.000000 0.773278
60.000000 13.000000 1.000000 -0.369576 -1.000000 1.000000
60.000000 14.000000 1.000000 -0.190261 -1.000000 1.000000
60.000000 15.000000 1.000000 -0.411803 -1.000000 0.746004
60.000000 16.000000 0.108433 -0.784542 -0.255723 -0.305699
60.000000 17.000000 -0.721326 -1.000000 -0.160744 -0.257709
60.000000 18.000000 -1.000000 -1.000000 0.366667 -0.782511
60.000000 19.000000 -1.000000 -1.000000 0.396934 -0.808379
60.000000 20.000000 -1.000000 -1.000000 0.388142 -0.799979
60.000000 21.000000 -1.000000 -1.000000 0.376643 -0.788867
60.000000 22.000000 -1.000000 -1.000000 0.314800 -0.731627
60.000000 23.000000 -0.835156 -1.000000 0.148357 -0.575461
60.000000 24.000000 -0.651575 -1.000000 -0.015152 -0.425200
60.000000 25.000000 -0.528674 -1.000000 -0.113793 -0.338524
60.000000 26.000000 -0.350834 -1.000000 -0.301989 -0.161574
60.000000 27.000000 -0.251373 -1.000000 -0.361429 -0.118648
60.000000 28.000000 -0.506491 -1.000000 -0.104043 -0.364980
60.000000 29.000000 -0.682750 -1.000000 0.024520 -0.471315
60.000000 30.000000 -0.777750 -1.000000 0.064579 -0.497336
60.000000 31.000000 -0.810666 -1.000000 0.076460 -0.503915
60.000000 32.000000 -0.806520 -1.000000 0.099821 -0.530018
60.000000 33.000000 -0.777371 -1.000000 0.073742 -0.505395
60.000000 34.000000 -0.728817 -1.000000 0.004169 -0.436890
60.000000 35.000000 -0.738929 -1.000000 0.039248 -0.476427
60.000000 36.000000 -0.800692 -1.000000 0.096809 -0.530012
60.000000 37.000000 -0.952373 -1.000000 0.222426 -0.643137
60.000000 38.000000 -1.000000 -1.000000 0.204863 -0.606667
60.000000 39.000000 -0.903910 -1.000000 0.210412 -0.634255
60.000000 40.000000 -0.818616 -1.000000 0.137250 -0.567045
60.000000 41.000000 -0.791832 -1.000000 0.105700 -0.537630
60.000000 42.000000 -0.814166 -1.000000 0.104788 -0.534272
60.000000 43.000000 -0.834733 -1.000000 0.113793 -0.541129
60.000000 44.000000 -0.866484 -1.000000 0.129106 -0.552856
60.000000 45.000000 -1.000000 -1.000000 0.300586 -0.718730
60.000000 46.000000 -1.000000 -1.000000 0.374356 -0.787300
60.000000 47.000000 -1.000000 -1.000000 0.405995 -0.816789
60.000000 48.000000 -1.000000 -1.000000 0.424692 -0.834218
60.000000 49.000000 -1.000000 -1.000000 0.471462 -0.877605
61.000000 0.000000 -1.000000 -1.000000 0.728933 -1.000000
61.000000 1.000000 -1.000000 -1.000000 0.728933 -1.000000
61.000000 2.000000 -1.000000 -1.000000 0.725308 -1.000000
61.000000 3.000000 -1.000000 -1.000000 0.724214 -1.000000
61.000000 4.000000 -1.000000 -1.000000 0.724214 -1.000000
61.000000 5.000000 -1.000000 -1.000000 0.728933 -1.000000
61.000000 6.000000 -1.000000 -1.000000 0.728933 -1.000000
61.000000 7.000000 -1.000000 -1.000000 0.721683 -1.000000
61.000000 8.000000 -1.000000 -1.000000 0.700597 -1.000000
61.000000 9.000000 -1.000000 -1.000000 0.688603 -1.000000
61.000000 10.000000 -1.000000 -1.000000 0.672962 -1.000000
61.000000 11.000000 -1.000000 -1.000000 0.580588 -0.978609
61.000000 12.000000 -1.000000 -1.000000 0.400310 -0.810722
61.000000 13.000000 -0.916022 -1.000000 0.223140 -0.645150
61.000000 14.000000 -0.706193 -1.000000 -0.022785 -0.406685
61.000000 15.000000 -0.182689 -1.000000 -0.466405 -0.000005
61.000000 16.000000 0.516495 -1.000000 -1.000000 0.496707
61.000000 17.000000 1.000000 -0.917504 -1.000000 0.886799
61.000000 18.000000 1.000000 -0.337200 -1.000000 0.912019
61.000000 19.000000 1.000000 -0.343339 -1.000000 1.000000
61.000000 20.000000 0.649713 -0.565361 -0.723671 0.120904
61.000000 21.000000 -0.272241 -1.000000 -0.302702 -0.196843
61.000000 22.000000 -0.905776 -1.000000 0.068017 -0.480725
61.000000 23.000000 -1.000000 -1.000000 0.362470 -0.777519
61.000000 24.000000 -1.000000 -1.000000 0.409521 -0.820390
61.000000 25.000000 -1.000000 -1.000000 0.433302 -0.841922
61.000000 26.000000 -1.000000 -1.000000 0.327794 -0.743073
61.000000 27.000000 -0.828764 -1.000000 0.142399 -0.569940
61.000000 28.000000 -0.585376 -1.000000 -0.078964 -0.364695
61.000000 29.000000 -0.244322 -1.000000 -0.389552 -0.078421
61.000000 30.000000 -0.024932 -1.000000 -0.544340 0.046272
61.000000 31.000000 -0.014084 -1.000000 -0.522163 0.014103
61.000000 32.000000 -0.280466 -1.000000 -0.293424 -0.195770
61.000000 33.000000 -0.530261 -1.000000 -0.114823 -0.345032
61.000000 34.000000 -0.763579 -1.000000 0.087783 -0.527176
61.000000 35.000000 -0.797233 -1.000000 0.114603 -0.547710
61.000000 36.000000 -0.764344 -1.000000 0.024473 -0.452001
61.000000 37.000000 -0.646634 -1.000000 -0.036358 -0.405469
61.000000 38.000000 -0.665399 -1.000000 -0.009899 -0.433796
61.000000 39.000000 -0.645956 -1.000000 -0.037564 -0.406120
61.000000 40.000000 -0.595595 -1.000000 -0.081932 -0.365593
61.000000 41.000000 -0.645139 -1.000000 -0.039124 -0.406331
61.000000 42.000000 -0.703454 -1.000000 0.005669 -0.446219
61.000000 43.000000 -0.730943 -1.000000 0.012111 -0.448267
61.000000 44.000000 -0.772889 -1.000000 0.058094 -0.492167
61.000000 45.000000 -0.862965 -1.000000 0.119905 -0.545188
61.000000 46.000000 -0.909593 -1.000000 0.179832 -0.602282
61.000000 47.000000 -0.969113 -1.000000 0.211903 -0.626958
61.000000 48.000000 -1.000000 -1.000000 0.160553 -0.560928
61.000000 49.000000 -1.000000 -1.000000 0.323675 -0.740240
62.000000 0.000000 -1.000000 -1.000000 0.728933 -1.000000
62.000000 1.000000 -1.000000 -1.000000 0.728933 -1.000000
62.000000 2.000000 -1.000000 -1.000000 0.728933 -1.000000
62.000000 3.000000 -1.000000 -1.000000 0.728933 -1.000000
62.000000 4.000000 -1.000000 -1.000000 0.725308 -1.000000
62.000000 5.000000 -1.000000 -1.000000 0.703885 -1.000000
62.000000 6.000000 -1.000000 -1.000000 0.695869 -1.000000
62.000000 7.000000 -1.000000 -1.000000 0.670422 -1.000000
62.000000 8.000000 -1.000000 -1.000000 0.659094 -1.000000
62.000000 9.000000 -1.000000 -1.000000 0.603977 -1.000000
62.000000 10.000000 -1.000000 -1.000000 0.551994 -0.952072
62.000000 11.000000 -1.000000 -1.000000 0.361853 -0.774941
62.000000 12.000000 -0.601004 -1.000000 -0.065407 -0.374377
62.000000 13.000000 0.223602 -1.000000 -0.859701 0.374516
62.000000 14.000000 1.000000 -1.000000 -1.000000 1.000000
62.000000 15.000000 1.000000 -0.136400 -1.000000 1.000000
62.000000 16.000000 1.000000 -0.234759 -1.000000 1.000000
62.000000 17.000000 1.000000 -0.494497 -1.000000 0.633333
62.000000 18.000000 -0.110148 -0.925575 -0.088311 -0.459557
62.000000 19.000000 -0.842803 -1.000000 -0.113886 -0.287658
62.000000 20.000000 -1.000000 -1.000000 0.361881 -0.778780
62.000000 21.000000 -1.000000 -1.000000 0.542485 -0.944243
62.000000 22.000000 -1.000000 -1.000000 0.551468 -0.951703
62.000000 23.000000 -1.000000 -1.000000 0.511191 -0.914634
62.000000 24.000000 -1.000000 -1.000000 0.502029 -0.905759
62.000000 25.000000 -1.000000 -1.000000 0.461528 -0.868210
62.000000 26.000000 -1.000000 -1.000000 0.471462 -0.877605
62.000000 27.000000 -1.000000 -1.000000 0.438315 -0.846429
62.000000 28.000000 -1.000000 -1.000000 0.329635 -0.745073
62.000000 29.000000 -0.920293 -1.000000 0.226481 -0.648674
62.000000 30.000000 -0.865360 -1.000000 0.179285 -0.606363
62.000000 31.000000 -0.823965 -1.000000 0.126314 -0.555007
62.000000 32.000000 -0.778712 -1.000000 0.089102 -0.521654
62.000000 33.000000 -0.663568 -1.000000 -0.056247 -0.379627
62.000000 34.000000 -0.565040 -1.000000 -0.104980 -0.344547
62.000000 35.000000 -0.552729 -1.000000 -0.108262 -0.344681
62.000000 36.000000 -0.621850 -1.000000 -0.062585 -0.386294
62.000000 37.000000 -0.785236 -1.000000 0.085108 -0.522294
62.000000 38.000000 -0.890845 -1.000000 0.161749 -0.587127
62.000000 39.000000 -0.957900 -1.000000 0.182016 -0.595616
62.000000 40.000000 -0.977506 -1.000000 0.190875 -0.600674
62.000000 41.000000 -0.943555 -1.000000 0.247685 -0.669764
62.000000 42.000000 -0.987987 -1.000000 0.272438 -0.689748
62.000000 43.000000 -0.988414 -1.000000 0.202677 -0.611159
62.000000 44.000000 -0.962814 -1.000000 0.265906 -0.686007
62.000000 45.000000 -0.999940 -1.000000 0.301010 -0.719223
62.000000 46.000000 -0.932727 -1.000000 0.237177 -0.659148
62.000000 47.000000 -0.950044 -1.000000 0.256280 -0.678088
62.000000 48.000000 -0.975285 -1.000000 0.237558 -0.652870
62.000000 49.000000 -0.948223 -1.000000 0.253671 -0.674356
63.000000 0.000000 -1.000000 -1.000000 0.728933 -1.000000
63.000000 1.000000 -1.000000 -1.000000 0.728933 -1.000000
63.000000 2.000000 -1.000000 -1.000000 0.728933 -1.000000
63.000000 3.000000 -1.000000 -1.000000 0.728933 -1.000000
63.000000 4.000000 -1.000000 -1.000000 0.724214 -1.000000
63.000000 5.000000 -1.000000 -1.000000 0.724214 -1.000000
63.000000 6.000000 -1.000000 -1.000000 0.728933 -1.000000
63.000000 7.000000 -1.000000 -1.000000 0.728933 -1.000000
63.000000 8.000000 -1.000000 -1.000000 0.728933 -1.000000
63.000000 9.000000 -1.000000 -1.000000 0.728933 -1.000000
63.000000 10.000000 -1.000000 -1.000000 0.728933 -1.000000
63.000000 11.000000 -1.000000 -1.000000 0.728933 -1.000000
63.000000 12.000000 -1.000000 -1.000000 0.728933 -1.000000
63.000000 13.000000 -1.000000 -1.000000 0.728933 -1.000000
63.000000 14.000000 -1.000000 -1.000000 0.728933 -1.000000
63.000000 15.000000 -1.000000 -1.000000 0.728933 -1.000000
63.000000 16.000000 -1.000000 -1.000000 0.728933 -1.000000
63.000000 17.000000 -1.000000 -1.000000 0.728933 -1.000000
63.000000 18.000000 -1.000000 -1.000000 0.728933 -1.000000
63.000000 19.000000 -1.000000 -1.000000 0.728933 -1.000000
63.000000 20.000000 -1.000000 -1.000000 0.728933 -1.000000
63.000000 21.000000 -1.000000 -1.000000 0.728933 -1.000000
63.000000 22.000000 -1.000000 -1.000000 0.728933 -1.000000
63.000000 23.000000 -1.000000 -1.000000 0.728933 -1.000000
63.000000 24.000000 -1.000000 -1.000000 0.728933 -1.000000
63.000000 25.000000 -1.000000 -1.000000 0.728933 -1.000000
63.000000 26.000000 -1.000000 -1.000000 0.728933 -1.000000
63.000000 27.000000 -1.000000 -1.000000 0.728933 -1.000000
63.000000 28.000000 -1.000000 -1.000000 0.728933 -1.000000
63.000000 29.000000 -1.000000 -1.000000 0.728933 -1.000000
63.000000 30.000000 -1.000000 -1.000000 0.728933 -1.000000
63.000000 31.000000 -1.000000 -1.000000 0.728933 -1.000000
63.000000 32.000000 -1.000000 -1.000000 0.728933 -1.000000
63.000000 33.000000 -1.000000 -1.000000 0.728933 -1.000000
63.000000 34.000000 -1.000000 -1.000000 0.728933 -1.000000
63.000000 35.000000 -1.000000 -1.000000 0.728933 -1.000000
63.000000 36.000000 -1.000000 -1.000000 0.728933 -1.000000
63.000000 37.000000 -1.000000 -1.000000 0.728933 -1.000000
63.000000 38.000000 -1.000000 -1.000000 0.728933 -1.000000
63.000000 39.000000 -1.000000 -1.000000 0.728933 -1.000000
63.000000 40.000000 -1.000000 -1.000000 0.728933 -1.000000
63.000000 41.000000 -1.000000 -1.000000 0.728933 -1.000000
63.000000 42.000000 -1.000000 -1.000000 0.728933 -1.000000
63.000000 43.000000 -1.000000 -1.000000 0.728933 -1.000000
63.000000 44.000000 -1.000000 -1.000000 0.728933 -1.000000
63.000000 45.000000 -1.000000 -1.000000 0.728933 -1.000000
63.000000 46.000000 -1.000000 -1.000000 0.728933 -1.000000
63.000000 47.000000 -1.000000 -1.000000 0.728933 -1.000000
63.000000 48.000000 -1.000000 -1.000000 0.728933 -1.000000
63.000000 49.000000 -1.000000 -1.000000 0.728933 -1.000000
64.000000 0.000000 -1.000000 -1.000000 0.728933 -1.000000
64.000000 1.000000 -1.000000 -1.000000 0.728933 -1.000000
64.000000 2.000000 -1.000000 -1.000000 0.728933 -1.000000
64.000000 3.000000 -1.000000 -1.000000 0.725308 -1.000000
64.000000 4.000000 -1.000000 -1.000000 0.720588 -1.000000
64.000000 5.000000 -1.000000 -1.000000 0.715867 -1.000000
64.000000 6.000000 -1.000000 -1.000000 0.710048 -1.000000
64.000000 7.000000 -1.000000 -1.000000 0.677697 -1.000000
64.000000 8.000000 -1.000000 -1.000000 0.634686 -1.000000
64.000000 9.000000 -1.000000 -1.000000 0.470037 -0.875629
64.000000 10.000000 -0.850702 -1.000000 0.163247 -0.588991
64.000000 11.000000 -0.390384 -1.000000 -0.373217 -0.065486
64.000000 12.000000 0.733040 -1.000000 -1.000000 0.728245
64.000000 13.000000 1.000000 -0.476883 -1.000000 1.000000
64.000000 14.000000 1.000000 -0.106569 -1.000000 1.000000
64.000000 15.000000 1.000000 -0.311872 -1.000000 1.000000
64.000000 16.000000 0.535373 -0.611087 -0.622244 0.028759
64.000000 17.000000 -0.553905 -1.000000 -0.332605 -0.094629
64.000000 18.000000 -1.000000 -1.000000 0.329373 -0.749179
64.000000 19.000000 -1.000000 -1.000000 0.484793 -0.890434
64.000000 20.000000 -1.000000 -1.000000 0.489103 -0.893813
64.000000 21.000000 -1.000000 -1.000000 0.453054 -0.860293
64.000000 22.000000 -1.000000 -1.000000 0.386257 -0.797812
64.000000 23.000000 -0.903459 -1.000000 0.210868 -0.634155
64.000000 24.000000 -0.748696 -1.000000 0.064181 -0.497433
64.000000 25.000000 -0.697256 -1.000000 0.031376 -0.470828
64.000000 26.000000 -0.565673 -1.000000 -0.104556 -0.342929
64.000000 27.000000 -0.573532 -1.000000 -0.091299 -0.360800
64.000000 28.000000 -0.655953 -1.000000 -0.030855 -0.415117
64.000000 29.000000 -0.849073 -1.000000 0.142972 -0.575268
64.000000 30.000000 -0.961056 -1.000000 0.199193 -0.615443
64.000000 31.000000 -1.000000 -1.000000 0.275475 -0.686207
64.000000 32.000000 -1.000000 -1.000000 0.311814 -0.729277
64.000000 33.000000 -0.976660 -1.000000 0.277837 -0.697045
64.000000 34.000000 -0.941698 -1.000000 0.246382 -0.668112
64.000000 35.000000 -0.923504 -1.000000 0.215051 -0.636331
64.000000 36.000000 -0.891375 -1.000000 0.168556 -0.590275
64.000000 37.000000 -0.831858 -1.000000 0.075365 -0.497089
64.000000 38.000000 -0.759278 -1.000000 0.052053 -0.484325
64.000000 39.000000 -0.773896 -1.000000 0.075667 -0.509726
64.000000 40.000000 -0.776193 -1.000000 0.055783 -0.487335
64.000000 41.000000 -0.820083 -1.000000 0.134751 -0.567447
64.000000 42.000000 -0.882660 -1.000000 0.158074 -0.582259
64.000000 43.000000 -0.948586 -1.000000 0.197503 -0.614579
64.000000 44.000000 -0.964277 -1.000000 0.232653 -0.649882
64.000000 45.000000 -1.000000 -1.000000 0.291351 -0.705615
64.000000 46.000000 -1.000000 -1.000000 0.328673 -0.744535
64.000000 47.000000 -1.000000 -1.000000 0.309617 -0.726636
64.000000 48.000000 -0.952304 -1.000000 0.255827 -0.676194
64.000000 49.000000 -0.975384 -1.000000 0.258090 -0.675852
65.000000 0.000000 -1.000000 -1.000000 0.728933 -1.000000
65.000000 1.000000 -1.000000 -1.000000 0.728933 -1.000000
65.000000 2.000000 -1.000000 -1.000000 0.724214 -1.000000
65.000000 3.000000 -1.000000 -1.000000 0.724214 -1.000000
65.000000 4.000000 -1.000000 -1.000000 0.728933 -1.000000
65.000000 5.000000 -1.000000 -1.000000 0.728933 -1.000000
65.000000 6.000000 -1.000000 -1.000000 0.728933 -1.000000
65.000000 7.000000 -1.000000 -1.000000 0.728933 -1.000000
65.000000 8.000000 -1.000000 -1.000000 0.728933 -1.000000
65.000000 9.000000 -1.000000 -1.000000 0.728933 -1.000000
65.000000 10.000000 -1.000000 -1.000000 0.728933 -1.000000
65.000000 11.000000 -1.000000 -1.000000 0.728933 -1.000000
65.000000 12.000000 -1.000000 -1.000000 0.728933 -1.000000
65.000000 13.000000 -1.000000 -1.000000 0.728933 -1.000000
65.000000 14.000000 -1.000000 -1.000000 0.728933 -1.000000
65.000000 15.000000 -1.000000 -1.000000 0.728933 -1.000000
65.000000 16.000000 -1.000000 -1.000000 0.728933 -1.000000
65.000000 17.000000 -1.000000 -1.000000 0.728933 -1.000000
65.000000 18.000000 -1.000000 -1.000000 0.728933 -1.000000
65.000000 19.000000 -1.000000 -1.000000 0.728933 -1.000000
65.000000 20.000000 -1.000000 -1.000000 0.728933 -1.000000
65.000000 21.000000 -1.000000 -1.000000 0.728933 -1.000000
65.000000 22.000000 -1.000000 -1.000000 0.728933 -1.000000
65.000000 23.000000 -1.000000 -1.000000 0.728933 -1.000000
65.000000 24.000000 -1.000000 -1.000000 0.728933 -1.000000
65.000000 25.000000 -1.000000 -1.000000 0.728933 -1.000000
65.000000 26.000000 -1.000000 -1.000000 0.728933 -1.000000
65.000000 27.000000 -1.000000 -1.000000 0.728933 -1.000000
65.000000 28.000000 -1.000000 -1.000000 0.728933 -1.000000
65.000000 29.000000 -1.000000 -1.000000 0.728933 -1.000000
65.000000 30.000000 -1.000000 -1.000000 0.728933 -1.000000
65.000000 31.000000 -1.000000 -1.000000 0.728933 -1.000000
65.000000 32.000000 -1.000000 -1.000000 0.728933 -1.000000
65.000000 33.000000 -1.000000 -1.000000 0.728933 -1.000000
65.000000 34.000000 -1.000000 -1.000000 0.728933 -1.000000
65.000000 35.000000 -1.000000 -1.000000 0.728933 -1.000000
65.000000 36.000000 -1.000000 -1.000000 0.728933 -1.000000
65.000000 37.000000 -1.000000 -1.000000 0.728933 -1.000000
65.000000 38.000000 -1.000000 -1.000000 0.728933 -1.000000
65.000000 39.000000 -1.000000 -1.000000 0.728933 -1.000000
65.000000 40.000000 -1.000000 -1.000000 0.728933 -1.000000
65.000000 41.000000 -1.000000 -1.000000 0.728933 -1.000000
65.000000 42.000000 -1.000000 -1.000000 0.728933 -1.000000
65.000000 43.000000 -1.000000 -1.000000 0.728933 -1.000000
65.000000 44.000000 -1.000000 -1.000000 0.728933 -1.000000
65.000000 45.000000 -1.000000 -1.000000 0.728933 -1.000000
65.000000 46.000000 -1.000000 -1.000000 0.728933 -1.000000
65.000000 47.000000 -1.000000 -1.000000 0.728933 -1.000000
65.000000 48.000000 -1.000000 -1.000000 0.728933 -1.000000
65.000000 49.000000 -1.000000 -1.000000 0.728933 -1.000000
66.000000 0.000000 -1.000000 -1.000000 0.728933 -1.000000
66.000000 1.000000 -1.000000 -1.000000 0.728933 -1.000000
66.000000 2.000000 -1.000000 -1.000000 0.728933 -1.000000
66.000000 3.000000 -1.000000 -1.000000 0.725308 -1.000000
66.000000 4.000000 -1.000000 -1.000000 0.720588 -1.000000
66.000000 5.000000 -1.000000 -1.000000 0.715867 -1.000000
66.000000 6.000000 -1.000000 -1.000000 0.724214 -1.000000
66.000000 7.000000 -1.000000 -1.000000 0.716962 -1.000000
66.000000 8.000000 -1.000000 -1.000000 0.711144 -1.000000
66.000000 9.000000 -1.000000 -1.000000 0.695526 -1.000000
66.000000 10.000000 -1.000000 -1.000000 0.676600 -1.000000
66.000000 11.000000 -1.000000 -1.000000 0.660192 -1.000000
66.000000 12.000000 -1.000000 -1.000000 0.507208 -0.910203
66.000000 13.000000 -1.000000 -1.000000 0.307041 -0.723625
66.000000 14.000000 -0.596871 -1.000000 -0.069143 -0.370837
66.000000 15.000000 0.286271 -1.000000 -0.898572 0.409429
66.000000 16.000000 1.000000 -0.952138 -1.000000 1.000000
66.000000 17.000000 1.000000 -0.052898 -1.000000 1.000000
66.000000 18.000000 1.000000 -0.170424 -1.000000 1.000000
66.000000 19.000000 1.000000 -0.491578 -1.000000 0.709438
66.000000 20.000000 -0.178160 -0.912156 -0.014546 -0.527782
66.000000 21.000000 -0.906881 -1.000000 -0.240516 -0.121490
66.000000 22.000000 -1.000000 -1.000000 0.440821 -0.852136
66.000000 23.000000 -1.000000 -1.000000 0.583121 -0.981909
66.000000 24.000000 -1.000000 -1.000000 0.572911 -0.971897
66.000000 25.000000 -1.000000 -1.000000 0.541700 -0.942720
66.000000 26.000000 -1.000000 -1.000000 0.507562 -0.910695
66.000000 27.000000 -1.000000 -1.000000 0.486929 -0.891934
66.000000 28.000000 -1.000000 -1.000000 0.379616 -0.791348
66.000000 29.000000 -0.956865 -1.000000 0.260286 -0.680187
66.000000 30.000000 -0.829480 -1.000000 0.144507 -0.572982
66.000000 31.000000 -0.682391 -1.000000 0.004348 -0.442316
66.000000 32.000000 -0.690600 -1.000000 0.003838 -0.444550
66.000000 33.000000 -0.689467 -1.000000 -0.009817 -0.430453
66.000000 34.000000 -0.658084 -1.000000 -0.060059 -0.380077
66.000000 35.000000 -0.671876 -1.000000 -0.013074 -0.430657
66.000000 36.000000 -0.749777 -1.000000 0.050627 -0.488668
66.000000 37.000000 -0.817846 -1.000000 0.089374 -0.519429
66.000000 38.000000 -0.974155 -1.000000 0.253864 -0.674569
66.000000 39.000000 -1.000000 -1.000000 0.188293 -0.567601
66.000000 40.000000 -1.000000 -1.000000 0.359152 -0.773424
66.000000 41.000000 -1.000000 -1.000000 0.380658 -0.792747
66.000000 42.000000 -1.000000 -1.000000 0.399221 -0.810408
66.000000 43.000000 -1.000000 -1.000000 0.435521 -0.843904
66.000000 44.000000 -1.000000 -1.000000 0.397699 -0.808741
66.000000 45.000000 -1.000000 -1.000000 0.324070 -0.740096
66.000000 46.000000 -0.911638 -1.000000 0.218302 -0.641170
66.000000 47.000000 -0.831803 -1.000000 0.138933 -0.566902
66.000000 48.000000 -0.744090 -1.000000 0.055254 -0.489638
66.000000 49.000000 -0.821224 -1.000000 0.123764 -0.554965
67.000000 0.000000 -1.000000 -1.000000 0.728933 -1.000000
67.000000 1.000000 -1.000000 -1.000000 0.728933 -1.000000
67.000000 2.000000 -1.000000 -1.000000 0.728933 -1.000000
67.000000 3.000000 -1.000000 -1.000000 0.721683 -1.000000
67.000000 4.000000 -1.000000 -1.000000 0.715867 -1.000000
67.000000 5.000000 -1.000000 -1.000000 0.696965 -1.000000
67.000000 6.000000 -1.000000 -1.000000 0.696965 -1.000000
67.000000 7.000000 -1.000000 -1.000000 0.684969 -1.000000
67.000000 8.000000 -1.000000 -1.000000 0.671864 -1.000000
67.000000 9.000000 -1.000000 -1.000000 0.595217 -0.992344
67.000000 10.000000 -1.000000 -1.000000 0.529591 -0.931396
67.000000 11.000000 -1.000000 -1.000000 0.439066 -0.846924
67.000000 12.000000 -0.948223 -1.000000 0.252114 -0.672693
67.000000 13.000000 -0.609458 -1.000000 -0.235266 -0.180652
67.000000 14.000000 0.441045 -1.000000 -1.000000 0.519175
67.000000 15.000000 1.000000 -0.786343 -1.000000 1.000000
67.000000 16.000000 1.000000 -0.119280 -1.000000 1.000000
67.000000 17.000000 1.000000 -0.263072 -1.000000 1.000000
67.000000 18.000000 0.727208 -0.576133 -0.804639 0.195501
67.000000 19.000000 -0.350019 -1.000000 -0.220360 -0.275126
67.000000 20.000000 -1.000000 -1.000000 0.112523 -0.508836
67.000000 21.000000 -1.000000 -1.000000 0.501930 -0.907219
67.000000 22.000000 -1.000000 -1.000000 0.534472 -0.936321
67.000000 23.000000 -1.000000 -1.000000 0.510045 -0.913551
67.000000 24.000000 -1.000000 -1.000000 0.477357 -0.883042
67.000000 25.000000 -1.000000 -1.000000 0.448261 -0.855839
67.000000 26.000000 -1.000000 -1.000000 0.420235 -0.829579
67.000000 27.000000 -1.000000 -1.000000 0.397699 -0.808741
67.000000 28.000000 -1.000000 -1.000000 0.381812 -0.793839
67.000000 29.000000 -1.000000 -1.000000 0.342218 -0.757033
67.000000 30.000000 -1.000000 -1.000000 0.315932 -0.732109
67.000000 31.000000 -0.992415 -1.000000 0.292562 -0.710669
67.000000 32.000000 -0.886862 -1.000000 0.195779 -0.620220
67.000000 33.000000 -0.735372 -1.000000 0.055108 -0.489068
67.000000 34.000000 -0.586538 -1.000000 -0.087124 -0.357744
67.000000 35.000000 -0.433784 -1.000000 -0.220906 -0.237501
67.000000 36.000000 -0.280614 -1.000000 -0.334562 -0.139776
67.000000 37.000000 -0.308684 -1.000000 -0.299896 -0.178972
67.000000 38.000000 -0.573799 -1.000000 -0.066737 -0.395118
67.000000 39.000000 -0.736623 -1.000000 0.046353 -0.486513
67.000000 40.000000 -0.837339 -1.000000 0.128076 -0.557655
67.000000 41.000000 -0.806598 -1.000000 0.018436 -0.438340
67.000000 42.000000 -0.703279 -1.000000 0.014363 -0.452407
67.000000 43.000000 -0.737870 -1.000000 0.042728 -0.480201
67.000000 44.000000 -0.726765 -1.000000 0.010637 -0.445813
67.000000 45.000000 -0.815850 -1.000000 0.112971 -0.545699
67.000000 46.000000 -0.827244 -1.000000 0.080480 -0.505966
67.000000 47.000000 -0.877288 -1.000000 0.178165 -0.605708
67.000000 48.000000 -0.922652 -1.000000 0.211089 -0.633574
67.000000 49.000000 -0.923750 -1.000000 0.169139 -0.585743
68.000000 0.000000 -1.000000 -1.000000 0.728933 -1.000000
68.000000 1.000000 -1.000000 -1.000000 0.728933 -1.000000
68.000000 2.000000 -1.000000 -1.000000 0.725308 -1.000000
68.000000 3.000000 -1.000000 -1.000000 0.724214 -1.000000
68.000000 4.000000 -1.000000 -1.000000 0.699158 -1.000000
68.000000 5.000000 -1.000000 -1.000000 0.682774 -1.000000
68.000000 6.000000 -1.000000 -1.000000 0.644177 -1.000000
68.000000 7.000000 -1.000000 -1.000000 0.598873 -0.995776
68.000000 8.000000 -0.941794 -1.000000 0.248050 -0.667637
68.000000 9.000000 -0.237846 -1.000000 -0.540054 0.100398
68.000000 10.000000 1.000000 -1.000000 -1.000000 0.898023
68.000000 11.000000 1.000000 -0.055258 -1.000000 1.000000
68.000000 12.000000 1.000000 -0.062467 -1.000000 1.000000
68.000000 13.000000 1.000000 -0.369676 -1.000000 1.000000
68.000000 14.000000 0.141460 -0.705614 -0.258496 -0.305024
68.000000 15.000000 -0.706023 -1.000000 -0.168076 -0.252787
68.000000 16.000000 -1.000000 -1.000000 0.455573 -0.865574
68.000000 17.000000 -1.000000 -1.000000 0.574954 -0.974129
68.000000 18.000000 -1.000000 -1.000000 0.606307 -1.000000
68.000000 19.000000 -1.000000 -1.000000 0.618237 -1.000000
68.000000 20.000000 -1.000000 -1.000000 0.568102 -0.967306
68.000000 21.000000 -1.000000 -1.000000 0.552697 -0.953050
68.000000 22.000000 -1.000000 -1.000000 0.511944 -0.915130
68.000000 23.000000 -1.000000 -1.000000 0.533613 -0.935333
68.000000 24.000000 -1.000000 -1.000000 0.504951 -0.908717
68.000000 25.000000 -1.000000 -1.000000 0.556712 -0.956980
68.000000 26.000000 -1.000000 -1.000000 0.525922 -0.927948
68.000000 27.000000 -1.000000 -1.000000 0.489143 -0.893911
68.000000 28.000000 -1.000000 -1.000000 0.462993 -0.869693
68.000000 29.000000 -1.000000 -1.000000 0.388840 -0.800297
68.000000 30.000000 -1.000000 -1.000000 0.379589 -0.791853
68.000000 31.000000 -1.000000 -1.000000 0.409884 -0.820156
68.000000 32.000000 -1.000000 -1.000000 0.348144 -0.762508
68.000000 33.000000 -1.000000 -1.000000 0.304432 -0.721644
68.000000 34.000000 -0.998283 -1.000000 0.297750 -0.715665
68.000000 35.000000 -0.991985 -1.000000 0.291921 -0.710296
68.000000 36.000000 -0.952784 -1.000000 0.256087 -0.676922
68.000000 37.000000 -0.933435 -1.000000 0.240073 -0.662600
68.000000 38.000000 -0.970483 -1.000000 0.261123 -0.680040
68.000000 39.000000 -0.916522 -1.000000 0.189937 -0.609210
68.000000 40.000000 -0.810356 -1.000000 0.109318 -0.537486
68.000000 41.000000 -0.780858 -1.000000 0.074185 -0.505386
68.000000 42.000000 -0.762626 -1.000000 0.039893 -0.471635
68.000000 43.000000 -0.801107 -1.000000 0.086598 -0.518064
68.000000 44.000000 -0.867669 -1.000000 0.151299 -0.578127
68.000000 45.000000 -0.872919 -1.000000 0.078430 -0.494806
68.000000 46.000000 -0.826444 -1.000000 0.078943 -0.503499
68.000000 47.000000 -0.855188 -1.000000 0.135127 -0.562044
68.000000 48.000000 -0.948349 -1.000000 0.236316 -0.658506
68.000000 49.000000 -1.000000 -1.000000 0.317639 -0.731808
69.000000 0.000000 -1.000000 -1.000000 0.728933 -1.000000
69.000000 1.000000 -1.000000 -1.000000 0.728933 -1.000000
69.000000 2.000000 -1.000000 -1.000000 0.728933 -1.000000
69.000000 3.000000 -1.000000 -1.000000 0.728933 -1.000000
69.000000 4.000000 -1.000000 -1.000000 0.725308 -1.000000
69.000000 5.000000 -1.000000 -1.000000 0.724214 -1.000000
69.000000 6.000000 -1.000000 -1.000000 0.715867 -1.000000
69.000000 7.000000 -1.000000 -1.000000 0.714771 -1.000000
69.000000 8.000000 -1.000000 -1.000000 0.712239 -1.000000
69.000000 9.000000 -1.000000 -1.000000 0.710048 -1.000000
69.000000 10.000000 -1.000000 -1.000000 0.710048 -1.000000
69.000000 11.000000 -1.000000 -1.000000 0.712239 -1.000000
69.000000 12.000000 -1.000000 -1.000000 0.714771 -1.000000
69.000000 13.000000 -1.000000 -1.000000 0.698062 -1.000000
69.000000 14.000000 -1.000000 -1.000000 0.680236 -1.000000
69.000000 15.000000 -1.000000 -1.000000 0.615340 -1.000000
69.000000 16.000000 -1.000000 -1.000000 0.523357 -0.925485
69.000000 17.000000 -1.000000 -1.000000 0.416186 -0.825610
69.000000 18.000000 -0.902611 -1.000000 0.210872 -0.633627
69.000000 19.000000 -0.338793 -1.000000 -0.408700 -0.032824
69.000000 20.000000 0.701903 -1.000000 -1.000000 0.688025
69.000000 21.000000 1.000000 -0.525598 -1.000000 1.000000
69.000000 22.000000 1.000000 -0.157797 -1.000000 1.000000
69.000000 23.000000 1.000000 -0.347498 -1.000000 0.990442
69.000000 24.000000 0.298171 -0.639014 -0.392549 -0.182582
69.000000 25.000000 -0.615919 -1.000000 -0.404751 0.004776
69.000000 26.000000 -1.000000 -1.000000 0.347990 -0.766993
69.000000 27.000000 -1.000000 -1.000000 0.483872 -0.889474
69.000000 28.000000 -1.000000 -1.000000 0.482588 -0.887664
69.000000 29.000000 -1.000000 -1.000000 0.376643 -0.788867
69.000000 30.000000 -0.966343 -1.000000 0.268444 -0.688199
69.000000 31.000000 -0.944729 -1.000000 0.249944 -0.671521
69.000000 32.000000 -0.940902 -1.000000 0.212593 -0.630909
69.000000 33.000000 -0.916271 -1.000000 0.180884 -0.599708
69.000000 34.000000 -0.851353 -1.000000 0.147771 -0.573760
69.000000 35.000000 -0.811051 -1.000000 0.124073 -0.554520
69.000000 36.000000 -0.733204 -1.000000 0.043711 -0.478744
69.000000 37.000000 -0.667275 -1.000000 -0.053054 -0.384234
69.000000 38.000000 -0.644783 -1.000000 -0.053411 -0.390112
69.000000 39.000000 -0.655078 -1.000000 -0.031170 -0.413486
69.000000 40.000000 -0.729331 -1.000000 0.045426 -0.486282
69.000000 41.000000 -0.849828 -1.000000 0.122524 -0.550176
69.000000 42.000000 -0.912892 -1.000000 0.191075 -0.614538
69.000000 43.000000 -0.974533 -1.000000 0.211233 -0.625283
69.000000 44.000000 -1.000000 -1.000000 0.147703 -0.531669
69.000000 45.000000 -1.000000 -1.000000 0.347013 -0.761973
69.000000 46.000000 -1.000000 -1.000000 0.374576 -0.787411
69.000000 47.000000 -1.000000 -1.000000 0.382173 -0.794339
69.000000 48.000000 -1.000000 -1.000000 0.379950 -0.792352
69.000000 49.000000 -1.000000 -1.000000 0.399530 -0.810730
70.000000 0.000000 -1.000000 -1.000000 0.728933 -1.000000
70.000000 1.000000 -1.000000 -1.000000 0.728933 -1.000000
70.000000 2.000000 -1.000000 -1.000000 0.725308 -1.000000
70.000000 3.000000 -1.000000 -1.000000 0.724214 -1.000000
70.000000 4.000000 -1.000000 -1.000000 0.719493 -1.000000
70.000000 5.000000 -1.000000 -1.000000 0.719493 -1.000000
70.000000 6.000000 -1.000000 -1.000000 0.724214 -1.000000
70.000000 7.000000 -1.000000 -1.000000 0.725308 -1.000000
70.000000 8.000000 -1.000000 -1.000000 0.720588 -1.000000
70.000000 9.000000 -1.000000 -1.000000 0.706419 -1.000000
70.000000 10.000000 -1.000000 -1.000000 0.677697 -1.000000
70.000000 11.000000 -1.000000 -1.000000 0.639779 -1.000000
70.000000 12.000000 -1.000000 -1.000000 0.529238 -0.930906
70.000000 13.000000 -0.963045 -1.000000 0.266606 -0.685669
70.000000 14.000000 -0.410666 -1.000000 -0.387551 -0.041783
70.000000 15.000000 0.552518 -1.000000 -1.000000 0.554540
70.000000 16.000000 1.000000 -0.670264 -1.000000 1.000000
70.000000 17.000000 1.000000 -0.164842 -1.000000 1.000000
70.000000 18.000000 1.000000 -0.353684 -1.000000 1.000000
70.000000 19.000000 0.210687 -0.648467 -0.308441 -0.260006
70.000000 20.000000 -0.612430 -1.000000 -0.298311 -0.121598
70.000000 21.000000 -1.000000 -1.000000 0.323522 -0.743333
70.000000 22.000000 -1.000000 -1.000000 0.461868 -0.868835
70.000000 23.000000 -1.000000 -1.000000 0.427037 -0.835975
70.000000 24.000000 -1.000000 -1.000000 0.386979 -0.798810
70.000000 25.000000 -0.979534 -1.000000 0.281070 -0.699677
70.000000 26.000000 -0.750945 -1.000000 0.072415 -0.504293
70.000000 27.000000 -0.610650 -1.000000 -0.045866 -0.399171
70.000000 28.000000 -0.514285 -1.000000 -0.138450 -0.315012
70.000000 29.000000 -0.359114 -1.000000 -0.305011 -0.159071
70.000000 30.000000 -0.317946 -1.000000 -0.297125 -0.178989
70.000000 31.000000 -0.310447 -1.000000 -0.303910 -0.172020
70.000000 32.000000 -0.318627 -1.000000 -0.318407 -0.155331
70.000000 33.000000 -0.348801 -1.000000 -0.263606 -0.210075
70.000000 34.000000 -0.354130 -1.000000 -0.272171 -0.198348
70.000000 35.000000 -0.421057 -1.000000 -0.193566 -0.274333
70.000000 36.000000 -0.640469 -1.000000 -0.000059 -0.451934
70.000000 37.000000 -0.674794 -1.000000 0.003994 -0.445646
70.000000 38.000000 -0.704221 -1.000000 0.015883 -0.454437
70.000000 39.000000 -0.646815 -1.000000 -0.076995 -0.361799
70.000000 40.000000 -0.694273 -1.000000 0.021288 -0.464892
70.000000 41.000000 -0.754006 -1.000000 0.058283 -0.494670
70.000000 42.000000 -0.801542 -1.000000 0.083946 -0.514331
70.000000 43.000000 -0.883488 -1.000000 0.183363 -0.610271
70.000000 44.000000 -0.882182 -1.000000 0.162356 -0.585874
70.000000 45.000000 -0.939824 -1.000000 0.220144 -0.640876
70.000000 46.000000 -1.000000 -1.000000 0.315232 -0.727999
70.000000 47.000000 -1.000000 -1.000000 0.391329 -0.803303
70.000000 48.000000 -1.000000 -1.000000 0.420746 -0.830601
70.000000 49.000000 -1.000000 -1.000000 0.396227 -0.807250
71.000000 0.000000 -1.000000 -1.000000 0.728933 -1.000000
71.000000 1.000000 -1.000000 -1.000000 0.728933 -1.000000
71.000000 2.000000 -1.000000 -1.000000 0.728933 -1.000000
71.000000 3.000000 -1.000000 -1.000000 0.728933 -1.000000
71.000000 4.000000 -1.000000 -1.000000 0.715867 -1.000000
71.000000 5.000000 -1.000000 -1.000000 0.702789 -1.000000
71.000000 6.000000 -1.000000 -1.000000 0.701693 -1.000000
71.000000 7.000000 -1.000000 -1.000000 0.698062 -1.000000
71.000000 8.000000 -1.000000 -1.000000 0.683871 -1.000000
71.000000 9.000000 -1.000000 -1.000000 0.673306 -1.000000
71.000000 10.000000 -1.000000 -1.000000 0.650366 -1.000000
71.000000 11.000000 -1.000000 -1.000000 0.615340 -1.000000
71.000000 12.000000 -1.000000 -1.000000 0.499816 -0.903784
71.000000 13.000000 -0.852801 -1.000000 0.165852 -0.590971
71.000000 14.000000 -0.235553 -1.000000 -0.485306 0.034907
71.000000 15.000000 0.604708 -1.000000 -1.000000 0.562328
71.000000 16.000000 1.000000 -0.784731 -1.000000 0.920316
71.000000 17.000000 1.000000 -0.283603 -1.000000 1.000000
71.000000 18.000000 1.000000 -0.391695 -1.000000 0.680234
71.000000 19.000000 0.085833 -0.790561 -0.237289 -0.323491
71.000000 20.000000 -0.733669 -1.000000 -0.336820 -0.047413
71.000000 21.000000 -1.000000 -1.000000 0.363954 -0.782143
71.000000 22.000000 -1.000000 -1.000000 0.516367 -0.920013
71.000000 23.000000 -1.000000 -1.000000 0.515623 -0.918656
71.000000 24.000000 -1.000000 -1.000000 0.444753 -0.852323
71.000000 25.000000 -1.000000 -1.000000 0.359242 -0.772960
71.000000 26.000000 -1.000000 -1.000000 0.332954 -0.748571
71.000000 27.000000 -0.945942 -1.000000 0.249884 -0.670696
71.000000 28.000000 -0.937133 -1.000000 0.208325 -0.626724
71.000000 29.000000 -0.851521 -1.000000 0.094807 -0.514312
71.000000 30.000000 -0.774194 -1.000000 0.069769 -0.500497
71.000000 31.000000 -0.560287 -1.000000 -0.098776 -0.348703
71.000000 32.000000 -0.447657 -1.000000 -0.199010 -0.259644
71.000000 33.000000 -0.367575 -1.000000 -0.260954 -0.207194
71.000000 34.000000 -0.373066 -1.000000 -0.268539 -0.202100
71.000000 35.000000 -0.512270 -1.000000 -0.129570 -0.333898
71.000000 36.000000 -0.575935 -1.000000 -0.090403 -0.362241
71.000000 37.000000 -0.674272 -1.000000 -0.000620 -0.444547
71.000000 38.000000 -0.613794 -1.000000 -0.090185 -0.352123
71.000000 39.000000 -0.642537 -1.000000 -0.031069 -0.414933
71.000000 40.000000 -0.568652 -1.000000 -0.124117 -0.323052
71.000000 41.000000 -0.656857 -1.000000 -0.007885 -0.439908
71.000000 42.000000 -0.793681 -1.000000 0.102272 -0.537861
71.000000 43.000000 -0.834222 -1.000000 0.092739 -0.518580
71.000000 44.000000 -0.915769 -1.000000 0.166140 -0.586116
71.000000 45.000000 -0.957569 -1.000000 0.218758 -0.636984
71.000000 46.000000 -0.976401 -1.000000 0.233829 -0.649375
71.000000 47.000000 -0.995520 -1.000000 0.255028 -0.668843
71.000000 48.000000 -1.000000 -1.000000 0.158286 -0.535075
71.000000 49.000000 -0.923032 -1.000000 0.228392 -0.650871
72.000000 0.000000 -1.000000 -1.000000 0.728933 -1.000000
72.000000 1.000000 -1.000000 -1.000000 0.728933 -1.000000
72.000000 2.000000 -1.000000 -1.000000 0.728933 -1.000000
72.000000 3.000000 -1.000000 -1.000000 0.728933 -1.000000
72.000000 4.000000 -1.000000 -1.000000 0.728933 -1.000000
72.000000 5.000000 -1.000000 -1.000000 0.720588 -1.000000
72.000000 6.000000 -1.000000 -1.000000 0.690797 -1.000000
72.000000 7.000000 -1.000000 -1.000000 0.668226 -1.000000
72.000000 8.000000 -1.000000 -1.000000 0.588254 -0.985965
72.000000 9.000000 -1.000000 -1.000000 0.440891 -0.848906
72.000000 10.000000 -0.923718 -1.000000 0.229827 -0.651671
72.000000 11.000000 -0.460226 -1.000000 -0.298939 -0.136609
72.000000 12.000000 0.568675 -1.000000 -1.000000 0.601071
72.000000 13.000000 1.000000 -0.669602 -1.000000 1.000000
72.000000 14.000000 1.000000 -0.126220 -1.000000 1.000000
72.000000 15.000000 1.000000 -0.274706 -1.000000 1.000000
72.000000 16.000000 0.686732 -0.592325 -0.769090 0.161178
72.000000 17.000000 -0.323450 -1.000000 -0.258453 -0.238682
72.000000 18.000000 -1.000000 -1.000000 0.160924 -0.567781
72.000000 19.000000 -1.000000 -1.000000 0.457114 -0.865560
72.000000 20.000000 -1.000000 -1.000000 0.546617 -0.947736
72.000000 21.000000 -1.000000 -1.000000 0.490250 -0.894898
72.000000 22.000000 -1.000000 -1.000000 0.446795 -0.854353
72.000000 23.000000 -1.000000 -1.000000 0.408054 -0.818169
72.000000 24.000000 -1.000000 -1.000000 0.396588 -0.807749
72.000000 25.000000 -1.000000 -1.000000 0.382923 -0.794833
72.000000 26.000000 -1.000000 -1.000000 0.341855 -0.756531
72.000000 27.000000 -1.000000 -1.000000 0.360717 -0.774455
72.000000 28.000000 -0.979712 -1.000000 0.280689 -0.699690
72.000000 29.000000 -0.936493 -1.000000 0.242091 -0.663700
72.000000 30.000000 -0.909311 -1.000000 0.173705 -0.592733
72.000000 31.000000 -0.876695 -1.000000 0.156023 -0.578981
72.000000 32.000000 -0.786884 -1.000000 0.104115 -0.536033
72.000000 33.000000 -0.767886 -1.000000 0.077993 -0.511605
72.000000 34.000000 -0.701807 -1.000000 -0.037496 -0.395337
72.000000 35.000000 -0.765190 -1.000000 0.071525 -0.508227
72.000000 36.000000 -0.869222 -1.000000 0.144048 -0.570892
72.000000 37.000000 -0.927239 -1.000000 0.172176 -0.590272
72.000000 38.000000 -0.953402 -1.000000 0.210030 -0.627019
72.000000 39.000000 -0.876870 -1.000000 0.147485 -0.569256
72.000000 40.000000 -0.818902 -1.000000 0.094069 -0.520234
72.000000 41.000000 -0.743804 -1.000000 0.035037 -0.467806
72.000000 42.000000 -0.777372 -1.000000 0.078513 -0.512634
72.000000 43.000000 -0.771034 -1.000000 0.048369 -0.479363
72.000000 44.000000 -0.753778 -1.000000 0.040537 -0.473794
72.000000 45.000000 -0.788610 -1.000000 0.056433 -0.487436
72.000000 46.000000 -0.915449 -1.000000 0.181105 -0.604602
72.000000 47.000000 -0.995632 -1.000000 0.211332 -0.622581
72.000000 48.000000 -1.000000 -1.000000 -0.032518 -0.243664
72.000000 49.000000 -1.000000 -1.000000 0.406622 -0.817510
73.000000 0.000000 -1.000000 -1.000000 0.728933 -1.000000
73.000000 1.000000 -1.000000 -1.000000 0.728933 -1.000000
73.000000 2.000000 -1.000000 -1.000000 0.725308 -1.000000
73.000000 3.000000 -1.000000 -1.000000 0.724214 -1.000000
73.000000 4.000000 -1.000000 -1.000000 0.724214 -1.000000
73.000000 5.000000 -1.000000 -1.000000 0.709706 -1.000000
73.000000 6.000000 -1.000000 -1.000000 0.652564 -1.000000
73.000000 7.000000 -1.000000 -1.000000 0.439817 -0.847419
73.000000 8.000000 -0.814830 -1.000000 0.129365 -0.557894
73.000000 9.000000 -0.353590 -1.000000 -0.367225 -0.079471
73.000000 10.000000 0.559172 -1.000000 -1.000000 0.571352
73.000000 11.000000 1.000000 -0.772342 -1.000000 1.000000
73.000000 12.000000 1.000000 -0.147450 -1.000000 1.000000
73.000000 13.000000 1.000000 -0.276340 -1.000000 1.000000
73.000000 14.000000 0.786035 -0.557963 -0.856601 0.243774
73.000000 15.000000 -0.225175 -1.000000 -0.210532 -0.315702
73.000000 16.000000 -1.000000 -1.000000 -0.046451 -0.326928
73.000000 17.000000 -1.000000 -1.000000 0.450223 -0.859629
73.000000 18.000000 -1.000000 -1.000000 0.497633 -0.902111
73.000000 19.000000 -1.000000 -1.000000 0.474212 -0.880028
73.000000 20.000000 -1.000000 -1.000000 0.395117 -0.806258
73.000000 21.000000 -1.000000 -1.000000 0.358880 -0.772459
73.000000 22.000000 -0.966823 -1.000000 0.269191 -0.688691
73.000000 23.000000 -0.845446 -1.000000 0.158452 -0.585986
73.000000 24.000000 -0.825329 -1.000000 0.137509 -0.567127
73.000000 25.000000 -0.753157 -1.000000 0.056179 -0.489086
73.000000 26.000000 -0.683407 -1.000000 -0.031205 -0.405505
73.000000 27.000000 -0.653766 -1.000000 -0.025879 -0.417595
73.000000 28.000000 -0.579592 -1.000000 -0.115645 -0.330796
73.000000 29.000000 -0.456330 -1.000000 -0.215515 -0.242065
73.000000 30.000000 -0.603442 -1.000000 -0.043563 -0.412468
73.000000 31.000000 -0.671840 -1.000000 -0.011629 -0.432676
73.000000 32.000000 -0.843750 -1.000000 0.134139 -0.565577
73.000000 33.000000 -0.980750 -1.000000 0.183560 -0.595233
73.000000 34.000000 -1.000000 -1.000000 0.320929 -0.729931
73.000000 35.000000 -1.000000 -1.000000 0.352709 -0.766919
73.000000 36.000000 -1.000000 -1.000000 0.365164 -0.778431
73.000000 37.000000 -1.000000 -1.000000 0.347032 -0.761513
73.000000 38.000000 -0.963404 -1.000000 0.265848 -0.685697
73.000000 39.000000 -0.919761 -1.000000 0.199278 -0.619133
73.000000 40.000000 -0.846354 -1.000000 0.108464 -0.530700
73.000000 41.000000 -0.843068 -1.000000 0.131460 -0.558869
73.000000 42.000000 -0.811958 -1.000000 0.091822 -0.519473
73.000000 43.000000 -0.801014 -1.000000 0.088922 -0.519080
73.000000 44.000000 -0.900616 -1.000000 0.171679 -0.595532
73.000000 45.000000 -0.944858 -1.000000 0.189732 -0.606448
73.000000 46.000000 -0.985537 -1.000000 0.255808 -0.672505
73.000000 47.000000 -1.000000 -1.000000 0.338122 -0.753750
73.000000 48.000000 -1.000000 -1.000000 0.348560 -0.763187
73.000000 49.000000 -1.000000 -1.000000 0.391034 -0.802786
74.000000 0.000000 -1.000000 -1.000000 0.728933 -1.000000
74.000000 1.000000 -1.000000 -1.000000 0.725308 -1.000000
74.000000 2.000000 -1.000000 -1.000000 0.724214 -1.000000
74.000000 3.000000 -1.000000 -1.000000 0.724214 -1.000000
74.000000 4.000000 -1.000000 -1.000000 0.728933 -1.000000
74.000000 5.000000 -1.000000 -1.000000 0.728933 -1.000000
74.000000 6.000000 -1.000000 -1.000000 0.728933 -1.000000
74.000000 7.000000 -1.000000 -1.000000 0.728933 -1.000000
74.000000 8.000000 -1.000000 -1.000000 0.728933 -1.000000
74.000000 9.000000 -1.000000 -1.000000 0.728933 -1.000000
74.000000 10.000000 -1.000000 -1.000000 0.728933 -1.000000
74.000000 11.000000 -1.000000 -1.000000 0.728933 -1.000000
74.000000 12.000000 -1.000000 -1.000000 0.728933 -1.000000
74.000000 13.000000 -1.000000 -1.000000 0.728933 -1.000000
74.000000 14.000000 -1.000000 -1.000000 0.728933 -1.000000
74.000000 15.000000 -1.000000 -1.000000 0.728933 -1.000000
74.000000 16.000000 -1.000000 -1.000000 0.728933 -1.000000
74.000000 17.000000 -1.000000 -1.000000 0.728933 -1.000000
74.000000 18.000000 -1.000000 -1.000000 0.728933 -1.000000
74.000000 19.000000 -1.000000 -1.000000 0.728933 -1.000000
74.000000 20.000000 -1.000000 -1.000000 0.728933 -1.000000
74.000000 21.000000 -1.000000 -1.000000 0.728933 -1.000000
74.000000 22.000000 -1.000000 -1.000000 0.728933 -1.000000
74.000000 23.000000 -1.000000 -1.000000 0.728933 -1.000000
74.000000 24.000000 -1.000000 -1.000000 0.728933 -1.000000
74.000000 25.000000 -1.000000 -1.000000 0.728933 -1.000000
74.000000 26.000000 -1.000000 -1.000000 0.728933 -1.000000
74.000000 27.000000 -1.000000 -1.000000 0.728933 -1.000000
74.000000 28.000000 -1.000000 -1.000000 0.728933 -1.000000
74.000000 29.000000 -1.000000 -1.000000 0.728933 -1.000000
74.000000 30.000000 -1.000000 -1.000000 0.728933 -1.000000
74.000000 31.000000 -1.000000 -1.000000 0.728933 -1.000000
74.000000 32.000000 -1.000000 -1.000000 0.728933 -1.000000
74.000000 33.000000 -1.000000 -1.000000 0.728933 -1.000000
74.000000 34.000000 -1.000000 -1.000000 0.728933 -1.000000
74.000000 35.000000 -1.000000 -1.000000 0.728933 -1.000000
74.000000 36.000000 -1.000000 -1.000000 0.728933 -1.000000
74.000000 37.000000 -1.000000 -1.000000 0.728933 -1.000000
74.000000 38.000000 -1.000000 -1.000000 0.728933 -1.000000
74.000000 39.000000 -1.000000 -1.000000 0.728933 -1.000000
74.000000 40.000000 -1.000000 -1.000000 0.728933 -1.000000
74.000000 41.000000 -1.000000 -1.000000 0.728933 -1.000000
74.000000 42.000000 -1.000000 -1.000000 0.728933 -1.000000
74.000000 43.000000 -1.000000 -1.000000 0.728933 -1.000000
74.000000 44.000000 -1.000000 -1.000000 0.728933 -1.000000
74.000000 45.000000 -1.000000 -1.000000 0.728933 -1.000000
74.000000 46.000000 -1.000000 -1.000000 0.728933 -1.000000
74.000000 47.000000 -1.000000 -1.000000 0.728933 -1.000000
74.000000 48.000000 -1.000000 -1.000000 0.728933 -1.000000
74.000000 49.000000 -1.000000 -1.000000 0.728933 -1.000000
75.000000 0.000000 -1.000000 -1.000000 0.728933 -1.000000
75.000000 1.000000 -1.000000 -1.000000 0.728933 -1.000000
75.000000 2.000000 -1.000000 -1.000000 0.728933 -1.000000
75.000000 3.000000 -1.000000 -1.000000 0.724214 -1.000000
75.000000 4.000000 -1.000000 -1.000000 0.706419 -1.000000
75.000000 5.000000 -1.000000 -1.000000 0.705323 -1.000000
75.000000 6.000000 -1.000000 -1.000000 0.710048 -1.000000
75.000000 7.000000 -1.000000 -1.000000 0.690797 -1.000000
75.000000 8.000000 -1.000000 -1.000000 0.644523 -1.000000
75.000000 9.000000 -1.000000 -1.000000 0.541348 -0.942230
75.000000 10.000000 -1.000000 -1.000000 0.322977 -0.738588
75.000000 11.000000 -0.829623 -1.000000 0.142404 -0.570477
75.000000 12.000000 -0.218673 -1.000000 -0.476824 0.023014
75.000000 13.000000 0.921933 -1.000000 -1.000000 0.840337
75.000000 14.000000 1.000000 -0.305299 -1.000000 1.000000
75.000000 15.000000 1.000000 -0.194519 -1.000000 1.000000
75.000000 16.000000 1.000000 -0.463527 -1.000000 0.479255
75.000000 17.000000 -0.180189 -0.974031 -0.039409 -0.503830
75.000000 18.000000 -1.000000 -1.000000 -0.213857 -0.120542
75.000000 19.000000 -1.000000 -1.000000 0.471881 -0.880724
75.000000 20.000000 -1.000000 -1.000000 0.573915 -0.973538
75.000000 21.000000 -1.000000 -1.000000 0.604819 -1.000000
75.000000 22.000000 -1.000000 -1.000000 0.566998 -0.966323
75.000000 23.000000 -1.000000 -1.000000 0.478109 -0.883537
75.000000 24.000000 -1.000000 -1.000000 0.433877 -0.842467
75.000000 25.000000 -1.000000 -1.000000 0.383284 -0.795332
75.000000 26.000000 -1.000000 -1.000000 0.367388 -0.780418
75.000000 27.000000 -1.000000 -1.000000 0.345192 -0.759516
75.000000 28.000000 -1.000000 -1.000000 0.358130 -0.771966
75.000000 29.000000 -1.000000 -1.000000 0.330384 -0.745567
75.000000 30.000000 -0.838113 -1.000000 0.150964 -0.577976
75.000000 31.000000 -0.670814 -1.000000 -0.002548 -0.435854
75.000000 32.000000 -0.496271 -1.000000 -0.169496 -0.282397
75.000000 33.000000 -0.347887 -1.000000 -0.273638 -0.194301
75.000000 34.000000 -0.338397 -1.000000 -0.281677 -0.192453
75.000000 35.000000 -0.405462 -1.000000 -0.232720 -0.237325
75.000000 36.000000 -0.631122 -1.000000 -0.028061 -0.425864
75.000000 37.000000 -0.777642 -1.000000 0.063085 -0.498194
75.000000 38.000000 -0.874325 -1.000000 0.132349 -0.557267
75.000000 39.000000 -0.878258 -1.000000 0.132021 -0.553832
75.000000 40.000000 -0.818079 -1.000000 0.075794 -0.500556
75.000000 41.000000 -0.773064 -1.000000 0.078272 -0.511381
75.000000 42.000000 -0.739529 -1.000000 0.054898 -0.491305
75.000000 43.000000 -0.727227 -1.000000 0.024182 -0.459753
75.000000 44.000000 -0.673385 -1.000000 -0.028505 -0.411170
75.000000 45.000000 -0.721135 -1.000000 0.036205 -0.476327
75.000000 46.000000 -0.864895 -1.000000 0.142065 -0.570286
75.000000 47.000000 -0.930352 -1.000000 0.137620 -0.552062
75.000000 48.000000 -1.000000 -1.000000 0.334274 -0.748246
75.000000 49.000000 -1.000000 -1.000000 0.382798 -0.795733
76.000000 0.000000 -1.000000 -1.000000 0.728933 -1.000000
76.000000 1.000000 -1.000000 -1.000000 0.728933 -1.000000
76.000000 2.000000 -1.000000 -1.000000 0.728933 -1.000000
76.000000 3.000000 -1.000000 -1.000000 0.724214 -1.000000
76.000000 4.000000 -1.000000 -1.000000 0.724214 -1.000000
76.000000 5.000000 -1.000000 -1.000000 0.715867 -1.000000
76.000000 6.000000 -1.000000 -1.000000 0.710048 -1.000000
76.000000 7.000000 -1.000000 -1.000000 0.705323 -1.000000
76.000000 8.000000 -1.000000 -1.000000 0.690797 -1.000000
76.000000 9.000000 -1.000000 -1.000000 0.692236 -1.000000
76.000000 10.000000 -1.000000 -1.000000 0.678041 -1.000000
76.000000 11.000000 -1.000000 -1.000000 0.650366 -1.000000
76.000000 12.000000 -1.000000 -1.000000 0.615688 -1.000000
76.000000 13.000000 -1.000000 -1.000000 0.506456 -0.909708
76.000000 14.000000 -1.000000 -1.000000 0.384034 -0.795826
76.000000 15.000000 -0.778139 -1.000000 0.096931 -0.526660
76.000000 16.000000 0.128942 -1.000000 -0.806643 0.337363
76.000000 17.000000 1.000000 -0.999252 -1.000000 1.000000
76.000000 18.000000 1.000000 -0.006930 -1.000000 1.000000
76.000000 19.000000 1.000000 -0.146266 -1.000000 1.000000
76.000000 20.000000 1.000000 -0.490821 -1.000000 0.664720
76.000000 21.000000 -0.218403 -0.938520 0.015178 -0.553824
76.000000 22.000000 -0.950690 -1.000000 -0.076496 -0.307002
76.000000 23.000000 -1.000000 -1.000000 0.490987 -0.897955
76.000000 24.000000 -1.000000 -1.000000 0.569672 -0.969414
76.000000 25.000000 -1.000000 -1.000000 0.570886 -0.969887
76.000000 26.000000 -1.000000 -1.000000 0.549565 -0.950052
76.000000 27.000000 -1.000000 -1.000000 0.500922 -0.904772
76.000000 28.000000 -1.000000 -1.000000 0.495388 -0.899834
76.000000 29.000000 -1.000000 -1.000000 0.437205 -0.845439
76.000000 30.000000 -1.000000 -1.000000 0.306659 -0.723637
76.000000 31.000000 -0.895941 -1.000000 0.203802 -0.627647
76.000000 32.000000 -0.788798 -1.000000 0.101977 -0.533027
76.000000 33.000000 -0.761737 -1.000000 0.070686 -0.504283
76.000000 34.000000 -0.762431 -1.000000 0.061201 -0.494890
76.000000 35.000000 -0.736112 -1.000000 0.018658 -0.452617
76.000000 36.000000 -0.666739 -1.000000 -0.030398 -0.409705
76.000000 37.000000 -0.676728 -1.000000 -0.020313 -0.421473
76.000000 38.000000 -0.672340 -1.000000 -0.027908 -0.413841
76.000000 39.000000 -0.717075 -1.000000 0.013944 -0.453274
76.000000 40.000000 -0.896851 -1.000000 0.170483 -0.597442
76.000000 41.000000 -0.974543 -1.000000 0.199462 -0.613206
76.000000 42.000000 -1.000000 -1.000000 0.153013 -0.531485
76.000000 43.000000 -0.999189 -1.000000 0.298317 -0.716349
76.000000 44.000000 -1.000000 -1.000000 0.323974 -0.740248
76.000000 45.000000 -1.000000 -1.000000 0.325815 -0.741818
76.000000 46.000000 -1.000000 -1.000000 0.345919 -0.760519
76.000000 47.000000 -1.000000 -1.000000 0.355543 -0.769477
76.000000 48.000000 -1.000000 -1.000000 0.366638 -0.779925
76.000000 49.000000 -1.000000 -1.000000 0.364415 -0.777937
77.000000 0.000000 -1.000000 -1.000000 0.728933 -1.000000
77.000000 1.000000 -1.000000 -1.000000 0.728933 -1.000000
77.000000 2.000000 -1.000000 -1.000000 0.728933 -1.000000
77.000000 3.000000 -1.000000 -1.000000 0.725308 -1.000000
77.000000 4.000000 -1.000000 -1.000000 0.720588 -1.000000
77.000000 5.000000 -1.000000 -1.000000 0.715867 -1.000000
77.000000 6.000000 -1.000000 -1.000000 0.715867 -1.000000
77.000000 7.000000 -1.000000 -1.000000 0.704981 -1.000000
77.000000 8.000000 -1.000000 -1.000000 0.631386 -1.000000
77.000000 9.000000 -1.000000 -1.000000 0.578382 -0.976643
77.000000 10.000000 -1.000000 -1.000000 0.463388 -0.869694
77.000000 11.000000 -1.000000 -1.000000 0.356656 -0.770471
77.000000 12.000000 -0.934651 -1.000000 0.240234 -0.661170
77.000000 13.000000 -0.552538 -1.000000 -0.179312 -0.255157
77.000000 14.000000 0.220052 -1.000000 -0.813044 0.320235
77.000000 15.000000 1.000000 -1.000000 -1.000000 0.988797
77.000000 16.000000 1.000000 -0.171162 -1.000000 1.000000
77.000000 17.000000 1.000000 -0.257757 -1.000000 1.000000
77.000000 18.000000 0.755410 -0.540845 -0.820570 0.209883
77.000000 19.000000 -0.164080 -1.000000 -0.272734 -0.258398
77.000000 20.000000 -0.920153 -1.000000 -0.063018 -0.328875
77.000000 21.000000 -1.000000 -1.000000 0.402949 -0.816258
77.000000 22.000000 -1.000000 -1.000000 0.533993 -0.936122
77.000000 23.000000 -1.000000 -1.000000 0.529105 -0.931123
77.000000 24.000000 -1.000000 -1.000000 0.549032 -0.949607
77.000000 25.000000 -1.000000 -1.000000 0.558569 -0.958460
77.000000 26.000000 -1.000000 -1.000000 0.546823 -0.947638
77.000000 27.000000 -1.000000 -1.000000 0.467426 -0.873650
77.000000 28.000000 -1.000000 -1.000000 0.378116 -0.790360
77.000000 29.000000 -1.000000 -1.000000 0.343331 -0.758028
77.000000 30.000000 -1.000000 -1.000000 0.300725 -0.718151
77.000000 31.000000 -0.916868 -1.000000 0.223134 -0.645676
77.000000 32.000000 -0.804997 -1.000000 0.101741 -0.529759
77.000000 33.000000 -0.523576 -1.000000 -0.143220 -0.304006
77.000000 34.000000 -0.462809 -1.000000 -0.165090 -0.295026
77.000000 35.000000 -0.373824 -1.000000 -0.278699 -0.187400
77.000000 36.000000 -0.335663 -1.000000 -0.294233 -0.178343
77.000000 37.000000 -0.602547 -1.000000 -0.037380 -0.421976
77.000000 38.000000 -0.768346 -1.000000 0.060594 -0.497694
77.000000 39.000000 -0.932807 -1.000000 0.217334 -0.641827
77.000000 40.000000 -0.997181 -1.000000 0.186126 -0.592944
77.000000 41.000000 -1.000000 -1.000000 -0.001065 -0.358335
77.000000 42.000000 -0.960257 -1.000000 0.262560 -0.682884
77.000000 43.000000 -1.000000 -1.000000 0.312825 -0.730210
77.000000 44.000000 -1.000000 -1.000000 0.345919 -0.760519
77.000000 45.000000 -1.000000 -1.000000 0.373670 -0.786386
77.000000 46.000000 -1.000000 -1.000000 0.371835 -0.784393
77.000000 47.000000 -1.000000 -1.000000 0.376255 -0.788873
77.000000 48.000000 -1.000000 -1.000000 0.367388 -0.780418
77.000000 49.000000 -0.977915 -1.000000 0.279208 -0.698187
78.000000 0.000000 -1.000000 -1.000000 0.728933 -1.000000
78.000000 1.000000 -1.000000 -1.000000 0.728933 -1.000000
78.000000 2.000000 -1.000000 -1.000000 0.728933 -1.000000
78.000000 3.000000 -1.000000 -1.000000 0.728933 -1.000000
78.000000 4.000000 -1.000000 -1.000000 0.724214 -1.000000
78.000000 5.000000 -1.000000 -1.000000 0.690454 -1.000000
78.000000 6.000000 -1.000000 -1.000000 0.635033 -1.000000
78.000000 7.000000 -1.000000 -1.000000 0.599221 -0.996262
78.000000 8.000000 -1.000000 -1.000000 0.542805 -0.943705
78.000000 9.000000 -1.000000 -1.000000 0.474074 -0.879584
78.000000 10.000000 -0.963884 -1.000000 0.266595 -0.686189
78.000000 11.000000 -0.760965 -1.000000 -0.045952 -0.369235
78.000000 12.000000 0.430574 -1.000000 -1.000000 0.551470
78.000000 13.000000 1.000000 -0.665451 -1.000000 1.000000
78.000000 14.000000 1.000000 0.046775 -1.000000 1.000000
78.000000 15.000000 1.000000 -0.155186 -1.000000 1.000000
78.000000 16.000000 1.000000 -0.520032 -1.000000 0.766878
78.000000 17.000000 -0.239756 -0.924653 0.041760 -0.579759
78.000000 18.000000 -0.954316 -1.000000 0.074481 -0.481196
78.000000 19.000000 -1.000000 -1.000000 0.523066 -0.927341
78.000000 20.000000 -1.000000 -1.000000 0.600994 -0.998267
78.000000 21.000000 -1.000000 -1.000000 0.611283 -1.000000
78.000000 22.000000 -1.000000 -1.000000 0.633932 -1.000000
78.000000 23.000000 -1.000000 -1.000000 0.608732 -1.000000
78.000000 24.000000 -1.000000 -1.000000 0.593362 -0.990866
78.000000 25.000000 -1.000000 -1.000000 0.538738 -0.940254
78.000000 26.000000 -1.000000 -1.000000 0.572113 -0.971232
78.000000 27.000000 -1.000000 -1.000000 0.630285 -1.000000
78.000000 28.000000 -1.000000 -1.000000 0.612384 -1.000000
78.000000 29.000000 -1.000000 -1.000000 0.560024 -0.959932
78.000000 30.000000 -1.000000 -1.000000 0.531402 -0.933362
78.000000 31.000000 -1.000000 -1.000000 0.510085 -0.913648
78.000000 32.000000 -1.000000 -1.000000 0.505704 -0.909212
78.000000 33.000000 -1.000000 -1.000000 0.446043 -0.853858
78.000000 34.000000 -1.000000 -1.000000 0.433126 -0.841972
78.000000 35.000000 -1.000000 -1.000000 0.469642 -0.875628
78.000000 36.000000 -1.000000 -1.000000 0.438673 -0.846925
78.000000 37.000000 -1.000000 -1.000000 0.448261 -0.855839
78.000000 38.000000 -1.000000 -1.000000 0.399170 -0.810232
78.000000 39.000000 -1.000000 -1.000000 0.453411 -0.860788
78.000000 40.000000 -1.000000 -1.000000 0.510837 -0.914143
78.000000 41.000000 -1.000000 -1.000000 0.478109 -0.883537
78.000000 42.000000 -1.000000 -1.000000 0.384395 -0.796325
78.000000 43.000000 -1.000000 -1.000000 0.329635 -0.745073
78.000000 44.000000 -1.000000 -1.000000 0.357018 -0.770972
78.000000 45.000000 -1.000000 -1.000000 0.361079 -0.774955
78.000000 46.000000 -1.000000 -1.000000 0.395838 -0.807254
78.000000 47.000000 -1.000000 -1.000000 0.386618 -0.798311
78.000000 48.000000 -1.000000 -1.000000 0.417624 -0.827598
78.000000 49.000000 -1.000000 -1.000000 0.465209 -0.871672
79.000000 0.000000 -1.000000 -1.000000 0.728933 -1.000000
79.000000 1.000000 -1.000000 -1.000000 0.728933 -1.000000
79.000000 2.000000 -1.000000 -1.000000 0.728933 -1.000000
79.000000 3.000000 -1.000000 -1.000000 0.728933 -1.000000
79.000000 4.000000 -1.000000 -1.000000 0.724214 -1.000000
79.000000 5.000000 -1.000000 -1.000000 0.724214 -1.000000
79.000000 6.000000 -1.000000 -1.000000 0.725308 -1.000000
79.000000 7.000000 -1.000000 -1.000000 0.724214 -1.000000
79.000000 8.000000 -1.000000 -1.000000 0.704981 -1.000000
79.000000 9.000000 -1.000000 -1.000000 0.683528 -1.000000
79.000000 10.000000 -1.000000 -1.000000 0.626637 -1.000000
79.000000 11.000000 -1.000000 -1.000000 0.534718 -0.936318
79.000000 12.000000 -1.000000 -1.000000 0.314837 -0.730599
79.000000 13.000000 -0.660172 -1.000000 -0.012349 -0.424943
79.000000 14.000000 0.166201 -1.000000 -0.828736 0.351717
79.000000 15.000000 1.000000 -1.000000 -1.000000 1.000000
79.000000 16.000000 1.000000 -0.073260 -1.000000 1.000000
79.000000 17.000000 1.000000 -0.224539 -1.000000 1.000000
79.000000 18.000000 0.951878 -0.540589 -1.000000 0.391237
79.000000 19.000000 -0.223003 -1.000000 -0.040421 -0.498518
79.000000 20.000000 -0.961081 -1.000000 -0.028770 -0.360163
79.000000 21.000000 -1.000000 -1.000000 0.527465 -0.931431
79.000000 22.000000 -1.000000 -1.000000 0.620581 -1.000000
79.000000 23.000000 -1.000000 -1.000000 0.638944 -1.000000
79.000000 24.000000 -1.000000 -1.000000 0.561881 -0.961412
79.000000 25.000000 -1.000000 -1.000000 0.506412 -0.910196
79.000000 26.000000 -1.000000 -1.000000 0.530297 -0.932376
79.000000 27.000000 -1.000000 -1.000000 0.517474 -0.920063
79.000000 28.000000 -1.000000 -1.000000 0.428363 -0.837014
79.000000 29.000000 -1.000000 -1.000000 0.317775 -0.734112
79.000000 30.000000 -0.936155 -1.000000 0.240595 -0.662201
79.000000 31.000000 -0.870731 -1.000000 0.168622 -0.593441
79.000000 32.000000 -0.783114 -1.000000 0.088681 -0.519479
79.000000 33.000000 -0.748849 -1.000000 0.059998 -0.495020
79.000000 34.000000 -0.731906 -1.000000 0.035968 -0.471958
79.000000 35.000000 -0.762557 -1.000000 0.073586 -0.508684
79.000000 36.000000 -0.780429 -1.000000 0.057793 -0.488301
79.000000 37.000000 -0.648179 -1.000000 -0.083813 -0.352623
79.000000 38.000000 -0.589725 -1.000000 -0.084471 -0.364142
79.000000 39.000000 -0.560372 -1.000000 -0.114600 -0.336848
79.000000 40.000000 -0.580500 -1.000000 -0.113188 -0.337244
79.000000 41.000000 -0.589747 -1.000000 -0.088794 -0.361857
79.000000 42.000000 -0.667292 -1.000000 -0.009415 -0.436326
79.000000 43.000000 -0.716682 -1.000000 0.004582 -0.442369
79.000000 44.000000 -0.757889 -1.000000 0.066573 -0.503503
79.000000 45.000000 -0.887203 -1.000000 0.165132 -0.590849
79.000000 46.000000 -1.000000 -1.000000 0.256292 -0.666969
79.000000 47.000000 -1.000000 -1.000000 0.350920 -0.766103
79.000000 48.000000 -1.000000 -1.000000 0.403466 -0.814483
79.000000 49.000000 -1.000000 -1.000000 0.369181 -0.782313
80.000000 0.000000 -1.000000 -1.000000 0.728933 -1.000000
80.000000 1.000000 -1.000000 -1.000000 0.728933 -1.000000
80.000000 2.000000 -1.000000 -1.000000 0.728933 -1.000000
80.000000 3.000000 -1.000000 -1.000000 0.725308 -1.000000
80.000000 4.000000 -1.000000 -1.000000 0.716962 -1.000000
80.000000 5.000000 -1.000000 -1.000000 0.702789 -1.000000
80.000000 6.000000 -1.000000 -1.000000 0.693333 -1.000000
80.000000 7.000000 -1.000000 -1.000000 0.687506 -1.000000
80.000000 8.000000 -1.000000 -1.000000 0.634686 -1.000000
80.000000 9.000000 -1.000000 -1.000000 0.454556 -0.861283
80.000000 10.000000 -1.000000 -1.000000 0.301473 -0.718643
80.000000 11.000000 -0.713562 -1.000000 0.036537 -0.470832
80.000000 12.000000 0.056232 -1.000000 -0.705624 0.232221
80.000000 13.000000 0.920114 -1.000000 -1.000000 0.744186
80.000000 14.000000 1.000000 -0.404766 -1.000000 1.000000
80.000000 15.000000 1.000000 -0.196312 -1.000000 1.000000
80.000000 16.000000 1.000000 -0.428866 -1.000000 0.677593
80.000000 17.000000 -0.067716 -0.849417 -0.102848 -0.447189
80.000000 18.000000 -0.872740 -1.000000 -0.085045 -0.314662
80.000000 19.000000 -1.000000 -1.000000 0.463383 -0.872651
80.000000 20.000000 -1.000000 -1.000000 0.546104 -0.947515
80.000000 21.000000 -1.000000 -1.000000 0.568147 -0.967476
80.000000 22.000000 -1.000000 -1.000000 0.525169 -0.927452
80.000000 23.000000 -1.000000 -1.000000 0.432051 -0.840484
80.000000 24.000000 -1.000000 -1.000000 0.346668 -0.761012
80.000000 25.000000 -0.924562 -1.000000 0.229820 -0.652196
80.000000 26.000000 -0.942397 -1.000000 0.237869 -0.659013
80.000000 27.000000 -0.897671 -1.000000 0.175099 -0.596339
80.000000 28.000000 -0.856167 -1.000000 0.140075 -0.564995
80.000000 29.000000 -0.749901 -1.000000 0.051464 -0.483630
80.000000 30.000000 -0.683336 -1.000000 0.009517 -0.449380
80.000000 31.000000 -0.540709 -1.000000 -0.136835 -0.311450
80.000000 32.000000 -0.352221 -1.000000 -0.287288 -0.178020
80.000000 33.000000 -0.475255 -1.000000 -0.147766 -0.319625
80.000000 34.000000 -0.569558 -1.000000 -0.093868 -0.359825
80.000000 35.000000 -0.623360 -1.000000 -0.060760 -0.386211
80.000000 36.000000 -0.650859 -1.000000 -0.025600 -0.418986
80.000000 37.000000 -0.721345 -1.000000 0.026080 -0.464822
80.000000 38.000000 -0.784299 -1.000000 0.074562 -0.507587
80.000000 39.000000 -0.804894 -1.000000 0.072673 -0.501153
80.000000 40.000000 -0.837913 -1.000000 0.095064 -0.520682
80.000000 41.000000 -0.790092 -1.000000 0.066044 -0.495075
80.000000 42.000000 -0.763820 -1.000000 0.053369 -0.486729
80.000000 43.000000 -0.780860 -1.000000 0.088346 -0.522727
80.000000 44.000000 -0.862082 -1.000000 0.143341 -0.569713
80.000000 45.000000 -0.932701 -1.000000 0.206659 -0.627829
80.000000 46.000000 -1.000000 -1.000000 0.241946 -0.645415
80.000000 47.000000 -1.000000 -1.000000 0.405541 -0.816414
80.000000 48.000000 -1.000000 -1.000000 0.467572 -0.874171
80.000000 49.000000 -1.000000 -1.000000 0.518181 -0.921045
81.000000 0.000000 -1.000000 -1.000000 0.728933 -1.000000
81.000000 1.000000 -1.000000 -1.000000 0.728933 -1.000000
81.000000 2.000000 -1.000000 -1.000000 0.725308 -1.000000
81.000000 3.000000 -1.000000 -1.000000 0.724214 -1.000000
81.000000 4.000000 -1.000000 -1.000000 0.724214 -1.000000
81.000000 5.000000 -1.000000 -1.000000 0.728933 -1.000000
81.000000 6.000000 -1.000000 -1.000000 0.728933 -1.000000
81.000000 7.000000 -1.000000 -1.000000 0.728933 -1.000000
81.000000 8.000000 -1.000000 -1.000000 0.728933 -1.000000
81.000000 9.000000 -1.000000 -1.000000 0.728933 -1.000000
81.000000 10.000000 -1.000000 -1.000000 0.728933 -1.000000
81.000000 11.000000 -1.000000 -1.000000 0.728933 -1.000000
81.000000 12.000000 -1.000000 -1.000000 0.728933 -1.000000
81.000000 13.000000 -1.000000 -1.000000 0.728933 -1.000000
81.000000 14.000000 -1.000000 -1.000000 0.728933 -1.000000
81.000000 15.000000 -1.000000 -1.000000 0.728933 -1.000000
81.000000 16.000000 -1.000000 -1.000000 0.728933 -1.000000
81.000000 17.000000 -1.000000 -1.000000 0.728933 -1.000000
81.000000 18.000000 -1.000000 -1.000000 0.728933 -1.000000
81.000000 19.000000 -1.000000 -1.000000 0.728933 -1.000000
81.000000 20.000000 -1.000000 -1.000000 0.728933 -1.000000
81.000000 21.000000 -1.000000 -1.000000 0.728933 -1.000000
81.000000 22.000000 -1.000000 -1.000000 0.728933 -1.000000
81.000000 23.000000 -1.000000 -1.000000 0.728933 -1.000000
81.000000 24.000000 -1.000000 -1.000000 0.728933 -1.000000
81.000000 25.000000 -1.000000 -1.000000 0.728933 -1.000000
81.000000 26.000000 -1.000000 -1.000000 0.728933 -1.000000
81.000000 27.000000 -1.000000 -1.000000 0.728933 -1.000000
81.000000 28.000000 -1.000000 -1.000000 0.728933 -1.000000
81.000000 29.000000 -1.000000 -1.000000 0.728933 -1.000000
81.000000 30.000000 -1.000000 -1.000000 0.728933 -1.000000
81.000000 31.000000 -1.000000 -1.000000 0.728933 -1.000000
81.000000 32.000000 -1.000000 -1.000000 0.728933 -1.000000
81.000000 33.000000 -1.000000 -1.000000 0.728933 -1.000000
81.000000 34.000000 -1.000000 -1.000000 0.728933 -1.000000
81.000000 35.000000 -1.000000 -1.000000 0.728933 -1.000000
81.000000 36.000000 -1.000000 -1.000000 0.728933 -1.000000
81.000000 37.000000 -1.000000 -1.000000 0.728933 -1.000000
81.000000 38.000000 -1.000000 -1.000000 0.728933 -1.000000
81.000000 39.000000 -1.000000 -1.000000 0.728933 -1.000000
81.000000 40.000000 -1.000000 -1.000000 0.728933 -1.000000
81.000000 41.000000 -1.000000 -1.000000 0.728933 -1.000000
81.000000 42.000000 -1.000000 -1.000000 0.728933 -1.000000
81.000000 43.000000 -1.000000 -1.000000 0.728933 -1.000000
81.000000 44.000000 -1.000000 -1.000000 0.728933 -1.000000
81.000000 45.000000 -1.000000 -1.000000 0.728933 -1.000000
81.000000 46.000000 -1.000000 -1.000000 0.728933 -1.000000
81.000000 47.000000 -1.000000 -1.000000 0.728933 -1.000000
81.000000 48.000000 -1.000000 -1.000000 0.728933 -1.000000
81.000000 49.000000 -1.000000 -1.000000 0.728933 -1.000000
82.000000 0.000000 -1.000000 -1.000000 0.728933 -1.000000
82.000000 1.000000 -1.000000 -1.000000 0.728933 -1.000000
82.000000 2.000000 -1.000000 -1.000000 0.728933 -1.000000
82.000000 3.000000 -1.000000 -1.000000 0.728933 -1.000000
82.000000 4.000000 -1.000000 -1.000000 0.724214 -1.000000
82.000000 5.000000 -1.000000 -1.000000 0.713335 -1.000000
82.000000 6.000000 -1.000000 -1.000000 0.676600 -1.000000
82.000000 7.000000 -1.000000 -1.000000 0.663833 -1.000000
82.000000 8.000000 -1.000000 -1.000000 0.689700 -1.000000
82.000000 9.000000 -1.000000 -1.000000 0.659094 -1.000000
82.000000 10.000000 -1.000000 -1.000000 0.610935 -1.000000
82.000000 11.000000 -1.000000 -1.000000 0.559673 -0.959444
82.000000 12.000000 -1.000000 -1.000000 0.453448 -0.860293
82.000000 13.000000 -0.763508 -1.000000 0.083508 -0.514079
82.000000 14.000000 -0.090998 -1.000000 -0.600066 0.137655
82.000000 15.000000 0.577513 -1.000000 -1.000000 0.493828
82.000000 16.000000 1.000000 -0.851415 -1.000000 0.986808
82.000000 17.000000 1.000000 -0.302284 -1.000000 0.717942
82.000000 18.000000 1.000000 -0.539723 -1.000000 0.622021
82.000000 19.000000 0.108619 -0.838044 -0.278416 -0.285833
82.000000 20.000000 -0.612104 -1.000000 -0.433024 0.037639
82.000000 21.000000 -0.942844 -1.000000 0.261648 -0.692041
82.000000 22.000000 -1.000000 -1.000000 -0.154660 -0.128761
82.000000 23.000000 -0.915084 -1.000000 0.220065 -0.643726
82.000000 24.000000 -0.858315 -1.000000 0.172704 -0.600386
82.000000 25.000000 -0.829706 -1.000000 0.150406 -0.580558
82.000000 26.000000 -0.809677 -1.000000 0.111381 -0.540583
82.000000 27.000000 -0.674407 -1.000000 -0.020235 -0.417039
82.000000 28.000000 -0.435685 -1.000000 -0.225592 -0.229570
82.000000 29.000000 -0.341672 -1.000000 -0.269720 -0.201418
82.000000 30.000000 -0.360938 -1.000000 -0.262298 -0.209853
82.000000 31.000000 -0.525819 -1.000000 -0.114300 -0.347375
82.000000 32.000000 -0.617859 -1.000000 -0.060149 -0.388165
82.000000 33.000000 -0.679350 -1.000000 -0.007268 -0.435191
82.000000 34.000000 -0.686802 -1.000000 -0.000174 -0.440744
82.000000 35.000000 -0.697684 -1.000000 -0.001224 -0.437811
82.000000 36.000000 -0.693459 -1.000000 -0.018679 -0.419914
82.000000 37.000000 -0.743215 -1.000000 0.039887 -0.477112
82.000000 38.000000 -0.775174 -1.000000 0.070264 -0.504385
82.000000 39.000000 -0.886887 -1.000000 0.179674 -0.606839
82.000000 40.000000 -0.971070 -1.000000 0.176028 -0.587288
82.000000 41.000000 -1.000000 -1.000000 0.073270 -0.444388
82.000000 42.000000 -0.990604 -1.000000 0.289480 -0.708649
82.000000 43.000000 -1.000000 -1.000000 0.314531 -0.731526
82.000000 44.000000 -0.994583 -1.000000 0.294390 -0.712467
82.000000 45.000000 -0.982692 -1.000000 0.283879 -0.702608
82.000000 46.000000 -1.000000 -1.000000 0.300618 -0.718714
82.000000 47.000000 -0.974319 -1.000000 0.276245 -0.695182
82.000000 48.000000 -0.919617 -1.000000 0.226640 -0.649439
82.000000 49.000000 -0.973392 -1.000000 0.278771 -0.699413
83.000000 0.000000 -1.000000 -1.000000 0.728933 -1.000000
83.000000 1.000000 -1.000000 -1.000000 0.728933 -1.000000
83.000000 2.000000 -1.000000 -1.000000 0.728933 -1.000000
83.000000 3.000000 -1.000000 -1.000000 0.720588 -1.000000
83.000000 4.000000 -1.000000 -1.000000 0.719493 -1.000000
83.000000 5.000000 -1.000000 -1.000000 0.720588 -1.000000
83.000000 6.000000 -1.000000 -1.000000 0.680990 -1.000000
83.000000 7.000000 -1.000000 -1.000000 0.550538 -0.950599
83.000000 8.000000 -1.000000 -1.000000 0.328907 -0.744069
83.000000 9.000000 -0.664769 -1.000000 -0.007878 -0.428962
83.000000 10.000000 0.011045 -1.000000 -0.663639 0.190541
83.000000 11.000000 1.000000 -1.000000 -1.000000 1.000000
83.000000 12.000000 1.000000 -0.055136 -1.000000 1.000000
83.000000 13.000000 1.000000 -0.080283 -1.000000 1.000000
83.000000 14.000000 1.000000 -0.395909 -1.000000 1.000000
83.000000 15.000000 0.262248 -0.706093 -0.380483 -0.194190
83.000000 16.000000 -0.674236 -1.000000 -0.182044 -0.243824
83.000000 17.000000 -1.000000 -1.000000 0.445975 -0.857523
83.000000 18.000000 -1.000000 -1.000000 0.584223 -0.982891
83.000000 19.000000 -1.000000 -1.000000 0.565284 -0.964704
83.000000 20.000000 -1.000000 -1.000000 0.542053 -0.943209
83.000000 21.000000 -1.000000 -1.000000 0.536928 -0.938289
83.000000 22.000000 -1.000000 -1.000000 0.534718 -0.936318
83.000000 23.000000 -1.000000 -1.000000 0.529944 -0.931886
83.000000 24.000000 -1.000000 -1.000000 0.490250 -0.894898
83.000000 25.000000 -1.000000 -1.000000 0.423565 -0.832553
83.000000 26.000000 -1.000000 -1.000000 0.340742 -0.755536
83.000000 27.000000 -0.964063 -1.000000 0.266215 -0.686203
83.000000 28.000000 -0.875667 -1.000000 0.186953 -0.612293
83.000000 29.000000 -0.772994 -1.000000 0.090751 -0.523309
83.000000 30.000000 -0.706189 -1.000000 -0.009361 -0.425261
83.000000 31.000000 -0.691619 -1.000000 0.014817 -0.456276
83.000000 32.000000 -0.656921 -1.000000 -0.057785 -0.381734
83.000000 33.000000 -0.667885 -1.000000 -0.017069 -0.426895
83.000000 34.000000 -0.724553 -1.000000 0.037728 -0.478100
83.000000 35.000000 -0.878790 -1.000000 0.157551 -0.584688
83.000000 36.000000 -0.918261 -1.000000 0.159892 -0.577787
83.000000 37.000000 -0.916488 -1.000000 0.172182 -0.590767
83.000000 38.000000 -0.860637 -1.000000 0.143678 -0.568279
83.000000 39.000000 -0.837096 -1.000000 0.127318 -0.554792
83.000000 40.000000 -0.834696 -1.000000 0.114011 -0.540493
83.000000 41.000000 -0.903327 -1.000000 0.201733 -0.627046
83.000000 42.000000 -0.986499 -1.000000 0.205823 -0.616868
83.000000 43.000000 -1.000000 -1.000000 0.190888 -0.592631
83.000000 44.000000 -1.000000 -1.000000 0.313174 -0.730340
83.000000 45.000000 -1.000000 -1.000000 0.359657 -0.773638
83.000000 46.000000 -1.000000 -1.000000 0.368137 -0.780912
83.000000 47.000000 -1.000000 -1.000000 0.309617 -0.726636
83.000000 48.000000 -1.000000 -1.000000 0.302204 -0.719651
83.000000 49.000000 -0.965683 -1.000000 0.268077 -0.687693
84.000000 0.000000 -1.000000 -1.000000 0.728933 -1.000000
84.000000 1.000000 -1.000000 -1.000000 0.728933 -1.000000
84.000000 2.000000 -1.000000 -1.000000 0.728933 -1.000000
84.000000 3.000000 -1.000000 -1.000000 0.724214 -1.000000
84.000000 4.000000 -1.000000 -1.000000 0.712239 -1.000000
84.000000 5.000000 -1.000000 -1.000000 0.706419 -1.000000
84.000000 6.000000 -1.000000 -1.000000 0.687506 -1.000000
84.000000 7.000000 -1.000000 -1.000000 0.675158 -1.000000
84.000000 8.000000 -1.000000 -1.000000 0.640878 -1.000000
84.000000 9.000000 -1.000000 -1.000000 0.540243 -0.941245
84.000000 10.000000 -1.000000 -1.000000 0.338153 -0.753044
84.000000 11.000000 -0.648735 -1.000000 -0.022079 -0.415305
84.000000 12.000000 0.414462 -1.000000 -1.000000 0.547645
84.000000 13.000000 1.000000 -0.758316 -1.000000 1.000000
84.000000 14.000000 1.000000 -0.033841 -1.000000 1.000000
84.000000 15.000000 1.000000 -0.178767 -1.000000 1.000000
84.000000 16.000000 1.000000 -0.482585 -1.000000 0.767426
84.000000 17.000000 -0.175620 -0.882484 -0.005250 -0.535771
84.000000 18.000000 -0.950973 -1.000000 0.074037 -0.482164
84.000000 19.000000 -1.000000 -1.000000 0.547288 -0.950127
84.000000 20.000000 -1.000000 -1.000000 0.651077 -1.000000
84.000000 21.000000 -1.000000 -1.000000 0.654316 -1.000000
84.000000 22.000000 -1.000000 -1.000000 0.648167 -1.000000
84.000000 23.000000 -1.000000 -1.000000 0.650366 -1.000000
84.000000 24.000000 -1.000000 -1.000000 0.614934 -1.000000
84.000000 25.000000 -1.000000 -1.000000 0.586747 -0.984973
84.000000 26.000000 -1.000000 -1.000000 0.547224 -0.947645
84.000000 27.000000 -1.000000 -1.000000 0.473322 -0.879089
84.000000 28.000000 -1.000000 -1.000000 0.436096 -0.844448
84.000000 29.000000 -1.000000 -1.000000 0.441249 -0.849402
84.000000 30.000000 -1.000000 -1.000000 0.406553 -0.817181
84.000000 31.000000 -1.000000 -1.000000 0.352207 -0.766494
84.000000 32.000000 -1.000000 -1.000000 0.310365 -0.727129
84.000000 33.000000 -0.883185 -1.000000 0.191901 -0.616627
84.000000 34.000000 -0.692110 -1.000000 -0.005373 -0.428984
84.000000 35.000000 -0.592918 -1.000000 -0.091560 -0.353887
84.000000 36.000000 -0.497358 -1.000000 -0.180446 -0.274157
84.000000 37.000000 -0.562570 -1.000000 -0.086976 -0.370385
84.000000 38.000000 -0.688382 -1.000000 0.023417 -0.469149
84.000000 39.000000 -0.922780 -1.000000 0.205791 -0.631711
84.000000 40.000000 -1.000000 -1.000000 0.267576 -0.673825
84.000000 41.000000 -1.000000 -1.000000 0.415780 -0.825744
84.000000 42.000000 -1.000000 -1.000000 0.364062 -0.777514
84.000000 43.000000 -1.000000 -1.000000 0.320634 -0.736830
84.000000 44.000000 -0.965024 -1.000000 0.267709 -0.687187
84.000000 45.000000 -0.979926 -1.000000 0.282457 -0.701905
84.000000 46.000000 -0.987475 -1.000000 0.288594 -0.707470
84.000000 47.000000 -1.000000 -1.000000 0.253737 -0.659143
84.000000 48.000000 -0.963169 -1.000000 0.265295 -0.685372
84.000000 49.000000 -0.996468 -1.000000 0.270078 -0.685191
85.000000 0.000000 -1.000000 -1.000000 0.728933 -1.000000
85.000000 1.000000 -1.000000 -1.000000 0.728933 -1.000000
85.000000 2.000000 -1.000000 -1.000000 0.724214 -1.000000
85.000000 3.000000 -1.000000 -1.000000 0.724214 -1.000000
85.000000 4.000000 -1.000000 -1.000000 0.724214 -1.000000
85.000000 5.000000 -1.000000 -1.000000 0.724214 -1.000000
85.000000 6.000000 -1.000000 -1.000000 0.728933 -1.000000
85.000000 7.000000 -1.000000 -1.000000 0.728933 -1.000000
85.000000 8.000000 -1.000000 -1.000000 0.728933 -1.000000
85.000000 9.000000 -1.000000 -1.000000 0.728933 -1.000000
85.000000 10.000000 -1.000000 -1.000000 0.728933 -1.000000
85.000000 11.000000 -1.000000 -1.000000 0.728933 -1.000000
85.000000 12.000000 -1.000000 -1.000000 0.728933 -1.000000
85.000000 13.000000 -1.000000 -1.000000 0.728933 -1.000000
85.000000 14.000000 -1.000000 -1.000000 0.728933 -1.000000
85.000000 15.000000 -1.000000 -1.000000 0.728933 -1.000000
85.000000 16.000000 -1.000000 -1.000000 0.728933 -1.000000
85.000000 17.000000 -1.000000 -1.000000 0.728933 -1.000000
85.000000 18.000000 -1.000000 -1.000000 0.728933 -1.000000
85.000000 19.000000 -1.000000 -1.000000 0.728933 -1.000000
85.000000 20.000000 -1.000000 -1.000000 0.728933 -1.000000
85.000000 21.000000 -1.000000 -1.000000 0.728933 -1.000000
85.000000 22.000000 -1.000000 -1.000000 0.728933 -1.000000
85.000000 23.000000 -1.000000 -1.000000 0.728933 -1.000000
85.000000 24.000000 -1.000000 -1.000000 0.728933 -1.000000
85.000000 25.000000 -1.000000 -1.000000 0.728933 -1.000000
85.000000 26.000000 -1.000000 -1.000000 0.728933 -1.000000
85.000000 27.000000 -1.000000 -1.000000 0.728933 -1.000000
85.000000 28.000000 -1.000000 -1.000000 0.728933 -1.000000
85.000000 29.000000 -1.000000 -1.000000 0.728933 -1.000000
85.000000 30.000000 -1.000000 -1.000000 0.728933 -1.000000
85.000000 31.000000 -1.000000 -1.000000 0.728933 -1.000000
85.000000 32.000000 -1.000000 -1.000000 0.728933 -1.000000
85.000000 33.000000 -1.000000 -1.000000 0.728933 -1.000000
85.000000 34.000000 -1.000000 -1.000000 0.728933 -1.000000
85.000000 35.000000 -1.000000 -1.000000 0.728933 -1.000000
85.000000 36.000000 -1.000000 -1.000000 0.728933 -1.000000
85.000000 37.000000 -1.000000 -1.000000 0.728933 -1.000000
85.000000 38.000000 -1.000000 -1.000000 0.728933 -1.000000
85.000000 39.000000 -1.000000 -1.000000 0.728933 -1.000000
85.000000 40.000000 -1.000000 -1.000000 0.728933 -1.000000
85.000000 41.000000 -1.000000 -1.000000 0.728933 -1.000000
85.000000 42.000000 -1.000000 -1.000000 0.728933 -1.000000
85.000000 43.000000 -1.000000 -1.000000 0.728933 -1.000000
85.000000 44.000000 -1.000000 -1.000000 0.728933 -1.000000
85.000000 45.000000 -1.000000 -1.000000 0.728933 -1.000000
85.000000 46.000000 -1.000000 -1.000000 0.728933 -1.000000
85.000000 47.000000 -1.000000 -1.000000 0.728933 -1.000000
85.000000 48.000000 -1.000000 -1.000000 0.728933 -1.000000
85.000000 49.000000 -1.000000 -1.000000 0.728933 -1.000000
86.000000 0.000000 -1.000000 -1.000000 0.728933 -1.000000
86.000000 1.000000 -1.000000 -1.000000 0.728933 -1.000000
86.000000 2.000000 -1.000000 -1.000000 0.724214 -1.000000
86.000000 3.000000 -1.000000 -1.000000 0.724214 -1.000000
86.000000 4.000000 -1.000000 -1.000000 0.728933 -1.000000
86.000000 5.000000 -1.000000 -1.000000 0.728933 -1.000000
86.000000 6.000000 -1.000000 -1.000000 0.728933 -1.000000
86.000000 7.000000 -1.000000 -1.000000 0.728933 -1.000000
86.000000 8.000000 -1.000000 -1.000000 0.728933 -1.000000
86.000000 9.000000 -1.000000 -1.000000 0.728933 -1.000000
86.000000 10.000000 -1.000000 -1.000000 0.728933 -1.000000
86.000000 11.000000 -1.000000 -1.000000 0.728933 -1.000000
86.000000 12.000000 -1.000000 -1.000000 0.728933 -1.000000
86.000000 13.000000 -1.000000 -1.000000 0.728933 -1.000000
86.000000 14.000000 -1.000000 -1.000000 0.728933 -1.000000
86.000000 15.000000 -1.000000 -1.000000 0.728933 -1.000000
86.000000 16.000000 -1.000000 -1.000000 0.728933 -1.000000
86.000000 17.000000 -1.000000 -1.000000 0.728933 -1.000000
86.000000 18.000000 -1.000000 -1.000000 0.728933 -1.000000
86.000000 19.000000 -1.000000 -1.000000 0.728933 -1.000000
86.000000 20.000000 -1.000000 -1.000000 0.728933 -1.000000
86.000000 21.000000 -1.000000 -1.000000 0.728933 -1.000000
86.000000 22.000000 -1.000000 -1.000000 0.728933 -1.000000
86.000000 23.000000 -1.000000 -1.000000 0.728933 -1.000000
86.000000 24.000000 -1.000000 -1.000000 0.728933 -1.000000
86.000000 25.000000 -1.000000 -1.000000 0.728933 -1.000000
86.000000 26.000000 -1.000000 -1.000000 0.728933 -1.000000
86.000000 27.000000 -1.000000 -1.000000 0.728933 -1.000000
86.000000 28.000000 -1.000000 -1.000000 0.728933 -1.000000
86.000000 29.000000 -1.000000 -1.000000 0.728933 -1.000000
86.000000 30.000000 -1.000000 -1.000000 0.728933 -1.000000
86.000000 31.000000 -1.000000 -1.000000 0.728933 -1.000000
86.000000 32.000000 -1.000000 -1.000000 0.728933 -1.000000
86.000000 33.000000 -1.000000 -1.000000 0.728933 -1.000000
86.000000 34.000000 -1.000000 -1.000000 0.728933 -1.000000
86.000000 35.000000 -1.000000 -1.000000 0.728933 -1.000000
86.000000 36.000000 -1.000000 -1.000000 0.728933 -1.000000
86.000000 37.000000 -1.000000 -1.000000 0.728933 -1.000000
86.000000 38.000000 -1.000000 -1.000000 0.728933 -1.000000
86.000000 39.000000 -1.000000 -1.000000 0.728933 -1.000000
86.000000 40.000000 -1.000000 -1.000000 0.728933 -1.000000
86.000000 41.000000 -1.000000 -1.000000 0.728933 -1.000000
86.000000 42.000000 -1.000000 -1.000000 0.728933 -1.000000
86.000000 43.000000 -1.000000 -1.000000 0.728933 -1.000000
86.000000 44.000000 -1.000000 -1.000000 0.728933 -1.000000
86.000000 45.000000 -1.000000 -1.000000 0.728933 -1.000000
86.000000 46.000000 -1.000000 -1.000000 0.728933 -1.000000
86.000000 47.000000 -1.000000 -1.000000 0.728933 -1.000000
86.000000 48.000000 -1.000000 -1.000000 0.728933 -1.000000
86.000000 49.000000 -1.000000 -1.000000 0.728933 -1.000000
87.000000 0.000000 -1.000000 -1.000000 0.728933 -1.000000
87.000000 1.000000 -1.000000 -1.000000 0.728933 -1.000000
87.000000 2.000000 -1.000000 -1.000000 0.728933 -1.000000
87.000000 3.000000 -1.000000 -1.000000 0.728933 -1.000000
87.000000 4.000000 -1.000000 -1.000000 0.720588 -1.000000
87.000000 5.000000 -1.000000 -1.000000 0.706419 -1.000000
87.000000 6.000000 -1.000000 -1.000000 0.691140 -1.000000
87.000000 7.000000 -1.000000 -1.000000 0.639432 -1.000000
87.000000 8.000000 -1.000000 -1.000000 0.544663 -0.945185
87.000000 9.000000 -0.997930 -1.000000 0.298513 -0.715641
87.000000 10.000000 -0.812959 -1.000000 -0.523735 0.224109
87.000000 11.000000 0.360491 -1.000000 -0.949184 0.456888
87.000000 12.000000 1.000000 -0.858812 -1.000000 1.000000
87.000000 13.000000 1.000000 -0.083314 -1.000000 1.000000
87.000000 14.000000 1.000000 -0.228153 -1.000000 1.000000
87.000000 15.000000 0.893664 -0.546389 -0.960991 0.340169
87.000000 16.000000 -0.353680 -1.000000 0.070112 -0.598616
87.000000 17.000000 -1.000000 -1.000000 -0.205082 -0.085971
87.000000 18.000000 -1.000000 -1.000000 0.519702 -0.924131
87.000000 19.000000 -1.000000 -1.000000 0.603020 -1.000000
87.000000 20.000000 -1.000000 -1.000000 0.574235 -0.972933
87.000000 21.000000 -1.000000 -1.000000 0.558569 -0.958460
87.000000 22.000000 -1.000000 -1.000000 0.465209 -0.871672
87.000000 23.000000 -1.000000 -1.000000 0.427253 -0.836023
87.000000 24.000000 -1.000000 -1.000000 0.355543 -0.769477
87.000000 25.000000 -1.000000 -1.000000 0.343694 -0.758529
87.000000 26.000000 -0.923238 -1.000000 0.229081 -0.651180
87.000000 27.000000 -0.829819 -1.000000 0.147095 -0.575609
87.000000 28.000000 -0.711295 -1.000000 0.016304 -0.451027
87.000000 29.000000 -0.612646 -1.000000 -0.062445 -0.382454
87.000000 30.000000 -0.647569 -1.000000 -0.024061 -0.422861
87.000000 31.000000 -0.668500 -1.000000 -0.048855 -0.391730
87.000000 32.000000 -0.672069 -1.000000 -0.009970 -0.433447
87.000000 33.000000 -0.755291 -1.000000 0.053627 -0.490550
87.000000 34.000000 -0.785380 -1.000000 0.047820 -0.477339
87.000000 35.000000 -0.902660 -1.000000 0.194311 -0.620741
87.000000 36.000000 -0.916859 -1.000000 0.076010 -0.483532
87.000000 37.000000 -0.888126 -1.000000 0.166774 -0.590337
87.000000 38.000000 -0.911285 -1.000000 0.200951 -0.623398
87.000000 39.000000 -0.817096 -1.000000 0.050466 -0.471033
87.000000 40.000000 -0.665501 -1.000000 -0.013133 -0.426980
87.000000 41.000000 -0.706139 -1.000000 0.009533 -0.449279
87.000000 42.000000 -0.698825 -1.000000 -0.015464 -0.422759
87.000000 43.000000 -0.814646 -1.000000 0.103707 -0.537250
87.000000 44.000000 -0.915758 -1.000000 0.176949 -0.599352
87.000000 45.000000 -0.996735 -1.000000 0.264856 -0.681666
87.000000 46.000000 -1.000000 -1.000000 -0.152963 -0.129077
87.000000 47.000000 -0.915542 -1.000000 0.221087 -0.644303
87.000000 48.000000 -0.900578 -1.000000 0.212145 -0.636906
87.000000 49.000000 -0.886503 -1.000000 0.163431 -0.585808
88.000000 0.000000 -1.000000 -1.000000 0.728933 -1.000000
88.000000 1.000000 -1.000000 -1.000000 0.728933 -1.000000
88.000000 2.000000 -1.000000 -1.000000 0.728933 -1.000000
88.000000 3.000000 -1.000000 -1.000000 0.728933 -1.000000
88.000000 4.000000 -1.000000 -1.000000 0.724214 -1.000000
88.000000 5.000000 -1.000000 -1.000000 0.724214 -1.000000
88.000000 6.000000 -1.000000 -1.000000 0.724214 -1.000000
88.000000 7.000000 -1.000000 -1.000000 0.712239 -1.000000
88.000000 8.000000 -1.000000 -1.000000 0.658749 -1.000000
88.000000 9.000000 -1.000000 -1.000000 0.611283 -1.000000
88.000000 10.000000 -1.000000 -1.000000 0.575072 -0.973694
88.000000 11.000000 -1.000000 -1.000000 0.443861 -0.851382
88.000000 12.000000 -0.760067 -1.000000 0.080156 -0.511069
88.000000 13.000000 -0.087548 -1.000000 -0.594588 0.130561
88.000000 14.000000 0.975738 -1.000000 -1.000000 0.851956
88.000000 15.000000 1.000000 -0.252065 -1.000000 1.000000
88.000000 16.000000 1.000000 -0.175846 -1.000000 1.000000
88.000000 17.000000 1.000000 -0.413559 -1.000000 0.841332
88.000000 18.000000 0.205771 -0.738127 -0.337931 -0.231876
88.000000 19.000000 -0.691871 -1.000000 -0.288393 -0.116807
88.000000 20.000000 -1.000000 -1.000000 0.402304 -0.816788
88.000000 21.000000 -1.000000 -1.000000 0.523472 -0.926053
88.000000 22.000000 -1.000000 -1.000000 0.521852 -0.924494
88.000000 23.000000 -1.000000 -1.000000 0.493216 -0.897369
88.000000 24.000000 -1.000000 -1.000000 0.416546 -0.826107
88.000000 25.000000 -1.000000 -1.000000 0.333702 -0.749064
88.000000 26.000000 -0.925521 -1.000000 0.231312 -0.653178
88.000000 27.000000 -0.849216 -1.000000 0.164396 -0.592157
88.000000 28.000000 -0.816319 -1.000000 0.123307 -0.552905
88.000000 29.000000 -0.720845 -1.000000 0.012555 -0.446329
88.000000 30.000000 -0.598123 -1.000000 -0.084240 -0.360189
88.000000 31.000000 -0.557963 -1.000000 -0.100189 -0.352058
88.000000 32.000000 -0.574607 -1.000000 -0.114792 -0.335326
88.000000 33.000000 -0.601792 -1.000000 -0.080892 -0.368929
88.000000 34.000000 -0.792772 -1.000000 0.092031 -0.529455
88.000000 35.000000 -0.914606 -1.000000 0.160019 -0.580932
88.000000 36.000000 -0.993575 -1.000000 0.263051 -0.679698
88.000000 37.000000 -1.000000 -1.000000 0.208857 -0.596246
88.000000 38.000000 -1.000000 -1.000000 0.357873 -0.771820
88.000000 39.000000 -1.000000 -1.000000 0.404774 -0.815369
88.000000 40.000000 -1.000000 -1.000000 0.421971 -0.831290
88.000000 41.000000 -1.000000 -1.000000 0.358880 -0.772459
88.000000 42.000000 -1.000000 -1.000000 0.393256 -0.804771
88.000000 43.000000 -1.000000 -1.000000 0.364052 -0.777437
88.000000 44.000000 -1.000000 -1.000000 0.313322 -0.730128
88.000000 45.000000 -1.000000 -1.000000 0.361829 -0.775449
88.000000 46.000000 -1.000000 -1.000000 0.413934 -0.824126
88.000000 47.000000 -1.000000 -1.000000 0.416546 -0.826107
88.000000 48.000000 -1.000000 -1.000000 0.351481 -0.765492
88.000000 49.000000 -0.955425 -1.000000 0.258046 -0.678712
89.000000 0.000000 -1.000000 -1.000000 0.728933 -1.000000
89.000000 1.000000 -1.000000 -1.000000 0.728933 -1.000000
89.000000 2.000000 -1.000000 -1.000000 0.725308 -1.000000
89.000000 3.000000 -1.000000 -1.000000 0.724214 -1.000000
89.000000 4.000000 -1.000000 -1.000000 0.725308 -1.000000
89.000000 5.000000 -1.000000 -1.000000 0.724214 -1.000000
89.000000 6.000000 -1.000000 -1.000000 0.719493 -1.000000
89.000000 7.000000 -1.000000 -1.000000 0.724214 -1.000000
89.000000 8.000000 -1.000000 -1.000000 0.714771 -1.000000
89.000000 9.000000 -1.000000 -1.000000 0.714771 -1.000000
89.000000 10.000000 -1.000000 -1.000000 0.711144 -1.000000
89.000000 11.000000 -1.000000 -1.000000 0.686066 -1.000000
89.000000 12.000000 -1.000000 -1.000000 0.660946 -1.000000
89.000000 13.000000 -1.000000 -1.000000 0.495431 -0.899345
89.000000 14.000000 -0.774027 -1.000000 0.093202 -0.523136
89.000000 15.000000 -0.085568 -1.000000 -0.592842 0.129237
89.000000 16.000000 1.000000 -1.000000 -1.000000 1.000000
89.000000 17.000000 1.000000 -0.095937 -1.000000 1.000000
89.000000 18.000000 1.000000 -0.215847 -1.000000 1.000000
89.000000 19.000000 1.000000 -0.469768 -1.000000 0.587471
89.000000 20.000000 -0.179791 -0.935782 -0.022858 -0.518971
89.000000 21.000000 -0.913166 -1.000000 -0.170300 -0.203441
89.000000 22.000000 -1.000000 -1.000000 0.405693 -0.818803
89.000000 23.000000 -1.000000 -1.000000 0.459295 -0.866361
89.000000 24.000000 -1.000000 -1.000000 0.338688 -0.753492
89.000000 25.000000 -0.902980 -1.000000 0.210122 -0.633664
89.000000 26.000000 -0.746603 -1.000000 0.071798 -0.505774
89.000000 27.000000 -0.482506 -1.000000 -0.164962 -0.286279
89.000000 28.000000 -0.240771 -1.000000 -0.364047 -0.109591
89.000000 29.000000 0.023997 -1.000000 -0.592705 0.095018
89.000000 30.000000 0.235819 -1.000000 -0.744995 0.220897
89.000000 31.000000 -0.029770 -1.000000 -0.434761 -0.087016
89.000000 32.000000 -0.224184 -1.000000 -0.377068 -0.106256
89.000000 33.000000 -0.422549 -1.000000 -0.186219 -0.282537
89.000000 34.000000 -0.547972 -1.000000 -0.088229 -0.365668
89.000000 35.000000 -0.611044 -1.000000 -0.042232 -0.405534
89.000000 36.000000 -0.489752 -1.000000 -0.191069 -0.260146
89.000000 37.000000 -0.575032 -1.000000 -0.083396 -0.371799
89.000000 38.000000 -0.650571 -1.000000 -0.024479 -0.422353
89.000000 39.000000 -0.754481 -1.000000 0.058430 -0.496186
89.000000 40.000000 -0.790232 -1.000000 0.057419 -0.487455
89.000000 41.000000 -0.808881 -1.000000 0.093206 -0.523605
89.000000 42.000000 -0.918830 -1.000000 0.168960 -0.589148
89.000000 43.000000 -0.962154 -1.000000 0.245716 -0.665415
89.000000 44.000000 -1.000000 -1.000000 0.249509 -0.651626
89.000000 45.000000 -1.000000 -1.000000 0.411732 -0.822297
89.000000 46.000000 -1.000000 -1.000000 0.401400 -0.812293
89.000000 47.000000 -1.000000 -1.000000 0.359510 -0.773184
89.000000 48.000000 -1.000000 -1.000000 0.334815 -0.750059
89.000000 49.000000 -1.000000 -1.000000 0.319253 -0.735610
90.000000 0.000000 -1.000000 -1.000000 0.728933 -1.000000
90.000000 1.000000 -1.000000 -1.000000 0.728933 -1.000000
90.000000 2.000000 -1.000000 -1.000000 0.728933 -1.000000
90.000000 3.000000 -1.000000 -1.000000 0.728933 -1.000000
90.000000 4.000000 -1.000000 -1.000000 0.724214 -1.000000
90.000000 5.000000 -1.000000 -1.000000 0.710048 -1.000000
90.000000 6.000000 -1.000000 -1.000000 0.710048 -1.000000
90.000000 7.000000 -1.000000 -1.000000 0.710048 -1.000000
90.000000 8.000000 -1.000000 -1.000000 0.720588 -1.000000
90.000000 9.000000 -1.000000 -1.000000 0.707515 -1.000000
90.000000 10.000000 -1.000000 -1.000000 0.705323 -1.000000
90.000000 11.000000 -1.000000 -1.000000 0.663143 -1.000000
90.000000 12.000000 -1.000000 -1.000000 0.635033 -1.000000
90.000000 13.000000 -1.000000 -1.000000 0.550488 -0.951081
90.000000 14.000000 -1.000000 -1.000000 0.471501 -0.877112
90.000000 15.000000 -0.942158 -1.000000 0.247295 -0.667669
90.000000 16.000000 -0.593052 -1.000000 -0.141276 -0.291925
90.000000 17.000000 0.118187 -1.000000 -0.728303 0.242697
90.000000 18.000000 1.000000 -1.000000 -1.000000 0.984764
90.000000 19.000000 1.000000 -0.156062 -1.000000 1.000000
90.000000 20.000000 1.000000 -0.278226 -1.000000 1.000000
90.000000 21.000000 0.736810 -0.534837 -0.800836 0.192146
90.000000 22.000000 -0.098180 -1.000000 -0.455478 -0.055998
90.000000 23.000000 -0.829683 -1.000000 0.104688 -0.538088
90.000000 24.000000 -1.000000 -1.000000 0.377582 -0.791915
90.000000 25.000000 -1.000000 -1.000000 0.494790 -0.899346
90.000000 26.000000 -1.000000 -1.000000 0.471640 -0.877557
90.000000 27.000000 -1.000000 -1.000000 0.422814 -0.832058
90.000000 28.000000 -1.000000 -1.000000 0.312592 -0.729121
90.000000 29.000000 -0.960465 -1.000000 0.263251 -0.683195
90.000000 30.000000 -0.928639 -1.000000 0.235617 -0.658099
90.000000 31.000000 -0.955161 -1.000000 0.234693 -0.652939
90.000000 32.000000 -0.849741 -1.000000 0.101638 -0.521978
90.000000 33.000000 -0.902859 -1.000000 0.214972 -0.641217
90.000000 34.000000 -0.822865 -1.000000 0.092831 -0.517602
90.000000 35.000000 -0.815546 -1.000000 0.108125 -0.537479
90.000000 36.000000 -0.775218 -1.000000 0.046425 -0.475667
90.000000 37.000000 -0.690593 -1.000000 -0.000732 -0.438134
90.000000 38.000000 -0.671163 -1.000000 -0.043416 -0.395885
90.000000 39.000000 -0.713519 -1.000000 -0.011862 -0.426506
90.000000 40.000000 -0.739647 -1.000000 0.002547 -0.437500
90.000000 41.000000 -0.662799 -1.000000 -0.040167 -0.400604
90.000000 42.000000 -0.793183 -1.000000 0.101399 -0.537692
90.000000 43.000000 -0.820516 -1.000000 0.084152 -0.510784
90.000000 44.000000 -0.786443 -1.000000 0.082507 -0.514042
90.000000 45.000000 -0.762316 -1.000000 0.056753 -0.489742
90.000000 46.000000 -0.858168 -1.000000 0.155678 -0.584947
90.000000 47.000000 -1.000000 -1.000000 0.278454 -0.693701
90.000000 48.000000 -1.000000 -1.000000 0.355720 -0.770503
90.000000 49.000000 -1.000000 -1.000000 0.394024 -0.805419
91.000000 0.000000 -1.000000 -1.000000 0.728933 -1.000000
91.000000 1.000000 -1.000000 -1.000000 0.728933 -1.000000
91.000000 2.000000 -1.000000 -1.000000 0.728933 -1.000000
91.000000 3.000000 -1.000000 -1.000000 0.728933 -1.000000
91.000000 4.000000 -1.000000 -1.000000 0.728933 -1.000000
91.000000 5.000000 -1.000000 -1.000000 0.724214 -1.000000
91.000000 6.000000 -1.000000 -1.000000 0.724214 -1.000000
91.000000 7.000000 -1.000000 -1.000000 0.725308 -1.000000
91.000000 8.000000 -1.000000 -1.000000 0.724214 -1.000000
91.000000 9.000000 -1.000000 -1.000000 0.675158 -1.000000
91.000000 10.000000 -1.000000 -1.000000 0.610935 -1.000000
91.000000 11.000000 -1.000000 -1.000000 0.561128 -0.960916
91.000000 12.000000 -1.000000 -1.000000 0.482540 -0.887491
91.000000 13.000000 -0.943778 -1.000000 0.249156 -0.669159
91.000000 14.000000 -0.355005 -1.000000 -0.448427 0.016768
91.000000 15.000000 0.596081 -1.000000 -1.000000 0.577328
91.000000 16.000000 1.000000 -0.707266 -1.000000 1.000000
91.000000 17.000000 1.000000 -0.103657 -1.000000 1.000000
91.000000 18.000000 1.000000 -0.261639 -1.000000 1.000000
91.000000 19.000000 0.916897 -0.558834 -0.991594 0.367524
91.000000 20.000000 -0.223887 -1.000000 -0.052004 -0.487877
91.000000 21.000000 -0.928684 -1.000000 -0.121862 -0.257457
91.000000 22.000000 -1.000000 -1.000000 0.446259 -0.856303
91.000000 23.000000 -1.000000 -1.000000 0.581169 -0.980018
91.000000 24.000000 -1.000000 -1.000000 0.606041 -1.000000
91.000000 25.000000 -1.000000 -1.000000 0.625190 -1.000000
91.000000 26.000000 -1.000000 -1.000000 0.581288 -0.979583
91.000000 27.000000 -1.000000 -1.000000 0.524063 -0.926466
91.000000 28.000000 -1.000000 -1.000000 0.495034 -0.899342
91.000000 29.000000 -1.000000 -1.000000 0.482144 -0.887489
91.000000 30.000000 -1.000000 -1.000000 0.392173 -0.803275
91.000000 31.000000 -0.969761 -1.000000 0.271788 -0.691192
91.000000 32.000000 -0.901173 -1.000000 0.209964 -0.633884
91.000000 33.000000 -0.887669 -1.000000 0.192595 -0.617304
91.000000 34.000000 -0.844433 -1.000000 0.123536 -0.548915
91.000000 35.000000 -0.807929 -1.000000 0.098220 -0.526815
91.000000 36.000000 -0.772699 -1.000000 0.045217 -0.475189
91.000000 37.000000 -0.753590 -1.000000 0.058069 -0.492856
91.000000 38.000000 -0.723277 -1.000000 0.022549 -0.458769
91.000000 39.000000 -0.785721 -1.000000 0.091422 -0.525753
91.000000 40.000000 -0.750466 -1.000000 0.021459 -0.452332
91.000000 41.000000 -0.697479 -1.000000 -0.022808 -0.413365
91.000000 42.000000 -0.705687 -1.000000 0.012234 -0.451769
91.000000 43.000000 -0.725358 -1.000000 0.027882 -0.465945
91.000000 44.000000 -0.765979 -1.000000 0.079932 -0.516210
91.000000 45.000000 -0.940089 -1.000000 0.198774 -0.620087
91.000000 46.000000 -1.000000 -1.000000 0.195197 -0.591342
91.000000 47.000000 -1.000000 -1.000000 0.390031 -0.802495
91.000000 48.000000 -1.000000 -1.000000 0.450894 -0.858564
91.000000 49.000000 -1.000000 -1.000000 0.496236 -0.900675
92.000000 0.000000 -1.000000 -1.000000 0.728933 -1.000000
92.000000 1.000000 -1.000000 -1.000000 0.728933 -1.000000
92.000000 2.000000 -1.000000 -1.000000 0.728933 -1.000000
92.000000 3.000000 -1.000000 -1.000000 0.728933 -1.000000
92.000000 4.000000 -1.000000 -1.000000 0.725308 -1.000000
92.000000 5.000000 -1.000000 -1.000000 0.724214 -1.000000
92.000000 6.000000 -1.000000 -1.000000 0.708610 -1.000000
92.000000 7.000000 -1.000000 -1.000000 0.683871 -1.000000
92.000000 8.000000 -1.000000 -1.000000 0.623742 -1.000000
92.000000 9.000000 -1.000000 -1.000000 0.456774 -0.863263
92.000000 10.000000 -0.757773 -1.000000 0.077921 -0.509063
92.000000 11.000000 0.100117 -1.000000 -0.767341 0.295586
92.000000 12.000000 1.000000 -1.000000 -1.000000 1.000000
92.000000 13.000000 1.000000 -0.090257 -1.000000 1.000000
92.000000 14.000000 1.000000 -0.194990 -1.000000 1.000000
92.000000 15.000000 1.000000 -0.498602 -1.000000 0.481633
92.000000 16.000000 -0.240595 -1.000000 0.013947 -0.550892
92.000000 17.000000 -1.000000 -1.000000 -0.230550 -0.098539
92.000000 18.000000 -1.000000 -1.000000 0.380558 -0.795098
92.000000 19.000000 -1.000000 -1.000000 0.462750 -0.869699
92.000000 20.000000 -1.000000 -1.000000 0.387204 -0.798934
92.000000 21.000000 -1.000000 -1.000000 0.318140 -0.734615
92.000000 22.000000 -1.000000 -1.000000 0.327774 -0.743585
92.000000 23.000000 -0.878240 -1.000000 0.188183 -0.612586
92.000000 24.000000 -0.726394 -1.000000 0.047857 -0.482991
92.000000 25.000000 -0.580197 -1.000000 -0.107318 -0.336611
92.000000 26.000000 -0.486435 -1.000000 -0.188098 -0.267356
92.000000 27.000000 -0.464076 -1.000000 -0.195028 -0.267470
92.000000 28.000000 -0.536413 -1.000000 -0.118548 -0.340024
92.000000 29.000000 -0.549521 -1.000000 -0.126278 -0.325957
92.000000 30.000000 -0.591655 -1.000000 -0.088138 -0.362051
92.000000 31.000000 -0.712398 -1.000000 0.021942 -0.464005
92.000000 32.000000 -0.800184 -1.000000 0.103319 -0.537075
92.000000 33.000000 -0.846821 -1.000000 0.131694 -0.559382
92.000000 34.000000 -0.859135 -1.000000 0.097477 -0.518601
92.000000 35.000000 -0.834299 -1.000000 0.133412 -0.561845
92.000000 36.000000 -0.849667 -1.000000 0.155787 -0.584158
92.000000 37.000000 -0.797946 -1.000000 0.081979 -0.510365
92.000000 38.000000 -0.819908 -1.000000 0.103670 -0.532793
92.000000 39.000000 -0.833550 -1.000000 0.076917 -0.500712
92.000000 40.000000 -0.865916 -1.000000 0.146509 -0.572834
92.000000 41.000000 -0.943656 -1.000000 0.210020 -0.629972
92.000000 42.000000 -1.000000 -1.000000 0.319533 -0.728710
92.000000 43.000000 -1.000000 -1.000000 0.394956 -0.806798
92.000000 44.000000 -1.000000 -1.000000 0.376757 -0.789298
92.000000 45.000000 -1.000000 -1.000000 0.385024 -0.797047
92.000000 46.000000 -1.000000 -1.000000 0.440891 -0.848906
92.000000 47.000000 -1.000000 -1.000000 0.473678 -0.879582
92.000000 48.000000 -1.000000 -1.000000 0.450479 -0.857818
92.000000 49.000000 -1.000000 -1.000000 0.427971 -0.837016
93.000000 0.000000 -1.000000 -1.000000 0.728933 -1.000000
93.000000 1.000000 -1.000000 -1.000000 0.728933 -1.000000
93.000000 2.000000 -1.000000 -1.000000 0.725308 -1.000000
93.000000 3.000000 -1.000000 -1.000000 0.724214 -1.000000
93.000000 4.000000 -1.000000 -1.000000 0.724214 -1.000000
93.000000 5.000000 -1.000000 -1.000000 0.725308 -1.000000
93.000000 6.000000 -1.000000 -1.000000 0.720588 -1.000000
93.000000 7.000000 -1.000000 -1.000000 0.719493 -1.000000
93.000000 8.000000 -1.000000 -1.000000 0.711144 -1.000000
93.000000 9.000000 -1.000000 -1.000000 0.705323 -1.000000
93.000000 10.000000 -1.000000 -1.000000 0.706419 -1.000000
93.000000 11.000000 -1.000000 -1.000000 0.715867 -1.000000
93.000000 12.000000 -1.000000 -1.000000 0.684969 -1.000000
93.000000 13.000000 -1.000000 -1.000000 0.633586 -1.000000
93.000000 14.000000 -1.000000 -1.000000 0.514908 -0.917599
93.000000 15.000000 -1.000000 -1.000000 0.399920 -0.810726
93.000000 16.000000 -0.842501 -1.000000 0.155801 -0.581959
93.000000 17.000000 -0.193972 -1.000000 -0.497571 0.041679
93.000000 18.000000 0.781504 -1.000000 -1.000000 0.716560
93.000000 19.000000 1.000000 -0.492088 -1.000000 1.000000
93.000000 20.000000 1.000000 -0.215717 -1.000000 1.000000
93.000000 21.000000 1.000000 -0.378540 -1.000000 0.876269
93.000000 22.000000 0.188486 -0.716542 -0.312576 -0.257018
93.000000 23.000000 -0.645075 -1.000000 -0.481412 0.104517
93.000000 24.000000 -1.000000 -1.000000 0.342235 -0.766572
93.000000 25.000000 -1.000000 -1.000000 0.491237 -0.897001
93.000000 26.000000 -1.000000 -1.000000 0.495316 -0.899716
93.000000 27.000000 -1.000000 -1.000000 0.476783 -0.882499
93.000000 28.000000 -1.000000 -1.000000 0.364802 -0.777930
93.000000 29.000000 -0.969281 -1.000000 0.271041 -0.690700
93.000000 30.000000 -0.980865 -1.000000 0.283144 -0.702426
93.000000 31.000000 -0.998329 -1.000000 0.298880 -0.716828
93.000000 32.000000 -1.000000 -1.000000 -0.189172 -0.094685
93.000000 33.000000 -0.758447 -1.000000 0.077256 -0.509307
93.000000 34.000000 -0.667230 -1.000000 0.007779 -0.449263
93.000000 35.000000 -0.554898 -1.000000 -0.114353 -0.333742
93.000000 36.000000 -0.365740 -1.000000 -0.289793 -0.173036
93.000000 37.000000 -0.383958 -1.000000 -0.235015 -0.237379
93.000000 38.000000 -0.483797 -1.000000 -0.165570 -0.297925
93.000000 39.000000 -0.589906 -1.000000 -0.072295 -0.380758
93.000000 40.000000 -0.732499 -1.000000 0.050556 -0.491449
93.000000 41.000000 -0.815804 -1.000000 0.118150 -0.549561
93.000000 42.000000 -0.806270 -1.000000 0.058281 -0.483396
93.000000 43.000000 -0.744684 -1.000000 0.022397 -0.454476
93.000000 44.000000 -0.784341 -1.000000 0.083840 -0.517446
93.000000 45.000000 -0.850318 -1.000000 0.130939 -0.558729
93.000000 46.000000 -0.847649 -1.000000 0.110242 -0.535441
93.000000 47.000000 -0.909412 -1.000000 0.131696 -0.548760
93.000000 48.000000 -0.926478 -1.000000 0.166457 -0.584239
93.000000 49.000000 -1.000000 -1.000000 0.329154 -0.735315
94.000000 0.000000 -1.000000 -1.000000 0.728933 -1.000000
94.000000 1.000000 -1.000000 -1.000000 0.728933 -1.000000
94.000000 2.000000 -1.000000 -1.000000 0.724214 -1.000000
94.000000 3.000000 -1.000000 -1.000000 0.724214 -1.000000
94.000000 4.000000 -1.000000 -1.000000 0.728933 -1.000000
94.000000 5.000000 -1.000000 -1.000000 0.728933 -1.000000
94.000000 6.000000 -1.000000 -1.000000 0.728933 -1.000000
94.000000 7.000000 -1.000000 -1.000000 0.728933 -1.000000
94.000000 8.000000 -1.000000 -1.000000 0.728933 -1.000000
94.000000 9.000000 -1.000000 -1.000000 0.728933 -1.000000
94.000000 10.000000 -1.000000 -1.000000 0.728933 -1.000000
94.000000 11.000000 -1.000000 -1.000000 0.728933 -1.000000
94.000000 12.000000 -1.000000 -1.000000 0.728933 -1.000000
94.000000 13.000000 -1.000000 -1.000000 0.728933 -1.000000
94.000000 14.000000 -1.000000 -1.000000 0.728933 -1.000000
94.000000 15.000000 -1.000000 -1.000000 0.728933 -1.000000
94.000000 16.000000 -1.000000 -1.000000 0.728933 -1.000000
94.000000 17.000000 -1.000000 -1.000000 0.728933 -1.000000
94.000000 18.000000 -1.000000 -1.000000 0.728933 -1.000000
94.000000 19.000000 -1.000000 -1.000000 0.728933 -1.000000
94.000000 20.000000 -1.000000 -1.000000 0.728933 -1.000000
94.000000 21.000000 -1.000000 -1.000000 0.728933 -1.000000
94.000000 22.000000 -1.000000 -1.000000 0.728933 -1.000000
94.000000 23.000000 -1.000000 -1.000000 0.728933 -1.000000
94.000000 24.000000 -1.000000 -1.000000 0.728933 -1.000000
94.000000 25.000000 -1.000000 -1.000000 0.728933 -1.000000
94.000000 26.000000 -1.000000 -1.000000 0.728933 -1.000000
94.000000 27.000000 -1.000000 -1.000000 0.728933 -1.000000
94.000000 28.000000 -1.000000 -1.000000 0.728933 -1.000000
94.000000 29.000000 -1.000000 -1.000000 0.728933 -1.000000
94.000000 30.000000 -1.000000 -1.000000 0.728933 -1.000000
94.000000 31.000000 -1.000000 -1.000000 0.728933 -1.000000
94.000000 32.000000 -1.000000 -1.000000 0.728933 -1.000000
94.000000 33.000000 -1.000000 -1.000000 0.728933 -1.000000
94.000000 34.000000 -1.000000 -1.000000 0.728933 -1.000000
94.000000 35.000000 -1.000000 -1.000000 0.728933 -1.000000
94.000000 36.000000 -1.000000 -1.000000 0.728933 -1.000000
94.000000 37.000000 -1.000000 -1.000000 0.728933 -1.000000
94.000000 38.000000 -1.000000 -1.000000 0.728933 -1.000000
94.000000 39.000000 -1.000000 -1.000000 0.728933 -1.000000
94.000000 40.000000 -1.000000 -1.000000 0.728933 -1.000000
94.000000 41.000000 -1.000000 -1.000000 0.728933 -1.000000
94.000000 42.000000 -1.000000 -1.000000 0.728933 -1.000000
94.000000 43.000000 -1.000000 -1.000000 0.728933 -1.000000
94.000000 44.000000 -1.000000 -1.000000 0.728933 -1.000000
94.000000 45.000000 -1.000000 -1.000000 0.728933 -1.000000
94.000000 46.000000 -1.000000 -1.000000 0.728933 -1.000000
94.000000 47.000000 -1.000000 -1.000000 0.728933 -1.000000
94.000000 48.000000 -1.000000 -1.000000 0.728933 -1.000000
94.000000 49.000000 -1.000000 -1.000000 0.728933 -1.000000
95.000000 0.000000 -1.000000 -1.000000 0.728933 -1.000000
95.000000 1.000000 -1.000000 -1.000000 0.728933 -1.000000
95.000000 2.000000 -1.000000 -1.000000 0.728933 -1.000000
95.000000 3.000000 -1.000000 -1.000000 0.728933 -1.000000
95.000000 4.000000 -1.000000 -1.000000 0.716962 -1.000000
95.000000 5.000000 -1.000000 -1.000000 0.701693 -1.000000
95.000000 6.000000 -1.000000 -1.000000 0.700597 -1.000000
95.000000 7.000000 -1.000000 -1.000000 0.706419 -1.000000
95.000000 8.000000 -1.000000 -1.000000 0.694430 -1.000000
95.000000 9.000000 -1.000000 -1.000000 0.672962 -1.000000
95.000000 10.000000 -1.000000 -1.000000 0.684969 -1.000000
95.000000 11.000000 -1.000000 -1.000000 0.663488 -1.000000
95.000000 12.000000 -1.000000 -1.000000 0.589356 -0.986947
95.000000 13.000000 -1.000000 -1.000000 0.443861 -0.851382
95.000000 14.000000 -0.964364 -1.000000 0.267342 -0.686681
95.000000 15.000000 -0.639909 -1.000000 -0.117657 -0.309798
95.000000 16.000000 0.096217 -1.000000 -0.705195 0.221663
95.000000 17.000000 1.000000 -1.000000 -1.000000 0.892006
95.000000 18.000000 1.000000 -0.168159 -1.000000 1.000000
95.000000 19.000000 1.000000 -0.098372 -1.000000 1.000000
95.000000 20.000000 1.000000 -0.365597 -1.000000 1.000000
95.000000 21.000000 0.392870 -0.677361 -0.504029 -0.080137
95.000000 22.000000 -0.563361 -1.000000 -0.300514 -0.130676
95.000000 23.000000 -1.000000 -1.000000 0.322579 -0.743564
95.000000 24.000000 -1.000000 -1.000000 0.462614 -0.870127
95.000000 25.000000 -1.000000 -1.000000 0.495977 -0.900528
95.000000 26.000000 -1.000000 -1.000000 0.451945 -0.859303
95.000000 27.000000 -1.000000 -1.000000 0.453054 -0.860293
95.000000 28.000000 -1.000000 -1.000000 0.418374 -0.828093
95.000000 29.000000 -1.000000 -1.000000 0.383673 -0.795326
95.000000 30.000000 -0.919631 -1.000000 0.226111 -0.648166
95.000000 31.000000 -0.854394 -1.000000 0.168860 -0.596840
95.000000 32.000000 -0.920102 -1.000000 0.205600 -0.628115
95.000000 33.000000 -0.932068 -1.000000 0.194992 -0.613211
95.000000 34.000000 -0.784051 -1.000000 0.052024 -0.477789
95.000000 35.000000 -0.771846 -1.000000 0.092389 -0.527317
95.000000 36.000000 -0.748043 -1.000000 0.038883 -0.472269
95.000000 37.000000 -0.781004 -1.000000 0.074443 -0.507748
95.000000 38.000000 -0.884847 -1.000000 0.137448 -0.560786
95.000000 39.000000 -0.992046 -1.000000 0.267542 -0.685876
95.000000 40.000000 -1.000000 -1.000000 -0.130691 -0.150815
95.000000 41.000000 -1.000000 -1.000000 0.346623 -0.761577
95.000000 42.000000 -1.000000 -1.000000 0.366638 -0.779925
95.000000 43.000000 -1.000000 -1.000000 0.385868 -0.797817
95.000000 44.000000 -1.000000 -1.000000 0.378116 -0.790360
95.000000 45.000000 -1.000000 -1.000000 0.399920 -0.810726
95.000000 46.000000 -1.000000 -1.000000 0.398059 -0.809239
95.000000 47.000000 -1.000000 -1.000000 0.412855 -0.822634
95.000000 48.000000 -1.000000 -1.000000 0.425752 -0.835034
95.000000 49.000000 -1.000000 -1.000000 0.410995 -0.821148
96.000000 0.000000 -1.000000 -1.000000 0.728933 -1.000000
96.000000 1.000000 -1.000000 -1.000000 0.728933 -1.000000
96.000000 2.000000 -1.000000 -1.000000 0.724214 -1.000000
96.000000 3.000000 -1.000000 -1.000000 0.728933 -1.000000
96.000000 4.000000 -1.000000 -1.000000 0.728933 -1.000000
96.000000 5.000000 -1.000000 -1.000000 0.728933 -1.000000
96.000000 6.000000 -1.000000 -1.000000 0.728933 -1.000000
96.000000 7.000000 -1.000000 -1.000000 0.728933 -1.000000
96.000000 8.000000 -1.000000 -1.000000 0.728933 -1.000000
96.000000 9.000000 -1.000000 -1.000000 0.728933 -1.000000
96.000000 10.000000 -1.000000 -1.000000 0.728933 -1.000000
96.000000 11.000000 -1.000000 -1.000000 0.728933 -1.000000
96.000000 12.000000 -1.000000 -1.000000 0.728933 -1.000000
96.000000 13.000000 -1.000000 -1.000000 0.728933 -1.000000
96.000000 14.000000 -1.000000 -1.000000 0.728933 -1.000000
96.000000 15.000000 -1.000000 -1.000000 0.728933 -1.000000
96.000000 16.000000 -1.000000 -1.000000 0.728933 -1.000000
96.000000 17.000000 -1.000000 -1.000000 0.728933 -1.000000
96.000000 18.000000 -1.000000 -1.000000 0.728933 -1.000000
96.000000 19.000000 -1.000000 -1.000000 0.728933 -1.000000
96.000000 20.000000 -1.000000 -1.000000 0.728933 -1.000000
96.000000 21.000000 -1.000000 -1.000000 0.728933 -1.000000
96.000000 22.000000 -1.000000 -1.000000 0.728933 -1.000000
96.000000 23.000000 -1.000000 -1.000000 0.728933 -1.000000
96.000000 24.000000 -1.000000 -1.000000 0.728933 -1.000000
96.000000 25.000000 -1.000000 -1.000000 0.728933 -1.000000
96.000000 26.000000 -1.000000 -1.000000 0.728933 -1.000000
96.000000 27.000000 -1.000000 -1.000000 0.728933 -1.000000
96.000000 28.000000 -1.000000 -1.000000 0.728933 -1.000000
96.000000 29.000000 -1.000000 -1.000000 0.728933 -1.000000
96.000000 30.000000 -1.000000 -1.000000 0.728933 -1.000000
96.000000 31.000000 -1.000000 -1.000000 0.728933 -1.000000
96.000000 32.000000 -1.000000 -1.000000 0.728933 -1.000000
96.000000 33.000000 -1.000000 -1.000000 0.728933 -1.000000
96.000000 34.000000 -1.000000 -1.000000 0.728933 -1.000000
96.000000 35.000000 -1.000000 -1.000000 0.728933 -1.000000
96.000000 36.000000 -1.000000 -1.000000 0.728933 -1.000000
96.000000 37.000000 -1.000000 -1.000000 0.728933 -1.000000
96.000000 38.000000 -1.000000 -1.000000 0.728933 -1.000000
96.000000 39.000000 -1.000000 -1.000000 0.728933 -1.000000
96.000000 40.000000 -1.000000 -1.000000 0.728933 -1.000000
96.000000 41.000000 -1.000000 -1.000000 0.728933 -1.000000
96.000000 42.000000 -1.000000 -1.000000 0.728933 -1.000000
96.000000 43.000000 -1.000000 -1.000000 0.728933 -1.000000
96.000000 44.000000 -1.000000 -1.000000 0.728933 -1.000000
96.000000 45.000000 -1.000000 -1.000000 0.728933 -1.000000
96.000000 46.000000 -1.000000 -1.000000 0.728933 -1.000000
96.000000 47.000000 -1.000000 -1.000000 0.728933 -1.000000
96.000000 48.000000 -1.000000 -1.000000 0.728933 -1.000000
96.000000 49.000000 -1.000000 -1.000000 0.728933 -1.000000
97.000000 0.000000 -1.000000 -1.000000 0.728933 -1.000000
97.000000 1.000000 -1.000000 -1.000000 0.728933 -1.000000
97.000000 2.000000 -1.000000 -1.000000 0.728933 -1.000000
97.000000 3.000000 -1.000000 -1.000000 0.724214 -1.000000
97.000000 4.000000 -1.000000 -1.000000 0.724214 -1.000000
97.000000 5.000000 -1.000000 -1.000000 0.724214 -1.000000
97.000000 6.000000 -1.000000 -1.000000 0.716962 -1.000000
97.000000 7.000000 -1.000000 -1.000000 0.700254 -1.000000
97.000000 8.000000 -1.000000 -1.000000 0.669668 -1.000000
97.000000 9.000000 -1.000000 -1.000000 0.663833 -1.000000
97.000000 10.000000 -1.000000 -1.000000 0.622641 -1.000000
97.000000 11.000000 -1.000000 -1.000000 0.553098 -0.953057
97.000000 12.000000 -1.000000 -1.000000 0.316680 -0.732602
97.000000 13.000000 -0.740088 -1.000000 0.060418 -0.493525
97.000000 14.000000 -0.182072 -1.000000 -0.489725 0.027689
97.000000 15.000000 0.583512 -1.000000 -1.000000 0.539584
97.000000 16.000000 1.000000 -0.822134 -1.000000 0.948766
97.000000 17.000000 1.000000 -0.207813 -1.000000 1.000000
97.000000 18.000000 1.000000 -0.275646 -1.000000 1.000000
97.000000 19.000000 0.820306 -0.555292 -0.889728 0.274707
97.000000 20.000000 -0.303002 -1.000000 -0.127109 -0.394985
97.000000 21.000000 -0.975325 -1.000000 0.065222 -0.464763
97.000000 22.000000 -1.000000 -1.000000 0.447006 -0.856476
97.000000 23.000000 -1.000000 -1.000000 0.521247 -0.923931
97.000000 24.000000 -1.000000 -1.000000 0.503271 -0.907188
97.000000 25.000000 -1.000000 -1.000000 0.454520 -0.861778
97.000000 26.000000 -1.000000 -1.000000 0.375893 -0.788373
97.000000 27.000000 -1.000000 -1.000000 0.342967 -0.757526
97.000000 28.000000 -1.000000 -1.000000 0.331477 -0.747073
97.000000 29.000000 -0.926845 -1.000000 0.232051 -0.654194
97.000000 30.000000 -0.882538 -1.000000 0.181711 -0.606068
97.000000 31.000000 -0.819225 -1.000000 0.103986 -0.530938
97.000000 32.000000 -0.702400 -1.000000 -0.006126 -0.428541
97.000000 33.000000 -0.667149 -1.000000 -0.021825 -0.419853
97.000000 34.000000 -0.644129 -1.000000 -0.029233 -0.415920
97.000000 35.000000 -0.610790 -1.000000 -0.090434 -0.354229
97.000000 36.000000 -0.686890 -1.000000 0.008080 -0.452937
97.000000 37.000000 -0.697603 -1.000000 -0.018443 -0.419460
97.000000 38.000000 -0.777702 -1.000000 0.081523 -0.517707
97.000000 39.000000 -0.901171 -1.000000 0.171958 -0.595690
97.000000 40.000000 -0.991413 -1.000000 0.179787 -0.587704
97.000000 41.000000 -1.000000 -1.000000 0.138382 -0.530226
97.000000 42.000000 -0.926113 -1.000000 0.231004 -0.653456
97.000000 43.000000 -0.916542 -1.000000 0.225643 -0.649790
97.000000 44.000000 -0.974929 -1.000000 0.245055 -0.662069
97.000000 45.000000 -1.000000 -1.000000 0.225232 -0.634597
97.000000 46.000000 -1.000000 -1.000000 0.332600 -0.748147
97.000000 47.000000 -1.000000 -1.000000 0.311630 -0.728584
97.000000 48.000000 -1.000000 -1.000000 0.317027 -0.733619
97.000000 49.000000 -1.000000 -1.000000 0.349619 -0.764004
98.000000 0.000000 -1.000000 -1.000000 0.728933 -1.000000
98.000000 1.000000 -1.000000 -1.000000 0.728933 -1.000000
98.000000 2.000000 -1.000000 -1.000000 0.725308 -1.000000
98.000000 3.000000 -1.000000 -1.000000 0.724214 -1.000000
98.000000 4.000000 -1.000000 -1.000000 0.719493 -1.000000
98.000000 5.000000 -1.000000 -1.000000 0.719493 -1.000000
98.000000 6.000000 -1.000000 -1.000000 0.728933 -1.000000
98.000000 7.000000 -1.000000 -1.000000 0.728933 -1.000000
98.000000 8.000000 -1.000000 -1.000000 0.728933 -1.000000
98.000000 9.000000 -1.000000 -1.000000 0.728933 -1.000000
98.000000 10.000000 -1.000000 -1.000000 0.728933 -1.000000
98.000000 11.000000 -1.000000 -1.000000 0.728933 -1.000000
98.000000 12.000000 -1.000000 -1.000000 0.728933 -1.000000
98.000000 13.000000 -1.000000 -1.000000 0.728933 -1.000000
98.000000 14.000000 -1.000000 -1.000000 0.728933 -1.000000
98.000000 15.000000 -1.000000 -1.000000 0.728933 -1.000000
98.000000 16.000000 -1.000000 -1.000000 0.728933 -1.000000
98.000000 17.000000 -1.000000 -1.000000 0.728933 -1.000000
98.000000 18.000000 -1.000000 -1.000000 0.728933 -1.000000
98.000000 19.000000 -1.000000 -1.000000 0.728933 -1.000000
98.000000 20.000000 -1.000000 -1.000000 0.728933 -1.000000
98.000000 21.000000 -1.000000 -1.000000 0.728933 -1.000000
98.000000 22.000000 -1.000000 -1.000000 0.728933 -1.000000
98.000000 23.000000 -1.000000 -1.000000 0.728933 -1.000000
98.000000 24.000000 -1.000000 -1.000000 0.728933 -1.000000
98.000000 25.000000 -1.000000 -1.000000 0.728933 -1.000000
98.000000 26.000000 -1.000000 -1.000000 0.728933 -1.000000
98.000000 27.000000 -1.000000 -1.000000 0.728933 -1.000000
98.000000 28.000000 -1.000000 -1.000000 0.728933 -1.000000
98.000000 29.000000 -1.000000 -1.000000 0.728933 -1.000000
98.000000 30.000000 -1.000000 -1.000000 0.728933 -1.000000
98.000000 31.000000 -1.000000 -1.000000 0.728933 -1.000000
98.000000 32.000000 -1.000000 -1.000000 0.728933 -1.000000
98.000000 33.000000 -1.000000 -1.000000 0.728933 -1.000000
98.000000 34.000000 -1.000000 -1.000000 0.728933 -1.000000
98.000000 35.000000 -1.000000 -1.000000 0.728933 -1.000000
98.000000 36.000000 -1.000000 -1.000000 0.728933 -1.000000
98.000000 37.000000 -1.000000 -1.000000 0.728933 -1.000000
98.000000 38.000000 -1.000000 -1.000000 0.728933 -1.000000
98.000000 39.000000 -1.000000 -1.000000 0.728933 -1.000000
98.000000 40.000000 -1.000000 -1.000000 0.728933 -1.000000
98.000000 41.000000 -1.000000 -1.000000 0.728933 -1.000000
98.000000 42.000000 -1.000000 -1.000000 0.728933 -1.000000
98.000000 43.000000 -1.000000 -1.000000 0.728933 -1.000000
98.000000 44.000000 -1.000000 -1.000000 0.728933 -1.000000
98.000000 45.000000 -1.000000 -1.000000 0.728933 -1.000000
98.000000 46.000000 -1.000000 -1.000000 0.728933 -1.000000
98.000000 47.000000 -1.000000 -1.000000 0.728933 -1.000000
98.000000 48.000000 -1.000000 -1.000000 0.728933 -1.000000
98.000000 49.000000 -1.000000 -1.000000 0.728933 -1.000000
99.000000 0.000000 -1.000000 -1.000000 0.728933 -1.000000
99.000000 1.000000 -1.000000 -1.000000 0.728933 -1.000000
99.000000 2.000000 -1.000000 -1.000000 0.724214 -1.000000
99.000000 3.000000 -1.000000 -1.000000 0.724214 -1.000000
99.000000 4.000000 -1.000000 -1.000000 0.724214 -1.000000
99.000000 5.000000 -1.000000 -1.000000 0.724214 -1.000000
99.000000 6.000000 -1.000000 -1.000000 0.724214 -1.000000
99.000000 7.000000 -1.000000 -1.000000 0.724214 -1.000000
99.000000 8.000000 -1.000000 -1.000000 0.728933 -1.000000
99.000000 9.000000 -1.000000 -1.000000 0.728933 -1.000000
99.000000 10.000000 -1.000000 -1.000000 0.728933 -1.000000
99.000000 11.000000 -1.000000 -1.000000 0.728933 -1.000000
99.000000 12.000000 -1.000000 -1.000000 0.728933 -1.000000
99.000000 13.000000 -1.000000 -1.000000 0.728933 -1.000000
99.000000 14.000000 -1.000000 -1.000000 0.728933 -1.000000
99.000000 15.000000 -1.000000 -1.000000 0.728933 -1.000000
99.000000 16.000000 -1.000000 -1.000000 0.728933 -1.000000
99.000000 17.000000 -1.000000 -1.000000 0.728933 -1.000000
99.000000 18.000000 -1.000000 -1.000000 0.728933 -1.000000
99.000000 19.000000 -1.000000 -1.000000 0.728933 -1.000000
99.000000 20.000000 -1.000000 -1.000000 0.728933 -1.000000
99.000000 21.000000 -1.000000 -1.000000 0.728933 -1.000000
99.000000 22.000000 -1.000000 -1.000000 0.728933 -1.000000
99.000000 23.000000 -1.000000 -1.000000 0.728933 -1.000000
99.000000 24.000000 -1.000000 -1.000000 0.728933 -1.000000
99.000000 25.000000 -1.000000 -1.000000 0.728933 -1.000000
99.000000 26.000000 -1.000000 -1.000000 0.728933 -1.000000
99.000000 27.000000 -1.000000 -1.000000 0.728933 -1.000000
99.000000 28.000000 -1.000000 -1.000000 0.728933 -1.000000
99.000000 29.000000 -1.000000 -1.000000 0.728933 -1.000000
99.000000 30.000000 -1.000000 -1.000000 0.728933 -1.000000
99.000000 31.000000 -1.000000 -1.000000 0.728933 -1.000000
99.000000 32.000000 -1.000000 -1.000000 0.728933 -1.000000
99.000000 33.000000 -1.000000 -1.000000 0.728933 -1.000000
99.000000 34.000000 -1.000000 -1.000000 0.728933 -1.000000
99.000000 35.000000 -1.000000 -1.000000 0.728933 -1.000000
99.000000 36.000000 -1.000000 -1.000000 0.728933 -1.000000
99.000000 37.000000 -1.000000 -1.000000 0.728933 -1.000000
99.000000 38.000000 -1.000000 -1.000000 0.728933 -1.000000
99.000000 39.000000 -1.000000 -1.000000 0.728933 -1.000000
99.000000 40.000000 -1.000000 -1.000000 0.728933 -1.000000
99.000000 41.000000 -1.000000 -1.000000 0.728933 -1.000000
99.000000 42.000000 -1.000000 -1.000000 0.728933 -1.000000
99.000000 43.000000 -1.000000 -1.000000 0.728933 -1.000000
99.000000 44.000000 -1.000000 -1.000000 0.728933 -1.000000
99.000000 45.000000 -1.000000 -1.000000 0.728933 -1.000000
99.000000 46.000000 -1.000000 -1.000000 0.728933 -1.000000
99.000000 47.000000 -1.000000 -1.000000 0.728933 -1.000000
99.000000 48.000000 -1.000000 -1.000000 0.728933 -1.000000
99.000000 49.000000 -1.000000 -1.000000 0.728933 -1.000000
