0.000000 0.000000 1.000000 10000.000000 10000.000000 10000.000000 10000.000000
0.000000 1.000000 1.000000 10000.000000 10000.000000 10000.000000 10000.000000
0.000000 2.000000 1.000000 10000.000000 10000.000000 10000.000000 10000.000000
0.000000 3.000000 1.000000 10000.000000 10000.000000 10000.000000 10000.000000
0.000000 4.000000 1.000000 9998.000000 10000.000000 9998.000000 9998.000000
0.000000 5.000000 1.000000 9994.000000 10000.000000 9994.000000 9994.000000
0.000000 6.000000 1.000000 9992.000000 10000.000000 9992.000000 9992.000000
0.000000 7.000000 1.000000 9991.000000 10000.000000 9991.000000 9991.000000
0.000000 8.000000 1.000000 9988.000000 10000.000000 9988.000000 9988.000000
0.000000 9.000000 1.000000 9986.000000 10000.000000 9986.000000 9986.000000
0.000000 10.000000 1.000000 9990.000000 10000.000000 9990.000000 9990.000000
0.000000 11.000000 1.000000 9990.000000 10000.000000 9990.000000 9990.000000
0.000000 12.000000 1.000000 9989.000000 10000.000000 9989.000000 9989.000000
0.000000 13.000000 1.000000 9991.000000 10000.000000 9991.000000 9991.000000
0.000000 14.000000 1.000000 9987.000000 10000.000000 9987.000000 9987.000000
0.000000 15.000000 1.000000 9987.000000 10000.000000 9987.000000 9987.000000
0.000000 16.000000 1.000000 9987.000000 10000.000000 9987.000000 9987.000000
0.000000 17.000000 1.000000 9984.000000 10000.000000 9984.000000 9984.000000
0.000000 18.000000 1.000000 9982.000000 10000.000000 9982.000000 9982.000000
0.000000 19.000000 1.000000 9985.000000 10000.000000 9985.000000 9985.000000
0.000000 20.000000 1.000000 9984.000000 10000.000000 9984.000000 9984.000000
0.000000 21.000000 1.000000 9984.000000 10000.000000 9984.000000 9984.000000
0.000000 22.000000 1.000000 9981.000000 10000.000000 9981.000000 9981.000000
0.000000 23.000000 1.000000 9980.000000 10000.000000 9980.000000 9980.000000
0.000000 24.000000 1.000000 9978.000000 10000.000000 9978.000000 9978.000000
0.000000 25.000000 1.000000 9973.000000 10000.000000 9973.000000 9973.000000
0.000000 26.000000 1.000000 9969.000000 10000.000000 9969.000000 9969.000000
0.000000 27.000000 1.000000 9970.000000 10000.000000 9970.000000 9970.000000
0.000000 28.000000 1.000000 9966.000000 10000.000000 9966.000000 9966.000000
0.000000 29.000000 1.000000 9966.000000 10000.000000 9966.000000 9966.000000
0.000000 30.000000 1.000000 9967.000000 10000.000000 9967.000000 9967.000000
0.000000 31.000000 1.000000 9961.000000 10000.000000 9961.000000 9961.000000
0.000000 32.000000 1.000000 9949.000000 10000.000000 9949.000000 9949.000000
0.000000 33.000000 1.000000 9946.000000 10000.000000 9946.000000 9946.000000
0.000000 34.000000 1.000000 9922.000000 10000.000000 9922.000000 9922.000000
0.000000 35.000000 1.000000 9868.000000 10000.000000 9868.000000 9868.000000
0.000000 36.000000 1.000000 9811.000000 10000.000000 9811.000000 9811.000000
0.000000 37.000000 1.000000 9743.000000 10000.000000 9743.000000 9743.000000
0.000000 38.000000 1.000000 9644.000000 10000.000000 9644.000000 9644.000000
0.000000 39.000000 1.000000 9568.000000 10000.000000 9568.000000 9568.000000
0.000000 40.000000 1.000000 9529.000000 10000.000000 9529.000000 9529.000000
0.000000 41.000000 1.000000 9493.000000 10000.000000 9493.000000 9493.000000
0.000000 42.000000 1.000000 9474.000000 10000.000000 9474.000000 9474.000000
0.000000 43.000000 1.000000 9449.000000 10000.000000 9449.000000 9449.000000
0.000000 44.000000 1.000000 9412.000000 10000.000000 9412.000000 9412.000000
0.000000 45.000000 1.000000 9409.000000 10000.000000 9409.000000 9409.000000
0.000000 46.000000 1.000000 9393.000000 10000.000000 9393.000000 9393.000000
0.000000 47.000000 1.000000 9363.000000 10000.000000 9363.000000 9363.000000
0.000000 48.000000 1.000000 9391.000000 10000.000000 9391.000000 9391.000000
0.000000 49.000000 1.000000 9443.000000 10000.000000 9443.000000 9443.000000
1.000000 0.000000 1.000000 10000.000000 10000.000000 10000.000000 10000.000000
1.000000 1.000000 1.000000 10000.000000 10000.000000 10000.000000 10000.000000
1.000000 2.000000 1.000000 10000.000000 10000.000000 10000.000000 10000.000000
1.000000 3.000000 1.000000 9996.000000 10000.000000 9996.000000 9996.000000
1.000000 4.000000 1.000000 9992.000000 10000.000000 9992.000000 9992.000000
1.000000 5.000000 1.000000 9987.000000 10000.000000 9987.000000 9987.000000
1.000000 6.000000 1.000000 9979.000000 10000.000000 9979.000000 9979.000000
1.000000 7.000000 1.000000 9967.000000 10000.000000 9967.000000 9967.000000
1.000000 8.000000 1.000000 9966.000000 10000.000000 9966.000000 9966.000000
1.000000 9.000000 1.000000 9962.000000 10000.000000 9962.000000 9962.000000
1.000000 10.000000 1.000000 9961.000000 10000.000000 9961.000000 9961.000000
1.000000 11.000000 1.000000 9965.000000 10000.000000 9965.000000 9965.000000
1.000000 12.000000 1.000000 9972.000000 10000.000000 9972.000000 9972.000000
1.000000 13.000000 1.000000 9961.000000 10000.000000 9961.000000 9961.000000
1.000000 14.000000 1.000000 9941.000000 10000.000000 9941.000000 9941.000000
1.000000 15.000000 1.000000 9922.000000 10000.000000 9922.000000 9922.000000
1.000000 16.000000 1.000000 9861.000000 10000.000000 9861.000000 9861.000000
1.000000 17.000000 1.000000 9799.000000 10000.000000 9799.000000 9799.000000
1.000000 18.000000 1.000000 9716.000000 10000.000000 9716.000000 9716.000000
1.000000 19.000000 1.000000 9585.000000 10000.000000 9585.000000 9585.000000
1.000000 20.000000 1.000000 9432.000000 10000.000000 9432.000000 9432.000000
1.000000 21.000000 1.000000 9307.000000 10000.000000 9307.000000 9307.000000
1.000000 22.000000 1.000000 9167.000000 10000.000000 9167.000000 9167.000000
1.000000 23.000000 1.000000 9054.000000 10000.000000 9054.000000 9054.000000
1.000000 24.000000 1.000000 9017.000000 10000.000000 9017.000000 9017.000000
1.000000 25.000000 1.000000 9025.000000 10000.000000 9025.000000 9025.000000
1.000000 26.000000 1.000000 9079.000000 10000.000000 9079.000000 9079.000000
1.000000 27.000000 1.000000 9184.000000 10000.000000 9184.000000 9184.000000
1.000000 28.000000 1.000000 9310.000000 10000.000000 9310.000000 9310.000000
1.000000 29.000000 1.000000 9443.000000 10000.000000 9443.000000 9443.000000
1.000000 30.000000 1.000000 9559.000000 10000.000000 9559.000000 9559.000000
1.000000 31.000000 1.000000 9649.000000 10000.000000 9649.000000 9649.000000
1.000000 32.000000 1.000000 9718.000000 10000.000000 9718.000000 9718.000000
1.000000 33.000000 1.000000 9745.000000 10000.000000 9745.000000 9745.000000
1.000000 34.000000 1.000000 9764.000000 10000.000000 9764.000000 9764.000000
1.000000 35.000000 1.000000 9804.000000 10000.000000 9804.000000 9804.000000
1.000000 36.000000 1.000000 9820.000000 10000.000000 9820.000000 9820.000000
1.000000 37.000000 1.000000 9832.000000 10000.000000 9832.000000 9832.000000
1.000000 38.000000 1.000000 9849.000000 10000.000000 9849.000000 9849.000000
1.000000 39.000000 1.000000 9879.000000 10000.000000 9879.000000 9879.000000
1.000000 40.000000 1.000000 9895.000000 10000.000000 9895.000000 9895.000000
1.000000 41.000000 1.000000 9915.000000 10000.000000 9915.000000 9915.000000
1.000000 42.000000 1.000000 9944.000000 10000.000000 9944.000000 9944.000000
1.000000 43.000000 1.000000 9970.000000 10000.000000 9970.000000 9970.000000
1.000000 44.000000 1.000000 9977.000000 10000.000000 9977.000000 9977.000000
1.000000 45.000000 1.000000 9983.000000 10000.000000 9983.000000 9983.000000
1.000000 46.000000 1.000000 9989.000000 10000.000000 9989.000000 9989.000000
1.000000 47.000000 1.000000 9994.000000 10000.000000 9994.000000 9994.000000
1.000000 48.000000 1.000000 9995.000000 10000.000000 9995.000000 9995.000000
1.000000 49.000000 1.000000 9997.000000 10000.000000 9997.000000 9997.000000
2.000000 0.000000 1.000000 10000.000000 10000.000000 10000.000000 10000.000000
2.000000 1.000000 1.000000 9999.000000 10000.000000 9999.000000 9999.000000
2.000000 2.000000 1.000000 9999.000000 10000.000000 9999.000000 9999.000000
2.000000 3.000000 1.000000 9999.000000 10000.000000 9999.000000 9999.000000
2.000000 4.000000 1.000000 9999.000000 10000.000000 9999.000000 9999.000000
2.000000 5.000000 1.000000 9999.000000 10000.000000 9999.000000 9999.000000
2.000000 6.000000 1.000000 10000.000000 10000.000000 10000.000000 10000.000000
2.000000 7.000000 1.000000 10000.000000 10000.000000 10000.000000 10000.000000
2.000000 8.000000 1.000000 10000.000000 10000.000000 10000.000000 10000.000000
2.000000 9.000000 1.000000 10000.000000 10000.000000 10000.000000 10000.000000
2.000000 10.000000 1.000000 10000.000000 10000.000000 10000.000000 10000.000000
2.000000 11.000000 1.000000 10000.000000 10000.000000 10000.000000 10000.000000
2.000000 12.000000 1.000000 10000.000000 10000.000000 10000.000000 10000.000000
2.000000 13.000000 1.000000 10000.000000 10000.000000 10000.000000 10000.000000
2.000000 14.000000 1.000000 10000.000000 10000.000000 10000.000000 10000.000000
2.000000 15.000000 1.000000 10000.000000 10000.000000 10000.000000 10000.000000
2.000000 16.000000 1.000000 10000.000000 10000.000000 10000.000000 10000.000000
2.000000 17.000000 1.000000 10000.000000 10000.000000 10000.000000 10000.000000
2.000000 18.000000 1.000000 10000.000000 10000.000000 10000.000000 10000.000000
2.000000 19.000000 1.000000 10000.000000 10000.000000 10000.000000 10000.000000
2.000000 20.000000 1.000000 10000.000000 10000.000000 10000.000000 10000.000000
2.000000 21.000000 1.000000 10000.000000 10000.000000 10000.000000 10000.000000
2.000000 22.000000 1.000000 10000.000000 10000.000000 10000.000000 10000.000000
2.000000 23.000000 1.000000 10000.000000 10000.000000 10000.000000 10000.000000
2.000000 24.000000 1.000000 10000.000000 10000.000000 10000.000000 10000.000000
2.000000 25.000000 1.000000 10000.000000 10000.000000 10000.000000 10000.000000
2.000000 26.000000 1.000000 10000.000000 10000.000000 10000.000000 10000.000000
2.000000 27.000000 1.000000 10000.000000 10000.000000 10000.000000 10000.000000
2.000000 28.000000 1.000000 10000.000000 10000.000000 10000.000000 10000.000000
2.000000 29.000000 1.000000 10000.000000 10000.000000 10000.000000 10000.000000
2.000000 30.000000 1.000000 10000.000000 10000.000000 10000.000000 10000.000000
2.000000 31.000000 1.000000 10000.000000 10000.000000 10000.000000 10000.000000
2.000000 32.000000 1.000000 10000.000000 10000.000000 10000.000000 10000.000000
2.000000 33.000000 1.000000 10000.000000 10000.000000 10000.000000 10000.000000
2.000000 34.000000 1.000000 10000.000000 10000.000000 10000.000000 10000.000000
2.000000 35.000000 1.000000 10000.000000 10000.000000 10000.000000 10000.000000
2.000000 36.000000 1.000000 10000.000000 10000.000000 10000.000000 10000.000000
2.000000 37.000000 1.000000 10000.000000 10000.000000 10000.000000 10000.000000
2.000000 38.000000 1.000000 10000.000000 10000.000000 10000.000000 10000.000000
2.000000 39.000000 1.000000 10000.000000 10000.000000 10000.000000 10000.000000
2.000000 40.000000 1.000000 10000.000000 10000.000000 10000.000000 10000.000000
2.000000 41.000000 1.000000 10000.000000 10000.000000 10000.000000 10000.000000
2.000000 42.000000 1.000000 10000.000000 10000.000000 10000.000000 10000.000000
2.000000 43.000000 1.000000 10000.000000 10000.000000 10000.000000 10000.000000
2.000000 44.000000 1.000000 10000.000000 10000.000000 10000.000000 10000.000000
2.000000 45.000000 1.000000 10000.000000 10000.000000 10000.000000 10000.000000
2.000000 46.000000 1.000000 10000.000000 10000.000000 10000.000000 10000.000000
2.000000 47.000000 1.000000 10000.000000 10000.000000 10000.000000 10000.000000
2.000000 48.000000 1.000000 10000.000000 10000.000000 10000.000000 10000.000000
2.000000 49.000000 1.000000 10000.000000 10000.000000 10000.000000 10000.000000
3.000000 0.000000 1.000000 10000.000000 10000.000000 10000.000000 10000.000000
3.000000 1.000000 1.000000 10000.000000 10000.000000 10000.000000 10000.000000
3.000000 2.000000 1.000000 10000.000000 10000.000000 10000.000000 10000.000000
3.000000 3.000000 1.000000 10000.000000 10000.000000 10000.000000 10000.000000
3.000000 4.000000 1.000000 9998.000000 10000.000000 9998.000000 9998.000000
3.000000 5.000000 1.000000 9993.000000 10000.000000 9993.000000 9993.000000
3.000000 6.000000 1.000000 9991.000000 10000.000000 9991.000000 9991.000000
3.000000 7.000000 1.000000 9988.000000 10000.000000 9988.000000 9988.000000
3.000000 8.000000 1.000000 9978.000000 10000.000000 9978.000000 9978.000000
3.000000 9.000000 1.000000 9975.000000 10000.000000 9975.000000 9975.000000
3.000000 10.000000 1.000000 9969.000000 10000.000000 9969.000000 9969.000000
3.000000 11.000000 1.000000 9949.000000 10000.000000 9949.000000 9949.000000
3.000000 12.000000 1.000000 9923.000000 10000.000000 9923.000000 9923.000000
3.000000 13.000000 1.000000 9881.000000 10000.000000 9881.000000 9881.000000
3.000000 14.000000 1.000000 9829.000000 10000.000000 9829.000000 9829.000000
3.000000 15.000000 1.000000 9771.000000 10000.000000 9771.000000 9771.000000
3.000000 16.000000 1.000000 9687.000000 10000.000000 9687.000000 9687.000000
3.000000 17.000000 1.000000 9621.000000 10000.000000 9621.000000 9621.000000
3.000000 18.000000 1.000000 9563.000000 10000.000000 9563.000000 9563.000000
3.000000 19.000000 1.000000 9514.000000 10000.000000 9514.000000 9514.000000
3.000000 20.000000 1.000000 9450.000000 10000.000000 9450.000000 9450.000000
3.000000 21.000000 1.000000 9445.000000 10000.000000 9445.000000 9445.000000
3.000000 22.000000 1.000000 9430.000000 10000.000000 9430.000000 9430.000000
3.000000 23.000000 1.000000 9423.000000 10000.000000 9423.000000 9423.000000
3.000000 24.000000 1.000000 9422.000000 10000.000000 9422.000000 9422.000000
3.000000 25.000000 1.000000 9407.000000 10000.000000 9407.000000 9407.000000
3.000000 26.000000 1.000000 9393.000000 10000.000000 9393.000000 9393.000000
3.000000 27.000000 1.000000 9396.000000 10000.000000 9396.000000 9396.000000
3.000000 28.000000 1.000000 9387.000000 10000.000000 9387.000000 9387.000000
3.000000 29.000000 1.000000 9393.000000 10000.000000 9393.000000 9393.000000
3.000000 30.000000 1.000000 9471.000000 10000.000000 9471.000000 9471.000000
3.000000 31.000000 1.000000 9517.000000 10000.000000 9517.000000 9517.000000
3.000000 32.000000 1.000000 9583.000000 10000.000000 9583.000000 9583.000000
3.000000 33.000000 1.000000 9662.000000 10000.000000 9662.000000 9662.000000
3.000000 34.000000 1.000000 9731.000000 10000.000000 9731.000000 9731.000000
3.000000 35.000000 1.000000 9778.000000 10000.000000 9778.000000 9778.000000
3.000000 36.000000 1.000000 9827.000000 10000.000000 9827.000000 9827.000000
3.000000 37.000000 1.000000 9859.000000 10000.000000 9859.000000 9859.000000
3.000000 38.000000 1.000000 9885.000000 10000.000000 9885.000000 9885.000000
3.000000 39.000000 1.000000 9908.000000 10000.000000 9908.000000 9908.000000
3.000000 40.000000 1.000000 9921.000000 10000.000000 9921.000000 9921.000000
3.000000 41.000000 1.000000 9937.000000 10000.000000 9937.000000 9937.000000
3.000000 42.000000 1.000000 9953.000000 10000.000000 9953.000000 9953.000000
3.000000 43.000000 1.000000 9957.000000 10000.000000 9957.000000 9957.000000
3.000000 44.000000 1.000000 9959.000000 10000.000000 9959.000000 9959.000000
3.000000 45.000000 1.000000 9959.000000 10000.000000 9959.000000 9959.000000
3.000000 46.000000 1.000000 9964.000000 10000.000000 9964.000000 9964.000000
3.000000 47.000000 1.000000 9965.000000 10000.000000 9965.000000 9965.000000
3.000000 48.000000 1.000000 9962.000000 10000.000000 9962.000000 9962.000000
3.000000 49.000000 1.000000 9969.000000 10000.000000 9969.000000 9969.000000
4.000000 0.000000 1.000000 10000.000000 10000.000000 10000.000000 10000.000000
4.000000 1.000000 1.000000 10000.000000 10000.000000 10000.000000 10000.000000
4.000000 2.000000 1.000000 9999.000000 10000.000000 9999.000000 9999.000000
4.000000 3.000000 1.000000 9999.000000 10000.000000 9999.000000 9999.000000
4.000000 4.000000 1.000000 9998.000000 10000.000000 9998.000000 9998.000000
4.000000 5.000000 1.000000 9998.000000 10000.000000 9998.000000 9998.000000
4.000000 6.000000 1.000000 9998.000000 10000.000000 9998.000000 9998.000000
4.000000 7.000000 1.000000 9998.000000 10000.000000 9998.000000 9998.000000
4.000000 8.000000 1.000000 9999.000000 10000.000000 9999.000000 9999.000000
4.000000 9.000000 1.000000 10000.000000 10000.000000 10000.000000 10000.000000
4.000000 10.000000 1.000000 10000.000000 10000.000000 10000.000000 10000.000000
4.000000 11.000000 1.000000 10000.000000 10000.000000 10000.000000 10000.000000
4.000000 12.000000 1.000000 10000.000000 10000.000000 10000.000000 10000.000000
4.000000 13.000000 1.000000 10000.000000 10000.000000 10000.000000 10000.000000
4.000000 14.000000 1.000000 10000.000000 10000.000000 10000.000000 10000.000000
4.000000 15.000000 1.000000 10000.000000 10000.000000 10000.000000 10000.000000
4.000000 16.000000 1.000000 10000.000000 10000.000000 10000.000000 10000.000000
4.000000 17.000000 1.000000 10000.000000 10000.000000 10000.000000 10000.000000
4.000000 18.000000 1.000000 10000.000000 10000.000000 10000.000000 10000.000000
4.000000 19.000000 1.000000 10000.000000 10000.000000 10000.000000 10000.000000
4.000000 20.000000 1.000000 10000.000000 10000.000000 10000.000000 10000.000000
4.000000 21.000000 1.000000 10000.000000 10000.000000 10000.000000 10000.000000
4.000000 22.000000 1.000000 10000.000000 10000.000000 10000.000000 10000.000000
4.000000 23.000000 1.000000 10000.000000 10000.000000 10000.000000 10000.000000
4.000000 24.000000 1.000000 10000.000000 10000.000000 10000.000000 10000.000000
4.000000 25.000000 1.000000 10000.000000 10000.000000 10000.000000 10000.000000
4.000000 26.000000 1.000000 10000.000000 10000.000000 10000.000000 10000.000000
4.000000 27.000000 1.000000 10000.000000 10000.000000 10000.000000 10000.000000
4.000000 28.000000 1.000000 10000.000000 10000.000000 10000.000000 10000.000000
4.000000 29.000000 1.000000 10000.000000 10000.000000 10000.000000 10000.000000
4.000000 30.000000 1.000000 10000.000000 10000.000000 10000.000000 10000.000000
4.000000 31.000000 1.000000 10000.000000 10000.000000 10000.000000 10000.000000
4.000000 32.000000 1.000000 10000.000000 10000.000000 10000.000000 10000.000000
4.000000 33.000000 1.000000 10000.000000 10000.000000 10000.000000 10000.000000
4.000000 34.000000 1.000000 10000.000000 10000.000000 10000.000000 10000.000000
4.000000 35.000000 1.000000 10000.000000 10000.000000 10000.000000 10000.000000
4.000000 36.000000 1.000000 10000.000000 10000.000000 10000.000000 10000.000000
4.000000 37.000000 1.000000 10000.000000 10000.000000 10000.000000 10000.000000
4.000000 38.000000 1.000000 10000.000000 10000.000000 10000.000000 10000.000000
4.000000 39.000000 1.000000 10000.000000 10000.000000 10000.000000 10000.000000
4.000000 40.000000 1.000000 10000.000000 10000.000000 10000.000000 10000.000000
4.000000 41.000000 1.000000 10000.000000 10000.000000 10000.000000 10000.000000
4.000000 42.000000 1.000000 10000.000000 10000.000000 10000.000000 10000.000000
4.000000 43.000000 1.000000 10000.000000 10000.000000 10000.000000 10000.000000
4.000000 44.000000 1.000000 10000.000000 10000.000000 10000.000000 10000.000000
4.000000 45.000000 1.000000 10000.000000 10000.000000 10000.000000 10000.000000
4.000000 46.000000 1.000000 10000.000000 10000.000000 10000.000000 10000.000000
4.000000 47.000000 1.000000 10000.000000 10000.000000 10000.000000 10000.000000
4.000000 48.000000 1.000000 10000.000000 10000.000000 10000.000000 10000.000000
4.000000 49.000000 1.000000 10000.000000 10000.000000 10000.000000 10000.000000
5.000000 0.000000 1.000000 10000.000000 10000.000000 10000.000000 10000.000000
5.000000 1.000000 1.000000 10000.000000 10000.000000 10000.000000 10000.000000
5.000000 2.000000 1.000000 10000.000000 10000.000000 10000.000000 10000.000000
5.000000 3.000000 1.000000 10000.000000 10000.000000 10000.000000 10000.000000
5.000000 4.000000 1.000000 9999.000000 10000.000000 9999.000000 9999.000000
5.000000 5.000000 1.000000 9999.000000 10000.000000 9999.000000 9999.000000
5.000000 6.000000 1.000000 9999.000000 10000.000000 9999.000000 9999.000000
5.000000 7.000000 1.000000 9999.000000 10000.000000 9999.000000 9999.000000
5.000000 8.000000 1.000000 9999.000000 10000.000000 9999.000000 9999.000000
5.000000 9.000000 1.000000 10000.000000 10000.000000 10000.000000 10000.000000
5.000000 10.000000 1.000000 10000.000000 10000.000000 10000.000000 10000.000000
5.000000 11.000000 1.000000 10000.000000 10000.000000 10000.000000 10000.000000
5.000000 12.000000 1.000000 10000.000000 10000.000000 10000.000000 10000.000000
5.000000 13.000000 1.000000 10000.000000 10000.000000 10000.000000 10000.000000
5.000000 14.000000 1.000000 10000.000000 10000.000000 10000.000000 10000.000000
5.000000 15.000000 1.000000 10000.000000 10000.000000 10000.000000 10000.000000
5.000000 16.000000 1.000000 10000.000000 10000.000000 10000.000000 10000.000000
5.000000 17.000000 1.000000 10000.000000 10000.000000 10000.000000 10000.000000
5.000000 18.000000 1.000000 10000.000000 10000.000000 10000.000000 10000.000000
5.000000 19.000000 1.000000 10000.000000 10000.000000 10000.000000 10000.000000
5.000000 20.000000 1.000000 10000.000000 10000.000000 10000.000000 10000.000000
5.000000 21.000000 1.000000 10000.000000 10000.000000 10000.000000 10000.000000
5.000000 22.000000 1.000000 10000.000000 10000.000000 10000.000000 10000.000000
5.000000 23.000000 1.000000 10000.000000 10000.000000 10000.000000 10000.000000
5.000000 24.000000 1.000000 10000.000000 10000.000000 10000.000000 10000.000000
5.000000 25.000000 1.000000 10000.000000 10000.000000 10000.000000 10000.000000
5.000000 26.000000 1.000000 10000.000000 10000.000000 10000.000000 10000.000000
5.000000 27.000000 1.000000 10000.000000 10000.000000 10000.000000 10000.000000
5.000000 28.000000 1.000000 10000.000000 10000.000000 10000.000000 10000.000000
5.000000 29.000000 1.000000 10000.000000 10000.000000 10000.000000 10000.000000
5.000000 30.000000 1.000000 10000.000000 10000.000000 10000.000000 10000.000000
5.000000 31.000000 1.000000 10000.000000 10000.000000 10000.000000 10000.000000
5.000000 32.000000 1.000000 10000.000000 10000.000000 10000.000000 10000.000000
5.000000 33.000000 1.000000 10000.000000 10000.000000 10000.000000 10000.000000
5.000000 34.000000 1.000000 10000.000000 10000.000000 10000.000000 10000.000000
5.000000 35.000000 1.000000 10000.000000 10000.000000 10000.000000 10000.000000
5.000000 36.000000 1.000000 10000.000000 10000.000000 10000.000000 10000.000000
5.000000 37.000000 1.000000 10000.000000 10000.000000 10000.000000 10000.000000
5.000000 38.000000 1.000000 10000.000000 10000.000000 10000.000000 10000.000000
5.000000 39.000000 1.000000 10000.000000 10000.000000 10000.000000 10000.000000
5.000000 40.000000 1.000000 10000.000000 10000.000000 10000.000000 10000.000000
5.000000 41.000000 1.000000 10000.000000 10000.000000 10000.000000 10000.000000
5.000000 42.000000 1.000000 10000.000000 10000.000000 10000.000000 10000.000000
5.000000 43.000000 1.000000 10000.000000 10000.000000 10000.000000 10000.000000
5.000000 44.000000 1.000000 10000.000000 10000.000000 10000.000000 10000.000000
5.000000 45.000000 1.000000 10000.000000 10000.000000 10000.000000 10000.000000
5.000000 46.000000 1.000000 10000.000000 10000.000000 10000.000000 10000.000000
5.000000 47.000000 1.000000 10000.000000 10000.000000 10000.000000 10000.000000
5.000000 48.000000 1.000000 10000.000000 10000.000000 10000.000000 10000.000000
5.000000 49.000000 1.000000 10000.000000 10000.000000 10000.000000 10000.000000
6.000000 0.000000 1.000000 10000.000000 10000.000000 10000.000000 10000.000000
6.000000 1.000000 1.000000 10000.000000 10000.000000 10000.000000 10000.000000
6.000000 2.000000 1.000000 10000.000000 10000.000000 10000.000000 10000.000000
6.000000 3.000000 1.000000 10000.000000 10000.000000 10000.000000 10000.000000
6.000000 4.000000 1.000000 10000.000000 10000.000000 10000.000000 10000.000000
6.000000 5.000000 1.000000 10000.000000 10000.000000 10000.000000 10000.000000
6.000000 6.000000 1.000000 9999.000000 10000.000000 9999.000000 9999.000000
6.000000 7.000000 1.000000 9999.000000 10000.000000 9999.000000 9999.000000
6.000000 8.000000 1.000000 9999.000000 10000.000000 9999.000000 9999.000000
6.000000 9.000000 1.000000 9999.000000 10000.000000 9999.000000 9999.000000
6.000000 10.000000 1.000000 9999.000000 10000.000000 9999.000000 9999.000000
6.000000 11.000000 1.000000 10000.000000 10000.000000 10000.000000 10000.000000
6.000000 12.000000 1.000000 10000.000000 10000.000000 10000.000000 10000.000000
6.000000 13.000000 1.000000 10000.000000 10000.000000 10000.000000 10000.000000
6.000000 14.000000 1.000000 10000.000000 10000.000000 10000.000000 10000.000000
6.000000 15.000000 1.000000 10000.000000 10000.000000 10000.000000 10000.000000
6.000000 16.000000 1.000000 10000.000000 10000.000000 10000.000000 10000.000000
6.000000 17.000000 1.000000 10000.000000 10000.000000 10000.000000 10000.000000
6.000000 18.000000 1.000000 10000.000000 10000.000000 10000.000000 10000.000000
6.000000 19.000000 1.000000 10000.000000 10000.000000 10000.000000 10000.000000
6.000000 20.000000 1.000000 10000.000000 10000.000000 10000.000000 10000.000000
6.000000 21.000000 1.000000 10000.000000 10000.000000 10000.000000 10000.000000
6.000000 22.000000 1.000000 10000.000000 10000.000000 10000.000000 10000.000000
6.000000 23.000000 1.000000 10000.000000 10000.000000 10000.000000 10000.000000
6.000000 24.000000 1.000000 10000.000000 10000.000000 10000.000000 10000.000000
6.000000 25.000000 1.000000 10000.000000 10000.000000 10000.000000 10000.000000
6.000000 26.000000 1.000000 10000.000000 10000.000000 10000.000000 10000.000000
6.000000 27.000000 1.000000 10000.000000 10000.000000 10000.000000 10000.000000
6.000000 28.000000 1.000000 10000.000000 10000.000000 10000.000000 10000.000000
6.000000 29.000000 1.000000 10000.000000 10000.000000 10000.000000 10000.000000
6.000000 30.000000 1.000000 10000.000000 10000.000000 10000.000000 10000.000000
6.000000 31.000000 1.000000 10000.000000 10000.000000 10000.000000 10000.000000
6.000000 32.000000 1.000000 10000.000000 10000.000000 10000.000000 10000.000000
6.000000 33.000000 1.000000 10000.000000 10000.000000 10000.000000 10000.000000
6.000000 34.000000 1.000000 10000.000000 10000.000000 10000.000000 10000.000000
6.000000 35.000000 1.000000 10000.000000 10000.000000 10000.000000 10000.000000
6.000000 36.000000 1.000000 10000.000000 10000.000000 10000.000000 10000.000000
6.000000 37.000000 1.000000 10000.000000 10000.000000 10000.000000 10000.000000
6.000000 38.000000 1.000000 10000.000000 10000.000000 10000.000000 10000.000000
6.000000 39.000000 1.000000 10000.000000 10000.000000 10000.000000 10000.000000
6.000000 40.000000 1.000000 10000.000000 10000.000000 10000.000000 10000.000000
6.000000 41.000000 1.000000 10000.000000 10000.000000 10000.000000 10000.000000
6.000000 42.000000 1.000000 10000.000000 10000.000000 10000.000000 10000.000000
6.000000 43.000000 1.000000 10000.000000 10000.000000 10000.000000 10000.000000
6.000000 44.000000 1.000000 10000.000000 10000.000000 10000.000000 10000.000000
6.000000 45.000000 1.000000 10000.000000 10000.000000 10000.000000 10000.000000
6.000000 46.000000 1.000000 10000.000000 10000.000000 10000.000000 10000.000000
6.000000 47.000000 1.000000 10000.000000 10000.000000 10000.000000 10000.000000
6.000000 48.000000 1.000000 10000.000000 10000.000000 10000.000000 10000.000000
6.000000 49.000000 1.000000 10000.000000 10000.000000 10000.000000 10000.000000
7.000000 0.000000 1.000000 10000.000000 10000.000000 10000.000000 10000.000000
7.000000 1.000000 1.000000 10000.000000 10000.000000 10000.000000 10000.000000
7.000000 2.000000 1.000000 9999.000000 10000.000000 9999.000000 9999.000000
7.000000 3.000000 1.000000 9999.000000 10000.000000 9999.000000 9999.000000
7.000000 4.000000 1.000000 9997.000000 10000.000000 9997.000000 9997.000000
7.000000 5.000000 1.000000 9994.000000 10000.000000 9994.000000 9994.000000
7.000000 6.000000 1.000000 9987.000000 10000.000000 9987.000000 9987.000000
7.000000 7.000000 1.000000 9984.000000 10000.000000 9984.000000 9984.000000
7.000000 8.000000 1.000000 9977.000000 10000.000000 9977.000000 9977.000000
7.000000 9.000000 1.000000 9963.000000 10000.000000 9963.000000 9963.000000
7.000000 10.000000 1.000000 9953.000000 10000.000000 9953.000000 9953.000000
7.000000 11.000000 1.000000 9959.000000 10000.000000 9959.000000 9959.000000
7.000000 12.000000 1.000000 9956.000000 10000.000000 9956.000000 9956.000000
7.000000 13.000000 1.000000 9935.000000 10000.000000 9935.000000 9935.000000
7.000000 14.000000 1.000000 9887.000000 10000.000000 9887.000000 9887.000000
7.000000 15.000000 1.000000 9843.000000 10000.000000 9843.000000 9843.000000
7.000000 16.000000 1.000000 9798.000000 10000.000000 9798.000000 9798.000000
7.000000 17.000000 1.000000 9745.000000 10000.000000 9745.000000 9745.000000
7.000000 18.000000 1.000000 9712.000000 10000.000000 9712.000000 9712.000000
7.000000 19.000000 1.000000 9705.000000 10000.000000 9705.000000 9705.000000
7.000000 20.000000 1.000000 9673.000000 10000.000000 9673.000000 9673.000000
7.000000 21.000000 1.000000 9624.000000 10000.000000 9624.000000 9624.000000
7.000000 22.000000 1.000000 9597.000000 10000.000000 9597.000000 9597.000000
7.000000 23.000000 1.000000 9553.000000 10000.000000 9553.000000 9553.000000
7.000000 24.000000 1.000000 9540.000000 10000.000000 9540.000000 9540.000000
7.000000 25.000000 1.000000 9536.000000 10000.000000 9536.000000 9536.000000
7.000000 26.000000 1.000000 9545.000000 10000.000000 9545.000000 9545.000000
7.000000 27.000000 1.000000 9543.000000 10000.000000 9543.000000 9543.000000
7.000000 28.000000 1.000000 9569.000000 10000.000000 9569.000000 9569.000000
7.000000 29.000000 1.000000 9599.000000 10000.000000 9599.000000 9599.000000
7.000000 30.000000 1.000000 9647.000000 10000.000000 9647.000000 9647.000000
7.000000 31.000000 1.000000 9678.000000 10000.000000 9678.000000 9678.000000
7.000000 32.000000 1.000000 9714.000000 10000.000000 9714.000000 9714.000000
7.000000 33.000000 1.000000 9738.000000 10000.000000 9738.000000 9738.000000
7.000000 34.000000 1.000000 9754.000000 10000.000000 9754.000000 9754.000000
7.000000 35.000000 1.000000 9720.000000 10000.000000 9720.000000 9720.000000
7.000000 36.000000 1.000000 9708.000000 10000.000000 9708.000000 9708.000000
7.000000 37.000000 1.000000 9726.000000 10000.000000 9726.000000 9726.000000
7.000000 38.000000 1.000000 9738.000000 10000.000000 9738.000000 9738.000000
7.000000 39.000000 1.000000 9770.000000 10000.000000 9770.000000 9770.000000
7.000000 40.000000 1.000000 9832.000000 10000.000000 9832.000000 9832.000000
7.000000 41.000000 1.000000 9869.000000 10000.000000 9869.000000 9869.000000
7.000000 42.000000 1.000000 9897.000000 10000.000000 9897.000000 9897.000000
7.000000 43.000000 1.000000 9923.000000 10000.000000 9923.000000 9923.000000
7.000000 44.000000 1.000000 9940.000000 10000.000000 9940.000000 9940.000000
7.000000 45.000000 1.000000 9949.000000 10000.000000 9949.000000 9949.000000
7.000000 46.000000 1.000000 9963.000000 10000.000000 9963.000000 9963.000000
7.000000 47.000000 1.000000 9971.000000 10000.000000 9971.000000 9971.000000
7.000000 48.000000 1.000000 9980.000000 10000.000000 9980.000000 9980.000000
7.000000 49.000000 1.000000 9988.000000 10000.000000 9988.000000 9988.000000
8.000000 0.000000 1.000000 10000.000000 10000.000000 10000.000000 10000.000000
8.000000 1.000000 1.000000 10000.000000 10000.000000 10000.000000 10000.000000
8.000000 2.000000 1.000000 10000.000000 10000.000000 10000.000000 10000.000000
8.000000 3.000000 1.000000 10000.000000 10000.000000 10000.000000 10000.000000
8.000000 4.000000 1.000000 9999.000000 10000.000000 9999.000000 9999.000000
8.000000 5.000000 1.000000 9998.000000 10000.000000 9998.000000 9998.000000
8.000000 6.000000 1.000000 9998.000000 10000.000000 9998.000000 9998.000000
8.000000 7.000000 1.000000 9998.000000 10000.000000 9998.000000 9998.000000
8.000000 8.000000 1.000000 9998.000000 10000.000000 9998.000000 9998.000000
8.000000 9.000000 1.000000 9999.000000 10000.000000 9999.000000 9999.000000
8.000000 10.000000 1.000000 10000.000000 10000.000000 10000.000000 10000.000000
8.000000 11.000000 1.000000 10000.000000 10000.000000 10000.000000 10000.000000
8.000000 12.000000 1.000000 10000.000000 10000.000000 10000.000000 10000.000000
8.000000 13.000000 1.000000 10000.000000 10000.000000 10000.000000 10000.000000
8.000000 14.000000 1.000000 10000.000000 10000.000000 10000.000000 10000.000000
8.000000 15.000000 1.000000 10000.000000 10000.000000 10000.000000 10000.000000
8.000000 16.000000 1.000000 10000.000000 10000.000000 10000.000000 10000.000000
8.000000 17.000000 1.000000 10000.000000 10000.000000 10000.000000 10000.000000
8.000000 18.000000 1.000000 10000.000000 10000.000000 10000.000000 10000.000000
8.000000 19.000000 1.000000 10000.000000 10000.000000 10000.000000 10000.000000
8.000000 20.000000 1.000000 10000.000000 10000.000000 10000.000000 10000.000000
8.000000 21.000000 1.000000 10000.000000 10000.000000 10000.000000 10000.000000
8.000000 22.000000 1.000000 10000.000000 10000.000000 10000.000000 10000.000000
8.000000 23.000000 1.000000 10000.000000 10000.000000 10000.000000 10000.000000
8.000000 24.000000 1.000000 10000.000000 10000.000000 10000.000000 10000.000000
8.000000 25.000000 1.000000 10000.000000 10000.000000 10000.000000 10000.000000
8.000000 26.000000 1.000000 10000.000000 10000.000000 10000.000000 10000.000000
8.000000 27.000000 1.000000 10000.000000 10000.000000 10000.000000 10000.000000
8.000000 28.000000 1.000000 10000.000000 10000.000000 10000.000000 10000.000000
8.000000 29.000000 1.000000 10000.000000 10000.000000 10000.000000 10000.000000
8.000000 30.000000 1.000000 10000.000000 10000.000000 10000.000000 10000.000000
8.000000 31.000000 1.000000 10000.000000 10000.000000 10000.000000 10000.000000
8.000000 32.000000 1.000000 10000.000000 10000.000000 10000.000000 10000.000000
8.000000 33.000000 1.000000 10000.000000 10000.000000 10000.000000 10000.000000
8.000000 34.000000 1.000000 10000.000000 10000.000000 10000.000000 10000.000000
8.000000 35.000000 1.000000 10000.000000 10000.000000 10000.000000 10000.000000
8.000000 36.000000 1.000000 10000.000000 10000.000000 10000.000000 10000.000000
8.000000 37.000000 1.000000 10000.000000 10000.000000 10000.000000 10000.000000
8.000000 38.000000 1.000000 10000.000000 10000.000000 10000.000000 10000.000000
8.000000 39.000000 1.000000 10000.000000 10000.000000 10000.000000 10000.000000
8.000000 40.000000 1.000000 10000.000000 10000.000000 10000.000000 10000.000000
8.000000 41.000000 1.000000 10000.000000 10000.000000 10000.000000 10000.000000
8.000000 42.000000 1.000000 10000.000000 10000.000000 10000.000000 10000.000000
8.000000 43.000000 1.000000 10000.000000 10000.000000 10000.000000 10000.000000
8.000000 44.000000 1.000000 10000.000000 10000.000000 10000.000000 10000.000000
8.000000 45.000000 1.000000 10000.000000 10000.000000 10000.000000 10000.000000
8.000000 46.000000 1.000000 10000.000000 10000.000000 10000.000000 10000.000000
8.000000 47.000000 1.000000 10000.000000 10000.000000 10000.000000 10000.000000
8.000000 48.000000 1.000000 10000.000000 10000.000000 10000.000000 10000.000000
8.000000 49.000000 1.000000 10000.000000 10000.000000 10000.000000 10000.000000
9.000000 0.000000 1.000000 10000.000000 10000.000000 10000.000000 10000.000000
9.000000 1.000000 1.000000 10000.000000 10000.000000 10000.000000 10000.000000
9.000000 2.000000 1.000000 10000.000000 10000.000000 10000.000000 10000.000000
9.000000 3.000000 1.000000 9999.000000 10000.000000 9999.000000 9999.000000
9.000000 4.000000 1.000000 9999.000000 10000.000000 9999.000000 9999.000000
9.000000 5.000000 1.000000 9999.000000 10000.000000 9999.000000 9999.000000
9.000000 6.000000 1.000000 9999.000000 10000.000000 9999.000000 9999.000000
9.000000 7.000000 1.000000 9999.000000 10000.000000 9999.000000 9999.000000
9.000000 8.000000 1.000000 10000.000000 10000.000000 10000.000000 10000.000000
9.000000 9.000000 1.000000 10000.000000 10000.000000 10000.000000 10000.000000
9.000000 10.000000 1.000000 10000.000000 10000.000000 10000.000000 10000.000000
9.000000 11.000000 1.000000 10000.000000 10000.000000 10000.000000 10000.000000
9.000000 12.000000 1.000000 10000.000000 10000.000000 10000.000000 10000.000000
9.000000 13.000000 1.000000 10000.000000 10000.000000 10000.000000 10000.000000
9.000000 14.000000 1.000000 10000.000000 10000.000000 10000.000000 10000.000000
9.000000 15.000000 1.000000 10000.000000 10000.000000 10000.000000 10000.000000
9.000000 16.000000 1.000000 10000.000000 10000.000000 10000.000000 10000.000000
9.000000 17.000000 1.000000 10000.000000 10000.000000 10000.000000 10000.000000
9.000000 18.000000 1.000000 10000.000000 10000.000000 10000.000000 10000.000000
9.000000 19.000000 1.000000 10000.000000 10000.000000 10000.000000 10000.000000
9.000000 20.000000 1.000000 10000.000000 10000.000000 10000.000000 10000.000000
9.000000 21.000000 1.000000 10000.000000 10000.000000 10000.000000 10000.000000
9.000000 22.000000 1.000000 10000.000000 10000.000000 10000.000000 10000.000000
9.000000 23.000000 1.000000 10000.000000 10000.000000 10000.000000 10000.000000
9.000000 24.000000 1.000000 10000.000000 10000.000000 10000.000000 10000.000000
9.000000 25.000000 1.000000 10000.000000 10000.000000 10000.000000 10000.000000
9.000000 26.000000 1.000000 10000.000000 10000.000000 10000.000000 10000.000000
9.000000 27.000000 1.000000 10000.000000 10000.000000 10000.000000 10000.000000
9.000000 28.000000 1.000000 10000.000000 10000.000000 10000.000000 10000.000000
9.000000 29.000000 1.000000 10000.000000 10000.000000 10000.000000 10000.000000
9.000000 30.000000 1.000000 10000.000000 10000.000000 10000.000000 10000.000000
9.000000 31.000000 1.000000 10000.000000 10000.000000 10000.000000 10000.000000
9.000000 32.000000 1.000000 10000.000000 10000.000000 10000.000000 10000.000000
9.000000 33.000000 1.000000 10000.000000 10000.000000 10000.000000 10000.000000
9.000000 34.000000 1.000000 10000.000000 10000.000000 10000.000000 10000.000000
9.000000 35.000000 1.000000 10000.000000 10000.000000 10000.000000 10000.000000
9.000000 36.000000 1.000000 10000.000000 10000.000000 10000.000000 10000.000000
9.000000 37.000000 1.000000 10000.000000 10000.000000 10000.000000 10000.000000
9.000000 38.000000 1.000000 10000.000000 10000.000000 10000.000000 10000.000000
9.000000 39.000000 1.000000 10000.000000 10000.000000 10000.000000 10000.000000
9.000000 40.000000 1.000000 10000.000000 10000.000000 10000.000000 10000.000000
9.000000 41.000000 1.000000 10000.000000 10000.000000 10000.000000 10000.000000
9.000000 42.000000 1.000000 10000.000000 10000.000000 10000.000000 10000.000000
9.000000 43.000000 1.000000 10000.000000 10000.000000 10000.000000 10000.000000
9.000000 44.000000 1.000000 10000.000000 10000.000000 10000.000000 10000.000000
9.000000 45.000000 1.000000 10000.000000 10000.000000 10000.000000 10000.000000
9.000000 46.000000 1.000000 10000.000000 10000.000000 10000.000000 10000.000000
9.000000 47.000000 1.000000 10000.000000 10000.000000 10000.000000 10000.000000
9.000000 48.000000 1.000000 10000.000000 10000.000000 10000.000000 10000.000000
9.000000 49.000000 1.000000 10000.000000 10000.000000 10000.000000 10000.000000
10.000000 0.000000 1.000000 10000.000000 10000.000000 10000.000000 10000.000000
10.000000 1.000000 1.000000 10000.000000 10000.000000 10000.000000 10000.000000
10.000000 2.000000 1.000000 9999.000000 10000.000000 9999.000000 9999.000000
10.000000 3.000000 1.000000 9999.000000 10000.000000 9999.000000 9999.000000
10.000000 4.000000 1.000000 9999.000000 10000.000000 9999.000000 9999.000000
10.000000 5.000000 1.000000 9999.000000 10000.000000 9999.000000 9999.000000
10.000000 6.000000 1.000000 9999.000000 10000.000000 9999.000000 9999.000000
10.000000 7.000000 1.000000 10000.000000 10000.000000 10000.000000 10000.000000
10.000000 8.000000 1.000000 10000.000000 10000.000000 10000.000000 10000.000000
10.000000 9.000000 1.000000 10000.000000 10000.000000 10000.000000 10000.000000
10.000000 10.000000 1.000000 10000.000000 10000.000000 10000.000000 10000.000000
10.000000 11.000000 1.000000 10000.000000 10000.000000 10000.000000 10000.000000
10.000000 12.000000 1.000000 10000.000000 10000.000000 10000.000000 10000.000000
10.000000 13.000000 1.000000 10000.000000 10000.000000 10000.000000 10000.000000
10.000000 14.000000 1.000000 10000.000000 10000.000000 10000.000000 10000.000000
10.000000 15.000000 1.000000 10000.000000 10000.000000 10000.000000 10000.000000
10.000000 16.000000 1.000000 10000.000000 10000.000000 10000.000000 10000.000000
10.000000 17.000000 1.000000 10000.000000 10000.000000 10000.000000 10000.000000
10.000000 18.000000 1.000000 10000.000000 10000.000000 10000.000000 10000.000000
10.000000 19.000000 1.000000 10000.000000 10000.000000 10000.000000 10000.000000
10.000000 20.000000 1.000000 10000.000000 10000.000000 10000.000000 10000.000000
10.000000 21.000000 1.000000 10000.000000 10000.000000 10000.000000 10000.000000
10.000000 22.000000 1.000000 10000.000000 10000.000000 10000.000000 10000.000000
10.000000 23.000000 1.000000 10000.000000 10000.000000 10000.000000 10000.000000
10.000000 24.000000 1.000000 10000.000000 10000.000000 10000.000000 10000.000000
10.000000 25.000000 1.000000 10000.000000 10000.000000 10000.000000 10000.000000
10.000000 26.000000 1.000000 10000.000000 10000.000000 10000.000000 10000.000000
10.000000 27.000000 1.000000 10000.000000 10000.000000 10000.000000 10000.000000
10.000000 28.000000 1.000000 10000.000000 10000.000000 10000.000000 10000.000000
10.000000 29.000000 1.000000 10000.000000 10000.000000 10000.000000 10000.000000
10.000000 30.000000 1.000000 10000.000000 10000.000000 10000.000000 10000.000000
10.000000 31.000000 1.000000 10000.000000 10000.000000 10000.000000 10000.000000
10.000000 32.000000 1.000000 10000.000000 10000.000000 10000.000000 10000.000000
10.000000 33.000000 1.000000 10000.000000 10000.000000 10000.000000 10000.000000
10.000000 34.000000 1.000000 10000.000000 10000.000000 10000.000000 10000.000000
10.000000 35.000000 1.000000 10000.000000 10000.000000 10000.000000 10000.000000
10.000000 36.000000 1.000000 10000.000000 10000.000000 10000.000000 10000.000000
10.000000 37.000000 1.000000 10000.000000 10000.000000 10000.000000 10000.000000
10.000000 38.000000 1.000000 10000.000000 10000.000000 10000.000000 10000.000000
10.000000 39.000000 1.000000 10000.000000 10000.000000 10000.000000 10000.000000
10.000000 40.000000 1.000000 10000.000000 10000.000000 10000.000000 10000.000000
10.000000 41.000000 1.000000 10000.000000 10000.000000 10000.000000 10000.000000
10.000000 42.000000 1.000000 10000.000000 10000.000000 10000.000000 10000.000000
10.000000 43.000000 1.000000 10000.000000 10000.000000 10000.000000 10000.000000
10.000000 44.000000 1.000000 10000.000000 10000.000000 10000.000000 10000.000000
10.000000 45.000000 1.000000 10000.000000 10000.000000 10000.000000 10000.000000
10.000000 46.000000 1.000000 10000.000000 10000.000000 10000.000000 10000.000000
10.000000 47.000000 1.000000 10000.000000 10000.000000 10000.000000 10000.000000
10.000000 48.000000 1.000000 10000.000000 10000.000000 10000.000000 10000.000000
10.000000 49.000000 1.000000 10000.000000 10000.000000 10000.000000 10000.000000
11.000000 0.000000 1.000000 10000.000000 10000.000000 10000.000000 10000.000000
11.000000 1.000000 1.000000 10000.000000 10000.000000 10000.000000 10000.000000
11.000000 2.000000 1.000000 9999.000000 10000.000000 9999.000000 9999.000000
11.000000 3.000000 1.000000 9999.000000 10000.000000 9999.000000 9999.000000
11.000000 4.000000 1.000000 9998.000000 10000.000000 9998.000000 9998.000000
11.000000 5.000000 1.000000 9998.000000 10000.000000 9998.000000 9998.000000
11.000000 6.000000 1.000000 9997.000000 10000.000000 9997.000000 9997.000000
11.000000 7.000000 1.000000 9998.000000 10000.000000 9998.000000 9998.000000
11.000000 8.000000 1.000000 9998.000000 10000.000000 9998.000000 9998.000000
11.000000 9.000000 1.000000 9998.000000 10000.000000 9998.000000 9998.000000
11.000000 10.000000 1.000000 9998.000000 10000.000000 9998.000000 9998.000000
11.000000 11.000000 1.000000 9998.000000 10000.000000 9998.000000 9998.000000
11.000000 12.000000 1.000000 9999.000000 10000.000000 9999.000000 9999.000000
11.000000 13.000000 1.000000 9999.000000 10000.000000 9999.000000 9999.000000
11.000000 14.000000 1.000000 10000.000000 10000.000000 10000.000000 10000.000000
11.000000 15.000000 1.000000 10000.000000 10000.000000 10000.000000 10000.000000
11.000000 16.000000 1.000000 10000.000000 10000.000000 10000.000000 10000.000000
11.000000 17.000000 1.000000 10000.000000 10000.000000 10000.000000 10000.000000
11.000000 18.000000 1.000000 10000.000000 10000.000000 10000.000000 10000.000000
11.000000 19.000000 1.000000 10000.000000 10000.000000 10000.000000 10000.000000
11.000000 20.000000 1.000000 10000.000000 10000.000000 10000.000000 10000.000000
11.000000 21.000000 1.000000 10000.000000 10000.000000 10000.000000 10000.000000
11.000000 22.000000 1.000000 10000.000000 10000.000000 10000.000000 10000.000000
11.000000 23.000000 1.000000 10000.000000 10000.000000 10000.000000 10000.000000
11.000000 24.000000 1.000000 10000.000000 10000.000000 10000.000000 10000.000000
11.000000 25.000000 1.000000 10000.000000 10000.000000 10000.000000 10000.000000
11.000000 26.000000 1.000000 10000.000000 10000.000000 10000.000000 10000.000000
11.000000 27.000000 1.000000 10000.000000 10000.000000 10000.000000 10000.000000
11.000000 28.000000 1.000000 10000.000000 10000.000000 10000.000000 10000.000000
11.000000 29.000000 1.000000 10000.000000 10000.000000 10000.000000 10000.000000
11.000000 30.000000 1.000000 10000.000000 10000.000000 10000.000000 10000.000000
11.000000 31.000000 1.000000 10000.000000 10000.000000 10000.000000 10000.000000
11.000000 32.000000 1.000000 10000.000000 10000.000000 10000.000000 10000.000000
11.000000 33.000000 1.000000 10000.000000 10000.000000 10000.000000 10000.000000
11.000000 34.000000 1.000000 10000.000000 10000.000000 10000.000000 10000.000000
11.000000 35.000000 1.000000 10000.000000 10000.000000 10000.000000 10000.000000
11.000000 36.000000 1.000000 10000.000000 10000.000000 10000.000000 10000.000000
11.000000 37.000000 1.000000 10000.000000 10000.000000 10000.000000 10000.000000
11.000000 38.000000 1.000000 10000.000000 10000.000000 10000.000000 10000.000000
11.000000 39.000000 1.000000 10000.000000 10000.000000 10000.000000 10000.000000
11.000000 40.000000 1.000000 10000.000000 10000.000000 10000.000000 10000.000000
11.000000 41.000000 1.000000 10000.000000 10000.000000 10000.000000 10000.000000
11.000000 42.000000 1.000000 10000.000000 10000.000000 10000.000000 10000.000000
11.000000 43.000000 1.000000 10000.000000 10000.000000 10000.000000 10000.000000
11.000000 44.000000 1.000000 10000.000000 10000.000000 10000.000000 10000.000000
11.000000 45.000000 1.000000 10000.000000 10000.000000 10000.000000 10000.000000
11.000000 46.000000 1.000000 10000.000000 10000.000000 10000.000000 10000.000000
11.000000 47.000000 1.000000 10000.000000 10000.000000 10000.000000 10000.000000
11.000000 48.000000 1.000000 10000.000000 10000.000000 10000.000000 10000.000000
11.000000 49.000000 1.000000 10000.000000 10000.000000 10000.000000 10000.000000
12.000000 0.000000 1.000000 10000.000000 10000.000000 10000.000000 10000.000000
12.000000 1.000000 1.000000 10000.000000 10000.000000 10000.000000 10000.000000
12.000000 2.000000 1.000000 10000.000000 10000.000000 10000.000000 10000.000000
12.000000 3.000000 1.000000 9999.000000 10000.000000 9999.000000 9999.000000
12.000000 4.000000 1.000000 9998.000000 10000.000000 9998.000000 9998.000000
12.000000 5.000000 1.000000 9997.000000 10000.000000 9997.000000 9997.000000
12.000000 6.000000 1.000000 9997.000000 10000.000000 9997.000000 9997.000000
12.000000 7.000000 1.000000 9997.000000 10000.000000 9997.000000 9997.000000
12.000000 8.000000 1.000000 9998.000000 10000.000000 9998.000000 9998.000000
12.000000 9.000000 1.000000 9999.000000 10000.000000 9999.000000 9999.000000
12.000000 10.000000 1.000000 10000.000000 10000.000000 10000.000000 10000.000000
12.000000 11.000000 1.000000 10000.000000 10000.000000 10000.000000 10000.000000
12.000000 12.000000 1.000000 10000.000000 10000.000000 10000.000000 10000.000000
12.000000 13.000000 1.000000 10000.000000 10000.000000 10000.000000 10000.000000
12.000000 14.000000 1.000000 10000.000000 10000.000000 10000.000000 10000.000000
12.000000 15.000000 1.000000 10000.000000 10000.000000 10000.000000 10000.000000
12.000000 16.000000 1.000000 10000.000000 10000.000000 10000.000000 10000.000000
12.000000 17.000000 1.000000 10000.000000 10000.000000 10000.000000 10000.000000
12.000000 18.000000 1.000000 10000.000000 10000.000000 10000.000000 10000.000000
12.000000 19.000000 1.000000 10000.000000 10000.000000 10000.000000 10000.000000
12.000000 20.000000 1.000000 10000.000000 10000.000000 10000.000000 10000.000000
12.000000 21.000000 1.000000 10000.000000 10000.000000 10000.000000 10000.000000
12.000000 22.000000 1.000000 10000.000000 10000.000000 10000.000000 10000.000000
12.000000 23.000000 1.000000 10000.000000 10000.000000 10000.000000 10000.000000
12.000000 24.000000 1.000000 10000.000000 10000.000000 10000.000000 10000.000000
12.000000 25.000000 1.000000 10000.000000 10000.000000 10000.000000 10000.000000
12.000000 26.000000 1.000000 10000.000000 10000.000000 10000.000000 10000.000000
12.000000 27.000000 1.000000 10000.000000 10000.000000 10000.000000 10000.000000
12.000000 28.000000 1.000000 10000.000000 10000.000000 10000.000000 10000.000000
12.000000 29.000000 1.000000 10000.000000 10000.000000 10000.000000 10000.000000
12.000000 30.000000 1.000000 10000.000000 10000.000000 10000.000000 10000.000000
12.000000 31.000000 1.000000 10000.000000 10000.000000 10000.000000 10000.000000
12.000000 32.000000 1.000000 10000.000000 10000.000000 10000.000000 10000.000000
12.000000 33.000000 1.000000 10000.000000 10000.000000 10000.000000 10000.000000
12.000000 34.000000 1.000000 10000.000000 10000.000000 10000.000000 10000.000000
12.000000 35.000000 1.000000 10000.000000 10000.000000 10000.000000 10000.000000
12.000000 36.000000 1.000000 10000.000000 10000.000000 10000.000000 10000.000000
12.000000 37.000000 1.000000 10000.000000 10000.000000 10000.000000 10000.000000
12.000000 38.000000 1.000000 10000.000000 10000.000000 10000.000000 10000.000000
12.000000 39.000000 1.000000 10000.000000 10000.000000 10000.000000 10000.000000
12.000000 40.000000 1.000000 10000.000000 10000.000000 10000.000000 10000.000000
12.000000 41.000000 1.000000 10000.000000 10000.000000 10000.000000 10000.000000
12.000000 42.000000 1.000000 10000.000000 10000.000000 10000.000000 10000.000000
12.000000 43.000000 1.000000 10000.000000 10000.000000 10000.000000 10000.000000
12.000000 44.000000 1.000000 10000.000000 10000.000000 10000.000000 10000.000000
12.000000 45.000000 1.000000 10000.000000 10000.000000 10000.000000 10000.000000
12.000000 46.000000 1.000000 10000.000000 10000.000000 10000.000000 10000.000000
12.000000 47.000000 1.000000 10000.000000 10000.000000 10000.000000 10000.000000
12.000000 48.000000 1.000000 10000.000000 10000.000000 10000.000000 10000.000000
12.000000 49.000000 1.000000 10000.000000 10000.000000 10000.000000 10000.000000
13.000000 0.000000 1.000000 10000.000000 10000.000000 10000.000000 10000.000000
13.000000 1.000000 1.000000 9999.000000 10000.000000 9999.000000 9999.000000
13.000000 2.000000 1.000000 9999.000000 10000.000000 9999.000000 9999.000000
13.000000 3.000000 1.000000 9999.000000 10000.000000 9999.000000 9999.000000
13.000000 4.000000 1.000000 9999.000000 10000.000000 9999.000000 9999.000000
13.000000 5.000000 1.000000 9999.000000 10000.000000 9999.000000 9999.000000
13.000000 6.000000 1.000000 10000.000000 10000.000000 10000.000000 10000.000000
13.000000 7.000000 1.000000 10000.000000 10000.000000 10000.000000 10000.000000
13.000000 8.000000 1.000000 10000.000000 10000.000000 10000.000000 10000.000000
13.000000 9.000000 1.000000 10000.000000 10000.000000 10000.000000 10000.000000
13.000000 10.000000 1.000000 10000.000000 10000.000000 10000.000000 10000.000000
13.000000 11.000000 1.000000 10000.000000 10000.000000 10000.000000 10000.000000
13.000000 12.000000 1.000000 10000.000000 10000.000000 10000.000000 10000.000000
13.000000 13.000000 1.000000 10000.000000 10000.000000 10000.000000 10000.000000
13.000000 14.000000 1.000000 10000.000000 10000.000000 10000.000000 10000.000000
13.000000 15.000000 1.000000 10000.000000 10000.000000 10000.000000 10000.000000
13.000000 16.000000 1.000000 10000.000000 10000.000000 10000.000000 10000.000000
13.000000 17.000000 1.000000 10000.000000 10000.000000 10000.000000 10000.000000
13.000000 18.000000 1.000000 10000.000000 10000.000000 10000.000000 10000.000000
13.000000 19.000000 1.000000 10000.000000 10000.000000 10000.000000 10000.000000
13.000000 20.000000 1.000000 10000.000000 10000.000000 10000.000000 10000.000000
13.000000 21.000000 1.000000 10000.000000 10000.000000 10000.000000 10000.000000
13.000000 22.000000 1.000000 10000.000000 10000.000000 10000.000000 10000.000000
13.000000 23.000000 1.000000 10000.000000 10000.000000 10000.000000 10000.000000
13.000000 24.000000 1.000000 10000.000000 10000.000000 10000.000000 10000.000000
13.000000 25.000000 1.000000 10000.000000 10000.000000 10000.000000 10000.000000
13.000000 26.000000 1.000000 10000.000000 10000.000000 10000.000000 10000.000000
13.000000 27.000000 1.000000 10000.000000 10000.000000 10000.000000 10000.000000
13.000000 28.000000 1.000000 10000.000000 10000.000000 10000.000000 10000.000000
13.000000 29.000000 1.000000 10000.000000 10000.000000 10000.000000 10000.000000
13.000000 30.000000 1.000000 10000.000000 10000.000000 10000.000000 10000.000000
13.000000 31.000000 1.000000 10000.000000 10000.000000 10000.000000 10000.000000
13.000000 32.000000 1.000000 10000.000000 10000.000000 10000.000000 10000.000000
13.000000 33.000000 1.000000 10000.000000 10000.000000 10000.000000 10000.000000
13.000000 34.000000 1.000000 10000.000000 10000.000000 10000.000000 10000.000000
13.000000 35.000000 1.000000 10000.000000 10000.000000 10000.000000 10000.000000
13.000000 36.000000 1.000000 10000.000000 10000.000000 10000.000000 10000.000000
13.000000 37.000000 1.000000 10000.000000 10000.000000 10000.000000 10000.000000
13.000000 38.000000 1.000000 10000.000000 10000.000000 10000.000000 10000.000000
13.000000 39.000000 1.000000 10000.000000 10000.000000 10000.000000 10000.000000
13.000000 40.000000 1.000000 10000.000000 10000.000000 10000.000000 10000.000000
13.000000 41.000000 1.000000 10000.000000 10000.000000 10000.000000 10000.000000
13.000000 42.000000 1.000000 10000.000000 10000.000000 10000.000000 10000.000000
13.000000 43.000000 1.000000 10000.000000 10000.000000 10000.000000 10000.000000
13.000000 44.000000 1.000000 10000.000000 10000.000000 10000.000000 10000.000000
13.000000 45.000000 1.000000 10000.000000 10000.000000 10000.000000 10000.000000
13.000000 46.000000 1.000000 10000.000000 10000.000000 10000.000000 10000.000000
13.000000 47.000000 1.000000 10000.000000 10000.000000 10000.000000 10000.000000
13.000000 48.000000 1.000000 10000.000000 10000.000000 10000.000000 10000.000000
13.000000 49.000000 1.000000 10000.000000 10000.000000 10000.000000 10000.000000
14.000000 0.000000 1.000000 10000.000000 10000.000000 10000.000000 10000.000000
14.000000 1.000000 1.000000 10000.000000 10000.000000 10000.000000 10000.000000
14.000000 2.000000 1.000000 9999.000000 10000.000000 9999.000000 9999.000000
14.000000 3.000000 1.000000 9998.000000 10000.000000 9998.000000 9998.000000
14.000000 4.000000 1.000000 9997.000000 10000.000000 9997.000000 9997.000000
14.000000 5.000000 1.000000 9996.000000 10000.000000 9996.000000 9996.000000
14.000000 6.000000 1.000000 9992.000000 10000.000000 9992.000000 9992.000000
14.000000 7.000000 1.000000 9989.000000 10000.000000 9989.000000 9989.000000
14.000000 8.000000 1.000000 9984.000000 10000.000000 9984.000000 9984.000000
14.000000 9.000000 1.000000 9978.000000 10000.000000 9978.000000 9978.000000
14.000000 10.000000 1.000000 9961.000000 10000.000000 9961.000000 9961.000000
14.000000 11.000000 1.000000 9958.000000 10000.000000 9958.000000 9958.000000
14.000000 12.000000 1.000000 9962.000000 10000.000000 9962.000000 9962.000000
14.000000 13.000000 1.000000 9954.000000 10000.000000 9954.000000 9954.000000
14.000000 14.000000 1.000000 9954.000000 10000.000000 9954.000000 9954.000000
14.000000 15.000000 1.000000 9949.000000 10000.000000 9949.000000 9949.000000
14.000000 16.000000 1.000000 9944.000000 10000.000000 9944.000000 9944.000000
14.000000 17.000000 1.000000 9934.000000 10000.000000 9934.000000 9934.000000
14.000000 18.000000 1.000000 9932.000000 10000.000000 9932.000000 9932.000000
14.000000 19.000000 1.000000 9905.000000 10000.000000 9905.000000 9905.000000
14.000000 20.000000 1.000000 9867.000000 10000.000000 9867.000000 9867.000000
14.000000 21.000000 1.000000 9832.000000 10000.000000 9832.000000 9832.000000
14.000000 22.000000 1.000000 9777.000000 10000.000000 9777.000000 9777.000000
14.000000 23.000000 1.000000 9728.000000 10000.000000 9728.000000 9728.000000
14.000000 24.000000 1.000000 9665.000000 10000.000000 9665.000000 9665.000000
14.000000 25.000000 1.000000 9607.000000 10000.000000 9607.000000 9607.000000
14.000000 26.000000 1.000000 9482.000000 10000.000000 9482.000000 9482.000000
14.000000 27.000000 1.000000 9322.000000 10000.000000 9322.000000 9322.000000
14.000000 28.000000 1.000000 9171.000000 10000.000000 9171.000000 9171.000000
14.000000 29.000000 1.000000 9092.000000 10000.000000 9092.000000 9092.000000
14.000000 30.000000 1.000000 9050.000000 10000.000000 9050.000000 9050.000000
14.000000 31.000000 1.000000 9103.000000 10000.000000 9103.000000 9103.000000
14.000000 32.000000 1.000000 9203.000000 10000.000000 9203.000000 9203.000000
14.000000 33.000000 1.000000 9314.000000 10000.000000 9314.000000 9314.000000
14.000000 34.000000 1.000000 9381.000000 10000.000000 9381.000000 9381.000000
14.000000 35.000000 1.000000 9452.000000 10000.000000 9452.000000 9452.000000
14.000000 36.000000 1.000000 9507.000000 10000.000000 9507.000000 9507.000000
14.000000 37.000000 1.000000 9575.000000 10000.000000 9575.000000 9575.000000
14.000000 38.000000 1.000000 9647.000000 10000.000000 9647.000000 9647.000000
14.000000 39.000000 1.000000 9685.000000 10000.000000 9685.000000 9685.000000
14.000000 40.000000 1.000000 9731.000000 10000.000000 9731.000000 9731.000000
14.000000 41.000000 1.000000 9779.000000 10000.000000 9779.000000 9779.000000
14.000000 42.000000 1.000000 9807.000000 10000.000000 9807.000000 9807.000000
14.000000 43.000000 1.000000 9843.000000 10000.000000 9843.000000 9843.000000
14.000000 44.000000 1.000000 9885.000000 10000.000000 9885.000000 9885.000000
14.000000 45.000000 1.000000 9911.000000 10000.000000 9911.000000 9911.000000
14.000000 46.000000 1.000000 9931.000000 10000.000000 9931.000000 9931.000000
14.000000 47.000000 1.000000 9947.000000 10000.000000 9947.000000 9947.000000
14.000000 48.000000 1.000000 9959.000000 10000.000000 9959.000000 9959.000000
14.000000 49.000000 1.000000 9964.000000 10000.000000 9964.000000 9964.000000
15.000000 0.000000 1.000000 10000.000000 10000.000000 10000.000000 10000.000000
15.000000 1.000000 1.000000 10000.000000 10000.000000 10000.000000 10000.000000
15.000000 2.000000 1.000000 9999.000000 10000.000000 9999.000000 9999.000000
15.000000 3.000000 1.000000 9998.000000 10000.000000 9998.000000 9998.000000
15.000000 4.000000 1.000000 9997.000000 10000.000000 9997.000000 9997.000000
15.000000 5.000000 1.000000 9996.000000 10000.000000 9996.000000 9996.000000
15.000000 6.000000 1.000000 9992.000000 10000.000000 9992.000000 9992.000000
15.000000 7.000000 1.000000 9988.000000 10000.000000 9988.000000 9988.000000
15.000000 8.000000 1.000000 9985.000000 10000.000000 9985.000000 9985.000000
15.000000 9.000000 1.000000 9976.000000 10000.000000 9976.000000 9976.000000
15.000000 10.000000 1.000000 9966.000000 10000.000000 9966.000000 9966.000000
15.000000 11.000000 1.000000 9939.000000 10000.000000 9939.000000 9939.000000
15.000000 12.000000 1.000000 9913.000000 10000.000000 9913.000000 9913.000000
15.000000 13.000000 1.000000 9888.000000 10000.000000 9888.000000 9888.000000
15.000000 14.000000 1.000000 9860.000000 10000.000000 9860.000000 9860.000000
15.000000 15.000000 1.000000 9819.000000 10000.000000 9819.000000 9819.000000
15.000000 16.000000 1.000000 9791.000000 10000.000000 9791.000000 9791.000000
15.000000 17.000000 1.000000 9755.000000 10000.000000 9755.000000 9755.000000
15.000000 18.000000 1.000000 9676.000000 10000.000000 9676.000000 9676.000000
15.000000 19.000000 1.000000 9534.000000 10000.000000 9534.000000 9534.000000
15.000000 20.000000 1.000000 9416.000000 10000.000000 9416.000000 9416.000000
15.000000 21.000000 1.000000 9264.000000 10000.000000 9264.000000 9264.000000
15.000000 22.000000 1.000000 9117.000000 10000.000000 9117.000000 9117.000000
15.000000 23.000000 1.000000 9027.000000 10000.000000 9027.000000 9027.000000
15.000000 24.000000 1.000000 8979.000000 10000.000000 8979.000000 8979.000000
15.000000 25.000000 1.000000 8998.000000 10000.000000 8998.000000 8998.000000
15.000000 26.000000 1.000000 9048.000000 10000.000000 9048.000000 9048.000000
15.000000 27.000000 1.000000 9137.000000 10000.000000 9137.000000 9137.000000
15.000000 28.000000 1.000000 9235.000000 10000.000000 9235.000000 9235.000000
15.000000 29.000000 1.000000 9352.000000 10000.000000 9352.000000 9352.000000
15.000000 30.000000 1.000000 9422.000000 10000.000000 9422.000000 9422.000000
15.000000 31.000000 1.000000 9515.000000 10000.000000 9515.000000 9515.000000
15.000000 32.000000 1.000000 9602.000000 10000.000000 9602.000000 9602.000000
15.000000 33.000000 1.000000 9677.000000 10000.000000 9677.000000 9677.000000
15.000000 34.000000 1.000000 9730.000000 10000.000000 9730.000000 9730.000000
15.000000 35.000000 1.000000 9782.000000 10000.000000 9782.000000 9782.000000
15.000000 36.000000 1.000000 9824.000000 10000.000000 9824.000000 9824.000000
15.000000 37.000000 1.000000 9853.000000 10000.000000 9853.000000 9853.000000
15.000000 38.000000 1.000000 9872.000000 10000.000000 9872.000000 9872.000000
15.000000 39.000000 1.000000 9910.000000 10000.000000 9910.000000 9910.000000
15.000000 40.000000 1.000000 9946.000000 10000.000000 9946.000000 9946.000000
15.000000 41.000000 1.000000 9956.000000 10000.000000 9956.000000 9956.000000
15.000000 42.000000 1.000000 9971.000000 10000.000000 9971.000000 9971.000000
15.000000 43.000000 1.000000 9977.000000 10000.000000 9977.000000 9977.000000
15.000000 44.000000 1.000000 9978.000000 10000.000000 9978.000000 9978.000000
15.000000 45.000000 1.000000 9982.000000 10000.000000 9982.000000 9982.000000
15.000000 46.000000 1.000000 9985.000000 10000.000000 9985.000000 9985.000000
15.000000 47.000000 1.000000 9986.000000 10000.000000 9986.000000 9986.000000
15.000000 48.000000 1.000000 9988.000000 10000.000000 9988.000000 9988.000000
15.000000 49.000000 1.000000 9994.000000 10000.000000 9994.000000 9994.000000
16.000000 0.000000 1.000000 10000.000000 10000.000000 10000.000000 10000.000000
16.000000 1.000000 1.000000 10000.000000 10000.000000 10000.000000 10000.000000
16.000000 2.000000 1.000000 9999.000000 10000.000000 9999.000000 9999.000000
16.000000 3.000000 1.000000 9999.000000 10000.000000 9999.000000 9999.000000
16.000000 4.000000 1.000000 9998.000000 10000.000000 9998.000000 9998.000000
16.000000 5.000000 1.000000 9998.000000 10000.000000 9998.000000 9998.000000
16.000000 6.000000 1.000000 9996.000000 10000.000000 9996.000000 9996.000000
16.000000 7.000000 1.000000 9994.000000 10000.000000 9994.000000 9994.000000
16.000000 8.000000 1.000000 9995.000000 10000.000000 9995.000000 9995.000000
16.000000 9.000000 1.000000 9995.000000 10000.000000 9995.000000 9995.000000
16.000000 10.000000 1.000000 9993.000000 10000.000000 9993.000000 9993.000000
16.000000 11.000000 1.000000 9993.000000 10000.000000 9993.000000 9993.000000
16.000000 12.000000 1.000000 9991.000000 10000.000000 9991.000000 9991.000000
16.000000 13.000000 1.000000 9981.000000 10000.000000 9981.000000 9981.000000
16.000000 14.000000 1.000000 9971.000000 10000.000000 9971.000000 9971.000000
16.000000 15.000000 1.000000 9955.000000 10000.000000 9955.000000 9955.000000
16.000000 16.000000 1.000000 9928.000000 10000.000000 9928.000000 9928.000000
16.000000 17.000000 1.000000 9884.000000 10000.000000 9884.000000 9884.000000
16.000000 18.000000 1.000000 9855.000000 10000.000000 9855.000000 9855.000000
16.000000 19.000000 1.000000 9786.000000 10000.000000 9786.000000 9786.000000
16.000000 20.000000 1.000000 9722.000000 10000.000000 9722.000000 9722.000000
16.000000 21.000000 1.000000 9619.000000 10000.000000 9619.000000 9619.000000
16.000000 22.000000 1.000000 9514.000000 10000.000000 9514.000000 9514.000000
16.000000 23.000000 1.000000 9385.000000 10000.000000 9385.000000 9385.000000
16.000000 24.000000 1.000000 9322.000000 10000.000000 9322.000000 9322.000000
16.000000 25.000000 1.000000 9243.000000 10000.000000 9243.000000 9243.000000
16.000000 26.000000 1.000000 9184.000000 10000.000000 9184.000000 9184.000000
16.000000 27.000000 1.000000 9127.000000 10000.000000 9127.000000 9127.000000
16.000000 28.000000 1.000000 9147.000000 10000.000000 9147.000000 9147.000000
16.000000 29.000000 1.000000 9153.000000 10000.000000 9153.000000 9153.000000
16.000000 30.000000 1.000000 9184.000000 10000.000000 9184.000000 9184.000000
16.000000 31.000000 1.000000 9252.000000 10000.000000 9252.000000 9252.000000
16.000000 32.000000 1.000000 9363.000000 10000.000000 9363.000000 9363.000000
16.000000 33.000000 1.000000 9459.000000 10000.000000 9459.000000 9459.000000
16.000000 34.000000 1.000000 9528.000000 10000.000000 9528.000000 9528.000000
16.000000 35.000000 1.000000 9613.000000 10000.000000 9613.000000 9613.000000
16.000000 36.000000 1.000000 9682.000000 10000.000000 9682.000000 9682.000000
16.000000 37.000000 1.000000 9730.000000 10000.000000 9730.000000 9730.000000
16.000000 38.000000 1.000000 9771.000000 10000.000000 9771.000000 9771.000000
16.000000 39.000000 1.000000 9818.000000 10000.000000 9818.000000 9818.000000
16.000000 40.000000 1.000000 9843.000000 10000.000000 9843.000000 9843.000000
16.000000 41.000000 1.000000 9881.000000 10000.000000 9881.000000 9881.000000
16.000000 42.000000 1.000000 9900.000000 10000.000000 9900.000000 9900.000000
16.000000 43.000000 1.000000 9914.000000 10000.000000 9914.000000 9914.000000
16.000000 44.000000 1.000000 9920.000000 10000.000000 9920.000000 9920.000000
16.000000 45.000000 1.000000 9928.000000 10000.000000 9928.000000 9928.000000
16.000000 46.000000 1.000000 9939.000000 10000.000000 9939.000000 9939.000000
16.000000 47.000000 1.000000 9951.000000 10000.000000 9951.000000 9951.000000
16.000000 48.000000 1.000000 9958.000000 10000.000000 9958.000000 9958.000000
16.000000 49.000000 1.000000 9967.000000 10000.000000 9967.000000 9967.000000
17.000000 0.000000 1.000000 10000.000000 10000.000000 10000.000000 10000.000000
17.000000 1.000000 1.000000 10000.000000 10000.000000 10000.000000 10000.000000
17.000000 2.000000 1.000000 10000.000000 10000.000000 10000.000000 10000.000000
17.000000 3.000000 1.000000 9999.000000 10000.000000 9999.000000 9999.000000
17.000000 4.000000 1.000000 9999.000000 10000.000000 9999.000000 9999.000000
17.000000 5.000000 1.000000 9999.000000 10000.000000 9999.000000 9999.000000
17.000000 6.000000 1.000000 9999.000000 10000.000000 9999.000000 9999.000000
17.000000 7.000000 1.000000 9999.000000 10000.000000 9999.000000 9999.000000
17.000000 8.000000 1.000000 10000.000000 10000.000000 10000.000000 10000.000000
17.000000 9.000000 1.000000 10000.000000 10000.000000 10000.000000 10000.000000
17.000000 10.000000 1.000000 10000.000000 10000.000000 10000.000000 10000.000000
17.000000 11.000000 1.000000 10000.000000 10000.000000 10000.000000 10000.000000
17.000000 12.000000 1.000000 10000.000000 10000.000000 10000.000000 10000.000000
17.000000 13.000000 1.000000 10000.000000 10000.000000 10000.000000 10000.000000
17.000000 14.000000 1.000000 10000.000000 10000.000000 10000.000000 10000.000000
17.000000 15.000000 1.000000 10000.000000 10000.000000 10000.000000 10000.000000
17.000000 16.000000 1.000000 10000.000000 10000.000000 10000.000000 10000.000000
17.000000 17.000000 1.000000 10000.000000 10000.000000 10000.000000 10000.000000
17.000000 18.000000 1.000000 10000.000000 10000.000000 10000.000000 10000.000000
17.000000 19.000000 1.000000 10000.000000 10000.000000 10000.000000 10000.000000
17.000000 20.000000 1.000000 10000.000000 10000.000000 10000.000000 10000.000000
17.000000 21.000000 1.000000 10000.000000 10000.000000 10000.000000 10000.000000
17.000000 22.000000 1.000000 10000.000000 10000.000000 10000.000000 10000.000000
17.000000 23.000000 1.000000 10000.000000 10000.000000 10000.000000 10000.000000
17.000000 24.000000 1.000000 10000.000000 10000.000000 10000.000000 10000.000000
17.000000 25.000000 1.000000 10000.000000 10000.000000 10000.000000 10000.000000
17.000000 26.000000 1.000000 10000.000000 10000.000000 10000.000000 10000.000000
17.000000 27.000000 1.000000 10000.000000 10000.000000 10000.000000 10000.000000
17.000000 28.000000 1.000000 10000.000000 10000.000000 10000.000000 10000.000000
17.000000 29.000000 1.000000 10000.000000 10000.000000 10000.000000 10000.000000
17.000000 30.000000 1.000000 10000.000000 10000.000000 10000.000000 10000.000000
17.000000 31.000000 1.000000 10000.000000 10000.000000 10000.000000 10000.000000
17.000000 32.000000 1.000000 10000.000000 10000.000000 10000.000000 10000.000000
17.000000 33.000000 1.000000 10000.000000 10000.000000 10000.000000 10000.000000
17.000000 34.000000 1.000000 10000.000000 10000.000000 10000.000000 10000.000000
17.000000 35.000000 1.000000 10000.000000 10000.000000 10000.000000 10000.000000
17.000000 36.000000 1.000000 10000.000000 10000.000000 10000.000000 10000.000000
17.000000 37.000000 1.000000 10000.000000 10000.000000 10000.000000 10000.000000
17.000000 38.000000 1.000000 10000.000000 10000.000000 10000.000000 10000.000000
17.000000 39.000000 1.000000 10000.000000 10000.000000 10000.000000 10000.000000
17.000000 40.000000 1.000000 10000.000000 10000.000000 10000.000000 10000.000000
17.000000 41.000000 1.000000 10000.000000 10000.000000 10000.000000 10000.000000
17.000000 42.000000 1.000000 10000.000000 10000.000000 10000.000000 10000.000000
17.000000 43.000000 1.000000 10000.000000 10000.000000 10000.000000 10000.000000
17.000000 44.000000 1.000000 10000.000000 10000.000000 10000.000000 10000.000000
17.000000 45.000000 1.000000 10000.000000 10000.000000 10000.000000 10000.000000
17.000000 46.000000 1.000000 10000.000000 10000.000000 10000.000000 10000.000000
17.000000 47.000000 1.000000 10000.000000 10000.000000 10000.000000 10000.000000
17.000000 48.000000 1.000000 10000.000000 10000.000000 10000.000000 10000.000000
17.000000 49.000000 1.000000 10000.000000 10000.000000 10000.000000 10000.000000
18.000000 0.000000 1.000000 10000.000000 10000.000000 10000.000000 10000.000000
18.000000 1.000000 1.000000 10000.000000 10000.000000 10000.000000 10000.000000
18.000000 2.000000 1.000000 9999.000000 10000.000000 9999.000000 9999.000000
18.000000 3.000000 1.000000 9999.000000 10000.000000 9999.000000 9999.000000
18.000000 4.000000 1.000000 9999.000000 10000.000000 9999.000000 9999.000000
18.000000 5.000000 1.000000 9999.000000 10000.000000 9999.000000 9999.000000
18.000000 6.000000 1.000000 9999.000000 10000.000000 9999.000000 9999.000000
18.000000 7.000000 1.000000 10000.000000 10000.000000 10000.000000 10000.000000
18.000000 8.000000 1.000000 10000.000000 10000.000000 10000.000000 10000.000000
18.000000 9.000000 1.000000 10000.000000 10000.000000 10000.000000 10000.000000
18.000000 10.000000 1.000000 10000.000000 10000.000000 10000.000000 10000.000000
18.000000 11.000000 1.000000 10000.000000 10000.000000 10000.000000 10000.000000
18.000000 12.000000 1.000000 10000.000000 10000.000000 10000.000000 10000.000000
18.000000 13.000000 1.000000 10000.000000 10000.000000 10000.000000 10000.000000
18.000000 14.000000 1.000000 10000.000000 10000.000000 10000.000000 10000.000000
18.000000 15.000000 1.000000 10000.000000 10000.000000 10000.000000 10000.000000
18.000000 16.000000 1.000000 10000.000000 10000.000000 10000.000000 10000.000000
18.000000 17.000000 1.000000 10000.000000 10000.000000 10000.000000 10000.000000
18.000000 18.000000 1.000000 10000.000000 10000.000000 10000.000000 10000.000000
18.000000 19.000000 1.000000 10000.000000 10000.000000 10000.000000 10000.000000
18.000000 20.000000 1.000000 10000.000000 10000.000000 10000.000000 10000.000000
18.000000 21.000000 1.000000 10000.000000 10000.000000 10000.000000 10000.000000
18.000000 22.000000 1.000000 10000.000000 10000.000000 10000.000000 10000.000000
18.000000 23.000000 1.000000 10000.000000 10000.000000 10000.000000 10000.000000
18.000000 24.000000 1.000000 10000.000000 10000.000000 10000.000000 10000.000000
18.000000 25.000000 1.000000 10000.000000 10000.000000 10000.000000 10000.000000
18.000000 26.000000 1.000000 10000.000000 10000.000000 10000.000000 10000.000000
18.000000 27.000000 1.000000 10000.000000 10000.000000 10000.000000 10000.000000
18.000000 28.000000 1.000000 10000.000000 10000.000000 10000.000000 10000.000000
18.000000 29.000000 1.000000 10000.000000 10000.000000 10000.000000 10000.000000
18.000000 30.000000 1.000000 10000.000000 10000.000000 10000.000000 10000.000000
18.000000 31.000000 1.000000 10000.000000 10000.000000 10000.000000 10000.000000
18.000000 32.000000 1.000000 10000.000000 10000.000000 10000.000000 10000.000000
18.000000 33.000000 1.000000 10000.000000 10000.000000 10000.000000 10000.000000
18.000000 34.000000 1.000000 10000.000000 10000.000000 10000.000000 10000.000000
18.000000 35.000000 1.000000 10000.000000 10000.000000 10000.000000 10000.000000
18.000000 36.000000 1.000000 10000.000000 10000.000000 10000.000000 10000.000000
18.000000 37.000000 1.000000 10000.000000 10000.000000 10000.000000 10000.000000
18.000000 38.000000 1.000000 10000.000000 10000.000000 10000.000000 10000.000000
18.000000 39.000000 1.000000 10000.000000 10000.000000 10000.000000 10000.000000
18.000000 40.000000 1.000000 10000.000000 10000.000000 10000.000000 10000.000000
18.000000 41.000000 1.000000 10000.000000 10000.000000 10000.000000 10000.000000
18.000000 42.000000 1.000000 10000.000000 10000.000000 10000.000000 10000.000000
18.000000 43.000000 1.000000 10000.000000 10000.000000 10000.000000 10000.000000
18.000000 44.000000 1.000000 10000.000000 10000.000000 10000.000000 10000.000000
18.000000 45.000000 1.000000 10000.000000 10000.000000 10000.000000 10000.000000
18.000000 46.000000 1.000000 10000.000000 10000.000000 10000.000000 10000.000000
18.000000 47.000000 1.000000 10000.000000 10000.000000 10000.000000 10000.000000
18.000000 48.000000 1.000000 10000.000000 10000.000000 10000.000000 10000.000000
18.000000 49.000000 1.000000 10000.000000 10000.000000 10000.000000 10000.000000
19.000000 0.000000 1.000000 10000.000000 10000.000000 10000.000000 10000.000000
19.000000 1.000000 1.000000 10000.000000 10000.000000 10000.000000 10000.000000
19.000000 2.000000 1.000000 10000.000000 10000.000000 10000.000000 10000.000000
19.000000 3.000000 1.000000 10000.000000 10000.000000 10000.000000 10000.000000
19.000000 4.000000 1.000000 10000.000000 10000.000000 10000.000000 10000.000000
19.000000 5.000000 1.000000 10000.000000 10000.000000 10000.000000 10000.000000
19.000000 6.000000 1.000000 10000.000000 10000.000000 10000.000000 10000.000000
19.000000 7.000000 1.000000 10000.000000 10000.000000 10000.000000 10000.000000
19.000000 8.000000 1.000000 10000.000000 10000.000000 10000.000000 10000.000000
19.000000 9.000000 1.000000 10000.000000 10000.000000 10000.000000 10000.000000
19.000000 10.000000 1.000000 10000.000000 10000.000000 10000.000000 10000.000000
19.000000 11.000000 1.000000 10000.000000 10000.000000 10000.000000 10000.000000
19.000000 12.000000 1.000000 10000.000000 10000.000000 10000.000000 10000.000000
19.000000 13.000000 1.000000 10000.000000 10000.000000 10000.000000 10000.000000
19.000000 14.000000 1.000000 10000.000000 10000.000000 10000.000000 10000.000000
19.000000 15.000000 1.000000 10000.000000 10000.000000 10000.000000 10000.000000
19.000000 16.000000 1.000000 10000.000000 10000.000000 10000.000000 10000.000000
19.000000 17.000000 1.000000 10000.000000 10000.000000 10000.000000 10000.000000
19.000000 18.000000 1.000000 10000.000000 10000.000000 10000.000000 10000.000000
19.000000 19.000000 1.000000 10000.000000 10000.000000 10000.000000 10000.000000
19.000000 20.000000 1.000000 10000.000000 10000.000000 10000.000000 10000.000000
19.000000 21.000000 1.000000 10000.000000 10000.000000 10000.000000 10000.000000
19.000000 22.000000 1.000000 10000.000000 10000.000000 10000.000000 10000.000000
19.000000 23.000000 1.000000 10000.000000 10000.000000 10000.000000 10000.000000
19.000000 24.000000 1.000000 10000.000000 10000.000000 10000.000000 10000.000000
19.000000 25.000000 1.000000 10000.000000 10000.000000 10000.000000 10000.000000
19.000000 26.000000 1.000000 10000.000000 10000.000000 10000.000000 10000.000000
19.000000 27.000000 1.000000 10000.000000 10000.000000 10000.000000 10000.000000
19.000000 28.000000 1.000000 10000.000000 10000.000000 10000.000000 10000.000000
19.000000 29.000000 1.000000 10000.000000 10000.000000 10000.000000 10000.000000
19.000000 30.000000 1.000000 10000.000000 10000.000000 10000.000000 10000.000000
19.000000 31.000000 1.000000 10000.000000 10000.000000 10000.000000 10000.000000
19.000000 32.000000 1.000000 10000.000000 10000.000000 10000.000000 10000.000000
19.000000 33.000000 1.000000 10000.000000 10000.000000 10000.000000 10000.000000
19.000000 34.000000 1.000000 10000.000000 10000.000000 10000.000000 10000.000000
19.000000 35.000000 1.000000 10000.000000 10000.000000 10000.000000 10000.000000
19.000000 36.000000 1.000000 10000.000000 10000.000000 10000.000000 10000.000000
19.000000 37.000000 1.000000 10000.000000 10000.000000 10000.000000 10000.000000
19.000000 38.000000 1.000000 10000.000000 10000.000000 10000.000000 10000.000000
19.000000 39.000000 1.000000 10000.000000 10000.000000 10000.000000 10000.000000
19.000000 40.000000 1.000000 10000.000000 10000.000000 10000.000000 10000.000000
19.000000 41.000000 1.000000 10000.000000 10000.000000 10000.000000 10000.000000
19.000000 42.000000 1.000000 10000.000000 10000.000000 10000.000000 10000.000000
19.000000 43.000000 1.000000 10000.000000 10000.000000 10000.000000 10000.000000
19.000000 44.000000 1.000000 10000.000000 10000.000000 10000.000000 10000.000000
19.000000 45.000000 1.000000 10000.000000 10000.000000 10000.000000 10000.000000
19.000000 46.000000 1.000000 10000.000000 10000.000000 10000.000000 10000.000000
19.000000 47.000000 1.000000 10000.000000 10000.000000 10000.000000 10000.000000
19.000000 48.000000 1.000000 10000.000000 10000.000000 10000.000000 10000.000000
19.000000 49.000000 1.000000 10000.000000 10000.000000 10000.000000 10000.000000
20.000000 0.000000 1.000000 10000.000000 10000.000000 10000.000000 10000.000000
20.000000 1.000000 1.000000 10000.000000 10000.000000 10000.000000 10000.000000
20.000000 2.000000 1.000000 9999.000000 10000.000000 9999.000000 9999.000000
20.000000 3.000000 1.000000 9999.000000 10000.000000 9999.000000 9999.000000
20.000000 4.000000 1.000000 9999.000000 10000.000000 9999.000000 9999.000000
20.000000 5.000000 1.000000 9999.000000 10000.000000 9999.000000 9999.000000
20.000000 6.000000 1.000000 9999.000000 10000.000000 9999.000000 9999.000000
20.000000 7.000000 1.000000 10000.000000 10000.000000 10000.000000 10000.000000
20.000000 8.000000 1.000000 10000.000000 10000.000000 10000.000000 10000.000000
20.000000 9.000000 1.000000 10000.000000 10000.000000 10000.000000 10000.000000
20.000000 10.000000 1.000000 10000.000000 10000.000000 10000.000000 10000.000000
20.000000 11.000000 1.000000 10000.000000 10000.000000 10000.000000 10000.000000
20.000000 12.000000 1.000000 10000.000000 10000.000000 10000.000000 10000.000000
20.000000 13.000000 1.000000 10000.000000 10000.000000 10000.000000 10000.000000
20.000000 14.000000 1.000000 10000.000000 10000.000000 10000.000000 10000.000000
20.000000 15.000000 1.000000 10000.000000 10000.000000 10000.000000 10000.000000
20.000000 16.000000 1.000000 10000.000000 10000.000000 10000.000000 10000.000000
20.000000 17.000000 1.000000 10000.000000 10000.000000 10000.000000 10000.000000
20.000000 18.000000 1.000000 10000.000000 10000.000000 10000.000000 10000.000000
20.000000 19.000000 1.000000 10000.000000 10000.000000 10000.000000 10000.000000
20.000000 20.000000 1.000000 10000.000000 10000.000000 10000.000000 10000.000000
20.000000 21.000000 1.000000 10000.000000 10000.000000 10000.000000 10000.000000
20.000000 22.000000 1.000000 10000.000000 10000.000000 10000.000000 10000.000000
20.000000 23.000000 1.000000 10000.000000 10000.000000 10000.000000 10000.000000
20.000000 24.000000 1.000000 10000.000000 10000.000000 10000.000000 10000.000000
20.000000 25.000000 1.000000 10000.000000 10000.000000 10000.000000 10000.000000
20.000000 26.000000 1.000000 10000.000000 10000.000000 10000.000000 10000.000000
20.000000 27.000000 1.000000 10000.000000 10000.000000 10000.000000 10000.000000
20.000000 28.000000 1.000000 10000.000000 10000.000000 10000.000000 10000.000000
20.000000 29.000000 1.000000 10000.000000 10000.000000 10000.000000 10000.000000
20.000000 30.000000 1.000000 10000.000000 10000.000000 10000.000000 10000.000000
20.000000 31.000000 1.000000 10000.000000 10000.000000 10000.000000 10000.000000
20.000000 32.000000 1.000000 10000.000000 10000.000000 10000.000000 10000.000000
20.000000 33.000000 1.000000 10000.000000 10000.000000 10000.000000 10000.000000
20.000000 34.000000 1.000000 10000.000000 10000.000000 10000.000000 10000.000000
20.000000 35.000000 1.000000 10000.000000 10000.000000 10000.000000 10000.000000
20.000000 36.000000 1.000000 10000.000000 10000.000000 10000.000000 10000.000000
20.000000 37.000000 1.000000 10000.000000 10000.000000 10000.000000 10000.000000
20.000000 38.000000 1.000000 10000.000000 10000.000000 10000.000000 10000.000000
20.000000 39.000000 1.000000 10000.000000 10000.000000 10000.000000 10000.000000
20.000000 40.000000 1.000000 10000.000000 10000.000000 10000.000000 10000.000000
20.000000 41.000000 1.000000 10000.000000 10000.000000 10000.000000 10000.000000
20.000000 42.000000 1.000000 10000.000000 10000.000000 10000.000000 10000.000000
20.000000 43.000000 1.000000 10000.000000 10000.000000 10000.000000 10000.000000
20.000000 44.000000 1.000000 10000.000000 10000.000000 10000.000000 10000.000000
20.000000 45.000000 1.000000 10000.000000 10000.000000 10000.000000 10000.000000
20.000000 46.000000 1.000000 10000.000000 10000.000000 10000.000000 10000.000000
20.000000 47.000000 1.000000 10000.000000 10000.000000 10000.000000 10000.000000
20.000000 48.000000 1.000000 10000.000000 10000.000000 10000.000000 10000.000000
20.000000 49.000000 1.000000 10000.000000 10000.000000 10000.000000 10000.000000
21.000000 0.000000 1.000000 10000.000000 10000.000000 10000.000000 10000.000000
21.000000 1.000000 1.000000 10000.000000 10000.000000 10000.000000 10000.000000
21.000000 2.000000 1.000000 10000.000000 10000.000000 10000.000000 10000.000000
21.000000 3.000000 1.000000 9999.000000 10000.000000 9999.000000 9999.000000
21.000000 4.000000 1.000000 9999.000000 10000.000000 9999.000000 9999.000000
21.000000 5.000000 1.000000 9999.000000 10000.000000 9999.000000 9999.000000
21.000000 6.000000 1.000000 9999.000000 10000.000000 9999.000000 9999.000000
21.000000 7.000000 1.000000 9999.000000 10000.000000 9999.000000 9999.000000
21.000000 8.000000 1.000000 10000.000000 10000.000000 10000.000000 10000.000000
21.000000 9.000000 1.000000 10000.000000 10000.000000 10000.000000 10000.000000
21.000000 10.000000 1.000000 10000.000000 10000.000000 10000.000000 10000.000000
21.000000 11.000000 1.000000 10000.000000 10000.000000 10000.000000 10000.000000
21.000000 12.000000 1.000000 10000.000000 10000.000000 10000.000000 10000.000000
21.000000 13.000000 1.000000 10000.000000 10000.000000 10000.000000 10000.000000
21.000000 14.000000 1.000000 10000.000000 10000.000000 10000.000000 10000.000000
21.000000 15.000000 1.000000 10000.000000 10000.000000 10000.000000 10000.000000
21.000000 16.000000 1.000000 10000.000000 10000.000000 10000.000000 10000.000000
21.000000 17.000000 1.000000 10000.000000 10000.000000 10000.000000 10000.000000
21.000000 18.000000 1.000000 10000.000000 10000.000000 10000.000000 10000.000000
21.000000 19.000000 1.000000 10000.000000 10000.000000 10000.000000 10000.000000
21.000000 20.000000 1.000000 10000.000000 10000.000000 10000.000000 10000.000000
21.000000 21.000000 1.000000 10000.000000 10000.000000 10000.000000 10000.000000
21.000000 22.000000 1.000000 10000.000000 10000.000000 10000.000000 10000.000000
21.000000 23.000000 1.000000 10000.000000 10000.000000 10000.000000 10000.000000
21.000000 24.000000 1.000000 10000.000000 10000.000000 10000.000000 10000.000000
21.000000 25.000000 1.000000 10000.000000 10000.000000 10000.000000 10000.000000
21.000000 26.000000 1.000000 10000.000000 10000.000000 10000.000000 10000.000000
21.000000 27.000000 1.000000 10000.000000 10000.000000 10000.000000 10000.000000
21.000000 28.000000 1.000000 10000.000000 10000.000000 10000.000000 10000.000000
21.000000 29.000000 1.000000 10000.000000 10000.000000 10000.000000 10000.000000
21.000000 30.000000 1.000000 10000.000000 10000.000000 10000.000000 10000.000000
21.000000 31.000000 1.000000 10000.000000 10000.000000 10000.000000 10000.000000
21.000000 32.000000 1.000000 10000.000000 10000.000000 10000.000000 10000.000000
21.000000 33.000000 1.000000 10000.000000 10000.000000 10000.000000 10000.000000
21.000000 34.000000 1.000000 10000.000000 10000.000000 10000.000000 10000.000000
21.000000 35.000000 1.000000 10000.000000 10000.000000 10000.000000 10000.000000
21.000000 36.000000 1.000000 10000.000000 10000.000000 10000.000000 10000.000000
21.000000 37.000000 1.000000 10000.000000 10000.000000 10000.000000 10000.000000
21.000000 38.000000 1.000000 10000.000000 10000.000000 10000.000000 10000.000000
21.000000 39.000000 1.000000 10000.000000 10000.000000 10000.000000 10000.000000
21.000000 40.000000 1.000000 10000.000000 10000.000000 10000.000000 10000.000000
21.000000 41.000000 1.000000 10000.000000 10000.000000 10000.000000 10000.000000
21.000000 42.000000 1.000000 10000.000000 10000.000000 10000.000000 10000.000000
21.000000 43.000000 1.000000 10000.000000 10000.000000 10000.000000 10000.000000
21.000000 44.000000 1.000000 10000.000000 10000.000000 10000.000000 10000.000000
21.000000 45.000000 1.000000 10000.000000 10000.000000 10000.000000 10000.000000
21.000000 46.000000 1.000000 10000.000000 10000.000000 10000.000000 10000.000000
21.000000 47.000000 1.000000 10000.000000 10000.000000 10000.000000 10000.000000
21.000000 48.000000 1.000000 10000.000000 10000.000000 10000.000000 10000.000000
21.000000 49.000000 1.000000 10000.000000 10000.000000 10000.000000 10000.000000
22.000000 0.000000 1.000000 10000.000000 10000.000000 10000.000000 10000.000000
22.000000 1.000000 1.000000 10000.000000 10000.000000 10000.000000 10000.000000
22.000000 2.000000 1.000000 10000.000000 10000.000000 10000.000000 10000.000000
22.000000 3.000000 1.000000 9999.000000 10000.000000 9999.000000 9999.000000
22.000000 4.000000 1.000000 9999.000000 10000.000000 9999.000000 9999.000000
22.000000 5.000000 1.000000 9999.000000 10000.000000 9999.000000 9999.000000
22.000000 6.000000 1.000000 9999.000000 10000.000000 9999.000000 9999.000000
22.000000 7.000000 1.000000 9999.000000 10000.000000 9999.000000 9999.000000
22.000000 8.000000 1.000000 10000.000000 10000.000000 10000.000000 10000.000000
22.000000 9.000000 1.000000 10000.000000 10000.000000 10000.000000 10000.000000
22.000000 10.000000 1.000000 10000.000000 10000.000000 10000.000000 10000.000000
22.000000 11.000000 1.000000 10000.000000 10000.000000 10000.000000 10000.000000
22.000000 12.000000 1.000000 10000.000000 10000.000000 10000.000000 10000.000000
22.000000 13.000000 1.000000 10000.000000 10000.000000 10000.000000 10000.000000
22.000000 14.000000 1.000000 10000.000000 10000.000000 10000.000000 10000.000000
22.000000 15.000000 1.000000 10000.000000 10000.000000 10000.000000 10000.000000
22.000000 16.000000 1.000000 10000.000000 10000.000000 10000.000000 10000.000000
22.000000 17.000000 1.000000 10000.000000 10000.000000 10000.000000 10000.000000
22.000000 18.000000 1.000000 10000.000000 10000.000000 10000.000000 10000.000000
22.000000 19.000000 1.000000 10000.000000 10000.000000 10000.000000 10000.000000
22.000000 20.000000 1.000000 10000.000000 10000.000000 10000.000000 10000.000000
22.000000 21.000000 1.000000 10000.000000 10000.000000 10000.000000 10000.000000
22.000000 22.000000 1.000000 10000.000000 10000.000000 10000.000000 10000.000000
22.000000 23.000000 1.000000 10000.000000 10000.000000 10000.000000 10000.000000
22.000000 24.000000 1.000000 10000.000000 10000.000000 10000.000000 10000.000000
22.000000 25.000000 1.000000 10000.000000 10000.000000 10000.000000 10000.000000
22.000000 26.000000 1.000000 10000.000000 10000.000000 10000.000000 10000.000000
22.000000 27.000000 1.000000 10000.000000 10000.000000 10000.000000 10000.000000
22.000000 28.000000 1.000000 10000.000000 10000.000000 10000.000000 10000.000000
22.000000 29.000000 1.000000 10000.000000 10000.000000 10000.000000 10000.000000
22.000000 30.000000 1.000000 10000.000000 10000.000000 10000.000000 10000.000000
22.000000 31.000000 1.000000 10000.000000 10000.000000 10000.000000 10000.000000
22.000000 32.000000 1.000000 10000.000000 10000.000000 10000.000000 10000.000000
22.000000 33.000000 1.000000 10000.000000 10000.000000 10000.000000 10000.000000
22.000000 34.000000 1.000000 10000.000000 10000.000000 10000.000000 10000.000000
22.000000 35.000000 1.000000 10000.000000 10000.000000 10000.000000 10000.000000
22.000000 36.000000 1.000000 10000.000000 10000.000000 10000.000000 10000.000000
22.000000 37.000000 1.000000 10000.000000 10000.000000 10000.000000 10000.000000
22.000000 38.000000 1.000000 10000.000000 10000.000000 10000.000000 10000.000000
22.000000 39.000000 1.000000 10000.000000 10000.000000 10000.000000 10000.000000
22.000000 40.000000 1.000000 10000.000000 10000.000000 10000.000000 10000.000000
22.000000 41.000000 1.000000 10000.000000 10000.000000 10000.000000 10000.000000
22.000000 42.000000 1.000000 10000.000000 10000.000000 10000.000000 10000.000000
22.000000 43.000000 1.000000 10000.000000 10000.000000 10000.000000 10000.000000
22.000000 44.000000 1.000000 10000.000000 10000.000000 10000.000000 10000.000000
22.000000 45.000000 1.000000 10000.000000 10000.000000 10000.000000 10000.000000
22.000000 46.000000 1.000000 10000.000000 10000.000000 10000.000000 10000.000000
22.000000 47.000000 1.000000 10000.000000 10000.000000 10000.000000 10000.000000
22.000000 48.000000 1.000000 10000.000000 10000.000000 10000.000000 10000.000000
22.000000 49.000000 1.000000 10000.000000 10000.000000 10000.000000 10000.000000
23.000000 0.000000 1.000000 10000.000000 10000.000000 10000.000000 10000.000000
23.000000 1.000000 1.000000 10000.000000 10000.000000 10000.000000 10000.000000
23.000000 2.000000 1.000000 9999.000000 10000.000000 9999.000000 9999.000000
23.000000 3.000000 1.000000 9999.000000 10000.000000 9999.000000 9999.000000
23.000000 4.000000 1.000000 9999.000000 10000.000000 9999.000000 9999.000000
23.000000 5.000000 1.000000 9999.000000 10000.000000 9999.000000 9999.000000
23.000000 6.000000 1.000000 9999.000000 10000.000000 9999.000000 9999.000000
23.000000 7.000000 1.000000 10000.000000 10000.000000 10000.000000 10000.000000
23.000000 8.000000 1.000000 10000.000000 10000.000000 10000.000000 10000.000000
23.000000 9.000000 1.000000 10000.000000 10000.000000 10000.000000 10000.000000
23.000000 10.000000 1.000000 10000.000000 10000.000000 10000.000000 10000.000000
23.000000 11.000000 1.000000 10000.000000 10000.000000 10000.000000 10000.000000
23.000000 12.000000 1.000000 10000.000000 10000.000000 10000.000000 10000.000000
23.000000 13.000000 1.000000 10000.000000 10000.000000 10000.000000 10000.000000
23.000000 14.000000 1.000000 10000.000000 10000.000000 10000.000000 10000.000000
23.000000 15.000000 1.000000 10000.000000 10000.000000 10000.000000 10000.000000
23.000000 16.000000 1.000000 10000.000000 10000.000000 10000.000000 10000.000000
23.000000 17.000000 1.000000 10000.000000 10000.000000 10000.000000 10000.000000
23.000000 18.000000 1.000000 10000.000000 10000.000000 10000.000000 10000.000000
23.000000 19.000000 1.000000 10000.000000 10000.000000 10000.000000 10000.000000
23.000000 20.000000 1.000000 10000.000000 10000.000000 10000.000000 10000.000000
23.000000 21.000000 1.000000 10000.000000 10000.000000 10000.000000 10000.000000
23.000000 22.000000 1.000000 10000.000000 10000.000000 10000.000000 10000.000000
23.000000 23.000000 1.000000 10000.000000 10000.000000 10000.000000 10000.000000
23.000000 24.000000 1.000000 10000.000000 10000.000000 10000.000000 10000.000000
23.000000 25.000000 1.000000 10000.000000 10000.000000 10000.000000 10000.000000
23.000000 26.000000 1.000000 10000.000000 10000.000000 10000.000000 10000.000000
23.000000 27.000000 1.000000 10000.000000 10000.000000 10000.000000 10000.000000
23.000000 28.000000 1.000000 10000.000000 10000.000000 10000.000000 10000.000000
23.000000 29.000000 1.000000 10000.000000 10000.000000 10000.000000 10000.000000
23.000000 30.000000 1.000000 10000.000000 10000.000000 10000.000000 10000.000000
23.000000 31.000000 1.000000 10000.000000 10000.000000 10000.000000 10000.000000
23.000000 32.000000 1.000000 10000.000000 10000.000000 10000.000000 10000.000000
23.000000 33.000000 1.000000 10000.000000 10000.000000 10000.000000 10000.000000
23.000000 34.000000 1.000000 10000.000000 10000.000000 10000.000000 10000.000000
23.000000 35.000000 1.000000 10000.000000 10000.000000 10000.000000 10000.000000
23.000000 36.000000 1.000000 10000.000000 10000.000000 10000.000000 10000.000000
23.000000 37.000000 1.000000 10000.000000 10000.000000 10000.000000 10000.000000
23.000000 38.000000 1.000000 10000.000000 10000.000000 10000.000000 10000.000000
23.000000 39.000000 1.000000 10000.000000 10000.000000 10000.000000 10000.000000
23.000000 40.000000 1.000000 10000.000000 10000.000000 10000.000000 10000.000000
23.000000 41.000000 1.000000 10000.000000 10000.000000 10000.000000 10000.000000
23.000000 42.000000 1.000000 10000.000000 10000.000000 10000.000000 10000.000000
23.000000 43.000000 1.000000 10000.000000 10000.000000 10000.000000 10000.000000
23.000000 44.000000 1.000000 10000.000000 10000.000000 10000.000000 10000.000000
23.000000 45.000000 1.000000 10000.000000 10000.000000 10000.000000 10000.000000
23.000000 46.000000 1.000000 10000.000000 10000.000000 10000.000000 10000.000000
23.000000 47.000000 1.000000 10000.000000 10000.000000 10000.000000 10000.000000
23.000000 48.000000 1.000000 10000.000000 10000.000000 10000.000000 10000.000000
23.000000 49.000000 1.000000 10000.000000 10000.000000 10000.000000 10000.000000
24.000000 0.000000 1.000000 10000.000000 10000.000000 10000.000000 10000.000000
24.000000 1.000000 1.000000 10000.000000 10000.000000 10000.000000 10000.000000
24.000000 2.000000 1.000000 9999.000000 10000.000000 9999.000000 9999.000000
24.000000 3.000000 1.000000 9999.000000 10000.000000 9999.000000 9999.000000
24.000000 4.000000 1.000000 9999.000000 10000.000000 9999.000000 9999.000000
24.000000 5.000000 1.000000 9999.000000 10000.000000 9999.000000 9999.000000
24.000000 6.000000 1.000000 9999.000000 10000.000000 9999.000000 9999.000000
24.000000 7.000000 1.000000 10000.000000 10000.000000 10000.000000 10000.000000
24.000000 8.000000 1.000000 10000.000000 10000.000000 10000.000000 10000.000000
24.000000 9.000000 1.000000 10000.000000 10000.000000 10000.000000 10000.000000
24.000000 10.000000 1.000000 10000.000000 10000.000000 10000.000000 10000.000000
24.000000 11.000000 1.000000 10000.000000 10000.000000 10000.000000 10000.000000
24.000000 12.000000 1.000000 10000.000000 10000.000000 10000.000000 10000.000000
24.000000 13.000000 1.000000 10000.000000 10000.000000 10000.000000 10000.000000
24.000000 14.000000 1.000000 10000.000000 10000.000000 10000.000000 10000.000000
24.000000 15.000000 1.000000 10000.000000 10000.000000 10000.000000 10000.000000
24.000000 16.000000 1.000000 10000.000000 10000.000000 10000.000000 10000.000000
24.000000 17.000000 1.000000 10000.000000 10000.000000 10000.000000 10000.000000
24.000000 18.000000 1.000000 10000.000000 10000.000000 10000.000000 10000.000000
24.000000 19.000000 1.000000 10000.000000 10000.000000 10000.000000 10000.000000
24.000000 20.000000 1.000000 10000.000000 10000.000000 10000.000000 10000.000000
24.000000 21.000000 1.000000 10000.000000 10000.000000 10000.000000 10000.000000
24.000000 22.000000 1.000000 10000.000000 10000.000000 10000.000000 10000.000000
24.000000 23.000000 1.000000 10000.000000 10000.000000 10000.000000 10000.000000
24.000000 24.000000 1.000000 10000.000000 10000.000000 10000.000000 10000.000000
24.000000 25.000000 1.000000 10000.000000 10000.000000 10000.000000 10000.000000
24.000000 26.000000 1.000000 10000.000000 10000.000000 10000.000000 10000.000000
24.000000 27.000000 1.000000 10000.000000 10000.000000 10000.000000 10000.000000
24.000000 28.000000 1.000000 10000.000000 10000.000000 10000.000000 10000.000000
24.000000 29.000000 1.000000 10000.000000 10000.000000 10000.000000 10000.000000
24.000000 30.000000 1.000000 10000.000000 10000.000000 10000.000000 10000.000000
24.000000 31.000000 1.000000 10000.000000 10000.000000 10000.000000 10000.000000
24.000000 32.000000 1.000000 10000.000000 10000.000000 10000.000000 10000.000000
24.000000 33.000000 1.000000 10000.000000 10000.000000 10000.000000 10000.000000
24.000000 34.000000 1.000000 10000.000000 10000.000000 10000.000000 10000.000000
24.000000 35.000000 1.000000 10000.000000 10000.000000 10000.000000 10000.000000
24.000000 36.000000 1.000000 10000.000000 10000.000000 10000.000000 10000.000000
24.000000 37.000000 1.000000 10000.000000 10000.000000 10000.000000 10000.000000
24.000000 38.000000 1.000000 10000.000000 10000.000000 10000.000000 10000.000000
24.000000 39.000000 1.000000 10000.000000 10000.000000 10000.000000 10000.000000
24.000000 40.000000 1.000000 10000.000000 10000.000000 10000.000000 10000.000000
24.000000 41.000000 1.000000 10000.000000 10000.000000 10000.000000 10000.000000
24.000000 42.000000 1.000000 10000.000000 10000.000000 10000.000000 10000.000000
24.000000 43.000000 1.000000 10000.000000 10000.000000 10000.000000 10000.000000
24.000000 44.000000 1.000000 10000.000000 10000.000000 10000.000000 10000.000000
24.000000 45.000000 1.000000 10000.000000 10000.000000 10000.000000 10000.000000
24.000000 46.000000 1.000000 10000.000000 10000.000000 10000.000000 10000.000000
24.000000 47.000000 1.000000 10000.000000 10000.000000 10000.000000 10000.000000
24.000000 48.000000 1.000000 10000.000000 10000.000000 10000.000000 10000.000000
24.000000 49.000000 1.000000 10000.000000 10000.000000 10000.000000 10000.000000
25.000000 0.000000 1.000000 10000.000000 10000.000000 10000.000000 10000.000000
25.000000 1.000000 1.000000 10000.000000 10000.000000 10000.000000 10000.000000
25.000000 2.000000 1.000000 10000.000000 10000.000000 10000.000000 10000.000000
25.000000 3.000000 1.000000 9999.000000 10000.000000 9999.000000 9999.000000
25.000000 4.000000 1.000000 9999.000000 10000.000000 9999.000000 9999.000000
25.000000 5.000000 1.000000 9999.000000 10000.000000 9999.000000 9999.000000
25.000000 6.000000 1.000000 9999.000000 10000.000000 9999.000000 9999.000000
25.000000 7.000000 1.000000 9999.000000 10000.000000 9999.000000 9999.000000
25.000000 8.000000 1.000000 10000.000000 10000.000000 10000.000000 10000.000000
25.000000 9.000000 1.000000 10000.000000 10000.000000 10000.000000 10000.000000
25.000000 10.000000 1.000000 10000.000000 10000.000000 10000.000000 10000.000000
25.000000 11.000000 1.000000 10000.000000 10000.000000 10000.000000 10000.000000
25.000000 12.000000 1.000000 10000.000000 10000.000000 10000.000000 10000.000000
25.000000 13.000000 1.000000 10000.000000 10000.000000 10000.000000 10000.000000
25.000000 14.000000 1.000000 10000.000000 10000.000000 10000.000000 10000.000000
25.000000 15.000000 1.000000 10000.000000 10000.000000 10000.000000 10000.000000
25.000000 16.000000 1.000000 10000.000000 10000.000000 10000.000000 10000.000000
25.000000 17.000000 1.000000 10000.000000 10000.000000 10000.000000 10000.000000
25.000000 18.000000 1.000000 10000.000000 10000.000000 10000.000000 10000.000000
25.000000 19.000000 1.000000 10000.000000 10000.000000 10000.000000 10000.000000
25.000000 20.000000 1.000000 10000.000000 10000.000000 10000.000000 10000.000000
25.000000 21.000000 1.000000 10000.000000 10000.000000 10000.000000 10000.000000
25.000000 22.000000 1.000000 10000.000000 10000.000000 10000.000000 10000.000000
25.000000 23.000000 1.000000 10000.000000 10000.000000 10000.000000 10000.000000
25.000000 24.000000 1.000000 10000.000000 10000.000000 10000.000000 10000.000000
25.000000 25.000000 1.000000 10000.000000 10000.000000 10000.000000 10000.000000
25.000000 26.000000 1.000000 10000.000000 10000.000000 10000.000000 10000.000000
25.000000 27.000000 1.000000 10000.000000 10000.000000 10000.000000 10000.000000
25.000000 28.000000 1.000000 10000.000000 10000.000000 10000.000000 10000.000000
25.000000 29.000000 1.000000 10000.000000 10000.000000 10000.000000 10000.000000
25.000000 30.000000 1.000000 10000.000000 10000.000000 10000.000000 10000.000000
25.000000 31.000000 1.000000 10000.000000 10000.000000 10000.000000 10000.000000
25.000000 32.000000 1.000000 10000.000000 10000.000000 10000.000000 10000.000000
25.000000 33.000000 1.000000 10000.000000 10000.000000 10000.000000 10000.000000
25.000000 34.000000 1.000000 10000.000000 10000.000000 10000.000000 10000.000000
25.000000 35.000000 1.000000 10000.000000 10000.000000 10000.000000 10000.000000
25.000000 36.000000 1.000000 10000.000000 10000.000000 10000.000000 10000.000000
25.000000 37.000000 1.000000 10000.000000 10000.000000 10000.000000 10000.000000
25.000000 38.000000 1.000000 10000.000000 10000.000000 10000.000000 10000.000000
25.000000 39.000000 1.000000 10000.000000 10000.000000 10000.000000 10000.000000
25.000000 40.000000 1.000000 10000.000000 10000.000000 10000.000000 10000.000000
25.000000 41.000000 1.000000 10000.000000 10000.000000 10000.000000 10000.000000
25.000000 42.000000 1.000000 10000.000000 10000.000000 10000.000000 10000.000000
25.000000 43.000000 1.000000 10000.000000 10000.000000 10000.000000 10000.000000
25.000000 44.000000 1.000000 10000.000000 10000.000000 10000.000000 10000.000000
25.000000 45.000000 1.000000 10000.000000 10000.000000 10000.000000 10000.000000
25.000000 46.000000 1.000000 10000.000000 10000.000000 10000.000000 10000.000000
25.000000 47.000000 1.000000 10000.000000 10000.000000 10000.000000 10000.000000
25.000000 48.000000 1.000000 10000.000000 10000.000000 10000.000000 10000.000000
25.000000 49.000000 1.000000 10000.000000 10000.000000 10000.000000 10000.000000
26.000000 0.000000 1.000000 10000.000000 10000.000000 10000.000000 10000.000000
26.000000 1.000000 1.000000 10000.000000 10000.000000 10000.000000 10000.000000
26.000000 2.000000 1.000000 9999.000000 10000.000000 9999.000000 9999.000000
26.000000 3.000000 1.000000 9999.000000 10000.000000 9999.000000 9999.000000
26.000000 4.000000 1.000000 9998.000000 10000.000000 9998.000000 9998.000000
26.000000 5.000000 1.000000 9997.000000 10000.000000 9997.000000 9997.000000
26.000000 6.000000 1.000000 9995.000000 10000.000000 9995.000000 9995.000000
26.000000 7.000000 1.000000 9996.000000 10000.000000 9996.000000 9996.000000
26.000000 8.000000 1.000000 9996.000000 10000.000000 9996.000000 9996.000000
26.000000 9.000000 1.000000 9997.000000 10000.000000 9997.000000 9997.000000
26.000000 10.000000 1.000000 9998.000000 10000.000000 9998.000000 9998.000000
26.000000 11.000000 1.000000 10000.000000 10000.000000 10000.000000 10000.000000
26.000000 12.000000 1.000000 10000.000000 10000.000000 10000.000000 10000.000000
26.000000 13.000000 1.000000 10000.000000 10000.000000 10000.000000 10000.000000
26.000000 14.000000 1.000000 10000.000000 10000.000000 10000.000000 10000.000000
26.000000 15.000000 1.000000 10000.000000 10000.000000 10000.000000 10000.000000
26.000000 16.000000 1.000000 10000.000000 10000.000000 10000.000000 10000.000000
26.000000 17.000000 1.000000 10000.000000 10000.000000 10000.000000 10000.000000
26.000000 18.000000 1.000000 10000.000000 10000.000000 10000.000000 10000.000000
26.000000 19.000000 1.000000 10000.000000 10000.000000 10000.000000 10000.000000
26.000000 20.000000 1.000000 10000.000000 10000.000000 10000.000000 10000.000000
26.000000 21.000000 1.000000 10000.000000 10000.000000 10000.000000 10000.000000
26.000000 22.000000 1.000000 10000.000000 10000.000000 10000.000000 10000.000000
26.000000 23.000000 1.000000 10000.000000 10000.000000 10000.000000 10000.000000
26.000000 24.000000 1.000000 10000.000000 10000.000000 10000.000000 10000.000000
26.000000 25.000000 1.000000 10000.000000 10000.000000 10000.000000 10000.000000
26.000000 26.000000 1.000000 10000.000000 10000.000000 10000.000000 10000.000000
26.000000 27.000000 1.000000 10000.000000 10000.000000 10000.000000 10000.000000
26.000000 28.000000 1.000000 10000.000000 10000.000000 10000.000000 10000.000000
26.000000 29.000000 1.000000 10000.000000 10000.000000 10000.000000 10000.000000
26.000000 30.000000 1.000000 10000.000000 10000.000000 10000.000000 10000.000000
26.000000 31.000000 1.000000 10000.000000 10000.000000 10000.000000 10000.000000
26.000000 32.000000 1.000000 10000.000000 10000.000000 10000.000000 10000.000000
26.000000 33.000000 1.000000 10000.000000 10000.000000 10000.000000 10000.000000
26.000000 34.000000 1.000000 10000.000000 10000.000000 10000.000000 10000.000000
26.000000 35.000000 1.000000 10000.000000 10000.000000 10000.000000 10000.000000
26.000000 36.000000 1.000000 10000.000000 10000.000000 10000.000000 10000.000000
26.000000 37.000000 1.000000 10000.000000 10000.000000 10000.000000 10000.000000
26.000000 38.000000 1.000000 10000.000000 10000.000000 10000.000000 10000.000000
26.000000 39.000000 1.000000 10000.000000 10000.000000 10000.000000 10000.000000
26.000000 40.000000 1.000000 10000.000000 10000.000000 10000.000000 10000.000000
26.000000 41.000000 1.000000 10000.000000 10000.000000 10000.000000 10000.000000
26.000000 42.000000 1.000000 10000.000000 10000.000000 10000.000000 10000.000000
26.000000 43.000000 1.000000 10000.000000 10000.000000 10000.000000 10000.000000
26.000000 44.000000 1.000000 10000.000000 10000.000000 10000.000000 10000.000000
26.000000 45.000000 1.000000 10000.000000 10000.000000 10000.000000 10000.000000
26.000000 46.000000 1.000000 10000.000000 10000.000000 10000.000000 10000.000000
26.000000 47.000000 1.000000 10000.000000 10000.000000 10000.000000 10000.000000
26.000000 48.000000 1.000000 10000.000000 10000.000000 10000.000000 10000.000000
26.000000 49.000000 1.000000 10000.000000 10000.000000 10000.000000 10000.000000
27.000000 0.000000 1.000000 10000.000000 10000.000000 10000.000000 10000.000000
27.000000 1.000000 1.000000 10000.000000 10000.000000 10000.000000 10000.000000
27.000000 2.000000 1.000000 10000.000000 10000.000000 10000.000000 10000.000000
27.000000 3.000000 1.000000 9999.000000 10000.000000 9999.000000 9999.000000
27.000000 4.000000 1.000000 9998.000000 10000.000000 9998.000000 9998.000000
27.000000 5.000000 1.000000 9998.000000 10000.000000 9998.000000 9998.000000
27.000000 6.000000 1.000000 9997.000000 10000.000000 9997.000000 9997.000000
27.000000 7.000000 1.000000 9997.000000 10000.000000 9997.000000 9997.000000
27.000000 8.000000 1.000000 9998.000000 10000.000000 9998.000000 9998.000000
27.000000 9.000000 1.000000 9999.000000 10000.000000 9999.000000 9999.000000
27.000000 10.000000 1.000000 9999.000000 10000.000000 9999.000000 9999.000000
27.000000 11.000000 1.000000 10000.000000 10000.000000 10000.000000 10000.000000
27.000000 12.000000 1.000000 10000.000000 10000.000000 10000.000000 10000.000000
27.000000 13.000000 1.000000 10000.000000 10000.000000 10000.000000 10000.000000
27.000000 14.000000 1.000000 10000.000000 10000.000000 10000.000000 10000.000000
27.000000 15.000000 1.000000 10000.000000 10000.000000 10000.000000 10000.000000
27.000000 16.000000 1.000000 10000.000000 10000.000000 10000.000000 10000.000000
27.000000 17.000000 1.000000 10000.000000 10000.000000 10000.000000 10000.000000
27.000000 18.000000 1.000000 10000.000000 10000.000000 10000.000000 10000.000000
27.000000 19.000000 1.000000 10000.000000 10000.000000 10000.000000 10000.000000
27.000000 20.000000 1.000000 10000.000000 10000.000000 10000.000000 10000.000000
27.000000 21.000000 1.000000 10000.000000 10000.000000 10000.000000 10000.000000
27.000000 22.000000 1.000000 10000.000000 10000.000000 10000.000000 10000.000000
27.000000 23.000000 1.000000 10000.000000 10000.000000 10000.000000 10000.000000
27.000000 24.000000 1.000000 10000.000000 10000.000000 10000.000000 10000.000000
27.000000 25.000000 1.000000 10000.000000 10000.000000 10000.000000 10000.000000
27.000000 26.000000 1.000000 10000.000000 10000.000000 10000.000000 10000.000000
27.000000 27.000000 1.000000 10000.000000 10000.000000 10000.000000 10000.000000
27.000000 28.000000 1.000000 10000.000000 10000.000000 10000.000000 10000.000000
27.000000 29.000000 1.000000 10000.000000 10000.000000 10000.000000 10000.000000
27.000000 30.000000 1.000000 10000.000000 10000.000000 10000.000000 10000.000000
27.000000 31.000000 1.000000 10000.000000 10000.000000 10000.000000 10000.000000
27.000000 32.000000 1.000000 10000.000000 10000.000000 10000.000000 10000.000000
27.000000 33.000000 1.000000 10000.000000 10000.000000 10000.000000 10000.000000
27.000000 34.000000 1.000000 10000.000000 10000.000000 10000.000000 10000.000000
27.000000 35.000000 1.000000 10000.000000 10000.000000 10000.000000 10000.000000
27.000000 36.000000 1.000000 10000.000000 10000.000000 10000.000000 10000.000000
27.000000 37.000000 1.000000 10000.000000 10000.000000 10000.000000 10000.000000
27.000000 38.000000 1.000000 10000.000000 10000.000000 10000.000000 10000.000000
27.000000 39.000000 1.000000 10000.000000 10000.000000 10000.000000 10000.000000
27.000000 40.000000 1.000000 10000.000000 10000.000000 10000.000000 10000.000000
27.000000 41.000000 1.000000 10000.000000 10000.000000 10000.000000 10000.000000
27.000000 42.000000 1.000000 10000.000000 10000.000000 10000.000000 10000.000000
27.000000 43.000000 1.000000 10000.000000 10000.000000 10000.000000 10000.000000
27.000000 44.000000 1.000000 10000.000000 10000.000000 10000.000000 10000.000000
27.000000 45.000000 1.000000 10000.000000 10000.000000 10000.000000 10000.000000
27.000000 46.000000 1.000000 10000.000000 10000.000000 10000.000000 10000.000000
27.000000 47.000000 1.000000 10000.000000 10000.000000 10000.000000 10000.000000
27.000000 48.000000 1.000000 10000.000000 10000.000000 10000.000000 10000.000000
27.000000 49.000000 1.000000 10000.000000 10000.000000 10000.000000 10000.000000
28.000000 0.000000 1.000000 10000.000000 10000.000000 10000.000000 10000.000000
28.000000 1.000000 1.000000 10000.000000 10000.000000 10000.000000 10000.000000
28.000000 2.000000 1.000000 10000.000000 10000.000000 10000.000000 10000.000000
28.000000 3.000000 1.000000 9999.000000 10000.000000 9999.000000 9999.000000
28.000000 4.000000 1.000000 9998.000000 10000.000000 9998.000000 9998.000000
28.000000 5.000000 1.000000 9997.000000 10000.000000 9997.000000 9997.000000
28.000000 6.000000 1.000000 9996.000000 10000.000000 9996.000000 9996.000000
28.000000 7.000000 1.000000 9995.000000 10000.000000 9995.000000 9995.000000
28.000000 8.000000 1.000000 9995.000000 10000.000000 9995.000000 9995.000000
28.000000 9.000000 1.000000 9996.000000 10000.000000 9996.000000 9996.000000
28.000000 10.000000 1.000000 9996.000000 10000.000000 9996.000000 9996.000000
28.000000 11.000000 1.000000 9997.000000 10000.000000 9997.000000 9997.000000
28.000000 12.000000 1.000000 9996.000000 10000.000000 9996.000000 9996.000000
28.000000 13.000000 1.000000 9998.000000 10000.000000 9998.000000 9998.000000
28.000000 14.000000 1.000000 9995.000000 10000.000000 9995.000000 9995.000000
28.000000 15.000000 1.000000 9994.000000 10000.000000 9994.000000 9994.000000
28.000000 16.000000 1.000000 9992.000000 10000.000000 9992.000000 9992.000000
28.000000 17.000000 1.000000 9991.000000 10000.000000 9991.000000 9991.000000
28.000000 18.000000 1.000000 9991.000000 10000.000000 9991.000000 9991.000000
28.000000 19.000000 1.000000 9990.000000 10000.000000 9990.000000 9990.000000
28.000000 20.000000 1.000000 9992.000000 10000.000000 9992.000000 9992.000000
28.000000 21.000000 1.000000 9990.000000 10000.000000 9990.000000 9990.000000
28.000000 22.000000 1.000000 9984.000000 10000.000000 9984.000000 9984.000000
28.000000 23.000000 1.000000 9965.000000 10000.000000 9965.000000 9965.000000
28.000000 24.000000 1.000000 9943.000000 10000.000000 9943.000000 9943.000000
28.000000 25.000000 1.000000 9926.000000 10000.000000 9926.000000 9926.000000
28.000000 26.000000 1.000000 9899.000000 10000.000000 9899.000000 9899.000000
28.000000 27.000000 1.000000 9871.000000 10000.000000 9871.000000 9871.000000
28.000000 28.000000 1.000000 9845.000000 10000.000000 9845.000000 9845.000000
28.000000 29.000000 1.000000 9799.000000 10000.000000 9799.000000 9799.000000
28.000000 30.000000 1.000000 9719.000000 10000.000000 9719.000000 9719.000000
28.000000 31.000000 1.000000 9648.000000 10000.000000 9648.000000 9648.000000
28.000000 32.000000 1.000000 9555.000000 10000.000000 9555.000000 9555.000000
28.000000 33.000000 1.000000 9468.000000 10000.000000 9468.000000 9468.000000
28.000000 34.000000 1.000000 9424.000000 10000.000000 9424.000000 9424.000000
28.000000 35.000000 1.000000 9404.000000 10000.000000 9404.000000 9404.000000
28.000000 36.000000 1.000000 9424.000000 10000.000000 9424.000000 9424.000000
28.000000 37.000000 1.000000 9487.000000 10000.000000 9487.000000 9487.000000
28.000000 38.000000 1.000000 9530.000000 10000.000000 9530.000000 9530.000000
28.000000 39.000000 1.000000 9562.000000 10000.000000 9562.000000 9562.000000
28.000000 40.000000 1.000000 9614.000000 10000.000000 9614.000000 9614.000000
28.000000 41.000000 1.000000 9623.000000 10000.000000 9623.000000 9623.000000
28.000000 42.000000 1.000000 9629.000000 10000.000000 9629.000000 9629.000000
28.000000 43.000000 1.000000 9642.000000 10000.000000 9642.000000 9642.000000
28.000000 44.000000 1.000000 9671.000000 10000.000000 9671.000000 9671.000000
28.000000 45.000000 1.000000 9697.000000 10000.000000 9697.000000 9697.000000
28.000000 46.000000 1.000000 9728.000000 10000.000000 9728.000000 9728.000000
28.000000 47.000000 1.000000 9746.000000 10000.000000 9746.000000 9746.000000
28.000000 48.000000 1.000000 9760.000000 10000.000000 9760.000000 9760.000000
28.000000 49.000000 1.000000 9785.000000 10000.000000 9785.000000 9785.000000
29.000000 0.000000 1.000000 10000.000000 10000.000000 10000.000000 10000.000000
29.000000 1.000000 1.000000 10000.000000 10000.000000 10000.000000 10000.000000
29.000000 2.000000 1.000000 10000.000000 10000.000000 10000.000000 10000.000000
29.000000 3.000000 1.000000 9999.000000 10000.000000 9999.000000 9999.000000
29.000000 4.000000 1.000000 9999.000000 10000.000000 9999.000000 9999.000000
29.000000 5.000000 1.000000 9999.000000 10000.000000 9999.000000 9999.000000
29.000000 6.000000 1.000000 9999.000000 10000.000000 9999.000000 9999.000000
29.000000 7.000000 1.000000 9999.000000 10000.000000 9999.000000 9999.000000
29.000000 8.000000 1.000000 10000.000000 10000.000000 10000.000000 10000.000000
29.000000 9.000000 1.000000 10000.000000 10000.000000 10000.000000 10000.000000
29.000000 10.000000 1.000000 10000.000000 10000.000000 10000.000000 10000.000000
29.000000 11.000000 1.000000 10000.000000 10000.000000 10000.000000 10000.000000
29.000000 12.000000 1.000000 10000.000000 10000.000000 10000.000000 10000.000000
29.000000 13.000000 1.000000 10000.000000 10000.000000 10000.000000 10000.000000
29.000000 14.000000 1.000000 10000.000000 10000.000000 10000.000000 10000.000000
29.000000 15.000000 1.000000 10000.000000 10000.000000 10000.000000 10000.000000
29.000000 16.000000 1.000000 10000.000000 10000.000000 10000.000000 10000.000000
29.000000 17.000000 1.000000 10000.000000 10000.000000 10000.000000 10000.000000
29.000000 18.000000 1.000000 10000.000000 10000.000000 10000.000000 10000.000000
29.000000 19.000000 1.000000 10000.000000 10000.000000 10000.000000 10000.000000
29.000000 20.000000 1.000000 10000.000000 10000.000000 10000.000000 10000.000000
29.000000 21.000000 1.000000 10000.000000 10000.000000 10000.000000 10000.000000
29.000000 22.000000 1.000000 10000.000000 10000.000000 10000.000000 10000.000000
29.000000 23.000000 1.000000 10000.000000 10000.000000 10000.000000 10000.000000
29.000000 24.000000 1.000000 10000.000000 10000.000000 10000.000000 10000.000000
29.000000 25.000000 1.000000 10000.000000 10000.000000 10000.000000 10000.000000
29.000000 26.000000 1.000000 10000.000000 10000.000000 10000.000000 10000.000000
29.000000 27.000000 1.000000 10000.000000 10000.000000 10000.000000 10000.000000
29.000000 28.000000 1.000000 10000.000000 10000.000000 10000.000000 10000.000000
29.000000 29.000000 1.000000 10000.000000 10000.000000 10000.000000 10000.000000
29.000000 30.000000 1.000000 10000.000000 10000.000000 10000.000000 10000.000000
29.000000 31.000000 1.000000 10000.000000 10000.000000 10000.000000 10000.000000
29.000000 32.000000 1.000000 10000.000000 10000.000000 10000.000000 10000.000000
29.000000 33.000000 1.000000 10000.000000 10000.000000 10000.000000 10000.000000
29.000000 34.000000 1.000000 10000.000000 10000.000000 10000.000000 10000.000000
29.000000 35.000000 1.000000 10000.000000 10000.000000 10000.000000 10000.000000
29.000000 36.000000 1.000000 10000.000000 10000.000000 10000.000000 10000.000000
29.000000 37.000000 1.000000 10000.000000 10000.000000 10000.000000 10000.000000
29.000000 38.000000 1.000000 10000.000000 10000.000000 10000.000000 10000.000000
29.000000 39.000000 1.000000 10000.000000 10000.000000 10000.000000 10000.000000
29.000000 40.000000 1.000000 10000.000000 10000.000000 10000.000000 10000.000000
29.000000 41.000000 1.000000 10000.000000 10000.000000 10000.000000 10000.000000
29.000000 42.000000 1.000000 10000.000000 10000.000000 10000.000000 10000.000000
29.000000 43.000000 1.000000 10000.000000 10000.000000 10000.000000 10000.000000
29.000000 44.000000 1.000000 10000.000000 10000.000000 10000.000000 10000.000000
29.000000 45.000000 1.000000 10000.000000 10000.000000 10000.000000 10000.000000
29.000000 46.000000 1.000000 10000.000000 10000.000000 10000.000000 10000.000000
29.000000 47.000000 1.000000 10000.000000 10000.000000 10000.000000 10000.000000
29.000000 48.000000 1.000000 10000.000000 10000.000000 10000.000000 10000.000000
29.000000 49.000000 1.000000 10000.000000 10000.000000 10000.000000 10000.000000
30.000000 0.000000 1.000000 10000.000000 10000.000000 10000.000000 10000.000000
30.000000 1.000000 1.000000 10000.000000 10000.000000 10000.000000 10000.000000
30.000000 2.000000 1.000000 10000.000000 10000.000000 10000.000000 10000.000000
30.000000 3.000000 1.000000 9999.000000 10000.000000 9999.000000 9999.000000
30.000000 4.000000 1.000000 9999.000000 10000.000000 9999.000000 9999.000000
30.000000 5.000000 1.000000 9999.000000 10000.000000 9999.000000 9999.000000
30.000000 6.000000 1.000000 9999.000000 10000.000000 9999.000000 9999.000000
30.000000 7.000000 1.000000 9998.000000 10000.000000 9998.000000 9998.000000
30.000000 8.000000 1.000000 9999.000000 10000.000000 9999.000000 9999.000000
30.000000 9.000000 1.000000 9999.000000 10000.000000 9999.000000 9999.000000
30.000000 10.000000 1.000000 9999.000000 10000.000000 9999.000000 9999.000000
30.000000 11.000000 1.000000 9999.000000 10000.000000 9999.000000 9999.000000
30.000000 12.000000 1.000000 10000.000000 10000.000000 10000.000000 10000.000000
30.000000 13.000000 1.000000 10000.000000 10000.000000 10000.000000 10000.000000
30.000000 14.000000 1.000000 10000.000000 10000.000000 10000.000000 10000.000000
30.000000 15.000000 1.000000 10000.000000 10000.000000 10000.000000 10000.000000
30.000000 16.000000 1.000000 10000.000000 10000.000000 10000.000000 10000.000000
30.000000 17.000000 1.000000 10000.000000 10000.000000 10000.000000 10000.000000
30.000000 18.000000 1.000000 10000.000000 10000.000000 10000.000000 10000.000000
30.000000 19.000000 1.000000 10000.000000 10000.000000 10000.000000 10000.000000
30.000000 20.000000 1.000000 10000.000000 10000.000000 10000.000000 10000.000000
30.000000 21.000000 1.000000 10000.000000 10000.000000 10000.000000 10000.000000
30.000000 22.000000 1.000000 10000.000000 10000.000000 10000.000000 10000.000000
30.000000 23.000000 1.000000 10000.000000 10000.000000 10000.000000 10000.000000
30.000000 24.000000 1.000000 10000.000000 10000.000000 10000.000000 10000.000000
30.000000 25.000000 1.000000 10000.000000 10000.000000 10000.000000 10000.000000
30.000000 26.000000 1.000000 10000.000000 10000.000000 10000.000000 10000.000000
30.000000 27.000000 1.000000 10000.000000 10000.000000 10000.000000 10000.000000
30.000000 28.000000 1.000000 10000.000000 10000.000000 10000.000000 10000.000000
30.000000 29.000000 1.000000 10000.000000 10000.000000 10000.000000 10000.000000
30.000000 30.000000 1.000000 10000.000000 10000.000000 10000.000000 10000.000000
30.000000 31.000000 1.000000 10000.000000 10000.000000 10000.000000 10000.000000
30.000000 32.000000 1.000000 10000.000000 10000.000000 10000.000000 10000.000000
30.000000 33.000000 1.000000 10000.000000 10000.000000 10000.000000 10000.000000
30.000000 34.000000 1.000000 10000.000000 10000.000000 10000.000000 10000.000000
30.000000 35.000000 1.000000 10000.000000 10000.000000 10000.000000 10000.000000
30.000000 36.000000 1.000000 10000.000000 10000.000000 10000.000000 10000.000000
30.000000 37.000000 1.000000 10000.000000 10000.000000 10000.000000 10000.000000
30.000000 38.000000 1.000000 10000.000000 10000.000000 10000.000000 10000.000000
30.000000 39.000000 1.000000 10000.000000 10000.000000 10000.000000 10000.000000
30.000000 40.000000 1.000000 10000.000000 10000.000000 10000.000000 10000.000000
30.000000 41.000000 1.000000 10000.000000 10000.000000 10000.000000 10000.000000
30.000000 42.000000 1.000000 10000.000000 10000.000000 10000.000000 10000.000000
30.000000 43.000000 1.000000 10000.000000 10000.000000 10000.000000 10000.000000
30.000000 44.000000 1.000000 10000.000000 10000.000000 10000.000000 10000.000000
30.000000 45.000000 1.000000 10000.000000 10000.000000 10000.000000 10000.000000
30.000000 46.000000 1.000000 10000.000000 10000.000000 10000.000000 10000.000000
30.000000 47.000000 1.000000 10000.000000 10000.000000 10000.000000 10000.000000
30.000000 48.000000 1.000000 10000.000000 10000.000000 10000.000000 10000.000000
30.000000 49.000000 1.000000 10000.000000 10000.000000 10000.000000 10000.000000
31.000000 0.000000 1.000000 10000.000000 10000.000000 10000.000000 10000.000000
31.000000 1.000000 1.000000 10000.000000 10000.000000 10000.000000 10000.000000
31.000000 2.000000 1.000000 9999.000000 10000.000000 9999.000000 9999.000000
31.000000 3.000000 1.000000 9999.000000 10000.000000 9999.000000 9999.000000
31.000000 4.000000 1.000000 9998.000000 10000.000000 9998.000000 9998.000000
31.000000 5.000000 1.000000 9997.000000 10000.000000 9997.000000 9997.000000
31.000000 6.000000 1.000000 9995.000000 10000.000000 9995.000000 9995.000000
31.000000 7.000000 1.000000 9995.000000 10000.000000 9995.000000 9995.000000
31.000000 8.000000 1.000000 9996.000000 10000.000000 9996.000000 9996.000000
31.000000 9.000000 1.000000 9995.000000 10000.000000 9995.000000 9995.000000
31.000000 10.000000 1.000000 9997.000000 10000.000000 9997.000000 9997.000000
31.000000 11.000000 1.000000 9998.000000 10000.000000 9998.000000 9998.000000
31.000000 12.000000 1.000000 9999.000000 10000.000000 9999.000000 9999.000000
31.000000 13.000000 1.000000 9999.000000 10000.000000 9999.000000 9999.000000
31.000000 14.000000 1.000000 9999.000000 10000.000000 9999.000000 9999.000000
31.000000 15.000000 1.000000 10000.000000 10000.000000 10000.000000 10000.000000
31.000000 16.000000 1.000000 10000.000000 10000.000000 10000.000000 10000.000000
31.000000 17.000000 1.000000 10000.000000 10000.000000 10000.000000 10000.000000
31.000000 18.000000 1.000000 10000.000000 10000.000000 10000.000000 10000.000000
31.000000 19.000000 1.000000 10000.000000 10000.000000 10000.000000 10000.000000
31.000000 20.000000 1.000000 10000.000000 10000.000000 10000.000000 10000.000000
31.000000 21.000000 1.000000 10000.000000 10000.000000 10000.000000 10000.000000
31.000000 22.000000 1.000000 10000.000000 10000.000000 10000.000000 10000.000000
31.000000 23.000000 1.000000 10000.000000 10000.000000 10000.000000 10000.000000
31.000000 24.000000 1.000000 10000.000000 10000.000000 10000.000000 10000.000000
31.000000 25.000000 1.000000 10000.000000 10000.000000 10000.000000 10000.000000
31.000000 26.000000 1.000000 10000.000000 10000.000000 10000.000000 10000.000000
31.000000 27.000000 1.000000 10000.000000 10000.000000 10000.000000 10000.000000
31.000000 28.000000 1.000000 10000.000000 10000.000000 10000.000000 10000.000000
31.000000 29.000000 1.000000 10000.000000 10000.000000 10000.000000 10000.000000
31.000000 30.000000 1.000000 10000.000000 10000.000000 10000.000000 10000.000000
31.000000 31.000000 1.000000 10000.000000 10000.000000 10000.000000 10000.000000
31.000000 32.000000 1.000000 10000.000000 10000.000000 10000.000000 10000.000000
31.000000 33.000000 1.000000 10000.000000 10000.000000 10000.000000 10000.000000
31.000000 34.000000 1.000000 10000.000000 10000.000000 10000.000000 10000.000000
31.000000 35.000000 1.000000 10000.000000 10000.000000 10000.000000 10000.000000
31.000000 36.000000 1.000000 10000.000000 10000.000000 10000.000000 10000.000000
31.000000 37.000000 1.000000 10000.000000 10000.000000 10000.000000 10000.000000
31.000000 38.000000 1.000000 10000.000000 10000.000000 10000.000000 10000.000000
31.000000 39.000000 1.000000 10000.000000 10000.000000 10000.000000 10000.000000
31.000000 40.000000 1.000000 10000.000000 10000.000000 10000.000000 10000.000000
31.000000 41.000000 1.000000 10000.000000 10000.000000 10000.000000 10000.000000
31.000000 42.000000 1.000000 10000.000000 10000.000000 10000.000000 10000.000000
31.000000 43.000000 1.000000 10000.000000 10000.000000 10000.000000 10000.000000
31.000000 44.000000 1.000000 10000.000000 10000.000000 10000.000000 10000.000000
31.000000 45.000000 1.000000 10000.000000 10000.000000 10000.000000 10000.000000
31.000000 46.000000 1.000000 10000.000000 10000.000000 10000.000000 10000.000000
31.000000 47.000000 1.000000 10000.000000 10000.000000 10000.000000 10000.000000
31.000000 48.000000 1.000000 10000.000000 10000.000000 10000.000000 10000.000000
31.000000 49.000000 1.000000 10000.000000 10000.000000 10000.000000 10000.000000
32.000000 0.000000 1.000000 10000.000000 10000.000000 10000.000000 10000.000000
32.000000 1.000000 1.000000 10000.000000 10000.000000 10000.000000 10000.000000
32.000000 2.000000 1.000000 9999.000000 10000.000000 9999.000000 9999.000000
32.000000 3.000000 1.000000 9999.000000 10000.000000 9999.000000 9999.000000
32.000000 4.000000 1.000000 9999.000000 10000.000000 9999.000000 9999.000000
32.000000 5.000000 1.000000 9999.000000 10000.000000 9999.000000 9999.000000
32.000000 6.000000 1.000000 9999.000000 10000.000000 9999.000000 9999.000000
32.000000 7.000000 1.000000 10000.000000 10000.000000 10000.000000 10000.000000
32.000000 8.000000 1.000000 10000.000000 10000.000000 10000.000000 10000.000000
32.000000 9.000000 1.000000 10000.000000 10000.000000 10000.000000 10000.000000
32.000000 10.000000 1.000000 10000.000000 10000.000000 10000.000000 10000.000000
32.000000 11.000000 1.000000 10000.000000 10000.000000 10000.000000 10000.000000
32.000000 12.000000 1.000000 10000.000000 10000.000000 10000.000000 10000.000000
32.000000 13.000000 1.000000 10000.000000 10000.000000 10000.000000 10000.000000
32.000000 14.000000 1.000000 10000.000000 10000.000000 10000.000000 10000.000000
32.000000 15.000000 1.000000 10000.000000 10000.000000 10000.000000 10000.000000
32.000000 16.000000 1.000000 10000.000000 10000.000000 10000.000000 10000.000000
32.000000 17.000000 1.000000 10000.000000 10000.000000 10000.000000 10000.000000
32.000000 18.000000 1.000000 10000.000000 10000.000000 10000.000000 10000.000000
32.000000 19.000000 1.000000 10000.000000 10000.000000 10000.000000 10000.000000
32.000000 20.000000 1.000000 10000.000000 10000.000000 10000.000000 10000.000000
32.000000 21.000000 1.000000 10000.000000 10000.000000 10000.000000 10000.000000
32.000000 22.000000 1.000000 10000.000000 10000.000000 10000.000000 10000.000000
32.000000 23.000000 1.000000 10000.000000 10000.000000 10000.000000 10000.000000
32.000000 24.000000 1.000000 10000.000000 10000.000000 10000.000000 10000.000000
32.000000 25.000000 1.000000 10000.000000 10000.000000 10000.000000 10000.000000
32.000000 26.000000 1.000000 10000.000000 10000.000000 10000.000000 10000.000000
32.000000 27.000000 1.000000 10000.000000 10000.000000 10000.000000 10000.000000
32.000000 28.000000 1.000000 10000.000000 10000.000000 10000.000000 10000.000000
32.000000 29.000000 1.000000 10000.000000 10000.000000 10000.000000 10000.000000
32.000000 30.000000 1.000000 10000.000000 10000.000000 10000.000000 10000.000000
32.000000 31.000000 1.000000 10000.000000 10000.000000 10000.000000 10000.000000
32.000000 32.000000 1.000000 10000.000000 10000.000000 10000.000000 10000.000000
32.000000 33.000000 1.000000 10000.000000 10000.000000 10000.000000 10000.000000
32.000000 34.000000 1.000000 10000.000000 10000.000000 10000.000000 10000.000000
32.000000 35.000000 1.000000 10000.000000 10000.000000 10000.000000 10000.000000
32.000000 36.000000 1.000000 10000.000000 10000.000000 10000.000000 10000.000000
32.000000 37.000000 1.000000 10000.000000 10000.000000 10000.000000 10000.000000
32.000000 38.000000 1.000000 10000.000000 10000.000000 10000.000000 10000.000000
32.000000 39.000000 1.000000 10000.000000 10000.000000 10000.000000 10000.000000
32.000000 40.000000 1.000000 10000.000000 10000.000000 10000.000000 10000.000000
32.000000 41.000000 1.000000 10000.000000 10000.000000 10000.000000 10000.000000
32.000000 42.000000 1.000000 10000.000000 10000.000000 10000.000000 10000.000000
32.000000 43.000000 1.000000 10000.000000 10000.000000 10000.000000 10000.000000
32.000000 44.000000 1.000000 10000.000000 10000.000000 10000.000000 10000.000000
32.000000 45.000000 1.000000 10000.000000 10000.000000 10000.000000 10000.000000
32.000000 46.000000 1.000000 10000.000000 10000.000000 10000.000000 10000.000000
32.000000 47.000000 1.000000 10000.000000 10000.000000 10000.000000 10000.000000
32.000000 48.000000 1.000000 10000.000000 10000.000000 10000.000000 10000.000000
32.000000 49.000000 1.000000 10000.000000 10000.000000 10000.000000 10000.000000
33.000000 0.000000 1.000000 10000.000000 10000.000000 10000.000000 10000.000000
33.000000 1.000000 1.000000 10000.000000 10000.000000 10000.000000 10000.000000
33.000000 2.000000 1.000000 9999.000000 10000.000000 9999.000000 9999.000000
33.000000 3.000000 1.000000 9999.000000 10000.000000 9999.000000 9999.000000
33.000000 4.000000 1.000000 9999.000000 10000.000000 9999.000000 9999.000000
33.000000 5.000000 1.000000 9999.000000 10000.000000 9999.000000 9999.000000
33.000000 6.000000 1.000000 9999.000000 10000.000000 9999.000000 9999.000000
33.000000 7.000000 1.000000 10000.000000 10000.000000 10000.000000 10000.000000
33.000000 8.000000 1.000000 10000.000000 10000.000000 10000.000000 10000.000000
33.000000 9.000000 1.000000 10000.000000 10000.000000 10000.000000 10000.000000
33.000000 10.000000 1.000000 10000.000000 10000.000000 10000.000000 10000.000000
33.000000 11.000000 1.000000 10000.000000 10000.000000 10000.000000 10000.000000
33.000000 12.000000 1.000000 10000.000000 10000.000000 10000.000000 10000.000000
33.000000 13.000000 1.000000 10000.000000 10000.000000 10000.000000 10000.000000
33.000000 14.000000 1.000000 10000.000000 10000.000000 10000.000000 10000.000000
33.000000 15.000000 1.000000 10000.000000 10000.000000 10000.000000 10000.000000
33.000000 16.000000 1.000000 10000.000000 10000.000000 10000.000000 10000.000000
33.000000 17.000000 1.000000 10000.000000 10000.000000 10000.000000 10000.000000
33.000000 18.000000 1.000000 10000.000000 10000.000000 10000.000000 10000.000000
33.000000 19.000000 1.000000 10000.000000 10000.000000 10000.000000 10000.000000
33.000000 20.000000 1.000000 10000.000000 10000.000000 10000.000000 10000.000000
33.000000 21.000000 1.000000 10000.000000 10000.000000 10000.000000 10000.000000
33.000000 22.000000 1.000000 10000.000000 10000.000000 10000.000000 10000.000000
33.000000 23.000000 1.000000 10000.000000 10000.000000 10000.000000 10000.000000
33.000000 24.000000 1.000000 10000.000000 10000.000000 10000.000000 10000.000000
33.000000 25.000000 1.000000 10000.000000 10000.000000 10000.000000 10000.000000
33.000000 26.000000 1.000000 10000.000000 10000.000000 10000.000000 10000.000000
33.000000 27.000000 1.000000 10000.000000 10000.000000 10000.000000 10000.000000
33.000000 28.000000 1.000000 10000.000000 10000.000000 10000.000000 10000.000000
33.000000 29.000000 1.000000 10000.000000 10000.000000 10000.000000 10000.000000
33.000000 30.000000 1.000000 10000.000000 10000.000000 10000.000000 10000.000000
33.000000 31.000000 1.000000 10000.000000 10000.000000 10000.000000 10000.000000
33.000000 32.000000 1.000000 10000.000000 10000.000000 10000.000000 10000.000000
33.000000 33.000000 1.000000 10000.000000 10000.000000 10000.000000 10000.000000
33.000000 34.000000 1.000000 10000.000000 10000.000000 10000.000000 10000.000000
33.000000 35.000000 1.000000 10000.000000 10000.000000 10000.000000 10000.000000
33.000000 36.000000 1.000000 10000.000000 10000.000000 10000.000000 10000.000000
33.000000 37.000000 1.000000 10000.000000 10000.000000 10000.000000 10000.000000
33.000000 38.000000 1.000000 10000.000000 10000.000000 10000.000000 10000.000000
33.000000 39.000000 1.000000 10000.000000 10000.000000 10000.000000 10000.000000
33.000000 40.000000 1.000000 10000.000000 10000.000000 10000.000000 10000.000000
33.000000 41.000000 1.000000 10000.000000 10000.000000 10000.000000 10000.000000
33.000000 42.000000 1.000000 10000.000000 10000.000000 10000.000000 10000.000000
33.000000 43.000000 1.000000 10000.000000 10000.000000 10000.000000 10000.000000
33.000000 44.000000 1.000000 10000.000000 10000.000000 10000.000000 10000.000000
33.000000 45.000000 1.000000 10000.000000 10000.000000 10000.000000 10000.000000
33.000000 46.000000 1.000000 10000.000000 10000.000000 10000.000000 10000.000000
33.000000 47.000000 1.000000 10000.000000 10000.000000 10000.000000 10000.000000
33.000000 48.000000 1.000000 10000.000000 10000.000000 10000.000000 10000.000000
33.000000 49.000000 1.000000 10000.000000 10000.000000 10000.000000 10000.000000
34.000000 0.000000 1.000000 10000.000000 10000.000000 10000.000000 10000.000000
34.000000 1.000000 1.000000 10000.000000 10000.000000 10000.000000 10000.000000
34.000000 2.000000 1.000000 10000.000000 10000.000000 10000.000000 10000.000000
34.000000 3.000000 1.000000 10000.000000 10000.000000 10000.000000 10000.000000
34.000000 4.000000 1.000000 10000.000000 10000.000000 10000.000000 10000.000000
34.000000 5.000000 1.000000 10000.000000 10000.000000 10000.000000 10000.000000
34.000000 6.000000 1.000000 10000.000000 10000.000000 10000.000000 10000.000000
34.000000 7.000000 1.000000 10000.000000 10000.000000 10000.000000 10000.000000
34.000000 8.000000 1.000000 10000.000000 10000.000000 10000.000000 10000.000000
34.000000 9.000000 1.000000 10000.000000 10000.000000 10000.000000 10000.000000
34.000000 10.000000 1.000000 10000.000000 10000.000000 10000.000000 10000.000000
34.000000 11.000000 1.000000 10000.000000 10000.000000 10000.000000 10000.000000
34.000000 12.000000 1.000000 10000.000000 10000.000000 10000.000000 10000.000000
34.000000 13.000000 1.000000 10000.000000 10000.000000 10000.000000 10000.000000
34.000000 14.000000 1.000000 10000.000000 10000.000000 10000.000000 10000.000000
34.000000 15.000000 1.000000 10000.000000 10000.000000 10000.000000 10000.000000
34.000000 16.000000 1.000000 10000.000000 10000.000000 10000.000000 10000.000000
34.000000 17.000000 1.000000 10000.000000 10000.000000 10000.000000 10000.000000
34.000000 18.000000 1.000000 10000.000000 10000.000000 10000.000000 10000.000000
34.000000 19.000000 1.000000 10000.000000 10000.000000 10000.000000 10000.000000
34.000000 20.000000 1.000000 10000.000000 10000.000000 10000.000000 10000.000000
34.000000 21.000000 1.000000 10000.000000 10000.000000 10000.000000 10000.000000
34.000000 22.000000 1.000000 10000.000000 10000.000000 10000.000000 10000.000000
34.000000 23.000000 1.000000 10000.000000 10000.000000 10000.000000 10000.000000
34.000000 24.000000 1.000000 10000.000000 10000.000000 10000.000000 10000.000000
34.000000 25.000000 1.000000 10000.000000 10000.000000 10000.000000 10000.000000
34.000000 26.000000 1.000000 10000.000000 10000.000000 10000.000000 10000.000000
34.000000 27.000000 1.000000 10000.000000 10000.000000 10000.000000 10000.000000
34.000000 28.000000 1.000000 10000.000000 10000.000000 10000.000000 10000.000000
34.000000 29.000000 1.000000 10000.000000 10000.000000 10000.000000 10000.000000
34.000000 30.000000 1.000000 10000.000000 10000.000000 10000.000000 10000.000000
34.000000 31.000000 1.000000 10000.000000 10000.000000 10000.000000 10000.000000
34.000000 32.000000 1.000000 10000.000000 10000.000000 10000.000000 10000.000000
34.000000 33.000000 1.000000 10000.000000 10000.000000 10000.000000 10000.000000
34.000000 34.000000 1.000000 10000.000000 10000.000000 10000.000000 10000.000000
34.000000 35.000000 1.000000 10000.000000 10000.000000 10000.000000 10000.000000
34.000000 36.000000 1.000000 10000.000000 10000.000000 10000.000000 10000.000000
34.000000 37.000000 1.000000 10000.000000 10000.000000 10000.000000 10000.000000
34.000000 38.000000 1.000000 10000.000000 10000.000000 10000.000000 10000.000000
34.000000 39.000000 1.000000 10000.000000 10000.000000 10000.000000 10000.000000
34.000000 40.000000 1.000000 10000.000000 10000.000000 10000.000000 10000.000000
34.000000 41.000000 1.000000 10000.000000 10000.000000 10000.000000 10000.000000
34.000000 42.000000 1.000000 10000.000000 10000.000000 10000.000000 10000.000000
34.000000 43.000000 1.000000 10000.000000 10000.000000 10000.000000 10000.000000
34.000000 44.000000 1.000000 10000.000000 10000.000000 10000.000000 10000.000000
34.000000 45.000000 1.000000 10000.000000 10000.000000 10000.000000 10000.000000
34.000000 46.000000 1.000000 10000.000000 10000.000000 10000.000000 10000.000000
34.000000 47.000000 1.000000 10000.000000 10000.000000 10000.000000 10000.000000
34.000000 48.000000 1.000000 10000.000000 10000.000000 10000.000000 10000.000000
34.000000 49.000000 1.000000 10000.000000 10000.000000 10000.000000 10000.000000
35.000000 0.000000 1.000000 10000.000000 10000.000000 10000.000000 10000.000000
35.000000 1.000000 1.000000 10000.000000 10000.000000 10000.000000 10000.000000
35.000000 2.000000 1.000000 10000.000000 10000.000000 10000.000000 10000.000000
35.000000 3.000000 1.000000 9999.000000 10000.000000 9999.000000 9999.000000
35.000000 4.000000 1.000000 9999.000000 10000.000000 9999.000000 9999.000000
35.000000 5.000000 1.000000 9999.000000 10000.000000 9999.000000 9999.000000
35.000000 6.000000 1.000000 9999.000000 10000.000000 9999.000000 9999.000000
35.000000 7.000000 1.000000 9999.000000 10000.000000 9999.000000 9999.000000
35.000000 8.000000 1.000000 10000.000000 10000.000000 10000.000000 10000.000000
35.000000 9.000000 1.000000 10000.000000 10000.000000 10000.000000 10000.000000
35.000000 10.000000 1.000000 10000.000000 10000.000000 10000.000000 10000.000000
35.000000 11.000000 1.000000 10000.000000 10000.000000 10000.000000 10000.000000
35.000000 12.000000 1.000000 10000.000000 10000.000000 10000.000000 10000.000000
35.000000 13.000000 1.000000 10000.000000 10000.000000 10000.000000 10000.000000
35.000000 14.000000 1.000000 10000.000000 10000.000000 10000.000000 10000.000000
35.000000 15.000000 1.000000 10000.000000 10000.000000 10000.000000 10000.000000
35.000000 16.000000 1.000000 10000.000000 10000.000000 10000.000000 10000.000000
35.000000 17.000000 1.000000 10000.000000 10000.000000 10000.000000 10000.000000
35.000000 18.000000 1.000000 10000.000000 10000.000000 10000.000000 10000.000000
35.000000 19.000000 1.000000 10000.000000 10000.000000 10000.000000 10000.000000
35.000000 20.000000 1.000000 10000.000000 10000.000000 10000.000000 10000.000000
35.000000 21.000000 1.000000 10000.000000 10000.000000 10000.000000 10000.000000
35.000000 22.000000 1.000000 10000.000000 10000.000000 10000.000000 10000.000000
35.000000 23.000000 1.000000 10000.000000 10000.000000 10000.000000 10000.000000
35.000000 24.000000 1.000000 10000.000000 10000.000000 10000.000000 10000.000000
35.000000 25.000000 1.000000 10000.000000 10000.000000 10000.000000 10000.000000
35.000000 26.000000 1.000000 10000.000000 10000.000000 10000.000000 10000.000000
35.000000 27.000000 1.000000 10000.000000 10000.000000 10000.000000 10000.000000
35.000000 28.000000 1.000000 10000.000000 10000.000000 10000.000000 10000.000000
35.000000 29.000000 1.000000 10000.000000 10000.000000 10000.000000 10000.000000
35.000000 30.000000 1.000000 10000.000000 10000.000000 10000.000000 10000.000000
35.000000 31.000000 1.000000 10000.000000 10000.000000 10000.000000 10000.000000
35.000000 32.000000 1.000000 10000.000000 10000.000000 10000.000000 10000.000000
35.000000 33.000000 1.000000 10000.000000 10000.000000 10000.000000 10000.000000
35.000000 34.000000 1.000000 10000.000000 10000.000000 10000.000000 10000.000000
35.000000 35.000000 1.000000 10000.000000 10000.000000 10000.000000 10000.000000
35.000000 36.000000 1.000000 10000.000000 10000.000000 10000.000000 10000.000000
35.000000 37.000000 1.000000 10000.000000 10000.000000 10000.000000 10000.000000
35.000000 38.000000 1.000000 10000.000000 10000.000000 10000.000000 10000.000000
35.000000 39.000000 1.000000 10000.000000 10000.000000 10000.000000 10000.000000
35.000000 40.000000 1.000000 10000.000000 10000.000000 10000.000000 10000.000000
35.000000 41.000000 1.000000 10000.000000 10000.000000 10000.000000 10000.000000
35.000000 42.000000 1.000000 10000.000000 10000.000000 10000.000000 10000.000000
35.000000 43.000000 1.000000 10000.000000 10000.000000 10000.000000 10000.000000
35.000000 44.000000 1.000000 10000.000000 10000.000000 10000.000000 10000.000000
35.000000 45.000000 1.000000 10000.000000 10000.000000 10000.000000 10000.000000
35.000000 46.000000 1.000000 10000.000000 10000.000000 10000.000000 10000.000000
35.000000 47.000000 1.000000 10000.000000 10000.000000 10000.000000 10000.000000
35.000000 48.000000 1.000000 10000.000000 10000.000000 10000.000000 10000.000000
35.000000 49.000000 1.000000 10000.000000 10000.000000 10000.000000 10000.000000
36.000000 0.000000 1.000000 10000.000000 10000.000000 10000.000000 10000.000000
36.000000 1.000000 1.000000 10000.000000 10000.000000 10000.000000 10000.000000
36.000000 2.000000 1.000000 9999.000000 10000.000000 9999.000000 9999.000000
36.000000 3.000000 1.000000 9999.000000 10000.000000 9999.000000 9999.000000
36.000000 4.000000 1.000000 9999.000000 10000.000000 9999.000000 9999.000000
36.000000 5.000000 1.000000 9998.000000 10000.000000 9998.000000 9998.000000
36.000000 6.000000 1.000000 9998.000000 10000.000000 9998.000000 9998.000000
36.000000 7.000000 1.000000 9998.000000 10000.000000 9998.000000 9998.000000
36.000000 8.000000 1.000000 9999.000000 10000.000000 9999.000000 9999.000000
36.000000 9.000000 1.000000 9999.000000 10000.000000 9999.000000 9999.000000
36.000000 10.000000 1.000000 10000.000000 10000.000000 10000.000000 10000.000000
36.000000 11.000000 1.000000 10000.000000 10000.000000 10000.000000 10000.000000
36.000000 12.000000 1.000000 10000.000000 10000.000000 10000.000000 10000.000000
36.000000 13.000000 1.000000 10000.000000 10000.000000 10000.000000 10000.000000
36.000000 14.000000 1.000000 10000.000000 10000.000000 10000.000000 10000.000000
36.000000 15.000000 1.000000 10000.000000 10000.000000 10000.000000 10000.000000
36.000000 16.000000 1.000000 10000.000000 10000.000000 10000.000000 10000.000000
36.000000 17.000000 1.000000 10000.000000 10000.000000 10000.000000 10000.000000
36.000000 18.000000 1.000000 10000.000000 10000.000000 10000.000000 10000.000000
36.000000 19.000000 1.000000 10000.000000 10000.000000 10000.000000 10000.000000
36.000000 20.000000 1.000000 10000.000000 10000.000000 10000.000000 10000.000000
36.000000 21.000000 1.000000 10000.000000 10000.000000 10000.000000 10000.000000
36.000000 22.000000 1.000000 10000.000000 10000.000000 10000.000000 10000.000000
36.000000 23.000000 1.000000 10000.000000 10000.000000 10000.000000 10000.000000
36.000000 24.000000 1.000000 10000.000000 10000.000000 10000.000000 10000.000000
36.000000 25.000000 1.000000 10000.000000 10000.000000 10000.000000 10000.000000
36.000000 26.000000 1.000000 10000.000000 10000.000000 10000.000000 10000.000000
36.000000 27.000000 1.000000 10000.000000 10000.000000 10000.000000 10000.000000
36.000000 28.000000 1.000000 10000.000000 10000.000000 10000.000000 10000.000000
36.000000 29.000000 1.000000 10000.000000 10000.000000 10000.000000 10000.000000
36.000000 30.000000 1.000000 10000.000000 10000.000000 10000.000000 10000.000000
36.000000 31.000000 1.000000 10000.000000 10000.000000 10000.000000 10000.000000
36.000000 32.000000 1.000000 10000.000000 10000.000000 10000.000000 10000.000000
36.000000 33.000000 1.000000 10000.000000 10000.000000 10000.000000 10000.000000
36.000000 34.000000 1.000000 10000.000000 10000.000000 10000.000000 10000.000000
36.000000 35.000000 1.000000 10000.000000 10000.000000 10000.000000 10000.000000
36.000000 36.000000 1.000000 10000.000000 10000.000000 10000.000000 10000.000000
36.000000 37.000000 1.000000 10000.000000 10000.000000 10000.000000 10000.000000
36.000000 38.000000 1.000000 10000.000000 10000.000000 10000.000000 10000.000000
36.000000 39.000000 1.000000 10000.000000 10000.000000 10000.000000 10000.000000
36.000000 40.000000 1.000000 10000.000000 10000.000000 10000.000000 10000.000000
36.000000 41.000000 1.000000 10000.000000 10000.000000 10000.000000 10000.000000
36.000000 42.000000 1.000000 10000.000000 10000.000000 10000.000000 10000.000000
36.000000 43.000000 1.000000 10000.000000 10000.000000 10000.000000 10000.000000
36.000000 44.000000 1.000000 10000.000000 10000.000000 10000.000000 10000.000000
36.000000 45.000000 1.000000 10000.000000 10000.000000 10000.000000 10000.000000
36.000000 46.000000 1.000000 10000.000000 10000.000000 10000.000000 10000.000000
36.000000 47.000000 1.000000 10000.000000 10000.000000 10000.000000 10000.000000
36.000000 48.000000 1.000000 10000.000000 10000.000000 10000.000000 10000.000000
36.000000 49.000000 1.000000 10000.000000 10000.000000 10000.000000 10000.000000
37.000000 0.000000 1.000000 10000.000000 10000.000000 10000.000000 10000.000000
37.000000 1.000000 1.000000 10000.000000 10000.000000 10000.000000 10000.000000
37.000000 2.000000 1.000000 9999.000000 10000.000000 9999.000000 9999.000000
37.000000 3.000000 1.000000 9999.000000 10000.000000 9999.000000 9999.000000
37.000000 4.000000 1.000000 9999.000000 10000.000000 9999.000000 9999.000000
37.000000 5.000000 1.000000 9999.000000 10000.000000 9999.000000 9999.000000
37.000000 6.000000 1.000000 9999.000000 10000.000000 9999.000000 9999.000000
37.000000 7.000000 1.000000 10000.000000 10000.000000 10000.000000 10000.000000
37.000000 8.000000 1.000000 10000.000000 10000.000000 10000.000000 10000.000000
37.000000 9.000000 1.000000 10000.000000 10000.000000 10000.000000 10000.000000
37.000000 10.000000 1.000000 10000.000000 10000.000000 10000.000000 10000.000000
37.000000 11.000000 1.000000 10000.000000 10000.000000 10000.000000 10000.000000
37.000000 12.000000 1.000000 10000.000000 10000.000000 10000.000000 10000.000000
37.000000 13.000000 1.000000 10000.000000 10000.000000 10000.000000 10000.000000
37.000000 14.000000 1.000000 10000.000000 10000.000000 10000.000000 10000.000000
37.000000 15.000000 1.000000 10000.000000 10000.000000 10000.000000 10000.000000
37.000000 16.000000 1.000000 10000.000000 10000.000000 10000.000000 10000.000000
37.000000 17.000000 1.000000 10000.000000 10000.000000 10000.000000 10000.000000
37.000000 18.000000 1.000000 10000.000000 10000.000000 10000.000000 10000.000000
37.000000 19.000000 1.000000 10000.000000 10000.000000 10000.000000 10000.000000
37.000000 20.000000 1.000000 10000.000000 10000.000000 10000.000000 10000.000000
37.000000 21.000000 1.000000 10000.000000 10000.000000 10000.000000 10000.000000
37.000000 22.000000 1.000000 10000.000000 10000.000000 10000.000000 10000.000000
37.000000 23.000000 1.000000 10000.000000 10000.000000 10000.000000 10000.000000
37.000000 24.000000 1.000000 10000.000000 10000.000000 10000.000000 10000.000000
37.000000 25.000000 1.000000 10000.000000 10000.000000 10000.000000 10000.000000
37.000000 26.000000 1.000000 10000.000000 10000.000000 10000.000000 10000.000000
37.000000 27.000000 1.000000 10000.000000 10000.000000 10000.000000 10000.000000
37.000000 28.000000 1.000000 10000.000000 10000.000000 10000.000000 10000.000000
37.000000 29.000000 1.000000 10000.000000 10000.000000 10000.000000 10000.000000
37.000000 30.000000 1.000000 10000.000000 10000.000000 10000.000000 10000.000000
37.000000 31.000000 1.000000 10000.000000 10000.000000 10000.000000 10000.000000
37.000000 32.000000 1.000000 10000.000000 10000.000000 10000.000000 10000.000000
37.000000 33.000000 1.000000 10000.000000 10000.000000 10000.000000 10000.000000
37.000000 34.000000 1.000000 10000.000000 10000.000000 10000.000000 10000.000000
37.000000 35.000000 1.000000 10000.000000 10000.000000 10000.000000 10000.000000
37.000000 36.000000 1.000000 10000.000000 10000.000000 10000.000000 10000.000000
37.000000 37.000000 1.000000 10000.000000 10000.000000 10000.000000 10000.000000
37.000000 38.000000 1.000000 10000.000000 10000.000000 10000.000000 10000.000000
37.000000 39.000000 1.000000 10000.000000 10000.000000 10000.000000 10000.000000
37.000000 40.000000 1.000000 10000.000000 10000.000000 10000.000000 10000.000000
37.000000 41.000000 1.000000 10000.000000 10000.000000 10000.000000 10000.000000
37.000000 42.000000 1.000000 10000.000000 10000.000000 10000.000000 10000.000000
37.000000 43.000000 1.000000 10000.000000 10000.000000 10000.000000 10000.000000
37.000000 44.000000 1.000000 10000.000000 10000.000000 10000.000000 10000.000000
37.000000 45.000000 1.000000 10000.000000 10000.000000 10000.000000 10000.000000
37.000000 46.000000 1.000000 10000.000000 10000.000000 10000.000000 10000.000000
37.000000 47.000000 1.000000 10000.000000 10000.000000 10000.000000 10000.000000
37.000000 48.000000 1.000000 10000.000000 10000.000000 10000.000000 10000.000000
37.000000 49.000000 1.000000 10000.000000 10000.000000 10000.000000 10000.000000
38.000000 0.000000 1.000000 10000.000000 10000.000000 10000.000000 10000.000000
38.000000 1.000000 1.000000 10000.000000 10000.000000 10000.000000 10000.000000
38.000000 2.000000 1.000000 9999.000000 10000.000000 9999.000000 9999.000000
38.000000 3.000000 1.000000 9999.000000 10000.000000 9999.000000 9999.000000
38.000000 4.000000 1.000000 9999.000000 10000.000000 9999.000000 9999.000000
38.000000 5.000000 1.000000 9999.000000 10000.000000 9999.000000 9999.000000
38.000000 6.000000 1.000000 9999.000000 10000.000000 9999.000000 9999.000000
38.000000 7.000000 1.000000 10000.000000 10000.000000 10000.000000 10000.000000
38.000000 8.000000 1.000000 10000.000000 10000.000000 10000.000000 10000.000000
38.000000 9.000000 1.000000 10000.000000 10000.000000 10000.000000 10000.000000
38.000000 10.000000 1.000000 10000.000000 10000.000000 10000.000000 10000.000000
38.000000 11.000000 1.000000 10000.000000 10000.000000 10000.000000 10000.000000
38.000000 12.000000 1.000000 10000.000000 10000.000000 10000.000000 10000.000000
38.000000 13.000000 1.000000 10000.000000 10000.000000 10000.000000 10000.000000
38.000000 14.000000 1.000000 10000.000000 10000.000000 10000.000000 10000.000000
38.000000 15.000000 1.000000 10000.000000 10000.000000 10000.000000 10000.000000
38.000000 16.000000 1.000000 10000.000000 10000.000000 10000.000000 10000.000000
38.000000 17.000000 1.000000 10000.000000 10000.000000 10000.000000 10000.000000
38.000000 18.000000 1.000000 10000.000000 10000.000000 10000.000000 10000.000000
38.000000 19.000000 1.000000 10000.000000 10000.000000 10000.000000 10000.000000
38.000000 20.000000 1.000000 10000.000000 10000.000000 10000.000000 10000.000000
38.000000 21.000000 1.000000 10000.000000 10000.000000 10000.000000 10000.000000
38.000000 22.000000 1.000000 10000.000000 10000.000000 10000.000000 10000.000000
38.000000 23.000000 1.000000 10000.000000 10000.000000 10000.000000 10000.000000
38.000000 24.000000 1.000000 10000.000000 10000.000000 10000.000000 10000.000000
38.000000 25.000000 1.000000 10000.000000 10000.000000 10000.000000 10000.000000
38.000000 26.000000 1.000000 10000.000000 10000.000000 10000.000000 10000.000000
38.000000 27.000000 1.000000 10000.000000 10000.000000 10000.000000 10000.000000
38.000000 28.000000 1.000000 10000.000000 10000.000000 10000.000000 10000.000000
38.000000 29.000000 1.000000 10000.000000 10000.000000 10000.000000 10000.000000
38.000000 30.000000 1.000000 10000.000000 10000.000000 10000.000000 10000.000000
38.000000 31.000000 1.000000 10000.000000 10000.000000 10000.000000 10000.000000
38.000000 32.000000 1.000000 10000.000000 10000.000000 10000.000000 10000.000000
38.000000 33.000000 1.000000 10000.000000 10000.000000 10000.000000 10000.000000
38.000000 34.000000 1.000000 10000.000000 10000.000000 10000.000000 10000.000000
38.000000 35.000000 1.000000 10000.000000 10000.000000 10000.000000 10000.000000
38.000000 36.000000 1.000000 10000.000000 10000.000000 10000.000000 10000.000000
38.000000 37.000000 1.000000 10000.000000 10000.000000 10000.000000 10000.000000
38.000000 38.000000 1.000000 10000.000000 10000.000000 10000.000000 10000.000000
38.000000 39.000000 1.000000 10000.000000 10000.000000 10000.000000 10000.000000
38.000000 40.000000 1.000000 10000.000000 10000.000000 10000.000000 10000.000000
38.000000 41.000000 1.000000 10000.000000 10000.000000 10000.000000 10000.000000
38.000000 42.000000 1.000000 10000.000000 10000.000000 10000.000000 10000.000000
38.000000 43.000000 1.000000 10000.000000 10000.000000 10000.000000 10000.000000
38.000000 44.000000 1.000000 10000.000000 10000.000000 10000.000000 10000.000000
38.000000 45.000000 1.000000 10000.000000 10000.000000 10000.000000 10000.000000
38.000000 46.000000 1.000000 10000.000000 10000.000000 10000.000000 10000.000000
38.000000 47.000000 1.000000 10000.000000 10000.000000 10000.000000 10000.000000
38.000000 48.000000 1.000000 10000.000000 10000.000000 10000.000000 10000.000000
38.000000 49.000000 1.000000 10000.000000 10000.000000 10000.000000 10000.000000
39.000000 0.000000 1.000000 10000.000000 10000.000000 10000.000000 10000.000000
39.000000 1.000000 1.000000 10000.000000 10000.000000 10000.000000 10000.000000
39.000000 2.000000 1.000000 9999.000000 10000.000000 9999.000000 9999.000000
39.000000 3.000000 1.000000 9999.000000 10000.000000 9999.000000 9999.000000
39.000000 4.000000 1.000000 9998.000000 10000.000000 9998.000000 9998.000000
39.000000 5.000000 1.000000 9997.000000 10000.000000 9997.000000 9997.000000
39.000000 6.000000 1.000000 9994.000000 10000.000000 9994.000000 9994.000000
39.000000 7.000000 1.000000 9991.000000 10000.000000 9991.000000 9991.000000
39.000000 8.000000 1.000000 9991.000000 10000.000000 9991.000000 9991.000000
39.000000 9.000000 1.000000 9991.000000 10000.000000 9991.000000 9991.000000
39.000000 10.000000 1.000000 9993.000000 10000.000000 9993.000000 9993.000000
39.000000 11.000000 1.000000 9995.000000 10000.000000 9995.000000 9995.000000
39.000000 12.000000 1.000000 9999.000000 10000.000000 9999.000000 9999.000000
39.000000 13.000000 1.000000 10000.000000 10000.000000 10000.000000 10000.000000
39.000000 14.000000 1.000000 10000.000000 10000.000000 10000.000000 10000.000000
39.000000 15.000000 1.000000 10000.000000 10000.000000 10000.000000 10000.000000
39.000000 16.000000 1.000000 10000.000000 10000.000000 10000.000000 10000.000000
39.000000 17.000000 1.000000 10000.000000 10000.000000 10000.000000 10000.000000
39.000000 18.000000 1.000000 10000.000000 10000.000000 10000.000000 10000.000000
39.000000 19.000000 1.000000 10000.000000 10000.000000 10000.000000 10000.000000
39.000000 20.000000 1.000000 10000.000000 10000.000000 10000.000000 10000.000000
39.000000 21.000000 1.000000 10000.000000 10000.000000 10000.000000 10000.000000
39.000000 22.000000 1.000000 10000.000000 10000.000000 10000.000000 10000.000000
39.000000 23.000000 1.000000 10000.000000 10000.000000 10000.000000 10000.000000
39.000000 24.000000 1.000000 10000.000000 10000.000000 10000.000000 10000.000000
39.000000 25.000000 1.000000 10000.000000 10000.000000 10000.000000 10000.000000
39.000000 26.000000 1.000000 10000.000000 10000.000000 10000.000000 10000.000000
39.000000 27.000000 1.000000 10000.000000 10000.000000 10000.000000 10000.000000
39.000000 28.000000 1.000000 10000.000000 10000.000000 10000.000000 10000.000000
39.000000 29.000000 1.000000 10000.000000 10000.000000 10000.000000 10000.000000
39.000000 30.000000 1.000000 10000.000000 10000.000000 10000.000000 10000.000000
39.000000 31.000000 1.000000 10000.000000 10000.000000 10000.000000 10000.000000
39.000000 32.000000 1.000000 10000.000000 10000.000000 10000.000000 10000.000000
39.000000 33.000000 1.000000 10000.000000 10000.000000 10000.000000 10000.000000
39.000000 34.000000 1.000000 10000.000000 10000.000000 10000.000000 10000.000000
39.000000 35.000000 1.000000 10000.000000 10000.000000 10000.000000 10000.000000
39.000000 36.000000 1.000000 10000.000000 10000.000000 10000.000000 10000.000000
39.000000 37.000000 1.000000 10000.000000 10000.000000 10000.000000 10000.000000
39.000000 38.000000 1.000000 10000.000000 10000.000000 10000.000000 10000.000000
39.000000 39.000000 1.000000 10000.000000 10000.000000 10000.000000 10000.000000
39.000000 40.000000 1.000000 10000.000000 10000.000000 10000.000000 10000.000000
39.000000 41.000000 1.000000 10000.000000 10000.000000 10000.000000 10000.000000
39.000000 42.000000 1.000000 10000.000000 10000.000000 10000.000000 10000.000000
39.000000 43.000000 1.000000 10000.000000 10000.000000 10000.000000 10000.000000
39.000000 44.000000 1.000000 10000.000000 10000.000000 10000.000000 10000.000000
39.000000 45.000000 1.000000 10000.000000 10000.000000 10000.000000 10000.000000
39.000000 46.000000 1.000000 10000.000000 10000.000000 10000.000000 10000.000000
39.000000 47.000000 1.000000 10000.000000 10000.000000 10000.000000 10000.000000
39.000000 48.000000 1.000000 10000.000000 10000.000000 10000.000000 10000.000000
39.000000 49.000000 1.000000 10000.000000 10000.000000 10000.000000 10000.000000
40.000000 0.000000 1.000000 10000.000000 10000.000000 10000.000000 10000.000000
40.000000 1.000000 1.000000 10000.000000 10000.000000 10000.000000 10000.000000
40.000000 2.000000 1.000000 10000.000000 10000.000000 10000.000000 10000.000000
40.000000 3.000000 1.000000 9998.000000 10000.000000 9998.000000 9998.000000
40.000000 4.000000 1.000000 9998.000000 10000.000000 9998.000000 9998.000000
40.000000 5.000000 1.000000 9997.000000 10000.000000 9997.000000 9997.000000
40.000000 6.000000 1.000000 9995.000000 10000.000000 9995.000000 9995.000000
40.000000 7.000000 1.000000 9994.000000 10000.000000 9994.000000 9994.000000
40.000000 8.000000 1.000000 9996.000000 10000.000000 9996.000000 9996.000000
40.000000 9.000000 1.000000 9996.000000 10000.000000 9996.000000 9996.000000
40.000000 10.000000 1.000000 9997.000000 10000.000000 9997.000000 9997.000000
40.000000 11.000000 1.000000 9998.000000 10000.000000 9998.000000 9998.000000
40.000000 12.000000 1.000000 10000.000000 10000.000000 10000.000000 10000.000000
40.000000 13.000000 1.000000 10000.000000 10000.000000 10000.000000 10000.000000
40.000000 14.000000 1.000000 10000.000000 10000.000000 10000.000000 10000.000000
40.000000 15.000000 1.000000 10000.000000 10000.000000 10000.000000 10000.000000
40.000000 16.000000 1.000000 10000.000000 10000.000000 10000.000000 10000.000000
40.000000 17.000000 1.000000 10000.000000 10000.000000 10000.000000 10000.000000
40.000000 18.000000 1.000000 10000.000000 10000.000000 10000.000000 10000.000000
40.000000 19.000000 1.000000 10000.000000 10000.000000 10000.000000 10000.000000
40.000000 20.000000 1.000000 10000.000000 10000.000000 10000.000000 10000.000000
40.000000 21.000000 1.000000 10000.000000 10000.000000 10000.000000 10000.000000
40.000000 22.000000 1.000000 10000.000000 10000.000000 10000.000000 10000.000000
40.000000 23.000000 1.000000 10000.000000 10000.000000 10000.000000 10000.000000
40.000000 24.000000 1.000000 10000.000000 10000.000000 10000.000000 10000.000000
40.000000 25.000000 1.000000 10000.000000 10000.000000 10000.000000 10000.000000
40.000000 26.000000 1.000000 10000.000000 10000.000000 10000.000000 10000.000000
40.000000 27.000000 1.000000 10000.000000 10000.000000 10000.000000 10000.000000
40.000000 28.000000 1.000000 10000.000000 10000.000000 10000.000000 10000.000000
40.000000 29.000000 1.000000 10000.000000 10000.000000 10000.000000 10000.000000
40.000000 30.000000 1.000000 10000.000000 10000.000000 10000.000000 10000.000000
40.000000 31.000000 1.000000 10000.000000 10000.000000 10000.000000 10000.000000
40.000000 32.000000 1.000000 10000.000000 10000.000000 10000.000000 10000.000000
40.000000 33.000000 1.000000 10000.000000 10000.000000 10000.000000 10000.000000
40.000000 34.000000 1.000000 10000.000000 10000.000000 10000.000000 10000.000000
40.000000 35.000000 1.000000 10000.000000 10000.000000 10000.000000 10000.000000
40.000000 36.000000 1.000000 10000.000000 10000.000000 10000.000000 10000.000000
40.000000 37.000000 1.000000 10000.000000 10000.000000 10000.000000 10000.000000
40.000000 38.000000 1.000000 10000.000000 10000.000000 10000.000000 10000.000000
40.000000 39.000000 1.000000 10000.000000 10000.000000 10000.000000 10000.000000
40.000000 40.000000 1.000000 10000.000000 10000.000000 10000.000000 10000.000000
40.000000 41.000000 1.000000 10000.000000 10000.000000 10000.000000 10000.000000
40.000000 42.000000 1.000000 10000.000000 10000.000000 10000.000000 10000.000000
40.000000 43.000000 1.000000 10000.000000 10000.000000 10000.000000 10000.000000
40.000000 44.000000 1.000000 10000.000000 10000.000000 10000.000000 10000.000000
40.000000 45.000000 1.000000 10000.000000 10000.000000 10000.000000 10000.000000
40.000000 46.000000 1.000000 10000.000000 10000.000000 10000.000000 10000.000000
40.000000 47.000000 1.000000 10000.000000 10000.000000 10000.000000 10000.000000
40.000000 48.000000 1.000000 10000.000000 10000.000000 10000.000000 10000.000000
40.000000 49.000000 1.000000 10000.000000 10000.000000 10000.000000 10000.000000
41.000000 0.000000 1.000000 10000.000000 10000.000000 10000.000000 10000.000000
41.000000 1.000000 1.000000 10000.000000 10000.000000 10000.000000 10000.000000
41.000000 2.000000 1.000000 10000.000000 10000.000000 10000.000000 10000.000000
41.000000 3.000000 1.000000 9999.000000 10000.000000 9999.000000 9999.000000
41.000000 4.000000 1.000000 9999.000000 10000.000000 9999.000000 9999.000000
41.000000 5.000000 1.000000 9999.000000 10000.000000 9999.000000 9999.000000
41.000000 6.000000 1.000000 9999.000000 10000.000000 9999.000000 9999.000000
41.000000 7.000000 1.000000 9999.000000 10000.000000 9999.000000 9999.000000
41.000000 8.000000 1.000000 10000.000000 10000.000000 10000.000000 10000.000000
41.000000 9.000000 1.000000 10000.000000 10000.000000 10000.000000 10000.000000
41.000000 10.000000 1.000000 10000.000000 10000.000000 10000.000000 10000.000000
41.000000 11.000000 1.000000 10000.000000 10000.000000 10000.000000 10000.000000
41.000000 12.000000 1.000000 10000.000000 10000.000000 10000.000000 10000.000000
41.000000 13.000000 1.000000 10000.000000 10000.000000 10000.000000 10000.000000
41.000000 14.000000 1.000000 10000.000000 10000.000000 10000.000000 10000.000000
41.000000 15.000000 1.000000 10000.000000 10000.000000 10000.000000 10000.000000
41.000000 16.000000 1.000000 10000.000000 10000.000000 10000.000000 10000.000000
41.000000 17.000000 1.000000 10000.000000 10000.000000 10000.000000 10000.000000
41.000000 18.000000 1.000000 10000.000000 10000.000000 10000.000000 10000.000000
41.000000 19.000000 1.000000 10000.000000 10000.000000 10000.000000 10000.000000
41.000000 20.000000 1.000000 10000.000000 10000.000000 10000.000000 10000.000000
41.000000 21.000000 1.000000 10000.000000 10000.000000 10000.000000 10000.000000
41.000000 22.000000 1.000000 10000.000000 10000.000000 10000.000000 10000.000000
41.000000 23.000000 1.000000 10000.000000 10000.000000 10000.000000 10000.000000
41.000000 24.000000 1.000000 10000.000000 10000.000000 10000.000000 10000.000000
41.000000 25.000000 1.000000 10000.000000 10000.000000 10000.000000 10000.000000
41.000000 26.000000 1.000000 10000.000000 10000.000000 10000.000000 10000.000000
41.000000 27.000000 1.000000 10000.000000 10000.000000 10000.000000 10000.000000
41.000000 28.000000 1.000000 10000.000000 10000.000000 10000.000000 10000.000000
41.000000 29.000000 1.000000 10000.000000 10000.000000 10000.000000 10000.000000
41.000000 30.000000 1.000000 10000.000000 10000.000000 10000.000000 10000.000000
41.000000 31.000000 1.000000 10000.000000 10000.000000 10000.000000 10000.000000
41.000000 32.000000 1.000000 10000.000000 10000.000000 10000.000000 10000.000000
41.000000 33.000000 1.000000 10000.000000 10000.000000 10000.000000 10000.000000
41.000000 34.000000 1.000000 10000.000000 10000.000000 10000.000000 10000.000000
41.000000 35.000000 1.000000 10000.000000 10000.000000 10000.000000 10000.000000
41.000000 36.000000 1.000000 10000.000000 10000.000000 10000.000000 10000.000000
41.000000 37.000000 1.000000 10000.000000 10000.000000 10000.000000 10000.000000
41.000000 38.000000 1.000000 10000.000000 10000.000000 10000.000000 10000.000000
41.000000 39.000000 1.000000 10000.000000 10000.000000 10000.000000 10000.000000
41.000000 40.000000 1.000000 10000.000000 10000.000000 10000.000000 10000.000000
41.000000 41.000000 1.000000 10000.000000 10000.000000 10000.000000 10000.000000
41.000000 42.000000 1.000000 10000.000000 10000.000000 10000.000000 10000.000000
41.000000 43.000000 1.000000 10000.000000 10000.000000 10000.000000 10000.000000
41.000000 44.000000 1.000000 10000.000000 10000.000000 10000.000000 10000.000000
41.000000 45.000000 1.000000 10000.000000 10000.000000 10000.000000 10000.000000
41.000000 46.000000 1.000000 10000.000000 10000.000000 10000.000000 10000.000000
41.000000 47.000000 1.000000 10000.000000 10000.000000 10000.000000 10000.000000
41.000000 48.000000 1.000000 10000.000000 10000.000000 10000.000000 10000.000000
41.000000 49.000000 1.000000 10000.000000 10000.000000 10000.000000 10000.000000
42.000000 0.000000 1.000000 10000.000000 10000.000000 10000.000000 10000.000000
42.000000 1.000000 1.000000 10000.000000 10000.000000 10000.000000 10000.000000
42.000000 2.000000 1.000000 10000.000000 10000.000000 10000.000000 10000.000000
42.000000 3.000000 1.000000 9999.000000 10000.000000 9999.000000 9999.000000
42.000000 4.000000 1.000000 9999.000000 10000.000000 9999.000000 9999.000000
42.000000 5.000000 1.000000 9999.000000 10000.000000 9999.000000 9999.000000
42.000000 6.000000 1.000000 9999.000000 10000.000000 9999.000000 9999.000000
42.000000 7.000000 1.000000 9999.000000 10000.000000 9999.000000 9999.000000
42.000000 8.000000 1.000000 10000.000000 10000.000000 10000.000000 10000.000000
42.000000 9.000000 1.000000 10000.000000 10000.000000 10000.000000 10000.000000
42.000000 10.000000 1.000000 10000.000000 10000.000000 10000.000000 10000.000000
42.000000 11.000000 1.000000 10000.000000 10000.000000 10000.000000 10000.000000
42.000000 12.000000 1.000000 10000.000000 10000.000000 10000.000000 10000.000000
42.000000 13.000000 1.000000 10000.000000 10000.000000 10000.000000 10000.000000
42.000000 14.000000 1.000000 10000.000000 10000.000000 10000.000000 10000.000000
42.000000 15.000000 1.000000 10000.000000 10000.000000 10000.000000 10000.000000
42.000000 16.000000 1.000000 10000.000000 10000.000000 10000.000000 10000.000000
42.000000 17.000000 1.000000 10000.000000 10000.000000 10000.000000 10000.000000
42.000000 18.000000 1.000000 10000.000000 10000.000000 10000.000000 10000.000000
42.000000 19.000000 1.000000 10000.000000 10000.000000 10000.000000 10000.000000
42.000000 20.000000 1.000000 10000.000000 10000.000000 10000.000000 10000.000000
42.000000 21.000000 1.000000 10000.000000 10000.000000 10000.000000 10000.000000
42.000000 22.000000 1.000000 10000.000000 10000.000000 10000.000000 10000.000000
42.000000 23.000000 1.000000 10000.000000 10000.000000 10000.000000 10000.000000
42.000000 24.000000 1.000000 10000.000000 10000.000000 10000.000000 10000.000000
42.000000 25.000000 1.000000 10000.000000 10000.000000 10000.000000 10000.000000
42.000000 26.000000 1.000000 10000.000000 10000.000000 10000.000000 10000.000000
42.000000 27.000000 1.000000 10000.000000 10000.000000 10000.000000 10000.000000
42.000000 28.000000 1.000000 10000.000000 10000.000000 10000.000000 10000.000000
42.000000 29.000000 1.000000 10000.000000 10000.000000 10000.000000 10000.000000
42.000000 30.000000 1.000000 10000.000000 10000.000000 10000.000000 10000.000000
42.000000 31.000000 1.000000 10000.000000 10000.000000 10000.000000 10000.000000
42.000000 32.000000 1.000000 10000.000000 10000.000000 10000.000000 10000.000000
42.000000 33.000000 1.000000 10000.000000 10000.000000 10000.000000 10000.000000
42.000000 34.000000 1.000000 10000.000000 10000.000000 10000.000000 10000.000000
42.000000 35.000000 1.000000 10000.000000 10000.000000 10000.000000 10000.000000
42.000000 36.000000 1.000000 10000.000000 10000.000000 10000.000000 10000.000000
42.000000 37.000000 1.000000 10000.000000 10000.000000 10000.000000 10000.000000
42.000000 38.000000 1.000000 10000.000000 10000.000000 10000.000000 10000.000000
42.000000 39.000000 1.000000 10000.000000 10000.000000 10000.000000 10000.000000
42.000000 40.000000 1.000000 10000.000000 10000.000000 10000.000000 10000.000000
42.000000 41.000000 1.000000 10000.000000 10000.000000 10000.000000 10000.000000
42.000000 42.000000 1.000000 10000.000000 10000.000000 10000.000000 10000.000000
42.000000 43.000000 1.000000 10000.000000 10000.000000 10000.000000 10000.000000
42.000000 44.000000 1.000000 10000.000000 10000.000000 10000.000000 10000.000000
42.000000 45.000000 1.000000 10000.000000 10000.000000 10000.000000 10000.000000
42.000000 46.000000 1.000000 10000.000000 10000.000000 10000.000000 10000.000000
42.000000 47.000000 1.000000 10000.000000 10000.000000 10000.000000 10000.000000
42.000000 48.000000 1.000000 10000.000000 10000.000000 10000.000000 10000.000000
42.000000 49.000000 1.000000 10000.000000 10000.000000 10000.000000 10000.000000
43.000000 0.000000 1.000000 10000.000000 10000.000000 10000.000000 10000.000000
43.000000 1.000000 1.000000 10000.000000 10000.000000 10000.000000 10000.000000
43.000000 2.000000 1.000000 10000.000000 10000.000000 10000.000000 10000.000000
43.000000 3.000000 1.000000 9999.000000 10000.000000 9999.000000 9999.000000
43.000000 4.000000 1.000000 9999.000000 10000.000000 9999.000000 9999.000000
43.000000 5.000000 1.000000 9999.000000 10000.000000 9999.000000 9999.000000
43.000000 6.000000 1.000000 9999.000000 10000.000000 9999.000000 9999.000000
43.000000 7.000000 1.000000 9999.000000 10000.000000 9999.000000 9999.000000
43.000000 8.000000 1.000000 10000.000000 10000.000000 10000.000000 10000.000000
43.000000 9.000000 1.000000 10000.000000 10000.000000 10000.000000 10000.000000
43.000000 10.000000 1.000000 10000.000000 10000.000000 10000.000000 10000.000000
43.000000 11.000000 1.000000 10000.000000 10000.000000 10000.000000 10000.000000
43.000000 12.000000 1.000000 10000.000000 10000.000000 10000.000000 10000.000000
43.000000 13.000000 1.000000 10000.000000 10000.000000 10000.000000 10000.000000
43.000000 14.000000 1.000000 10000.000000 10000.000000 10000.000000 10000.000000
43.000000 15.000000 1.000000 10000.000000 10000.000000 10000.000000 10000.000000
43.000000 16.000000 1.000000 10000.000000 10000.000000 10000.000000 10000.000000
43.000000 17.000000 1.000000 10000.000000 10000.000000 10000.000000 10000.000000
43.000000 18.000000 1.000000 10000.000000 10000.000000 10000.000000 10000.000000
43.000000 19.000000 1.000000 10000.000000 10000.000000 10000.000000 10000.000000
43.000000 20.000000 1.000000 10000.000000 10000.000000 10000.000000 10000.000000
43.000000 21.000000 1.000000 10000.000000 10000.000000 10000.000000 10000.000000
43.000000 22.000000 1.000000 10000.000000 10000.000000 10000.000000 10000.000000
43.000000 23.000000 1.000000 10000.000000 10000.000000 10000.000000 10000.000000
43.000000 24.000000 1.000000 10000.000000 10000.000000 10000.000000 10000.000000
43.000000 25.000000 1.000000 10000.000000 10000.000000 10000.000000 10000.000000
43.000000 26.000000 1.000000 10000.000000 10000.000000 10000.000000 10000.000000
43.000000 27.000000 1.000000 10000.000000 10000.000000 10000.000000 10000.000000
43.000000 28.000000 1.000000 10000.000000 10000.000000 10000.000000 10000.000000
43.000000 29.000000 1.000000 10000.000000 10000.000000 10000.000000 10000.000000
43.000000 30.000000 1.000000 10000.000000 10000.000000 10000.000000 10000.000000
43.000000 31.000000 1.000000 10000.000000 10000.000000 10000.000000 10000.000000
43.000000 32.000000 1.000000 10000.000000 10000.000000 10000.000000 10000.000000
43.000000 33.000000 1.000000 10000.000000 10000.000000 10000.000000 10000.000000
43.000000 34.000000 1.000000 10000.000000 10000.000000 10000.000000 10000.000000
43.000000 35.000000 1.000000 10000.000000 10000.000000 10000.000000 10000.000000
43.000000 36.000000 1.000000 10000.000000 10000.000000 10000.000000 10000.000000
43.000000 37.000000 1.000000 10000.000000 10000.000000 10000.000000 10000.000000
43.000000 38.000000 1.000000 10000.000000 10000.000000 10000.000000 10000.000000
43.000000 39.000000 1.000000 10000.000000 10000.000000 10000.000000 10000.000000
43.000000 40.000000 1.000000 10000.000000 10000.000000 10000.000000 10000.000000
43.000000 41.000000 1.000000 10000.000000 10000.000000 10000.000000 10000.000000
43.000000 42.000000 1.000000 10000.000000 10000.000000 10000.000000 10000.000000
43.000000 43.000000 1.000000 10000.000000 10000.000000 10000.000000 10000.000000
43.000000 44.000000 1.000000 10000.000000 10000.000000 10000.000000 10000.000000
43.000000 45.000000 1.000000 10000.000000 10000.000000 10000.000000 10000.000000
43.000000 46.000000 1.000000 10000.000000 10000.000000 10000.000000 10000.000000
43.000000 47.000000 1.000000 10000.000000 10000.000000 10000.000000 10000.000000
43.000000 48.000000 1.000000 10000.000000 10000.000000 10000.000000 10000.000000
43.000000 49.000000 1.000000 10000.000000 10000.000000 10000.000000 10000.000000
44.000000 0.000000 1.000000 10000.000000 10000.000000 10000.000000 10000.000000
44.000000 1.000000 1.000000 10000.000000 10000.000000 10000.000000 10000.000000
44.000000 2.000000 1.000000 10000.000000 10000.000000 10000.000000 10000.000000
44.000000 3.000000 1.000000 9999.000000 10000.000000 9999.000000 9999.000000
44.000000 4.000000 1.000000 9999.000000 10000.000000 9999.000000 9999.000000
44.000000 5.000000 1.000000 9999.000000 10000.000000 9999.000000 9999.000000
44.000000 6.000000 1.000000 9999.000000 10000.000000 9999.000000 9999.000000
44.000000 7.000000 1.000000 9999.000000 10000.000000 9999.000000 9999.000000
44.000000 8.000000 1.000000 10000.000000 10000.000000 10000.000000 10000.000000
44.000000 9.000000 1.000000 10000.000000 10000.000000 10000.000000 10000.000000
44.000000 10.000000 1.000000 10000.000000 10000.000000 10000.000000 10000.000000
44.000000 11.000000 1.000000 10000.000000 10000.000000 10000.000000 10000.000000
44.000000 12.000000 1.000000 10000.000000 10000.000000 10000.000000 10000.000000
44.000000 13.000000 1.000000 10000.000000 10000.000000 10000.000000 10000.000000
44.000000 14.000000 1.000000 10000.000000 10000.000000 10000.000000 10000.000000
44.000000 15.000000 1.000000 10000.000000 10000.000000 10000.000000 10000.000000
44.000000 16.000000 1.000000 10000.000000 10000.000000 10000.000000 10000.000000
44.000000 17.000000 1.000000 10000.000000 10000.000000 10000.000000 10000.000000
44.000000 18.000000 1.000000 10000.000000 10000.000000 10000.000000 10000.000000
44.000000 19.000000 1.000000 10000.000000 10000.000000 10000.000000 10000.000000
44.000000 20.000000 1.000000 10000.000000 10000.000000 10000.000000 10000.000000
44.000000 21.000000 1.000000 10000.000000 10000.000000 10000.000000 10000.000000
44.000000 22.000000 1.000000 10000.000000 10000.000000 10000.000000 10000.000000
44.000000 23.000000 1.000000 10000.000000 10000.000000 10000.000000 10000.000000
44.000000 24.000000 1.000000 10000.000000 10000.000000 10000.000000 10000.000000
44.000000 25.000000 1.000000 10000.000000 10000.000000 10000.000000 10000.000000
44.000000 26.000000 1.000000 10000.000000 10000.000000 10000.000000 10000.000000
44.000000 27.000000 1.000000 10000.000000 10000.000000 10000.000000 10000.000000
44.000000 28.000000 1.000000 10000.000000 10000.000000 10000.000000 10000.000000
44.000000 29.000000 1.000000 10000.000000 10000.000000 10000.000000 10000.000000
44.000000 30.000000 1.000000 10000.000000 10000.000000 10000.000000 10000.000000
44.000000 31.000000 1.000000 10000.000000 10000.000000 10000.000000 10000.000000
44.000000 32.000000 1.000000 10000.000000 10000.000000 10000.000000 10000.000000
44.000000 33.000000 1.000000 10000.000000 10000.000000 10000.000000 10000.000000
44.000000 34.000000 1.000000 10000.000000 10000.000000 10000.000000 10000.000000
44.000000 35.000000 1.000000 10000.000000 10000.000000 10000.000000 10000.000000
44.000000 36.000000 1.000000 10000.000000 10000.000000 10000.000000 10000.000000
44.000000 37.000000 1.000000 10000.000000 10000.000000 10000.000000 10000.000000
44.000000 38.000000 1.000000 10000.000000 10000.000000 10000.000000 10000.000000
44.000000 39.000000 1.000000 10000.000000 10000.000000 10000.000000 10000.000000
44.000000 40.000000 1.000000 10000.000000 10000.000000 10000.000000 10000.000000
44.000000 41.000000 1.000000 10000.000000 10000.000000 10000.000000 10000.000000
44.000000 42.000000 1.000000 10000.000000 10000.000000 10000.000000 10000.000000
44.000000 43.000000 1.000000 10000.000000 10000.000000 10000.000000 10000.000000
44.000000 44.000000 1.000000 10000.000000 10000.000000 10000.000000 10000.000000
44.000000 45.000000 1.000000 10000.000000 10000.000000 10000.000000 10000.000000
44.000000 46.000000 1.000000 10000.000000 10000.000000 10000.000000 10000.000000
44.000000 47.000000 1.000000 10000.000000 10000.000000 10000.000000 10000.000000
44.000000 48.000000 1.000000 10000.000000 10000.000000 10000.000000 10000.000000
44.000000 49.000000 1.000000 10000.000000 10000.000000 10000.000000 10000.000000
45.000000 0.000000 1.000000 10000.000000 10000.000000 10000.000000 10000.000000
45.000000 1.000000 1.000000 10000.000000 10000.000000 10000.000000 10000.000000
45.000000 2.000000 1.000000 10000.000000 10000.000000 10000.000000 10000.000000
45.000000 3.000000 1.000000 9999.000000 10000.000000 9999.000000 9999.000000
45.000000 4.000000 1.000000 9998.000000 10000.000000 9998.000000 9998.000000
45.000000 5.000000 1.000000 9996.000000 10000.000000 9996.000000 9996.000000
45.000000 6.000000 1.000000 9994.000000 10000.000000 9994.000000 9994.000000
45.000000 7.000000 1.000000 9992.000000 10000.000000 9992.000000 9992.000000
45.000000 8.000000 1.000000 9991.000000 10000.000000 9991.000000 9991.000000
45.000000 9.000000 1.000000 9990.000000 10000.000000 9990.000000 9990.000000
45.000000 10.000000 1.000000 9977.000000 10000.000000 9977.000000 9977.000000
45.000000 11.000000 1.000000 9957.000000 10000.000000 9957.000000 9957.000000
45.000000 12.000000 1.000000 9931.000000 10000.000000 9931.000000 9931.000000
45.000000 13.000000 1.000000 9874.000000 10000.000000 9874.000000 9874.000000
45.000000 14.000000 1.000000 9758.000000 10000.000000 9758.000000 9758.000000
45.000000 15.000000 1.000000 9625.000000 10000.000000 9625.000000 9625.000000
45.000000 16.000000 1.000000 9440.000000 10000.000000 9440.000000 9440.000000
45.000000 17.000000 1.000000 9230.000000 10000.000000 9230.000000 9230.000000
45.000000 18.000000 1.000000 9009.000000 10000.000000 9009.000000 9009.000000
45.000000 19.000000 1.000000 8859.000000 10000.000000 8859.000000 8859.000000
45.000000 20.000000 1.000000 8764.000000 10000.000000 8764.000000 8764.000000
45.000000 21.000000 1.000000 8770.000000 10000.000000 8770.000000 8770.000000
45.000000 22.000000 1.000000 8842.000000 10000.000000 8842.000000 8842.000000
45.000000 23.000000 1.000000 8970.000000 10000.000000 8970.000000 8970.000000
45.000000 24.000000 1.000000 9118.000000 10000.000000 9118.000000 9118.000000
45.000000 25.000000 1.000000 9267.000000 10000.000000 9267.000000 9267.000000
45.000000 26.000000 1.000000 9390.000000 10000.000000 9390.000000 9390.000000
45.000000 27.000000 1.000000 9494.000000 10000.000000 9494.000000 9494.000000
45.000000 28.000000 1.000000 9586.000000 10000.000000 9586.000000 9586.000000
45.000000 29.000000 1.000000 9680.000000 10000.000000 9680.000000 9680.000000
45.000000 30.000000 1.000000 9756.000000 10000.000000 9756.000000 9756.000000
45.000000 31.000000 1.000000 9825.000000 10000.000000 9825.000000 9825.000000
45.000000 32.000000 1.000000 9880.000000 10000.000000 9880.000000 9880.000000
45.000000 33.000000 1.000000 9915.000000 10000.000000 9915.000000 9915.000000
45.000000 34.000000 1.000000 9941.000000 10000.000000 9941.000000 9941.000000
45.000000 35.000000 1.000000 9954.000000 10000.000000 9954.000000 9954.000000
45.000000 36.000000 1.000000 9970.000000 10000.000000 9970.000000 9970.000000
45.000000 37.000000 1.000000 9976.000000 10000.000000 9976.000000 9976.000000
45.000000 38.000000 1.000000 9984.000000 10000.000000 9984.000000 9984.000000
45.000000 39.000000 1.000000 9990.000000 10000.000000 9990.000000 9990.000000
45.000000 40.000000 1.000000 9997.000000 10000.000000 9997.000000 9997.000000
45.000000 41.000000 1.000000 9999.000000 10000.000000 9999.000000 9999.000000
45.000000 42.000000 1.000000 10000.000000 10000.000000 10000.000000 10000.000000
45.000000 43.000000 1.000000 10000.000000 10000.000000 10000.000000 10000.000000
45.000000 44.000000 1.000000 10000.000000 10000.000000 10000.000000 10000.000000
45.000000 45.000000 1.000000 10000.000000 10000.000000 10000.000000 10000.000000
45.000000 46.000000 1.000000 10000.000000 10000.000000 10000.000000 10000.000000
45.000000 47.000000 1.000000 10000.000000 10000.000000 10000.000000 10000.000000
45.000000 48.000000 1.000000 10000.000000 10000.000000 10000.000000 10000.000000
45.000000 49.000000 1.000000 10000.000000 10000.000000 10000.000000 10000.000000
46.000000 0.000000 1.000000 10000.000000 10000.000000 10000.000000 10000.000000
46.000000 1.000000 1.000000 9999.000000 10000.000000 9999.000000 9999.000000
46.000000 2.000000 1.000000 9999.000000 10000.000000 9999.000000 9999.000000
46.000000 3.000000 1.000000 9999.000000 10000.000000 9999.000000 9999.000000
46.000000 4.000000 1.000000 9999.000000 10000.000000 9999.000000 9999.000000
46.000000 5.000000 1.000000 9999.000000 10000.000000 9999.000000 9999.000000
46.000000 6.000000 1.000000 10000.000000 10000.000000 10000.000000 10000.000000
46.000000 7.000000 1.000000 10000.000000 10000.000000 10000.000000 10000.000000
46.000000 8.000000 1.000000 10000.000000 10000.000000 10000.000000 10000.000000
46.000000 9.000000 1.000000 10000.000000 10000.000000 10000.000000 10000.000000
46.000000 10.000000 1.000000 10000.000000 10000.000000 10000.000000 10000.000000
46.000000 11.000000 1.000000 10000.000000 10000.000000 10000.000000 10000.000000
46.000000 12.000000 1.000000 10000.000000 10000.000000 10000.000000 10000.000000
46.000000 13.000000 1.000000 10000.000000 10000.000000 10000.000000 10000.000000
46.000000 14.000000 1.000000 10000.000000 10000.000000 10000.000000 10000.000000
46.000000 15.000000 1.000000 10000.000000 10000.000000 10000.000000 10000.000000
46.000000 16.000000 1.000000 10000.000000 10000.000000 10000.000000 10000.000000
46.000000 17.000000 1.000000 10000.000000 10000.000000 10000.000000 10000.000000
46.000000 18.000000 1.000000 10000.000000 10000.000000 10000.000000 10000.000000
46.000000 19.000000 1.000000 10000.000000 10000.000000 10000.000000 10000.000000
46.000000 20.000000 1.000000 10000.000000 10000.000000 10000.000000 10000.000000
46.000000 21.000000 1.000000 10000.000000 10000.000000 10000.000000 10000.000000
46.000000 22.000000 1.000000 10000.000000 10000.000000 10000.000000 10000.000000
46.000000 23.000000 1.000000 10000.000000 10000.000000 10000.000000 10000.000000
46.000000 24.000000 1.000000 10000.000000 10000.000000 10000.000000 10000.000000
46.000000 25.000000 1.000000 10000.000000 10000.000000 10000.000000 10000.000000
46.000000 26.000000 1.000000 10000.000000 10000.000000 10000.000000 10000.000000
46.000000 27.000000 1.000000 10000.000000 10000.000000 10000.000000 10000.000000
46.000000 28.000000 1.000000 10000.000000 10000.000000 10000.000000 10000.000000
46.000000 29.000000 1.000000 10000.000000 10000.000000 10000.000000 10000.000000
46.000000 30.000000 1.000000 10000.000000 10000.000000 10000.000000 10000.000000
46.000000 31.000000 1.000000 10000.000000 10000.000000 10000.000000 10000.000000
46.000000 32.000000 1.000000 10000.000000 10000.000000 10000.000000 10000.000000
46.000000 33.000000 1.000000 10000.000000 10000.000000 10000.000000 10000.000000
46.000000 34.000000 1.000000 10000.000000 10000.000000 10000.000000 10000.000000
46.000000 35.000000 1.000000 10000.000000 10000.000000 10000.000000 10000.000000
46.000000 36.000000 1.000000 10000.000000 10000.000000 10000.000000 10000.000000
46.000000 37.000000 1.000000 10000.000000 10000.000000 10000.000000 10000.000000
46.000000 38.000000 1.000000 10000.000000 10000.000000 10000.000000 10000.000000
46.000000 39.000000 1.000000 10000.000000 10000.000000 10000.000000 10000.000000
46.000000 40.000000 1.000000 10000.000000 10000.000000 10000.000000 10000.000000
46.000000 41.000000 1.000000 10000.000000 10000.000000 10000.000000 10000.000000
46.000000 42.000000 1.000000 10000.000000 10000.000000 10000.000000 10000.000000
46.000000 43.000000 1.000000 10000.000000 10000.000000 10000.000000 10000.000000
46.000000 44.000000 1.000000 10000.000000 10000.000000 10000.000000 10000.000000
46.000000 45.000000 1.000000 10000.000000 10000.000000 10000.000000 10000.000000
46.000000 46.000000 1.000000 10000.000000 10000.000000 10000.000000 10000.000000
46.000000 47.000000 1.000000 10000.000000 10000.000000 10000.000000 10000.000000
46.000000 48.000000 1.000000 10000.000000 10000.000000 10000.000000 10000.000000
46.000000 49.000000 1.000000 10000.000000 10000.000000 10000.000000 10000.000000
47.000000 0.000000 1.000000 10000.000000 10000.000000 10000.000000 10000.000000
47.000000 1.000000 1.000000 10000.000000 10000.000000 10000.000000 10000.000000
47.000000 2.000000 1.000000 10000.000000 10000.000000 10000.000000 10000.000000
47.000000 3.000000 1.000000 9999.000000 10000.000000 9999.000000 9999.000000
47.000000 4.000000 1.000000 9998.000000 10000.000000 9998.000000 9998.000000
47.000000 5.000000 1.000000 9991.000000 10000.000000 9991.000000 9991.000000
47.000000 6.000000 1.000000 9989.000000 10000.000000 9989.000000 9989.000000
47.000000 7.000000 1.000000 9984.000000 10000.000000 9984.000000 9984.000000
47.000000 8.000000 1.000000 9983.000000 10000.000000 9983.000000 9983.000000
47.000000 9.000000 1.000000 9981.000000 10000.000000 9981.000000 9981.000000
47.000000 10.000000 1.000000 9985.000000 10000.000000 9985.000000 9985.000000
47.000000 11.000000 1.000000 9988.000000 10000.000000 9988.000000 9988.000000
47.000000 12.000000 1.000000 9991.000000 10000.000000 9991.000000 9991.000000
47.000000 13.000000 1.000000 9991.000000 10000.000000 9991.000000 9991.000000
47.000000 14.000000 1.000000 9972.000000 10000.000000 9972.000000 9972.000000
47.000000 15.000000 1.000000 9908.000000 10000.000000 9908.000000 9908.000000
47.000000 16.000000 1.000000 9798.000000 10000.000000 9798.000000 9798.000000
47.000000 17.000000 1.000000 9703.000000 10000.000000 9703.000000 9703.000000
47.000000 18.000000 1.000000 9550.000000 10000.000000 9550.000000 9550.000000
47.000000 19.000000 1.000000 9408.000000 10000.000000 9408.000000 9408.000000
47.000000 20.000000 1.000000 9262.000000 10000.000000 9262.000000 9262.000000
47.000000 21.000000 1.000000 9154.000000 10000.000000 9154.000000 9154.000000
47.000000 22.000000 1.000000 9020.000000 10000.000000 9020.000000 9020.000000
47.000000 23.000000 1.000000 8913.000000 10000.000000 8913.000000 8913.000000
47.000000 24.000000 1.000000 8847.000000 10000.000000 8847.000000 8847.000000
47.000000 25.000000 1.000000 8844.000000 10000.000000 8844.000000 8844.000000
47.000000 26.000000 1.000000 8889.000000 10000.000000 8889.000000 8889.000000
47.000000 27.000000 1.000000 8996.000000 10000.000000 8996.000000 8996.000000
47.000000 28.000000 1.000000 9136.000000 10000.000000 9136.000000 9136.000000
47.000000 29.000000 1.000000 9286.000000 10000.000000 9286.000000 9286.000000
47.000000 30.000000 1.000000 9437.000000 10000.000000 9437.000000 9437.000000
47.000000 31.000000 1.000000 9556.000000 10000.000000 9556.000000 9556.000000
47.000000 32.000000 1.000000 9650.000000 10000.000000 9650.000000 9650.000000
47.000000 33.000000 1.000000 9729.000000 10000.000000 9729.000000 9729.000000
47.000000 34.000000 1.000000 9788.000000 10000.000000 9788.000000 9788.000000
47.000000 35.000000 1.000000 9829.000000 10000.000000 9829.000000 9829.000000
47.000000 36.000000 1.000000 9861.000000 10000.000000 9861.000000 9861.000000
47.000000 37.000000 1.000000 9879.000000 10000.000000 9879.000000 9879.000000
47.000000 38.000000 1.000000 9907.000000 10000.000000 9907.000000 9907.000000
47.000000 39.000000 1.000000 9928.000000 10000.000000 9928.000000 9928.000000
47.000000 40.000000 1.000000 9955.000000 10000.000000 9955.000000 9955.000000
47.000000 41.000000 1.000000 9973.000000 10000.000000 9973.000000 9973.000000
47.000000 42.000000 1.000000 9987.000000 10000.000000 9987.000000 9987.000000
47.000000 43.000000 1.000000 9993.000000 10000.000000 9993.000000 9993.000000
47.000000 44.000000 1.000000 9999.000000 10000.000000 9999.000000 9999.000000
47.000000 45.000000 1.000000 9999.000000 10000.000000 9999.000000 9999.000000
47.000000 46.000000 1.000000 9999.000000 10000.000000 9999.000000 9999.000000
47.000000 47.000000 1.000000 10000.000000 10000.000000 10000.000000 10000.000000
47.000000 48.000000 1.000000 10000.000000 10000.000000 10000.000000 10000.000000
47.000000 49.000000 1.000000 10000.000000 10000.000000 10000.000000 10000.000000
48.000000 0.000000 1.000000 10000.000000 10000.000000 10000.000000 10000.000000
48.000000 1.000000 1.000000 10000.000000 10000.000000 10000.000000 10000.000000
48.000000 2.000000 1.000000 10000.000000 10000.000000 10000.000000 10000.000000
48.000000 3.000000 1.000000 9999.000000 10000.000000 9999.000000 9999.000000
48.000000 4.000000 1.000000 9999.000000 10000.000000 9999.000000 9999.000000
48.000000 5.000000 1.000000 9997.000000 10000.000000 9997.000000 9997.000000
48.000000 6.000000 1.000000 9995.000000 10000.000000 9995.000000 9995.000000
48.000000 7.000000 1.000000 9993.000000 10000.000000 9993.000000 9993.000000
48.000000 8.000000 1.000000 9988.000000 10000.000000 9988.000000 9988.000000
48.000000 9.000000 1.000000 9986.000000 10000.000000 9986.000000 9986.000000
48.000000 10.000000 1.000000 9979.000000 10000.000000 9979.000000 9979.000000
48.000000 11.000000 1.000000 9970.000000 10000.000000 9970.000000 9970.000000
48.000000 12.000000 1.000000 9963.000000 10000.000000 9963.000000 9963.000000
48.000000 13.000000 1.000000 9954.000000 10000.000000 9954.000000 9954.000000
48.000000 14.000000 1.000000 9947.000000 10000.000000 9947.000000 9947.000000
48.000000 15.000000 1.000000 9944.000000 10000.000000 9944.000000 9944.000000
48.000000 16.000000 1.000000 9945.000000 10000.000000 9945.000000 9945.000000
48.000000 17.000000 1.000000 9947.000000 10000.000000 9947.000000 9947.000000
48.000000 18.000000 1.000000 9946.000000 10000.000000 9946.000000 9946.000000
48.000000 19.000000 1.000000 9941.000000 10000.000000 9941.000000 9941.000000
48.000000 20.000000 1.000000 9904.000000 10000.000000 9904.000000 9904.000000
48.000000 21.000000 1.000000 9836.000000 10000.000000 9836.000000 9836.000000
48.000000 22.000000 1.000000 9771.000000 10000.000000 9771.000000 9771.000000
48.000000 23.000000 1.000000 9671.000000 10000.000000 9671.000000 9671.000000
48.000000 24.000000 1.000000 9527.000000 10000.000000 9527.000000 9527.000000
48.000000 25.000000 1.000000 9368.000000 10000.000000 9368.000000 9368.000000
48.000000 26.000000 1.000000 9266.000000 10000.000000 9266.000000 9266.000000
48.000000 27.000000 1.000000 9144.000000 10000.000000 9144.000000 9144.000000
48.000000 28.000000 1.000000 9072.000000 10000.000000 9072.000000 9072.000000
48.000000 29.000000 1.000000 9070.000000 10000.000000 9070.000000 9070.000000
48.000000 30.000000 1.000000 9101.000000 10000.000000 9101.000000 9101.000000
48.000000 31.000000 1.000000 9169.000000 10000.000000 9169.000000 9169.000000
48.000000 32.000000 1.000000 9226.000000 10000.000000 9226.000000 9226.000000
48.000000 33.000000 1.000000 9295.000000 10000.000000 9295.000000 9295.000000
48.000000 34.000000 1.000000 9359.000000 10000.000000 9359.000000 9359.000000
48.000000 35.000000 1.000000 9433.000000 10000.000000 9433.000000 9433.000000
48.000000 36.000000 1.000000 9522.000000 10000.000000 9522.000000 9522.000000
48.000000 37.000000 1.000000 9607.000000 10000.000000 9607.000000 9607.000000
48.000000 38.000000 1.000000 9696.000000 10000.000000 9696.000000 9696.000000
48.000000 39.000000 1.000000 9764.000000 10000.000000 9764.000000 9764.000000
48.000000 40.000000 1.000000 9832.000000 10000.000000 9832.000000 9832.000000
48.000000 41.000000 1.000000 9864.000000 10000.000000 9864.000000 9864.000000
48.000000 42.000000 1.000000 9898.000000 10000.000000 9898.000000 9898.000000
48.000000 43.000000 1.000000 9925.000000 10000.000000 9925.000000 9925.000000
48.000000 44.000000 1.000000 9936.000000 10000.000000 9936.000000 9936.000000
48.000000 45.000000 1.000000 9956.000000 10000.000000 9956.000000 9956.000000
48.000000 46.000000 1.000000 9971.000000 10000.000000 9971.000000 9971.000000
48.000000 47.000000 1.000000 9980.000000 10000.000000 9980.000000 9980.000000
48.000000 48.000000 1.000000 9983.000000 10000.000000 9983.000000 9983.000000
48.000000 49.000000 1.000000 9991.000000 10000.000000 9991.000000 9991.000000
49.000000 0.000000 1.000000 10000.000000 10000.000000 10000.000000 10000.000000
49.000000 1.000000 1.000000 10000.000000 10000.000000 10000.000000 10000.000000
49.000000 2.000000 1.000000 10000.000000 10000.000000 10000.000000 10000.000000
49.000000 3.000000 1.000000 9999.000000 10000.000000 9999.000000 9999.000000
49.000000 4.000000 1.000000 9999.000000 10000.000000 9999.000000 9999.000000
49.000000 5.000000 1.000000 9999.000000 10000.000000 9999.000000 9999.000000
49.000000 6.000000 1.000000 9999.000000 10000.000000 9999.000000 9999.000000
49.000000 7.000000 1.000000 9999.000000 10000.000000 9999.000000 9999.000000
49.000000 8.000000 1.000000 10000.000000 10000.000000 10000.000000 10000.000000
49.000000 9.000000 1.000000 10000.000000 10000.000000 10000.000000 10000.000000
49.000000 10.000000 1.000000 10000.000000 10000.000000 10000.000000 10000.000000
49.000000 11.000000 1.000000 10000.000000 10000.000000 10000.000000 10000.000000
49.000000 12.000000 1.000000 10000.000000 10000.000000 10000.000000 10000.000000
49.000000 13.000000 1.000000 10000.000000 10000.000000 10000.000000 10000.000000
49.000000 14.000000 1.000000 10000.000000 10000.000000 10000.000000 10000.000000
49.000000 15.000000 1.000000 10000.000000 10000.000000 10000.000000 10000.000000
49.000000 16.000000 1.000000 10000.000000 10000.000000 10000.000000 10000.000000
49.000000 17.000000 1.000000 10000.000000 10000.000000 10000.000000 10000.000000
49.000000 18.000000 1.000000 10000.000000 10000.000000 10000.000000 10000.000000
49.000000 19.000000 1.000000 10000.000000 10000.000000 10000.000000 10000.000000
49.000000 20.000000 1.000000 10000.000000 10000.000000 10000.000000 10000.000000
49.000000 21.000000 1.000000 10000.000000 10000.000000 10000.000000 10000.000000
49.000000 22.000000 1.000000 10000.000000 10000.000000 10000.000000 10000.000000
49.000000 23.000000 1.000000 10000.000000 10000.000000 10000.000000 10000.000000
49.000000 24.000000 1.000000 10000.000000 10000.000000 10000.000000 10000.000000
49.000000 25.000000 1.000000 10000.000000 10000.000000 10000.000000 10000.000000
49.000000 26.000000 1.000000 10000.000000 10000.000000 10000.000000 10000.000000
49.000000 27.000000 1.000000 10000.000000 10000.000000 10000.000000 10000.000000
49.000000 28.000000 1.000000 10000.000000 10000.000000 10000.000000 10000.000000
49.000000 29.000000 1.000000 10000.000000 10000.000000 10000.000000 10000.000000
49.000000 30.000000 1.000000 10000.000000 10000.000000 10000.000000 10000.000000
49.000000 31.000000 1.000000 10000.000000 10000.000000 10000.000000 10000.000000
49.000000 32.000000 1.000000 10000.000000 10000.000000 10000.000000 10000.000000
49.000000 33.000000 1.000000 10000.000000 10000.000000 10000.000000 10000.000000
49.000000 34.000000 1.000000 10000.000000 10000.000000 10000.000000 10000.000000
49.000000 35.000000 1.000000 10000.000000 10000.000000 10000.000000 10000.000000
49.000000 36.000000 1.000000 10000.000000 10000.000000 10000.000000 10000.000000
49.000000 37.000000 1.000000 10000.000000 10000.000000 10000.000000 10000.000000
49.000000 38.000000 1.000000 10000.000000 10000.000000 10000.000000 10000.000000
49.000000 39.000000 1.000000 10000.000000 10000.000000 10000.000000 10000.000000
49.000000 40.000000 1.000000 10000.000000 10000.000000 10000.000000 10000.000000
49.000000 41.000000 1.000000 10000.000000 10000.000000 10000.000000 10000.000000
49.000000 42.000000 1.000000 10000.000000 10000.000000 10000.000000 10000.000000
49.000000 43.000000 1.000000 10000.000000 10000.000000 10000.000000 10000.000000
49.000000 44.000000 1.000000 10000.000000 10000.000000 10000.000000 10000.000000
49.000000 45.000000 1.000000 10000.000000 10000.000000 10000.000000 10000.000000
49.000000 46.000000 1.000000 10000.000000 10000.000000 10000.000000 10000.000000
49.000000 47.000000 1.000000 10000.000000 10000.000000 10000.000000 10000.000000
49.000000 48.000000 1.000000 10000.000000 10000.000000 10000.000000 10000.000000
49.000000 49.000000 1.000000 10000.000000 10000.000000 10000.000000 10000.000000
50.000000 0.000000 1.000000 10000.000000 10000.000000 10000.000000 10000.000000
50.000000 1.000000 1.000000 10000.000000 10000.000000 10000.000000 10000.000000
50.000000 2.000000 1.000000 9999.000000 10000.000000 9999.000000 9999.000000
50.000000 3.000000 1.000000 9998.000000 10000.000000 9998.000000 9998.000000
50.000000 4.000000 1.000000 9996.000000 10000.000000 9996.000000 9996.000000
50.000000 5.000000 1.000000 9996.000000 10000.000000 9996.000000 9996.000000
50.000000 6.000000 1.000000 9995.000000 10000.000000 9995.000000 9995.000000
50.000000 7.000000 1.000000 9996.000000 10000.000000 9996.000000 9996.000000
50.000000 8.000000 1.000000 9997.000000 10000.000000 9997.000000 9997.000000
50.000000 9.000000 1.000000 9999.000000 10000.000000 9999.000000 9999.000000
50.000000 10.000000 1.000000 9999.000000 10000.000000 9999.000000 9999.000000
50.000000 11.000000 1.000000 10000.000000 10000.000000 10000.000000 10000.000000
50.000000 12.000000 1.000000 10000.000000 10000.000000 10000.000000 10000.000000
50.000000 13.000000 1.000000 10000.000000 10000.000000 10000.000000 10000.000000
50.000000 14.000000 1.000000 10000.000000 10000.000000 10000.000000 10000.000000
50.000000 15.000000 1.000000 10000.000000 10000.000000 10000.000000 10000.000000
50.000000 16.000000 1.000000 10000.000000 10000.000000 10000.000000 10000.000000
50.000000 17.000000 1.000000 10000.000000 10000.000000 10000.000000 10000.000000
50.000000 18.000000 1.000000 10000.000000 10000.000000 10000.000000 10000.000000
50.000000 19.000000 1.000000 10000.000000 10000.000000 10000.000000 10000.000000
50.000000 20.000000 1.000000 10000.000000 10000.000000 10000.000000 10000.000000
50.000000 21.000000 1.000000 10000.000000 10000.000000 10000.000000 10000.000000
50.000000 22.000000 1.000000 10000.000000 10000.000000 10000.000000 10000.000000
50.000000 23.000000 1.000000 10000.000000 10000.000000 10000.000000 10000.000000
50.000000 24.000000 1.000000 10000.000000 10000.000000 10000.000000 10000.000000
50.000000 25.000000 1.000000 10000.000000 10000.000000 10000.000000 10000.000000
50.000000 26.000000 1.000000 10000.000000 10000.000000 10000.000000 10000.000000
50.000000 27.000000 1.000000 10000.000000 10000.000000 10000.000000 10000.000000
50.000000 28.000000 1.000000 10000.000000 10000.000000 10000.000000 10000.000000
50.000000 29.000000 1.000000 10000.000000 10000.000000 10000.000000 10000.000000
50.000000 30.000000 1.000000 10000.000000 10000.000000 10000.000000 10000.000000
50.000000 31.000000 1.000000 10000.000000 10000.000000 10000.000000 10000.000000
50.000000 32.000000 1.000000 10000.000000 10000.000000 10000.000000 10000.000000
50.000000 33.000000 1.000000 10000.000000 10000.000000 10000.000000 10000.000000
50.000000 34.000000 1.000000 10000.000000 10000.000000 10000.000000 10000.000000
50.000000 35.000000 1.000000 10000.000000 10000.000000 10000.000000 10000.000000
50.000000 36.000000 1.000000 10000.000000 10000.000000 10000.000000 10000.000000
50.000000 37.000000 1.000000 10000.000000 10000.000000 10000.000000 10000.000000
50.000000 38.000000 1.000000 10000.000000 10000.000000 10000.000000 10000.000000
50.000000 39.000000 1.000000 10000.000000 10000.000000 10000.000000 10000.000000
50.000000 40.000000 1.000000 10000.000000 10000.000000 10000.000000 10000.000000
50.000000 41.000000 1.000000 10000.000000 10000.000000 10000.000000 10000.000000
50.000000 42.000000 1.000000 10000.000000 10000.000000 10000.000000 10000.000000
50.000000 43.000000 1.000000 10000.000000 10000.000000 10000.000000 10000.000000
50.000000 44.000000 1.000000 10000.000000 10000.000000 10000.000000 10000.000000
50.000000 45.000000 1.000000 10000.000000 10000.000000 10000.000000 10000.000000
50.000000 46.000000 1.000000 10000.000000 10000.000000 10000.000000 10000.000000
50.000000 47.000000 1.000000 10000.000000 10000.000000 10000.000000 10000.000000
50.000000 48.000000 1.000000 10000.000000 10000.000000 10000.000000 10000.000000
50.000000 49.000000 1.000000 10000.000000 10000.000000 10000.000000 10000.000000
51.000000 0.000000 1.000000 10000.000000 10000.000000 10000.000000 10000.000000
51.000000 1.000000 1.000000 10000.000000 10000.000000 10000.000000 10000.000000
51.000000 2.000000 1.000000 10000.000000 10000.000000 10000.000000 10000.000000
51.000000 3.000000 1.000000 9999.000000 10000.000000 9999.000000 9999.000000
51.000000 4.000000 1.000000 9999.000000 10000.000000 9999.000000 9999.000000
51.000000 5.000000 1.000000 9997.000000 10000.000000 9997.000000 9997.000000
51.000000 6.000000 1.000000 9993.000000 10000.000000 9993.000000 9993.000000
51.000000 7.000000 1.000000 9989.000000 10000.000000 9989.000000 9989.000000
51.000000 8.000000 1.000000 9977.000000 10000.000000 9977.000000 9977.000000
51.000000 9.000000 1.000000 9958.000000 10000.000000 9958.000000 9958.000000
51.000000 10.000000 1.000000 9933.000000 10000.000000 9933.000000 9933.000000
51.000000 11.000000 1.000000 9871.000000 10000.000000 9871.000000 9871.000000
51.000000 12.000000 1.000000 9798.000000 10000.000000 9798.000000 9798.000000
51.000000 13.000000 1.000000 9716.000000 10000.000000 9716.000000 9716.000000
51.000000 14.000000 1.000000 9633.000000 10000.000000 9633.000000 9633.000000
51.000000 15.000000 1.000000 9529.000000 10000.000000 9529.000000 9529.000000
51.000000 16.000000 1.000000 9422.000000 10000.000000 9422.000000 9422.000000
51.000000 17.000000 1.000000 9331.000000 10000.000000 9331.000000 9331.000000
51.000000 18.000000 1.000000 9223.000000 10000.000000 9223.000000 9223.000000
51.000000 19.000000 1.000000 9110.000000 10000.000000 9110.000000 9110.000000
51.000000 20.000000 1.000000 9059.000000 10000.000000 9059.000000 9059.000000
51.000000 21.000000 1.000000 9053.000000 10000.000000 9053.000000 9053.000000
51.000000 22.000000 1.000000 9087.000000 10000.000000 9087.000000 9087.000000
51.000000 23.000000 1.000000 9177.000000 10000.000000 9177.000000 9177.000000
51.000000 24.000000 1.000000 9315.000000 10000.000000 9315.000000 9315.000000
51.000000 25.000000 1.000000 9432.000000 10000.000000 9432.000000 9432.000000
51.000000 26.000000 1.000000 9536.000000 10000.000000 9536.000000 9536.000000
51.000000 27.000000 1.000000 9638.000000 10000.000000 9638.000000 9638.000000
51.000000 28.000000 1.000000 9717.000000 10000.000000 9717.000000 9717.000000
51.000000 29.000000 1.000000 9778.000000 10000.000000 9778.000000 9778.000000
51.000000 30.000000 1.000000 9827.000000 10000.000000 9827.000000 9827.000000
51.000000 31.000000 1.000000 9876.000000 10000.000000 9876.000000 9876.000000
51.000000 32.000000 1.000000 9901.000000 10000.000000 9901.000000 9901.000000
51.000000 33.000000 1.000000 9920.000000 10000.000000 9920.000000 9920.000000
51.000000 34.000000 1.000000 9928.000000 10000.000000 9928.000000 9928.000000
51.000000 35.000000 1.000000 9940.000000 10000.000000 9940.000000 9940.000000
51.000000 36.000000 1.000000 9947.000000 10000.000000 9947.000000 9947.000000
51.000000 37.000000 1.000000 9962.000000 10000.000000 9962.000000 9962.000000
51.000000 38.000000 1.000000 9975.000000 10000.000000 9975.000000 9975.000000
51.000000 39.000000 1.000000 9988.000000 10000.000000 9988.000000 9988.000000
51.000000 40.000000 1.000000 9993.000000 10000.000000 9993.000000 9993.000000
51.000000 41.000000 1.000000 9995.000000 10000.000000 9995.000000 9995.000000
51.000000 42.000000 1.000000 9995.000000 10000.000000 9995.000000 9995.000000
51.000000 43.000000 1.000000 9996.000000 10000.000000 9996.000000 9996.000000
51.000000 44.000000 1.000000 9996.000000 10000.000000 9996.000000 9996.000000
51.000000 45.000000 1.000000 9997.000000 10000.000000 9997.000000 9997.000000
51.000000 46.000000 1.000000 9999.000000 10000.000000 9999.000000 9999.000000
51.000000 47.000000 1.000000 10000.000000 10000.000000 10000.000000 10000.000000
51.000000 48.000000 1.000000 10000.000000 10000.000000 10000.000000 10000.000000
51.000000 49.000000 1.000000 10000.000000 10000.000000 10000.000000 10000.000000
52.000000 0.000000 1.000000 10000.000000 10000.000000 10000.000000 10000.000000
52.000000 1.000000 1.000000 9999.000000 10000.000000 9999.000000 9999.000000
52.000000 2.000000 1.000000 9999.000000 10000.000000 9999.000000 9999.000000
52.000000 3.000000 1.000000 9999.000000 10000.000000 9999.000000 9999.000000
52.000000 4.000000 1.000000 9999.000000 10000.000000 9999.000000 9999.000000
52.000000 5.000000 1.000000 9999.000000 10000.000000 9999.000000 9999.000000
52.000000 6.000000 1.000000 10000.000000 10000.000000 10000.000000 10000.000000
52.000000 7.000000 1.000000 10000.000000 10000.000000 10000.000000 10000.000000
52.000000 8.000000 1.000000 10000.000000 10000.000000 10000.000000 10000.000000
52.000000 9.000000 1.000000 10000.000000 10000.000000 10000.000000 10000.000000
52.000000 10.000000 1.000000 10000.000000 10000.000000 10000.000000 10000.000000
52.000000 11.000000 1.000000 10000.000000 10000.000000 10000.000000 10000.000000
52.000000 12.000000 1.000000 10000.000000 10000.000000 10000.000000 10000.000000
52.000000 13.000000 1.000000 10000.000000 10000.000000 10000.000000 10000.000000
52.000000 14.000000 1.000000 10000.000000 10000.000000 10000.000000 10000.000000
52.000000 15.000000 1.000000 10000.000000 10000.000000 10000.000000 10000.000000
52.000000 16.000000 1.000000 10000.000000 10000.000000 10000.000000 10000.000000
52.000000 17.000000 1.000000 10000.000000 10000.000000 10000.000000 10000.000000
52.000000 18.000000 1.000000 10000.000000 10000.000000 10000.000000 10000.000000
52.000000 19.000000 1.000000 10000.000000 10000.000000 10000.000000 10000.000000
52.000000 20.000000 1.000000 10000.000000 10000.000000 10000.000000 10000.000000
52.000000 21.000000 1.000000 10000.000000 10000.000000 10000.000000 10000.000000
52.000000 22.000000 1.000000 10000.000000 10000.000000 10000.000000 10000.000000
52.000000 23.000000 1.000000 10000.000000 10000.000000 10000.000000 10000.000000
52.000000 24.000000 1.000000 10000.000000 10000.000000 10000.000000 10000.000000
52.000000 25.000000 1.000000 10000.000000 10000.000000 10000.000000 10000.000000
52.000000 26.000000 1.000000 10000.000000 10000.000000 10000.000000 10000.000000
52.000000 27.000000 1.000000 10000.000000 10000.000000 10000.000000 10000.000000
52.000000 28.000000 1.000000 10000.000000 10000.000000 10000.000000 10000.000000
52.000000 29.000000 1.000000 10000.000000 10000.000000 10000.000000 10000.000000
52.000000 30.000000 1.000000 10000.000000 10000.000000 10000.000000 10000.000000
52.000000 31.000000 1.000000 10000.000000 10000.000000 10000.000000 10000.000000
52.000000 32.000000 1.000000 10000.000000 10000.000000 10000.000000 10000.000000
52.000000 33.000000 1.000000 10000.000000 10000.000000 10000.000000 10000.000000
52.000000 34.000000 1.000000 10000.000000 10000.000000 10000.000000 10000.000000
52.000000 35.000000 1.000000 10000.000000 10000.000000 10000.000000 10000.000000
52.000000 36.000000 1.000000 10000.000000 10000.000000 10000.000000 10000.000000
52.000000 37.000000 1.000000 10000.000000 10000.000000 10000.000000 10000.000000
52.000000 38.000000 1.000000 10000.000000 10000.000000 10000.000000 10000.000000
52.000000 39.000000 1.000000 10000.000000 10000.000000 10000.000000 10000.000000
52.000000 40.000000 1.000000 10000.000000 10000.000000 10000.000000 10000.000000
52.000000 41.000000 1.000000 10000.000000 10000.000000 10000.000000 10000.000000
52.000000 42.000000 1.000000 10000.000000 10000.000000 10000.000000 10000.000000
52.000000 43.000000 1.000000 10000.000000 10000.000000 10000.000000 10000.000000
52.000000 44.000000 1.000000 10000.000000 10000.000000 10000.000000 10000.000000
52.000000 45.000000 1.000000 10000.000000 10000.000000 10000.000000 10000.000000
52.000000 46.000000 1.000000 10000.000000 10000.000000 10000.000000 10000.000000
52.000000 47.000000 1.000000 10000.000000 10000.000000 10000.000000 10000.000000
52.000000 48.000000 1.000000 10000.000000 10000.000000 10000.000000 10000.000000
52.000000 49.000000 1.000000 10000.000000 10000.000000 10000.000000 10000.000000
53.000000 0.000000 1.000000 10000.000000 10000.000000 10000.000000 10000.000000
53.000000 1.000000 1.000000 10000.000000 10000.000000 10000.000000 10000.000000
53.000000 2.000000 1.000000 9999.000000 10000.000000 9999.000000 9999.000000
53.000000 3.000000 1.000000 9999.000000 10000.000000 9999.000000 9999.000000
53.000000 4.000000 1.000000 9999.000000 10000.000000 9999.000000 9999.000000
53.000000 5.000000 1.000000 9999.000000 10000.000000 9999.000000 9999.000000
53.000000 6.000000 1.000000 9999.000000 10000.000000 9999.000000 9999.000000
53.000000 7.000000 1.000000 10000.000000 10000.000000 10000.000000 10000.000000
53.000000 8.000000 1.000000 10000.000000 10000.000000 10000.000000 10000.000000
53.000000 9.000000 1.000000 10000.000000 10000.000000 10000.000000 10000.000000
53.000000 10.000000 1.000000 10000.000000 10000.000000 10000.000000 10000.000000
53.000000 11.000000 1.000000 10000.000000 10000.000000 10000.000000 10000.000000
53.000000 12.000000 1.000000 10000.000000 10000.000000 10000.000000 10000.000000
53.000000 13.000000 1.000000 10000.000000 10000.000000 10000.000000 10000.000000
53.000000 14.000000 1.000000 10000.000000 10000.000000 10000.000000 10000.000000
53.000000 15.000000 1.000000 10000.000000 10000.000000 10000.000000 10000.000000
53.000000 16.000000 1.000000 10000.000000 10000.000000 10000.000000 10000.000000
53.000000 17.000000 1.000000 10000.000000 10000.000000 10000.000000 10000.000000
53.000000 18.000000 1.000000 10000.000000 10000.000000 10000.000000 10000.000000
53.000000 19.000000 1.000000 10000.000000 10000.000000 10000.000000 10000.000000
53.000000 20.000000 1.000000 10000.000000 10000.000000 10000.000000 10000.000000
53.000000 21.000000 1.000000 10000.000000 10000.000000 10000.000000 10000.000000
53.000000 22.000000 1.000000 10000.000000 10000.000000 10000.000000 10000.000000
53.000000 23.000000 1.000000 10000.000000 10000.000000 10000.000000 10000.000000
53.000000 24.000000 1.000000 10000.000000 10000.000000 10000.000000 10000.000000
53.000000 25.000000 1.000000 10000.000000 10000.000000 10000.000000 10000.000000
53.000000 26.000000 1.000000 10000.000000 10000.000000 10000.000000 10000.000000
53.000000 27.000000 1.000000 10000.000000 10000.000000 10000.000000 10000.000000
53.000000 28.000000 1.000000 10000.000000 10000.000000 10000.000000 10000.000000
53.000000 29.000000 1.000000 10000.000000 10000.000000 10000.000000 10000.000000
53.000000 30.000000 1.000000 10000.000000 10000.000000 10000.000000 10000.000000
53.000000 31.000000 1.000000 10000.000000 10000.000000 10000.000000 10000.000000
53.000000 32.000000 1.000000 10000.000000 10000.000000 10000.000000 10000.000000
53.000000 33.000000 1.000000 10000.000000 10000.000000 10000.000000 10000.000000
53.000000 34.000000 1.000000 10000.000000 10000.000000 10000.000000 10000.000000
53.000000 35.000000 1.000000 10000.000000 10000.000000 10000.000000 10000.000000
53.000000 36.000000 1.000000 10000.000000 10000.000000 10000.000000 10000.000000
53.000000 37.000000 1.000000 10000.000000 10000.000000 10000.000000 10000.000000
53.000000 38.000000 1.000000 10000.000000 10000.000000 10000.000000 10000.000000
53.000000 39.000000 1.000000 10000.000000 10000.000000 10000.000000 10000.000000
53.000000 40.000000 1.000000 10000.000000 10000.000000 10000.000000 10000.000000
53.000000 41.000000 1.000000 10000.000000 10000.000000 10000.000000 10000.000000
53.000000 42.000000 1.000000 10000.000000 10000.000000 10000.000000 10000.000000
53.000000 43.000000 1.000000 10000.000000 10000.000000 10000.000000 10000.000000
53.000000 44.000000 1.000000 10000.000000 10000.000000 10000.000000 10000.000000
53.000000 45.000000 1.000000 10000.000000 10000.000000 10000.000000 10000.000000
53.000000 46.000000 1.000000 10000.000000 10000.000000 10000.000000 10000.000000
53.000000 47.000000 1.000000 10000.000000 10000.000000 10000.000000 10000.000000
53.000000 48.000000 1.000000 10000.000000 10000.000000 10000.000000 10000.000000
53.000000 49.000000 1.000000 10000.000000 10000.000000 10000.000000 10000.000000
54.000000 0.000000 1.000000 10000.000000 10000.000000 10000.000000 10000.000000
54.000000 1.000000 1.000000 10000.000000 10000.000000 10000.000000 10000.000000
54.000000 2.000000 1.000000 9999.000000 10000.000000 9999.000000 9999.000000
54.000000 3.000000 1.000000 9998.000000 10000.000000 9998.000000 9998.000000
54.000000 4.000000 1.000000 9997.000000 10000.000000 9997.000000 9997.000000
54.000000 5.000000 1.000000 9996.000000 10000.000000 9996.000000 9996.000000
54.000000 6.000000 1.000000 9993.000000 10000.000000 9993.000000 9993.000000
54.000000 7.000000 1.000000 9994.000000 10000.000000 9994.000000 9994.000000
54.000000 8.000000 1.000000 9993.000000 10000.000000 9993.000000 9993.000000
54.000000 9.000000 1.000000 9992.000000 10000.000000 9992.000000 9992.000000
54.000000 10.000000 1.000000 9992.000000 10000.000000 9992.000000 9992.000000
54.000000 11.000000 1.000000 9995.000000 10000.000000 9995.000000 9995.000000
54.000000 12.000000 1.000000 9992.000000 10000.000000 9992.000000 9992.000000
54.000000 13.000000 1.000000 9993.000000 10000.000000 9993.000000 9993.000000
54.000000 14.000000 1.000000 9994.000000 10000.000000 9994.000000 9994.000000
54.000000 15.000000 1.000000 9996.000000 10000.000000 9996.000000 9996.000000
54.000000 16.000000 1.000000 9996.000000 10000.000000 9996.000000 9996.000000
54.000000 17.000000 1.000000 9999.000000 10000.000000 9999.000000 9999.000000
54.000000 18.000000 1.000000 10000.000000 10000.000000 10000.000000 10000.000000
54.000000 19.000000 1.000000 10000.000000 10000.000000 10000.000000 10000.000000
54.000000 20.000000 1.000000 10000.000000 10000.000000 10000.000000 10000.000000
54.000000 21.000000 1.000000 10000.000000 10000.000000 10000.000000 10000.000000
54.000000 22.000000 1.000000 10000.000000 10000.000000 10000.000000 10000.000000
54.000000 23.000000 1.000000 10000.000000 10000.000000 10000.000000 10000.000000
54.000000 24.000000 1.000000 10000.000000 10000.000000 10000.000000 10000.000000
54.000000 25.000000 1.000000 10000.000000 10000.000000 10000.000000 10000.000000
54.000000 26.000000 1.000000 10000.000000 10000.000000 10000.000000 10000.000000
54.000000 27.000000 1.000000 10000.000000 10000.000000 10000.000000 10000.000000
54.000000 28.000000 1.000000 10000.000000 10000.000000 10000.000000 10000.000000
54.000000 29.000000 1.000000 10000.000000 10000.000000 10000.000000 10000.000000
54.000000 30.000000 1.000000 10000.000000 10000.000000 10000.000000 10000.000000
54.000000 31.000000 1.000000 10000.000000 10000.000000 10000.000000 10000.000000
54.000000 32.000000 1.000000 10000.000000 10000.000000 10000.000000 10000.000000
54.000000 33.000000 1.000000 10000.000000 10000.000000 10000.000000 10000.000000
54.000000 34.000000 1.000000 10000.000000 10000.000000 10000.000000 10000.000000
54.000000 35.000000 1.000000 10000.000000 10000.000000 10000.000000 10000.000000
54.000000 36.000000 1.000000 10000.000000 10000.000000 10000.000000 10000.000000
54.000000 37.000000 1.000000 10000.000000 10000.000000 10000.000000 10000.000000
54.000000 38.000000 1.000000 10000.000000 10000.000000 10000.000000 10000.000000
54.000000 39.000000 1.000000 10000.000000 10000.000000 10000.000000 10000.000000
54.000000 40.000000 1.000000 10000.000000 10000.000000 10000.000000 10000.000000
54.000000 41.000000 1.000000 10000.000000 10000.000000 10000.000000 10000.000000
54.000000 42.000000 1.000000 10000.000000 10000.000000 10000.000000 10000.000000
54.000000 43.000000 1.000000 10000.000000 10000.000000 10000.000000 10000.000000
54.000000 44.000000 1.000000 10000.000000 10000.000000 10000.000000 10000.000000
54.000000 45.000000 1.000000 10000.000000 10000.000000 10000.000000 10000.000000
54.000000 46.000000 1.000000 10000.000000 10000.000000 10000.000000 10000.000000
54.000000 47.000000 1.000000 10000.000000 10000.000000 10000.000000 10000.000000
54.000000 48.000000 1.000000 10000.000000 10000.000000 10000.000000 10000.000000
54.000000 49.000000 1.000000 10000.000000 10000.000000 10000.000000 10000.000000
55.000000 0.000000 1.000000 10000.000000 10000.000000 10000.000000 10000.000000
55.000000 1.000000 1.000000 10000.000000 10000.000000 10000.000000 10000.000000
55.000000 2.000000 1.000000 9999.000000 10000.000000 9999.000000 9999.000000
55.000000 3.000000 1.000000 9999.000000 10000.000000 9999.000000 9999.000000
55.000000 4.000000 1.000000 9999.000000 10000.000000 9999.000000 9999.000000
55.000000 5.000000 1.000000 9999.000000 10000.000000 9999.000000 9999.000000
55.000000 6.000000 1.000000 9999.000000 10000.000000 9999.000000 9999.000000
55.000000 7.000000 1.000000 10000.000000 10000.000000 10000.000000 10000.000000
55.000000 8.000000 1.000000 10000.000000 10000.000000 10000.000000 10000.000000
55.000000 9.000000 1.000000 10000.000000 10000.000000 10000.000000 10000.000000
55.000000 10.000000 1.000000 10000.000000 10000.000000 10000.000000 10000.000000
55.000000 11.000000 1.000000 10000.000000 10000.000000 10000.000000 10000.000000
55.000000 12.000000 1.000000 10000.000000 10000.000000 10000.000000 10000.000000
55.000000 13.000000 1.000000 10000.000000 10000.000000 10000.000000 10000.000000
55.000000 14.000000 1.000000 10000.000000 10000.000000 10000.000000 10000.000000
55.000000 15.000000 1.000000 10000.000000 10000.000000 10000.000000 10000.000000
55.000000 16.000000 1.000000 10000.000000 10000.000000 10000.000000 10000.000000
55.000000 17.000000 1.000000 10000.000000 10000.000000 10000.000000 10000.000000
55.000000 18.000000 1.000000 10000.000000 10000.000000 10000.000000 10000.000000
55.000000 19.000000 1.000000 10000.000000 10000.000000 10000.000000 10000.000000
55.000000 20.000000 1.000000 10000.000000 10000.000000 10000.000000 10000.000000
55.000000 21.000000 1.000000 10000.000000 10000.000000 10000.000000 10000.000000
55.000000 22.000000 1.000000 10000.000000 10000.000000 10000.000000 10000.000000
55.000000 23.000000 1.000000 10000.000000 10000.000000 10000.000000 10000.000000
55.000000 24.000000 1.000000 10000.000000 10000.000000 10000.000000 10000.000000
55.000000 25.000000 1.000000 10000.000000 10000.000000 10000.000000 10000.000000
55.000000 26.000000 1.000000 10000.000000 10000.000000 10000.000000 10000.000000
55.000000 27.000000 1.000000 10000.000000 10000.000000 10000.000000 10000.000000
55.000000 28.000000 1.000000 10000.000000 10000.000000 10000.000000 10000.000000
55.000000 29.000000 1.000000 10000.000000 10000.000000 10000.000000 10000.000000
55.000000 30.000000 1.000000 10000.000000 10000.000000 10000.000000 10000.000000
55.000000 31.000000 1.000000 10000.000000 10000.000000 10000.000000 10000.000000
55.000000 32.000000 1.000000 10000.000000 10000.000000 10000.000000 10000.000000
55.000000 33.000000 1.000000 10000.000000 10000.000000 10000.000000 10000.000000
55.000000 34.000000 1.000000 10000.000000 10000.000000 10000.000000 10000.000000
55.000000 35.000000 1.000000 10000.000000 10000.000000 10000.000000 10000.000000
55.000000 36.000000 1.000000 10000.000000 10000.000000 10000.000000 10000.000000
55.000000 37.000000 1.000000 10000.000000 10000.000000 10000.000000 10000.000000
55.000000 38.000000 1.000000 10000.000000 10000.000000 10000.000000 10000.000000
55.000000 39.000000 1.000000 10000.000000 10000.000000 10000.000000 10000.000000
55.000000 40.000000 1.000000 10000.000000 10000.000000 10000.000000 10000.000000
55.000000 41.000000 1.000000 10000.000000 10000.000000 10000.000000 10000.000000
55.000000 42.000000 1.000000 10000.000000 10000.000000 10000.000000 10000.000000
55.000000 43.000000 1.000000 10000.000000 10000.000000 10000.000000 10000.000000
55.000000 44.000000 1.000000 10000.000000 10000.000000 10000.000000 10000.000000
55.000000 45.000000 1.000000 10000.000000 10000.000000 10000.000000 10000.000000
55.000000 46.000000 1.000000 10000.000000 10000.000000 10000.000000 10000.000000
55.000000 47.000000 1.000000 10000.000000 10000.000000 10000.000000 10000.000000
55.000000 48.000000 1.000000 10000.000000 10000.000000 10000.000000 10000.000000
55.000000 49.000000 1.000000 10000.000000 10000.000000 10000.000000 10000.000000
56.000000 0.000000 1.000000 10000.000000 10000.000000 10000.000000 10000.000000
56.000000 1.000000 1.000000 10000.000000 10000.000000 10000.000000 10000.000000
56.000000 2.000000 1.000000 10000.000000 10000.000000 10000.000000 10000.000000
56.000000 3.000000 1.000000 10000.000000 10000.000000 10000.000000 10000.000000
56.000000 4.000000 1.000000 9997.000000 10000.000000 9997.000000 9997.000000
56.000000 5.000000 1.000000 9997.000000 10000.000000 9997.000000 9997.000000
56.000000 6.000000 1.000000 9997.000000 10000.000000 9997.000000 9997.000000
56.000000 7.000000 1.000000 9997.000000 10000.000000 9997.000000 9997.000000
56.000000 8.000000 1.000000 9997.000000 10000.000000 9997.000000 9997.000000
56.000000 9.000000 1.000000 9998.000000 10000.000000 9998.000000 9998.000000
56.000000 10.000000 1.000000 10000.000000 10000.000000 10000.000000 10000.000000
56.000000 11.000000 1.000000 10000.000000 10000.000000 10000.000000 10000.000000
56.000000 12.000000 1.000000 10000.000000 10000.000000 10000.000000 10000.000000
56.000000 13.000000 1.000000 10000.000000 10000.000000 10000.000000 10000.000000
56.000000 14.000000 1.000000 10000.000000 10000.000000 10000.000000 10000.000000
56.000000 15.000000 1.000000 10000.000000 10000.000000 10000.000000 10000.000000
56.000000 16.000000 1.000000 10000.000000 10000.000000 10000.000000 10000.000000
56.000000 17.000000 1.000000 10000.000000 10000.000000 10000.000000 10000.000000
56.000000 18.000000 1.000000 10000.000000 10000.000000 10000.000000 10000.000000
56.000000 19.000000 1.000000 10000.000000 10000.000000 10000.000000 10000.000000
56.000000 20.000000 1.000000 10000.000000 10000.000000 10000.000000 10000.000000
56.000000 21.000000 1.000000 10000.000000 10000.000000 10000.000000 10000.000000
56.000000 22.000000 1.000000 10000.000000 10000.000000 10000.000000 10000.000000
56.000000 23.000000 1.000000 10000.000000 10000.000000 10000.000000 10000.000000
56.000000 24.000000 1.000000 10000.000000 10000.000000 10000.000000 10000.000000
56.000000 25.000000 1.000000 10000.000000 10000.000000 10000.000000 10000.000000
56.000000 26.000000 1.000000 10000.000000 10000.000000 10000.000000 10000.000000
56.000000 27.000000 1.000000 10000.000000 10000.000000 10000.000000 10000.000000
56.000000 28.000000 1.000000 10000.000000 10000.000000 10000.000000 10000.000000
56.000000 29.000000 1.000000 10000.000000 10000.000000 10000.000000 10000.000000
56.000000 30.000000 1.000000 10000.000000 10000.000000 10000.000000 10000.000000
56.000000 31.000000 1.000000 10000.000000 10000.000000 10000.000000 10000.000000
56.000000 32.000000 1.000000 10000.000000 10000.000000 10000.000000 10000.000000
56.000000 33.000000 1.000000 10000.000000 10000.000000 10000.000000 10000.000000
56.000000 34.000000 1.000000 10000.000000 10000.000000 10000.000000 10000.000000
56.000000 35.000000 1.000000 10000.000000 10000.000000 10000.000000 10000.000000
56.000000 36.000000 1.000000 10000.000000 10000.000000 10000.000000 10000.000000
56.000000 37.000000 1.000000 10000.000000 10000.000000 10000.000000 10000.000000
56.000000 38.000000 1.000000 10000.000000 10000.000000 10000.000000 10000.000000
56.000000 39.000000 1.000000 10000.000000 10000.000000 10000.000000 10000.000000
56.000000 40.000000 1.000000 10000.000000 10000.000000 10000.000000 10000.000000
56.000000 41.000000 1.000000 10000.000000 10000.000000 10000.000000 10000.000000
56.000000 42.000000 1.000000 10000.000000 10000.000000 10000.000000 10000.000000
56.000000 43.000000 1.000000 10000.000000 10000.000000 10000.000000 10000.000000
56.000000 44.000000 1.000000 10000.000000 10000.000000 10000.000000 10000.000000
56.000000 45.000000 1.000000 10000.000000 10000.000000 10000.000000 10000.000000
56.000000 46.000000 1.000000 10000.000000 10000.000000 10000.000000 10000.000000
56.000000 47.000000 1.000000 10000.000000 10000.000000 10000.000000 10000.000000
56.000000 48.000000 1.000000 10000.000000 10000.000000 10000.000000 10000.000000
56.000000 49.000000 1.000000 10000.000000 10000.000000 10000.000000 10000.000000
57.000000 0.000000 1.000000 10000.000000 10000.000000 10000.000000 10000.000000
57.000000 1.000000 1.000000 10000.000000 10000.000000 10000.000000 10000.000000
57.000000 2.000000 1.000000 9999.000000 10000.000000 9999.000000 9999.000000
57.000000 3.000000 1.000000 9999.000000 10000.000000 9999.000000 9999.000000
57.000000 4.000000 1.000000 9999.000000 10000.000000 9999.000000 9999.000000
57.000000 5.000000 1.000000 9999.000000 10000.000000 9999.000000 9999.000000
57.000000 6.000000 1.000000 9999.000000 10000.000000 9999.000000 9999.000000
57.000000 7.000000 1.000000 10000.000000 10000.000000 10000.000000 10000.000000
57.000000 8.000000 1.000000 10000.000000 10000.000000 10000.000000 10000.000000
57.000000 9.000000 1.000000 10000.000000 10000.000000 10000.000000 10000.000000
57.000000 10.000000 1.000000 10000.000000 10000.000000 10000.000000 10000.000000
57.000000 11.000000 1.000000 10000.000000 10000.000000 10000.000000 10000.000000
57.000000 12.000000 1.000000 10000.000000 10000.000000 10000.000000 10000.000000
57.000000 13.000000 1.000000 10000.000000 10000.000000 10000.000000 10000.000000
57.000000 14.000000 1.000000 10000.000000 10000.000000 10000.000000 10000.000000
57.000000 15.000000 1.000000 10000.000000 10000.000000 10000.000000 10000.000000
57.000000 16.000000 1.000000 10000.000000 10000.000000 10000.000000 10000.000000
57.000000 17.000000 1.000000 10000.000000 10000.000000 10000.000000 10000.000000
57.000000 18.000000 1.000000 10000.000000 10000.000000 10000.000000 10000.000000
57.000000 19.000000 1.000000 10000.000000 10000.000000 10000.000000 10000.000000
57.000000 20.000000 1.000000 10000.000000 10000.000000 10000.000000 10000.000000
57.000000 21.000000 1.000000 10000.000000 10000.000000 10000.000000 10000.000000
57.000000 22.000000 1.000000 10000.000000 10000.000000 10000.000000 10000.000000
57.000000 23.000000 1.000000 10000.000000 10000.000000 10000.000000 10000.000000
57.000000 24.000000 1.000000 10000.000000 10000.000000 10000.000000 10000.000000
57.000000 25.000000 1.000000 10000.000000 10000.000000 10000.000000 10000.000000
57.000000 26.000000 1.000000 10000.000000 10000.000000 10000.000000 10000.000000
57.000000 27.000000 1.000000 10000.000000 10000.000000 10000.000000 10000.000000
57.000000 28.000000 1.000000 10000.000000 10000.000000 10000.000000 10000.000000
57.000000 29.000000 1.000000 10000.000000 10000.000000 10000.000000 10000.000000
57.000000 30.000000 1.000000 10000.000000 10000.000000 10000.000000 10000.000000
57.000000 31.000000 1.000000 10000.000000 10000.000000 10000.000000 10000.000000
57.000000 32.000000 1.000000 10000.000000 10000.000000 10000.000000 10000.000000
57.000000 33.000000 1.000000 10000.000000 10000.000000 10000.000000 10000.000000
57.000000 34.000000 1.000000 10000.000000 10000.000000 10000.000000 10000.000000
57.000000 35.000000 1.000000 10000.000000 10000.000000 10000.000000 10000.000000
57.000000 36.000000 1.000000 10000.000000 10000.000000 10000.000000 10000.000000
57.000000 37.000000 1.000000 10000.000000 10000.000000 10000.000000 10000.000000
57.000000 38.000000 1.000000 10000.000000 10000.000000 10000.000000 10000.000000
57.000000 39.000000 1.000000 10000.000000 10000.000000 10000.000000 10000.000000
57.000000 40.000000 1.000000 10000.000000 10000.000000 10000.000000 10000.000000
57.000000 41.000000 1.000000 10000.000000 10000.000000 10000.000000 10000.000000
57.000000 42.000000 1.000000 10000.000000 10000.000000 10000.000000 10000.000000
57.000000 43.000000 1.000000 10000.000000 10000.000000 10000.000000 10000.000000
57.000000 44.000000 1.000000 10000.000000 10000.000000 10000.000000 10000.000000
57.000000 45.000000 1.000000 10000.000000 10000.000000 10000.000000 10000.000000
57.000000 46.000000 1.000000 10000.000000 10000.000000 10000.000000 10000.000000
57.000000 47.000000 1.000000 10000.000000 10000.000000 10000.000000 10000.000000
57.000000 48.000000 1.000000 10000.000000 10000.000000 10000.000000 10000.000000
57.000000 49.000000 1.000000 10000.000000 10000.000000 10000.000000 10000.000000
58.000000 0.000000 1.000000 10000.000000 10000.000000 10000.000000 10000.000000
58.000000 1.000000 1.000000 10000.000000 10000.000000 10000.000000 10000.000000
58.000000 2.000000 1.000000 10000.000000 10000.000000 10000.000000 10000.000000
58.000000 3.000000 1.000000 9998.000000 10000.000000 9998.000000 9998.000000
58.000000 4.000000 1.000000 9998.000000 10000.000000 9998.000000 9998.000000
58.000000 5.000000 1.000000 9998.000000 10000.000000 9998.000000 9998.000000
58.000000 6.000000 1.000000 9996.000000 10000.000000 9996.000000 9996.000000
58.000000 7.000000 1.000000 9987.000000 10000.000000 9987.000000 9987.000000
58.000000 8.000000 1.000000 9976.000000 10000.000000 9976.000000 9976.000000
58.000000 9.000000 1.000000 9967.000000 10000.000000 9967.000000 9967.000000
58.000000 10.000000 1.000000 9947.000000 10000.000000 9947.000000 9947.000000
58.000000 11.000000 1.000000 9916.000000 10000.000000 9916.000000 9916.000000
58.000000 12.000000 1.000000 9882.000000 10000.000000 9882.000000 9882.000000
58.000000 13.000000 1.000000 9849.000000 10000.000000 9849.000000 9849.000000
58.000000 14.000000 1.000000 9800.000000 10000.000000 9800.000000 9800.000000
58.000000 15.000000 1.000000 9724.000000 10000.000000 9724.000000 9724.000000
58.000000 16.000000 1.000000 9667.000000 10000.000000 9667.000000 9667.000000
58.000000 17.000000 1.000000 9555.000000 10000.000000 9555.000000 9555.000000
58.000000 18.000000 1.000000 9458.000000 10000.000000 9458.000000 9458.000000
58.000000 19.000000 1.000000 9348.000000 10000.000000 9348.000000 9348.000000
58.000000 20.000000 1.000000 9268.000000 10000.000000 9268.000000 9268.000000
58.000000 21.000000 1.000000 9166.000000 10000.000000 9166.000000 9166.000000
58.000000 22.000000 1.000000 9158.000000 10000.000000 9158.000000 9158.000000
58.000000 23.000000 1.000000 9141.000000 10000.000000 9141.000000 9141.000000
58.000000 24.000000 1.000000 9170.000000 10000.000000 9170.000000 9170.000000
58.000000 25.000000 1.000000 9284.000000 10000.000000 9284.000000 9284.000000
58.000000 26.000000 1.000000 9377.000000 10000.000000 9377.000000 9377.000000
58.000000 27.000000 1.000000 9475.000000 10000.000000 9475.000000 9475.000000
58.000000 28.000000 1.000000 9581.000000 10000.000000 9581.000000 9581.000000
58.000000 29.000000 1.000000 9632.000000 10000.000000 9632.000000 9632.000000
58.000000 30.000000 1.000000 9679.000000 10000.000000 9679.000000 9679.000000
58.000000 31.000000 1.000000 9731.000000 10000.000000 9731.000000 9731.000000
58.000000 32.000000 1.000000 9770.000000 10000.000000 9770.000000 9770.000000
58.000000 33.000000 1.000000 9832.000000 10000.000000 9832.000000 9832.000000
58.000000 34.000000 1.000000 9875.000000 10000.000000 9875.000000 9875.000000
58.000000 35.000000 1.000000 9903.000000 10000.000000 9903.000000 9903.000000
58.000000 36.000000 1.000000 9914.000000 10000.000000 9914.000000 9914.000000
58.000000 37.000000 1.000000 9929.000000 10000.000000 9929.000000 9929.000000
58.000000 38.000000 1.000000 9936.000000 10000.000000 9936.000000 9936.000000
58.000000 39.000000 1.000000 9934.000000 10000.000000 9934.000000 9934.000000
58.000000 40.000000 1.000000 9945.000000 10000.000000 9945.000000 9945.000000
58.000000 41.000000 1.000000 9951.000000 10000.000000 9951.000000 9951.000000
58.000000 42.000000 1.000000 9957.000000 10000.000000 9957.000000 9957.000000
58.000000 43.000000 1.000000 9963.000000 10000.000000 9963.000000 9963.000000
58.000000 44.000000 1.000000 9971.000000 10000.000000 9971.000000 9971.000000
58.000000 45.000000 1.000000 9976.000000 10000.000000 9976.000000 9976.000000
58.000000 46.000000 1.000000 9984.000000 10000.000000 9984.000000 9984.000000
58.000000 47.000000 1.000000 9989.000000 10000.000000 9989.000000 9989.000000
58.000000 48.000000 1.000000 9994.000000 10000.000000 9994.000000 9994.000000
58.000000 49.000000 1.000000 9997.000000 10000.000000 9997.000000 9997.000000
59.000000 0.000000 1.000000 10000.000000 10000.000000 10000.000000 10000.000000
59.000000 1.000000 1.000000 10000.000000 10000.000000 10000.000000 10000.000000
59.000000 2.000000 1.000000 10000.000000 10000.000000 10000.000000 10000.000000
59.000000 3.000000 1.000000 9999.000000 10000.000000 9999.000000 9999.000000
59.000000 4.000000 1.000000 9999.000000 10000.000000 9999.000000 9999.000000
59.000000 5.000000 1.000000 9999.000000 10000.000000 9999.000000 9999.000000
59.000000 6.000000 1.000000 9999.000000 10000.000000 9999.000000 9999.000000
59.000000 7.000000 1.000000 9999.000000 10000.000000 9999.000000 9999.000000
59.000000 8.000000 1.000000 10000.000000 10000.000000 10000.000000 10000.000000
59.000000 9.000000 1.000000 10000.000000 10000.000000 10000.000000 10000.000000
59.000000 10.000000 1.000000 10000.000000 10000.000000 10000.000000 10000.000000
59.000000 11.000000 1.000000 10000.000000 10000.000000 10000.000000 10000.000000
59.000000 12.000000 1.000000 10000.000000 10000.000000 10000.000000 10000.000000
59.000000 13.000000 1.000000 10000.000000 10000.000000 10000.000000 10000.000000
59.000000 14.000000 1.000000 10000.000000 10000.000000 10000.000000 10000.000000
59.000000 15.000000 1.000000 10000.000000 10000.000000 10000.000000 10000.000000
59.000000 16.000000 1.000000 10000.000000 10000.000000 10000.000000 10000.000000
59.000000 17.000000 1.000000 10000.000000 10000.000000 10000.000000 10000.000000
59.000000 18.000000 1.000000 10000.000000 10000.000000 10000.000000 10000.000000
59.000000 19.000000 1.000000 10000.000000 10000.000000 10000.000000 10000.000000
59.000000 20.000000 1.000000 10000.000000 10000.000000 10000.000000 10000.000000
59.000000 21.000000 1.000000 10000.000000 10000.000000 10000.000000 10000.000000
59.000000 22.000000 1.000000 10000.000000 10000.000000 10000.000000 10000.000000
59.000000 23.000000 1.000000 10000.000000 10000.000000 10000.000000 10000.000000
59.000000 24.000000 1.000000 10000.000000 10000.000000 10000.000000 10000.000000
59.000000 25.000000 1.000000 10000.000000 10000.000000 10000.000000 10000.000000
59.000000 26.000000 1.000000 10000.000000 10000.000000 10000.000000 10000.000000
59.000000 27.000000 1.000000 10000.000000 10000.000000 10000.000000 10000.000000
59.000000 28.000000 1.000000 10000.000000 10000.000000 10000.000000 10000.000000
59.000000 29.000000 1.000000 10000.000000 10000.000000 10000.000000 10000.000000
59.000000 30.000000 1.000000 10000.000000 10000.000000 10000.000000 10000.000000
59.000000 31.000000 1.000000 10000.000000 10000.000000 10000.000000 10000.000000
59.000000 32.000000 1.000000 10000.000000 10000.000000 10000.000000 10000.000000
59.000000 33.000000 1.000000 10000.000000 10000.000000 10000.000000 10000.000000
59.000000 34.000000 1.000000 10000.000000 10000.000000 10000.000000 10000.000000
59.000000 35.000000 1.000000 10000.000000 10000.000000 10000.000000 10000.000000
59.000000 36.000000 1.000000 10000.000000 10000.000000 10000.000000 10000.000000
59.000000 37.000000 1.000000 10000.000000 10000.000000 10000.000000 10000.000000
59.000000 38.000000 1.000000 10000.000000 10000.000000 10000.000000 10000.000000
59.000000 39.000000 1.000000 10000.000000 10000.000000 10000.000000 10000.000000
59.000000 40.000000 1.000000 10000.000000 10000.000000 10000.000000 10000.000000
59.000000 41.000000 1.000000 10000.000000 10000.000000 10000.000000 10000.000000
59.000000 42.000000 1.000000 10000.000000 10000.000000 10000.000000 10000.000000
59.000000 43.000000 1.000000 10000.000000 10000.000000 10000.000000 10000.000000
59.000000 44.000000 1.000000 10000.000000 10000.000000 10000.000000 10000.000000
59.000000 45.000000 1.000000 10000.000000 10000.000000 10000.000000 10000.000000
59.000000 46.000000 1.000000 10000.000000 10000.000000 10000.000000 10000.000000
59.000000 47.000000 1.000000 10000.000000 10000.000000 10000.000000 10000.000000
59.000000 48.000000 1.000000 10000.000000 10000.000000 10000.000000 10000.000000
59.000000 49.000000 1.000000 10000.000000 10000.000000 10000.000000 10000.000000
60.000000 0.000000 1.000000 10000.000000 10000.000000 10000.000000 10000.000000
60.000000 1.000000 1.000000 10000.000000 10000.000000 10000.000000 10000.000000
60.000000 2.000000 1.000000 10000.000000 10000.000000 10000.000000 10000.000000
60.000000 3.000000 1.000000 9999.000000 10000.000000 9999.000000 9999.000000
60.000000 4.000000 1.000000 9999.000000 10000.000000 9999.000000 9999.000000
60.000000 5.000000 1.000000 9999.000000 10000.000000 9999.000000 9999.000000
60.000000 6.000000 1.000000 9999.000000 10000.000000 9999.000000 9999.000000
60.000000 7.000000 1.000000 9999.000000 10000.000000 9999.000000 9999.000000
60.000000 8.000000 1.000000 10000.000000 10000.000000 10000.000000 10000.000000
60.000000 9.000000 1.000000 10000.000000 10000.000000 10000.000000 10000.000000
60.000000 10.000000 1.000000 10000.000000 10000.000000 10000.000000 10000.000000
60.000000 11.000000 1.000000 10000.000000 10000.000000 10000.000000 10000.000000
60.000000 12.000000 1.000000 10000.000000 10000.000000 10000.000000 10000.000000
60.000000 13.000000 1.000000 10000.000000 10000.000000 10000.000000 10000.000000
60.000000 14.000000 1.000000 10000.000000 10000.000000 10000.000000 10000.000000
60.000000 15.000000 1.000000 10000.000000 10000.000000 10000.000000 10000.000000
60.000000 16.000000 1.000000 10000.000000 10000.000000 10000.000000 10000.000000
60.000000 17.000000 1.000000 10000.000000 10000.000000 10000.000000 10000.000000
60.000000 18.000000 1.000000 10000.000000 10000.000000 10000.000000 10000.000000
60.000000 19.000000 1.000000 10000.000000 10000.000000 10000.000000 10000.000000
60.000000 20.000000 1.000000 10000.000000 10000.000000 10000.000000 10000.000000
60.000000 21.000000 1.000000 10000.000000 10000.000000 10000.000000 10000.000000
60.000000 22.000000 1.000000 10000.000000 10000.000000 10000.000000 10000.000000
60.000000 23.000000 1.000000 10000.000000 10000.000000 10000.000000 10000.000000
60.000000 24.000000 1.000000 10000.000000 10000.000000 10000.000000 10000.000000
60.000000 25.000000 1.000000 10000.000000 10000.000000 10000.000000 10000.000000
60.000000 26.000000 1.000000 10000.000000 10000.000000 10000.000000 10000.000000
60.000000 27.000000 1.000000 10000.000000 10000.000000 10000.000000 10000.000000
60.000000 28.000000 1.000000 10000.000000 10000.000000 10000.000000 10000.000000
60.000000 29.000000 1.000000 10000.000000 10000.000000 10000.000000 10000.000000
60.000000 30.000000 1.000000 10000.000000 10000.000000 10000.000000 10000.000000
60.000000 31.000000 1.000000 10000.000000 10000.000000 10000.000000 10000.000000
60.000000 32.000000 1.000000 10000.000000 10000.000000 10000.000000 10000.000000
60.000000 33.000000 1.000000 10000.000000 10000.000000 10000.000000 10000.000000
60.000000 34.000000 1.000000 10000.000000 10000.000000 10000.000000 10000.000000
60.000000 35.000000 1.000000 10000.000000 10000.000000 10000.000000 10000.000000
60.000000 36.000000 1.000000 10000.000000 10000.000000 10000.000000 10000.000000
60.000000 37.000000 1.000000 10000.000000 10000.000000 10000.000000 10000.000000
60.000000 38.000000 1.000000 10000.000000 10000.000000 10000.000000 10000.000000
60.000000 39.000000 1.000000 10000.000000 10000.000000 10000.000000 10000.000000
60.000000 40.000000 1.000000 10000.000000 10000.000000 10000.000000 10000.000000
60.000000 41.000000 1.000000 10000.000000 10000.000000 10000.000000 10000.000000
60.000000 42.000000 1.000000 10000.000000 10000.000000 10000.000000 10000.000000
60.000000 43.000000 1.000000 10000.000000 10000.000000 10000.000000 10000.000000
60.000000 44.000000 1.000000 10000.000000 10000.000000 10000.000000 10000.000000
60.000000 45.000000 1.000000 10000.000000 10000.000000 10000.000000 10000.000000
60.000000 46.000000 1.000000 10000.000000 10000.000000 10000.000000 10000.000000
60.000000 47.000000 1.000000 10000.000000 10000.000000 10000.000000 10000.000000
60.000000 48.000000 1.000000 10000.000000 10000.000000 10000.000000 10000.000000
60.000000 49.000000 1.000000 10000.000000 10000.000000 10000.000000 10000.000000
61.000000 0.000000 1.000000 10000.000000 10000.000000 10000.000000 10000.000000
61.000000 1.000000 1.000000 9999.000000 10000.000000 9999.000000 9999.000000
61.000000 2.000000 1.000000 9999.000000 10000.000000 9999.000000 9999.000000
61.000000 3.000000 1.000000 9999.000000 10000.000000 9999.000000 9999.000000
61.000000 4.000000 1.000000 9999.000000 10000.000000 9999.000000 9999.000000
61.000000 5.000000 1.000000 9999.000000 10000.000000 9999.000000 9999.000000
61.000000 6.000000 1.000000 10000.000000 10000.000000 10000.000000 10000.000000
61.000000 7.000000 1.000000 10000.000000 10000.000000 10000.000000 10000.000000
61.000000 8.000000 1.000000 10000.000000 10000.000000 10000.000000 10000.000000
61.000000 9.000000 1.000000 10000.000000 10000.000000 10000.000000 10000.000000
61.000000 10.000000 1.000000 10000.000000 10000.000000 10000.000000 10000.000000
61.000000 11.000000 1.000000 10000.000000 10000.000000 10000.000000 10000.000000
61.000000 12.000000 1.000000 10000.000000 10000.000000 10000.000000 10000.000000
61.000000 13.000000 1.000000 10000.000000 10000.000000 10000.000000 10000.000000
61.000000 14.000000 1.000000 10000.000000 10000.000000 10000.000000 10000.000000
61.000000 15.000000 1.000000 10000.000000 10000.000000 10000.000000 10000.000000
61.000000 16.000000 1.000000 10000.000000 10000.000000 10000.000000 10000.000000
61.000000 17.000000 1.000000 10000.000000 10000.000000 10000.000000 10000.000000
61.000000 18.000000 1.000000 10000.000000 10000.000000 10000.000000 10000.000000
61.000000 19.000000 1.000000 10000.000000 10000.000000 10000.000000 10000.000000
61.000000 20.000000 1.000000 10000.000000 10000.000000 10000.000000 10000.000000
61.000000 21.000000 1.000000 10000.000000 10000.000000 10000.000000 10000.000000
61.000000 22.000000 1.000000 10000.000000 10000.000000 10000.000000 10000.000000
61.000000 23.000000 1.000000 10000.000000 10000.000000 10000.000000 10000.000000
61.000000 24.000000 1.000000 10000.000000 10000.000000 10000.000000 10000.000000
61.000000 25.000000 1.000000 10000.000000 10000.000000 10000.000000 10000.000000
61.000000 26.000000 1.000000 10000.000000 10000.000000 10000.000000 10000.000000
61.000000 27.000000 1.000000 10000.000000 10000.000000 10000.000000 10000.000000
61.000000 28.000000 1.000000 10000.000000 10000.000000 10000.000000 10000.000000
61.000000 29.000000 1.000000 10000.000000 10000.000000 10000.000000 10000.000000
61.000000 30.000000 1.000000 10000.000000 10000.000000 10000.000000 10000.000000
61.000000 31.000000 1.000000 10000.000000 10000.000000 10000.000000 10000.000000
61.000000 32.000000 1.000000 10000.000000 10000.000000 10000.000000 10000.000000
61.000000 33.000000 1.000000 10000.000000 10000.000000 10000.000000 10000.000000
61.000000 34.000000 1.000000 10000.000000 10000.000000 10000.000000 10000.000000
61.000000 35.000000 1.000000 10000.000000 10000.000000 10000.000000 10000.000000
61.000000 36.000000 1.000000 10000.000000 10000.000000 10000.000000 10000.000000
61.000000 37.000000 1.000000 10000.000000 10000.000000 10000.000000 10000.000000
61.000000 38.000000 1.000000 10000.000000 10000.000000 10000.000000 10000.000000
61.000000 39.000000 1.000000 10000.000000 10000.000000 10000.000000 10000.000000
61.000000 40.000000 1.000000 10000.000000 10000.000000 10000.000000 10000.000000
61.000000 41.000000 1.000000 10000.000000 10000.000000 10000.000000 10000.000000
61.000000 42.000000 1.000000 10000.000000 10000.000000 10000.000000 10000.000000
61.000000 43.000000 1.000000 10000.000000 10000.000000 10000.000000 10000.000000
61.000000 44.000000 1.000000 10000.000000 10000.000000 10000.000000 10000.000000
61.000000 45.000000 1.000000 10000.000000 10000.000000 10000.000000 10000.000000
61.000000 46.000000 1.000000 10000.000000 10000.000000 10000.000000 10000.000000
61.000000 47.000000 1.000000 10000.000000 10000.000000 10000.000000 10000.000000
61.000000 48.000000 1.000000 10000.000000 10000.000000 10000.000000 10000.000000
61.000000 49.000000 1.000000 10000.000000 10000.000000 10000.000000 10000.000000
62.000000 0.000000 1.000000 10000.000000 10000.000000 10000.000000 10000.000000
62.000000 1.000000 1.000000 10000.000000 10000.000000 10000.000000 10000.000000
62.000000 2.000000 1.000000 10000.000000 10000.000000 10000.000000 10000.000000
62.000000 3.000000 1.000000 9999.000000 10000.000000 9999.000000 9999.000000
62.000000 4.000000 1.000000 9999.000000 10000.000000 9999.000000 9999.000000
62.000000 5.000000 1.000000 9998.000000 10000.000000 9998.000000 9998.000000
62.000000 6.000000 1.000000 9998.000000 10000.000000 9998.000000 9998.000000
62.000000 7.000000 1.000000 9998.000000 10000.000000 9998.000000 9998.000000
62.000000 8.000000 1.000000 9999.000000 10000.000000 9999.000000 9999.000000
62.000000 9.000000 1.000000 9999.000000 10000.000000 9999.000000 9999.000000
62.000000 10.000000 1.000000 10000.000000 10000.000000 10000.000000 10000.000000
62.000000 11.000000 1.000000 10000.000000 10000.000000 10000.000000 10000.000000
62.000000 12.000000 1.000000 10000.000000 10000.000000 10000.000000 10000.000000
62.000000 13.000000 1.000000 10000.000000 10000.000000 10000.000000 10000.000000
62.000000 14.000000 1.000000 10000.000000 10000.000000 10000.000000 10000.000000
62.000000 15.000000 1.000000 10000.000000 10000.000000 10000.000000 10000.000000
62.000000 16.000000 1.000000 10000.000000 10000.000000 10000.000000 10000.000000
62.000000 17.000000 1.000000 10000.000000 10000.000000 10000.000000 10000.000000
62.000000 18.000000 1.000000 10000.000000 10000.000000 10000.000000 10000.000000
62.000000 19.000000 1.000000 10000.000000 10000.000000 10000.000000 10000.000000
62.000000 20.000000 1.000000 10000.000000 10000.000000 10000.000000 10000.000000
62.000000 21.000000 1.000000 10000.000000 10000.000000 10000.000000 10000.000000
62.000000 22.000000 1.000000 10000.000000 10000.000000 10000.000000 10000.000000
62.000000 23.000000 1.000000 10000.000000 10000.000000 10000.000000 10000.000000
62.000000 24.000000 1.000000 10000.000000 10000.000000 10000.000000 10000.000000
62.000000 25.000000 1.000000 10000.000000 10000.000000 10000.000000 10000.000000
62.000000 26.000000 1.000000 10000.000000 10000.000000 10000.000000 10000.000000
62.000000 27.000000 1.000000 10000.000000 10000.000000 10000.000000 10000.000000
62.000000 28.000000 1.000000 10000.000000 10000.000000 10000.000000 10000.000000
62.000000 29.000000 1.000000 10000.000000 10000.000000 10000.000000 10000.000000
62.000000 30.000000 1.000000 10000.000000 10000.000000 10000.000000 10000.000000
62.000000 31.000000 1.000000 10000.000000 10000.000000 10000.000000 10000.000000
62.000000 32.000000 1.000000 10000.000000 10000.000000 10000.000000 10000.000000
62.000000 33.000000 1.000000 10000.000000 10000.000000 10000.000000 10000.000000
62.000000 34.000000 1.000000 10000.000000 10000.000000 10000.000000 10000.000000
62.000000 35.000000 1.000000 10000.000000 10000.000000 10000.000000 10000.000000
62.000000 36.000000 1.000000 10000.000000 10000.000000 10000.000000 10000.000000
62.000000 37.000000 1.000000 10000.000000 10000.000000 10000.000000 10000.000000
62.000000 38.000000 1.000000 10000.000000 10000.000000 10000.000000 10000.000000
62.000000 39.000000 1.000000 10000.000000 10000.000000 10000.000000 10000.000000
62.000000 40.000000 1.000000 10000.000000 10000.000000 10000.000000 10000.000000
62.000000 41.000000 1.000000 10000.000000 10000.000000 10000.000000 10000.000000
62.000000 42.000000 1.000000 10000.000000 10000.000000 10000.000000 10000.000000
62.000000 43.000000 1.000000 10000.000000 10000.000000 10000.000000 10000.000000
62.000000 44.000000 1.000000 10000.000000 10000.000000 10000.000000 10000.000000
62.000000 45.000000 1.000000 10000.000000 10000.000000 10000.000000 10000.000000
62.000000 46.000000 1.000000 10000.000000 10000.000000 10000.000000 10000.000000
62.000000 47.000000 1.000000 10000.000000 10000.000000 10000.000000 10000.000000
62.000000 48.000000 1.000000 10000.000000 10000.000000 10000.000000 10000.000000
62.000000 49.000000 1.000000 10000.000000 10000.000000 10000.000000 10000.000000
63.000000 0.000000 1.000000 10000.000000 10000.000000 10000.000000 10000.000000
63.000000 1.000000 1.000000 10000.000000 10000.000000 10000.000000 10000.000000
63.000000 2.000000 1.000000 9999.000000 10000.000000 9999.000000 9999.000000
63.000000 3.000000 1.000000 9999.000000 10000.000000 9999.000000 9999.000000
63.000000 4.000000 1.000000 9999.000000 10000.000000 9999.000000 9999.000000
63.000000 5.000000 1.000000 9999.000000 10000.000000 9999.000000 9999.000000
63.000000 6.000000 1.000000 9999.000000 10000.000000 9999.000000 9999.000000
63.000000 7.000000 1.000000 10000.000000 10000.000000 10000.000000 10000.000000
63.000000 8.000000 1.000000 10000.000000 10000.000000 10000.000000 10000.000000
63.000000 9.000000 1.000000 10000.000000 10000.000000 10000.000000 10000.000000
63.000000 10.000000 1.000000 10000.000000 10000.000000 10000.000000 10000.000000
63.000000 11.000000 1.000000 10000.000000 10000.000000 10000.000000 10000.000000
63.000000 12.000000 1.000000 10000.000000 10000.000000 10000.000000 10000.000000
63.000000 13.000000 1.000000 10000.000000 10000.000000 10000.000000 10000.000000
63.000000 14.000000 1.000000 10000.000000 10000.000000 10000.000000 10000.000000
63.000000 15.000000 1.000000 10000.000000 10000.000000 10000.000000 10000.000000
63.000000 16.000000 1.000000 10000.000000 10000.000000 10000.000000 10000.000000
63.000000 17.000000 1.000000 10000.000000 10000.000000 10000.000000 10000.000000
63.000000 18.000000 1.000000 10000.000000 10000.000000 10000.000000 10000.000000
63.000000 19.000000 1.000000 10000.000000 10000.000000 10000.000000 10000.000000
63.000000 20.000000 1.000000 10000.000000 10000.000000 10000.000000 10000.000000
63.000000 21.000000 1.000000 10000.000000 10000.000000 10000.000000 10000.000000
63.000000 22.000000 1.000000 10000.000000 10000.000000 10000.000000 10000.000000
63.000000 23.000000 1.000000 10000.000000 10000.000000 10000.000000 10000.000000
63.000000 24.000000 1.000000 10000.000000 10000.000000 10000.000000 10000.000000
63.000000 25.000000 1.000000 10000.000000 10000.000000 10000.000000 10000.000000
63.000000 26.000000 1.000000 10000.000000 10000.000000 10000.000000 10000.000000
63.000000 27.000000 1.000000 10000.000000 10000.000000 10000.000000 10000.000000
63.000000 28.000000 1.000000 10000.000000 10000.000000 10000.000000 10000.000000
63.000000 29.000000 1.000000 10000.000000 10000.000000 10000.000000 10000.000000
63.000000 30.000000 1.000000 10000.000000 10000.000000 10000.000000 10000.000000
63.000000 31.000000 1.000000 10000.000000 10000.000000 10000.000000 10000.000000
63.000000 32.000000 1.000000 10000.000000 10000.000000 10000.000000 10000.000000
63.000000 33.000000 1.000000 10000.000000 10000.000000 10000.000000 10000.000000
63.000000 34.000000 1.000000 10000.000000 10000.000000 10000.000000 10000.000000
63.000000 35.000000 1.000000 10000.000000 10000.000000 10000.000000 10000.000000
63.000000 36.000000 1.000000 10000.000000 10000.000000 10000.000000 10000.000000
63.000000 37.000000 1.000000 10000.000000 10000.000000 10000.000000 10000.000000
63.000000 38.000000 1.000000 10000.000000 10000.000000 10000.000000 10000.000000
63.000000 39.000000 1.000000 10000.000000 10000.000000 10000.000000 10000.000000
63.000000 40.000000 1.000000 10000.000000 10000.000000 10000.000000 10000.000000
63.000000 41.000000 1.000000 10000.000000 10000.000000 10000.000000 10000.000000
63.000000 42.000000 1.000000 10000.000000 10000.000000 10000.000000 10000.000000
63.000000 43.000000 1.000000 10000.000000 10000.000000 10000.000000 10000.000000
63.000000 44.000000 1.000000 10000.000000 10000.000000 10000.000000 10000.000000
63.000000 45.000000 1.000000 10000.000000 10000.000000 10000.000000 10000.000000
63.000000 46.000000 1.000000 10000.000000 10000.000000 10000.000000 10000.000000
63.000000 47.000000 1.000000 10000.000000 10000.000000 10000.000000 10000.000000
63.000000 48.000000 1.000000 10000.000000 10000.000000 10000.000000 10000.000000
63.000000 49.000000 1.000000 10000.000000 10000.000000 10000.000000 10000.000000
64.000000 0.000000 1.000000 10000.000000 10000.000000 10000.000000 10000.000000
64.000000 1.000000 1.000000 10000.000000 10000.000000 10000.000000 10000.000000
64.000000 2.000000 1.000000 10000.000000 10000.000000 10000.000000 10000.000000
64.000000 3.000000 1.000000 9999.000000 10000.000000 9999.000000 9999.000000
64.000000 4.000000 1.000000 9998.000000 10000.000000 9998.000000 9998.000000
64.000000 5.000000 1.000000 9997.000000 10000.000000 9997.000000 9997.000000
64.000000 6.000000 1.000000 9997.000000 10000.000000 9997.000000 9997.000000
64.000000 7.000000 1.000000 9990.000000 10000.000000 9990.000000 9990.000000
64.000000 8.000000 1.000000 9973.000000 10000.000000 9973.000000 9973.000000
64.000000 9.000000 1.000000 9950.000000 10000.000000 9950.000000 9950.000000
64.000000 10.000000 1.000000 9921.000000 10000.000000 9921.000000 9921.000000
64.000000 11.000000 1.000000 9869.000000 10000.000000 9869.000000 9869.000000
64.000000 12.000000 1.000000 9830.000000 10000.000000 9830.000000 9830.000000
64.000000 13.000000 1.000000 9780.000000 10000.000000 9780.000000 9780.000000
64.000000 14.000000 1.000000 9715.000000 10000.000000 9715.000000 9715.000000
64.000000 15.000000 1.000000 9622.000000 10000.000000 9622.000000 9622.000000
64.000000 16.000000 1.000000 9541.000000 10000.000000 9541.000000 9541.000000
64.000000 17.000000 1.000000 9425.000000 10000.000000 9425.000000 9425.000000
64.000000 18.000000 1.000000 9310.000000 10000.000000 9310.000000 9310.000000
64.000000 19.000000 1.000000 9219.000000 10000.000000 9219.000000 9219.000000
64.000000 20.000000 1.000000 9173.000000 10000.000000 9173.000000 9173.000000
64.000000 21.000000 1.000000 9133.000000 10000.000000 9133.000000 9133.000000
64.000000 22.000000 1.000000 9115.000000 10000.000000 9115.000000 9115.000000
64.000000 23.000000 1.000000 9118.000000 10000.000000 9118.000000 9118.000000
64.000000 24.000000 1.000000 9182.000000 10000.000000 9182.000000 9182.000000
64.000000 25.000000 1.000000 9249.000000 10000.000000 9249.000000 9249.000000
64.000000 26.000000 1.000000 9337.000000 10000.000000 9337.000000 9337.000000
64.000000 27.000000 1.000000 9432.000000 10000.000000 9432.000000 9432.000000
64.000000 28.000000 1.000000 9559.000000 10000.000000 9559.000000 9559.000000
64.000000 29.000000 1.000000 9606.000000 10000.000000 9606.000000 9606.000000
64.000000 30.000000 1.000000 9675.000000 10000.000000 9675.000000 9675.000000
64.000000 31.000000 1.000000 9724.000000 10000.000000 9724.000000 9724.000000
64.000000 32.000000 1.000000 9780.000000 10000.000000 9780.000000 9780.000000
64.000000 33.000000 1.000000 9795.000000 10000.000000 9795.000000 9795.000000
64.000000 34.000000 1.000000 9827.000000 10000.000000 9827.000000 9827.000000
64.000000 35.000000 1.000000 9852.000000 10000.000000 9852.000000 9852.000000
64.000000 36.000000 1.000000 9860.000000 10000.000000 9860.000000 9860.000000
64.000000 37.000000 1.000000 9866.000000 10000.000000 9866.000000 9866.000000
64.000000 38.000000 1.000000 9880.000000 10000.000000 9880.000000 9880.000000
64.000000 39.000000 1.000000 9897.000000 10000.000000 9897.000000 9897.000000
64.000000 40.000000 1.000000 9905.000000 10000.000000 9905.000000 9905.000000
64.000000 41.000000 1.000000 9914.000000 10000.000000 9914.000000 9914.000000
64.000000 42.000000 1.000000 9932.000000 10000.000000 9932.000000 9932.000000
64.000000 43.000000 1.000000 9946.000000 10000.000000 9946.000000 9946.000000
64.000000 44.000000 1.000000 9960.000000 10000.000000 9960.000000 9960.000000
64.000000 45.000000 1.000000 9968.000000 10000.000000 9968.000000 9968.000000
64.000000 46.000000 1.000000 9977.000000 10000.000000 9977.000000 9977.000000
64.000000 47.000000 1.000000 9986.000000 10000.000000 9986.000000 9986.000000
64.000000 48.000000 1.000000 9989.000000 10000.000000 9989.000000 9989.000000
64.000000 49.000000 1.000000 9994.000000 10000.000000 9994.000000 9994.000000
65.000000 0.000000 1.000000 10000.000000 10000.000000 10000.000000 10000.000000
65.000000 1.000000 1.000000 10000.000000 10000.000000 10000.000000 10000.000000
65.000000 2.000000 1.000000 10000.000000 10000.000000 10000.000000 10000.000000
65.000000 3.000000 1.000000 9998.000000 10000.000000 9998.000000 9998.000000
65.000000 4.000000 1.000000 9998.000000 10000.000000 9998.000000 9998.000000
65.000000 5.000000 1.000000 9997.000000 10000.000000 9997.000000 9997.000000
65.000000 6.000000 1.000000 9993.000000 10000.000000 9993.000000 9993.000000
65.000000 7.000000 1.000000 9980.000000 10000.000000 9980.000000 9980.000000
65.000000 8.000000 1.000000 9971.000000 10000.000000 9971.000000 9971.000000
65.000000 9.000000 1.000000 9958.000000 10000.000000 9958.000000 9958.000000
65.000000 10.000000 1.000000 9946.000000 10000.000000 9946.000000 9946.000000
65.000000 11.000000 1.000000 9922.000000 10000.000000 9922.000000 9922.000000
65.000000 12.000000 1.000000 9917.000000 10000.000000 9917.000000 9917.000000
65.000000 13.000000 1.000000 9862.000000 10000.000000 9862.000000 9862.000000
65.000000 14.000000 1.000000 9722.000000 10000.000000 9722.000000 9722.000000
65.000000 15.000000 1.000000 9600.000000 10000.000000 9600.000000 9600.000000
65.000000 16.000000 1.000000 9414.000000 10000.000000 9414.000000 9414.000000
65.000000 17.000000 1.000000 9233.000000 10000.000000 9233.000000 9233.000000
65.000000 18.000000 1.000000 9036.000000 10000.000000 9036.000000 9036.000000
65.000000 19.000000 1.000000 8904.000000 10000.000000 8904.000000 8904.000000
65.000000 20.000000 1.000000 8803.000000 10000.000000 8803.000000 8803.000000
65.000000 21.000000 1.000000 8792.000000 10000.000000 8792.000000 8792.000000
65.000000 22.000000 1.000000 8815.000000 10000.000000 8815.000000 8815.000000
65.000000 23.000000 1.000000 8933.000000 10000.000000 8933.000000 8933.000000
65.000000 24.000000 1.000000 9127.000000 10000.000000 9127.000000 9127.000000
65.000000 25.000000 1.000000 9276.000000 10000.000000 9276.000000 9276.000000
65.000000 26.000000 1.000000 9442.000000 10000.000000 9442.000000 9442.000000
65.000000 27.000000 1.000000 9574.000000 10000.000000 9574.000000 9574.000000
65.000000 28.000000 1.000000 9683.000000 10000.000000 9683.000000 9683.000000
65.000000 29.000000 1.000000 9764.000000 10000.000000 9764.000000 9764.000000
65.000000 30.000000 1.000000 9827.000000 10000.000000 9827.000000 9827.000000
65.000000 31.000000 1.000000 9883.000000 10000.000000 9883.000000 9883.000000
65.000000 32.000000 1.000000 9922.000000 10000.000000 9922.000000 9922.000000
65.000000 33.000000 1.000000 9943.000000 10000.000000 9943.000000 9943.000000
65.000000 34.000000 1.000000 9963.000000 10000.000000 9963.000000 9963.000000
65.000000 35.000000 1.000000 9972.000000 10000.000000 9972.000000 9972.000000
65.000000 36.000000 1.000000 9976.000000 10000.000000 9976.000000 9976.000000
65.000000 37.000000 1.000000 9979.000000 10000.000000 9979.000000 9979.000000
65.000000 38.000000 1.000000 9983.000000 10000.000000 9983.000000 9983.000000
65.000000 39.000000 1.000000 9986.000000 10000.000000 9986.000000 9986.000000
65.000000 40.000000 1.000000 9992.000000 10000.000000 9992.000000 9992.000000
65.000000 41.000000 1.000000 9996.000000 10000.000000 9996.000000 9996.000000
65.000000 42.000000 1.000000 9998.000000 10000.000000 9998.000000 9998.000000
65.000000 43.000000 1.000000 10000.000000 10000.000000 10000.000000 10000.000000
65.000000 44.000000 1.000000 10000.000000 10000.000000 10000.000000 10000.000000
65.000000 45.000000 1.000000 10000.000000 10000.000000 10000.000000 10000.000000
65.000000 46.000000 1.000000 10000.000000 10000.000000 10000.000000 10000.000000
65.000000 47.000000 1.000000 10000.000000 10000.000000 10000.000000 10000.000000
65.000000 48.000000 1.000000 10000.000000 10000.000000 10000.000000 10000.000000
65.000000 49.000000 1.000000 10000.000000 10000.000000 10000.000000 10000.000000
66.000000 0.000000 1.000000 10000.000000 10000.000000 10000.000000 10000.000000
66.000000 1.000000 1.000000 10000.000000 10000.000000 10000.000000 10000.000000
66.000000 2.000000 1.000000 10000.000000 10000.000000 10000.000000 10000.000000
66.000000 3.000000 1.000000 10000.000000 10000.000000 10000.000000 10000.000000
66.000000 4.000000 1.000000 9999.000000 10000.000000 9999.000000 9999.000000
66.000000 5.000000 1.000000 9999.000000 10000.000000 9999.000000 9999.000000
66.000000 6.000000 1.000000 9999.000000 10000.000000 9999.000000 9999.000000
66.000000 7.000000 1.000000 9999.000000 10000.000000 9999.000000 9999.000000
66.000000 8.000000 1.000000 9999.000000 10000.000000 9999.000000 9999.000000
66.000000 9.000000 1.000000 10000.000000 10000.000000 10000.000000 10000.000000
66.000000 10.000000 1.000000 10000.000000 10000.000000 10000.000000 10000.000000
66.000000 11.000000 1.000000 10000.000000 10000.000000 10000.000000 10000.000000
66.000000 12.000000 1.000000 10000.000000 10000.000000 10000.000000 10000.000000
66.000000 13.000000 1.000000 10000.000000 10000.000000 10000.000000 10000.000000
66.000000 14.000000 1.000000 10000.000000 10000.000000 10000.000000 10000.000000
66.000000 15.000000 1.000000 10000.000000 10000.000000 10000.000000 10000.000000
66.000000 16.000000 1.000000 10000.000000 10000.000000 10000.000000 10000.000000
66.000000 17.000000 1.000000 10000.000000 10000.000000 10000.000000 10000.000000
66.000000 18.000000 1.000000 10000.000000 10000.000000 10000.000000 10000.000000
66.000000 19.000000 1.000000 10000.000000 10000.000000 10000.000000 10000.000000
66.000000 20.000000 1.000000 10000.000000 10000.000000 10000.000000 10000.000000
66.000000 21.000000 1.000000 10000.000000 10000.000000 10000.000000 10000.000000
66.000000 22.000000 1.000000 10000.000000 10000.000000 10000.000000 10000.000000
66.000000 23.000000 1.000000 10000.000000 10000.000000 10000.000000 10000.000000
66.000000 24.000000 1.000000 10000.000000 10000.000000 10000.000000 10000.000000
66.000000 25.000000 1.000000 10000.000000 10000.000000 10000.000000 10000.000000
66.000000 26.000000 1.000000 10000.000000 10000.000000 10000.000000 10000.000000
66.000000 27.000000 1.000000 10000.000000 10000.000000 10000.000000 10000.000000
66.000000 28.000000 1.000000 10000.000000 10000.000000 10000.000000 10000.000000
66.000000 29.000000 1.000000 10000.000000 10000.000000 10000.000000 10000.000000
66.000000 30.000000 1.000000 10000.000000 10000.000000 10000.000000 10000.000000
66.000000 31.000000 1.000000 10000.000000 10000.000000 10000.000000 10000.000000
66.000000 32.000000 1.000000 10000.000000 10000.000000 10000.000000 10000.000000
66.000000 33.000000 1.000000 10000.000000 10000.000000 10000.000000 10000.000000
66.000000 34.000000 1.000000 10000.000000 10000.000000 10000.000000 10000.000000
66.000000 35.000000 1.000000 10000.000000 10000.000000 10000.000000 10000.000000
66.000000 36.000000 1.000000 10000.000000 10000.000000 10000.000000 10000.000000
66.000000 37.000000 1.000000 10000.000000 10000.000000 10000.000000 10000.000000
66.000000 38.000000 1.000000 10000.000000 10000.000000 10000.000000 10000.000000
66.000000 39.000000 1.000000 10000.000000 10000.000000 10000.000000 10000.000000
66.000000 40.000000 1.000000 10000.000000 10000.000000 10000.000000 10000.000000
66.000000 41.000000 1.000000 10000.000000 10000.000000 10000.000000 10000.000000
66.000000 42.000000 1.000000 10000.000000 10000.000000 10000.000000 10000.000000
66.000000 43.000000 1.000000 10000.000000 10000.000000 10000.000000 10000.000000
66.000000 44.000000 1.000000 10000.000000 10000.000000 10000.000000 10000.000000
66.000000 45.000000 1.000000 10000.000000 10000.000000 10000.000000 10000.000000
66.000000 46.000000 1.000000 10000.000000 10000.000000 10000.000000 10000.000000
66.000000 47.000000 1.000000 10000.000000 10000.000000 10000.000000 10000.000000
66.000000 48.000000 1.000000 10000.000000 10000.000000 10000.000000 10000.000000
66.000000 49.000000 1.000000 10000.000000 10000.000000 10000.000000 10000.000000
67.000000 0.000000 1.000000 10000.000000 10000.000000 10000.000000 10000.000000
67.000000 1.000000 1.000000 10000.000000 10000.000000 10000.000000 10000.000000
67.000000 2.000000 1.000000 9999.000000 10000.000000 9999.000000 9999.000000
67.000000 3.000000 1.000000 9998.000000 10000.000000 9998.000000 9998.000000
67.000000 4.000000 1.000000 9998.000000 10000.000000 9998.000000 9998.000000
67.000000 5.000000 1.000000 9994.000000 10000.000000 9994.000000 9994.000000
67.000000 6.000000 1.000000 9993.000000 10000.000000 9993.000000 9993.000000
67.000000 7.000000 1.000000 9991.000000 10000.000000 9991.000000 9991.000000
67.000000 8.000000 1.000000 9991.000000 10000.000000 9991.000000 9991.000000
67.000000 9.000000 1.000000 9991.000000 10000.000000 9991.000000 9991.000000
67.000000 10.000000 1.000000 9991.000000 10000.000000 9991.000000 9991.000000
67.000000 11.000000 1.000000 9988.000000 10000.000000 9988.000000 9988.000000
67.000000 12.000000 1.000000 9990.000000 10000.000000 9990.000000 9990.000000
67.000000 13.000000 1.000000 9984.000000 10000.000000 9984.000000 9984.000000
67.000000 14.000000 1.000000 9973.000000 10000.000000 9973.000000 9973.000000
67.000000 15.000000 1.000000 9964.000000 10000.000000 9964.000000 9964.000000
67.000000 16.000000 1.000000 9962.000000 10000.000000 9962.000000 9962.000000
67.000000 17.000000 1.000000 9941.000000 10000.000000 9941.000000 9941.000000
67.000000 18.000000 1.000000 9888.000000 10000.000000 9888.000000 9888.000000
67.000000 19.000000 1.000000 9794.000000 10000.000000 9794.000000 9794.000000
67.000000 20.000000 1.000000 9691.000000 10000.000000 9691.000000 9691.000000
67.000000 21.000000 1.000000 9560.000000 10000.000000 9560.000000 9560.000000
67.000000 22.000000 1.000000 9461.000000 10000.000000 9461.000000 9461.000000
67.000000 23.000000 1.000000 9380.000000 10000.000000 9380.000000 9380.000000
67.000000 24.000000 1.000000 9343.000000 10000.000000 9343.000000 9343.000000
67.000000 25.000000 1.000000 9315.000000 10000.000000 9315.000000 9315.000000
67.000000 26.000000 1.000000 9337.000000 10000.000000 9337.000000 9337.000000
67.000000 27.000000 1.000000 9343.000000 10000.000000 9343.000000 9343.000000
67.000000 28.000000 1.000000 9383.000000 10000.000000 9383.000000 9383.000000
67.000000 29.000000 1.000000 9430.000000 10000.000000 9430.000000 9430.000000
67.000000 30.000000 1.000000 9512.000000 10000.000000 9512.000000 9512.000000
67.000000 31.000000 1.000000 9550.000000 10000.000000 9550.000000 9550.000000
67.000000 32.000000 1.000000 9593.000000 10000.000000 9593.000000 9593.000000
67.000000 33.000000 1.000000 9652.000000 10000.000000 9652.000000 9652.000000
67.000000 34.000000 1.000000 9706.000000 10000.000000 9706.000000 9706.000000
67.000000 35.000000 1.000000 9741.000000 10000.000000 9741.000000 9741.000000
67.000000 36.000000 1.000000 9801.000000 10000.000000 9801.000000 9801.000000
67.000000 37.000000 1.000000 9844.000000 10000.000000 9844.000000 9844.000000
67.000000 38.000000 1.000000 9868.000000 10000.000000 9868.000000 9868.000000
67.000000 39.000000 1.000000 9892.000000 10000.000000 9892.000000 9892.000000
67.000000 40.000000 1.000000 9909.000000 10000.000000 9909.000000 9909.000000
67.000000 41.000000 1.000000 9927.000000 10000.000000 9927.000000 9927.000000
67.000000 42.000000 1.000000 9934.000000 10000.000000 9934.000000 9934.000000
67.000000 43.000000 1.000000 9942.000000 10000.000000 9942.000000 9942.000000
67.000000 44.000000 1.000000 9948.000000 10000.000000 9948.000000 9948.000000
67.000000 45.000000 1.000000 9951.000000 10000.000000 9951.000000 9951.000000
67.000000 46.000000 1.000000 9954.000000 10000.000000 9954.000000 9954.000000
67.000000 47.000000 1.000000 9959.000000 10000.000000 9959.000000 9959.000000
67.000000 48.000000 1.000000 9956.000000 10000.000000 9956.000000 9956.000000
67.000000 49.000000 1.000000 9960.000000 10000.000000 9960.000000 9960.000000
68.000000 0.000000 1.000000 10000.000000 10000.000000 10000.000000 10000.000000
68.000000 1.000000 1.000000 10000.000000 10000.000000 10000.000000 10000.000000
68.000000 2.000000 1.000000 10000.000000 10000.000000 10000.000000 10000.000000
68.000000 3.000000 1.000000 9999.000000 10000.000000 9999.000000 9999.000000
68.000000 4.000000 1.000000 9999.000000 10000.000000 9999.000000 9999.000000
68.000000 5.000000 1.000000 9999.000000 10000.000000 9999.000000 9999.000000
68.000000 6.000000 1.000000 9999.000000 10000.000000 9999.000000 9999.000000
68.000000 7.000000 1.000000 9999.000000 10000.000000 9999.000000 9999.000000
68.000000 8.000000 1.000000 10000.000000 10000.000000 10000.000000 10000.000000
68.000000 9.000000 1.000000 10000.000000 10000.000000 10000.000000 10000.000000
68.000000 10.000000 1.000000 10000.000000 10000.000000 10000.000000 10000.000000
68.000000 11.000000 1.000000 10000.000000 10000.000000 10000.000000 10000.000000
68.000000 12.000000 1.000000 10000.000000 10000.000000 10000.000000 10000.000000
68.000000 13.000000 1.000000 10000.000000 10000.000000 10000.000000 10000.000000
68.000000 14.000000 1.000000 10000.000000 10000.000000 10000.000000 10000.000000
68.000000 15.000000 1.000000 10000.000000 10000.000000 10000.000000 10000.000000
68.000000 16.000000 1.000000 10000.000000 10000.000000 10000.000000 10000.000000
68.000000 17.000000 1.000000 10000.000000 10000.000000 10000.000000 10000.000000
68.000000 18.000000 1.000000 10000.000000 10000.000000 10000.000000 10000.000000
68.000000 19.000000 1.000000 10000.000000 10000.000000 10000.000000 10000.000000
68.000000 20.000000 1.000000 10000.000000 10000.000000 10000.000000 10000.000000
68.000000 21.000000 1.000000 10000.000000 10000.000000 10000.000000 10000.000000
68.000000 22.000000 1.000000 10000.000000 10000.000000 10000.000000 10000.000000
68.000000 23.000000 1.000000 10000.000000 10000.000000 10000.000000 10000.000000
68.000000 24.000000 1.000000 10000.000000 10000.000000 10000.000000 10000.000000
68.000000 25.000000 1.000000 10000.000000 10000.000000 10000.000000 10000.000000
68.000000 26.000000 1.000000 10000.000000 10000.000000 10000.000000 10000.000000
68.000000 27.000000 1.000000 10000.000000 10000.000000 10000.000000 10000.000000
68.000000 28.000000 1.000000 10000.000000 10000.000000 10000.000000 10000.000000
68.000000 29.000000 1.000000 10000.000000 10000.000000 10000.000000 10000.000000
68.000000 30.000000 1.000000 10000.000000 10000.000000 10000.000000 10000.000000
68.000000 31.000000 1.000000 10000.000000 10000.000000 10000.000000 10000.000000
68.000000 32.000000 1.000000 10000.000000 10000.000000 10000.000000 10000.000000
68.000000 33.000000 1.000000 10000.000000 10000.000000 10000.000000 10000.000000
68.000000 34.000000 1.000000 10000.000000 10000.000000 10000.000000 10000.000000
68.000000 35.000000 1.000000 10000.000000 10000.000000 10000.000000 10000.000000
68.000000 36.000000 1.000000 10000.000000 10000.000000 10000.000000 10000.000000
68.000000 37.000000 1.000000 10000.000000 10000.000000 10000.000000 10000.000000
68.000000 38.000000 1.000000 10000.000000 10000.000000 10000.000000 10000.000000
68.000000 39.000000 1.000000 10000.000000 10000.000000 10000.000000 10000.000000
68.000000 40.000000 1.000000 10000.000000 10000.000000 10000.000000 10000.000000
68.000000 41.000000 1.000000 10000.000000 10000.000000 10000.000000 10000.000000
68.000000 42.000000 1.000000 10000.000000 10000.000000 10000.000000 10000.000000
68.000000 43.000000 1.000000 10000.000000 10000.000000 10000.000000 10000.000000
68.000000 44.000000 1.000000 10000.000000 10000.000000 10000.000000 10000.000000
68.000000 45.000000 1.000000 10000.000000 10000.000000 10000.000000 10000.000000
68.000000 46.000000 1.000000 10000.000000 10000.000000 10000.000000 10000.000000
68.000000 47.000000 1.000000 10000.000000 10000.000000 10000.000000 10000.000000
68.000000 48.000000 1.000000 10000.000000 10000.000000 10000.000000 10000.000000
68.000000 49.000000 1.000000 10000.000000 10000.000000 10000.000000 10000.000000
69.000000 0.000000 1.000000 10000.000000 10000.000000 10000.000000 10000.000000
69.000000 1.000000 1.000000 10000.000000 10000.000000 10000.000000 10000.000000
69.000000 2.000000 1.000000 9999.000000 10000.000000 9999.000000 9999.000000
69.000000 3.000000 1.000000 9999.000000 10000.000000 9999.000000 9999.000000
69.000000 4.000000 1.000000 9999.000000 10000.000000 9999.000000 9999.000000
69.000000 5.000000 1.000000 9999.000000 10000.000000 9999.000000 9999.000000
69.000000 6.000000 1.000000 9999.000000 10000.000000 9999.000000 9999.000000
69.000000 7.000000 1.000000 10000.000000 10000.000000 10000.000000 10000.000000
69.000000 8.000000 1.000000 10000.000000 10000.000000 10000.000000 10000.000000
69.000000 9.000000 1.000000 10000.000000 10000.000000 10000.000000 10000.000000
69.000000 10.000000 1.000000 10000.000000 10000.000000 10000.000000 10000.000000
69.000000 11.000000 1.000000 10000.000000 10000.000000 10000.000000 10000.000000
69.000000 12.000000 1.000000 10000.000000 10000.000000 10000.000000 10000.000000
69.000000 13.000000 1.000000 10000.000000 10000.000000 10000.000000 10000.000000
69.000000 14.000000 1.000000 10000.000000 10000.000000 10000.000000 10000.000000
69.000000 15.000000 1.000000 10000.000000 10000.000000 10000.000000 10000.000000
69.000000 16.000000 1.000000 10000.000000 10000.000000 10000.000000 10000.000000
69.000000 17.000000 1.000000 10000.000000 10000.000000 10000.000000 10000.000000
69.000000 18.000000 1.000000 10000.000000 10000.000000 10000.000000 10000.000000
69.000000 19.000000 1.000000 10000.000000 10000.000000 10000.000000 10000.000000
69.000000 20.000000 1.000000 10000.000000 10000.000000 10000.000000 10000.000000
69.000000 21.000000 1.000000 10000.000000 10000.000000 10000.000000 10000.000000
69.000000 22.000000 1.000000 10000.000000 10000.000000 10000.000000 10000.000000
69.000000 23.000000 1.000000 10000.000000 10000.000000 10000.000000 10000.000000
69.000000 24.000000 1.000000 10000.000000 10000.000000 10000.000000 10000.000000
69.000000 25.000000 1.000000 10000.000000 10000.000000 10000.000000 10000.000000
69.000000 26.000000 1.000000 10000.000000 10000.000000 10000.000000 10000.000000
69.000000 27.000000 1.000000 10000.000000 10000.000000 10000.000000 10000.000000
69.000000 28.000000 1.000000 10000.000000 10000.000000 10000.000000 10000.000000
69.000000 29.000000 1.000000 10000.000000 10000.000000 10000.000000 10000.000000
69.000000 30.000000 1.000000 10000.000000 10000.000000 10000.000000 10000.000000
69.000000 31.000000 1.000000 10000.000000 10000.000000 10000.000000 10000.000000
69.000000 32.000000 1.000000 10000.000000 10000.000000 10000.000000 10000.000000
69.000000 33.000000 1.000000 10000.000000 10000.000000 10000.000000 10000.000000
69.000000 34.000000 1.000000 10000.000000 10000.000000 10000.000000 10000.000000
69.000000 35.000000 1.000000 10000.000000 10000.000000 10000.000000 10000.000000
69.000000 36.000000 1.000000 10000.000000 10000.000000 10000.000000 10000.000000
69.000000 37.000000 1.000000 10000.000000 10000.000000 10000.000000 10000.000000
69.000000 38.000000 1.000000 10000.000000 10000.000000 10000.000000 10000.000000
69.000000 39.000000 1.000000 10000.000000 10000.000000 10000.000000 10000.000000
69.000000 40.000000 1.000000 10000.000000 10000.000000 10000.000000 10000.000000
69.000000 41.000000 1.000000 10000.000000 10000.000000 10000.000000 10000.000000
69.000000 42.000000 1.000000 10000.000000 10000.000000 10000.000000 10000.000000
69.000000 43.000000 1.000000 10000.000000 10000.000000 10000.000000 10000.000000
69.000000 44.000000 1.000000 10000.000000 10000.000000 10000.000000 10000.000000
69.000000 45.000000 1.000000 10000.000000 10000.000000 10000.000000 10000.000000
69.000000 46.000000 1.000000 10000.000000 10000.000000 10000.000000 10000.000000
69.000000 47.000000 1.000000 10000.000000 10000.000000 10000.000000 10000.000000
69.000000 48.000000 1.000000 10000.000000 10000.000000 10000.000000 10000.000000
69.000000 49.000000 1.000000 10000.000000 10000.000000 10000.000000 10000.000000
70.000000 0.000000 1.000000 10000.000000 10000.000000 10000.000000 10000.000000
70.000000 1.000000 1.000000 10000.000000 10000.000000 10000.000000 10000.000000
70.000000 2.000000 1.000000 10000.000000 10000.000000 10000.000000 10000.000000
70.000000 3.000000 1.000000 9999.000000 10000.000000 9999.000000 9999.000000
70.000000 4.000000 1.000000 9999.000000 10000.000000 9999.000000 9999.000000
70.000000 5.000000 1.000000 9999.000000 10000.000000 9999.000000 9999.000000
70.000000 6.000000 1.000000 9999.000000 10000.000000 9999.000000 9999.000000
70.000000 7.000000 1.000000 9999.000000 10000.000000 9999.000000 9999.000000
70.000000 8.000000 1.000000 10000.000000 10000.000000 10000.000000 10000.000000
70.000000 9.000000 1.000000 10000.000000 10000.000000 10000.000000 10000.000000
70.000000 10.000000 1.000000 10000.000000 10000.000000 10000.000000 10000.000000
70.000000 11.000000 1.000000 10000.000000 10000.000000 10000.000000 10000.000000
70.000000 12.000000 1.000000 10000.000000 10000.000000 10000.000000 10000.000000
70.000000 13.000000 1.000000 10000.000000 10000.000000 10000.000000 10000.000000
70.000000 14.000000 1.000000 10000.000000 10000.000000 10000.000000 10000.000000
70.000000 15.000000 1.000000 10000.000000 10000.000000 10000.000000 10000.000000
70.000000 16.000000 1.000000 10000.000000 10000.000000 10000.000000 10000.000000
70.000000 17.000000 1.000000 10000.000000 10000.000000 10000.000000 10000.000000
70.000000 18.000000 1.000000 10000.000000 10000.000000 10000.000000 10000.000000
70.000000 19.000000 1.000000 10000.000000 10000.000000 10000.000000 10000.000000
70.000000 20.000000 1.000000 10000.000000 10000.000000 10000.000000 10000.000000
70.000000 21.000000 1.000000 10000.000000 10000.000000 10000.000000 10000.000000
70.000000 22.000000 1.000000 10000.000000 10000.000000 10000.000000 10000.000000
70.000000 23.000000 1.000000 10000.000000 10000.000000 10000.000000 10000.000000
70.000000 24.000000 1.000000 10000.000000 10000.000000 10000.000000 10000.000000
70.000000 25.000000 1.000000 10000.000000 10000.000000 10000.000000 10000.000000
70.000000 26.000000 1.000000 10000.000000 10000.000000 10000.000000 10000.000000
70.000000 27.000000 1.000000 10000.000000 10000.000000 10000.000000 10000.000000
70.000000 28.000000 1.000000 10000.000000 10000.000000 10000.000000 10000.000000
70.000000 29.000000 1.000000 10000.000000 10000.000000 10000.000000 10000.000000
70.000000 30.000000 1.000000 10000.000000 10000.000000 10000.000000 10000.000000
70.000000 31.000000 1.000000 10000.000000 10000.000000 10000.000000 10000.000000
70.000000 32.000000 1.000000 10000.000000 10000.000000 10000.000000 10000.000000
70.000000 33.000000 1.000000 10000.000000 10000.000000 10000.000000 10000.000000
70.000000 34.000000 1.000000 10000.000000 10000.000000 10000.000000 10000.000000
70.000000 35.000000 1.000000 10000.000000 10000.000000 10000.000000 10000.000000
70.000000 36.000000 1.000000 10000.000000 10000.000000 10000.000000 10000.000000
70.000000 37.000000 1.000000 10000.000000 10000.000000 10000.000000 10000.000000
70.000000 38.000000 1.000000 10000.000000 10000.000000 10000.000000 10000.000000
70.000000 39.000000 1.000000 10000.000000 10000.000000 10000.000000 10000.000000
70.000000 40.000000 1.000000 10000.000000 10000.000000 10000.000000 10000.000000
70.000000 41.000000 1.000000 10000.000000 10000.000000 10000.000000 10000.000000
70.000000 42.000000 1.000000 10000.000000 10000.000000 10000.000000 10000.000000
70.000000 43.000000 1.000000 10000.000000 10000.000000 10000.000000 10000.000000
70.000000 44.000000 1.000000 10000.000000 10000.000000 10000.000000 10000.000000
70.000000 45.000000 1.000000 10000.000000 10000.000000 10000.000000 10000.000000
70.000000 46.000000 1.000000 10000.000000 10000.000000 10000.000000 10000.000000
70.000000 47.000000 1.000000 10000.000000 10000.000000 10000.000000 10000.000000
70.000000 48.000000 1.000000 10000.000000 10000.000000 10000.000000 10000.000000
70.000000 49.000000 1.000000 10000.000000 10000.000000 10000.000000 10000.000000
71.000000 0.000000 1.000000 10000.000000 10000.000000 10000.000000 10000.000000
71.000000 1.000000 1.000000 10000.000000 10000.000000 10000.000000 10000.000000
71.000000 2.000000 1.000000 9999.000000 10000.000000 9999.000000 9999.000000
71.000000 3.000000 1.000000 9999.000000 10000.000000 9999.000000 9999.000000
71.000000 4.000000 1.000000 9998.000000 10000.000000 9998.000000 9998.000000
71.000000 5.000000 1.000000 9998.000000 10000.000000 9998.000000 9998.000000
71.000000 6.000000 1.000000 9998.000000 10000.000000 9998.000000 9998.000000
71.000000 7.000000 1.000000 9999.000000 10000.000000 9999.000000 9999.000000
71.000000 8.000000 1.000000 9999.000000 10000.000000 9999.000000 9999.000000
71.000000 9.000000 1.000000 10000.000000 10000.000000 10000.000000 10000.000000
71.000000 10.000000 1.000000 10000.000000 10000.000000 10000.000000 10000.000000
71.000000 11.000000 1.000000 10000.000000 10000.000000 10000.000000 10000.000000
71.000000 12.000000 1.000000 10000.000000 10000.000000 10000.000000 10000.000000
71.000000 13.000000 1.000000 10000.000000 10000.000000 10000.000000 10000.000000
71.000000 14.000000 1.000000 10000.000000 10000.000000 10000.000000 10000.000000
71.000000 15.000000 1.000000 10000.000000 10000.000000 10000.000000 10000.000000
71.000000 16.000000 1.000000 10000.000000 10000.000000 10000.000000 10000.000000
71.000000 17.000000 1.000000 10000.000000 10000.000000 10000.000000 10000.000000
71.000000 18.000000 1.000000 10000.000000 10000.000000 10000.000000 10000.000000
71.000000 19.000000 1.000000 10000.000000 10000.000000 10000.000000 10000.000000
71.000000 20.000000 1.000000 10000.000000 10000.000000 10000.000000 10000.000000
71.000000 21.000000 1.000000 10000.000000 10000.000000 10000.000000 10000.000000
71.000000 22.000000 1.000000 10000.000000 10000.000000 10000.000000 10000.000000
71.000000 23.000000 1.000000 10000.000000 10000.000000 10000.000000 10000.000000
71.000000 24.000000 1.000000 10000.000000 10000.000000 10000.000000 10000.000000
71.000000 25.000000 1.000000 10000.000000 10000.000000 10000.000000 10000.000000
71.000000 26.000000 1.000000 10000.000000 10000.000000 10000.000000 10000.000000
71.000000 27.000000 1.000000 10000.000000 10000.000000 10000.000000 10000.000000
71.000000 28.000000 1.000000 10000.000000 10000.000000 10000.000000 10000.000000
71.000000 29.000000 1.000000 10000.000000 10000.000000 10000.000000 10000.000000
71.000000 30.000000 1.000000 10000.000000 10000.000000 10000.000000 10000.000000
71.000000 31.000000 1.000000 10000.000000 10000.000000 10000.000000 10000.000000
71.000000 32.000000 1.000000 10000.000000 10000.000000 10000.000000 10000.000000
71.000000 33.000000 1.000000 10000.000000 10000.000000 10000.000000 10000.000000
71.000000 34.000000 1.000000 10000.000000 10000.000000 10000.000000 10000.000000
71.000000 35.000000 1.000000 10000.000000 10000.000000 10000.000000 10000.000000
71.000000 36.000000 1.000000 10000.000000 10000.000000 10000.000000 10000.000000
71.000000 37.000000 1.000000 10000.000000 10000.000000 10000.000000 10000.000000
71.000000 38.000000 1.000000 10000.000000 10000.000000 10000.000000 10000.000000
71.000000 39.000000 1.000000 10000.000000 10000.000000 10000.000000 10000.000000
71.000000 40.000000 1.000000 10000.000000 10000.000000 10000.000000 10000.000000
71.000000 41.000000 1.000000 10000.000000 10000.000000 10000.000000 10000.000000
71.000000 42.000000 1.000000 10000.000000 10000.000000 10000.000000 10000.000000
71.000000 43.000000 1.000000 10000.000000 10000.000000 10000.000000 10000.000000
71.000000 44.000000 1.000000 10000.000000 10000.000000 10000.000000 10000.000000
71.000000 45.000000 1.000000 10000.000000 10000.000000 10000.000000 10000.000000
71.000000 46.000000 1.000000 10000.000000 10000.000000 10000.000000 10000.000000
71.000000 47.000000 1.000000 10000.000000 10000.000000 10000.000000 10000.000000
71.000000 48.000000 1.000000 10000.000000 10000.000000 10000.000000 10000.000000
71.000000 49.000000 1.000000 10000.000000 10000.000000 10000.000000 10000.000000
72.000000 0.000000 1.000000 10000.000000 10000.000000 10000.000000 10000.000000
72.000000 1.000000 1.000000 10000.000000 10000.000000 10000.000000 10000.000000
72.000000 2.000000 1.000000 10000.000000 10000.000000 10000.000000 10000.000000
72.000000 3.000000 1.000000 9998.000000 10000.000000 9998.000000 9998.000000
72.000000 4.000000 1.000000 9996.000000 10000.000000 9996.000000 9996.000000
72.000000 5.000000 1.000000 9991.000000 10000.000000 9991.000000 9991.000000
72.000000 6.000000 1.000000 9987.000000 10000.000000 9987.000000 9987.000000
72.000000 7.000000 1.000000 9980.000000 10000.000000 9980.000000 9980.000000
72.000000 8.000000 1.000000 9977.000000 10000.000000 9977.000000 9977.000000
72.000000 9.000000 1.000000 9974.000000 10000.000000 9974.000000 9974.000000
72.000000 10.000000 1.000000 9970.000000 10000.000000 9970.000000 9970.000000
72.000000 11.000000 1.000000 9967.000000 10000.000000 9967.000000 9967.000000
72.000000 12.000000 1.000000 9966.000000 10000.000000 9966.000000 9966.000000
72.000000 13.000000 1.000000 9964.000000 10000.000000 9964.000000 9964.000000
72.000000 14.000000 1.000000 9965.000000 10000.000000 9965.000000 9965.000000
72.000000 15.000000 1.000000 9964.000000 10000.000000 9964.000000 9964.000000
72.000000 16.000000 1.000000 9968.000000 10000.000000 9968.000000 9968.000000
72.000000 17.000000 1.000000 9963.000000 10000.000000 9963.000000 9963.000000
72.000000 18.000000 1.000000 9964.000000 10000.000000 9964.000000 9964.000000
72.000000 19.000000 1.000000 9962.000000 10000.000000 9962.000000 9962.000000
72.000000 20.000000 1.000000 9965.000000 10000.000000 9965.000000 9965.000000
72.000000 21.000000 1.000000 9967.000000 10000.000000 9967.000000 9967.000000
72.000000 22.000000 1.000000 9971.000000 10000.000000 9971.000000 9971.000000
72.000000 23.000000 1.000000 9970.000000 10000.000000 9970.000000 9970.000000
72.000000 24.000000 1.000000 9969.000000 10000.000000 9969.000000 9969.000000
72.000000 25.000000 1.000000 9960.000000 10000.000000 9960.000000 9960.000000
72.000000 26.000000 1.000000 9958.000000 10000.000000 9958.000000 9958.000000
72.000000 27.000000 1.000000 9963.000000 10000.000000 9963.000000 9963.000000
72.000000 28.000000 1.000000 9969.000000 10000.000000 9969.000000 9969.000000
72.000000 29.000000 1.000000 9977.000000 10000.000000 9977.000000 9977.000000
72.000000 30.000000 1.000000 9989.000000 10000.000000 9989.000000 9989.000000
72.000000 31.000000 1.000000 9994.000000 10000.000000 9994.000000 9994.000000
72.000000 32.000000 1.000000 9997.000000 10000.000000 9997.000000 9997.000000
72.000000 33.000000 1.000000 9998.000000 10000.000000 9998.000000 9998.000000
72.000000 34.000000 1.000000 9998.000000 10000.000000 9998.000000 9998.000000
72.000000 35.000000 1.000000 10000.000000 10000.000000 10000.000000 10000.000000
72.000000 36.000000 1.000000 10000.000000 10000.000000 10000.000000 10000.000000
72.000000 37.000000 1.000000 10000.000000 10000.000000 10000.000000 10000.000000
72.000000 38.000000 1.000000 10000.000000 10000.000000 10000.000000 10000.000000
72.000000 39.000000 1.000000 10000.000000 10000.000000 10000.000000 10000.000000
72.000000 40.000000 1.000000 10000.000000 10000.000000 10000.000000 10000.000000
72.000000 41.000000 1.000000 10000.000000 10000.000000 10000.000000 10000.000000
72.000000 42.000000 1.000000 10000.000000 10000.000000 10000.000000 10000.000000
72.000000 43.000000 1.000000 10000.000000 10000.000000 10000.000000 10000.000000
72.000000 44.000000 1.000000 10000.000000 10000.000000 10000.000000 10000.000000
72.000000 45.000000 1.000000 10000.000000 10000.000000 10000.000000 10000.000000
72.000000 46.000000 1.000000 10000.000000 10000.000000 10000.000000 10000.000000
72.000000 47.000000 1.000000 10000.000000 10000.000000 10000.000000 10000.000000
72.000000 48.000000 1.000000 10000.000000 10000.000000 10000.000000 10000.000000
72.000000 49.000000 1.000000 10000.000000 10000.000000 10000.000000 10000.000000
73.000000 0.000000 1.000000 10000.000000 10000.000000 10000.000000 10000.000000
73.000000 1.000000 1.000000 10000.000000 10000.000000 10000.000000 10000.000000
73.000000 2.000000 1.000000 9999.000000 10000.000000 9999.000000 9999.000000
73.000000 3.000000 1.000000 9999.000000 10000.000000 9999.000000 9999.000000
73.000000 4.000000 1.000000 9999.000000 10000.000000 9999.000000 9999.000000
73.000000 5.000000 1.000000 9999.000000 10000.000000 9999.000000 9999.000000
73.000000 6.000000 1.000000 9999.000000 10000.000000 9999.000000 9999.000000
73.000000 7.000000 1.000000 10000.000000 10000.000000 10000.000000 10000.000000
73.000000 8.000000 1.000000 10000.000000 10000.000000 10000.000000 10000.000000
73.000000 9.000000 1.000000 10000.000000 10000.000000 10000.000000 10000.000000
73.000000 10.000000 1.000000 10000.000000 10000.000000 10000.000000 10000.000000
73.000000 11.000000 1.000000 10000.000000 10000.000000 10000.000000 10000.000000
73.000000 12.000000 1.000000 10000.000000 10000.000000 10000.000000 10000.000000
73.000000 13.000000 1.000000 10000.000000 10000.000000 10000.000000 10000.000000
73.000000 14.000000 1.000000 10000.000000 10000.000000 10000.000000 10000.000000
73.000000 15.000000 1.000000 10000.000000 10000.000000 10000.000000 10000.000000
73.000000 16.000000 1.000000 10000.000000 10000.000000 10000.000000 10000.000000
73.000000 17.000000 1.000000 10000.000000 10000.000000 10000.000000 10000.000000
73.000000 18.000000 1.000000 10000.000000 10000.000000 10000.000000 10000.000000
73.000000 19.000000 1.000000 10000.000000 10000.000000 10000.000000 10000.000000
73.000000 20.000000 1.000000 10000.000000 10000.000000 10000.000000 10000.000000
73.000000 21.000000 1.000000 10000.000000 10000.000000 10000.000000 10000.000000
73.000000 22.000000 1.000000 10000.000000 10000.000000 10000.000000 10000.000000
73.000000 23.000000 1.000000 10000.000000 10000.000000 10000.000000 10000.000000
73.000000 24.000000 1.000000 10000.000000 10000.000000 10000.000000 10000.000000
73.000000 25.000000 1.000000 10000.000000 10000.000000 10000.000000 10000.000000
73.000000 26.000000 1.000000 10000.000000 10000.000000 10000.000000 10000.000000
73.000000 27.000000 1.000000 10000.000000 10000.000000 10000.000000 10000.000000
73.000000 28.000000 1.000000 10000.000000 10000.000000 10000.000000 10000.000000
73.000000 29.000000 1.000000 10000.000000 10000.000000 10000.000000 10000.000000
73.000000 30.000000 1.000000 10000.000000 10000.000000 10000.000000 10000.000000
73.000000 31.000000 1.000000 10000.000000 10000.000000 10000.000000 10000.000000
73.000000 32.000000 1.000000 10000.000000 10000.000000 10000.000000 10000.000000
73.000000 33.000000 1.000000 10000.000000 10000.000000 10000.000000 10000.000000
73.000000 34.000000 1.000000 10000.000000 10000.000000 10000.000000 10000.000000
73.000000 35.000000 1.000000 10000.000000 10000.000000 10000.000000 10000.000000
73.000000 36.000000 1.000000 10000.000000 10000.000000 10000.000000 10000.000000
73.000000 37.000000 1.000000 10000.000000 10000.000000 10000.000000 10000.000000
73.000000 38.000000 1.000000 10000.000000 10000.000000 10000.000000 10000.000000
73.000000 39.000000 1.000000 10000.000000 10000.000000 10000.000000 10000.000000
73.000000 40.000000 1.000000 10000.000000 10000.000000 10000.000000 10000.000000
73.000000 41.000000 1.000000 10000.000000 10000.000000 10000.000000 10000.000000
73.000000 42.000000 1.000000 10000.000000 10000.000000 10000.000000 10000.000000
73.000000 43.000000 1.000000 10000.000000 10000.000000 10000.000000 10000.000000
73.000000 44.000000 1.000000 10000.000000 10000.000000 10000.000000 10000.000000
73.000000 45.000000 1.000000 10000.000000 10000.000000 10000.000000 10000.000000
73.000000 46.000000 1.000000 10000.000000 10000.000000 10000.000000 10000.000000
73.000000 47.000000 1.000000 10000.000000 10000.000000 10000.000000 10000.000000
73.000000 48.000000 1.000000 10000.000000 10000.000000 10000.000000 10000.000000
73.000000 49.000000 1.000000 10000.000000 10000.000000 10000.000000 10000.000000
74.000000 0.000000 1.000000 10000.000000 10000.000000 10000.000000 10000.000000
74.000000 1.000000 1.000000 10000.000000 10000.000000 10000.000000 10000.000000
74.000000 2.000000 1.000000 9999.000000 10000.000000 9999.000000 9999.000000
74.000000 3.000000 1.000000 9998.000000 10000.000000 9998.000000 9998.000000
74.000000 4.000000 1.000000 9998.000000 10000.000000 9998.000000 9998.000000
74.000000 5.000000 1.000000 9998.000000 10000.000000 9998.000000 9998.000000
74.000000 6.000000 1.000000 9998.000000 10000.000000 9998.000000 9998.000000
74.000000 7.000000 1.000000 9999.000000 10000.000000 9999.000000 9999.000000
74.000000 8.000000 1.000000 9999.000000 10000.000000 9999.000000 9999.000000
74.000000 9.000000 1.000000 10000.000000 10000.000000 10000.000000 10000.000000
74.000000 10.000000 1.000000 10000.000000 10000.000000 10000.000000 10000.000000
74.000000 11.000000 1.000000 10000.000000 10000.000000 10000.000000 10000.000000
74.000000 12.000000 1.000000 10000.000000 10000.000000 10000.000000 10000.000000
74.000000 13.000000 1.000000 10000.000000 10000.000000 10000.000000 10000.000000
74.000000 14.000000 1.000000 10000.000000 10000.000000 10000.000000 10000.000000
74.000000 15.000000 1.000000 10000.000000 10000.000000 10000.000000 10000.000000
74.000000 16.000000 1.000000 10000.000000 10000.000000 10000.000000 10000.000000
74.000000 17.000000 1.000000 10000.000000 10000.000000 10000.000000 10000.000000
74.000000 18.000000 1.000000 10000.000000 10000.000000 10000.000000 10000.000000
74.000000 19.000000 1.000000 10000.000000 10000.000000 10000.000000 10000.000000
74.000000 20.000000 1.000000 10000.000000 10000.000000 10000.000000 10000.000000
74.000000 21.000000 1.000000 10000.000000 10000.000000 10000.000000 10000.000000
74.000000 22.000000 1.000000 10000.000000 10000.000000 10000.000000 10000.000000
74.000000 23.000000 1.000000 10000.000000 10000.000000 10000.000000 10000.000000
74.000000 24.000000 1.000000 10000.000000 10000.000000 10000.000000 10000.000000
74.000000 25.000000 1.000000 10000.000000 10000.000000 10000.000000 10000.000000
74.000000 26.000000 1.000000 10000.000000 10000.000000 10000.000000 10000.000000
74.000000 27.000000 1.000000 10000.000000 10000.000000 10000.000000 10000.000000
74.000000 28.000000 1.000000 10000.000000 10000.000000 10000.000000 10000.000000
74.000000 29.000000 1.000000 10000.000000 10000.000000 10000.000000 10000.000000
74.000000 30.000000 1.000000 10000.000000 10000.000000 10000.000000 10000.000000
74.000000 31.000000 1.000000 10000.000000 10000.000000 10000.000000 10000.000000
74.000000 32.000000 1.000000 10000.000000 10000.000000 10000.000000 10000.000000
74.000000 33.000000 1.000000 10000.000000 10000.000000 10000.000000 10000.000000
74.000000 34.000000 1.000000 10000.000000 10000.000000 10000.000000 10000.000000
74.000000 35.000000 1.000000 10000.000000 10000.000000 10000.000000 10000.000000
74.000000 36.000000 1.000000 10000.000000 10000.000000 10000.000000 10000.000000
74.000000 37.000000 1.000000 10000.000000 10000.000000 10000.000000 10000.000000
74.000000 38.000000 1.000000 10000.000000 10000.000000 10000.000000 10000.000000
74.000000 39.000000 1.000000 10000.000000 10000.000000 10000.000000 10000.000000
74.000000 40.000000 1.000000 10000.000000 10000.000000 10000.000000 10000.000000
74.000000 41.000000 1.000000 10000.000000 10000.000000 10000.000000 10000.000000
74.000000 42.000000 1.000000 10000.000000 10000.000000 10000.000000 10000.000000
74.000000 43.000000 1.000000 10000.000000 10000.000000 10000.000000 10000.000000
74.000000 44.000000 1.000000 10000.000000 10000.000000 10000.000000 10000.000000
74.000000 45.000000 1.000000 10000.000000 10000.000000 10000.000000 10000.000000
74.000000 46.000000 1.000000 10000.000000 10000.000000 10000.000000 10000.000000
74.000000 47.000000 1.000000 10000.000000 10000.000000 10000.000000 10000.000000
74.000000 48.000000 1.000000 10000.000000 10000.000000 10000.000000 10000.000000
74.000000 49.000000 1.000000 10000.000000 10000.000000 10000.000000 10000.000000
75.000000 0.000000 1.000000 10000.000000 10000.000000 10000.000000 10000.000000
75.000000 1.000000 1.000000 10000.000000 10000.000000 10000.000000 10000.000000
75.000000 2.000000 1.000000 10000.000000 10000.000000 10000.000000 10000.000000
75.000000 3.000000 1.000000 9999.000000 10000.000000 9999.000000 9999.000000
75.000000 4.000000 1.000000 9994.000000 10000.000000 9994.000000 9994.000000
75.000000 5.000000 1.000000 9992.000000 10000.000000 9992.000000 9992.000000
75.000000 6.000000 1.000000 9987.000000 10000.000000 9987.000000 9987.000000
75.000000 7.000000 1.000000 9983.000000 10000.000000 9983.000000 9983.000000
75.000000 8.000000 1.000000 9979.000000 10000.000000 9979.000000 9979.000000
75.000000 9.000000 1.000000 9979.000000 10000.000000 9979.000000 9979.000000
75.000000 10.000000 1.000000 9979.000000 10000.000000 9979.000000 9979.000000
75.000000 11.000000 1.000000 9981.000000 10000.000000 9981.000000 9981.000000
75.000000 12.000000 1.000000 9979.000000 10000.000000 9979.000000 9979.000000
75.000000 13.000000 1.000000 9975.000000 10000.000000 9975.000000 9975.000000
75.000000 14.000000 1.000000 9968.000000 10000.000000 9968.000000 9968.000000
75.000000 15.000000 1.000000 9943.000000 10000.000000 9943.000000 9943.000000
75.000000 16.000000 1.000000 9916.000000 10000.000000 9916.000000 9916.000000
75.000000 17.000000 1.000000 9887.000000 10000.000000 9887.000000 9887.000000
75.000000 18.000000 1.000000 9858.000000 10000.000000 9858.000000 9858.000000
75.000000 19.000000 1.000000 9819.000000 10000.000000 9819.000000 9819.000000
75.000000 20.000000 1.000000 9799.000000 10000.000000 9799.000000 9799.000000
75.000000 21.000000 1.000000 9772.000000 10000.000000 9772.000000 9772.000000
75.000000 22.000000 1.000000 9769.000000 10000.000000 9769.000000 9769.000000
75.000000 23.000000 1.000000 9742.000000 10000.000000 9742.000000 9742.000000
75.000000 24.000000 1.000000 9747.000000 10000.000000 9747.000000 9747.000000
75.000000 25.000000 1.000000 9739.000000 10000.000000 9739.000000 9739.000000
75.000000 26.000000 1.000000 9721.000000 10000.000000 9721.000000 9721.000000
75.000000 27.000000 1.000000 9659.000000 10000.000000 9659.000000 9659.000000
75.000000 28.000000 1.000000 9604.000000 10000.000000 9604.000000 9604.000000
75.000000 29.000000 1.000000 9505.000000 10000.000000 9505.000000 9505.000000
75.000000 30.000000 1.000000 9409.000000 10000.000000 9409.000000 9409.000000
75.000000 31.000000 1.000000 9316.000000 10000.000000 9316.000000 9316.000000
75.000000 32.000000 1.000000 9309.000000 10000.000000 9309.000000 9309.000000
75.000000 33.000000 1.000000 9314.000000 10000.000000 9314.000000 9314.000000
75.000000 34.000000 1.000000 9381.000000 10000.000000 9381.000000 9381.000000
75.000000 35.000000 1.000000 9447.000000 10000.000000 9447.000000 9447.000000
75.000000 36.000000 1.000000 9544.000000 10000.000000 9544.000000 9544.000000
75.000000 37.000000 1.000000 9605.000000 10000.000000 9605.000000 9605.000000
75.000000 38.000000 1.000000 9667.000000 10000.000000 9667.000000 9667.000000
75.000000 39.000000 1.000000 9714.000000 10000.000000 9714.000000 9714.000000
75.000000 40.000000 1.000000 9774.000000 10000.000000 9774.000000 9774.000000
75.000000 41.000000 1.000000 9816.000000 10000.000000 9816.000000 9816.000000
75.000000 42.000000 1.000000 9859.000000 10000.000000 9859.000000 9859.000000
75.000000 43.000000 1.000000 9886.000000 10000.000000 9886.000000 9886.000000
75.000000 44.000000 1.000000 9911.000000 10000.000000 9911.000000 9911.000000
75.000000 45.000000 1.000000 9933.000000 10000.000000 9933.000000 9933.000000
75.000000 46.000000 1.000000 9954.000000 10000.000000 9954.000000 9954.000000
75.000000 47.000000 1.000000 9969.000000 10000.000000 9969.000000 9969.000000
75.000000 48.000000 1.000000 9984.000000 10000.000000 9984.000000 9984.000000
75.000000 49.000000 1.000000 9989.000000 10000.000000 9989.000000 9989.000000
76.000000 0.000000 1.000000 10000.000000 10000.000000 10000.000000 10000.000000
76.000000 1.000000 1.000000 10000.000000 10000.000000 10000.000000 10000.000000
76.000000 2.000000 1.000000 10000.000000 10000.000000 10000.000000 10000.000000
76.000000 3.000000 1.000000 9999.000000 10000.000000 9999.000000 9999.000000
76.000000 4.000000 1.000000 9998.000000 10000.000000 9998.000000 9998.000000
76.000000 5.000000 1.000000 9996.000000 10000.000000 9996.000000 9996.000000
76.000000 6.000000 1.000000 9995.000000 10000.000000 9995.000000 9995.000000
76.000000 7.000000 1.000000 9987.000000 10000.000000 9987.000000 9987.000000
76.000000 8.000000 1.000000 9966.000000 10000.000000 9966.000000 9966.000000
76.000000 9.000000 1.000000 9939.000000 10000.000000 9939.000000 9939.000000
76.000000 10.000000 1.000000 9913.000000 10000.000000 9913.000000 9913.000000
76.000000 11.000000 1.000000 9860.000000 10000.000000 9860.000000 9860.000000
76.000000 12.000000 1.000000 9797.000000 10000.000000 9797.000000 9797.000000
76.000000 13.000000 1.000000 9764.000000 10000.000000 9764.000000 9764.000000
76.000000 14.000000 1.000000 9712.000000 10000.000000 9712.000000 9712.000000
76.000000 15.000000 1.000000 9629.000000 10000.000000 9629.000000 9629.000000
76.000000 16.000000 1.000000 9545.000000 10000.000000 9545.000000 9545.000000
76.000000 17.000000 1.000000 9508.000000 10000.000000 9508.000000 9508.000000
76.000000 18.000000 1.000000 9442.000000 10000.000000 9442.000000 9442.000000
76.000000 19.000000 1.000000 9377.000000 10000.000000 9377.000000 9377.000000
76.000000 20.000000 1.000000 9340.000000 10000.000000 9340.000000 9340.000000
76.000000 21.000000 1.000000 9324.000000 10000.000000 9324.000000 9324.000000
76.000000 22.000000 1.000000 9313.000000 10000.000000 9313.000000 9313.000000
76.000000 23.000000 1.000000 9339.000000 10000.000000 9339.000000 9339.000000
76.000000 24.000000 1.000000 9386.000000 10000.000000 9386.000000 9386.000000
76.000000 25.000000 1.000000 9465.000000 10000.000000 9465.000000 9465.000000
76.000000 26.000000 1.000000 9547.000000 10000.000000 9547.000000 9547.000000
76.000000 27.000000 1.000000 9604.000000 10000.000000 9604.000000 9604.000000
76.000000 28.000000 1.000000 9637.000000 10000.000000 9637.000000 9637.000000
76.000000 29.000000 1.000000 9677.000000 10000.000000 9677.000000 9677.000000
76.000000 30.000000 1.000000 9707.000000 10000.000000 9707.000000 9707.000000
76.000000 31.000000 1.000000 9750.000000 10000.000000 9750.000000 9750.000000
76.000000 32.000000 1.000000 9803.000000 10000.000000 9803.000000 9803.000000
76.000000 33.000000 1.000000 9852.000000 10000.000000 9852.000000 9852.000000
76.000000 34.000000 1.000000 9889.000000 10000.000000 9889.000000 9889.000000
76.000000 35.000000 1.000000 9922.000000 10000.000000 9922.000000 9922.000000
76.000000 36.000000 1.000000 9933.000000 10000.000000 9933.000000 9933.000000
76.000000 37.000000 1.000000 9942.000000 10000.000000 9942.000000 9942.000000
76.000000 38.000000 1.000000 9951.000000 10000.000000 9951.000000 9951.000000
76.000000 39.000000 1.000000 9957.000000 10000.000000 9957.000000 9957.000000
76.000000 40.000000 1.000000 9960.000000 10000.000000 9960.000000 9960.000000
76.000000 41.000000 1.000000 9964.000000 10000.000000 9964.000000 9964.000000
76.000000 42.000000 1.000000 9967.000000 10000.000000 9967.000000 9967.000000
76.000000 43.000000 1.000000 9966.000000 10000.000000 9966.000000 9966.000000
76.000000 44.000000 1.000000 9970.000000 10000.000000 9970.000000 9970.000000
76.000000 45.000000 1.000000 9970.000000 10000.000000 9970.000000 9970.000000
76.000000 46.000000 1.000000 9971.000000 10000.000000 9971.000000 9971.000000
76.000000 47.000000 1.000000 9971.000000 10000.000000 9971.000000 9971.000000
76.000000 48.000000 1.000000 9972.000000 10000.000000 9972.000000 9972.000000
76.000000 49.000000 1.000000 9977.000000 10000.000000 9977.000000 9977.000000
77.000000 0.000000 1.000000 10000.000000 10000.000000 10000.000000 10000.000000
77.000000 1.000000 1.000000 10000.000000 10000.000000 10000.000000 10000.000000
77.000000 2.000000 1.000000 10000.000000 10000.000000 10000.000000 10000.000000
77.000000 3.000000 1.000000 10000.000000 10000.000000 10000.000000 10000.000000
77.000000 4.000000 1.000000 10000.000000 10000.000000 10000.000000 10000.000000
77.000000 5.000000 1.000000 9999.000000 10000.000000 9999.000000 9999.000000
77.000000 6.000000 1.000000 9996.000000 10000.000000 9996.000000 9996.000000
77.000000 7.000000 1.000000 9996.000000 10000.000000 9996.000000 9996.000000
77.000000 8.000000 1.000000 9996.000000 10000.000000 9996.000000 9996.000000
77.000000 9.000000 1.000000 9996.000000 10000.000000 9996.000000 9996.000000
77.000000 10.000000 1.000000 9997.000000 10000.000000 9997.000000 9997.000000
77.000000 11.000000 1.000000 10000.000000 10000.000000 10000.000000 10000.000000
77.000000 12.000000 1.000000 10000.000000 10000.000000 10000.000000 10000.000000
77.000000 13.000000 1.000000 10000.000000 10000.000000 10000.000000 10000.000000
77.000000 14.000000 1.000000 10000.000000 10000.000000 10000.000000 10000.000000
77.000000 15.000000 1.000000 10000.000000 10000.000000 10000.000000 10000.000000
77.000000 16.000000 1.000000 10000.000000 10000.000000 10000.000000 10000.000000
77.000000 17.000000 1.000000 10000.000000 10000.000000 10000.000000 10000.000000
77.000000 18.000000 1.000000 10000.000000 10000.000000 10000.000000 10000.000000
77.000000 19.000000 1.000000 10000.000000 10000.000000 10000.000000 10000.000000
77.000000 20.000000 1.000000 10000.000000 10000.000000 10000.000000 10000.000000
77.000000 21.000000 1.000000 10000.000000 10000.000000 10000.000000 10000.000000
77.000000 22.000000 1.000000 10000.000000 10000.000000 10000.000000 10000.000000
77.000000 23.000000 1.000000 10000.000000 10000.000000 10000.000000 10000.000000
77.000000 24.000000 1.000000 10000.000000 10000.000000 10000.000000 10000.000000
77.000000 25.000000 1.000000 10000.000000 10000.000000 10000.000000 10000.000000
77.000000 26.000000 1.000000 10000.000000 10000.000000 10000.000000 10000.000000
77.000000 27.000000 1.000000 10000.000000 10000.000000 10000.000000 10000.000000
77.000000 28.000000 1.000000 10000.000000 10000.000000 10000.000000 10000.000000
77.000000 29.000000 1.000000 10000.000000 10000.000000 10000.000000 10000.000000
77.000000 30.000000 1.000000 10000.000000 10000.000000 10000.000000 10000.000000
77.000000 31.000000 1.000000 10000.000000 10000.000000 10000.000000 10000.000000
77.000000 32.000000 1.000000 10000.000000 10000.000000 10000.000000 10000.000000
77.000000 33.000000 1.000000 10000.000000 10000.000000 10000.000000 10000.000000
77.000000 34.000000 1.000000 10000.000000 10000.000000 10000.000000 10000.000000
77.000000 35.000000 1.000000 10000.000000 10000.000000 10000.000000 10000.000000
77.000000 36.000000 1.000000 10000.000000 10000.000000 10000.000000 10000.000000
77.000000 37.000000 1.000000 10000.000000 10000.000000 10000.000000 10000.000000
77.000000 38.000000 1.000000 10000.000000 10000.000000 10000.000000 10000.000000
77.000000 39.000000 1.000000 10000.000000 10000.000000 10000.000000 10000.000000
77.000000 40.000000 1.000000 10000.000000 10000.000000 10000.000000 10000.000000
77.000000 41.000000 1.000000 10000.000000 10000.000000 10000.000000 10000.000000
77.000000 42.000000 1.000000 10000.000000 10000.000000 10000.000000 10000.000000
77.000000 43.000000 1.000000 10000.000000 10000.000000 10000.000000 10000.000000
77.000000 44.000000 1.000000 10000.000000 10000.000000 10000.000000 10000.000000
77.000000 45.000000 1.000000 10000.000000 10000.000000 10000.000000 10000.000000
77.000000 46.000000 1.000000 10000.000000 10000.000000 10000.000000 10000.000000
77.000000 47.000000 1.000000 10000.000000 10000.000000 10000.000000 10000.000000
77.000000 48.000000 1.000000 10000.000000 10000.000000 10000.000000 10000.000000
77.000000 49.000000 1.000000 10000.000000 10000.000000 10000.000000 10000.000000
78.000000 0.000000 1.000000 10000.000000 10000.000000 10000.000000 10000.000000
78.000000 1.000000 1.000000 10000.000000 10000.000000 10000.000000 10000.000000
78.000000 2.000000 1.000000 10000.000000 10000.000000 10000.000000 10000.000000
78.000000 3.000000 1.000000 9999.000000 10000.000000 9999.000000 9999.000000
78.000000 4.000000 1.000000 9999.000000 10000.000000 9999.000000 9999.000000
78.000000 5.000000 1.000000 9999.000000 10000.000000 9999.000000 9999.000000
78.000000 6.000000 1.000000 9999.000000 10000.000000 9999.000000 9999.000000
78.000000 7.000000 1.000000 9999.000000 10000.000000 9999.000000 9999.000000
78.000000 8.000000 1.000000 10000.000000 10000.000000 10000.000000 10000.000000
78.000000 9.000000 1.000000 10000.000000 10000.000000 10000.000000 10000.000000
78.000000 10.000000 1.000000 10000.000000 10000.000000 10000.000000 10000.000000
78.000000 11.000000 1.000000 10000.000000 10000.000000 10000.000000 10000.000000
78.000000 12.000000 1.000000 10000.000000 10000.000000 10000.000000 10000.000000
78.000000 13.000000 1.000000 10000.000000 10000.000000 10000.000000 10000.000000
78.000000 14.000000 1.000000 10000.000000 10000.000000 10000.000000 10000.000000
78.000000 15.000000 1.000000 10000.000000 10000.000000 10000.000000 10000.000000
78.000000 16.000000 1.000000 10000.000000 10000.000000 10000.000000 10000.000000
78.000000 17.000000 1.000000 10000.000000 10000.000000 10000.000000 10000.000000
78.000000 18.000000 1.000000 10000.000000 10000.000000 10000.000000 10000.000000
78.000000 19.000000 1.000000 10000.000000 10000.000000 10000.000000 10000.000000
78.000000 20.000000 1.000000 10000.000000 10000.000000 10000.000000 10000.000000
78.000000 21.000000 1.000000 10000.000000 10000.000000 10000.000000 10000.000000
78.000000 22.000000 1.000000 10000.000000 10000.000000 10000.000000 10000.000000
78.000000 23.000000 1.000000 10000.000000 10000.000000 10000.000000 10000.000000
78.000000 24.000000 1.000000 10000.000000 10000.000000 10000.000000 10000.000000
78.000000 25.000000 1.000000 10000.000000 10000.000000 10000.000000 10000.000000
78.000000 26.000000 1.000000 10000.000000 10000.000000 10000.000000 10000.000000
78.000000 27.000000 1.000000 10000.000000 10000.000000 10000.000000 10000.000000
78.000000 28.000000 1.000000 10000.000000 10000.000000 10000.000000 10000.000000
78.000000 29.000000 1.000000 10000.000000 10000.000000 10000.000000 10000.000000
78.000000 30.000000 1.000000 10000.000000 10000.000000 10000.000000 10000.000000
78.000000 31.000000 1.000000 10000.000000 10000.000000 10000.000000 10000.000000
78.000000 32.000000 1.000000 10000.000000 10000.000000 10000.000000 10000.000000
78.000000 33.000000 1.000000 10000.000000 10000.000000 10000.000000 10000.000000
78.000000 34.000000 1.000000 10000.000000 10000.000000 10000.000000 10000.000000
78.000000 35.000000 1.000000 10000.000000 10000.000000 10000.000000 10000.000000
78.000000 36.000000 1.000000 10000.000000 10000.000000 10000.000000 10000.000000
78.000000 37.000000 1.000000 10000.000000 10000.000000 10000.000000 10000.000000
78.000000 38.000000 1.000000 10000.000000 10000.000000 10000.000000 10000.000000
78.000000 39.000000 1.000000 10000.000000 10000.000000 10000.000000 10000.000000
78.000000 40.000000 1.000000 10000.000000 10000.000000 10000.000000 10000.000000
78.000000 41.000000 1.000000 10000.000000 10000.000000 10000.000000 10000.000000
78.000000 42.000000 1.000000 10000.000000 10000.000000 10000.000000 10000.000000
78.000000 43.000000 1.000000 10000.000000 10000.000000 10000.000000 10000.000000
78.000000 44.000000 1.000000 10000.000000 10000.000000 10000.000000 10000.000000
78.000000 45.000000 1.000000 10000.000000 10000.000000 10000.000000 10000.000000
78.000000 46.000000 1.000000 10000.000000 10000.000000 10000.000000 10000.000000
78.000000 47.000000 1.000000 10000.000000 10000.000000 10000.000000 10000.000000
78.000000 48.000000 1.000000 10000.000000 10000.000000 10000.000000 10000.000000
78.000000 49.000000 1.000000 10000.000000 10000.000000 10000.000000 10000.000000
79.000000 0.000000 1.000000 10000.000000 10000.000000 10000.000000 10000.000000
79.000000 1.000000 1.000000 10000.000000 10000.000000 10000.000000 10000.000000
79.000000 2.000000 1.000000 10000.000000 10000.000000 10000.000000 10000.000000
79.000000 3.000000 1.000000 10000.000000 10000.000000 10000.000000 10000.000000
79.000000 4.000000 1.000000 10000.000000 10000.000000 10000.000000 10000.000000
79.000000 5.000000 1.000000 10000.000000 10000.000000 10000.000000 10000.000000
79.000000 6.000000 1.000000 10000.000000 10000.000000 10000.000000 10000.000000
79.000000 7.000000 1.000000 10000.000000 10000.000000 10000.000000 10000.000000
79.000000 8.000000 1.000000 10000.000000 10000.000000 10000.000000 10000.000000
79.000000 9.000000 1.000000 10000.000000 10000.000000 10000.000000 10000.000000
79.000000 10.000000 1.000000 10000.000000 10000.000000 10000.000000 10000.000000
79.000000 11.000000 1.000000 10000.000000 10000.000000 10000.000000 10000.000000
79.000000 12.000000 1.000000 10000.000000 10000.000000 10000.000000 10000.000000
79.000000 13.000000 1.000000 10000.000000 10000.000000 10000.000000 10000.000000
79.000000 14.000000 1.000000 10000.000000 10000.000000 10000.000000 10000.000000
79.000000 15.000000 1.000000 10000.000000 10000.000000 10000.000000 10000.000000
79.000000 16.000000 1.000000 10000.000000 10000.000000 10000.000000 10000.000000
79.000000 17.000000 1.000000 10000.000000 10000.000000 10000.000000 10000.000000
79.000000 18.000000 1.000000 10000.000000 10000.000000 10000.000000 10000.000000
79.000000 19.000000 1.000000 10000.000000 10000.000000 10000.000000 10000.000000
79.000000 20.000000 1.000000 10000.000000 10000.000000 10000.000000 10000.000000
79.000000 21.000000 1.000000 10000.000000 10000.000000 10000.000000 10000.000000
79.000000 22.000000 1.000000 10000.000000 10000.000000 10000.000000 10000.000000
79.000000 23.000000 1.000000 10000.000000 10000.000000 10000.000000 10000.000000
79.000000 24.000000 1.000000 10000.000000 10000.000000 10000.000000 10000.000000
79.000000 25.000000 1.000000 10000.000000 10000.000000 10000.000000 10000.000000
79.000000 26.000000 1.000000 10000.000000 10000.000000 10000.000000 10000.000000
79.000000 27.000000 1.000000 10000.000000 10000.000000 10000.000000 10000.000000
79.000000 28.000000 1.000000 10000.000000 10000.000000 10000.000000 10000.000000
79.000000 29.000000 1.000000 10000.000000 10000.000000 10000.000000 10000.000000
79.000000 30.000000 1.000000 10000.000000 10000.000000 10000.000000 10000.000000
79.000000 31.000000 1.000000 10000.000000 10000.000000 10000.000000 10000.000000
79.000000 32.000000 1.000000 10000.000000 10000.000000 10000.000000 10000.000000
79.000000 33.000000 1.000000 10000.000000 10000.000000 10000.000000 10000.000000
79.000000 34.000000 1.000000 10000.000000 10000.000000 10000.000000 10000.000000
79.000000 35.000000 1.000000 10000.000000 10000.000000 10000.000000 10000.000000
79.000000 36.000000 1.000000 10000.000000 10000.000000 10000.000000 10000.000000
79.000000 37.000000 1.000000 10000.000000 10000.000000 10000.000000 10000.000000
79.000000 38.000000 1.000000 10000.000000 10000.000000 10000.000000 10000.000000
79.000000 39.000000 1.000000 10000.000000 10000.000000 10000.000000 10000.000000
79.000000 40.000000 1.000000 10000.000000 10000.000000 10000.000000 10000.000000
79.000000 41.000000 1.000000 10000.000000 10000.000000 10000.000000 10000.000000
79.000000 42.000000 1.000000 10000.000000 10000.000000 10000.000000 10000.000000
79.000000 43.000000 1.000000 10000.000000 10000.000000 10000.000000 10000.000000
79.000000 44.000000 1.000000 10000.000000 10000.000000 10000.000000 10000.000000
79.000000 45.000000 1.000000 10000.000000 10000.000000 10000.000000 10000.000000
79.000000 46.000000 1.000000 10000.000000 10000.000000 10000.000000 10000.000000
79.000000 47.000000 1.000000 10000.000000 10000.000000 10000.000000 10000.000000
79.000000 48.000000 1.000000 10000.000000 10000.000000 10000.000000 10000.000000
79.000000 49.000000 1.000000 10000.000000 10000.000000 10000.000000 10000.000000
80.000000 0.000000 1.000000 10000.000000 10000.000000 10000.000000 10000.000000
80.000000 1.000000 1.000000 10000.000000 10000.000000 10000.000000 10000.000000
80.000000 2.000000 1.000000 9999.000000 10000.000000 9999.000000 9999.000000
80.000000 3.000000 1.000000 9999.000000 10000.000000 9999.000000 9999.000000
80.000000 4.000000 1.000000 9997.000000 10000.000000 9997.000000 9997.000000
80.000000 5.000000 1.000000 9996.000000 10000.000000 9996.000000 9996.000000
80.000000 6.000000 1.000000 9996.000000 10000.000000 9996.000000 9996.000000
80.000000 7.000000 1.000000 9997.000000 10000.000000 9997.000000 9997.000000
80.000000 8.000000 1.000000 9997.000000 10000.000000 9997.000000 9997.000000
80.000000 9.000000 1.000000 9999.000000 10000.000000 9999.000000 9999.000000
80.000000 10.000000 1.000000 10000.000000 10000.000000 10000.000000 10000.000000
80.000000 11.000000 1.000000 10000.000000 10000.000000 10000.000000 10000.000000
80.000000 12.000000 1.000000 10000.000000 10000.000000 10000.000000 10000.000000
80.000000 13.000000 1.000000 10000.000000 10000.000000 10000.000000 10000.000000
80.000000 14.000000 1.000000 10000.000000 10000.000000 10000.000000 10000.000000
80.000000 15.000000 1.000000 10000.000000 10000.000000 10000.000000 10000.000000
80.000000 16.000000 1.000000 10000.000000 10000.000000 10000.000000 10000.000000
80.000000 17.000000 1.000000 10000.000000 10000.000000 10000.000000 10000.000000
80.000000 18.000000 1.000000 10000.000000 10000.000000 10000.000000 10000.000000
80.000000 19.000000 1.000000 10000.000000 10000.000000 10000.000000 10000.000000
80.000000 20.000000 1.000000 10000.000000 10000.000000 10000.000000 10000.000000
80.000000 21.000000 1.000000 10000.000000 10000.000000 10000.000000 10000.000000
80.000000 22.000000 1.000000 10000.000000 10000.000000 10000.000000 10000.000000
80.000000 23.000000 1.000000 10000.000000 10000.000000 10000.000000 10000.000000
80.000000 24.000000 1.000000 10000.000000 10000.000000 10000.000000 10000.000000
80.000000 25.000000 1.000000 10000.000000 10000.000000 10000.000000 10000.000000
80.000000 26.000000 1.000000 10000.000000 10000.000000 10000.000000 10000.000000
80.000000 27.000000 1.000000 10000.000000 10000.000000 10000.000000 10000.000000
80.000000 28.000000 1.000000 10000.000000 10000.000000 10000.000000 10000.000000
80.000000 29.000000 1.000000 10000.000000 10000.000000 10000.000000 10000.000000
80.000000 30.000000 1.000000 10000.000000 10000.000000 10000.000000 10000.000000
80.000000 31.000000 1.000000 10000.000000 10000.000000 10000.000000 10000.000000
80.000000 32.000000 1.000000 10000.000000 10000.000000 10000.000000 10000.000000
80.000000 33.000000 1.000000 10000.000000 10000.000000 10000.000000 10000.000000
80.000000 34.000000 1.000000 10000.000000 10000.000000 10000.000000 10000.000000
80.000000 35.000000 1.000000 10000.000000 10000.000000 10000.000000 10000.000000
80.000000 36.000000 1.000000 10000.000000 10000.000000 10000.000000 10000.000000
80.000000 37.000000 1.000000 10000.000000 10000.000000 10000.000000 10000.000000
80.000000 38.000000 1.000000 10000.000000 10000.000000 10000.000000 10000.000000
80.000000 39.000000 1.000000 10000.000000 10000.000000 10000.000000 10000.000000
80.000000 40.000000 1.000000 10000.000000 10000.000000 10000.000000 10000.000000
80.000000 41.000000 1.000000 10000.000000 10000.000000 10000.000000 10000.000000
80.000000 42.000000 1.000000 10000.000000 10000.000000 10000.000000 10000.000000
80.000000 43.000000 1.000000 10000.000000 10000.000000 10000.000000 10000.000000
80.000000 44.000000 1.000000 10000.000000 10000.000000 10000.000000 10000.000000
80.000000 45.000000 1.000000 10000.000000 10000.000000 10000.000000 10000.000000
80.000000 46.000000 1.000000 10000.000000 10000.000000 10000.000000 10000.000000
80.000000 47.000000 1.000000 10000.000000 10000.000000 10000.000000 10000.000000
80.000000 48.000000 1.000000 10000.000000 10000.000000 10000.000000 10000.000000
80.000000 49.000000 1.000000 10000.000000 10000.000000 10000.000000 10000.000000
81.000000 0.000000 1.000000 10000.000000 10000.000000 10000.000000 10000.000000
81.000000 1.000000 1.000000 10000.000000 10000.000000 10000.000000 10000.000000
81.000000 2.000000 1.000000 10000.000000 10000.000000 10000.000000 10000.000000
81.000000 3.000000 1.000000 9999.000000 10000.000000 9999.000000 9999.000000
81.000000 4.000000 1.000000 9999.000000 10000.000000 9999.000000 9999.000000
81.000000 5.000000 1.000000 9996.000000 10000.000000 9996.000000 9996.000000
81.000000 6.000000 1.000000 9992.000000 10000.000000 9992.000000 9992.000000
81.000000 7.000000 1.000000 9989.000000 10000.000000 9989.000000 9989.000000
81.000000 8.000000 1.000000 9985.000000 10000.000000 9985.000000 9985.000000
81.000000 9.000000 1.000000 9982.000000 10000.000000 9982.000000 9982.000000
81.000000 10.000000 1.000000 9983.000000 10000.000000 9983.000000 9983.000000
81.000000 11.000000 1.000000 9987.000000 10000.000000 9987.000000 9987.000000
81.000000 12.000000 1.000000 9989.000000 10000.000000 9989.000000 9989.000000
81.000000 13.000000 1.000000 9993.000000 10000.000000 9993.000000 9993.000000
81.000000 14.000000 1.000000 9997.000000 10000.000000 9997.000000 9997.000000
81.000000 15.000000 1.000000 9998.000000 10000.000000 9998.000000 9998.000000
81.000000 16.000000 1.000000 9999.000000 10000.000000 9999.000000 9999.000000
81.000000 17.000000 1.000000 10000.000000 10000.000000 10000.000000 10000.000000
81.000000 18.000000 1.000000 10000.000000 10000.000000 10000.000000 10000.000000
81.000000 19.000000 1.000000 10000.000000 10000.000000 10000.000000 10000.000000
81.000000 20.000000 1.000000 10000.000000 10000.000000 10000.000000 10000.000000
81.000000 21.000000 1.000000 10000.000000 10000.000000 10000.000000 10000.000000
81.000000 22.000000 1.000000 10000.000000 10000.000000 10000.000000 10000.000000
81.000000 23.000000 1.000000 10000.000000 10000.000000 10000.000000 10000.000000
81.000000 24.000000 1.000000 10000.000000 10000.000000 10000.000000 10000.000000
81.000000 25.000000 1.000000 10000.000000 10000.000000 10000.000000 10000.000000
81.000000 26.000000 1.000000 10000.000000 10000.000000 10000.000000 10000.000000
81.000000 27.000000 1.000000 10000.000000 10000.000000 10000.000000 10000.000000
81.000000 28.000000 1.000000 10000.000000 10000.000000 10000.000000 10000.000000
81.000000 29.000000 1.000000 10000.000000 10000.000000 10000.000000 10000.000000
81.000000 30.000000 1.000000 10000.000000 10000.000000 10000.000000 10000.000000
81.000000 31.000000 1.000000 10000.000000 10000.000000 10000.000000 10000.000000
81.000000 32.000000 1.000000 10000.000000 10000.000000 10000.000000 10000.000000
81.000000 33.000000 1.000000 10000.000000 10000.000000 10000.000000 10000.000000
81.000000 34.000000 1.000000 10000.000000 10000.000000 10000.000000 10000.000000
81.000000 35.000000 1.000000 10000.000000 10000.000000 10000.000000 10000.000000
81.000000 36.000000 1.000000 10000.000000 10000.000000 10000.000000 10000.000000
81.000000 37.000000 1.000000 10000.000000 10000.000000 10000.000000 10000.000000
81.000000 38.000000 1.000000 10000.000000 10000.000000 10000.000000 10000.000000
81.000000 39.000000 1.000000 10000.000000 10000.000000 10000.000000 10000.000000
81.000000 40.000000 1.000000 10000.000000 10000.000000 10000.000000 10000.000000
81.000000 41.000000 1.000000 10000.000000 10000.000000 10000.000000 10000.000000
81.000000 42.000000 1.000000 10000.000000 10000.000000 10000.000000 10000.000000
81.000000 43.000000 1.000000 10000.000000 10000.000000 10000.000000 10000.000000
81.000000 44.000000 1.000000 10000.000000 10000.000000 10000.000000 10000.000000
81.000000 45.000000 1.000000 10000.000000 10000.000000 10000.000000 10000.000000
81.000000 46.000000 1.000000 10000.000000 10000.000000 10000.000000 10000.000000
81.000000 47.000000 1.000000 10000.000000 10000.000000 10000.000000 10000.000000
81.000000 48.000000 1.000000 10000.000000 10000.000000 10000.000000 10000.000000
81.000000 49.000000 1.000000 10000.000000 10000.000000 10000.000000 10000.000000
82.000000 0.000000 1.000000 10000.000000 10000.000000 10000.000000 10000.000000
82.000000 1.000000 1.000000 10000.000000 10000.000000 10000.000000 10000.000000
82.000000 2.000000 1.000000 10000.000000 10000.000000 10000.000000 10000.000000
82.000000 3.000000 1.000000 9999.000000 10000.000000 9999.000000 9999.000000
82.000000 4.000000 1.000000 9999.000000 10000.000000 9999.000000 9999.000000
82.000000 5.000000 1.000000 9999.000000 10000.000000 9999.000000 9999.000000
82.000000 6.000000 1.000000 9999.000000 10000.000000 9999.000000 9999.000000
82.000000 7.000000 1.000000 9999.000000 10000.000000 9999.000000 9999.000000
82.000000 8.000000 1.000000 10000.000000 10000.000000 10000.000000 10000.000000
82.000000 9.000000 1.000000 10000.000000 10000.000000 10000.000000 10000.000000
82.000000 10.000000 1.000000 10000.000000 10000.000000 10000.000000 10000.000000
82.000000 11.000000 1.000000 10000.000000 10000.000000 10000.000000 10000.000000
82.000000 12.000000 1.000000 10000.000000 10000.000000 10000.000000 10000.000000
82.000000 13.000000 1.000000 10000.000000 10000.000000 10000.000000 10000.000000
82.000000 14.000000 1.000000 10000.000000 10000.000000 10000.000000 10000.000000
82.000000 15.000000 1.000000 10000.000000 10000.000000 10000.000000 10000.000000
82.000000 16.000000 1.000000 10000.000000 10000.000000 10000.000000 10000.000000
82.000000 17.000000 1.000000 10000.000000 10000.000000 10000.000000 10000.000000
82.000000 18.000000 1.000000 10000.000000 10000.000000 10000.000000 10000.000000
82.000000 19.000000 1.000000 10000.000000 10000.000000 10000.000000 10000.000000
82.000000 20.000000 1.000000 10000.000000 10000.000000 10000.000000 10000.000000
82.000000 21.000000 1.000000 10000.000000 10000.000000 10000.000000 10000.000000
82.000000 22.000000 1.000000 10000.000000 10000.000000 10000.000000 10000.000000
82.000000 23.000000 1.000000 10000.000000 10000.000000 10000.000000 10000.000000
82.000000 24.000000 1.000000 10000.000000 10000.000000 10000.000000 10000.000000
82.000000 25.000000 1.000000 10000.000000 10000.000000 10000.000000 10000.000000
82.000000 26.000000 1.000000 10000.000000 10000.000000 10000.000000 10000.000000
82.000000 27.000000 1.000000 10000.000000 10000.000000 10000.000000 10000.000000
82.000000 28.000000 1.000000 10000.000000 10000.000000 10000.000000 10000.000000
82.000000 29.000000 1.000000 10000.000000 10000.000000 10000.000000 10000.000000
82.000000 30.000000 1.000000 10000.000000 10000.000000 10000.000000 10000.000000
82.000000 31.000000 1.000000 10000.000000 10000.000000 10000.000000 10000.000000
82.000000 32.000000 1.000000 10000.000000 10000.000000 10000.000000 10000.000000
82.000000 33.000000 1.000000 10000.000000 10000.000000 10000.000000 10000.000000
82.000000 34.000000 1.000000 10000.000000 10000.000000 10000.000000 10000.000000
82.000000 35.000000 1.000000 10000.000000 10000.000000 10000.000000 10000.000000
82.000000 36.000000 1.000000 10000.000000 10000.000000 10000.000000 10000.000000
82.000000 37.000000 1.000000 10000.000000 10000.000000 10000.000000 10000.000000
82.000000 38.000000 1.000000 10000.000000 10000.000000 10000.000000 10000.000000
82.000000 39.000000 1.000000 10000.000000 10000.000000 10000.000000 10000.000000
82.000000 40.000000 1.000000 10000.000000 10000.000000 10000.000000 10000.000000
82.000000 41.000000 1.000000 10000.000000 10000.000000 10000.000000 10000.000000
82.000000 42.000000 1.000000 10000.000000 10000.000000 10000.000000 10000.000000
82.000000 43.000000 1.000000 10000.000000 10000.000000 10000.000000 10000.000000
82.000000 44.000000 1.000000 10000.000000 10000.000000 10000.000000 10000.000000
82.000000 45.000000 1.000000 10000.000000 10000.000000 10000.000000 10000.000000
82.000000 46.000000 1.000000 10000.000000 10000.000000 10000.000000 10000.000000
82.000000 47.000000 1.000000 10000.000000 10000.000000 10000.000000 10000.000000
82.000000 48.000000 1.000000 10000.000000 10000.000000 10000.000000 10000.000000
82.000000 49.000000 1.000000 10000.000000 10000.000000 10000.000000 10000.000000
83.000000 0.000000 1.000000 10000.000000 10000.000000 10000.000000 10000.000000
83.000000 1.000000 1.000000 10000.000000 10000.000000 10000.000000 10000.000000
83.000000 2.000000 1.000000 10000.000000 10000.000000 10000.000000 10000.000000
83.000000 3.000000 1.000000 10000.000000 10000.000000 10000.000000 10000.000000
83.000000 4.000000 1.000000 9999.000000 10000.000000 9999.000000 9999.000000
83.000000 5.000000 1.000000 9999.000000 10000.000000 9999.000000 9999.000000
83.000000 6.000000 1.000000 9999.000000 10000.000000 9999.000000 9999.000000
83.000000 7.000000 1.000000 9999.000000 10000.000000 9999.000000 9999.000000
83.000000 8.000000 1.000000 9999.000000 10000.000000 9999.000000 9999.000000
83.000000 9.000000 1.000000 10000.000000 10000.000000 10000.000000 10000.000000
83.000000 10.000000 1.000000 10000.000000 10000.000000 10000.000000 10000.000000
83.000000 11.000000 1.000000 10000.000000 10000.000000 10000.000000 10000.000000
83.000000 12.000000 1.000000 10000.000000 10000.000000 10000.000000 10000.000000
83.000000 13.000000 1.000000 10000.000000 10000.000000 10000.000000 10000.000000
83.000000 14.000000 1.000000 10000.000000 10000.000000 10000.000000 10000.000000
83.000000 15.000000 1.000000 10000.000000 10000.000000 10000.000000 10000.000000
83.000000 16.000000 1.000000 10000.000000 10000.000000 10000.000000 10000.000000
83.000000 17.000000 1.000000 10000.000000 10000.000000 10000.000000 10000.000000
83.000000 18.000000 1.000000 10000.000000 10000.000000 10000.000000 10000.000000
83.000000 19.000000 1.000000 10000.000000 10000.000000 10000.000000 10000.000000
83.000000 20.000000 1.000000 10000.000000 10000.000000 10000.000000 10000.000000
83.000000 21.000000 1.000000 10000.000000 10000.000000 10000.000000 10000.000000
83.000000 22.000000 1.000000 10000.000000 10000.000000 10000.000000 10000.000000
83.000000 23.000000 1.000000 10000.000000 10000.000000 10000.000000 10000.000000
83.000000 24.000000 1.000000 10000.000000 10000.000000 10000.000000 10000.000000
83.000000 25.000000 1.000000 10000.000000 10000.000000 10000.000000 10000.000000
83.000000 26.000000 1.000000 10000.000000 10000.000000 10000.000000 10000.000000
83.000000 27.000000 1.000000 10000.000000 10000.000000 10000.000000 10000.000000
83.000000 28.000000 1.000000 10000.000000 10000.000000 10000.000000 10000.000000
83.000000 29.000000 1.000000 10000.000000 10000.000000 10000.000000 10000.000000
83.000000 30.000000 1.000000 10000.000000 10000.000000 10000.000000 10000.000000
83.000000 31.000000 1.000000 10000.000000 10000.000000 10000.000000 10000.000000
83.000000 32.000000 1.000000 10000.000000 10000.000000 10000.000000 10000.000000
83.000000 33.000000 1.000000 10000.000000 10000.000000 10000.000000 10000.000000
83.000000 34.000000 1.000000 10000.000000 10000.000000 10000.000000 10000.000000
83.000000 35.000000 1.000000 10000.000000 10000.000000 10000.000000 10000.000000
83.000000 36.000000 1.000000 10000.000000 10000.000000 10000.000000 10000.000000
83.000000 37.000000 1.000000 10000.000000 10000.000000 10000.000000 10000.000000
83.000000 38.000000 1.000000 10000.000000 10000.000000 10000.000000 10000.000000
83.000000 39.000000 1.000000 10000.000000 10000.000000 10000.000000 10000.000000
83.000000 40.000000 1.000000 10000.000000 10000.000000 10000.000000 10000.000000
83.000000 41.000000 1.000000 10000.000000 10000.000000 10000.000000 10000.000000
83.000000 42.000000 1.000000 10000.000000 10000.000000 10000.000000 10000.000000
83.000000 43.000000 1.000000 10000.000000 10000.000000 10000.000000 10000.000000
83.000000 44.000000 1.000000 10000.000000 10000.000000 10000.000000 10000.000000
83.000000 45.000000 1.000000 10000.000000 10000.000000 10000.000000 10000.000000
83.000000 46.000000 1.000000 10000.000000 10000.000000 10000.000000 10000.000000
83.000000 47.000000 1.000000 10000.000000 10000.000000 10000.000000 10000.000000
83.000000 48.000000 1.000000 10000.000000 10000.000000 10000.000000 10000.000000
83.000000 49.000000 1.000000 10000.000000 10000.000000 10000.000000 10000.000000
84.000000 0.000000 1.000000 10000.000000 10000.000000 10000.000000 10000.000000
84.000000 1.000000 1.000000 10000.000000 10000.000000 10000.000000 10000.000000
84.000000 2.000000 1.000000 9999.000000 10000.000000 9999.000000 9999.000000
84.000000 3.000000 1.000000 9999.000000 10000.000000 9999.000000 9999.000000
84.000000 4.000000 1.000000 9998.000000 10000.000000 9998.000000 9998.000000
84.000000 5.000000 1.000000 9998.000000 10000.000000 9998.000000 9998.000000
84.000000 6.000000 1.000000 9998.000000 10000.000000 9998.000000 9998.000000
84.000000 7.000000 1.000000 9999.000000 10000.000000 9999.000000 9999.000000
84.000000 8.000000 1.000000 9999.000000 10000.000000 9999.000000 9999.000000
84.000000 9.000000 1.000000 9999.000000 10000.000000 9999.000000 9999.000000
84.000000 10.000000 1.000000 10000.000000 10000.000000 10000.000000 10000.000000
84.000000 11.000000 1.000000 10000.000000 10000.000000 10000.000000 10000.000000
84.000000 12.000000 1.000000 10000.000000 10000.000000 10000.000000 10000.000000
84.000000 13.000000 1.000000 10000.000000 10000.000000 10000.000000 10000.000000
84.000000 14.000000 1.000000 10000.000000 10000.000000 10000.000000 10000.000000
84.000000 15.000000 1.000000 10000.000000 10000.000000 10000.000000 10000.000000
84.000000 16.000000 1.000000 10000.000000 10000.000000 10000.000000 10000.000000
84.000000 17.000000 1.000000 10000.000000 10000.000000 10000.000000 10000.000000
84.000000 18.000000 1.000000 10000.000000 10000.000000 10000.000000 10000.000000
84.000000 19.000000 1.000000 10000.000000 10000.000000 10000.000000 10000.000000
84.000000 20.000000 1.000000 10000.000000 10000.000000 10000.000000 10000.000000
84.000000 21.000000 1.000000 10000.000000 10000.000000 10000.000000 10000.000000
84.000000 22.000000 1.000000 10000.000000 10000.000000 10000.000000 10000.000000
84.000000 23.000000 1.000000 10000.000000 10000.000000 10000.000000 10000.000000
84.000000 24.000000 1.000000 10000.000000 10000.000000 10000.000000 10000.000000
84.000000 25.000000 1.000000 10000.000000 10000.000000 10000.000000 10000.000000
84.000000 26.000000 1.000000 10000.000000 10000.000000 10000.000000 10000.000000
84.000000 27.000000 1.000000 10000.000000 10000.000000 10000.000000 10000.000000
84.000000 28.000000 1.000000 10000.000000 10000.000000 10000.000000 10000.000000
84.000000 29.000000 1.000000 10000.000000 10000.000000 10000.000000 10000.000000
84.000000 30.000000 1.000000 10000.000000 10000.000000 10000.000000 10000.000000
84.000000 31.000000 1.000000 10000.000000 10000.000000 10000.000000 10000.000000
84.000000 32.000000 1.000000 10000.000000 10000.000000 10000.000000 10000.000000
84.000000 33.000000 1.000000 10000.000000 10000.000000 10000.000000 10000.000000
84.000000 34.000000 1.000000 10000.000000 10000.000000 10000.000000 10000.000000
84.000000 35.000000 1.000000 10000.000000 10000.000000 10000.000000 10000.000000
84.000000 36.000000 1.000000 10000.000000 10000.000000 10000.000000 10000.000000
84.000000 37.000000 1.000000 10000.000000 10000.000000 10000.000000 10000.000000
84.000000 38.000000 1.000000 10000.000000 10000.000000 10000.000000 10000.000000
84.000000 39.000000 1.000000 10000.000000 10000.000000 10000.000000 10000.000000
84.000000 40.000000 1.000000 10000.000000 10000.000000 10000.000000 10000.000000
84.000000 41.000000 1.000000 10000.000000 10000.000000 10000.000000 10000.000000
84.000000 42.000000 1.000000 10000.000000 10000.000000 10000.000000 10000.000000
84.000000 43.000000 1.000000 10000.000000 10000.000000 10000.000000 10000.000000
84.000000 44.000000 1.000000 10000.000000 10000.000000 10000.000000 10000.000000
84.000000 45.000000 1.000000 10000.000000 10000.000000 10000.000000 10000.000000
84.000000 46.000000 1.000000 10000.000000 10000.000000 10000.000000 10000.000000
84.000000 47.000000 1.000000 10000.000000 10000.000000 10000.000000 10000.000000
84.000000 48.000000 1.000000 10000.000000 10000.000000 10000.000000 10000.000000
84.000000 49.000000 1.000000 10000.000000 10000.000000 10000.000000 10000.000000
85.000000 0.000000 1.000000 10000.000000 10000.000000 10000.000000 10000.000000
85.000000 1.000000 1.000000 10000.000000 10000.000000 10000.000000 10000.000000
85.000000 2.000000 1.000000 9999.000000 10000.000000 9999.000000 9999.000000
85.000000 3.000000 1.000000 9998.000000 10000.000000 9998.000000 9998.000000
85.000000 4.000000 1.000000 9995.000000 10000.000000 9995.000000 9995.000000
85.000000 5.000000 1.000000 9994.000000 10000.000000 9994.000000 9994.000000
85.000000 6.000000 1.000000 9994.000000 10000.000000 9994.000000 9994.000000
85.000000 7.000000 1.000000 9993.000000 10000.000000 9993.000000 9993.000000
85.000000 8.000000 1.000000 9994.000000 10000.000000 9994.000000 9994.000000
85.000000 9.000000 1.000000 9996.000000 10000.000000 9996.000000 9996.000000
85.000000 10.000000 1.000000 9998.000000 10000.000000 9998.000000 9998.000000
85.000000 11.000000 1.000000 9996.000000 10000.000000 9996.000000 9996.000000
85.000000 12.000000 1.000000 9997.000000 10000.000000 9997.000000 9997.000000
85.000000 13.000000 1.000000 9997.000000 10000.000000 9997.000000 9997.000000
85.000000 14.000000 1.000000 9998.000000 10000.000000 9998.000000 9998.000000
85.000000 15.000000 1.000000 9998.000000 10000.000000 9998.000000 9998.000000
85.000000 16.000000 1.000000 10000.000000 10000.000000 10000.000000 10000.000000
85.000000 17.000000 1.000000 10000.000000 10000.000000 10000.000000 10000.000000
85.000000 18.000000 1.000000 10000.000000 10000.000000 10000.000000 10000.000000
85.000000 19.000000 1.000000 10000.000000 10000.000000 10000.000000 10000.000000
85.000000 20.000000 1.000000 10000.000000 10000.000000 10000.000000 10000.000000
85.000000 21.000000 1.000000 10000.000000 10000.000000 10000.000000 10000.000000
85.000000 22.000000 1.000000 10000.000000 10000.000000 10000.000000 10000.000000
85.000000 23.000000 1.000000 10000.000000 10000.000000 10000.000000 10000.000000
85.000000 24.000000 1.000000 10000.000000 10000.000000 10000.000000 10000.000000
85.000000 25.000000 1.000000 10000.000000 10000.000000 10000.000000 10000.000000
85.000000 26.000000 1.000000 10000.000000 10000.000000 10000.000000 10000.000000
85.000000 27.000000 1.000000 10000.000000 10000.000000 10000.000000 10000.000000
85.000000 28.000000 1.000000 10000.000000 10000.000000 10000.000000 10000.000000
85.000000 29.000000 1.000000 10000.000000 10000.000000 10000.000000 10000.000000
85.000000 30.000000 1.000000 10000.000000 10000.000000 10000.000000 10000.000000
85.000000 31.000000 1.000000 10000.000000 10000.000000 10000.000000 10000.000000
85.000000 32.000000 1.000000 10000.000000 10000.000000 10000.000000 10000.000000
85.000000 33.000000 1.000000 10000.000000 10000.000000 10000.000000 10000.000000
85.000000 34.000000 1.000000 10000.000000 10000.000000 10000.000000 10000.000000
85.000000 35.000000 1.000000 10000.000000 10000.000000 10000.000000 10000.000000
85.000000 36.000000 1.000000 10000.000000 10000.000000 10000.000000 10000.000000
85.000000 37.000000 1.000000 10000.000000 10000.000000 10000.000000 10000.000000
85.000000 38.000000 1.000000 10000.000000 10000.000000 10000.000000 10000.000000
85.000000 39.000000 1.000000 10000.000000 10000.000000 10000.000000 10000.000000
85.000000 40.000000 1.000000 10000.000000 10000.000000 10000.000000 10000.000000
85.000000 41.000000 1.000000 10000.000000 10000.000000 10000.000000 10000.000000
85.000000 42.000000 1.000000 10000.000000 10000.000000 10000.000000 10000.000000
85.000000 43.000000 1.000000 10000.000000 10000.000000 10000.000000 10000.000000
85.000000 44.000000 1.000000 10000.000000 10000.000000 10000.000000 10000.000000
85.000000 45.000000 1.000000 10000.000000 10000.000000 10000.000000 10000.000000
85.000000 46.000000 1.000000 10000.000000 10000.000000 10000.000000 10000.000000
85.000000 47.000000 1.000000 10000.000000 10000.000000 10000.000000 10000.000000
85.000000 48.000000 1.000000 10000.000000 10000.000000 10000.000000 10000.000000
85.000000 49.000000 1.000000 10000.000000 10000.000000 10000.000000 10000.000000
86.000000 0.000000 1.000000 10000.000000 10000.000000 10000.000000 10000.000000
86.000000 1.000000 1.000000 10000.000000 10000.000000 10000.000000 10000.000000
86.000000 2.000000 1.000000 10000.000000 10000.000000 10000.000000 10000.000000
86.000000 3.000000 1.000000 9999.000000 10000.000000 9999.000000 9999.000000
86.000000 4.000000 1.000000 9999.000000 10000.000000 9999.000000 9999.000000
86.000000 5.000000 1.000000 9999.000000 10000.000000 9999.000000 9999.000000
86.000000 6.000000 1.000000 9997.000000 10000.000000 9997.000000 9997.000000
86.000000 7.000000 1.000000 9997.000000 10000.000000 9997.000000 9997.000000
86.000000 8.000000 1.000000 9997.000000 10000.000000 9997.000000 9997.000000
86.000000 9.000000 1.000000 9995.000000 10000.000000 9995.000000 9995.000000
86.000000 10.000000 1.000000 9995.000000 10000.000000 9995.000000 9995.000000
86.000000 11.000000 1.000000 9996.000000 10000.000000 9996.000000 9996.000000
86.000000 12.000000 1.000000 9996.000000 10000.000000 9996.000000 9996.000000
86.000000 13.000000 1.000000 9997.000000 10000.000000 9997.000000 9997.000000
86.000000 14.000000 1.000000 9997.000000 10000.000000 9997.000000 9997.000000
86.000000 15.000000 1.000000 9997.000000 10000.000000 9997.000000 9997.000000
86.000000 16.000000 1.000000 9997.000000 10000.000000 9997.000000 9997.000000
86.000000 17.000000 1.000000 9998.000000 10000.000000 9998.000000 9998.000000
86.000000 18.000000 1.000000 9998.000000 10000.000000 9998.000000 9998.000000
86.000000 19.000000 1.000000 10000.000000 10000.000000 10000.000000 10000.000000
86.000000 20.000000 1.000000 10000.000000 10000.000000 10000.000000 10000.000000
86.000000 21.000000 1.000000 10000.000000 10000.000000 10000.000000 10000.000000
86.000000 22.000000 1.000000 10000.000000 10000.000000 10000.000000 10000.000000
86.000000 23.000000 1.000000 10000.000000 10000.000000 10000.000000 10000.000000
86.000000 24.000000 1.000000 10000.000000 10000.000000 10000.000000 10000.000000
86.000000 25.000000 1.000000 10000.000000 10000.000000 10000.000000 10000.000000
86.000000 26.000000 1.000000 10000.000000 10000.000000 10000.000000 10000.000000
86.000000 27.000000 1.000000 10000.000000 10000.000000 10000.000000 10000.000000
86.000000 28.000000 1.000000 10000.000000 10000.000000 10000.000000 10000.000000
86.000000 29.000000 1.000000 10000.000000 10000.000000 10000.000000 10000.000000
86.000000 30.000000 1.000000 10000.000000 10000.000000 10000.000000 10000.000000
86.000000 31.000000 1.000000 10000.000000 10000.000000 10000.000000 10000.000000
86.000000 32.000000 1.000000 10000.000000 10000.000000 10000.000000 10000.000000
86.000000 33.000000 1.000000 10000.000000 10000.000000 10000.000000 10000.000000
86.000000 34.000000 1.000000 10000.000000 10000.000000 10000.000000 10000.000000
86.000000 35.000000 1.000000 10000.000000 10000.000000 10000.000000 10000.000000
86.000000 36.000000 1.000000 10000.000000 10000.000000 10000.000000 10000.000000
86.000000 37.000000 1.000000 10000.000000 10000.000000 10000.000000 10000.000000
86.000000 38.000000 1.000000 10000.000000 10000.000000 10000.000000 10000.000000
86.000000 39.000000 1.000000 10000.000000 10000.000000 10000.000000 10000.000000
86.000000 40.000000 1.000000 10000.000000 10000.000000 10000.000000 10000.000000
86.000000 41.000000 1.000000 10000.000000 10000.000000 10000.000000 10000.000000
86.000000 42.000000 1.000000 10000.000000 10000.000000 10000.000000 10000.000000
86.000000 43.000000 1.000000 10000.000000 10000.000000 10000.000000 10000.000000
86.000000 44.000000 1.000000 10000.000000 10000.000000 10000.000000 10000.000000
86.000000 45.000000 1.000000 10000.000000 10000.000000 10000.000000 10000.000000
86.000000 46.000000 1.000000 10000.000000 10000.000000 10000.000000 10000.000000
86.000000 47.000000 1.000000 10000.000000 10000.000000 10000.000000 10000.000000
86.000000 48.000000 1.000000 10000.000000 10000.000000 10000.000000 10000.000000
86.000000 49.000000 1.000000 10000.000000 10000.000000 10000.000000 10000.000000
87.000000 0.000000 1.000000 10000.000000 10000.000000 10000.000000 10000.000000
87.000000 1.000000 1.000000 10000.000000 10000.000000 10000.000000 10000.000000
87.000000 2.000000 1.000000 10000.000000 10000.000000 10000.000000 10000.000000
87.000000 3.000000 1.000000 9999.000000 10000.000000 9999.000000 9999.000000
87.000000 4.000000 1.000000 9996.000000 10000.000000 9996.000000 9996.000000
87.000000 5.000000 1.000000 9992.000000 10000.000000 9992.000000 9992.000000
87.000000 6.000000 1.000000 9992.000000 10000.000000 9992.000000 9992.000000
87.000000 7.000000 1.000000 9992.000000 10000.000000 9992.000000 9992.000000
87.000000 8.000000 1.000000 9993.000000 10000.000000 9993.000000 9993.000000
87.000000 9.000000 1.000000 9996.000000 10000.000000 9996.000000 9996.000000
87.000000 10.000000 1.000000 10000.000000 10000.000000 10000.000000 10000.000000
87.000000 11.000000 1.000000 10000.000000 10000.000000 10000.000000 10000.000000
87.000000 12.000000 1.000000 10000.000000 10000.000000 10000.000000 10000.000000
87.000000 13.000000 1.000000 10000.000000 10000.000000 10000.000000 10000.000000
87.000000 14.000000 1.000000 10000.000000 10000.000000 10000.000000 10000.000000
87.000000 15.000000 1.000000 10000.000000 10000.000000 10000.000000 10000.000000
87.000000 16.000000 1.000000 10000.000000 10000.000000 10000.000000 10000.000000
87.000000 17.000000 1.000000 10000.000000 10000.000000 10000.000000 10000.000000
87.000000 18.000000 1.000000 10000.000000 10000.000000 10000.000000 10000.000000
87.000000 19.000000 1.000000 10000.000000 10000.000000 10000.000000 10000.000000
87.000000 20.000000 1.000000 10000.000000 10000.000000 10000.000000 10000.000000
87.000000 21.000000 1.000000 10000.000000 10000.000000 10000.000000 10000.000000
87.000000 22.000000 1.000000 10000.000000 10000.000000 10000.000000 10000.000000
87.000000 23.000000 1.000000 10000.000000 10000.000000 10000.000000 10000.000000
87.000000 24.000000 1.000000 10000.000000 10000.000000 10000.000000 10000.000000
87.000000 25.000000 1.000000 10000.000000 10000.000000 10000.000000 10000.000000
87.000000 26.000000 1.000000 10000.000000 10000.000000 10000.000000 10000.000000
87.000000 27.000000 1.000000 10000.000000 10000.000000 10000.000000 10000.000000
87.000000 28.000000 1.000000 10000.000000 10000.000000 10000.000000 10000.000000
87.000000 29.000000 1.000000 10000.000000 10000.000000 10000.000000 10000.000000
87.000000 30.000000 1.000000 10000.000000 10000.000000 10000.000000 10000.000000
87.000000 31.000000 1.000000 10000.000000 10000.000000 10000.000000 10000.000000
87.000000 32.000000 1.000000 10000.000000 10000.000000 10000.000000 10000.000000
87.000000 33.000000 1.000000 10000.000000 10000.000000 10000.000000 10000.000000
87.000000 34.000000 1.000000 10000.000000 10000.000000 10000.000000 10000.000000
87.000000 35.000000 1.000000 10000.000000 10000.000000 10000.000000 10000.000000
87.000000 36.000000 1.000000 10000.000000 10000.000000 10000.000000 10000.000000
87.000000 37.000000 1.000000 10000.000000 10000.000000 10000.000000 10000.000000
87.000000 38.000000 1.000000 10000.000000 10000.000000 10000.000000 10000.000000
87.000000 39.000000 1.000000 10000.000000 10000.000000 10000.000000 10000.000000
87.000000 40.000000 1.000000 10000.000000 10000.000000 10000.000000 10000.000000
87.000000 41.000000 1.000000 10000.000000 10000.000000 10000.000000 10000.000000
87.000000 42.000000 1.000000 10000.000000 10000.000000 10000.000000 10000.000000
87.000000 43.000000 1.000000 10000.000000 10000.000000 10000.000000 10000.000000
87.000000 44.000000 1.000000 10000.000000 10000.000000 10000.000000 10000.000000
87.000000 45.000000 1.000000 10000.000000 10000.000000 10000.000000 10000.000000
87.000000 46.000000 1.000000 10000.000000 10000.000000 10000.000000 10000.000000
87.000000 47.000000 1.000000 10000.000000 10000.000000 10000.000000 10000.000000
87.000000 48.000000 1.000000 10000.000000 10000.000000 10000.000000 10000.000000
87.000000 49.000000 1.000000 10000.000000 10000.000000 10000.000000 10000.000000
88.000000 0.000000 1.000000 10000.000000 10000.000000 10000.000000 10000.000000
88.000000 1.000000 1.000000 10000.000000 10000.000000 10000.000000 10000.000000
88.000000 2.000000 1.000000 10000.000000 10000.000000 10000.000000 10000.000000
88.000000 3.000000 1.000000 9999.000000 10000.000000 9999.000000 9999.000000
88.000000 4.000000 1.000000 9999.000000 10000.000000 9999.000000 9999.000000
88.000000 5.000000 1.000000 9998.000000 10000.000000 9998.000000 9998.000000
88.000000 6.000000 1.000000 9985.000000 10000.000000 9985.000000 9985.000000
88.000000 7.000000 1.000000 9903.000000 10000.000000 9903.000000 9903.000000
88.000000 8.000000 1.000000 9777.000000 10000.000000 9777.000000 9777.000000
88.000000 9.000000 1.000000 9652.000000 10000.000000 9652.000000 9652.000000
88.000000 10.000000 1.000000 9486.000000 10000.000000 9486.000000 9486.000000
88.000000 11.000000 1.000000 9321.000000 10000.000000 9321.000000 9321.000000
88.000000 12.000000 1.000000 9201.000000 10000.000000 9201.000000 9201.000000
88.000000 13.000000 1.000000 9165.000000 10000.000000 9165.000000 9165.000000
88.000000 14.000000 1.000000 9122.000000 10000.000000 9122.000000 9122.000000
88.000000 15.000000 1.000000 9118.000000 10000.000000 9118.000000 9118.000000
88.000000 16.000000 1.000000 9167.000000 10000.000000 9167.000000 9167.000000
88.000000 17.000000 1.000000 9243.000000 10000.000000 9243.000000 9243.000000
88.000000 18.000000 1.000000 9312.000000 10000.000000 9312.000000 9312.000000
88.000000 19.000000 1.000000 9404.000000 10000.000000 9404.000000 9404.000000
88.000000 20.000000 1.000000 9484.000000 10000.000000 9484.000000 9484.000000
88.000000 21.000000 1.000000 9570.000000 10000.000000 9570.000000 9570.000000
88.000000 22.000000 1.000000 9654.000000 10000.000000 9654.000000 9654.000000
88.000000 23.000000 1.000000 9719.000000 10000.000000 9719.000000 9719.000000
88.000000 24.000000 1.000000 9778.000000 10000.000000 9778.000000 9778.000000
88.000000 25.000000 1.000000 9839.000000 10000.000000 9839.000000 9839.000000
88.000000 26.000000 1.000000 9869.000000 10000.000000 9869.000000 9869.000000
88.000000 27.000000 1.000000 9893.000000 10000.000000 9893.000000 9893.000000
88.000000 28.000000 1.000000 9918.000000 10000.000000 9918.000000 9918.000000
88.000000 29.000000 1.000000 9937.000000 10000.000000 9937.000000 9937.000000
88.000000 30.000000 1.000000 9944.000000 10000.000000 9944.000000 9944.000000
88.000000 31.000000 1.000000 9961.000000 10000.000000 9961.000000 9961.000000
88.000000 32.000000 1.000000 9978.000000 10000.000000 9978.000000 9978.000000
88.000000 33.000000 1.000000 9982.000000 10000.000000 9982.000000 9982.000000
88.000000 34.000000 1.000000 9987.000000 10000.000000 9987.000000 9987.000000
88.000000 35.000000 1.000000 9992.000000 10000.000000 9992.000000 9992.000000
88.000000 36.000000 1.000000 9995.000000 10000.000000 9995.000000 9995.000000
88.000000 37.000000 1.000000 9997.000000 10000.000000 9997.000000 9997.000000
88.000000 38.000000 1.000000 10000.000000 10000.000000 10000.000000 10000.000000
88.000000 39.000000 1.000000 10000.000000 10000.000000 10000.000000 10000.000000
88.000000 40.000000 1.000000 10000.000000 10000.000000 10000.000000 10000.000000
88.000000 41.000000 1.000000 10000.000000 10000.000000 10000.000000 10000.000000
88.000000 42.000000 1.000000 10000.000000 10000.000000 10000.000000 10000.000000
88.000000 43.000000 1.000000 10000.000000 10000.000000 10000.000000 10000.000000
88.000000 44.000000 1.000000 10000.000000 10000.000000 10000.000000 10000.000000
88.000000 45.000000 1.000000 10000.000000 10000.000000 10000.000000 10000.000000
88.000000 46.000000 1.000000 10000.000000 10000.000000 10000.000000 10000.000000
88.000000 47.000000 1.000000 10000.000000 10000.000000 10000.000000 10000.000000
88.000000 48.000000 1.000000 10000.000000 10000.000000 10000.000000 10000.000000
88.000000 49.000000 1.000000 10000.000000 10000.000000 10000.000000 10000.000000
89.000000 0.000000 1.000000 10000.000000 10000.000000 10000.000000 10000.000000
89.000000 1.000000 1.000000 10000.000000 10000.000000 10000.000000 10000.000000
89.000000 2.000000 1.000000 9999.000000 10000.000000 9999.000000 9999.000000
89.000000 3.000000 1.000000 9999.000000 10000.000000 9999.000000 9999.000000
89.000000 4.000000 1.000000 9999.000000 10000.000000 9999.000000 9999.000000
89.000000 5.000000 1.000000 9999.000000 10000.000000 9999.000000 9999.000000
89.000000 6.000000 1.000000 9999.000000 10000.000000 9999.000000 9999.000000
89.000000 7.000000 1.000000 10000.000000 10000.000000 10000.000000 10000.000000
89.000000 8.000000 1.000000 10000.000000 10000.000000 10000.000000 10000.000000
89.000000 9.000000 1.000000 10000.000000 10000.000000 10000.000000 10000.000000
89.000000 10.000000 1.000000 10000.000000 10000.000000 10000.000000 10000.000000
89.000000 11.000000 1.000000 10000.000000 10000.000000 10000.000000 10000.000000
89.000000 12.000000 1.000000 10000.000000 10000.000000 10000.000000 10000.000000
89.000000 13.000000 1.000000 10000.000000 10000.000000 10000.000000 10000.000000
89.000000 14.000000 1.000000 10000.000000 10000.000000 10000.000000 10000.000000
89.000000 15.000000 1.000000 10000.000000 10000.000000 10000.000000 10000.000000
89.000000 16.000000 1.000000 10000.000000 10000.000000 10000.000000 10000.000000
89.000000 17.000000 1.000000 10000.000000 10000.000000 10000.000000 10000.000000
89.000000 18.000000 1.000000 10000.000000 10000.000000 10000.000000 10000.000000
89.000000 19.000000 1.000000 10000.000000 10000.000000 10000.000000 10000.000000
89.000000 20.000000 1.000000 10000.000000 10000.000000 10000.000000 10000.000000
89.000000 21.000000 1.000000 10000.000000 10000.000000 10000.000000 10000.000000
89.000000 22.000000 1.000000 10000.000000 10000.000000 10000.000000 10000.000000
89.000000 23.000000 1.000000 10000.000000 10000.000000 10000.000000 10000.000000
89.000000 24.000000 1.000000 10000.000000 10000.000000 10000.000000 10000.000000
89.000000 25.000000 1.000000 10000.000000 10000.000000 10000.000000 10000.000000
89.000000 26.000000 1.000000 10000.000000 10000.000000 10000.000000 10000.000000
89.000000 27.000000 1.000000 10000.000000 10000.000000 10000.000000 10000.000000
89.000000 28.000000 1.000000 10000.000000 10000.000000 10000.000000 10000.000000
89.000000 29.000000 1.000000 10000.000000 10000.000000 10000.000000 10000.000000
89.000000 30.000000 1.000000 10000.000000 10000.000000 10000.000000 10000.000000
89.000000 31.000000 1.000000 10000.000000 10000.000000 10000.000000 10000.000000
89.000000 32.000000 1.000000 10000.000000 10000.000000 10000.000000 10000.000000
89.000000 33.000000 1.000000 10000.000000 10000.000000 10000.000000 10000.000000
89.000000 34.000000 1.000000 10000.000000 10000.000000 10000.000000 10000.000000
89.000000 35.000000 1.000000 10000.000000 10000.000000 10000.000000 10000.000000
89.000000 36.000000 1.000000 10000.000000 10000.000000 10000.000000 10000.000000
89.000000 37.000000 1.000000 10000.000000 10000.000000 10000.000000 10000.000000
89.000000 38.000000 1.000000 10000.000000 10000.000000 10000.000000 10000.000000
89.000000 39.000000 1.000000 10000.000000 10000.000000 10000.000000 10000.000000
89.000000 40.000000 1.000000 10000.000000 10000.000000 10000.000000 10000.000000
89.000000 41.000000 1.000000 10000.000000 10000.000000 10000.000000 10000.000000
89.000000 42.000000 1.000000 10000.000000 10000.000000 10000.000000 10000.000000
89.000000 43.000000 1.000000 10000.000000 10000.000000 10000.000000 10000.000000
89.000000 44.000000 1.000000 10000.000000 10000.000000 10000.000000 10000.000000
89.000000 45.000000 1.000000 10000.000000 10000.000000 10000.000000 10000.000000
89.000000 46.000000 1.000000 10000.000000 10000.000000 10000.000000 10000.000000
89.000000 47.000000 1.000000 10000.000000 10000.000000 10000.000000 10000.000000
89.000000 48.000000 1.000000 10000.000000 10000.000000 10000.000000 10000.000000
89.000000 49.000000 1.000000 10000.000000 10000.000000 10000.000000 10000.000000
90.000000 0.000000 1.000000 10000.000000 10000.000000 10000.000000 10000.000000
90.000000 1.000000 1.000000 10000.000000 10000.000000 10000.000000 10000.000000
90.000000 2.000000 1.000000 9999.000000 10000.000000 9999.000000 9999.000000
90.000000 3.000000 1.000000 9997.000000 10000.000000 9997.000000 9997.000000
90.000000 4.000000 1.000000 9997.000000 10000.000000 9997.000000 9997.000000
90.000000 5.000000 1.000000 9997.000000 10000.000000 9997.000000 9997.000000
90.000000 6.000000 1.000000 9995.000000 10000.000000 9995.000000 9995.000000
90.000000 7.000000 1.000000 9994.000000 10000.000000 9994.000000 9994.000000
90.000000 8.000000 1.000000 9990.000000 10000.000000 9990.000000 9990.000000
90.000000 9.000000 1.000000 9984.000000 10000.000000 9984.000000 9984.000000
90.000000 10.000000 1.000000 9977.000000 10000.000000 9977.000000 9977.000000
90.000000 11.000000 1.000000 9971.000000 10000.000000 9971.000000 9971.000000
90.000000 12.000000 1.000000 9957.000000 10000.000000 9957.000000 9957.000000
90.000000 13.000000 1.000000 9948.000000 10000.000000 9948.000000 9948.000000
90.000000 14.000000 1.000000 9942.000000 10000.000000 9942.000000 9942.000000
90.000000 15.000000 1.000000 9933.000000 10000.000000 9933.000000 9933.000000
90.000000 16.000000 1.000000 9923.000000 10000.000000 9923.000000 9923.000000
90.000000 17.000000 1.000000 9914.000000 10000.000000 9914.000000 9914.000000
90.000000 18.000000 1.000000 9919.000000 10000.000000 9919.000000 9919.000000
90.000000 19.000000 1.000000 9917.000000 10000.000000 9917.000000 9917.000000
90.000000 20.000000 1.000000 9908.000000 10000.000000 9908.000000 9908.000000
90.000000 21.000000 1.000000 9906.000000 10000.000000 9906.000000 9906.000000
90.000000 22.000000 1.000000 9874.000000 10000.000000 9874.000000 9874.000000
90.000000 23.000000 1.000000 9786.000000 10000.000000 9786.000000 9786.000000
90.000000 24.000000 1.000000 9719.000000 10000.000000 9719.000000 9719.000000
90.000000 25.000000 1.000000 9616.000000 10000.000000 9616.000000 9616.000000
90.000000 26.000000 1.000000 9486.000000 10000.000000 9486.000000 9486.000000
90.000000 27.000000 1.000000 9340.000000 10000.000000 9340.000000 9340.000000
90.000000 28.000000 1.000000 9234.000000 10000.000000 9234.000000 9234.000000
90.000000 29.000000 1.000000 9124.000000 10000.000000 9124.000000 9124.000000
90.000000 30.000000 1.000000 9088.000000 10000.000000 9088.000000 9088.000000
90.000000 31.000000 1.000000 9079.000000 10000.000000 9079.000000 9079.000000
90.000000 32.000000 1.000000 9098.000000 10000.000000 9098.000000 9098.000000
90.000000 33.000000 1.000000 9175.000000 10000.000000 9175.000000 9175.000000
90.000000 34.000000 1.000000 9279.000000 10000.000000 9279.000000 9279.000000
90.000000 35.000000 1.000000 9360.000000 10000.000000 9360.000000 9360.000000
90.000000 36.000000 1.000000 9466.000000 10000.000000 9466.000000 9466.000000
90.000000 37.000000 1.000000 9564.000000 10000.000000 9564.000000 9564.000000
90.000000 38.000000 1.000000 9645.000000 10000.000000 9645.000000 9645.000000
90.000000 39.000000 1.000000 9714.000000 10000.000000 9714.000000 9714.000000
90.000000 40.000000 1.000000 9760.000000 10000.000000 9760.000000 9760.000000
90.000000 41.000000 1.000000 9786.000000 10000.000000 9786.000000 9786.000000
90.000000 42.000000 1.000000 9810.000000 10000.000000 9810.000000 9810.000000
90.000000 43.000000 1.000000 9846.000000 10000.000000 9846.000000 9846.000000
90.000000 44.000000 1.000000 9865.000000 10000.000000 9865.000000 9865.000000
90.000000 45.000000 1.000000 9894.000000 10000.000000 9894.000000 9894.000000
90.000000 46.000000 1.000000 9916.000000 10000.000000 9916.000000 9916.000000
90.000000 47.000000 1.000000 9939.000000 10000.000000 9939.000000 9939.000000
90.000000 48.000000 1.000000 9954.000000 10000.000000 9954.000000 9954.000000
90.000000 49.000000 1.000000 9962.000000 10000.000000 9962.000000 9962.000000
91.000000 0.000000 1.000000 10000.000000 10000.000000 10000.000000 10000.000000
91.000000 1.000000 1.000000 10000.000000 10000.000000 10000.000000 10000.000000
91.000000 2.000000 1.000000 9999.000000 10000.000000 9999.000000 9999.000000
91.000000 3.000000 1.000000 9996.000000 10000.000000 9996.000000 9996.000000
91.000000 4.000000 1.000000 9988.000000 10000.000000 9988.000000 9988.000000
91.000000 5.000000 1.000000 9982.000000 10000.000000 9982.000000 9982.000000
91.000000 6.000000 1.000000 9969.000000 10000.000000 9969.000000 9969.000000
91.000000 7.000000 1.000000 9966.000000 10000.000000 9966.000000 9966.000000
91.000000 8.000000 1.000000 9965.000000 10000.000000 9965.000000 9965.000000
91.000000 9.000000 1.000000 9967.000000 10000.000000 9967.000000 9967.000000
91.000000 10.000000 1.000000 9965.000000 10000.000000 9965.000000 9965.000000
91.000000 11.000000 1.000000 9968.000000 10000.000000 9968.000000 9968.000000
91.000000 12.000000 1.000000 9963.000000 10000.000000 9963.000000 9963.000000
91.000000 13.000000 1.000000 9946.000000 10000.000000 9946.000000 9946.000000
91.000000 14.000000 1.000000 9923.000000 10000.000000 9923.000000 9923.000000
91.000000 15.000000 1.000000 9882.000000 10000.000000 9882.000000 9882.000000
91.000000 16.000000 1.000000 9839.000000 10000.000000 9839.000000 9839.000000
91.000000 17.000000 1.000000 9786.000000 10000.000000 9786.000000 9786.000000
91.000000 18.000000 1.000000 9719.000000 10000.000000 9719.000000 9719.000000
91.000000 19.000000 1.000000 9645.000000 10000.000000 9645.000000 9645.000000
91.000000 20.000000 1.000000 9584.000000 10000.000000 9584.000000 9584.000000
91.000000 21.000000 1.000000 9516.000000 10000.000000 9516.000000 9516.000000
91.000000 22.000000 1.000000 9433.000000 10000.000000 9433.000000 9433.000000
91.000000 23.000000 1.000000 9329.000000 10000.000000 9329.000000 9329.000000
91.000000 24.000000 1.000000 9255.000000 10000.000000 9255.000000 9255.000000
91.000000 25.000000 1.000000 9206.000000 10000.000000 9206.000000 9206.000000
91.000000 26.000000 1.000000 9192.000000 10000.000000 9192.000000 9192.000000
91.000000 27.000000 1.000000 9239.000000 10000.000000 9239.000000 9239.000000
91.000000 28.000000 1.000000 9291.000000 10000.000000 9291.000000 9291.000000
91.000000 29.000000 1.000000 9362.000000 10000.000000 9362.000000 9362.000000
91.000000 30.000000 1.000000 9436.000000 10000.000000 9436.000000 9436.000000
91.000000 31.000000 1.000000 9500.000000 10000.000000 9500.000000 9500.000000
91.000000 32.000000 1.000000 9537.000000 10000.000000 9537.000000 9537.000000
91.000000 33.000000 1.000000 9632.000000 10000.000000 9632.000000 9632.000000
91.000000 34.000000 1.000000 9708.000000 10000.000000 9708.000000 9708.000000
91.000000 35.000000 1.000000 9769.000000 10000.000000 9769.000000 9769.000000
91.000000 36.000000 1.000000 9828.000000 10000.000000 9828.000000 9828.000000
91.000000 37.000000 1.000000 9875.000000 10000.000000 9875.000000 9875.000000
91.000000 38.000000 1.000000 9907.000000 10000.000000 9907.000000 9907.000000
91.000000 39.000000 1.000000 9928.000000 10000.000000 9928.000000 9928.000000
91.000000 40.000000 1.000000 9944.000000 10000.000000 9944.000000 9944.000000
91.000000 41.000000 1.000000 9956.000000 10000.000000 9956.000000 9956.000000
91.000000 42.000000 1.000000 9963.000000 10000.000000 9963.000000 9963.000000
91.000000 43.000000 1.000000 9972.000000 10000.000000 9972.000000 9972.000000
91.000000 44.000000 1.000000 9976.000000 10000.000000 9976.000000 9976.000000
91.000000 45.000000 1.000000 9982.000000 10000.000000 9982.000000 9982.000000
91.000000 46.000000 1.000000 9985.000000 10000.000000 9985.000000 9985.000000
91.000000 47.000000 1.000000 9986.000000 10000.000000 9986.000000 9986.000000
91.000000 48.000000 1.000000 9989.000000 10000.000000 9989.000000 9989.000000
91.000000 49.000000 1.000000 9990.000000 10000.000000 9990.000000 9990.000000
92.000000 0.000000 1.000000 10000.000000 10000.000000 10000.000000 10000.000000
92.000000 1.000000 1.000000 9999.000000 10000.000000 9999.000000 9999.000000
92.000000 2.000000 1.000000 9999.000000 10000.000000 9999.000000 9999.000000
92.000000 3.000000 1.000000 9999.000000 10000.000000 9999.000000 9999.000000
92.000000 4.000000 1.000000 9999.000000 10000.000000 9999.000000 9999.000000
92.000000 5.000000 1.000000 9999.000000 10000.000000 9999.000000 9999.000000
92.000000 6.000000 1.000000 10000.000000 10000.000000 10000.000000 10000.000000
92.000000 7.000000 1.000000 10000.000000 10000.000000 10000.000000 10000.000000
92.000000 8.000000 1.000000 10000.000000 10000.000000 10000.000000 10000.000000
92.000000 9.000000 1.000000 10000.000000 10000.000000 10000.000000 10000.000000
92.000000 10.000000 1.000000 10000.000000 10000.000000 10000.000000 10000.000000
92.000000 11.000000 1.000000 10000.000000 10000.000000 10000.000000 10000.000000
92.000000 12.000000 1.000000 10000.000000 10000.000000 10000.000000 10000.000000
92.000000 13.000000 1.000000 10000.000000 10000.000000 10000.000000 10000.000000
92.000000 14.000000 1.000000 10000.000000 10000.000000 10000.000000 10000.000000
92.000000 15.000000 1.000000 10000.000000 10000.000000 10000.000000 10000.000000
92.000000 16.000000 1.000000 10000.000000 10000.000000 10000.000000 10000.000000
92.000000 17.000000 1.000000 10000.000000 10000.000000 10000.000000 10000.000000
92.000000 18.000000 1.000000 10000.000000 10000.000000 10000.000000 10000.000000
92.000000 19.000000 1.000000 10000.000000 10000.000000 10000.000000 10000.000000
92.000000 20.000000 1.000000 10000.000000 10000.000000 10000.000000 10000.000000
92.000000 21.000000 1.000000 10000.000000 10000.000000 10000.000000 10000.000000
92.000000 22.000000 1.000000 10000.000000 10000.000000 10000.000000 10000.000000
92.000000 23.000000 1.000000 10000.000000 10000.000000 10000.000000 10000.000000
92.000000 24.000000 1.000000 10000.000000 10000.000000 10000.000000 10000.000000
92.000000 25.000000 1.000000 10000.000000 10000.000000 10000.000000 10000.000000
92.000000 26.000000 1.000000 10000.000000 10000.000000 10000.000000 10000.000000
92.000000 27.000000 1.000000 10000.000000 10000.000000 10000.000000 10000.000000
92.000000 28.000000 1.000000 10000.000000 10000.000000 10000.000000 10000.000000
92.000000 29.000000 1.000000 10000.000000 10000.000000 10000.000000 10000.000000
92.000000 30.000000 1.000000 10000.000000 10000.000000 10000.000000 10000.000000
92.000000 31.000000 1.000000 10000.000000 10000.000000 10000.000000 10000.000000
92.000000 32.000000 1.000000 10000.000000 10000.000000 10000.000000 10000.000000
92.000000 33.000000 1.000000 10000.000000 10000.000000 10000.000000 10000.000000
92.000000 34.000000 1.000000 10000.000000 10000.000000 10000.000000 10000.000000
92.000000 35.000000 1.000000 10000.000000 10000.000000 10000.000000 10000.000000
92.000000 36.000000 1.000000 10000.000000 10000.000000 10000.000000 10000.000000
92.000000 37.000000 1.000000 10000.000000 10000.000000 10000.000000 10000.000000
92.000000 38.000000 1.000000 10000.000000 10000.000000 10000.000000 10000.000000
92.000000 39.000000 1.000000 10000.000000 10000.000000 10000.000000 10000.000000
92.000000 40.000000 1.000000 10000.000000 10000.000000 10000.000000 10000.000000
92.000000 41.000000 1.000000 10000.000000 10000.000000 10000.000000 10000.000000
92.000000 42.000000 1.000000 10000.000000 10000.000000 10000.000000 10000.000000
92.000000 43.000000 1.000000 10000.000000 10000.000000 10000.000000 10000.000000
92.000000 44.000000 1.000000 10000.000000 10000.000000 10000.000000 10000.000000
92.000000 45.000000 1.000000 10000.000000 10000.000000 10000.000000 10000.000000
92.000000 46.000000 1.000000 10000.000000 10000.000000 10000.000000 10000.000000
92.000000 47.000000 1.000000 10000.000000 10000.000000 10000.000000 10000.000000
92.000000 48.000000 1.000000 10000.000000 10000.000000 10000.000000 10000.000000
92.000000 49.000000 1.000000 10000.000000 10000.000000 10000.000000 10000.000000
93.000000 0.000000 1.000000 10000.000000 10000.000000 10000.000000 10000.000000
93.000000 1.000000 1.000000 10000.000000 10000.000000 10000.000000 10000.000000
93.000000 2.000000 1.000000 9999.000000 10000.000000 9999.000000 9999.000000
93.000000 3.000000 1.000000 9999.000000 10000.000000 9999.000000 9999.000000
93.000000 4.000000 1.000000 9999.000000 10000.000000 9999.000000 9999.000000
93.000000 5.000000 1.000000 9999.000000 10000.000000 9999.000000 9999.000000
93.000000 6.000000 1.000000 9999.000000 10000.000000 9999.000000 9999.000000
93.000000 7.000000 1.000000 10000.000000 10000.000000 10000.000000 10000.000000
93.000000 8.000000 1.000000 10000.000000 10000.000000 10000.000000 10000.000000
93.000000 9.000000 1.000000 10000.000000 10000.000000 10000.000000 10000.000000
93.000000 10.000000 1.000000 10000.000000 10000.000000 10000.000000 10000.000000
93.000000 11.000000 1.000000 10000.000000 10000.000000 10000.000000 10000.000000
93.000000 12.000000 1.000000 10000.000000 10000.000000 10000.000000 10000.000000
93.000000 13.000000 1.000000 10000.000000 10000.000000 10000.000000 10000.000000
93.000000 14.000000 1.000000 10000.000000 10000.000000 10000.000000 10000.000000
93.000000 15.000000 1.000000 10000.000000 10000.000000 10000.000000 10000.000000
93.000000 16.000000 1.000000 10000.000000 10000.000000 10000.000000 10000.000000
93.000000 17.000000 1.000000 10000.000000 10000.000000 10000.000000 10000.000000
93.000000 18.000000 1.000000 10000.000000 10000.000000 10000.000000 10000.000000
93.000000 19.000000 1.000000 10000.000000 10000.000000 10000.000000 10000.000000
93.000000 20.000000 1.000000 10000.000000 10000.000000 10000.000000 10000.000000
93.000000 21.000000 1.000000 10000.000000 10000.000000 10000.000000 10000.000000
93.000000 22.000000 1.000000 10000.000000 10000.000000 10000.000000 10000.000000
93.000000 23.000000 1.000000 10000.000000 10000.000000 10000.000000 10000.000000
93.000000 24.000000 1.000000 10000.000000 10000.000000 10000.000000 10000.000000
93.000000 25.000000 1.000000 10000.000000 10000.000000 10000.000000 10000.000000
93.000000 26.000000 1.000000 10000.000000 10000.000000 10000.000000 10000.000000
93.000000 27.000000 1.000000 10000.000000 10000.000000 10000.000000 10000.000000
93.000000 28.000000 1.000000 10000.000000 10000.000000 10000.000000 10000.000000
93.000000 29.000000 1.000000 10000.000000 10000.000000 10000.000000 10000.000000
93.000000 30.000000 1.000000 10000.000000 10000.000000 10000.000000 10000.000000
93.000000 31.000000 1.000000 10000.000000 10000.000000 10000.000000 10000.000000
93.000000 32.000000 1.000000 10000.000000 10000.000000 10000.000000 10000.000000
93.000000 33.000000 1.000000 10000.000000 10000.000000 10000.000000 10000.000000
93.000000 34.000000 1.000000 10000.000000 10000.000000 10000.000000 10000.000000
93.000000 35.000000 1.000000 10000.000000 10000.000000 10000.000000 10000.000000
93.000000 36.000000 1.000000 10000.000000 10000.000000 10000.000000 10000.000000
93.000000 37.000000 1.000000 10000.000000 10000.000000 10000.000000 10000.000000
93.000000 38.000000 1.000000 10000.000000 10000.000000 10000.000000 10000.000000
93.000000 39.000000 1.000000 10000.000000 10000.000000 10000.000000 10000.000000
93.000000 40.000000 1.000000 10000.000000 10000.000000 10000.000000 10000.000000
93.000000 41.000000 1.000000 10000.000000 10000.000000 10000.000000 10000.000000
93.000000 42.000000 1.000000 10000.000000 10000.000000 10000.000000 10000.000000
93.000000 43.000000 1.000000 10000.000000 10000.000000 10000.000000 10000.000000
93.000000 44.000000 1.000000 10000.000000 10000.000000 10000.000000 10000.000000
93.000000 45.000000 1.000000 10000.000000 10000.000000 10000.000000 10000.000000
93.000000 46.000000 1.000000 10000.000000 10000.000000 10000.000000 10000.000000
93.000000 47.000000 1.000000 10000.000000 10000.000000 10000.000000 10000.000000
93.000000 48.000000 1.000000 10000.000000 10000.000000 10000.000000 10000.000000
93.000000 49.000000 1.000000 10000.000000 10000.000000 10000.000000 10000.000000
94.000000 0.000000 1.000000 10000.000000 10000.000000 10000.000000 10000.000000
94.000000 1.000000 1.000000 10000.000000 10000.000000 10000.000000 10000.000000
94.000000 2.000000 1.000000 10000.000000 10000.000000 10000.000000 10000.000000
94.000000 3.000000 1.000000 9999.000000 10000.000000 9999.000000 9999.000000
94.000000 4.000000 1.000000 9998.000000 10000.000000 9998.000000 9998.000000
94.000000 5.000000 1.000000 9996.000000 10000.000000 9996.000000 9996.000000
94.000000 6.000000 1.000000 9994.000000 10000.000000 9994.000000 9994.000000
94.000000 7.000000 1.000000 9991.000000 10000.000000 9991.000000 9991.000000
94.000000 8.000000 1.000000 9969.000000 10000.000000 9969.000000 9969.000000
94.000000 9.000000 1.000000 9945.000000 10000.000000 9945.000000 9945.000000
94.000000 10.000000 1.000000 9925.000000 10000.000000 9925.000000 9925.000000
94.000000 11.000000 1.000000 9886.000000 10000.000000 9886.000000 9886.000000
94.000000 12.000000 1.000000 9842.000000 10000.000000 9842.000000 9842.000000
94.000000 13.000000 1.000000 9772.000000 10000.000000 9772.000000 9772.000000
94.000000 14.000000 1.000000 9690.000000 10000.000000 9690.000000 9690.000000
94.000000 15.000000 1.000000 9587.000000 10000.000000 9587.000000 9587.000000
94.000000 16.000000 1.000000 9511.000000 10000.000000 9511.000000 9511.000000
94.000000 17.000000 1.000000 9412.000000 10000.000000 9412.000000 9412.000000
94.000000 18.000000 1.000000 9372.000000 10000.000000 9372.000000 9372.000000
94.000000 19.000000 1.000000 9335.000000 10000.000000 9335.000000 9335.000000
94.000000 20.000000 1.000000 9314.000000 10000.000000 9314.000000 9314.000000
94.000000 21.000000 1.000000 9314.000000 10000.000000 9314.000000 9314.000000
94.000000 22.000000 1.000000 9338.000000 10000.000000 9338.000000 9338.000000
94.000000 23.000000 1.000000 9360.000000 10000.000000 9360.000000 9360.000000
94.000000 24.000000 1.000000 9392.000000 10000.000000 9392.000000 9392.000000
94.000000 25.000000 1.000000 9445.000000 10000.000000 9445.000000 9445.000000
94.000000 26.000000 1.000000 9506.000000 10000.000000 9506.000000 9506.000000
94.000000 27.000000 1.000000 9532.000000 10000.000000 9532.000000 9532.000000
94.000000 28.000000 1.000000 9558.000000 10000.000000 9558.000000 9558.000000
94.000000 29.000000 1.000000 9603.000000 10000.000000 9603.000000 9603.000000
94.000000 30.000000 1.000000 9646.000000 10000.000000 9646.000000 9646.000000
94.000000 31.000000 1.000000 9671.000000 10000.000000 9671.000000 9671.000000
94.000000 32.000000 1.000000 9723.000000 10000.000000 9723.000000 9723.000000
94.000000 33.000000 1.000000 9782.000000 10000.000000 9782.000000 9782.000000
94.000000 34.000000 1.000000 9818.000000 10000.000000 9818.000000 9818.000000
94.000000 35.000000 1.000000 9845.000000 10000.000000 9845.000000 9845.000000
94.000000 36.000000 1.000000 9879.000000 10000.000000 9879.000000 9879.000000
94.000000 37.000000 1.000000 9892.000000 10000.000000 9892.000000 9892.000000
94.000000 38.000000 1.000000 9890.000000 10000.000000 9890.000000 9890.000000
94.000000 39.000000 1.000000 9891.000000 10000.000000 9891.000000 9891.000000
94.000000 40.000000 1.000000 9901.000000 10000.000000 9901.000000 9901.000000
94.000000 41.000000 1.000000 9905.000000 10000.000000 9905.000000 9905.000000
94.000000 42.000000 1.000000 9918.000000 10000.000000 9918.000000 9918.000000
94.000000 43.000000 1.000000 9939.000000 10000.000000 9939.000000 9939.000000
94.000000 44.000000 1.000000 9962.000000 10000.000000 9962.000000 9962.000000
94.000000 45.000000 1.000000 9972.000000 10000.000000 9972.000000 9972.000000
94.000000 46.000000 1.000000 9977.000000 10000.000000 9977.000000 9977.000000
94.000000 47.000000 1.000000 9980.000000 10000.000000 9980.000000 9980.000000
94.000000 48.000000 1.000000 9984.000000 10000.000000 9984.000000 9984.000000
94.000000 49.000000 1.000000 9987.000000 10000.000000 9987.000000 9987.000000
95.000000 0.000000 1.000000 10000.000000 10000.000000 10000.000000 10000.000000
95.000000 1.000000 1.000000 10000.000000 10000.000000 10000.000000 10000.000000
95.000000 2.000000 1.000000 9999.000000 10000.000000 9999.000000 9999.000000
95.000000 3.000000 1.000000 9997.000000 10000.000000 9997.000000 9997.000000
95.000000 4.000000 1.000000 9995.000000 10000.000000 9995.000000 9995.000000
95.000000 5.000000 1.000000 9995.000000 10000.000000 9995.000000 9995.000000
95.000000 6.000000 1.000000 9994.000000 10000.000000 9994.000000 9994.000000
95.000000 7.000000 1.000000 9993.000000 10000.000000 9993.000000 9993.000000
95.000000 8.000000 1.000000 9995.000000 10000.000000 9995.000000 9995.000000
95.000000 9.000000 1.000000 9997.000000 10000.000000 9997.000000 9997.000000
95.000000 10.000000 1.000000 9997.000000 10000.000000 9997.000000 9997.000000
95.000000 11.000000 1.000000 9997.000000 10000.000000 9997.000000 9997.000000
95.000000 12.000000 1.000000 10000.000000 10000.000000 10000.000000 10000.000000
95.000000 13.000000 1.000000 10000.000000 10000.000000 10000.000000 10000.000000
95.000000 14.000000 1.000000 10000.000000 10000.000000 10000.000000 10000.000000
95.000000 15.000000 1.000000 10000.000000 10000.000000 10000.000000 10000.000000
95.000000 16.000000 1.000000 10000.000000 10000.000000 10000.000000 10000.000000
95.000000 17.000000 1.000000 10000.000000 10000.000000 10000.000000 10000.000000
95.000000 18.000000 1.000000 10000.000000 10000.000000 10000.000000 10000.000000
95.000000 19.000000 1.000000 10000.000000 10000.000000 10000.000000 10000.000000
95.000000 20.000000 1.000000 10000.000000 10000.000000 10000.000000 10000.000000
95.000000 21.000000 1.000000 10000.000000 10000.000000 10000.000000 10000.000000
95.000000 22.000000 1.000000 10000.000000 10000.000000 10000.000000 10000.000000
95.000000 23.000000 1.000000 10000.000000 10000.000000 10000.000000 10000.000000
95.000000 24.000000 1.000000 10000.000000 10000.000000 10000.000000 10000.000000
95.000000 25.000000 1.000000 10000.000000 10000.000000 10000.000000 10000.000000
95.000000 26.000000 1.000000 10000.000000 10000.000000 10000.000000 10000.000000
95.000000 27.000000 1.000000 10000.000000 10000.000000 10000.000000 10000.000000
95.000000 28.000000 1.000000 10000.000000 10000.000000 10000.000000 10000.000000
95.000000 29.000000 1.000000 10000.000000 10000.000000 10000.000000 10000.000000
95.000000 30.000000 1.000000 10000.000000 10000.000000 10000.000000 10000.000000
95.000000 31.000000 1.000000 10000.000000 10000.000000 10000.000000 10000.000000
95.000000 32.000000 1.000000 10000.000000 10000.000000 10000.000000 10000.000000
95.000000 33.000000 1.000000 10000.000000 10000.000000 10000.000000 10000.000000
95.000000 34.000000 1.000000 10000.000000 10000.000000 10000.000000 10000.000000
95.000000 35.000000 1.000000 10000.000000 10000.000000 10000.000000 10000.000000
95.000000 36.000000 1.000000 10000.000000 10000.000000 10000.000000 10000.000000
95.000000 37.000000 1.000000 10000.000000 10000.000000 10000.000000 10000.000000
95.000000 38.000000 1.000000 10000.000000 10000.000000 10000.000000 10000.000000
95.000000 39.000000 1.000000 10000.000000 10000.000000 10000.000000 10000.000000
95.000000 40.000000 1.000000 10000.000000 10000.000000 10000.000000 10000.000000
95.000000 41.000000 1.000000 10000.000000 10000.000000 10000.000000 10000.000000
95.000000 42.000000 1.000000 10000.000000 10000.000000 10000.000000 10000.000000
95.000000 43.000000 1.000000 10000.000000 10000.000000 10000.000000 10000.000000
95.000000 44.000000 1.000000 10000.000000 10000.000000 10000.000000 10000.000000
95.000000 45.000000 1.000000 10000.000000 10000.000000 10000.000000 10000.000000
95.000000 46.000000 1.000000 10000.000000 10000.000000 10000.000000 10000.000000
95.000000 47.000000 1.000000 10000.000000 10000.000000 10000.000000 10000.000000
95.000000 48.000000 1.000000 10000.000000 10000.000000 10000.000000 10000.000000
95.000000 49.000000 1.000000 10000.000000 10000.000000 10000.000000 10000.000000
96.000000 0.000000 1.000000 10000.000000 10000.000000 10000.000000 10000.000000
96.000000 1.000000 1.000000 10000.000000 10000.000000 10000.000000 10000.000000
96.000000 2.000000 1.000000 10000.000000 10000.000000 10000.000000 10000.000000
96.000000 3.000000 1.000000 9999.000000 10000.000000 9999.000000 9999.000000
96.000000 4.000000 1.000000 9998.000000 10000.000000 9998.000000 9998.000000
96.000000 5.000000 1.000000 9997.000000 10000.000000 9997.000000 9997.000000
96.000000 6.000000 1.000000 9997.000000 10000.000000 9997.000000 9997.000000
96.000000 7.000000 1.000000 9995.000000 10000.000000 9995.000000 9995.000000
96.000000 8.000000 1.000000 9990.000000 10000.000000 9990.000000 9990.000000
96.000000 9.000000 1.000000 9977.000000 10000.000000 9977.000000 9977.000000
96.000000 10.000000 1.000000 9949.000000 10000.000000 9949.000000 9949.000000
96.000000 11.000000 1.000000 9911.000000 10000.000000 9911.000000 9911.000000
96.000000 12.000000 1.000000 9813.000000 10000.000000 9813.000000 9813.000000
96.000000 13.000000 1.000000 9744.000000 10000.000000 9744.000000 9744.000000
96.000000 14.000000 1.000000 9659.000000 10000.000000 9659.000000 9659.000000
96.000000 15.000000 1.000000 9578.000000 10000.000000 9578.000000 9578.000000
96.000000 16.000000 1.000000 9419.000000 10000.000000 9419.000000 9419.000000
96.000000 17.000000 1.000000 9302.000000 10000.000000 9302.000000 9302.000000
96.000000 18.000000 1.000000 9169.000000 10000.000000 9169.000000 9169.000000
96.000000 19.000000 1.000000 9100.000000 10000.000000 9100.000000 9100.000000
96.000000 20.000000 1.000000 9028.000000 10000.000000 9028.000000 9028.000000
96.000000 21.000000 1.000000 9033.000000 10000.000000 9033.000000 9033.000000
96.000000 22.000000 1.000000 9118.000000 10000.000000 9118.000000 9118.000000
96.000000 23.000000 1.000000 9206.000000 10000.000000 9206.000000 9206.000000
96.000000 24.000000 1.000000 9273.000000 10000.000000 9273.000000 9273.000000
96.000000 25.000000 1.000000 9367.000000 10000.000000 9367.000000 9367.000000
96.000000 26.000000 1.000000 9472.000000 10000.000000 9472.000000 9472.000000
96.000000 27.000000 1.000000 9560.000000 10000.000000 9560.000000 9560.000000
96.000000 28.000000 1.000000 9620.000000 10000.000000 9620.000000 9620.000000
96.000000 29.000000 1.000000 9685.000000 10000.000000 9685.000000 9685.000000
96.000000 30.000000 1.000000 9752.000000 10000.000000 9752.000000 9752.000000
96.000000 31.000000 1.000000 9811.000000 10000.000000 9811.000000 9811.000000
96.000000 32.000000 1.000000 9849.000000 10000.000000 9849.000000 9849.000000
96.000000 33.000000 1.000000 9908.000000 10000.000000 9908.000000 9908.000000
96.000000 34.000000 1.000000 9937.000000 10000.000000 9937.000000 9937.000000
96.000000 35.000000 1.000000 9957.000000 10000.000000 9957.000000 9957.000000
96.000000 36.000000 1.000000 9973.000000 10000.000000 9973.000000 9973.000000
96.000000 37.000000 1.000000 9982.000000 10000.000000 9982.000000 9982.000000
96.000000 38.000000 1.000000 9989.000000 10000.000000 9989.000000 9989.000000
96.000000 39.000000 1.000000 9991.000000 10000.000000 9991.000000 9991.000000
96.000000 40.000000 1.000000 9993.000000 10000.000000 9993.000000 9993.000000
96.000000 41.000000 1.000000 9996.000000 10000.000000 9996.000000 9996.000000
96.000000 42.000000 1.000000 9996.000000 10000.000000 9996.000000 9996.000000
96.000000 43.000000 1.000000 9997.000000 10000.000000 9997.000000 9997.000000
96.000000 44.000000 1.000000 9998.000000 10000.000000 9998.000000 9998.000000
96.000000 45.000000 1.000000 10000.000000 10000.000000 10000.000000 10000.000000
96.000000 46.000000 1.000000 10000.000000 10000.000000 10000.000000 10000.000000
96.000000 47.000000 1.000000 10000.000000 10000.000000 10000.000000 10000.000000
96.000000 48.000000 1.000000 10000.000000 10000.000000 10000.000000 10000.000000
96.000000 49.000000 1.000000 10000.000000 10000.000000 10000.000000 10000.000000
97.000000 0.000000 1.000000 10000.000000 10000.000000 10000.000000 10000.000000
97.000000 1.000000 1.000000 10000.000000 10000.000000 10000.000000 10000.000000
97.000000 2.000000 1.000000 9999.000000 10000.000000 9999.000000 9999.000000
97.000000 3.000000 1.000000 9999.000000 10000.000000 9999.000000 9999.000000
97.000000 4.000000 1.000000 9999.000000 10000.000000 9999.000000 9999.000000
97.000000 5.000000 1.000000 9999.000000 10000.000000 9999.000000 9999.000000
97.000000 6.000000 1.000000 9999.000000 10000.000000 9999.000000 9999.000000
97.000000 7.000000 1.000000 10000.000000 10000.000000 10000.000000 10000.000000
97.000000 8.000000 1.000000 10000.000000 10000.000000 10000.000000 10000.000000
97.000000 9.000000 1.000000 10000.000000 10000.000000 10000.000000 10000.000000
97.000000 10.000000 1.000000 10000.000000 10000.000000 10000.000000 10000.000000
97.000000 11.000000 1.000000 10000.000000 10000.000000 10000.000000 10000.000000
97.000000 12.000000 1.000000 10000.000000 10000.000000 10000.000000 10000.000000
97.000000 13.000000 1.000000 10000.000000 10000.000000 10000.000000 10000.000000
97.000000 14.000000 1.000000 10000.000000 10000.000000 10000.000000 10000.000000
97.000000 15.000000 1.000000 10000.000000 10000.000000 10000.000000 10000.000000
97.000000 16.000000 1.000000 10000.000000 10000.000000 10000.000000 10000.000000
97.000000 17.000000 1.000000 10000.000000 10000.000000 10000.000000 10000.000000
97.000000 18.000000 1.000000 10000.000000 10000.000000 10000.000000 10000.000000
97.000000 19.000000 1.000000 10000.000000 10000.000000 10000.000000 10000.000000
97.000000 20.000000 1.000000 10000.000000 10000.000000 10000.000000 10000.000000
97.000000 21.000000 1.000000 10000.000000 10000.000000 10000.000000 10000.000000
97.000000 22.000000 1.000000 10000.000000 10000.000000 10000.000000 10000.000000
97.000000 23.000000 1.000000 10000.000000 10000.000000 10000.000000 10000.000000
97.000000 24.000000 1.000000 10000.000000 10000.000000 10000.000000 10000.000000
97.000000 25.000000 1.000000 10000.000000 10000.000000 10000.000000 10000.000000
97.000000 26.000000 1.000000 10000.000000 10000.000000 10000.000000 10000.000000
97.000000 27.000000 1.000000 10000.000000 10000.000000 10000.000000 10000.000000
97.000000 28.000000 1.000000 10000.000000 10000.000000 10000.000000 10000.000000
97.000000 29.000000 1.000000 10000.000000 10000.000000 10000.000000 10000.000000
97.000000 30.000000 1.000000 10000.000000 10000.000000 10000.000000 10000.000000
97.000000 31.000000 1.000000 10000.000000 10000.000000 10000.000000 10000.000000
97.000000 32.000000 1.000000 10000.000000 10000.000000 10000.000000 10000.000000
97.000000 33.000000 1.000000 10000.000000 10000.000000 10000.000000 10000.000000
97.000000 34.000000 1.000000 10000.000000 10000.000000 10000.000000 10000.000000
97.000000 35.000000 1.000000 10000.000000 10000.000000 10000.000000 10000.000000
97.000000 36.000000 1.000000 10000.000000 10000.000000 10000.000000 10000.000000
97.000000 37.000000 1.000000 10000.000000 10000.000000 10000.000000 10000.000000
97.000000 38.000000 1.000000 10000.000000 10000.000000 10000.000000 10000.000000
97.000000 39.000000 1.000000 10000.000000 10000.000000 10000.000000 10000.000000
97.000000 40.000000 1.000000 10000.000000 10000.000000 10000.000000 10000.000000
97.000000 41.000000 1.000000 10000.000000 10000.000000 10000.000000 10000.000000
97.000000 42.000000 1.000000 10000.000000 10000.000000 10000.000000 10000.000000
97.000000 43.000000 1.000000 10000.000000 10000.000000 10000.000000 10000.000000
97.000000 44.000000 1.000000 10000.000000 10000.000000 10000.000000 10000.000000
97.000000 45.000000 1.000000 10000.000000 10000.000000 10000.000000 10000.000000
97.000000 46.000000 1.000000 10000.000000 10000.000000 10000.000000 10000.000000
97.000000 47.000000 1.000000 10000.000000 10000.000000 10000.000000 10000.000000
97.000000 48.000000 1.000000 10000.000000 10000.000000 10000.000000 10000.000000
97.000000 49.000000 1.000000 10000.000000 10000.000000 10000.000000 10000.000000
98.000000 0.000000 1.000000 10000.000000 10000.000000 10000.000000 10000.000000
98.000000 1.000000 1.000000 10000.000000 10000.000000 10000.000000 10000.000000
98.000000 2.000000 1.000000 9999.000000 10000.000000 9999.000000 9999.000000
98.000000 3.000000 1.000000 9998.000000 10000.000000 9998.000000 9998.000000
98.000000 4.000000 1.000000 9998.000000 10000.000000 9998.000000 9998.000000
98.000000 5.000000 1.000000 9998.000000 10000.000000 9998.000000 9998.000000
98.000000 6.000000 1.000000 9998.000000 10000.000000 9998.000000 9998.000000
98.000000 7.000000 1.000000 9998.000000 10000.000000 9998.000000 9998.000000
98.000000 8.000000 1.000000 10000.000000 10000.000000 10000.000000 10000.000000
98.000000 9.000000 1.000000 10000.000000 10000.000000 10000.000000 10000.000000
98.000000 10.000000 1.000000 10000.000000 10000.000000 10000.000000 10000.000000
98.000000 11.000000 1.000000 10000.000000 10000.000000 10000.000000 10000.000000
98.000000 12.000000 1.000000 10000.000000 10000.000000 10000.000000 10000.000000
98.000000 13.000000 1.000000 10000.000000 10000.000000 10000.000000 10000.000000
98.000000 14.000000 1.000000 10000.000000 10000.000000 10000.000000 10000.000000
98.000000 15.000000 1.000000 10000.000000 10000.000000 10000.000000 10000.000000
98.000000 16.000000 1.000000 10000.000000 10000.000000 10000.000000 10000.000000
98.000000 17.000000 1.000000 10000.000000 10000.000000 10000.000000 10000.000000
98.000000 18.000000 1.000000 10000.000000 10000.000000 10000.000000 10000.000000
98.000000 19.000000 1.000000 10000.000000 10000.000000 10000.000000 10000.000000
98.000000 20.000000 1.000000 10000.000000 10000.000000 10000.000000 10000.000000
98.000000 21.000000 1.000000 10000.000000 10000.000000 10000.000000 10000.000000
98.000000 22.000000 1.000000 10000.000000 10000.000000 10000.000000 10000.000000
98.000000 23.000000 1.000000 10000.000000 10000.000000 10000.000000 10000.000000
98.000000 24.000000 1.000000 10000.000000 10000.000000 10000.000000 10000.000000
98.000000 25.000000 1.000000 10000.000000 10000.000000 10000.000000 10000.000000
98.000000 26.000000 1.000000 10000.000000 10000.000000 10000.000000 10000.000000
98.000000 27.000000 1.000000 10000.000000 10000.000000 10000.000000 10000.000000
98.000000 28.000000 1.000000 10000.000000 10000.000000 10000.000000 10000.000000
98.000000 29.000000 1.000000 10000.000000 10000.000000 10000.000000 10000.000000
98.000000 30.000000 1.000000 10000.000000 10000.000000 10000.000000 10000.000000
98.000000 31.000000 1.000000 10000.000000 10000.000000 10000.000000 10000.000000
98.000000 32.000000 1.000000 10000.000000 10000.000000 10000.000000 10000.000000
98.000000 33.000000 1.000000 10000.000000 10000.000000 10000.000000 10000.000000
98.000000 34.000000 1.000000 10000.000000 10000.000000 10000.000000 10000.000000
98.000000 35.000000 1.000000 10000.000000 10000.000000 10000.000000 10000.000000
98.000000 36.000000 1.000000 10000.000000 10000.000000 10000.000000 10000.000000
98.000000 37.000000 1.000000 10000.000000 10000.000000 10000.000000 10000.000000
98.000000 38.000000 1.000000 10000.000000 10000.000000 10000.000000 10000.000000
98.000000 39.000000 1.000000 10000.000000 10000.000000 10000.000000 10000.000000
98.000000 40.000000 1.000000 10000.000000 10000.000000 10000.000000 10000.000000
98.000000 41.000000 1.000000 10000.000000 10000.000000 10000.000000 10000.000000
98.000000 42.000000 1.000000 10000.000000 10000.000000 10000.000000 10000.000000
98.000000 43.000000 1.000000 10000.000000 10000.000000 10000.000000 10000.000000
98.000000 44.000000 1.000000 10000.000000 10000.000000 10000.000000 10000.000000
98.000000 45.000000 1.000000 10000.000000 10000.000000 10000.000000 10000.000000
98.000000 46.000000 1.000000 10000.000000 10000.000000 10000.000000 10000.000000
98.000000 47.000000 1.000000 10000.000000 10000.000000 10000.000000 10000.000000
98.000000 48.000000 1.000000 10000.000000 10000.000000 10000.000000 10000.000000
98.000000 49.000000 1.000000 10000.000000 10000.000000 10000.000000 10000.000000
99.000000 0.000000 1.000000 10000.000000 10000.000000 10000.000000 10000.000000
99.000000 1.000000 1.000000 10000.000000 10000.000000 10000.000000 10000.000000
99.000000 2.000000 1.000000 10000.000000 10000.000000 10000.000000 10000.000000
99.000000 3.000000 1.000000 9999.000000 10000.000000 9999.000000 9999.000000
99.000000 4.000000 1.000000 9999.000000 10000.000000 9999.000000 9999.000000
99.000000 5.000000 1.000000 9999.000000 10000.000000 9999.000000 9999.000000
99.000000 6.000000 1.000000 9999.000000 10000.000000 9999.000000 9999.000000
99.000000 7.000000 1.000000 9999.000000 10000.000000 9999.000000 9999.000000
99.000000 8.000000 1.000000 10000.000000 10000.000000 10000.000000 10000.000000
99.000000 9.000000 1.000000 10000.000000 10000.000000 10000.000000 10000.000000
99.000000 10.000000 1.000000 10000.000000 10000.000000 10000.000000 10000.000000
99.000000 11.000000 1.000000 10000.000000 10000.000000 10000.000000 10000.000000
99.000000 12.000000 1.000000 10000.000000 10000.000000 10000.000000 10000.000000
99.000000 13.000000 1.000000 10000.000000 10000.000000 10000.000000 10000.000000
99.000000 14.000000 1.000000 10000.000000 10000.000000 10000.000000 10000.000000
99.000000 15.000000 1.000000 10000.000000 10000.000000 10000.000000 10000.000000
99.000000 16.000000 1.000000 10000.000000 10000.000000 10000.000000 10000.000000
99.000000 17.000000 1.000000 10000.000000 10000.000000 10000.000000 10000.000000
99.000000 18.000000 1.000000 10000.000000 10000.000000 10000.000000 10000.000000
99.000000 19.000000 1.000000 10000.000000 10000.000000 10000.000000 10000.000000
99.000000 20.000000 1.000000 10000.000000 10000.000000 10000.000000 10000.000000
99.000000 21.000000 1.000000 10000.000000 10000.000000 10000.000000 10000.000000
99.000000 22.000000 1.000000 10000.000000 10000.000000 10000.000000 10000.000000
99.000000 23.000000 1.000000 10000.000000 10000.000000 10000.000000 10000.000000
99.000000 24.000000 1.000000 10000.000000 10000.000000 10000.000000 10000.000000
99.000000 25.000000 1.000000 10000.000000 10000.000000 10000.000000 10000.000000
99.000000 26.000000 1.000000 10000.000000 10000.000000 10000.000000 10000.000000
99.000000 27.000000 1.000000 10000.000000 10000.000000 10000.000000 10000.000000
99.000000 28.000000 1.000000 10000.000000 10000.000000 10000.000000 10000.000000
99.000000 29.000000 1.000000 10000.000000 10000.000000 10000.000000 10000.000000
99.000000 30.000000 1.000000 10000.000000 10000.000000 10000.000000 10000.000000
99.000000 31.000000 1.000000 10000.000000 10000.000000 10000.000000 10000.000000
99.000000 32.000000 1.000000 10000.000000 10000.000000 10000.000000 10000.000000
99.000000 33.000000 1.000000 10000.000000 10000.000000 10000.000000 10000.000000
99.000000 34.000000 1.000000 10000.000000 10000.000000 10000.000000 10000.000000
99.000000 35.000000 1.000000 10000.000000 10000.000000 10000.000000 10000.000000
99.000000 36.000000 1.000000 10000.000000 10000.000000 10000.000000 10000.000000
99.000000 37.000000 1.000000 10000.000000 10000.000000 10000.000000 10000.000000
99.000000 38.000000 1.000000 10000.000000 10000.000000 10000.000000 10000.000000
99.000000 39.000000 1.000000 10000.000000 10000.000000 10000.000000 10000.000000
99.000000 40.000000 1.000000 10000.000000 10000.000000 10000.000000 10000.000000
99.000000 41.000000 1.000000 10000.000000 10000.000000 10000.000000 10000.000000
99.000000 42.000000 1.000000 10000.000000 10000.000000 10000.000000 10000.000000
99.000000 43.000000 1.000000 10000.000000 10000.000000 10000.000000 10000.000000
99.000000 44.000000 1.000000 10000.000000 10000.000000 10000.000000 10000.000000
99.000000 45.000000 1.000000 10000.000000 10000.000000 10000.000000 10000.000000
99.000000 46.000000 1.000000 10000.000000 10000.000000 10000.000000 10000.000000
99.000000 47.000000 1.000000 10000.000000 10000.000000 10000.000000 10000.000000
99.000000 48.000000 1.000000 10000.000000 10000.000000 10000.000000 10000.000000
99.000000 49.000000 1.000000 10000.000000 10000.000000 10000.000000 10000.000000
