0.000000 0.000000 1.000000 0.666667 1.000000
0.000000 1.000000 0.000000 0.000000 0.000000
0.000000 2.000000 0.000000 0.000000 0.000000
0.000000 3.000000 0.000000 0.000000 0.000000
0.000000 4.000000 0.000000 0.000000 0.000000
0.000000 5.000000 0.000000 0.000000 0.000000
0.000000 6.000000 0.000000 0.000000 0.000000
0.000000 7.000000 0.000000 0.000000 0.000000
0.000000 8.000000 0.000000 0.000000 0.000000
0.000000 9.000000 0.000000 0.000000 0.000000
0.000000 10.000000 0.000000 0.000000 0.000000
0.000000 11.000000 0.000000 0.000000 0.000000
0.000000 12.000000 0.000000 0.000000 0.000000
0.000000 13.000000 0.000000 0.000000 0.000000
0.000000 14.000000 0.000000 0.000000 0.000000
0.000000 15.000000 0.000000 0.000000 0.000000
0.000000 16.000000 0.000000 0.000000 0.000000
0.000000 17.000000 0.000000 0.000000 0.000000
0.000000 18.000000 0.000000 0.000000 0.000000
0.000000 19.000000 0.000000 0.000000 0.000000
0.000000 20.000000 0.000000 0.000000 0.000000
0.000000 21.000000 0.000000 0.000000 0.000000
0.000000 22.000000 0.000000 0.000000 0.000000
0.000000 23.000000 0.000000 0.000000 0.000000
0.000000 24.000000 0.000000 0.000000 0.000000
0.000000 25.000000 0.000000 0.000000 0.000000
0.000000 26.000000 0.000000 0.000000 0.000000
0.000000 27.000000 0.000000 0.000000 0.000000
0.000000 28.000000 0.000000 0.000000 0.000000
0.000000 29.000000 0.000000 0.000000 0.000000
0.000000 30.000000 0.000000 0.000000 0.000000
0.000000 31.000000 0.000000 0.000000 0.000000
0.000000 32.000000 0.000000 0.000000 0.000000
0.000000 33.000000 0.000000 0.000000 0.000000
0.000000 34.000000 0.000000 0.000000 0.000000
0.000000 35.000000 0.000000 0.000000 0.000000
0.000000 36.000000 0.000000 0.000000 0.000000
0.000000 37.000000 0.000000 0.000000 0.000000
0.000000 38.000000 0.000000 0.000000 0.000000
0.000000 39.000000 0.000000 0.000000 0.000000
0.000000 40.000000 0.000000 0.000000 0.000000
0.000000 41.000000 0.000000 0.000000 0.000000
0.000000 42.000000 0.000000 0.000000 0.000000
0.000000 43.000000 0.000000 0.000000 0.000000
0.000000 44.000000 0.000000 0.000000 0.000000
0.000000 45.000000 0.000000 0.000000 0.000000
0.000000 46.000000 0.000000 0.000000 0.000000
0.000000 47.000000 0.000000 0.000000 0.000000
0.000000 48.000000 0.000000 0.000000 0.000000
0.000000 49.000000 0.000000 0.000000 0.000000
1.000000 0.000000 0.000000 0.000000 0.000000
1.000000 1.000000 0.000000 0.000000 0.000000
1.000000 2.000000 2.000000 1.333333 2.000000
1.000000 3.000000 2.000000 2.000000 2.000000
1.000000 4.000000 0.000000 0.333333 1.000000
1.000000 5.000000 0.000000 0.000000 0.000000
1.000000 6.000000 0.000000 0.000000 0.000000
1.000000 7.000000 0.000000 0.000000 0.000000
1.000000 8.000000 0.000000 0.000000 0.000000
1.000000 9.000000 0.000000 0.000000 0.000000
1.000000 10.000000 0.000000 0.000000 0.000000
1.000000 11.000000 0.000000 0.000000 0.000000
1.000000 12.000000 0.000000 0.000000 0.000000
1.000000 13.000000 0.000000 0.000000 0.000000
1.000000 14.000000 0.000000 0.000000 0.000000
1.000000 15.000000 0.000000 0.000000 0.000000
1.000000 16.000000 0.000000 0.000000 0.000000
1.000000 17.000000 0.000000 0.000000 0.000000
1.000000 18.000000 0.000000 0.000000 0.000000
1.000000 19.000000 0.000000 0.000000 0.000000
1.000000 20.000000 0.000000 0.000000 0.000000
1.000000 21.000000 0.000000 0.000000 0.000000
1.000000 22.000000 0.000000 0.000000 0.000000
1.000000 23.000000 0.000000 0.000000 0.000000
1.000000 24.000000 0.000000 0.000000 0.000000
1.000000 25.000000 0.000000 0.000000 0.000000
1.000000 26.000000 0.000000 0.000000 0.000000
1.000000 27.000000 0.000000 0.000000 0.000000
1.000000 28.000000 0.000000 0.000000 0.000000
1.000000 29.000000 0.000000 0.000000 0.000000
1.000000 30.000000 0.000000 0.000000 0.000000
1.000000 31.000000 0.000000 0.000000 0.000000
1.000000 32.000000 0.000000 0.000000 0.000000
1.000000 33.000000 0.000000 0.000000 0.000000
1.000000 34.000000 0.000000 0.000000 0.000000
1.000000 35.000000 0.000000 0.000000 0.000000
1.000000 36.000000 0.000000 0.000000 0.000000
1.000000 37.000000 0.000000 0.000000 0.000000
1.000000 38.000000 0.000000 0.000000 0.000000
1.000000 39.000000 0.000000 0.000000 0.000000
1.000000 40.000000 0.000000 0.000000 0.000000
1.000000 41.000000 0.000000 0.000000 0.000000
1.000000 42.000000 0.000000 0.000000 0.000000
1.000000 43.000000 0.000000 0.000000 0.000000
1.000000 44.000000 0.000000 0.000000 0.000000
1.000000 45.000000 0.000000 0.000000 0.000000
1.000000 46.000000 0.000000 0.000000 0.000000
1.000000 47.000000 0.000000 0.000000 0.000000
1.000000 48.000000 0.000000 0.000000 0.000000
1.000000 49.000000 0.000000 0.000000 0.000000
2.000000 0.000000 0.000000 0.000000 0.000000
2.000000 1.000000 7.000000 4.000000 7.000000
2.000000 2.000000 11.000000 9.333333 11.000000
2.000000 3.000000 13.000000 11.000000 13.000000
2.000000 4.000000 14.000000 12.333333 14.000000
2.000000 5.000000 29.000000 20.666666 29.000000
2.000000 6.000000 59.000000 50.000000 59.000000
2.000000 7.000000 53.000000 56.666668 60.000000
2.000000 8.000000 42.000000 45.666668 48.000000
2.000000 9.000000 26.000000 31.000000 34.000000
2.000000 10.000000 17.000000 19.666666 21.000000
2.000000 11.000000 5.000000 7.333333 10.000000
2.000000 12.000000 3.000000 3.666667 4.000000
2.000000 13.000000 1.000000 1.666667 3.000000
2.000000 14.000000 0.000000 0.000000 0.000000
2.000000 15.000000 0.000000 0.000000 0.000000
2.000000 16.000000 0.000000 0.000000 0.000000
2.000000 17.000000 0.000000 0.000000 0.000000
2.000000 18.000000 0.000000 0.000000 0.000000
2.000000 19.000000 0.000000 0.000000 0.000000
2.000000 20.000000 0.000000 0.000000 0.000000
2.000000 21.000000 0.000000 0.000000 0.000000
2.000000 22.000000 0.000000 0.000000 0.000000
2.000000 23.000000 0.000000 0.000000 0.000000
2.000000 24.000000 0.000000 0.000000 0.000000
2.000000 25.000000 0.000000 0.000000 0.000000
2.000000 26.000000 0.000000 0.000000 0.000000
2.000000 27.000000 0.000000 0.000000 0.000000
2.000000 28.000000 0.000000 0.000000 0.000000
2.000000 29.000000 0.000000 0.000000 0.000000
2.000000 30.000000 0.000000 0.000000 0.000000
2.000000 31.000000 0.000000 0.000000 0.000000
2.000000 32.000000 0.000000 0.000000 0.000000
2.000000 33.000000 0.000000 0.000000 0.000000
2.000000 34.000000 0.000000 0.000000 0.000000
2.000000 35.000000 0.000000 0.000000 0.000000
2.000000 36.000000 0.000000 0.000000 0.000000
2.000000 37.000000 0.000000 0.000000 0.000000
2.000000 38.000000 0.000000 0.000000 0.000000
2.000000 39.000000 0.000000 0.000000 0.000000
2.000000 40.000000 0.000000 0.000000 0.000000
2.000000 41.000000 0.000000 0.000000 0.000000
2.000000 42.000000 0.000000 0.000000 0.000000
2.000000 43.000000 0.000000 0.000000 0.000000
2.000000 44.000000 0.000000 0.000000 0.000000
2.000000 45.000000 0.000000 0.000000 0.000000
2.000000 46.000000 0.000000 0.000000 0.000000
2.000000 47.000000 0.000000 0.000000 0.000000
2.000000 48.000000 0.000000 0.000000 0.000000
2.000000 49.000000 0.000000 0.000000 0.000000
3.000000 0.000000 1.000000 0.666667 1.000000
3.000000 1.000000 1.000000 1.000000 1.000000
3.000000 2.000000 1.000000 1.000000 1.000000
3.000000 3.000000 0.000000 0.666667 1.000000
3.000000 4.000000 0.000000 0.000000 0.000000
3.000000 5.000000 0.000000 0.000000 0.000000
3.000000 6.000000 0.000000 0.000000 0.000000
3.000000 7.000000 0.000000 0.000000 0.000000
3.000000 8.000000 0.000000 0.000000 0.000000
3.000000 9.000000 0.000000 0.000000 0.000000
3.000000 10.000000 0.000000 0.000000 0.000000
3.000000 11.000000 0.000000 0.000000 0.000000
3.000000 12.000000 0.000000 0.000000 0.000000
3.000000 13.000000 0.000000 0.000000 0.000000
3.000000 14.000000 0.000000 0.000000 0.000000
3.000000 15.000000 0.000000 0.000000 0.000000
3.000000 16.000000 0.000000 0.000000 0.000000
3.000000 17.000000 0.000000 0.000000 0.000000
3.000000 18.000000 0.000000 0.000000 0.000000
3.000000 19.000000 0.000000 0.000000 0.000000
3.000000 20.000000 0.000000 0.000000 0.000000
3.000000 21.000000 0.000000 0.000000 0.000000
3.000000 22.000000 0.000000 0.000000 0.000000
3.000000 23.000000 0.000000 0.000000 0.000000
3.000000 24.000000 0.000000 0.000000 0.000000
3.000000 25.000000 0.000000 0.000000 0.000000
3.000000 26.000000 0.000000 0.000000 0.000000
3.000000 27.000000 0.000000 0.000000 0.000000
3.000000 28.000000 0.000000 0.000000 0.000000
3.000000 29.000000 0.000000 0.000000 0.000000
3.000000 30.000000 0.000000 0.000000 0.000000
3.000000 31.000000 0.000000 0.000000 0.000000
3.000000 32.000000 0.000000 0.000000 0.000000
3.000000 33.000000 0.000000 0.000000 0.000000
3.000000 34.000000 0.000000 0.000000 0.000000
3.000000 35.000000 0.000000 0.000000 0.000000
3.000000 36.000000 0.000000 0.000000 0.000000
3.000000 37.000000 0.000000 0.000000 0.000000
3.000000 38.000000 0.000000 0.000000 0.000000
3.000000 39.000000 0.000000 0.000000 0.000000
3.000000 40.000000 0.000000 0.000000 0.000000
3.000000 41.000000 0.000000 0.000000 0.000000
3.000000 42.000000 0.000000 0.000000 0.000000
3.000000 43.000000 0.000000 0.000000 0.000000
3.000000 44.000000 0.000000 0.000000 0.000000
3.000000 45.000000 0.000000 0.000000 0.000000
3.000000 46.000000 0.000000 0.000000 0.000000
3.000000 47.000000 0.000000 0.000000 0.000000
3.000000 48.000000 0.000000 0.000000 0.000000
3.000000 49.000000 0.000000 0.000000 0.000000
4.000000 0.000000 1.000000 0.666667 1.000000
4.000000 1.000000 1.000000 1.000000 1.000000
4.000000 2.000000 1.000000 1.000000 1.000000
4.000000 3.000000 1.000000 1.000000 1.000000
4.000000 4.000000 0.000000 0.666667 1.000000
4.000000 5.000000 0.000000 0.000000 0.000000
4.000000 6.000000 0.000000 0.000000 0.000000
4.000000 7.000000 0.000000 0.000000 0.000000
4.000000 8.000000 0.000000 0.000000 0.000000
4.000000 9.000000 0.000000 0.000000 0.000000
4.000000 10.000000 0.000000 0.000000 0.000000
4.000000 11.000000 0.000000 0.000000 0.000000
4.000000 12.000000 0.000000 0.000000 0.000000
4.000000 13.000000 0.000000 0.000000 0.000000
4.000000 14.000000 0.000000 0.000000 0.000000
4.000000 15.000000 0.000000 0.000000 0.000000
4.000000 16.000000 0.000000 0.000000 0.000000
4.000000 17.000000 0.000000 0.000000 0.000000
4.000000 18.000000 0.000000 0.000000 0.000000
4.000000 19.000000 0.000000 0.000000 0.000000
4.000000 20.000000 0.000000 0.000000 0.000000
4.000000 21.000000 0.000000 0.000000 0.000000
4.000000 22.000000 0.000000 0.000000 0.000000
4.000000 23.000000 0.000000 0.000000 0.000000
4.000000 24.000000 0.000000 0.000000 0.000000
4.000000 25.000000 0.000000 0.000000 0.000000
4.000000 26.000000 0.000000 0.000000 0.000000
4.000000 27.000000 0.000000 0.000000 0.000000
4.000000 28.000000 0.000000 0.000000 0.000000
4.000000 29.000000 0.000000 0.000000 0.000000
4.000000 30.000000 0.000000 0.000000 0.000000
4.000000 31.000000 0.000000 0.000000 0.000000
4.000000 32.000000 0.000000 0.000000 0.000000
4.000000 33.000000 0.000000 0.000000 0.000000
4.000000 34.000000 0.000000 0.000000 0.000000
4.000000 35.000000 0.000000 0.000000 0.000000
4.000000 36.000000 0.000000 0.000000 0.000000
4.000000 37.000000 0.000000 0.000000 0.000000
4.000000 38.000000 0.000000 0.000000 0.000000
4.000000 39.000000 0.000000 0.000000 0.000000
4.000000 40.000000 0.000000 0.000000 0.000000
4.000000 41.000000 0.000000 0.000000 0.000000
4.000000 42.000000 0.000000 0.000000 0.000000
4.000000 43.000000 0.000000 0.000000 0.000000
4.000000 44.000000 0.000000 0.000000 0.000000
4.000000 45.000000 0.000000 0.000000 0.000000
4.000000 46.000000 0.000000 0.000000 0.000000
4.000000 47.000000 0.000000 0.000000 0.000000
4.000000 48.000000 0.000000 0.000000 0.000000
4.000000 49.000000 0.000000 0.000000 0.000000
5.000000 0.000000 0.000000 0.333333 1.000000
5.000000 1.000000 0.000000 0.000000 0.000000
5.000000 2.000000 0.000000 0.000000 0.000000
5.000000 3.000000 0.000000 0.000000 0.000000
5.000000 4.000000 0.000000 0.000000 0.000000
5.000000 5.000000 0.000000 0.000000 0.000000
5.000000 6.000000 0.000000 0.000000 0.000000
5.000000 7.000000 0.000000 0.000000 0.000000
5.000000 8.000000 0.000000 0.000000 0.000000
5.000000 9.000000 0.000000 0.000000 0.000000
5.000000 10.000000 0.000000 0.000000 0.000000
5.000000 11.000000 0.000000 0.000000 0.000000
5.000000 12.000000 0.000000 0.000000 0.000000
5.000000 13.000000 0.000000 0.000000 0.000000
5.000000 14.000000 0.000000 0.000000 0.000000
5.000000 15.000000 0.000000 0.000000 0.000000
5.000000 16.000000 0.000000 0.000000 0.000000
5.000000 17.000000 0.000000 0.000000 0.000000
5.000000 18.000000 0.000000 0.000000 0.000000
5.000000 19.000000 0.000000 0.000000 0.000000
5.000000 20.000000 0.000000 0.000000 0.000000
5.000000 21.000000 0.000000 0.000000 0.000000
5.000000 22.000000 0.000000 0.000000 0.000000
5.000000 23.000000 0.000000 0.000000 0.000000
5.000000 24.000000 0.000000 0.000000 0.000000
5.000000 25.000000 0.000000 0.000000 0.000000
5.000000 26.000000 0.000000 0.000000 0.000000
5.000000 27.000000 0.000000 0.000000 0.000000
5.000000 28.000000 0.000000 0.000000 0.000000
5.000000 29.000000 0.000000 0.000000 0.000000
5.000000 30.000000 0.000000 0.000000 0.000000
5.000000 31.000000 0.000000 0.000000 0.000000
5.000000 32.000000 0.000000 0.000000 0.000000
5.000000 33.000000 0.000000 0.000000 0.000000
5.000000 34.000000 0.000000 0.000000 0.000000
5.000000 35.000000 0.000000 0.000000 0.000000
5.000000 36.000000 0.000000 0.000000 0.000000
5.000000 37.000000 0.000000 0.000000 0.000000
5.000000 38.000000 0.000000 0.000000 0.000000
5.000000 39.000000 0.000000 0.000000 0.000000
5.000000 40.000000 0.000000 0.000000 0.000000
5.000000 41.000000 0.000000 0.000000 0.000000
5.000000 42.000000 0.000000 0.000000 0.000000
5.000000 43.000000 0.000000 0.000000 0.000000
5.000000 44.000000 0.000000 0.000000 0.000000
5.000000 45.000000 0.000000 0.000000 0.000000
5.000000 46.000000 0.000000 0.000000 0.000000
5.000000 47.000000 0.000000 0.000000 0.000000
5.000000 48.000000 0.000000 0.000000 0.000000
5.000000 49.000000 0.000000 0.000000 0.000000
6.000000 0.000000 1.000000 0.666667 1.000000
6.000000 1.000000 1.000000 1.000000 1.000000
6.000000 2.000000 1.000000 1.000000 1.000000
6.000000 3.000000 0.000000 0.000000 0.000000
6.000000 4.000000 0.000000 0.000000 0.000000
6.000000 5.000000 0.000000 0.000000 0.000000
6.000000 6.000000 0.000000 0.000000 0.000000
6.000000 7.000000 0.000000 0.000000 0.000000
6.000000 8.000000 0.000000 0.000000 0.000000
6.000000 9.000000 0.000000 0.000000 0.000000
6.000000 10.000000 0.000000 0.000000 0.000000
6.000000 11.000000 0.000000 0.000000 0.000000
6.000000 12.000000 0.000000 0.000000 0.000000
6.000000 13.000000 0.000000 0.000000 0.000000
6.000000 14.000000 0.000000 0.000000 0.000000
6.000000 15.000000 0.000000 0.000000 0.000000
6.000000 16.000000 0.000000 0.000000 0.000000
6.000000 17.000000 0.000000 0.000000 0.000000
6.000000 18.000000 0.000000 0.000000 0.000000
6.000000 19.000000 0.000000 0.000000 0.000000
6.000000 20.000000 0.000000 0.000000 0.000000
6.000000 21.000000 0.000000 0.000000 0.000000
6.000000 22.000000 0.000000 0.000000 0.000000
6.000000 23.000000 0.000000 0.000000 0.000000
6.000000 24.000000 0.000000 0.000000 0.000000
6.000000 25.000000 0.000000 0.000000 0.000000
6.000000 26.000000 0.000000 0.000000 0.000000
6.000000 27.000000 0.000000 0.000000 0.000000
6.000000 28.000000 0.000000 0.000000 0.000000
6.000000 29.000000 0.000000 0.000000 0.000000
6.000000 30.000000 0.000000 0.000000 0.000000
6.000000 31.000000 0.000000 0.000000 0.000000
6.000000 32.000000 0.000000 0.000000 0.000000
6.000000 33.000000 0.000000 0.000000 0.000000
6.000000 34.000000 0.000000 0.000000 0.000000
6.000000 35.000000 0.000000 0.000000 0.000000
6.000000 36.000000 0.000000 0.000000 0.000000
6.000000 37.000000 0.000000 0.000000 0.000000
6.000000 38.000000 0.000000 0.000000 0.000000
6.000000 39.000000 0.000000 0.000000 0.000000
6.000000 40.000000 0.000000 0.000000 0.000000
6.000000 41.000000 0.000000 0.000000 0.000000
6.000000 42.000000 0.000000 0.000000 0.000000
6.000000 43.000000 0.000000 0.000000 0.000000
6.000000 44.000000 0.000000 0.000000 0.000000
6.000000 45.000000 0.000000 0.000000 0.000000
6.000000 46.000000 0.000000 0.000000 0.000000
6.000000 47.000000 0.000000 0.000000 0.000000
6.000000 48.000000 0.000000 0.000000 0.000000
6.000000 49.000000 0.000000 0.000000 0.000000
7.000000 0.000000 0.000000 0.000000 0.000000
7.000000 1.000000 0.000000 0.000000 0.000000
7.000000 2.000000 2.000000 1.333333 2.000000
7.000000 3.000000 1.000000 1.000000 1.000000
7.000000 4.000000 0.000000 0.666667 1.000000
7.000000 5.000000 0.000000 0.000000 0.000000
7.000000 6.000000 0.000000 0.000000 0.000000
7.000000 7.000000 0.000000 0.000000 0.000000
7.000000 8.000000 0.000000 0.000000 0.000000
7.000000 9.000000 0.000000 0.000000 0.000000
7.000000 10.000000 0.000000 0.000000 0.000000
7.000000 11.000000 0.000000 0.000000 0.000000
7.000000 12.000000 0.000000 0.000000 0.000000
7.000000 13.000000 0.000000 0.000000 0.000000
7.000000 14.000000 0.000000 0.000000 0.000000
7.000000 15.000000 0.000000 0.000000 0.000000
7.000000 16.000000 0.000000 0.000000 0.000000
7.000000 17.000000 0.000000 0.000000 0.000000
7.000000 18.000000 0.000000 0.000000 0.000000
7.000000 19.000000 0.000000 0.000000 0.000000
7.000000 20.000000 0.000000 0.000000 0.000000
7.000000 21.000000 0.000000 0.000000 0.000000
7.000000 22.000000 0.000000 0.000000 0.000000
7.000000 23.000000 0.000000 0.000000 0.000000
7.000000 24.000000 0.000000 0.000000 0.000000
7.000000 25.000000 0.000000 0.000000 0.000000
7.000000 26.000000 0.000000 0.000000 0.000000
7.000000 27.000000 0.000000 0.000000 0.000000
7.000000 28.000000 0.000000 0.000000 0.000000
7.000000 29.000000 0.000000 0.000000 0.000000
7.000000 30.000000 0.000000 0.000000 0.000000
7.000000 31.000000 0.000000 0.000000 0.000000
7.000000 32.000000 0.000000 0.000000 0.000000
7.000000 33.000000 0.000000 0.000000 0.000000
7.000000 34.000000 0.000000 0.000000 0.000000
7.000000 35.000000 0.000000 0.000000 0.000000
7.000000 36.000000 0.000000 0.000000 0.000000
7.000000 37.000000 0.000000 0.000000 0.000000
7.000000 38.000000 0.000000 0.000000 0.000000
7.000000 39.000000 0.000000 0.000000 0.000000
7.000000 40.000000 0.000000 0.000000 0.000000
7.000000 41.000000 0.000000 0.000000 0.000000
7.000000 42.000000 0.000000 0.000000 0.000000
7.000000 43.000000 0.000000 0.000000 0.000000
7.000000 44.000000 0.000000 0.000000 0.000000
7.000000 45.000000 0.000000 0.000000 0.000000
7.000000 46.000000 0.000000 0.000000 0.000000
7.000000 47.000000 0.000000 0.000000 0.000000
7.000000 48.000000 0.000000 0.000000 0.000000
7.000000 49.000000 0.000000 0.000000 0.000000
8.000000 0.000000 0.000000 0.000000 0.000000
8.000000 1.000000 11.000000 7.333333 11.000000
8.000000 2.000000 105.000000 65.000000 105.000000
8.000000 3.000000 214.000000 176.000000 214.000000
8.000000 4.000000 318.000000 282.000000 318.000000
8.000000 5.000000 417.000000 374.666656 417.000000
8.000000 6.000000 502.000000 464.333344 502.000000
8.000000 7.000000 581.000000 541.333313 581.000000
8.000000 8.000000 673.000000 630.666687 673.000000
8.000000 9.000000 598.000000 620.666687 640.000000
8.000000 10.000000 472.000000 516.000000 550.000000
8.000000 11.000000 326.000000 370.333344 418.000000
8.000000 12.000000 252.000000 270.333344 284.000000
8.000000 13.000000 189.000000 206.666672 225.000000
8.000000 14.000000 140.000000 152.000000 163.000000
8.000000 15.000000 95.000000 104.666664 117.000000
8.000000 16.000000 63.000000 76.000000 88.000000
8.000000 17.000000 28.000000 38.333332 47.000000
8.000000 18.000000 10.000000 15.000000 22.000000
8.000000 19.000000 4.000000 6.666667 9.000000
8.000000 20.000000 1.000000 1.000000 1.000000
8.000000 21.000000 0.000000 0.333333 1.000000
8.000000 22.000000 0.000000 0.000000 0.000000
8.000000 23.000000 0.000000 0.000000 0.000000
8.000000 24.000000 0.000000 0.000000 0.000000
8.000000 25.000000 0.000000 0.000000 0.000000
8.000000 26.000000 0.000000 0.000000 0.000000
8.000000 27.000000 0.000000 0.000000 0.000000
8.000000 28.000000 0.000000 0.000000 0.000000
8.000000 29.000000 0.000000 0.000000 0.000000
8.000000 30.000000 0.000000 0.000000 0.000000
8.000000 31.000000 0.000000 0.000000 0.000000
8.000000 32.000000 0.000000 0.000000 0.000000
8.000000 33.000000 0.000000 0.000000 0.000000
8.000000 34.000000 0.000000 0.000000 0.000000
8.000000 35.000000 0.000000 0.000000 0.000000
8.000000 36.000000 0.000000 0.000000 0.000000
8.000000 37.000000 0.000000 0.000000 0.000000
8.000000 38.000000 0.000000 0.000000 0.000000
8.000000 39.000000 0.000000 0.000000 0.000000
8.000000 40.000000 0.000000 0.000000 0.000000
8.000000 41.000000 0.000000 0.000000 0.000000
8.000000 42.000000 0.000000 0.000000 0.000000
8.000000 43.000000 0.000000 0.000000 0.000000
8.000000 44.000000 0.000000 0.000000 0.000000
8.000000 45.000000 0.000000 0.000000 0.000000
8.000000 46.000000 0.000000 0.000000 0.000000
8.000000 47.000000 0.000000 0.000000 0.000000
8.000000 48.000000 0.000000 0.000000 0.000000
8.000000 49.000000 0.000000 0.000000 0.000000
9.000000 0.000000 0.000000 0.000000 0.000000
9.000000 1.000000 5.000000 2.333333 5.000000
9.000000 2.000000 22.000000 15.000000 22.000000
9.000000 3.000000 23.000000 22.666666 23.000000
9.000000 4.000000 21.000000 20.333334 21.000000
9.000000 5.000000 42.000000 33.000000 42.000000
9.000000 6.000000 136.000000 99.000000 136.000000
9.000000 7.000000 290.000000 232.333328 290.000000
9.000000 8.000000 520.000000 440.333344 520.000000
9.000000 9.000000 723.000000 656.666687 723.000000
9.000000 10.000000 870.000000 829.000000 870.000000
9.000000 11.000000 725.000000 767.000000 789.000000
9.000000 12.000000 533.000000 592.666687 636.000000
9.000000 13.000000 352.000000 406.000000 454.000000
9.000000 14.000000 281.000000 297.666656 316.000000
9.000000 15.000000 221.000000 236.666672 251.000000
9.000000 16.000000 146.000000 169.000000 191.000000
9.000000 17.000000 89.000000 108.000000 126.000000
9.000000 18.000000 51.000000 62.666668 75.000000
9.000000 19.000000 24.000000 31.666666 39.000000
9.000000 20.000000 11.000000 13.333333 16.000000
9.000000 21.000000 4.000000 6.333333 9.000000
9.000000 22.000000 2.000000 2.666667 4.000000
9.000000 23.000000 0.000000 0.333333 1.000000
9.000000 24.000000 0.000000 0.000000 0.000000
9.000000 25.000000 0.000000 0.000000 0.000000
9.000000 26.000000 0.000000 0.000000 0.000000
9.000000 27.000000 0.000000 0.000000 0.000000
9.000000 28.000000 0.000000 0.000000 0.000000
9.000000 29.000000 0.000000 0.000000 0.000000
9.000000 30.000000 0.000000 0.000000 0.000000
9.000000 31.000000 0.000000 0.000000 0.000000
9.000000 32.000000 0.000000 0.000000 0.000000
9.000000 33.000000 0.000000 0.000000 0.000000
9.000000 34.000000 0.000000 0.000000 0.000000
9.000000 35.000000 0.000000 0.000000 0.000000
9.000000 36.000000 0.000000 0.000000 0.000000
9.000000 37.000000 0.000000 0.000000 0.000000
9.000000 38.000000 0.000000 0.000000 0.000000
9.000000 39.000000 0.000000 0.000000 0.000000
9.000000 40.000000 0.000000 0.000000 0.000000
9.000000 41.000000 0.000000 0.000000 0.000000
9.000000 42.000000 0.000000 0.000000 0.000000
9.000000 43.000000 0.000000 0.000000 0.000000
9.000000 44.000000 0.000000 0.000000 0.000000
9.000000 45.000000 0.000000 0.000000 0.000000
9.000000 46.000000 0.000000 0.000000 0.000000
9.000000 47.000000 0.000000 0.000000 0.000000
9.000000 48.000000 0.000000 0.000000 0.000000
9.000000 49.000000 0.000000 0.000000 0.000000
10.000000 0.000000 1.000000 0.666667 1.000000
10.000000 1.000000 0.000000 0.333333 1.000000
10.000000 2.000000 0.000000 0.000000 0.000000
10.000000 3.000000 0.000000 0.000000 0.000000
10.000000 4.000000 0.000000 0.000000 0.000000
10.000000 5.000000 0.000000 0.000000 0.000000
10.000000 6.000000 0.000000 0.000000 0.000000
10.000000 7.000000 0.000000 0.000000 0.000000
10.000000 8.000000 0.000000 0.000000 0.000000
10.000000 9.000000 0.000000 0.000000 0.000000
10.000000 10.000000 0.000000 0.000000 0.000000
10.000000 11.000000 0.000000 0.000000 0.000000
10.000000 12.000000 0.000000 0.000000 0.000000
10.000000 13.000000 0.000000 0.000000 0.000000
10.000000 14.000000 0.000000 0.000000 0.000000
10.000000 15.000000 0.000000 0.000000 0.000000
10.000000 16.000000 0.000000 0.000000 0.000000
10.000000 17.000000 0.000000 0.000000 0.000000
10.000000 18.000000 0.000000 0.000000 0.000000
10.000000 19.000000 0.000000 0.000000 0.000000
10.000000 20.000000 0.000000 0.000000 0.000000
10.000000 21.000000 0.000000 0.000000 0.000000
10.000000 22.000000 0.000000 0.000000 0.000000
10.000000 23.000000 0.000000 0.000000 0.000000
10.000000 24.000000 0.000000 0.000000 0.000000
10.000000 25.000000 0.000000 0.000000 0.000000
10.000000 26.000000 0.000000 0.000000 0.000000
10.000000 27.000000 0.000000 0.000000 0.000000
10.000000 28.000000 0.000000 0.000000 0.000000
10.000000 29.000000 0.000000 0.000000 0.000000
10.000000 30.000000 0.000000 0.000000 0.000000
10.000000 31.000000 0.000000 0.000000 0.000000
10.000000 32.000000 0.000000 0.000000 0.000000
10.000000 33.000000 0.000000 0.000000 0.000000
10.000000 34.000000 0.000000 0.000000 0.000000
10.000000 35.000000 0.000000 0.000000 0.000000
10.000000 36.000000 0.000000 0.000000 0.000000
10.000000 37.000000 0.000000 0.000000 0.000000
10.000000 38.000000 0.000000 0.000000 0.000000
10.000000 39.000000 0.000000 0.000000 0.000000
10.000000 40.000000 0.000000 0.000000 0.000000
10.000000 41.000000 0.000000 0.000000 0.000000
10.000000 42.000000 0.000000 0.000000 0.000000
10.000000 43.000000 0.000000 0.000000 0.000000
10.000000 44.000000 0.000000 0.000000 0.000000
10.000000 45.000000 0.000000 0.000000 0.000000
10.000000 46.000000 0.000000 0.000000 0.000000
10.000000 47.000000 0.000000 0.000000 0.000000
10.000000 48.000000 0.000000 0.000000 0.000000
10.000000 49.000000 0.000000 0.000000 0.000000
11.000000 0.000000 0.000000 0.000000 0.000000
11.000000 1.000000 1.000000 0.666667 1.000000
11.000000 2.000000 1.000000 1.000000 1.000000
11.000000 3.000000 1.000000 1.000000 1.000000
11.000000 4.000000 0.000000 0.666667 1.000000
11.000000 5.000000 0.000000 0.000000 0.000000
11.000000 6.000000 0.000000 0.000000 0.000000
11.000000 7.000000 0.000000 0.000000 0.000000
11.000000 8.000000 0.000000 0.000000 0.000000
11.000000 9.000000 0.000000 0.000000 0.000000
11.000000 10.000000 0.000000 0.000000 0.000000
11.000000 11.000000 0.000000 0.000000 0.000000
11.000000 12.000000 0.000000 0.000000 0.000000
11.000000 13.000000 0.000000 0.000000 0.000000
11.000000 14.000000 0.000000 0.000000 0.000000
11.000000 15.000000 0.000000 0.000000 0.000000
11.000000 16.000000 0.000000 0.000000 0.000000
11.000000 17.000000 0.000000 0.000000 0.000000
11.000000 18.000000 0.000000 0.000000 0.000000
11.000000 19.000000 0.000000 0.000000 0.000000
11.000000 20.000000 0.000000 0.000000 0.000000
11.000000 21.000000 0.000000 0.000000 0.000000
11.000000 22.000000 0.000000 0.000000 0.000000
11.000000 23.000000 0.000000 0.000000 0.000000
11.000000 24.000000 0.000000 0.000000 0.000000
11.000000 25.000000 0.000000 0.000000 0.000000
11.000000 26.000000 0.000000 0.000000 0.000000
11.000000 27.000000 0.000000 0.000000 0.000000
11.000000 28.000000 0.000000 0.000000 0.000000
11.000000 29.000000 0.000000 0.000000 0.000000
11.000000 30.000000 0.000000 0.000000 0.000000
11.000000 31.000000 0.000000 0.000000 0.000000
11.000000 32.000000 0.000000 0.000000 0.000000
11.000000 33.000000 0.000000 0.000000 0.000000
11.000000 34.000000 0.000000 0.000000 0.000000
11.000000 35.000000 0.000000 0.000000 0.000000
11.000000 36.000000 0.000000 0.000000 0.000000
11.000000 37.000000 0.000000 0.000000 0.000000
11.000000 38.000000 0.000000 0.000000 0.000000
11.000000 39.000000 0.000000 0.000000 0.000000
11.000000 40.000000 0.000000 0.000000 0.000000
11.000000 41.000000 0.000000 0.000000 0.000000
11.000000 42.000000 0.000000 0.000000 0.000000
11.000000 43.000000 0.000000 0.000000 0.000000
11.000000 44.000000 0.000000 0.000000 0.000000
11.000000 45.000000 0.000000 0.000000 0.000000
11.000000 46.000000 0.000000 0.000000 0.000000
11.000000 47.000000 0.000000 0.000000 0.000000
11.000000 48.000000 0.000000 0.000000 0.000000
11.000000 49.000000 0.000000 0.000000 0.000000
12.000000 0.000000 0.000000 0.000000 0.000000
12.000000 1.000000 0.000000 0.000000 0.000000
12.000000 2.000000 5.000000 3.666667 5.000000
12.000000 3.000000 3.000000 4.000000 5.000000
12.000000 4.000000 0.000000 0.666667 2.000000
12.000000 5.000000 0.000000 0.000000 0.000000
12.000000 6.000000 0.000000 0.000000 0.000000
12.000000 7.000000 0.000000 0.000000 0.000000
12.000000 8.000000 0.000000 0.000000 0.000000
12.000000 9.000000 0.000000 0.000000 0.000000
12.000000 10.000000 0.000000 0.000000 0.000000
12.000000 11.000000 0.000000 0.000000 0.000000
12.000000 12.000000 0.000000 0.000000 0.000000
12.000000 13.000000 0.000000 0.000000 0.000000
12.000000 14.000000 0.000000 0.000000 0.000000
12.000000 15.000000 0.000000 0.000000 0.000000
12.000000 16.000000 0.000000 0.000000 0.000000
12.000000 17.000000 0.000000 0.000000 0.000000
12.000000 18.000000 0.000000 0.000000 0.000000
12.000000 19.000000 0.000000 0.000000 0.000000
12.000000 20.000000 0.000000 0.000000 0.000000
12.000000 21.000000 0.000000 0.000000 0.000000
12.000000 22.000000 0.000000 0.000000 0.000000
12.000000 23.000000 0.000000 0.000000 0.000000
12.000000 24.000000 0.000000 0.000000 0.000000
12.000000 25.000000 0.000000 0.000000 0.000000
12.000000 26.000000 0.000000 0.000000 0.000000
12.000000 27.000000 0.000000 0.000000 0.000000
12.000000 28.000000 0.000000 0.000000 0.000000
12.000000 29.000000 0.000000 0.000000 0.000000
12.000000 30.000000 0.000000 0.000000 0.000000
12.000000 31.000000 0.000000 0.000000 0.000000
12.000000 32.000000 0.000000 0.000000 0.000000
12.000000 33.000000 0.000000 0.000000 0.000000
12.000000 34.000000 0.000000 0.000000 0.000000
12.000000 35.000000 0.000000 0.000000 0.000000
12.000000 36.000000 0.000000 0.000000 0.000000
12.000000 37.000000 0.000000 0.000000 0.000000
12.000000 38.000000 0.000000 0.000000 0.000000
12.000000 39.000000 0.000000 0.000000 0.000000
12.000000 40.000000 0.000000 0.000000 0.000000
12.000000 41.000000 0.000000 0.000000 0.000000
12.000000 42.000000 0.000000 0.000000 0.000000
12.000000 43.000000 0.000000 0.000000 0.000000
12.000000 44.000000 0.000000 0.000000 0.000000
12.000000 45.000000 0.000000 0.000000 0.000000
12.000000 46.000000 0.000000 0.000000 0.000000
12.000000 47.000000 0.000000 0.000000 0.000000
12.000000 48.000000 0.000000 0.000000 0.000000
12.000000 49.000000 0.000000 0.000000 0.000000
13.000000 0.000000 1.000000 0.666667 1.000000
13.000000 1.000000 0.000000 0.666667 1.000000
13.000000 2.000000 0.000000 0.000000 0.000000
13.000000 3.000000 0.000000 0.000000 0.000000
13.000000 4.000000 0.000000 0.000000 0.000000
13.000000 5.000000 0.000000 0.000000 0.000000
13.000000 6.000000 0.000000 0.000000 0.000000
13.000000 7.000000 0.000000 0.000000 0.000000
13.000000 8.000000 0.000000 0.000000 0.000000
13.000000 9.000000 0.000000 0.000000 0.000000
13.000000 10.000000 0.000000 0.000000 0.000000
13.000000 11.000000 0.000000 0.000000 0.000000
13.000000 12.000000 0.000000 0.000000 0.000000
13.000000 13.000000 0.000000 0.000000 0.000000
13.000000 14.000000 0.000000 0.000000 0.000000
13.000000 15.000000 0.000000 0.000000 0.000000
13.000000 16.000000 0.000000 0.000000 0.000000
13.000000 17.000000 0.000000 0.000000 0.000000
13.000000 18.000000 0.000000 0.000000 0.000000
13.000000 19.000000 0.000000 0.000000 0.000000
13.000000 20.000000 0.000000 0.000000 0.000000
13.000000 21.000000 0.000000 0.000000 0.000000
13.000000 22.000000 0.000000 0.000000 0.000000
13.000000 23.000000 0.000000 0.000000 0.000000
13.000000 24.000000 0.000000 0.000000 0.000000
13.000000 25.000000 0.000000 0.000000 0.000000
13.000000 26.000000 0.000000 0.000000 0.000000
13.000000 27.000000 0.000000 0.000000 0.000000
13.000000 28.000000 0.000000 0.000000 0.000000
13.000000 29.000000 0.000000 0.000000 0.000000
13.000000 30.000000 0.000000 0.000000 0.000000
13.000000 31.000000 0.000000 0.000000 0.000000
13.000000 32.000000 0.000000 0.000000 0.000000
13.000000 33.000000 0.000000 0.000000 0.000000
13.000000 34.000000 0.000000 0.000000 0.000000
13.000000 35.000000 0.000000 0.000000 0.000000
13.000000 36.000000 0.000000 0.000000 0.000000
13.000000 37.000000 0.000000 0.000000 0.000000
13.000000 38.000000 0.000000 0.000000 0.000000
13.000000 39.000000 0.000000 0.000000 0.000000
13.000000 40.000000 0.000000 0.000000 0.000000
13.000000 41.000000 0.000000 0.000000 0.000000
13.000000 42.000000 0.000000 0.000000 0.000000
13.000000 43.000000 0.000000 0.000000 0.000000
13.000000 44.000000 0.000000 0.000000 0.000000
13.000000 45.000000 0.000000 0.000000 0.000000
13.000000 46.000000 0.000000 0.000000 0.000000
13.000000 47.000000 0.000000 0.000000 0.000000
13.000000 48.000000 0.000000 0.000000 0.000000
13.000000 49.000000 0.000000 0.000000 0.000000
14.000000 0.000000 0.000000 0.000000 0.000000
14.000000 1.000000 1.000000 0.666667 1.000000
14.000000 2.000000 1.000000 1.000000 1.000000
14.000000 3.000000 0.000000 0.666667 1.000000
14.000000 4.000000 0.000000 0.000000 0.000000
14.000000 5.000000 0.000000 0.000000 0.000000
14.000000 6.000000 0.000000 0.000000 0.000000
14.000000 7.000000 0.000000 0.000000 0.000000
14.000000 8.000000 0.000000 0.000000 0.000000
14.000000 9.000000 0.000000 0.000000 0.000000
14.000000 10.000000 0.000000 0.000000 0.000000
14.000000 11.000000 0.000000 0.000000 0.000000
14.000000 12.000000 0.000000 0.000000 0.000000
14.000000 13.000000 0.000000 0.000000 0.000000
14.000000 14.000000 0.000000 0.000000 0.000000
14.000000 15.000000 0.000000 0.000000 0.000000
14.000000 16.000000 0.000000 0.000000 0.000000
14.000000 17.000000 0.000000 0.000000 0.000000
14.000000 18.000000 0.000000 0.000000 0.000000
14.000000 19.000000 0.000000 0.000000 0.000000
14.000000 20.000000 0.000000 0.000000 0.000000
14.000000 21.000000 0.000000 0.000000 0.000000
14.000000 22.000000 0.000000 0.000000 0.000000
14.000000 23.000000 0.000000 0.000000 0.000000
14.000000 24.000000 0.000000 0.000000 0.000000
14.000000 25.000000 0.000000 0.000000 0.000000
14.000000 26.000000 0.000000 0.000000 0.000000
14.000000 27.000000 0.000000 0.000000 0.000000
14.000000 28.000000 0.000000 0.000000 0.000000
14.000000 29.000000 0.000000 0.000000 0.000000
14.000000 30.000000 0.000000 0.000000 0.000000
14.000000 31.000000 0.000000 0.000000 0.000000
14.000000 32.000000 0.000000 0.000000 0.000000
14.000000 33.000000 0.000000 0.000000 0.000000
14.000000 34.000000 0.000000 0.000000 0.000000
14.000000 35.000000 0.000000 0.000000 0.000000
14.000000 36.000000 0.000000 0.000000 0.000000
14.000000 37.000000 0.000000 0.000000 0.000000
14.000000 38.000000 0.000000 0.000000 0.000000
14.000000 39.000000 0.000000 0.000000 0.000000
14.000000 40.000000 0.000000 0.000000 0.000000
14.000000 41.000000 0.000000 0.000000 0.000000
14.000000 42.000000 0.000000 0.000000 0.000000
14.000000 43.000000 0.000000 0.000000 0.000000
14.000000 44.000000 0.000000 0.000000 0.000000
14.000000 45.000000 0.000000 0.000000 0.000000
14.000000 46.000000 0.000000 0.000000 0.000000
14.000000 47.000000 0.000000 0.000000 0.000000
14.000000 48.000000 0.000000 0.000000 0.000000
14.000000 49.000000 0.000000 0.000000 0.000000
15.000000 0.000000 1.000000 0.666667 1.000000
15.000000 1.000000 1.000000 1.000000 1.000000
15.000000 2.000000 0.000000 0.000000 0.000000
15.000000 3.000000 0.000000 0.000000 0.000000
15.000000 4.000000 0.000000 0.000000 0.000000
15.000000 5.000000 0.000000 0.000000 0.000000
15.000000 6.000000 0.000000 0.000000 0.000000
15.000000 7.000000 0.000000 0.000000 0.000000
15.000000 8.000000 0.000000 0.000000 0.000000
15.000000 9.000000 0.000000 0.000000 0.000000
15.000000 10.000000 0.000000 0.000000 0.000000
15.000000 11.000000 0.000000 0.000000 0.000000
15.000000 12.000000 0.000000 0.000000 0.000000
15.000000 13.000000 0.000000 0.000000 0.000000
15.000000 14.000000 0.000000 0.000000 0.000000
15.000000 15.000000 0.000000 0.000000 0.000000
15.000000 16.000000 0.000000 0.000000 0.000000
15.000000 17.000000 0.000000 0.000000 0.000000
15.000000 18.000000 0.000000 0.000000 0.000000
15.000000 19.000000 0.000000 0.000000 0.000000
15.000000 20.000000 0.000000 0.000000 0.000000
15.000000 21.000000 0.000000 0.000000 0.000000
15.000000 22.000000 0.000000 0.000000 0.000000
15.000000 23.000000 0.000000 0.000000 0.000000
15.000000 24.000000 0.000000 0.000000 0.000000
15.000000 25.000000 0.000000 0.000000 0.000000
15.000000 26.000000 0.000000 0.000000 0.000000
15.000000 27.000000 0.000000 0.000000 0.000000
15.000000 28.000000 0.000000 0.000000 0.000000
15.000000 29.000000 0.000000 0.000000 0.000000
15.000000 30.000000 0.000000 0.000000 0.000000
15.000000 31.000000 0.000000 0.000000 0.000000
15.000000 32.000000 0.000000 0.000000 0.000000
15.000000 33.000000 0.000000 0.000000 0.000000
15.000000 34.000000 0.000000 0.000000 0.000000
15.000000 35.000000 0.000000 0.000000 0.000000
15.000000 36.000000 0.000000 0.000000 0.000000
15.000000 37.000000 0.000000 0.000000 0.000000
15.000000 38.000000 0.000000 0.000000 0.000000
15.000000 39.000000 0.000000 0.000000 0.000000
15.000000 40.000000 0.000000 0.000000 0.000000
15.000000 41.000000 0.000000 0.000000 0.000000
15.000000 42.000000 0.000000 0.000000 0.000000
15.000000 43.000000 0.000000 0.000000 0.000000
15.000000 44.000000 0.000000 0.000000 0.000000
15.000000 45.000000 0.000000 0.000000 0.000000
15.000000 46.000000 0.000000 0.000000 0.000000
15.000000 47.000000 0.000000 0.000000 0.000000
15.000000 48.000000 0.000000 0.000000 0.000000
15.000000 49.000000 0.000000 0.000000 0.000000
16.000000 0.000000 1.000000 0.666667 1.000000
16.000000 1.000000 0.000000 0.666667 1.000000
16.000000 2.000000 0.000000 0.000000 0.000000
16.000000 3.000000 0.000000 0.000000 0.000000
16.000000 4.000000 0.000000 0.000000 0.000000
16.000000 5.000000 0.000000 0.000000 0.000000
16.000000 6.000000 0.000000 0.000000 0.000000
16.000000 7.000000 0.000000 0.000000 0.000000
16.000000 8.000000 0.000000 0.000000 0.000000
16.000000 9.000000 0.000000 0.000000 0.000000
16.000000 10.000000 0.000000 0.000000 0.000000
16.000000 11.000000 0.000000 0.000000 0.000000
16.000000 12.000000 0.000000 0.000000 0.000000
16.000000 13.000000 0.000000 0.000000 0.000000
16.000000 14.000000 0.000000 0.000000 0.000000
16.000000 15.000000 0.000000 0.000000 0.000000
16.000000 16.000000 0.000000 0.000000 0.000000
16.000000 17.000000 0.000000 0.000000 0.000000
16.000000 18.000000 0.000000 0.000000 0.000000
16.000000 19.000000 0.000000 0.000000 0.000000
16.000000 20.000000 0.000000 0.000000 0.000000
16.000000 21.000000 0.000000 0.000000 0.000000
16.000000 22.000000 0.000000 0.000000 0.000000
16.000000 23.000000 0.000000 0.000000 0.000000
16.000000 24.000000 0.000000 0.000000 0.000000
16.000000 25.000000 0.000000 0.000000 0.000000
16.000000 26.000000 0.000000 0.000000 0.000000
16.000000 27.000000 0.000000 0.000000 0.000000
16.000000 28.000000 0.000000 0.000000 0.000000
16.000000 29.000000 0.000000 0.000000 0.000000
16.000000 30.000000 0.000000 0.000000 0.000000
16.000000 31.000000 0.000000 0.000000 0.000000
16.000000 32.000000 0.000000 0.000000 0.000000
16.000000 33.000000 0.000000 0.000000 0.000000
16.000000 34.000000 0.000000 0.000000 0.000000
16.000000 35.000000 0.000000 0.000000 0.000000
16.000000 36.000000 0.000000 0.000000 0.000000
16.000000 37.000000 0.000000 0.000000 0.000000
16.000000 38.000000 0.000000 0.000000 0.000000
16.000000 39.000000 0.000000 0.000000 0.000000
16.000000 40.000000 0.000000 0.000000 0.000000
16.000000 41.000000 0.000000 0.000000 0.000000
16.000000 42.000000 0.000000 0.000000 0.000000
16.000000 43.000000 0.000000 0.000000 0.000000
16.000000 44.000000 0.000000 0.000000 0.000000
16.000000 45.000000 0.000000 0.000000 0.000000
16.000000 46.000000 0.000000 0.000000 0.000000
16.000000 47.000000 0.000000 0.000000 0.000000
16.000000 48.000000 0.000000 0.000000 0.000000
16.000000 49.000000 0.000000 0.000000 0.000000
17.000000 0.000000 0.000000 0.000000 0.000000
17.000000 1.000000 1.000000 0.666667 1.000000
17.000000 2.000000 0.000000 0.666667 1.000000
17.000000 3.000000 0.000000 0.000000 0.000000
17.000000 4.000000 0.000000 0.000000 0.000000
17.000000 5.000000 0.000000 0.000000 0.000000
17.000000 6.000000 0.000000 0.000000 0.000000
17.000000 7.000000 0.000000 0.000000 0.000000
17.000000 8.000000 0.000000 0.000000 0.000000
17.000000 9.000000 0.000000 0.000000 0.000000
17.000000 10.000000 0.000000 0.000000 0.000000
17.000000 11.000000 0.000000 0.000000 0.000000
17.000000 12.000000 0.000000 0.000000 0.000000
17.000000 13.000000 0.000000 0.000000 0.000000
17.000000 14.000000 0.000000 0.000000 0.000000
17.000000 15.000000 0.000000 0.000000 0.000000
17.000000 16.000000 0.000000 0.000000 0.000000
17.000000 17.000000 0.000000 0.000000 0.000000
17.000000 18.000000 0.000000 0.000000 0.000000
17.000000 19.000000 0.000000 0.000000 0.000000
17.000000 20.000000 0.000000 0.000000 0.000000
17.000000 21.000000 0.000000 0.000000 0.000000
17.000000 22.000000 0.000000 0.000000 0.000000
17.000000 23.000000 0.000000 0.000000 0.000000
17.000000 24.000000 0.000000 0.000000 0.000000
17.000000 25.000000 0.000000 0.000000 0.000000
17.000000 26.000000 0.000000 0.000000 0.000000
17.000000 27.000000 0.000000 0.000000 0.000000
17.000000 28.000000 0.000000 0.000000 0.000000
17.000000 29.000000 0.000000 0.000000 0.000000
17.000000 30.000000 0.000000 0.000000 0.000000
17.000000 31.000000 0.000000 0.000000 0.000000
17.000000 32.000000 0.000000 0.000000 0.000000
17.000000 33.000000 0.000000 0.000000 0.000000
17.000000 34.000000 0.000000 0.000000 0.000000
17.000000 35.000000 0.000000 0.000000 0.000000
17.000000 36.000000 0.000000 0.000000 0.000000
17.000000 37.000000 0.000000 0.000000 0.000000
17.000000 38.000000 0.000000 0.000000 0.000000
17.000000 39.000000 0.000000 0.000000 0.000000
17.000000 40.000000 0.000000 0.000000 0.000000
17.000000 41.000000 0.000000 0.000000 0.000000
17.000000 42.000000 0.000000 0.000000 0.000000
17.000000 43.000000 0.000000 0.000000 0.000000
17.000000 44.000000 0.000000 0.000000 0.000000
17.000000 45.000000 0.000000 0.000000 0.000000
17.000000 46.000000 0.000000 0.000000 0.000000
17.000000 47.000000 0.000000 0.000000 0.000000
17.000000 48.000000 0.000000 0.000000 0.000000
17.000000 49.000000 0.000000 0.000000 0.000000
18.000000 0.000000 1.000000 0.666667 1.000000
18.000000 1.000000 0.000000 0.000000 0.000000
18.000000 2.000000 0.000000 0.000000 0.000000
18.000000 3.000000 0.000000 0.000000 0.000000
18.000000 4.000000 0.000000 0.000000 0.000000
18.000000 5.000000 0.000000 0.000000 0.000000
18.000000 6.000000 0.000000 0.000000 0.000000
18.000000 7.000000 0.000000 0.000000 0.000000
18.000000 8.000000 0.000000 0.000000 0.000000
18.000000 9.000000 0.000000 0.000000 0.000000
18.000000 10.000000 0.000000 0.000000 0.000000
18.000000 11.000000 0.000000 0.000000 0.000000
18.000000 12.000000 0.000000 0.000000 0.000000
18.000000 13.000000 0.000000 0.000000 0.000000
18.000000 14.000000 0.000000 0.000000 0.000000
18.000000 15.000000 0.000000 0.000000 0.000000
18.000000 16.000000 0.000000 0.000000 0.000000
18.000000 17.000000 0.000000 0.000000 0.000000
18.000000 18.000000 0.000000 0.000000 0.000000
18.000000 19.000000 0.000000 0.000000 0.000000
18.000000 20.000000 0.000000 0.000000 0.000000
18.000000 21.000000 0.000000 0.000000 0.000000
18.000000 22.000000 0.000000 0.000000 0.000000
18.000000 23.000000 0.000000 0.000000 0.000000
18.000000 24.000000 0.000000 0.000000 0.000000
18.000000 25.000000 0.000000 0.000000 0.000000
18.000000 26.000000 0.000000 0.000000 0.000000
18.000000 27.000000 0.000000 0.000000 0.000000
18.000000 28.000000 0.000000 0.000000 0.000000
18.000000 29.000000 0.000000 0.000000 0.000000
18.000000 30.000000 0.000000 0.000000 0.000000
18.000000 31.000000 0.000000 0.000000 0.000000
18.000000 32.000000 0.000000 0.000000 0.000000
18.000000 33.000000 0.000000 0.000000 0.000000
18.000000 34.000000 0.000000 0.000000 0.000000
18.000000 35.000000 0.000000 0.000000 0.000000
18.000000 36.000000 0.000000 0.000000 0.000000
18.000000 37.000000 0.000000 0.000000 0.000000
18.000000 38.000000 0.000000 0.000000 0.000000
18.000000 39.000000 0.000000 0.000000 0.000000
18.000000 40.000000 0.000000 0.000000 0.000000
18.000000 41.000000 0.000000 0.000000 0.000000
18.000000 42.000000 0.000000 0.000000 0.000000
18.000000 43.000000 0.000000 0.000000 0.000000
18.000000 44.000000 0.000000 0.000000 0.000000
18.000000 45.000000 0.000000 0.000000 0.000000
18.000000 46.000000 0.000000 0.000000 0.000000
18.000000 47.000000 0.000000 0.000000 0.000000
18.000000 48.000000 0.000000 0.000000 0.000000
18.000000 49.000000 0.000000 0.000000 0.000000
19.000000 0.000000 0.000000 0.000000 0.000000
19.000000 1.000000 11.000000 6.666667 11.000000
19.000000 2.000000 34.000000 24.000000 34.000000
19.000000 3.000000 97.000000 70.666664 97.000000
19.000000 4.000000 348.000000 243.666672 348.000000
19.000000 5.000000 666.000000 555.333313 666.000000
19.000000 6.000000 815.000000 756.333313 815.000000
19.000000 7.000000 832.000000 838.666687 871.000000
19.000000 8.000000 706.000000 739.333313 765.000000
19.000000 9.000000 536.000000 585.000000 617.000000
19.000000 10.000000 369.000000 423.666656 468.000000
19.000000 11.000000 241.000000 276.000000 311.000000
19.000000 12.000000 162.000000 190.333328 212.000000
19.000000 13.000000 98.000000 115.666664 139.000000
19.000000 14.000000 74.000000 80.000000 84.000000
19.000000 15.000000 49.000000 58.666668 67.000000
19.000000 16.000000 28.000000 34.666668 41.000000
19.000000 17.000000 15.000000 16.333334 17.000000
19.000000 18.000000 5.000000 7.666667 11.000000
19.000000 19.000000 3.000000 3.000000 3.000000
19.000000 20.000000 2.000000 2.333333 3.000000
19.000000 21.000000 1.000000 1.000000 1.000000
19.000000 22.000000 1.000000 1.000000 1.000000
19.000000 23.000000 0.000000 0.333333 1.000000
19.000000 24.000000 0.000000 0.000000 0.000000
19.000000 25.000000 0.000000 0.000000 0.000000
19.000000 26.000000 0.000000 0.000000 0.000000
19.000000 27.000000 0.000000 0.000000 0.000000
19.000000 28.000000 0.000000 0.000000 0.000000
19.000000 29.000000 0.000000 0.000000 0.000000
19.000000 30.000000 0.000000 0.000000 0.000000
19.000000 31.000000 0.000000 0.000000 0.000000
19.000000 32.000000 0.000000 0.000000 0.000000
19.000000 33.000000 0.000000 0.000000 0.000000
19.000000 34.000000 0.000000 0.000000 0.000000
19.000000 35.000000 0.000000 0.000000 0.000000
19.000000 36.000000 0.000000 0.000000 0.000000
19.000000 37.000000 0.000000 0.000000 0.000000
19.000000 38.000000 0.000000 0.000000 0.000000
19.000000 39.000000 0.000000 0.000000 0.000000
19.000000 40.000000 0.000000 0.000000 0.000000
19.000000 41.000000 0.000000 0.000000 0.000000
19.000000 42.000000 0.000000 0.000000 0.000000
19.000000 43.000000 0.000000 0.000000 0.000000
19.000000 44.000000 0.000000 0.000000 0.000000
19.000000 45.000000 0.000000 0.000000 0.000000
19.000000 46.000000 0.000000 0.000000 0.000000
19.000000 47.000000 0.000000 0.000000 0.000000
19.000000 48.000000 0.000000 0.000000 0.000000
19.000000 49.000000 0.000000 0.000000 0.000000
20.000000 0.000000 1.000000 0.666667 1.000000
20.000000 1.000000 1.000000 1.000000 1.000000
20.000000 2.000000 1.000000 1.000000 1.000000
20.000000 3.000000 0.000000 0.000000 0.000000
20.000000 4.000000 0.000000 0.000000 0.000000
20.000000 5.000000 0.000000 0.000000 0.000000
20.000000 6.000000 0.000000 0.000000 0.000000
20.000000 7.000000 0.000000 0.000000 0.000000
20.000000 8.000000 0.000000 0.000000 0.000000
20.000000 9.000000 0.000000 0.000000 0.000000
20.000000 10.000000 0.000000 0.000000 0.000000
20.000000 11.000000 0.000000 0.000000 0.000000
20.000000 12.000000 0.000000 0.000000 0.000000
20.000000 13.000000 0.000000 0.000000 0.000000
20.000000 14.000000 0.000000 0.000000 0.000000
20.000000 15.000000 0.000000 0.000000 0.000000
20.000000 16.000000 0.000000 0.000000 0.000000
20.000000 17.000000 0.000000 0.000000 0.000000
20.000000 18.000000 0.000000 0.000000 0.000000
20.000000 19.000000 0.000000 0.000000 0.000000
20.000000 20.000000 0.000000 0.000000 0.000000
20.000000 21.000000 0.000000 0.000000 0.000000
20.000000 22.000000 0.000000 0.000000 0.000000
20.000000 23.000000 0.000000 0.000000 0.000000
20.000000 24.000000 0.000000 0.000000 0.000000
20.000000 25.000000 0.000000 0.000000 0.000000
20.000000 26.000000 0.000000 0.000000 0.000000
20.000000 27.000000 0.000000 0.000000 0.000000
20.000000 28.000000 0.000000 0.000000 0.000000
20.000000 29.000000 0.000000 0.000000 0.000000
20.000000 30.000000 0.000000 0.000000 0.000000
20.000000 31.000000 0.000000 0.000000 0.000000
20.000000 32.000000 0.000000 0.000000 0.000000
20.000000 33.000000 0.000000 0.000000 0.000000
20.000000 34.000000 0.000000 0.000000 0.000000
20.000000 35.000000 0.000000 0.000000 0.000000
20.000000 36.000000 0.000000 0.000000 0.000000
20.000000 37.000000 0.000000 0.000000 0.000000
20.000000 38.000000 0.000000 0.000000 0.000000
20.000000 39.000000 0.000000 0.000000 0.000000
20.000000 40.000000 0.000000 0.000000 0.000000
20.000000 41.000000 0.000000 0.000000 0.000000
20.000000 42.000000 0.000000 0.000000 0.000000
20.000000 43.000000 0.000000 0.000000 0.000000
20.000000 44.000000 0.000000 0.000000 0.000000
20.000000 45.000000 0.000000 0.000000 0.000000
20.000000 46.000000 0.000000 0.000000 0.000000
20.000000 47.000000 0.000000 0.000000 0.000000
20.000000 48.000000 0.000000 0.000000 0.000000
20.000000 49.000000 0.000000 0.000000 0.000000
21.000000 0.000000 0.000000 0.000000 0.000000
21.000000 1.000000 2.000000 1.000000 2.000000
21.000000 2.000000 17.000000 11.000000 17.000000
21.000000 3.000000 71.000000 53.666668 71.000000
21.000000 4.000000 65.000000 67.000000 71.000000
21.000000 5.000000 63.000000 62.333332 65.000000
21.000000 6.000000 54.000000 57.333332 62.000000
21.000000 7.000000 29.000000 37.666668 44.000000
21.000000 8.000000 22.000000 23.000000 25.000000
21.000000 9.000000 33.000000 27.333334 33.000000
21.000000 10.000000 28.000000 30.333334 32.000000
21.000000 11.000000 18.000000 18.333334 19.000000
21.000000 12.000000 9.000000 12.000000 14.000000
21.000000 13.000000 3.000000 6.000000 9.000000
21.000000 14.000000 2.000000 2.000000 2.000000
21.000000 15.000000 0.000000 0.666667 1.000000
21.000000 16.000000 0.000000 0.000000 0.000000
21.000000 17.000000 0.000000 0.000000 0.000000
21.000000 18.000000 0.000000 0.000000 0.000000
21.000000 19.000000 0.000000 0.000000 0.000000
21.000000 20.000000 0.000000 0.000000 0.000000
21.000000 21.000000 0.000000 0.000000 0.000000
21.000000 22.000000 0.000000 0.000000 0.000000
21.000000 23.000000 0.000000 0.000000 0.000000
21.000000 24.000000 0.000000 0.000000 0.000000
21.000000 25.000000 0.000000 0.000000 0.000000
21.000000 26.000000 0.000000 0.000000 0.000000
21.000000 27.000000 0.000000 0.000000 0.000000
21.000000 28.000000 0.000000 0.000000 0.000000
21.000000 29.000000 0.000000 0.000000 0.000000
21.000000 30.000000 0.000000 0.000000 0.000000
21.000000 31.000000 0.000000 0.000000 0.000000
21.000000 32.000000 0.000000 0.000000 0.000000
21.000000 33.000000 0.000000 0.000000 0.000000
21.000000 34.000000 0.000000 0.000000 0.000000
21.000000 35.000000 0.000000 0.000000 0.000000
21.000000 36.000000 0.000000 0.000000 0.000000
21.000000 37.000000 0.000000 0.000000 0.000000
21.000000 38.000000 0.000000 0.000000 0.000000
21.000000 39.000000 0.000000 0.000000 0.000000
21.000000 40.000000 0.000000 0.000000 0.000000
21.000000 41.000000 0.000000 0.000000 0.000000
21.000000 42.000000 0.000000 0.000000 0.000000
21.000000 43.000000 0.000000 0.000000 0.000000
21.000000 44.000000 0.000000 0.000000 0.000000
21.000000 45.000000 0.000000 0.000000 0.000000
21.000000 46.000000 0.000000 0.000000 0.000000
21.000000 47.000000 0.000000 0.000000 0.000000
21.000000 48.000000 0.000000 0.000000 0.000000
21.000000 49.000000 0.000000 0.000000 0.000000
22.000000 0.000000 0.000000 0.000000 0.000000
22.000000 1.000000 0.000000 0.000000 0.000000
22.000000 2.000000 0.000000 0.000000 0.000000
22.000000 3.000000 0.000000 0.000000 0.000000
22.000000 4.000000 0.000000 0.000000 0.000000
22.000000 5.000000 0.000000 0.000000 0.000000
22.000000 6.000000 0.000000 0.000000 0.000000
22.000000 7.000000 0.000000 0.000000 0.000000
22.000000 8.000000 0.000000 0.000000 0.000000
22.000000 9.000000 0.000000 0.000000 0.000000
22.000000 10.000000 0.000000 0.000000 0.000000
22.000000 11.000000 0.000000 0.000000 0.000000
22.000000 12.000000 0.000000 0.000000 0.000000
22.000000 13.000000 0.000000 0.000000 0.000000
22.000000 14.000000 0.000000 0.000000 0.000000
22.000000 15.000000 0.000000 0.000000 0.000000
22.000000 16.000000 0.000000 0.000000 0.000000
22.000000 17.000000 0.000000 0.000000 0.000000
22.000000 18.000000 0.000000 0.000000 0.000000
22.000000 19.000000 0.000000 0.000000 0.000000
22.000000 20.000000 0.000000 0.000000 0.000000
22.000000 21.000000 0.000000 0.000000 0.000000
22.000000 22.000000 0.000000 0.000000 0.000000
22.000000 23.000000 0.000000 0.000000 0.000000
22.000000 24.000000 0.000000 0.000000 0.000000
22.000000 25.000000 0.000000 0.000000 0.000000
22.000000 26.000000 0.000000 0.000000 0.000000
22.000000 27.000000 0.000000 0.000000 0.000000
22.000000 28.000000 0.000000 0.000000 0.000000
22.000000 29.000000 0.000000 0.000000 0.000000
22.000000 30.000000 0.000000 0.000000 0.000000
22.000000 31.000000 0.000000 0.000000 0.000000
22.000000 32.000000 0.000000 0.000000 0.000000
22.000000 33.000000 0.000000 0.000000 0.000000
22.000000 34.000000 0.000000 0.000000 0.000000
22.000000 35.000000 0.000000 0.000000 0.000000
22.000000 36.000000 0.000000 0.000000 0.000000
22.000000 37.000000 0.000000 0.000000 0.000000
22.000000 38.000000 0.000000 0.000000 0.000000
22.000000 39.000000 0.000000 0.000000 0.000000
22.000000 40.000000 0.000000 0.000000 0.000000
22.000000 41.000000 0.000000 0.000000 0.000000
22.000000 42.000000 0.000000 0.000000 0.000000
22.000000 43.000000 0.000000 0.000000 0.000000
22.000000 44.000000 0.000000 0.000000 0.000000
22.000000 45.000000 0.000000 0.000000 0.000000
22.000000 46.000000 0.000000 0.000000 0.000000
22.000000 47.000000 0.000000 0.000000 0.000000
22.000000 48.000000 0.000000 0.000000 0.000000
22.000000 49.000000 0.000000 0.000000 0.000000
23.000000 0.000000 0.000000 0.000000 0.000000
23.000000 1.000000 0.000000 0.333333 1.000000
23.000000 2.000000 0.000000 0.000000 0.000000
23.000000 3.000000 0.000000 0.000000 0.000000
23.000000 4.000000 0.000000 0.000000 0.000000
23.000000 5.000000 0.000000 0.000000 0.000000
23.000000 6.000000 0.000000 0.000000 0.000000
23.000000 7.000000 0.000000 0.000000 0.000000
23.000000 8.000000 0.000000 0.000000 0.000000
23.000000 9.000000 0.000000 0.000000 0.000000
23.000000 10.000000 0.000000 0.000000 0.000000
23.000000 11.000000 0.000000 0.000000 0.000000
23.000000 12.000000 0.000000 0.000000 0.000000
23.000000 13.000000 0.000000 0.000000 0.000000
23.000000 14.000000 0.000000 0.000000 0.000000
23.000000 15.000000 0.000000 0.000000 0.000000
23.000000 16.000000 0.000000 0.000000 0.000000
23.000000 17.000000 0.000000 0.000000 0.000000
23.000000 18.000000 0.000000 0.000000 0.000000
23.000000 19.000000 0.000000 0.000000 0.000000
23.000000 20.000000 0.000000 0.000000 0.000000
23.000000 21.000000 0.000000 0.000000 0.000000
23.000000 22.000000 0.000000 0.000000 0.000000
23.000000 23.000000 0.000000 0.000000 0.000000
23.000000 24.000000 0.000000 0.000000 0.000000
23.000000 25.000000 0.000000 0.000000 0.000000
23.000000 26.000000 0.000000 0.000000 0.000000
23.000000 27.000000 0.000000 0.000000 0.000000
23.000000 28.000000 0.000000 0.000000 0.000000
23.000000 29.000000 0.000000 0.000000 0.000000
23.000000 30.000000 0.000000 0.000000 0.000000
23.000000 31.000000 0.000000 0.000000 0.000000
23.000000 32.000000 0.000000 0.000000 0.000000
23.000000 33.000000 0.000000 0.000000 0.000000
23.000000 34.000000 0.000000 0.000000 0.000000
23.000000 35.000000 0.000000 0.000000 0.000000
23.000000 36.000000 0.000000 0.000000 0.000000
23.000000 37.000000 0.000000 0.000000 0.000000
23.000000 38.000000 0.000000 0.000000 0.000000
23.000000 39.000000 0.000000 0.000000 0.000000
23.000000 40.000000 0.000000 0.000000 0.000000
23.000000 41.000000 0.000000 0.000000 0.000000
23.000000 42.000000 0.000000 0.000000 0.000000
23.000000 43.000000 0.000000 0.000000 0.000000
23.000000 44.000000 0.000000 0.000000 0.000000
23.000000 45.000000 0.000000 0.000000 0.000000
23.000000 46.000000 0.000000 0.000000 0.000000
23.000000 47.000000 0.000000 0.000000 0.000000
23.000000 48.000000 0.000000 0.000000 0.000000
23.000000 49.000000 0.000000 0.000000 0.000000
24.000000 0.000000 0.000000 0.000000 0.000000
24.000000 1.000000 5.000000 3.333333 5.000000
24.000000 2.000000 5.000000 5.000000 5.000000
24.000000 3.000000 9.000000 7.666667 9.000000
24.000000 4.000000 8.000000 8.333333 9.000000
24.000000 5.000000 4.000000 4.666667 5.000000
24.000000 6.000000 1.000000 1.666667 3.000000
24.000000 7.000000 1.000000 1.000000 1.000000
24.000000 8.000000 0.000000 0.666667 1.000000
24.000000 9.000000 0.000000 0.000000 0.000000
24.000000 10.000000 0.000000 0.000000 0.000000
24.000000 11.000000 0.000000 0.000000 0.000000
24.000000 12.000000 0.000000 0.000000 0.000000
24.000000 13.000000 0.000000 0.000000 0.000000
24.000000 14.000000 0.000000 0.000000 0.000000
24.000000 15.000000 0.000000 0.000000 0.000000
24.000000 16.000000 0.000000 0.000000 0.000000
24.000000 17.000000 0.000000 0.000000 0.000000
24.000000 18.000000 0.000000 0.000000 0.000000
24.000000 19.000000 0.000000 0.000000 0.000000
24.000000 20.000000 0.000000 0.000000 0.000000
24.000000 21.000000 0.000000 0.000000 0.000000
24.000000 22.000000 0.000000 0.000000 0.000000
24.000000 23.000000 0.000000 0.000000 0.000000
24.000000 24.000000 0.000000 0.000000 0.000000
24.000000 25.000000 0.000000 0.000000 0.000000
24.000000 26.000000 0.000000 0.000000 0.000000
24.000000 27.000000 0.000000 0.000000 0.000000
24.000000 28.000000 0.000000 0.000000 0.000000
24.000000 29.000000 0.000000 0.000000 0.000000
24.000000 30.000000 0.000000 0.000000 0.000000
24.000000 31.000000 0.000000 0.000000 0.000000
24.000000 32.000000 0.000000 0.000000 0.000000
24.000000 33.000000 0.000000 0.000000 0.000000
24.000000 34.000000 0.000000 0.000000 0.000000
24.000000 35.000000 0.000000 0.000000 0.000000
24.000000 36.000000 0.000000 0.000000 0.000000
24.000000 37.000000 0.000000 0.000000 0.000000
24.000000 38.000000 0.000000 0.000000 0.000000
24.000000 39.000000 0.000000 0.000000 0.000000
24.000000 40.000000 0.000000 0.000000 0.000000
24.000000 41.000000 0.000000 0.000000 0.000000
24.000000 42.000000 0.000000 0.000000 0.000000
24.000000 43.000000 0.000000 0.000000 0.000000
24.000000 44.000000 0.000000 0.000000 0.000000
24.000000 45.000000 0.000000 0.000000 0.000000
24.000000 46.000000 0.000000 0.000000 0.000000
24.000000 47.000000 0.000000 0.000000 0.000000
24.000000 48.000000 0.000000 0.000000 0.000000
24.000000 49.000000 0.000000 0.000000 0.000000
25.000000 0.000000 0.000000 0.000000 0.000000
25.000000 1.000000 1.000000 0.666667 1.000000
25.000000 2.000000 1.000000 1.000000 1.000000
25.000000 3.000000 0.000000 0.333333 1.000000
25.000000 4.000000 0.000000 0.000000 0.000000
25.000000 5.000000 0.000000 0.000000 0.000000
25.000000 6.000000 0.000000 0.000000 0.000000
25.000000 7.000000 0.000000 0.000000 0.000000
25.000000 8.000000 0.000000 0.000000 0.000000
25.000000 9.000000 0.000000 0.000000 0.000000
25.000000 10.000000 0.000000 0.000000 0.000000
25.000000 11.000000 0.000000 0.000000 0.000000
25.000000 12.000000 0.000000 0.000000 0.000000
25.000000 13.000000 0.000000 0.000000 0.000000
25.000000 14.000000 0.000000 0.000000 0.000000
25.000000 15.000000 0.000000 0.000000 0.000000
25.000000 16.000000 0.000000 0.000000 0.000000
25.000000 17.000000 0.000000 0.000000 0.000000
25.000000 18.000000 0.000000 0.000000 0.000000
25.000000 19.000000 0.000000 0.000000 0.000000
25.000000 20.000000 0.000000 0.000000 0.000000
25.000000 21.000000 0.000000 0.000000 0.000000
25.000000 22.000000 0.000000 0.000000 0.000000
25.000000 23.000000 0.000000 0.000000 0.000000
25.000000 24.000000 0.000000 0.000000 0.000000
25.000000 25.000000 0.000000 0.000000 0.000000
25.000000 26.000000 0.000000 0.000000 0.000000
25.000000 27.000000 0.000000 0.000000 0.000000
25.000000 28.000000 0.000000 0.000000 0.000000
25.000000 29.000000 0.000000 0.000000 0.000000
25.000000 30.000000 0.000000 0.000000 0.000000
25.000000 31.000000 0.000000 0.000000 0.000000
25.000000 32.000000 0.000000 0.000000 0.000000
25.000000 33.000000 0.000000 0.000000 0.000000
25.000000 34.000000 0.000000 0.000000 0.000000
25.000000 35.000000 0.000000 0.000000 0.000000
25.000000 36.000000 0.000000 0.000000 0.000000
25.000000 37.000000 0.000000 0.000000 0.000000
25.000000 38.000000 0.000000 0.000000 0.000000
25.000000 39.000000 0.000000 0.000000 0.000000
25.000000 40.000000 0.000000 0.000000 0.000000
25.000000 41.000000 0.000000 0.000000 0.000000
25.000000 42.000000 0.000000 0.000000 0.000000
25.000000 43.000000 0.000000 0.000000 0.000000
25.000000 44.000000 0.000000 0.000000 0.000000
25.000000 45.000000 0.000000 0.000000 0.000000
25.000000 46.000000 0.000000 0.000000 0.000000
25.000000 47.000000 0.000000 0.000000 0.000000
25.000000 48.000000 0.000000 0.000000 0.000000
25.000000 49.000000 0.000000 0.000000 0.000000
26.000000 0.000000 0.000000 0.000000 0.000000
26.000000 1.000000 0.000000 0.000000 0.000000
26.000000 2.000000 1.000000 0.666667 1.000000
26.000000 3.000000 1.000000 1.000000 1.000000
26.000000 4.000000 0.000000 0.333333 1.000000
26.000000 5.000000 0.000000 0.000000 0.000000
26.000000 6.000000 0.000000 0.000000 0.000000
26.000000 7.000000 0.000000 0.000000 0.000000
26.000000 8.000000 0.000000 0.000000 0.000000
26.000000 9.000000 0.000000 0.000000 0.000000
26.000000 10.000000 0.000000 0.000000 0.000000
26.000000 11.000000 0.000000 0.000000 0.000000
26.000000 12.000000 0.000000 0.000000 0.000000
26.000000 13.000000 0.000000 0.000000 0.000000
26.000000 14.000000 0.000000 0.000000 0.000000
26.000000 15.000000 0.000000 0.000000 0.000000
26.000000 16.000000 0.000000 0.000000 0.000000
26.000000 17.000000 0.000000 0.000000 0.000000
26.000000 18.000000 0.000000 0.000000 0.000000
26.000000 19.000000 0.000000 0.000000 0.000000
26.000000 20.000000 0.000000 0.000000 0.000000
26.000000 21.000000 0.000000 0.000000 0.000000
26.000000 22.000000 0.000000 0.000000 0.000000
26.000000 23.000000 0.000000 0.000000 0.000000
26.000000 24.000000 0.000000 0.000000 0.000000
26.000000 25.000000 0.000000 0.000000 0.000000
26.000000 26.000000 0.000000 0.000000 0.000000
26.000000 27.000000 0.000000 0.000000 0.000000
26.000000 28.000000 0.000000 0.000000 0.000000
26.000000 29.000000 0.000000 0.000000 0.000000
26.000000 30.000000 0.000000 0.000000 0.000000
26.000000 31.000000 0.000000 0.000000 0.000000
26.000000 32.000000 0.000000 0.000000 0.000000
26.000000 33.000000 0.000000 0.000000 0.000000
26.000000 34.000000 0.000000 0.000000 0.000000
26.000000 35.000000 0.000000 0.000000 0.000000
26.000000 36.000000 0.000000 0.000000 0.000000
26.000000 37.000000 0.000000 0.000000 0.000000
26.000000 38.000000 0.000000 0.000000 0.000000
26.000000 39.000000 0.000000 0.000000 0.000000
26.000000 40.000000 0.000000 0.000000 0.000000
26.000000 41.000000 0.000000 0.000000 0.000000
26.000000 42.000000 0.000000 0.000000 0.000000
26.000000 43.000000 0.000000 0.000000 0.000000
26.000000 44.000000 0.000000 0.000000 0.000000
26.000000 45.000000 0.000000 0.000000 0.000000
26.000000 46.000000 0.000000 0.000000 0.000000
26.000000 47.000000 0.000000 0.000000 0.000000
26.000000 48.000000 0.000000 0.000000 0.000000
26.000000 49.000000 0.000000 0.000000 0.000000
27.000000 0.000000 0.000000 0.000000 0.000000
27.000000 1.000000 0.000000 0.000000 0.000000
27.000000 2.000000 0.000000 0.000000 0.000000
27.000000 3.000000 0.000000 0.000000 0.000000
27.000000 4.000000 0.000000 0.000000 0.000000
27.000000 5.000000 0.000000 0.000000 0.000000
27.000000 6.000000 0.000000 0.000000 0.000000
27.000000 7.000000 0.000000 0.000000 0.000000
27.000000 8.000000 0.000000 0.000000 0.000000
27.000000 9.000000 0.000000 0.000000 0.000000
27.000000 10.000000 0.000000 0.000000 0.000000
27.000000 11.000000 0.000000 0.000000 0.000000
27.000000 12.000000 0.000000 0.000000 0.000000
27.000000 13.000000 0.000000 0.000000 0.000000
27.000000 14.000000 0.000000 0.000000 0.000000
27.000000 15.000000 0.000000 0.000000 0.000000
27.000000 16.000000 0.000000 0.000000 0.000000
27.000000 17.000000 0.000000 0.000000 0.000000
27.000000 18.000000 0.000000 0.000000 0.000000
27.000000 19.000000 0.000000 0.000000 0.000000
27.000000 20.000000 0.000000 0.000000 0.000000
27.000000 21.000000 0.000000 0.000000 0.000000
27.000000 22.000000 0.000000 0.000000 0.000000
27.000000 23.000000 0.000000 0.000000 0.000000
27.000000 24.000000 0.000000 0.000000 0.000000
27.000000 25.000000 0.000000 0.000000 0.000000
27.000000 26.000000 0.000000 0.000000 0.000000
27.000000 27.000000 0.000000 0.000000 0.000000
27.000000 28.000000 0.000000 0.000000 0.000000
27.000000 29.000000 0.000000 0.000000 0.000000
27.000000 30.000000 0.000000 0.000000 0.000000
27.000000 31.000000 0.000000 0.000000 0.000000
27.000000 32.000000 0.000000 0.000000 0.000000
27.000000 33.000000 0.000000 0.000000 0.000000
27.000000 34.000000 0.000000 0.000000 0.000000
27.000000 35.000000 0.000000 0.000000 0.000000
27.000000 36.000000 0.000000 0.000000 0.000000
27.000000 37.000000 0.000000 0.000000 0.000000
27.000000 38.000000 0.000000 0.000000 0.000000
27.000000 39.000000 0.000000 0.000000 0.000000
27.000000 40.000000 0.000000 0.000000 0.000000
27.000000 41.000000 0.000000 0.000000 0.000000
27.000000 42.000000 0.000000 0.000000 0.000000
27.000000 43.000000 0.000000 0.000000 0.000000
27.000000 44.000000 0.000000 0.000000 0.000000
27.000000 45.000000 0.000000 0.000000 0.000000
27.000000 46.000000 0.000000 0.000000 0.000000
27.000000 47.000000 0.000000 0.000000 0.000000
27.000000 48.000000 0.000000 0.000000 0.000000
27.000000 49.000000 0.000000 0.000000 0.000000
28.000000 0.000000 0.000000 0.000000 0.000000
28.000000 1.000000 1.000000 0.666667 1.000000
28.000000 2.000000 0.000000 0.333333 1.000000
28.000000 3.000000 0.000000 0.000000 0.000000
28.000000 4.000000 0.000000 0.000000 0.000000
28.000000 5.000000 0.000000 0.000000 0.000000
28.000000 6.000000 0.000000 0.000000 0.000000
28.000000 7.000000 0.000000 0.000000 0.000000
28.000000 8.000000 0.000000 0.000000 0.000000
28.000000 9.000000 0.000000 0.000000 0.000000
28.000000 10.000000 0.000000 0.000000 0.000000
28.000000 11.000000 0.000000 0.000000 0.000000
28.000000 12.000000 0.000000 0.000000 0.000000
28.000000 13.000000 0.000000 0.000000 0.000000
28.000000 14.000000 0.000000 0.000000 0.000000
28.000000 15.000000 0.000000 0.000000 0.000000
28.000000 16.000000 0.000000 0.000000 0.000000
28.000000 17.000000 0.000000 0.000000 0.000000
28.000000 18.000000 0.000000 0.000000 0.000000
28.000000 19.000000 0.000000 0.000000 0.000000
28.000000 20.000000 0.000000 0.000000 0.000000
28.000000 21.000000 0.000000 0.000000 0.000000
28.000000 22.000000 0.000000 0.000000 0.000000
28.000000 23.000000 0.000000 0.000000 0.000000
28.000000 24.000000 0.000000 0.000000 0.000000
28.000000 25.000000 0.000000 0.000000 0.000000
28.000000 26.000000 0.000000 0.000000 0.000000
28.000000 27.000000 0.000000 0.000000 0.000000
28.000000 28.000000 0.000000 0.000000 0.000000
28.000000 29.000000 0.000000 0.000000 0.000000
28.000000 30.000000 0.000000 0.000000 0.000000
28.000000 31.000000 0.000000 0.000000 0.000000
28.000000 32.000000 0.000000 0.000000 0.000000
28.000000 33.000000 0.000000 0.000000 0.000000
28.000000 34.000000 0.000000 0.000000 0.000000
28.000000 35.000000 0.000000 0.000000 0.000000
28.000000 36.000000 0.000000 0.000000 0.000000
28.000000 37.000000 0.000000 0.000000 0.000000
28.000000 38.000000 0.000000 0.000000 0.000000
28.000000 39.000000 0.000000 0.000000 0.000000
28.000000 40.000000 0.000000 0.000000 0.000000
28.000000 41.000000 0.000000 0.000000 0.000000
28.000000 42.000000 0.000000 0.000000 0.000000
28.000000 43.000000 0.000000 0.000000 0.000000
28.000000 44.000000 0.000000 0.000000 0.000000
28.000000 45.000000 0.000000 0.000000 0.000000
28.000000 46.000000 0.000000 0.000000 0.000000
28.000000 47.000000 0.000000 0.000000 0.000000
28.000000 48.000000 0.000000 0.000000 0.000000
28.000000 49.000000 0.000000 0.000000 0.000000
29.000000 0.000000 0.000000 0.000000 0.000000
29.000000 1.000000 1.000000 0.666667 1.000000
29.000000 2.000000 0.000000 0.000000 0.000000
29.000000 3.000000 0.000000 0.000000 0.000000
29.000000 4.000000 0.000000 0.000000 0.000000
29.000000 5.000000 0.000000 0.000000 0.000000
29.000000 6.000000 0.000000 0.000000 0.000000
29.000000 7.000000 0.000000 0.000000 0.000000
29.000000 8.000000 0.000000 0.000000 0.000000
29.000000 9.000000 0.000000 0.000000 0.000000
29.000000 10.000000 0.000000 0.000000 0.000000
29.000000 11.000000 0.000000 0.000000 0.000000
29.000000 12.000000 0.000000 0.000000 0.000000
29.000000 13.000000 0.000000 0.000000 0.000000
29.000000 14.000000 0.000000 0.000000 0.000000
29.000000 15.000000 0.000000 0.000000 0.000000
29.000000 16.000000 0.000000 0.000000 0.000000
29.000000 17.000000 0.000000 0.000000 0.000000
29.000000 18.000000 0.000000 0.000000 0.000000
29.000000 19.000000 0.000000 0.000000 0.000000
29.000000 20.000000 0.000000 0.000000 0.000000
29.000000 21.000000 0.000000 0.000000 0.000000
29.000000 22.000000 0.000000 0.000000 0.000000
29.000000 23.000000 0.000000 0.000000 0.000000
29.000000 24.000000 0.000000 0.000000 0.000000
29.000000 25.000000 0.000000 0.000000 0.000000
29.000000 26.000000 0.000000 0.000000 0.000000
29.000000 27.000000 0.000000 0.000000 0.000000
29.000000 28.000000 0.000000 0.000000 0.000000
29.000000 29.000000 0.000000 0.000000 0.000000
29.000000 30.000000 0.000000 0.000000 0.000000
29.000000 31.000000 0.000000 0.000000 0.000000
29.000000 32.000000 0.000000 0.000000 0.000000
29.000000 33.000000 0.000000 0.000000 0.000000
29.000000 34.000000 0.000000 0.000000 0.000000
29.000000 35.000000 0.000000 0.000000 0.000000
29.000000 36.000000 0.000000 0.000000 0.000000
29.000000 37.000000 0.000000 0.000000 0.000000
29.000000 38.000000 0.000000 0.000000 0.000000
29.000000 39.000000 0.000000 0.000000 0.000000
29.000000 40.000000 0.000000 0.000000 0.000000
29.000000 41.000000 0.000000 0.000000 0.000000
29.000000 42.000000 0.000000 0.000000 0.000000
29.000000 43.000000 0.000000 0.000000 0.000000
29.000000 44.000000 0.000000 0.000000 0.000000
29.000000 45.000000 0.000000 0.000000 0.000000
29.000000 46.000000 0.000000 0.000000 0.000000
29.000000 47.000000 0.000000 0.000000 0.000000
29.000000 48.000000 0.000000 0.000000 0.000000
29.000000 49.000000 0.000000 0.000000 0.000000
30.000000 0.000000 0.000000 0.000000 0.000000
30.000000 1.000000 6.000000 3.666667 6.000000
30.000000 2.000000 10.000000 9.000000 10.000000
30.000000 3.000000 130.000000 77.666664 130.000000
30.000000 4.000000 366.000000 278.000000 366.000000
30.000000 5.000000 652.000000 549.000000 652.000000
30.000000 6.000000 954.000000 861.333313 954.000000
30.000000 7.000000 1163.000000 1093.333374 1163.000000
30.000000 8.000000 1034.000000 1080.666626 1105.000000
30.000000 9.000000 730.000000 827.666687 912.000000
30.000000 10.000000 475.000000 543.000000 610.000000
30.000000 11.000000 291.000000 343.000000 396.000000
30.000000 12.000000 163.000000 204.000000 242.000000
30.000000 13.000000 116.000000 131.333328 145.000000
30.000000 14.000000 57.000000 74.333336 94.000000
30.000000 15.000000 26.000000 36.333332 47.000000
30.000000 16.000000 13.000000 16.333334 20.000000
30.000000 17.000000 7.000000 7.666667 9.000000
30.000000 18.000000 5.000000 5.666667 6.000000
30.000000 19.000000 4.000000 4.666667 5.000000
30.000000 20.000000 2.000000 3.000000 4.000000
30.000000 21.000000 1.000000 1.000000 1.000000
30.000000 22.000000 0.000000 0.666667 1.000000
30.000000 23.000000 0.000000 0.000000 0.000000
30.000000 24.000000 0.000000 0.000000 0.000000
30.000000 25.000000 0.000000 0.000000 0.000000
30.000000 26.000000 0.000000 0.000000 0.000000
30.000000 27.000000 0.000000 0.000000 0.000000
30.000000 28.000000 0.000000 0.000000 0.000000
30.000000 29.000000 0.000000 0.000000 0.000000
30.000000 30.000000 0.000000 0.000000 0.000000
30.000000 31.000000 0.000000 0.000000 0.000000
30.000000 32.000000 0.000000 0.000000 0.000000
30.000000 33.000000 0.000000 0.000000 0.000000
30.000000 34.000000 0.000000 0.000000 0.000000
30.000000 35.000000 0.000000 0.000000 0.000000
30.000000 36.000000 0.000000 0.000000 0.000000
30.000000 37.000000 0.000000 0.000000 0.000000
30.000000 38.000000 0.000000 0.000000 0.000000
30.000000 39.000000 0.000000 0.000000 0.000000
30.000000 40.000000 0.000000 0.000000 0.000000
30.000000 41.000000 0.000000 0.000000 0.000000
30.000000 42.000000 0.000000 0.000000 0.000000
30.000000 43.000000 0.000000 0.000000 0.000000
30.000000 44.000000 0.000000 0.000000 0.000000
30.000000 45.000000 0.000000 0.000000 0.000000
30.000000 46.000000 0.000000 0.000000 0.000000
30.000000 47.000000 0.000000 0.000000 0.000000
30.000000 48.000000 0.000000 0.000000 0.000000
30.000000 49.000000 0.000000 0.000000 0.000000
31.000000 0.000000 1.000000 0.666667 1.000000
31.000000 1.000000 1.000000 1.000000 1.000000
31.000000 2.000000 1.000000 1.000000 1.000000
31.000000 3.000000 1.000000 1.000000 1.000000
31.000000 4.000000 0.000000 0.333333 1.000000
31.000000 5.000000 0.000000 0.000000 0.000000
31.000000 6.000000 0.000000 0.000000 0.000000
31.000000 7.000000 0.000000 0.000000 0.000000
31.000000 8.000000 0.000000 0.000000 0.000000
31.000000 9.000000 0.000000 0.000000 0.000000
31.000000 10.000000 0.000000 0.000000 0.000000
31.000000 11.000000 0.000000 0.000000 0.000000
31.000000 12.000000 0.000000 0.000000 0.000000
31.000000 13.000000 0.000000 0.000000 0.000000
31.000000 14.000000 0.000000 0.000000 0.000000
31.000000 15.000000 0.000000 0.000000 0.000000
31.000000 16.000000 0.000000 0.000000 0.000000
31.000000 17.000000 0.000000 0.000000 0.000000
31.000000 18.000000 0.000000 0.000000 0.000000
31.000000 19.000000 0.000000 0.000000 0.000000
31.000000 20.000000 0.000000 0.000000 0.000000
31.000000 21.000000 0.000000 0.000000 0.000000
31.000000 22.000000 0.000000 0.000000 0.000000
31.000000 23.000000 0.000000 0.000000 0.000000
31.000000 24.000000 0.000000 0.000000 0.000000
31.000000 25.000000 0.000000 0.000000 0.000000
31.000000 26.000000 0.000000 0.000000 0.000000
31.000000 27.000000 0.000000 0.000000 0.000000
31.000000 28.000000 0.000000 0.000000 0.000000
31.000000 29.000000 0.000000 0.000000 0.000000
31.000000 30.000000 0.000000 0.000000 0.000000
31.000000 31.000000 0.000000 0.000000 0.000000
31.000000 32.000000 0.000000 0.000000 0.000000
31.000000 33.000000 0.000000 0.000000 0.000000
31.000000 34.000000 0.000000 0.000000 0.000000
31.000000 35.000000 0.000000 0.000000 0.000000
31.000000 36.000000 0.000000 0.000000 0.000000
31.000000 37.000000 0.000000 0.000000 0.000000
31.000000 38.000000 0.000000 0.000000 0.000000
31.000000 39.000000 0.000000 0.000000 0.000000
31.000000 40.000000 0.000000 0.000000 0.000000
31.000000 41.000000 0.000000 0.000000 0.000000
31.000000 42.000000 0.000000 0.000000 0.000000
31.000000 43.000000 0.000000 0.000000 0.000000
31.000000 44.000000 0.000000 0.000000 0.000000
31.000000 45.000000 0.000000 0.000000 0.000000
31.000000 46.000000 0.000000 0.000000 0.000000
31.000000 47.000000 0.000000 0.000000 0.000000
31.000000 48.000000 0.000000 0.000000 0.000000
31.000000 49.000000 0.000000 0.000000 0.000000
32.000000 0.000000 1.000000 0.666667 1.000000
32.000000 1.000000 1.000000 1.000000 1.000000
32.000000 2.000000 1.000000 1.000000 1.000000
32.000000 3.000000 0.000000 0.666667 1.000000
32.000000 4.000000 0.000000 0.000000 0.000000
32.000000 5.000000 0.000000 0.000000 0.000000
32.000000 6.000000 0.000000 0.000000 0.000000
32.000000 7.000000 0.000000 0.000000 0.000000
32.000000 8.000000 0.000000 0.000000 0.000000
32.000000 9.000000 0.000000 0.000000 0.000000
32.000000 10.000000 0.000000 0.000000 0.000000
32.000000 11.000000 0.000000 0.000000 0.000000
32.000000 12.000000 0.000000 0.000000 0.000000
32.000000 13.000000 0.000000 0.000000 0.000000
32.000000 14.000000 0.000000 0.000000 0.000000
32.000000 15.000000 0.000000 0.000000 0.000000
32.000000 16.000000 0.000000 0.000000 0.000000
32.000000 17.000000 0.000000 0.000000 0.000000
32.000000 18.000000 0.000000 0.000000 0.000000
32.000000 19.000000 0.000000 0.000000 0.000000
32.000000 20.000000 0.000000 0.000000 0.000000
32.000000 21.000000 0.000000 0.000000 0.000000
32.000000 22.000000 0.000000 0.000000 0.000000
32.000000 23.000000 0.000000 0.000000 0.000000
32.000000 24.000000 0.000000 0.000000 0.000000
32.000000 25.000000 0.000000 0.000000 0.000000
32.000000 26.000000 0.000000 0.000000 0.000000
32.000000 27.000000 0.000000 0.000000 0.000000
32.000000 28.000000 0.000000 0.000000 0.000000
32.000000 29.000000 0.000000 0.000000 0.000000
32.000000 30.000000 0.000000 0.000000 0.000000
32.000000 31.000000 0.000000 0.000000 0.000000
32.000000 32.000000 0.000000 0.000000 0.000000
32.000000 33.000000 0.000000 0.000000 0.000000
32.000000 34.000000 0.000000 0.000000 0.000000
32.000000 35.000000 0.000000 0.000000 0.000000
32.000000 36.000000 0.000000 0.000000 0.000000
32.000000 37.000000 0.000000 0.000000 0.000000
32.000000 38.000000 0.000000 0.000000 0.000000
32.000000 39.000000 0.000000 0.000000 0.000000
32.000000 40.000000 0.000000 0.000000 0.000000
32.000000 41.000000 0.000000 0.000000 0.000000
32.000000 42.000000 0.000000 0.000000 0.000000
32.000000 43.000000 0.000000 0.000000 0.000000
32.000000 44.000000 0.000000 0.000000 0.000000
32.000000 45.000000 0.000000 0.000000 0.000000
32.000000 46.000000 0.000000 0.000000 0.000000
32.000000 47.000000 0.000000 0.000000 0.000000
32.000000 48.000000 0.000000 0.000000 0.000000
32.000000 49.000000 0.000000 0.000000 0.000000
33.000000 0.000000 1.000000 0.666667 1.000000
33.000000 1.000000 0.000000 0.000000 0.000000
33.000000 2.000000 0.000000 0.000000 0.000000
33.000000 3.000000 0.000000 0.000000 0.000000
33.000000 4.000000 0.000000 0.000000 0.000000
33.000000 5.000000 0.000000 0.000000 0.000000
33.000000 6.000000 0.000000 0.000000 0.000000
33.000000 7.000000 0.000000 0.000000 0.000000
33.000000 8.000000 0.000000 0.000000 0.000000
33.000000 9.000000 0.000000 0.000000 0.000000
33.000000 10.000000 0.000000 0.000000 0.000000
33.000000 11.000000 0.000000 0.000000 0.000000
33.000000 12.000000 0.000000 0.000000 0.000000
33.000000 13.000000 0.000000 0.000000 0.000000
33.000000 14.000000 0.000000 0.000000 0.000000
33.000000 15.000000 0.000000 0.000000 0.000000
33.000000 16.000000 0.000000 0.000000 0.000000
33.000000 17.000000 0.000000 0.000000 0.000000
33.000000 18.000000 0.000000 0.000000 0.000000
33.000000 19.000000 0.000000 0.000000 0.000000
33.000000 20.000000 0.000000 0.000000 0.000000
33.000000 21.000000 0.000000 0.000000 0.000000
33.000000 22.000000 0.000000 0.000000 0.000000
33.000000 23.000000 0.000000 0.000000 0.000000
33.000000 24.000000 0.000000 0.000000 0.000000
33.000000 25.000000 0.000000 0.000000 0.000000
33.000000 26.000000 0.000000 0.000000 0.000000
33.000000 27.000000 0.000000 0.000000 0.000000
33.000000 28.000000 0.000000 0.000000 0.000000
33.000000 29.000000 0.000000 0.000000 0.000000
33.000000 30.000000 0.000000 0.000000 0.000000
33.000000 31.000000 0.000000 0.000000 0.000000
33.000000 32.000000 0.000000 0.000000 0.000000
33.000000 33.000000 0.000000 0.000000 0.000000
33.000000 34.000000 0.000000 0.000000 0.000000
33.000000 35.000000 0.000000 0.000000 0.000000
33.000000 36.000000 0.000000 0.000000 0.000000
33.000000 37.000000 0.000000 0.000000 0.000000
33.000000 38.000000 0.000000 0.000000 0.000000
33.000000 39.000000 0.000000 0.000000 0.000000
33.000000 40.000000 0.000000 0.000000 0.000000
33.000000 41.000000 0.000000 0.000000 0.000000
33.000000 42.000000 0.000000 0.000000 0.000000
33.000000 43.000000 0.000000 0.000000 0.000000
33.000000 44.000000 0.000000 0.000000 0.000000
33.000000 45.000000 0.000000 0.000000 0.000000
33.000000 46.000000 0.000000 0.000000 0.000000
33.000000 47.000000 0.000000 0.000000 0.000000
33.000000 48.000000 0.000000 0.000000 0.000000
33.000000 49.000000 0.000000 0.000000 0.000000
34.000000 0.000000 1.000000 0.666667 1.000000
34.000000 1.000000 1.000000 1.000000 1.000000
34.000000 2.000000 0.000000 0.333333 1.000000
34.000000 3.000000 0.000000 0.000000 0.000000
34.000000 4.000000 0.000000 0.000000 0.000000
34.000000 5.000000 0.000000 0.000000 0.000000
34.000000 6.000000 0.000000 0.000000 0.000000
34.000000 7.000000 0.000000 0.000000 0.000000
34.000000 8.000000 0.000000 0.000000 0.000000
34.000000 9.000000 0.000000 0.000000 0.000000
34.000000 10.000000 0.000000 0.000000 0.000000
34.000000 11.000000 0.000000 0.000000 0.000000
34.000000 12.000000 0.000000 0.000000 0.000000
34.000000 13.000000 0.000000 0.000000 0.000000
34.000000 14.000000 0.000000 0.000000 0.000000
34.000000 15.000000 0.000000 0.000000 0.000000
34.000000 16.000000 0.000000 0.000000 0.000000
34.000000 17.000000 0.000000 0.000000 0.000000
34.000000 18.000000 0.000000 0.000000 0.000000
34.000000 19.000000 0.000000 0.000000 0.000000
34.000000 20.000000 0.000000 0.000000 0.000000
34.000000 21.000000 0.000000 0.000000 0.000000
34.000000 22.000000 0.000000 0.000000 0.000000
34.000000 23.000000 0.000000 0.000000 0.000000
34.000000 24.000000 0.000000 0.000000 0.000000
34.000000 25.000000 0.000000 0.000000 0.000000
34.000000 26.000000 0.000000 0.000000 0.000000
34.000000 27.000000 0.000000 0.000000 0.000000
34.000000 28.000000 0.000000 0.000000 0.000000
34.000000 29.000000 0.000000 0.000000 0.000000
34.000000 30.000000 0.000000 0.000000 0.000000
34.000000 31.000000 0.000000 0.000000 0.000000
34.000000 32.000000 0.000000 0.000000 0.000000
34.000000 33.000000 0.000000 0.000000 0.000000
34.000000 34.000000 0.000000 0.000000 0.000000
34.000000 35.000000 0.000000 0.000000 0.000000
34.000000 36.000000 0.000000 0.000000 0.000000
34.000000 37.000000 0.000000 0.000000 0.000000
34.000000 38.000000 0.000000 0.000000 0.000000
34.000000 39.000000 0.000000 0.000000 0.000000
34.000000 40.000000 0.000000 0.000000 0.000000
34.000000 41.000000 0.000000 0.000000 0.000000
34.000000 42.000000 0.000000 0.000000 0.000000
34.000000 43.000000 0.000000 0.000000 0.000000
34.000000 44.000000 0.000000 0.000000 0.000000
34.000000 45.000000 0.000000 0.000000 0.000000
34.000000 46.000000 0.000000 0.000000 0.000000
34.000000 47.000000 0.000000 0.000000 0.000000
34.000000 48.000000 0.000000 0.000000 0.000000
34.000000 49.000000 0.000000 0.000000 0.000000
35.000000 0.000000 0.000000 0.000000 0.000000
35.000000 1.000000 1.000000 0.666667 1.000000
35.000000 2.000000 1.000000 1.000000 1.000000
35.000000 3.000000 1.000000 1.000000 1.000000
35.000000 4.000000 1.000000 1.000000 1.000000
35.000000 5.000000 0.000000 0.000000 0.000000
35.000000 6.000000 0.000000 0.000000 0.000000
35.000000 7.000000 0.000000 0.000000 0.000000
35.000000 8.000000 0.000000 0.000000 0.000000
35.000000 9.000000 0.000000 0.000000 0.000000
35.000000 10.000000 0.000000 0.000000 0.000000
35.000000 11.000000 0.000000 0.000000 0.000000
35.000000 12.000000 0.000000 0.000000 0.000000
35.000000 13.000000 0.000000 0.000000 0.000000
35.000000 14.000000 0.000000 0.000000 0.000000
35.000000 15.000000 0.000000 0.000000 0.000000
35.000000 16.000000 0.000000 0.000000 0.000000
35.000000 17.000000 0.000000 0.000000 0.000000
35.000000 18.000000 0.000000 0.000000 0.000000
35.000000 19.000000 0.000000 0.000000 0.000000
35.000000 20.000000 0.000000 0.000000 0.000000
35.000000 21.000000 0.000000 0.000000 0.000000
35.000000 22.000000 0.000000 0.000000 0.000000
35.000000 23.000000 0.000000 0.000000 0.000000
35.000000 24.000000 0.000000 0.000000 0.000000
35.000000 25.000000 0.000000 0.000000 0.000000
35.000000 26.000000 0.000000 0.000000 0.000000
35.000000 27.000000 0.000000 0.000000 0.000000
35.000000 28.000000 0.000000 0.000000 0.000000
35.000000 29.000000 0.000000 0.000000 0.000000
35.000000 30.000000 0.000000 0.000000 0.000000
35.000000 31.000000 0.000000 0.000000 0.000000
35.000000 32.000000 0.000000 0.000000 0.000000
35.000000 33.000000 0.000000 0.000000 0.000000
35.000000 34.000000 0.000000 0.000000 0.000000
35.000000 35.000000 0.000000 0.000000 0.000000
35.000000 36.000000 0.000000 0.000000 0.000000
35.000000 37.000000 0.000000 0.000000 0.000000
35.000000 38.000000 0.000000 0.000000 0.000000
35.000000 39.000000 0.000000 0.000000 0.000000
35.000000 40.000000 0.000000 0.000000 0.000000
35.000000 41.000000 0.000000 0.000000 0.000000
35.000000 42.000000 0.000000 0.000000 0.000000
35.000000 43.000000 0.000000 0.000000 0.000000
35.000000 44.000000 0.000000 0.000000 0.000000
35.000000 45.000000 0.000000 0.000000 0.000000
35.000000 46.000000 0.000000 0.000000 0.000000
35.000000 47.000000 0.000000 0.000000 0.000000
35.000000 48.000000 0.000000 0.000000 0.000000
35.000000 49.000000 0.000000 0.000000 0.000000
36.000000 0.000000 1.000000 0.666667 1.000000
36.000000 1.000000 1.000000 1.000000 1.000000
36.000000 2.000000 1.000000 1.000000 1.000000
36.000000 3.000000 0.000000 0.333333 1.000000
36.000000 4.000000 0.000000 0.000000 0.000000
36.000000 5.000000 0.000000 0.000000 0.000000
36.000000 6.000000 0.000000 0.000000 0.000000
36.000000 7.000000 0.000000 0.000000 0.000000
36.000000 8.000000 0.000000 0.000000 0.000000
36.000000 9.000000 0.000000 0.000000 0.000000
36.000000 10.000000 0.000000 0.000000 0.000000
36.000000 11.000000 0.000000 0.000000 0.000000
36.000000 12.000000 0.000000 0.000000 0.000000
36.000000 13.000000 0.000000 0.000000 0.000000
36.000000 14.000000 0.000000 0.000000 0.000000
36.000000 15.000000 0.000000 0.000000 0.000000
36.000000 16.000000 0.000000 0.000000 0.000000
36.000000 17.000000 0.000000 0.000000 0.000000
36.000000 18.000000 0.000000 0.000000 0.000000
36.000000 19.000000 0.000000 0.000000 0.000000
36.000000 20.000000 0.000000 0.000000 0.000000
36.000000 21.000000 0.000000 0.000000 0.000000
36.000000 22.000000 0.000000 0.000000 0.000000
36.000000 23.000000 0.000000 0.000000 0.000000
36.000000 24.000000 0.000000 0.000000 0.000000
36.000000 25.000000 0.000000 0.000000 0.000000
36.000000 26.000000 0.000000 0.000000 0.000000
36.000000 27.000000 0.000000 0.000000 0.000000
36.000000 28.000000 0.000000 0.000000 0.000000
36.000000 29.000000 0.000000 0.000000 0.000000
36.000000 30.000000 0.000000 0.000000 0.000000
36.000000 31.000000 0.000000 0.000000 0.000000
36.000000 32.000000 0.000000 0.000000 0.000000
36.000000 33.000000 0.000000 0.000000 0.000000
36.000000 34.000000 0.000000 0.000000 0.000000
36.000000 35.000000 0.000000 0.000000 0.000000
36.000000 36.000000 0.000000 0.000000 0.000000
36.000000 37.000000 0.000000 0.000000 0.000000
36.000000 38.000000 0.000000 0.000000 0.000000
36.000000 39.000000 0.000000 0.000000 0.000000
36.000000 40.000000 0.000000 0.000000 0.000000
36.000000 41.000000 0.000000 0.000000 0.000000
36.000000 42.000000 0.000000 0.000000 0.000000
36.000000 43.000000 0.000000 0.000000 0.000000
36.000000 44.000000 0.000000 0.000000 0.000000
36.000000 45.000000 0.000000 0.000000 0.000000
36.000000 46.000000 0.000000 0.000000 0.000000
36.000000 47.000000 0.000000 0.000000 0.000000
36.000000 48.000000 0.000000 0.000000 0.000000
36.000000 49.000000 0.000000 0.000000 0.000000
37.000000 0.000000 1.000000 0.666667 1.000000
37.000000 1.000000 1.000000 1.000000 1.000000
37.000000 2.000000 1.000000 1.000000 1.000000
37.000000 3.000000 1.000000 1.000000 1.000000
37.000000 4.000000 0.000000 0.000000 0.000000
37.000000 5.000000 0.000000 0.000000 0.000000
37.000000 6.000000 0.000000 0.000000 0.000000
37.000000 7.000000 0.000000 0.000000 0.000000
37.000000 8.000000 0.000000 0.000000 0.000000
37.000000 9.000000 0.000000 0.000000 0.000000
37.000000 10.000000 0.000000 0.000000 0.000000
37.000000 11.000000 0.000000 0.000000 0.000000
37.000000 12.000000 0.000000 0.000000 0.000000
37.000000 13.000000 0.000000 0.000000 0.000000
37.000000 14.000000 0.000000 0.000000 0.000000
37.000000 15.000000 0.000000 0.000000 0.000000
37.000000 16.000000 0.000000 0.000000 0.000000
37.000000 17.000000 0.000000 0.000000 0.000000
37.000000 18.000000 0.000000 0.000000 0.000000
37.000000 19.000000 0.000000 0.000000 0.000000
37.000000 20.000000 0.000000 0.000000 0.000000
37.000000 21.000000 0.000000 0.000000 0.000000
37.000000 22.000000 0.000000 0.000000 0.000000
37.000000 23.000000 0.000000 0.000000 0.000000
37.000000 24.000000 0.000000 0.000000 0.000000
37.000000 25.000000 0.000000 0.000000 0.000000
37.000000 26.000000 0.000000 0.000000 0.000000
37.000000 27.000000 0.000000 0.000000 0.000000
37.000000 28.000000 0.000000 0.000000 0.000000
37.000000 29.000000 0.000000 0.000000 0.000000
37.000000 30.000000 0.000000 0.000000 0.000000
37.000000 31.000000 0.000000 0.000000 0.000000
37.000000 32.000000 0.000000 0.000000 0.000000
37.000000 33.000000 0.000000 0.000000 0.000000
37.000000 34.000000 0.000000 0.000000 0.000000
37.000000 35.000000 0.000000 0.000000 0.000000
37.000000 36.000000 0.000000 0.000000 0.000000
37.000000 37.000000 0.000000 0.000000 0.000000
37.000000 38.000000 0.000000 0.000000 0.000000
37.000000 39.000000 0.000000 0.000000 0.000000
37.000000 40.000000 0.000000 0.000000 0.000000
37.000000 41.000000 0.000000 0.000000 0.000000
37.000000 42.000000 0.000000 0.000000 0.000000
37.000000 43.000000 0.000000 0.000000 0.000000
37.000000 44.000000 0.000000 0.000000 0.000000
37.000000 45.000000 0.000000 0.000000 0.000000
37.000000 46.000000 0.000000 0.000000 0.000000
37.000000 47.000000 0.000000 0.000000 0.000000
37.000000 48.000000 0.000000 0.000000 0.000000
37.000000 49.000000 0.000000 0.000000 0.000000
38.000000 0.000000 0.000000 0.000000 0.000000
38.000000 1.000000 1.000000 0.666667 1.000000
38.000000 2.000000 0.000000 0.666667 1.000000
38.000000 3.000000 0.000000 0.000000 0.000000
38.000000 4.000000 0.000000 0.000000 0.000000
38.000000 5.000000 0.000000 0.000000 0.000000
38.000000 6.000000 0.000000 0.000000 0.000000
38.000000 7.000000 0.000000 0.000000 0.000000
38.000000 8.000000 0.000000 0.000000 0.000000
38.000000 9.000000 0.000000 0.000000 0.000000
38.000000 10.000000 0.000000 0.000000 0.000000
38.000000 11.000000 0.000000 0.000000 0.000000
38.000000 12.000000 0.000000 0.000000 0.000000
38.000000 13.000000 0.000000 0.000000 0.000000
38.000000 14.000000 0.000000 0.000000 0.000000
38.000000 15.000000 0.000000 0.000000 0.000000
38.000000 16.000000 0.000000 0.000000 0.000000
38.000000 17.000000 0.000000 0.000000 0.000000
38.000000 18.000000 0.000000 0.000000 0.000000
38.000000 19.000000 0.000000 0.000000 0.000000
38.000000 20.000000 0.000000 0.000000 0.000000
38.000000 21.000000 0.000000 0.000000 0.000000
38.000000 22.000000 0.000000 0.000000 0.000000
38.000000 23.000000 0.000000 0.000000 0.000000
38.000000 24.000000 0.000000 0.000000 0.000000
38.000000 25.000000 0.000000 0.000000 0.000000
38.000000 26.000000 0.000000 0.000000 0.000000
38.000000 27.000000 0.000000 0.000000 0.000000
38.000000 28.000000 0.000000 0.000000 0.000000
38.000000 29.000000 0.000000 0.000000 0.000000
38.000000 30.000000 0.000000 0.000000 0.000000
38.000000 31.000000 0.000000 0.000000 0.000000
38.000000 32.000000 0.000000 0.000000 0.000000
38.000000 33.000000 0.000000 0.000000 0.000000
38.000000 34.000000 0.000000 0.000000 0.000000
38.000000 35.000000 0.000000 0.000000 0.000000
38.000000 36.000000 0.000000 0.000000 0.000000
38.000000 37.000000 0.000000 0.000000 0.000000
38.000000 38.000000 0.000000 0.000000 0.000000
38.000000 39.000000 0.000000 0.000000 0.000000
38.000000 40.000000 0.000000 0.000000 0.000000
38.000000 41.000000 0.000000 0.000000 0.000000
38.000000 42.000000 0.000000 0.000000 0.000000
38.000000 43.000000 0.000000 0.000000 0.000000
38.000000 44.000000 0.000000 0.000000 0.000000
38.000000 45.000000 0.000000 0.000000 0.000000
38.000000 46.000000 0.000000 0.000000 0.000000
38.000000 47.000000 0.000000 0.000000 0.000000
38.000000 48.000000 0.000000 0.000000 0.000000
38.000000 49.000000 0.000000 0.000000 0.000000
39.000000 0.000000 0.000000 0.000000 0.000000
39.000000 1.000000 0.000000 0.000000 0.000000
39.000000 2.000000 0.000000 0.000000 0.000000
39.000000 3.000000 0.000000 0.000000 0.000000
39.000000 4.000000 0.000000 0.000000 0.000000
39.000000 5.000000 0.000000 0.000000 0.000000
39.000000 6.000000 0.000000 0.000000 0.000000
39.000000 7.000000 0.000000 0.000000 0.000000
39.000000 8.000000 0.000000 0.000000 0.000000
39.000000 9.000000 0.000000 0.000000 0.000000
39.000000 10.000000 0.000000 0.000000 0.000000
39.000000 11.000000 0.000000 0.000000 0.000000
39.000000 12.000000 0.000000 0.000000 0.000000
39.000000 13.000000 0.000000 0.000000 0.000000
39.000000 14.000000 0.000000 0.000000 0.000000
39.000000 15.000000 0.000000 0.000000 0.000000
39.000000 16.000000 0.000000 0.000000 0.000000
39.000000 17.000000 0.000000 0.000000 0.000000
39.000000 18.000000 0.000000 0.000000 0.000000
39.000000 19.000000 0.000000 0.000000 0.000000
39.000000 20.000000 0.000000 0.000000 0.000000
39.000000 21.000000 0.000000 0.000000 0.000000
39.000000 22.000000 0.000000 0.000000 0.000000
39.000000 23.000000 0.000000 0.000000 0.000000
39.000000 24.000000 0.000000 0.000000 0.000000
39.000000 25.000000 0.000000 0.000000 0.000000
39.000000 26.000000 0.000000 0.000000 0.000000
39.000000 27.000000 0.000000 0.000000 0.000000
39.000000 28.000000 0.000000 0.000000 0.000000
39.000000 29.000000 0.000000 0.000000 0.000000
39.000000 30.000000 0.000000 0.000000 0.000000
39.000000 31.000000 0.000000 0.000000 0.000000
39.000000 32.000000 0.000000 0.000000 0.000000
39.000000 33.000000 0.000000 0.000000 0.000000
39.000000 34.000000 0.000000 0.000000 0.000000
39.000000 35.000000 0.000000 0.000000 0.000000
39.000000 36.000000 0.000000 0.000000 0.000000
39.000000 37.000000 0.000000 0.000000 0.000000
39.000000 38.000000 0.000000 0.000000 0.000000
39.000000 39.000000 0.000000 0.000000 0.000000
39.000000 40.000000 0.000000 0.000000 0.000000
39.000000 41.000000 0.000000 0.000000 0.000000
39.000000 42.000000 0.000000 0.000000 0.000000
39.000000 43.000000 0.000000 0.000000 0.000000
39.000000 44.000000 0.000000 0.000000 0.000000
39.000000 45.000000 0.000000 0.000000 0.000000
39.000000 46.000000 0.000000 0.000000 0.000000
39.000000 47.000000 0.000000 0.000000 0.000000
39.000000 48.000000 0.000000 0.000000 0.000000
39.000000 49.000000 0.000000 0.000000 0.000000
40.000000 0.000000 0.000000 0.000000 0.000000
40.000000 1.000000 1.000000 0.666667 1.000000
40.000000 2.000000 1.000000 1.000000 1.000000
40.000000 3.000000 0.000000 0.666667 1.000000
40.000000 4.000000 0.000000 0.000000 0.000000
40.000000 5.000000 0.000000 0.000000 0.000000
40.000000 6.000000 0.000000 0.000000 0.000000
40.000000 7.000000 0.000000 0.000000 0.000000
40.000000 8.000000 0.000000 0.000000 0.000000
40.000000 9.000000 0.000000 0.000000 0.000000
40.000000 10.000000 0.000000 0.000000 0.000000
40.000000 11.000000 0.000000 0.000000 0.000000
40.000000 12.000000 0.000000 0.000000 0.000000
40.000000 13.000000 0.000000 0.000000 0.000000
40.000000 14.000000 0.000000 0.000000 0.000000
40.000000 15.000000 0.000000 0.000000 0.000000
40.000000 16.000000 0.000000 0.000000 0.000000
40.000000 17.000000 0.000000 0.000000 0.000000
40.000000 18.000000 0.000000 0.000000 0.000000
40.000000 19.000000 0.000000 0.000000 0.000000
40.000000 20.000000 0.000000 0.000000 0.000000
40.000000 21.000000 0.000000 0.000000 0.000000
40.000000 22.000000 0.000000 0.000000 0.000000
40.000000 23.000000 0.000000 0.000000 0.000000
40.000000 24.000000 0.000000 0.000000 0.000000
40.000000 25.000000 0.000000 0.000000 0.000000
40.000000 26.000000 0.000000 0.000000 0.000000
40.000000 27.000000 0.000000 0.000000 0.000000
40.000000 28.000000 0.000000 0.000000 0.000000
40.000000 29.000000 0.000000 0.000000 0.000000
40.000000 30.000000 0.000000 0.000000 0.000000
40.000000 31.000000 0.000000 0.000000 0.000000
40.000000 32.000000 0.000000 0.000000 0.000000
40.000000 33.000000 0.000000 0.000000 0.000000
40.000000 34.000000 0.000000 0.000000 0.000000
40.000000 35.000000 0.000000 0.000000 0.000000
40.000000 36.000000 0.000000 0.000000 0.000000
40.000000 37.000000 0.000000 0.000000 0.000000
40.000000 38.000000 0.000000 0.000000 0.000000
40.000000 39.000000 0.000000 0.000000 0.000000
40.000000 40.000000 0.000000 0.000000 0.000000
40.000000 41.000000 0.000000 0.000000 0.000000
40.000000 42.000000 0.000000 0.000000 0.000000
40.000000 43.000000 0.000000 0.000000 0.000000
40.000000 44.000000 0.000000 0.000000 0.000000
40.000000 45.000000 0.000000 0.000000 0.000000
40.000000 46.000000 0.000000 0.000000 0.000000
40.000000 47.000000 0.000000 0.000000 0.000000
40.000000 48.000000 0.000000 0.000000 0.000000
40.000000 49.000000 0.000000 0.000000 0.000000
41.000000 0.000000 0.000000 0.000000 0.000000
41.000000 1.000000 1.000000 0.666667 1.000000
41.000000 2.000000 0.000000 0.666667 1.000000
41.000000 3.000000 0.000000 0.000000 0.000000
41.000000 4.000000 0.000000 0.000000 0.000000
41.000000 5.000000 0.000000 0.000000 0.000000
41.000000 6.000000 0.000000 0.000000 0.000000
41.000000 7.000000 0.000000 0.000000 0.000000
41.000000 8.000000 0.000000 0.000000 0.000000
41.000000 9.000000 0.000000 0.000000 0.000000
41.000000 10.000000 0.000000 0.000000 0.000000
41.000000 11.000000 0.000000 0.000000 0.000000
41.000000 12.000000 0.000000 0.000000 0.000000
41.000000 13.000000 0.000000 0.000000 0.000000
41.000000 14.000000 0.000000 0.000000 0.000000
41.000000 15.000000 0.000000 0.000000 0.000000
41.000000 16.000000 0.000000 0.000000 0.000000
41.000000 17.000000 0.000000 0.000000 0.000000
41.000000 18.000000 0.000000 0.000000 0.000000
41.000000 19.000000 0.000000 0.000000 0.000000
41.000000 20.000000 0.000000 0.000000 0.000000
41.000000 21.000000 0.000000 0.000000 0.000000
41.000000 22.000000 0.000000 0.000000 0.000000
41.000000 23.000000 0.000000 0.000000 0.000000
41.000000 24.000000 0.000000 0.000000 0.000000
41.000000 25.000000 0.000000 0.000000 0.000000
41.000000 26.000000 0.000000 0.000000 0.000000
41.000000 27.000000 0.000000 0.000000 0.000000
41.000000 28.000000 0.000000 0.000000 0.000000
41.000000 29.000000 0.000000 0.000000 0.000000
41.000000 30.000000 0.000000 0.000000 0.000000
41.000000 31.000000 0.000000 0.000000 0.000000
41.000000 32.000000 0.000000 0.000000 0.000000
41.000000 33.000000 0.000000 0.000000 0.000000
41.000000 34.000000 0.000000 0.000000 0.000000
41.000000 35.000000 0.000000 0.000000 0.000000
41.000000 36.000000 0.000000 0.000000 0.000000
41.000000 37.000000 0.000000 0.000000 0.000000
41.000000 38.000000 0.000000 0.000000 0.000000
41.000000 39.000000 0.000000 0.000000 0.000000
41.000000 40.000000 0.000000 0.000000 0.000000
41.000000 41.000000 0.000000 0.000000 0.000000
41.000000 42.000000 0.000000 0.000000 0.000000
41.000000 43.000000 0.000000 0.000000 0.000000
41.000000 44.000000 0.000000 0.000000 0.000000
41.000000 45.000000 0.000000 0.000000 0.000000
41.000000 46.000000 0.000000 0.000000 0.000000
41.000000 47.000000 0.000000 0.000000 0.000000
41.000000 48.000000 0.000000 0.000000 0.000000
41.000000 49.000000 0.000000 0.000000 0.000000
42.000000 0.000000 0.000000 0.000000 0.000000
42.000000 1.000000 1.000000 0.666667 1.000000
42.000000 2.000000 1.000000 1.000000 1.000000
42.000000 3.000000 0.000000 0.666667 1.000000
42.000000 4.000000 0.000000 0.000000 0.000000
42.000000 5.000000 0.000000 0.000000 0.000000
42.000000 6.000000 0.000000 0.000000 0.000000
42.000000 7.000000 0.000000 0.000000 0.000000
42.000000 8.000000 0.000000 0.000000 0.000000
42.000000 9.000000 0.000000 0.000000 0.000000
42.000000 10.000000 0.000000 0.000000 0.000000
42.000000 11.000000 0.000000 0.000000 0.000000
42.000000 12.000000 0.000000 0.000000 0.000000
42.000000 13.000000 0.000000 0.000000 0.000000
42.000000 14.000000 0.000000 0.000000 0.000000
42.000000 15.000000 0.000000 0.000000 0.000000
42.000000 16.000000 0.000000 0.000000 0.000000
42.000000 17.000000 0.000000 0.000000 0.000000
42.000000 18.000000 0.000000 0.000000 0.000000
42.000000 19.000000 0.000000 0.000000 0.000000
42.000000 20.000000 0.000000 0.000000 0.000000
42.000000 21.000000 0.000000 0.000000 0.000000
42.000000 22.000000 0.000000 0.000000 0.000000
42.000000 23.000000 0.000000 0.000000 0.000000
42.000000 24.000000 0.000000 0.000000 0.000000
42.000000 25.000000 0.000000 0.000000 0.000000
42.000000 26.000000 0.000000 0.000000 0.000000
42.000000 27.000000 0.000000 0.000000 0.000000
42.000000 28.000000 0.000000 0.000000 0.000000
42.000000 29.000000 0.000000 0.000000 0.000000
42.000000 30.000000 0.000000 0.000000 0.000000
42.000000 31.000000 0.000000 0.000000 0.000000
42.000000 32.000000 0.000000 0.000000 0.000000
42.000000 33.000000 0.000000 0.000000 0.000000
42.000000 34.000000 0.000000 0.000000 0.000000
42.000000 35.000000 0.000000 0.000000 0.000000
42.000000 36.000000 0.000000 0.000000 0.000000
42.000000 37.000000 0.000000 0.000000 0.000000
42.000000 38.000000 0.000000 0.000000 0.000000
42.000000 39.000000 0.000000 0.000000 0.000000
42.000000 40.000000 0.000000 0.000000 0.000000
42.000000 41.000000 0.000000 0.000000 0.000000
42.000000 42.000000 0.000000 0.000000 0.000000
42.000000 43.000000 0.000000 0.000000 0.000000
42.000000 44.000000 0.000000 0.000000 0.000000
42.000000 45.000000 0.000000 0.000000 0.000000
42.000000 46.000000 0.000000 0.000000 0.000000
42.000000 47.000000 0.000000 0.000000 0.000000
42.000000 48.000000 0.000000 0.000000 0.000000
42.000000 49.000000 0.000000 0.000000 0.000000
43.000000 0.000000 1.000000 0.666667 1.000000
43.000000 1.000000 1.000000 1.000000 1.000000
43.000000 2.000000 1.000000 1.000000 1.000000
43.000000 3.000000 1.000000 1.000000 1.000000
43.000000 4.000000 0.000000 0.333333 1.000000
43.000000 5.000000 0.000000 0.000000 0.000000
43.000000 6.000000 0.000000 0.000000 0.000000
43.000000 7.000000 0.000000 0.000000 0.000000
43.000000 8.000000 0.000000 0.000000 0.000000
43.000000 9.000000 0.000000 0.000000 0.000000
43.000000 10.000000 0.000000 0.000000 0.000000
43.000000 11.000000 0.000000 0.000000 0.000000
43.000000 12.000000 0.000000 0.000000 0.000000
43.000000 13.000000 0.000000 0.000000 0.000000
43.000000 14.000000 0.000000 0.000000 0.000000
43.000000 15.000000 0.000000 0.000000 0.000000
43.000000 16.000000 0.000000 0.000000 0.000000
43.000000 17.000000 0.000000 0.000000 0.000000
43.000000 18.000000 0.000000 0.000000 0.000000
43.000000 19.000000 0.000000 0.000000 0.000000
43.000000 20.000000 0.000000 0.000000 0.000000
43.000000 21.000000 0.000000 0.000000 0.000000
43.000000 22.000000 0.000000 0.000000 0.000000
43.000000 23.000000 0.000000 0.000000 0.000000
43.000000 24.000000 0.000000 0.000000 0.000000
43.000000 25.000000 0.000000 0.000000 0.000000
43.000000 26.000000 0.000000 0.000000 0.000000
43.000000 27.000000 0.000000 0.000000 0.000000
43.000000 28.000000 0.000000 0.000000 0.000000
43.000000 29.000000 0.000000 0.000000 0.000000
43.000000 30.000000 0.000000 0.000000 0.000000
43.000000 31.000000 0.000000 0.000000 0.000000
43.000000 32.000000 0.000000 0.000000 0.000000
43.000000 33.000000 0.000000 0.000000 0.000000
43.000000 34.000000 0.000000 0.000000 0.000000
43.000000 35.000000 0.000000 0.000000 0.000000
43.000000 36.000000 0.000000 0.000000 0.000000
43.000000 37.000000 0.000000 0.000000 0.000000
43.000000 38.000000 0.000000 0.000000 0.000000
43.000000 39.000000 0.000000 0.000000 0.000000
43.000000 40.000000 0.000000 0.000000 0.000000
43.000000 41.000000 0.000000 0.000000 0.000000
43.000000 42.000000 0.000000 0.000000 0.000000
43.000000 43.000000 0.000000 0.000000 0.000000
43.000000 44.000000 0.000000 0.000000 0.000000
43.000000 45.000000 0.000000 0.000000 0.000000
43.000000 46.000000 0.000000 0.000000 0.000000
43.000000 47.000000 0.000000 0.000000 0.000000
43.000000 48.000000 0.000000 0.000000 0.000000
43.000000 49.000000 0.000000 0.000000 0.000000
44.000000 0.000000 0.000000 0.000000 0.000000
44.000000 1.000000 0.000000 0.000000 0.000000
44.000000 2.000000 0.000000 0.000000 0.000000
44.000000 3.000000 0.000000 0.000000 0.000000
44.000000 4.000000 0.000000 0.000000 0.000000
44.000000 5.000000 0.000000 0.000000 0.000000
44.000000 6.000000 0.000000 0.000000 0.000000
44.000000 7.000000 0.000000 0.000000 0.000000
44.000000 8.000000 0.000000 0.000000 0.000000
44.000000 9.000000 0.000000 0.000000 0.000000
44.000000 10.000000 0.000000 0.000000 0.000000
44.000000 11.000000 0.000000 0.000000 0.000000
44.000000 12.000000 0.000000 0.000000 0.000000
44.000000 13.000000 0.000000 0.000000 0.000000
44.000000 14.000000 0.000000 0.000000 0.000000
44.000000 15.000000 0.000000 0.000000 0.000000
44.000000 16.000000 0.000000 0.000000 0.000000
44.000000 17.000000 0.000000 0.000000 0.000000
44.000000 18.000000 0.000000 0.000000 0.000000
44.000000 19.000000 0.000000 0.000000 0.000000
44.000000 20.000000 0.000000 0.000000 0.000000
44.000000 21.000000 0.000000 0.000000 0.000000
44.000000 22.000000 0.000000 0.000000 0.000000
44.000000 23.000000 0.000000 0.000000 0.000000
44.000000 24.000000 0.000000 0.000000 0.000000
44.000000 25.000000 0.000000 0.000000 0.000000
44.000000 26.000000 0.000000 0.000000 0.000000
44.000000 27.000000 0.000000 0.000000 0.000000
44.000000 28.000000 0.000000 0.000000 0.000000
44.000000 29.000000 0.000000 0.000000 0.000000
44.000000 30.000000 0.000000 0.000000 0.000000
44.000000 31.000000 0.000000 0.000000 0.000000
44.000000 32.000000 0.000000 0.000000 0.000000
44.000000 33.000000 0.000000 0.000000 0.000000
44.000000 34.000000 0.000000 0.000000 0.000000
44.000000 35.000000 0.000000 0.000000 0.000000
44.000000 36.000000 0.000000 0.000000 0.000000
44.000000 37.000000 0.000000 0.000000 0.000000
44.000000 38.000000 0.000000 0.000000 0.000000
44.000000 39.000000 0.000000 0.000000 0.000000
44.000000 40.000000 0.000000 0.000000 0.000000
44.000000 41.000000 0.000000 0.000000 0.000000
44.000000 42.000000 0.000000 0.000000 0.000000
44.000000 43.000000 0.000000 0.000000 0.000000
44.000000 44.000000 0.000000 0.000000 0.000000
44.000000 45.000000 0.000000 0.000000 0.000000
44.000000 46.000000 0.000000 0.000000 0.000000
44.000000 47.000000 0.000000 0.000000 0.000000
44.000000 48.000000 0.000000 0.000000 0.000000
44.000000 49.000000 0.000000 0.000000 0.000000
45.000000 0.000000 1.000000 0.666667 1.000000
45.000000 1.000000 0.000000 0.333333 1.000000
45.000000 2.000000 0.000000 0.000000 0.000000
45.000000 3.000000 0.000000 0.000000 0.000000
45.000000 4.000000 0.000000 0.000000 0.000000
45.000000 5.000000 0.000000 0.000000 0.000000
45.000000 6.000000 0.000000 0.000000 0.000000
45.000000 7.000000 0.000000 0.000000 0.000000
45.000000 8.000000 0.000000 0.000000 0.000000
45.000000 9.000000 0.000000 0.000000 0.000000
45.000000 10.000000 0.000000 0.000000 0.000000
45.000000 11.000000 0.000000 0.000000 0.000000
45.000000 12.000000 0.000000 0.000000 0.000000
45.000000 13.000000 0.000000 0.000000 0.000000
45.000000 14.000000 0.000000 0.000000 0.000000
45.000000 15.000000 0.000000 0.000000 0.000000
45.000000 16.000000 0.000000 0.000000 0.000000
45.000000 17.000000 0.000000 0.000000 0.000000
45.000000 18.000000 0.000000 0.000000 0.000000
45.000000 19.000000 0.000000 0.000000 0.000000
45.000000 20.000000 0.000000 0.000000 0.000000
45.000000 21.000000 0.000000 0.000000 0.000000
45.000000 22.000000 0.000000 0.000000 0.000000
45.000000 23.000000 0.000000 0.000000 0.000000
45.000000 24.000000 0.000000 0.000000 0.000000
45.000000 25.000000 0.000000 0.000000 0.000000
45.000000 26.000000 0.000000 0.000000 0.000000
45.000000 27.000000 0.000000 0.000000 0.000000
45.000000 28.000000 0.000000 0.000000 0.000000
45.000000 29.000000 0.000000 0.000000 0.000000
45.000000 30.000000 0.000000 0.000000 0.000000
45.000000 31.000000 0.000000 0.000000 0.000000
45.000000 32.000000 0.000000 0.000000 0.000000
45.000000 33.000000 0.000000 0.000000 0.000000
45.000000 34.000000 0.000000 0.000000 0.000000
45.000000 35.000000 0.000000 0.000000 0.000000
45.000000 36.000000 0.000000 0.000000 0.000000
45.000000 37.000000 0.000000 0.000000 0.000000
45.000000 38.000000 0.000000 0.000000 0.000000
45.000000 39.000000 0.000000 0.000000 0.000000
45.000000 40.000000 0.000000 0.000000 0.000000
45.000000 41.000000 0.000000 0.000000 0.000000
45.000000 42.000000 0.000000 0.000000 0.000000
45.000000 43.000000 0.000000 0.000000 0.000000
45.000000 44.000000 0.000000 0.000000 0.000000
45.000000 45.000000 0.000000 0.000000 0.000000
45.000000 46.000000 0.000000 0.000000 0.000000
45.000000 47.000000 0.000000 0.000000 0.000000
45.000000 48.000000 0.000000 0.000000 0.000000
45.000000 49.000000 0.000000 0.000000 0.000000
46.000000 0.000000 1.000000 0.666667 1.000000
46.000000 1.000000 0.000000 0.666667 1.000000
46.000000 2.000000 0.000000 0.000000 0.000000
46.000000 3.000000 0.000000 0.000000 0.000000
46.000000 4.000000 0.000000 0.000000 0.000000
46.000000 5.000000 0.000000 0.000000 0.000000
46.000000 6.000000 0.000000 0.000000 0.000000
46.000000 7.000000 0.000000 0.000000 0.000000
46.000000 8.000000 0.000000 0.000000 0.000000
46.000000 9.000000 0.000000 0.000000 0.000000
46.000000 10.000000 0.000000 0.000000 0.000000
46.000000 11.000000 0.000000 0.000000 0.000000
46.000000 12.000000 0.000000 0.000000 0.000000
46.000000 13.000000 0.000000 0.000000 0.000000
46.000000 14.000000 0.000000 0.000000 0.000000
46.000000 15.000000 0.000000 0.000000 0.000000
46.000000 16.000000 0.000000 0.000000 0.000000
46.000000 17.000000 0.000000 0.000000 0.000000
46.000000 18.000000 0.000000 0.000000 0.000000
46.000000 19.000000 0.000000 0.000000 0.000000
46.000000 20.000000 0.000000 0.000000 0.000000
46.000000 21.000000 0.000000 0.000000 0.000000
46.000000 22.000000 0.000000 0.000000 0.000000
46.000000 23.000000 0.000000 0.000000 0.000000
46.000000 24.000000 0.000000 0.000000 0.000000
46.000000 25.000000 0.000000 0.000000 0.000000
46.000000 26.000000 0.000000 0.000000 0.000000
46.000000 27.000000 0.000000 0.000000 0.000000
46.000000 28.000000 0.000000 0.000000 0.000000
46.000000 29.000000 0.000000 0.000000 0.000000
46.000000 30.000000 0.000000 0.000000 0.000000
46.000000 31.000000 0.000000 0.000000 0.000000
46.000000 32.000000 0.000000 0.000000 0.000000
46.000000 33.000000 0.000000 0.000000 0.000000
46.000000 34.000000 0.000000 0.000000 0.000000
46.000000 35.000000 0.000000 0.000000 0.000000
46.000000 36.000000 0.000000 0.000000 0.000000
46.000000 37.000000 0.000000 0.000000 0.000000
46.000000 38.000000 0.000000 0.000000 0.000000
46.000000 39.000000 0.000000 0.000000 0.000000
46.000000 40.000000 0.000000 0.000000 0.000000
46.000000 41.000000 0.000000 0.000000 0.000000
46.000000 42.000000 0.000000 0.000000 0.000000
46.000000 43.000000 0.000000 0.000000 0.000000
46.000000 44.000000 0.000000 0.000000 0.000000
46.000000 45.000000 0.000000 0.000000 0.000000
46.000000 46.000000 0.000000 0.000000 0.000000
46.000000 47.000000 0.000000 0.000000 0.000000
46.000000 48.000000 0.000000 0.000000 0.000000
46.000000 49.000000 0.000000 0.000000 0.000000
47.000000 0.000000 1.000000 0.666667 1.000000
47.000000 1.000000 1.000000 1.000000 1.000000
47.000000 2.000000 0.000000 0.666667 1.000000
47.000000 3.000000 0.000000 0.000000 0.000000
47.000000 4.000000 0.000000 0.000000 0.000000
47.000000 5.000000 0.000000 0.000000 0.000000
47.000000 6.000000 0.000000 0.000000 0.000000
47.000000 7.000000 0.000000 0.000000 0.000000
47.000000 8.000000 0.000000 0.000000 0.000000
47.000000 9.000000 0.000000 0.000000 0.000000
47.000000 10.000000 0.000000 0.000000 0.000000
47.000000 11.000000 0.000000 0.000000 0.000000
47.000000 12.000000 0.000000 0.000000 0.000000
47.000000 13.000000 0.000000 0.000000 0.000000
47.000000 14.000000 0.000000 0.000000 0.000000
47.000000 15.000000 0.000000 0.000000 0.000000
47.000000 16.000000 0.000000 0.000000 0.000000
47.000000 17.000000 0.000000 0.000000 0.000000
47.000000 18.000000 0.000000 0.000000 0.000000
47.000000 19.000000 0.000000 0.000000 0.000000
47.000000 20.000000 0.000000 0.000000 0.000000
47.000000 21.000000 0.000000 0.000000 0.000000
47.000000 22.000000 0.000000 0.000000 0.000000
47.000000 23.000000 0.000000 0.000000 0.000000
47.000000 24.000000 0.000000 0.000000 0.000000
47.000000 25.000000 0.000000 0.000000 0.000000
47.000000 26.000000 0.000000 0.000000 0.000000
47.000000 27.000000 0.000000 0.000000 0.000000
47.000000 28.000000 0.000000 0.000000 0.000000
47.000000 29.000000 0.000000 0.000000 0.000000
47.000000 30.000000 0.000000 0.000000 0.000000
47.000000 31.000000 0.000000 0.000000 0.000000
47.000000 32.000000 0.000000 0.000000 0.000000
47.000000 33.000000 0.000000 0.000000 0.000000
47.000000 34.000000 0.000000 0.000000 0.000000
47.000000 35.000000 0.000000 0.000000 0.000000
47.000000 36.000000 0.000000 0.000000 0.000000
47.000000 37.000000 0.000000 0.000000 0.000000
47.000000 38.000000 0.000000 0.000000 0.000000
47.000000 39.000000 0.000000 0.000000 0.000000
47.000000 40.000000 0.000000 0.000000 0.000000
47.000000 41.000000 0.000000 0.000000 0.000000
47.000000 42.000000 0.000000 0.000000 0.000000
47.000000 43.000000 0.000000 0.000000 0.000000
47.000000 44.000000 0.000000 0.000000 0.000000
47.000000 45.000000 0.000000 0.000000 0.000000
47.000000 46.000000 0.000000 0.000000 0.000000
47.000000 47.000000 0.000000 0.000000 0.000000
47.000000 48.000000 0.000000 0.000000 0.000000
47.000000 49.000000 0.000000 0.000000 0.000000
48.000000 0.000000 0.000000 0.000000 0.000000
48.000000 1.000000 2.000000 1.333333 2.000000
48.000000 2.000000 1.000000 1.000000 1.000000
48.000000 3.000000 0.000000 0.000000 0.000000
48.000000 4.000000 0.000000 0.000000 0.000000
48.000000 5.000000 0.000000 0.000000 0.000000
48.000000 6.000000 0.000000 0.000000 0.000000
48.000000 7.000000 0.000000 0.000000 0.000000
48.000000 8.000000 0.000000 0.000000 0.000000
48.000000 9.000000 0.000000 0.000000 0.000000
48.000000 10.000000 0.000000 0.000000 0.000000
48.000000 11.000000 0.000000 0.000000 0.000000
48.000000 12.000000 0.000000 0.000000 0.000000
48.000000 13.000000 0.000000 0.000000 0.000000
48.000000 14.000000 0.000000 0.000000 0.000000
48.000000 15.000000 0.000000 0.000000 0.000000
48.000000 16.000000 0.000000 0.000000 0.000000
48.000000 17.000000 0.000000 0.000000 0.000000
48.000000 18.000000 0.000000 0.000000 0.000000
48.000000 19.000000 0.000000 0.000000 0.000000
48.000000 20.000000 0.000000 0.000000 0.000000
48.000000 21.000000 0.000000 0.000000 0.000000
48.000000 22.000000 0.000000 0.000000 0.000000
48.000000 23.000000 0.000000 0.000000 0.000000
48.000000 24.000000 0.000000 0.000000 0.000000
48.000000 25.000000 0.000000 0.000000 0.000000
48.000000 26.000000 0.000000 0.000000 0.000000
48.000000 27.000000 0.000000 0.000000 0.000000
48.000000 28.000000 0.000000 0.000000 0.000000
48.000000 29.000000 0.000000 0.000000 0.000000
48.000000 30.000000 0.000000 0.000000 0.000000
48.000000 31.000000 0.000000 0.000000 0.000000
48.000000 32.000000 0.000000 0.000000 0.000000
48.000000 33.000000 0.000000 0.000000 0.000000
48.000000 34.000000 0.000000 0.000000 0.000000
48.000000 35.000000 0.000000 0.000000 0.000000
48.000000 36.000000 0.000000 0.000000 0.000000
48.000000 37.000000 0.000000 0.000000 0.000000
48.000000 38.000000 0.000000 0.000000 0.000000
48.000000 39.000000 0.000000 0.000000 0.000000
48.000000 40.000000 0.000000 0.000000 0.000000
48.000000 41.000000 0.000000 0.000000 0.000000
48.000000 42.000000 0.000000 0.000000 0.000000
48.000000 43.000000 0.000000 0.000000 0.000000
48.000000 44.000000 0.000000 0.000000 0.000000
48.000000 45.000000 0.000000 0.000000 0.000000
48.000000 46.000000 0.000000 0.000000 0.000000
48.000000 47.000000 0.000000 0.000000 0.000000
48.000000 48.000000 0.000000 0.000000 0.000000
48.000000 49.000000 0.000000 0.000000 0.000000
49.000000 0.000000 0.000000 0.000000 0.000000
49.000000 1.000000 1.000000 0.666667 1.000000
49.000000 2.000000 1.000000 1.000000 1.000000
49.000000 3.000000 0.000000 0.000000 0.000000
49.000000 4.000000 0.000000 0.000000 0.000000
49.000000 5.000000 0.000000 0.000000 0.000000
49.000000 6.000000 0.000000 0.000000 0.000000
49.000000 7.000000 0.000000 0.000000 0.000000
49.000000 8.000000 0.000000 0.000000 0.000000
49.000000 9.000000 0.000000 0.000000 0.000000
49.000000 10.000000 0.000000 0.000000 0.000000
49.000000 11.000000 0.000000 0.000000 0.000000
49.000000 12.000000 0.000000 0.000000 0.000000
49.000000 13.000000 0.000000 0.000000 0.000000
49.000000 14.000000 0.000000 0.000000 0.000000
49.000000 15.000000 0.000000 0.000000 0.000000
49.000000 16.000000 0.000000 0.000000 0.000000
49.000000 17.000000 0.000000 0.000000 0.000000
49.000000 18.000000 0.000000 0.000000 0.000000
49.000000 19.000000 0.000000 0.000000 0.000000
49.000000 20.000000 0.000000 0.000000 0.000000
49.000000 21.000000 0.000000 0.000000 0.000000
49.000000 22.000000 0.000000 0.000000 0.000000
49.000000 23.000000 0.000000 0.000000 0.000000
49.000000 24.000000 0.000000 0.000000 0.000000
49.000000 25.000000 0.000000 0.000000 0.000000
49.000000 26.000000 0.000000 0.000000 0.000000
49.000000 27.000000 0.000000 0.000000 0.000000
49.000000 28.000000 0.000000 0.000000 0.000000
49.000000 29.000000 0.000000 0.000000 0.000000
49.000000 30.000000 0.000000 0.000000 0.000000
49.000000 31.000000 0.000000 0.000000 0.000000
49.000000 32.000000 0.000000 0.000000 0.000000
49.000000 33.000000 0.000000 0.000000 0.000000
49.000000 34.000000 0.000000 0.000000 0.000000
49.000000 35.000000 0.000000 0.000000 0.000000
49.000000 36.000000 0.000000 0.000000 0.000000
49.000000 37.000000 0.000000 0.000000 0.000000
49.000000 38.000000 0.000000 0.000000 0.000000
49.000000 39.000000 0.000000 0.000000 0.000000
49.000000 40.000000 0.000000 0.000000 0.000000
49.000000 41.000000 0.000000 0.000000 0.000000
49.000000 42.000000 0.000000 0.000000 0.000000
49.000000 43.000000 0.000000 0.000000 0.000000
49.000000 44.000000 0.000000 0.000000 0.000000
49.000000 45.000000 0.000000 0.000000 0.000000
49.000000 46.000000 0.000000 0.000000 0.000000
49.000000 47.000000 0.000000 0.000000 0.000000
49.000000 48.000000 0.000000 0.000000 0.000000
49.000000 49.000000 0.000000 0.000000 0.000000
50.000000 0.000000 0.000000 0.000000 0.000000
50.000000 1.000000 10.000000 5.000000 10.000000
50.000000 2.000000 96.000000 60.000000 96.000000
50.000000 3.000000 320.000000 239.666672 320.000000
50.000000 4.000000 540.000000 469.000000 540.000000
50.000000 5.000000 707.000000 632.666687 707.000000
50.000000 6.000000 821.000000 785.333313 833.000000
50.000000 7.000000 817.000000 815.333313 847.000000
50.000000 8.000000 731.000000 759.666687 780.000000
50.000000 9.000000 557.000000 610.333313 651.000000
50.000000 10.000000 408.000000 444.000000 480.000000
50.000000 11.000000 252.000000 303.333344 346.000000
50.000000 12.000000 159.000000 181.666672 207.000000
50.000000 13.000000 95.000000 114.666664 133.000000
50.000000 14.000000 52.000000 69.666664 87.000000
50.000000 15.000000 34.000000 40.666668 49.000000
50.000000 16.000000 19.000000 23.666666 30.000000
50.000000 17.000000 6.000000 10.333333 16.000000
50.000000 18.000000 3.000000 4.000000 5.000000
50.000000 19.000000 0.000000 0.000000 0.000000
50.000000 20.000000 0.000000 0.000000 0.000000
50.000000 21.000000 0.000000 0.000000 0.000000
50.000000 22.000000 0.000000 0.000000 0.000000
50.000000 23.000000 0.000000 0.000000 0.000000
50.000000 24.000000 0.000000 0.000000 0.000000
50.000000 25.000000 0.000000 0.000000 0.000000
50.000000 26.000000 0.000000 0.000000 0.000000
50.000000 27.000000 0.000000 0.000000 0.000000
50.000000 28.000000 0.000000 0.000000 0.000000
50.000000 29.000000 0.000000 0.000000 0.000000
50.000000 30.000000 0.000000 0.000000 0.000000
50.000000 31.000000 0.000000 0.000000 0.000000
50.000000 32.000000 0.000000 0.000000 0.000000
50.000000 33.000000 0.000000 0.000000 0.000000
50.000000 34.000000 0.000000 0.000000 0.000000
50.000000 35.000000 0.000000 0.000000 0.000000
50.000000 36.000000 0.000000 0.000000 0.000000
50.000000 37.000000 0.000000 0.000000 0.000000
50.000000 38.000000 0.000000 0.000000 0.000000
50.000000 39.000000 0.000000 0.000000 0.000000
50.000000 40.000000 0.000000 0.000000 0.000000
50.000000 41.000000 0.000000 0.000000 0.000000
50.000000 42.000000 0.000000 0.000000 0.000000
50.000000 43.000000 0.000000 0.000000 0.000000
50.000000 44.000000 0.000000 0.000000 0.000000
50.000000 45.000000 0.000000 0.000000 0.000000
50.000000 46.000000 0.000000 0.000000 0.000000
50.000000 47.000000 0.000000 0.000000 0.000000
50.000000 48.000000 0.000000 0.000000 0.000000
50.000000 49.000000 0.000000 0.000000 0.000000
51.000000 0.000000 0.000000 0.000000 0.000000
51.000000 1.000000 1.000000 0.666667 1.000000
51.000000 2.000000 1.000000 1.000000 1.000000
51.000000 3.000000 0.000000 0.333333 1.000000
51.000000 4.000000 0.000000 0.000000 0.000000
51.000000 5.000000 0.000000 0.000000 0.000000
51.000000 6.000000 0.000000 0.000000 0.000000
51.000000 7.000000 0.000000 0.000000 0.000000
51.000000 8.000000 0.000000 0.000000 0.000000
51.000000 9.000000 0.000000 0.000000 0.000000
51.000000 10.000000 0.000000 0.000000 0.000000
51.000000 11.000000 0.000000 0.000000 0.000000
51.000000 12.000000 0.000000 0.000000 0.000000
51.000000 13.000000 0.000000 0.000000 0.000000
51.000000 14.000000 0.000000 0.000000 0.000000
51.000000 15.000000 0.000000 0.000000 0.000000
51.000000 16.000000 0.000000 0.000000 0.000000
51.000000 17.000000 0.000000 0.000000 0.000000
51.000000 18.000000 0.000000 0.000000 0.000000
51.000000 19.000000 0.000000 0.000000 0.000000
51.000000 20.000000 0.000000 0.000000 0.000000
51.000000 21.000000 0.000000 0.000000 0.000000
51.000000 22.000000 0.000000 0.000000 0.000000
51.000000 23.000000 0.000000 0.000000 0.000000
51.000000 24.000000 0.000000 0.000000 0.000000
51.000000 25.000000 0.000000 0.000000 0.000000
51.000000 26.000000 0.000000 0.000000 0.000000
51.000000 27.000000 0.000000 0.000000 0.000000
51.000000 28.000000 0.000000 0.000000 0.000000
51.000000 29.000000 0.000000 0.000000 0.000000
51.000000 30.000000 0.000000 0.000000 0.000000
51.000000 31.000000 0.000000 0.000000 0.000000
51.000000 32.000000 0.000000 0.000000 0.000000
51.000000 33.000000 0.000000 0.000000 0.000000
51.000000 34.000000 0.000000 0.000000 0.000000
51.000000 35.000000 0.000000 0.000000 0.000000
51.000000 36.000000 0.000000 0.000000 0.000000
51.000000 37.000000 0.000000 0.000000 0.000000
51.000000 38.000000 0.000000 0.000000 0.000000
51.000000 39.000000 0.000000 0.000000 0.000000
51.000000 40.000000 0.000000 0.000000 0.000000
51.000000 41.000000 0.000000 0.000000 0.000000
51.000000 42.000000 0.000000 0.000000 0.000000
51.000000 43.000000 0.000000 0.000000 0.000000
51.000000 44.000000 0.000000 0.000000 0.000000
51.000000 45.000000 0.000000 0.000000 0.000000
51.000000 46.000000 0.000000 0.000000 0.000000
51.000000 47.000000 0.000000 0.000000 0.000000
51.000000 48.000000 0.000000 0.000000 0.000000
51.000000 49.000000 0.000000 0.000000 0.000000
52.000000 0.000000 0.000000 0.000000 0.000000
52.000000 1.000000 1.000000 0.666667 1.000000
52.000000 2.000000 1.000000 1.000000 1.000000
52.000000 3.000000 1.000000 1.000000 1.000000
52.000000 4.000000 1.000000 1.000000 1.000000
52.000000 5.000000 0.000000 0.000000 0.000000
52.000000 6.000000 0.000000 0.000000 0.000000
52.000000 7.000000 0.000000 0.000000 0.000000
52.000000 8.000000 0.000000 0.000000 0.000000
52.000000 9.000000 0.000000 0.000000 0.000000
52.000000 10.000000 0.000000 0.000000 0.000000
52.000000 11.000000 0.000000 0.000000 0.000000
52.000000 12.000000 0.000000 0.000000 0.000000
52.000000 13.000000 0.000000 0.000000 0.000000
52.000000 14.000000 0.000000 0.000000 0.000000
52.000000 15.000000 0.000000 0.000000 0.000000
52.000000 16.000000 0.000000 0.000000 0.000000
52.000000 17.000000 0.000000 0.000000 0.000000
52.000000 18.000000 0.000000 0.000000 0.000000
52.000000 19.000000 0.000000 0.000000 0.000000
52.000000 20.000000 0.000000 0.000000 0.000000
52.000000 21.000000 0.000000 0.000000 0.000000
52.000000 22.000000 0.000000 0.000000 0.000000
52.000000 23.000000 0.000000 0.000000 0.000000
52.000000 24.000000 0.000000 0.000000 0.000000
52.000000 25.000000 0.000000 0.000000 0.000000
52.000000 26.000000 0.000000 0.000000 0.000000
52.000000 27.000000 0.000000 0.000000 0.000000
52.000000 28.000000 0.000000 0.000000 0.000000
52.000000 29.000000 0.000000 0.000000 0.000000
52.000000 30.000000 0.000000 0.000000 0.000000
52.000000 31.000000 0.000000 0.000000 0.000000
52.000000 32.000000 0.000000 0.000000 0.000000
52.000000 33.000000 0.000000 0.000000 0.000000
52.000000 34.000000 0.000000 0.000000 0.000000
52.000000 35.000000 0.000000 0.000000 0.000000
52.000000 36.000000 0.000000 0.000000 0.000000
52.000000 37.000000 0.000000 0.000000 0.000000
52.000000 38.000000 0.000000 0.000000 0.000000
52.000000 39.000000 0.000000 0.000000 0.000000
52.000000 40.000000 0.000000 0.000000 0.000000
52.000000 41.000000 0.000000 0.000000 0.000000
52.000000 42.000000 0.000000 0.000000 0.000000
52.000000 43.000000 0.000000 0.000000 0.000000
52.000000 44.000000 0.000000 0.000000 0.000000
52.000000 45.000000 0.000000 0.000000 0.000000
52.000000 46.000000 0.000000 0.000000 0.000000
52.000000 47.000000 0.000000 0.000000 0.000000
52.000000 48.000000 0.000000 0.000000 0.000000
52.000000 49.000000 0.000000 0.000000 0.000000
53.000000 0.000000 1.000000 0.666667 1.000000
53.000000 1.000000 1.000000 1.000000 1.000000
53.000000 2.000000 1.000000 1.000000 1.000000
53.000000 3.000000 1.000000 1.000000 1.000000
53.000000 4.000000 1.000000 1.000000 1.000000
53.000000 5.000000 0.000000 0.000000 0.000000
53.000000 6.000000 0.000000 0.000000 0.000000
53.000000 7.000000 0.000000 0.000000 0.000000
53.000000 8.000000 0.000000 0.000000 0.000000
53.000000 9.000000 0.000000 0.000000 0.000000
53.000000 10.000000 0.000000 0.000000 0.000000
53.000000 11.000000 0.000000 0.000000 0.000000
53.000000 12.000000 0.000000 0.000000 0.000000
53.000000 13.000000 0.000000 0.000000 0.000000
53.000000 14.000000 0.000000 0.000000 0.000000
53.000000 15.000000 0.000000 0.000000 0.000000
53.000000 16.000000 0.000000 0.000000 0.000000
53.000000 17.000000 0.000000 0.000000 0.000000
53.000000 18.000000 0.000000 0.000000 0.000000
53.000000 19.000000 0.000000 0.000000 0.000000
53.000000 20.000000 0.000000 0.000000 0.000000
53.000000 21.000000 0.000000 0.000000 0.000000
53.000000 22.000000 0.000000 0.000000 0.000000
53.000000 23.000000 0.000000 0.000000 0.000000
53.000000 24.000000 0.000000 0.000000 0.000000
53.000000 25.000000 0.000000 0.000000 0.000000
53.000000 26.000000 0.000000 0.000000 0.000000
53.000000 27.000000 0.000000 0.000000 0.000000
53.000000 28.000000 0.000000 0.000000 0.000000
53.000000 29.000000 0.000000 0.000000 0.000000
53.000000 30.000000 0.000000 0.000000 0.000000
53.000000 31.000000 0.000000 0.000000 0.000000
53.000000 32.000000 0.000000 0.000000 0.000000
53.000000 33.000000 0.000000 0.000000 0.000000
53.000000 34.000000 0.000000 0.000000 0.000000
53.000000 35.000000 0.000000 0.000000 0.000000
53.000000 36.000000 0.000000 0.000000 0.000000
53.000000 37.000000 0.000000 0.000000 0.000000
53.000000 38.000000 0.000000 0.000000 0.000000
53.000000 39.000000 0.000000 0.000000 0.000000
53.000000 40.000000 0.000000 0.000000 0.000000
53.000000 41.000000 0.000000 0.000000 0.000000
53.000000 42.000000 0.000000 0.000000 0.000000
53.000000 43.000000 0.000000 0.000000 0.000000
53.000000 44.000000 0.000000 0.000000 0.000000
53.000000 45.000000 0.000000 0.000000 0.000000
53.000000 46.000000 0.000000 0.000000 0.000000
53.000000 47.000000 0.000000 0.000000 0.000000
53.000000 48.000000 0.000000 0.000000 0.000000
53.000000 49.000000 0.000000 0.000000 0.000000
54.000000 0.000000 0.000000 0.000000 0.000000
54.000000 1.000000 1.000000 0.666667 1.000000
54.000000 2.000000 1.000000 1.000000 1.000000
54.000000 3.000000 0.000000 0.000000 0.000000
54.000000 4.000000 0.000000 0.000000 0.000000
54.000000 5.000000 0.000000 0.000000 0.000000
54.000000 6.000000 0.000000 0.000000 0.000000
54.000000 7.000000 0.000000 0.000000 0.000000
54.000000 8.000000 0.000000 0.000000 0.000000
54.000000 9.000000 0.000000 0.000000 0.000000
54.000000 10.000000 0.000000 0.000000 0.000000
54.000000 11.000000 0.000000 0.000000 0.000000
54.000000 12.000000 0.000000 0.000000 0.000000
54.000000 13.000000 0.000000 0.000000 0.000000
54.000000 14.000000 0.000000 0.000000 0.000000
54.000000 15.000000 0.000000 0.000000 0.000000
54.000000 16.000000 0.000000 0.000000 0.000000
54.000000 17.000000 0.000000 0.000000 0.000000
54.000000 18.000000 0.000000 0.000000 0.000000
54.000000 19.000000 0.000000 0.000000 0.000000
54.000000 20.000000 0.000000 0.000000 0.000000
54.000000 21.000000 0.000000 0.000000 0.000000
54.000000 22.000000 0.000000 0.000000 0.000000
54.000000 23.000000 0.000000 0.000000 0.000000
54.000000 24.000000 0.000000 0.000000 0.000000
54.000000 25.000000 0.000000 0.000000 0.000000
54.000000 26.000000 0.000000 0.000000 0.000000
54.000000 27.000000 0.000000 0.000000 0.000000
54.000000 28.000000 0.000000 0.000000 0.000000
54.000000 29.000000 0.000000 0.000000 0.000000
54.000000 30.000000 0.000000 0.000000 0.000000
54.000000 31.000000 0.000000 0.000000 0.000000
54.000000 32.000000 0.000000 0.000000 0.000000
54.000000 33.000000 0.000000 0.000000 0.000000
54.000000 34.000000 0.000000 0.000000 0.000000
54.000000 35.000000 0.000000 0.000000 0.000000
54.000000 36.000000 0.000000 0.000000 0.000000
54.000000 37.000000 0.000000 0.000000 0.000000
54.000000 38.000000 0.000000 0.000000 0.000000
54.000000 39.000000 0.000000 0.000000 0.000000
54.000000 40.000000 0.000000 0.000000 0.000000
54.000000 41.000000 0.000000 0.000000 0.000000
54.000000 42.000000 0.000000 0.000000 0.000000
54.000000 43.000000 0.000000 0.000000 0.000000
54.000000 44.000000 0.000000 0.000000 0.000000
54.000000 45.000000 0.000000 0.000000 0.000000
54.000000 46.000000 0.000000 0.000000 0.000000
54.000000 47.000000 0.000000 0.000000 0.000000
54.000000 48.000000 0.000000 0.000000 0.000000
54.000000 49.000000 0.000000 0.000000 0.000000
55.000000 0.000000 0.000000 0.000000 0.000000
55.000000 1.000000 1.000000 0.666667 1.000000
55.000000 2.000000 1.000000 1.000000 1.000000
55.000000 3.000000 0.000000 0.000000 0.000000
55.000000 4.000000 0.000000 0.000000 0.000000
55.000000 5.000000 0.000000 0.000000 0.000000
55.000000 6.000000 0.000000 0.000000 0.000000
55.000000 7.000000 0.000000 0.000000 0.000000
55.000000 8.000000 0.000000 0.000000 0.000000
55.000000 9.000000 0.000000 0.000000 0.000000
55.000000 10.000000 0.000000 0.000000 0.000000
55.000000 11.000000 0.000000 0.000000 0.000000
55.000000 12.000000 0.000000 0.000000 0.000000
55.000000 13.000000 0.000000 0.000000 0.000000
55.000000 14.000000 0.000000 0.000000 0.000000
55.000000 15.000000 0.000000 0.000000 0.000000
55.000000 16.000000 0.000000 0.000000 0.000000
55.000000 17.000000 0.000000 0.000000 0.000000
55.000000 18.000000 0.000000 0.000000 0.000000
55.000000 19.000000 0.000000 0.000000 0.000000
55.000000 20.000000 0.000000 0.000000 0.000000
55.000000 21.000000 0.000000 0.000000 0.000000
55.000000 22.000000 0.000000 0.000000 0.000000
55.000000 23.000000 0.000000 0.000000 0.000000
55.000000 24.000000 0.000000 0.000000 0.000000
55.000000 25.000000 0.000000 0.000000 0.000000
55.000000 26.000000 0.000000 0.000000 0.000000
55.000000 27.000000 0.000000 0.000000 0.000000
55.000000 28.000000 0.000000 0.000000 0.000000
55.000000 29.000000 0.000000 0.000000 0.000000
55.000000 30.000000 0.000000 0.000000 0.000000
55.000000 31.000000 0.000000 0.000000 0.000000
55.000000 32.000000 0.000000 0.000000 0.000000
55.000000 33.000000 0.000000 0.000000 0.000000
55.000000 34.000000 0.000000 0.000000 0.000000
55.000000 35.000000 0.000000 0.000000 0.000000
55.000000 36.000000 0.000000 0.000000 0.000000
55.000000 37.000000 0.000000 0.000000 0.000000
55.000000 38.000000 0.000000 0.000000 0.000000
55.000000 39.000000 0.000000 0.000000 0.000000
55.000000 40.000000 0.000000 0.000000 0.000000
55.000000 41.000000 0.000000 0.000000 0.000000
55.000000 42.000000 0.000000 0.000000 0.000000
55.000000 43.000000 0.000000 0.000000 0.000000
55.000000 44.000000 0.000000 0.000000 0.000000
55.000000 45.000000 0.000000 0.000000 0.000000
55.000000 46.000000 0.000000 0.000000 0.000000
55.000000 47.000000 0.000000 0.000000 0.000000
55.000000 48.000000 0.000000 0.000000 0.000000
55.000000 49.000000 0.000000 0.000000 0.000000
56.000000 0.000000 0.000000 0.000000 0.000000
56.000000 1.000000 1.000000 0.666667 1.000000
56.000000 2.000000 1.000000 1.000000 1.000000
56.000000 3.000000 0.000000 0.333333 1.000000
56.000000 4.000000 0.000000 0.000000 0.000000
56.000000 5.000000 0.000000 0.000000 0.000000
56.000000 6.000000 0.000000 0.000000 0.000000
56.000000 7.000000 0.000000 0.000000 0.000000
56.000000 8.000000 0.000000 0.000000 0.000000
56.000000 9.000000 0.000000 0.000000 0.000000
56.000000 10.000000 0.000000 0.000000 0.000000
56.000000 11.000000 0.000000 0.000000 0.000000
56.000000 12.000000 0.000000 0.000000 0.000000
56.000000 13.000000 0.000000 0.000000 0.000000
56.000000 14.000000 0.000000 0.000000 0.000000
56.000000 15.000000 0.000000 0.000000 0.000000
56.000000 16.000000 0.000000 0.000000 0.000000
56.000000 17.000000 0.000000 0.000000 0.000000
56.000000 18.000000 0.000000 0.000000 0.000000
56.000000 19.000000 0.000000 0.000000 0.000000
56.000000 20.000000 0.000000 0.000000 0.000000
56.000000 21.000000 0.000000 0.000000 0.000000
56.000000 22.000000 0.000000 0.000000 0.000000
56.000000 23.000000 0.000000 0.000000 0.000000
56.000000 24.000000 0.000000 0.000000 0.000000
56.000000 25.000000 0.000000 0.000000 0.000000
56.000000 26.000000 0.000000 0.000000 0.000000
56.000000 27.000000 0.000000 0.000000 0.000000
56.000000 28.000000 0.000000 0.000000 0.000000
56.000000 29.000000 0.000000 0.000000 0.000000
56.000000 30.000000 0.000000 0.000000 0.000000
56.000000 31.000000 0.000000 0.000000 0.000000
56.000000 32.000000 0.000000 0.000000 0.000000
56.000000 33.000000 0.000000 0.000000 0.000000
56.000000 34.000000 0.000000 0.000000 0.000000
56.000000 35.000000 0.000000 0.000000 0.000000
56.000000 36.000000 0.000000 0.000000 0.000000
56.000000 37.000000 0.000000 0.000000 0.000000
56.000000 38.000000 0.000000 0.000000 0.000000
56.000000 39.000000 0.000000 0.000000 0.000000
56.000000 40.000000 0.000000 0.000000 0.000000
56.000000 41.000000 0.000000 0.000000 0.000000
56.000000 42.000000 0.000000 0.000000 0.000000
56.000000 43.000000 0.000000 0.000000 0.000000
56.000000 44.000000 0.000000 0.000000 0.000000
56.000000 45.000000 0.000000 0.000000 0.000000
56.000000 46.000000 0.000000 0.000000 0.000000
56.000000 47.000000 0.000000 0.000000 0.000000
56.000000 48.000000 0.000000 0.000000 0.000000
56.000000 49.000000 0.000000 0.000000 0.000000
57.000000 0.000000 0.000000 0.000000 0.000000
57.000000 1.000000 0.000000 0.000000 0.000000
57.000000 2.000000 11.000000 7.666667 11.000000
57.000000 3.000000 5.000000 7.333333 10.000000
57.000000 4.000000 9.000000 7.666667 9.000000
57.000000 5.000000 8.000000 8.666667 9.000000
57.000000 6.000000 2.000000 4.000000 6.000000
57.000000 7.000000 1.000000 1.000000 1.000000
57.000000 8.000000 1.000000 1.000000 1.000000
57.000000 9.000000 1.000000 1.000000 1.000000
57.000000 10.000000 1.000000 1.000000 1.000000
57.000000 11.000000 0.000000 0.333333 1.000000
57.000000 12.000000 0.000000 0.000000 0.000000
57.000000 13.000000 0.000000 0.000000 0.000000
57.000000 14.000000 0.000000 0.000000 0.000000
57.000000 15.000000 0.000000 0.000000 0.000000
57.000000 16.000000 0.000000 0.000000 0.000000
57.000000 17.000000 0.000000 0.000000 0.000000
57.000000 18.000000 0.000000 0.000000 0.000000
57.000000 19.000000 0.000000 0.000000 0.000000
57.000000 20.000000 0.000000 0.000000 0.000000
57.000000 21.000000 0.000000 0.000000 0.000000
57.000000 22.000000 0.000000 0.000000 0.000000
57.000000 23.000000 0.000000 0.000000 0.000000
57.000000 24.000000 0.000000 0.000000 0.000000
57.000000 25.000000 0.000000 0.000000 0.000000
57.000000 26.000000 0.000000 0.000000 0.000000
57.000000 27.000000 0.000000 0.000000 0.000000
57.000000 28.000000 0.000000 0.000000 0.000000
57.000000 29.000000 0.000000 0.000000 0.000000
57.000000 30.000000 0.000000 0.000000 0.000000
57.000000 31.000000 0.000000 0.000000 0.000000
57.000000 32.000000 0.000000 0.000000 0.000000
57.000000 33.000000 0.000000 0.000000 0.000000
57.000000 34.000000 0.000000 0.000000 0.000000
57.000000 35.000000 0.000000 0.000000 0.000000
57.000000 36.000000 0.000000 0.000000 0.000000
57.000000 37.000000 0.000000 0.000000 0.000000
57.000000 38.000000 0.000000 0.000000 0.000000
57.000000 39.000000 0.000000 0.000000 0.000000
57.000000 40.000000 0.000000 0.000000 0.000000
57.000000 41.000000 0.000000 0.000000 0.000000
57.000000 42.000000 0.000000 0.000000 0.000000
57.000000 43.000000 0.000000 0.000000 0.000000
57.000000 44.000000 0.000000 0.000000 0.000000
57.000000 45.000000 0.000000 0.000000 0.000000
57.000000 46.000000 0.000000 0.000000 0.000000
57.000000 47.000000 0.000000 0.000000 0.000000
57.000000 48.000000 0.000000 0.000000 0.000000
57.000000 49.000000 0.000000 0.000000 0.000000
58.000000 0.000000 1.000000 0.666667 1.000000
58.000000 1.000000 1.000000 1.000000 1.000000
58.000000 2.000000 0.000000 0.000000 0.000000
58.000000 3.000000 0.000000 0.000000 0.000000
58.000000 4.000000 0.000000 0.000000 0.000000
58.000000 5.000000 0.000000 0.000000 0.000000
58.000000 6.000000 0.000000 0.000000 0.000000
58.000000 7.000000 0.000000 0.000000 0.000000
58.000000 8.000000 0.000000 0.000000 0.000000
58.000000 9.000000 0.000000 0.000000 0.000000
58.000000 10.000000 0.000000 0.000000 0.000000
58.000000 11.000000 0.000000 0.000000 0.000000
58.000000 12.000000 0.000000 0.000000 0.000000
58.000000 13.000000 0.000000 0.000000 0.000000
58.000000 14.000000 0.000000 0.000000 0.000000
58.000000 15.000000 0.000000 0.000000 0.000000
58.000000 16.000000 0.000000 0.000000 0.000000
58.000000 17.000000 0.000000 0.000000 0.000000
58.000000 18.000000 0.000000 0.000000 0.000000
58.000000 19.000000 0.000000 0.000000 0.000000
58.000000 20.000000 0.000000 0.000000 0.000000
58.000000 21.000000 0.000000 0.000000 0.000000
58.000000 22.000000 0.000000 0.000000 0.000000
58.000000 23.000000 0.000000 0.000000 0.000000
58.000000 24.000000 0.000000 0.000000 0.000000
58.000000 25.000000 0.000000 0.000000 0.000000
58.000000 26.000000 0.000000 0.000000 0.000000
58.000000 27.000000 0.000000 0.000000 0.000000
58.000000 28.000000 0.000000 0.000000 0.000000
58.000000 29.000000 0.000000 0.000000 0.000000
58.000000 30.000000 0.000000 0.000000 0.000000
58.000000 31.000000 0.000000 0.000000 0.000000
58.000000 32.000000 0.000000 0.000000 0.000000
58.000000 33.000000 0.000000 0.000000 0.000000
58.000000 34.000000 0.000000 0.000000 0.000000
58.000000 35.000000 0.000000 0.000000 0.000000
58.000000 36.000000 0.000000 0.000000 0.000000
58.000000 37.000000 0.000000 0.000000 0.000000
58.000000 38.000000 0.000000 0.000000 0.000000
58.000000 39.000000 0.000000 0.000000 0.000000
58.000000 40.000000 0.000000 0.000000 0.000000
58.000000 41.000000 0.000000 0.000000 0.000000
58.000000 42.000000 0.000000 0.000000 0.000000
58.000000 43.000000 0.000000 0.000000 0.000000
58.000000 44.000000 0.000000 0.000000 0.000000
58.000000 45.000000 0.000000 0.000000 0.000000
58.000000 46.000000 0.000000 0.000000 0.000000
58.000000 47.000000 0.000000 0.000000 0.000000
58.000000 48.000000 0.000000 0.000000 0.000000
58.000000 49.000000 0.000000 0.000000 0.000000
59.000000 0.000000 1.000000 0.666667 1.000000
59.000000 1.000000 1.000000 1.000000 1.000000
59.000000 2.000000 0.000000 0.333333 1.000000
59.000000 3.000000 0.000000 0.000000 0.000000
59.000000 4.000000 0.000000 0.000000 0.000000
59.000000 5.000000 0.000000 0.000000 0.000000
59.000000 6.000000 0.000000 0.000000 0.000000
59.000000 7.000000 0.000000 0.000000 0.000000
59.000000 8.000000 0.000000 0.000000 0.000000
59.000000 9.000000 0.000000 0.000000 0.000000
59.000000 10.000000 0.000000 0.000000 0.000000
59.000000 11.000000 0.000000 0.000000 0.000000
59.000000 12.000000 0.000000 0.000000 0.000000
59.000000 13.000000 0.000000 0.000000 0.000000
59.000000 14.000000 0.000000 0.000000 0.000000
59.000000 15.000000 0.000000 0.000000 0.000000
59.000000 16.000000 0.000000 0.000000 0.000000
59.000000 17.000000 0.000000 0.000000 0.000000
59.000000 18.000000 0.000000 0.000000 0.000000
59.000000 19.000000 0.000000 0.000000 0.000000
59.000000 20.000000 0.000000 0.000000 0.000000
59.000000 21.000000 0.000000 0.000000 0.000000
59.000000 22.000000 0.000000 0.000000 0.000000
59.000000 23.000000 0.000000 0.000000 0.000000
59.000000 24.000000 0.000000 0.000000 0.000000
59.000000 25.000000 0.000000 0.000000 0.000000
59.000000 26.000000 0.000000 0.000000 0.000000
59.000000 27.000000 0.000000 0.000000 0.000000
59.000000 28.000000 0.000000 0.000000 0.000000
59.000000 29.000000 0.000000 0.000000 0.000000
59.000000 30.000000 0.000000 0.000000 0.000000
59.000000 31.000000 0.000000 0.000000 0.000000
59.000000 32.000000 0.000000 0.000000 0.000000
59.000000 33.000000 0.000000 0.000000 0.000000
59.000000 34.000000 0.000000 0.000000 0.000000
59.000000 35.000000 0.000000 0.000000 0.000000
59.000000 36.000000 0.000000 0.000000 0.000000
59.000000 37.000000 0.000000 0.000000 0.000000
59.000000 38.000000 0.000000 0.000000 0.000000
59.000000 39.000000 0.000000 0.000000 0.000000
59.000000 40.000000 0.000000 0.000000 0.000000
59.000000 41.000000 0.000000 0.000000 0.000000
59.000000 42.000000 0.000000 0.000000 0.000000
59.000000 43.000000 0.000000 0.000000 0.000000
59.000000 44.000000 0.000000 0.000000 0.000000
59.000000 45.000000 0.000000 0.000000 0.000000
59.000000 46.000000 0.000000 0.000000 0.000000
59.000000 47.000000 0.000000 0.000000 0.000000
59.000000 48.000000 0.000000 0.000000 0.000000
59.000000 49.000000 0.000000 0.000000 0.000000
60.000000 0.000000 0.000000 0.000000 0.000000
60.000000 1.000000 1.000000 0.666667 1.000000
60.000000 2.000000 1.000000 1.000000 1.000000
60.000000 3.000000 0.000000 0.000000 0.000000
60.000000 4.000000 0.000000 0.000000 0.000000
60.000000 5.000000 0.000000 0.000000 0.000000
60.000000 6.000000 0.000000 0.000000 0.000000
60.000000 7.000000 0.000000 0.000000 0.000000
60.000000 8.000000 0.000000 0.000000 0.000000
60.000000 9.000000 0.000000 0.000000 0.000000
60.000000 10.000000 0.000000 0.000000 0.000000
60.000000 11.000000 0.000000 0.000000 0.000000
60.000000 12.000000 0.000000 0.000000 0.000000
60.000000 13.000000 0.000000 0.000000 0.000000
60.000000 14.000000 0.000000 0.000000 0.000000
60.000000 15.000000 0.000000 0.000000 0.000000
60.000000 16.000000 0.000000 0.000000 0.000000
60.000000 17.000000 0.000000 0.000000 0.000000
60.000000 18.000000 0.000000 0.000000 0.000000
60.000000 19.000000 0.000000 0.000000 0.000000
60.000000 20.000000 0.000000 0.000000 0.000000
60.000000 21.000000 0.000000 0.000000 0.000000
60.000000 22.000000 0.000000 0.000000 0.000000
60.000000 23.000000 0.000000 0.000000 0.000000
60.000000 24.000000 0.000000 0.000000 0.000000
60.000000 25.000000 0.000000 0.000000 0.000000
60.000000 26.000000 0.000000 0.000000 0.000000
60.000000 27.000000 0.000000 0.000000 0.000000
60.000000 28.000000 0.000000 0.000000 0.000000
60.000000 29.000000 0.000000 0.000000 0.000000
60.000000 30.000000 0.000000 0.000000 0.000000
60.000000 31.000000 0.000000 0.000000 0.000000
60.000000 32.000000 0.000000 0.000000 0.000000
60.000000 33.000000 0.000000 0.000000 0.000000
60.000000 34.000000 0.000000 0.000000 0.000000
60.000000 35.000000 0.000000 0.000000 0.000000
60.000000 36.000000 0.000000 0.000000 0.000000
60.000000 37.000000 0.000000 0.000000 0.000000
60.000000 38.000000 0.000000 0.000000 0.000000
60.000000 39.000000 0.000000 0.000000 0.000000
60.000000 40.000000 0.000000 0.000000 0.000000
60.000000 41.000000 0.000000 0.000000 0.000000
60.000000 42.000000 0.000000 0.000000 0.000000
60.000000 43.000000 0.000000 0.000000 0.000000
60.000000 44.000000 0.000000 0.000000 0.000000
60.000000 45.000000 0.000000 0.000000 0.000000
60.000000 46.000000 0.000000 0.000000 0.000000
60.000000 47.000000 0.000000 0.000000 0.000000
60.000000 48.000000 0.000000 0.000000 0.000000
60.000000 49.000000 0.000000 0.000000 0.000000
61.000000 0.000000 1.000000 0.666667 1.000000
61.000000 1.000000 1.000000 1.000000 1.000000
61.000000 2.000000 1.000000 1.000000 1.000000
61.000000 3.000000 1.000000 1.000000 1.000000
61.000000 4.000000 1.000000 1.000000 1.000000
61.000000 5.000000 0.000000 0.666667 1.000000
61.000000 6.000000 0.000000 0.000000 0.000000
61.000000 7.000000 0.000000 0.000000 0.000000
61.000000 8.000000 0.000000 0.000000 0.000000
61.000000 9.000000 0.000000 0.000000 0.000000
61.000000 10.000000 0.000000 0.000000 0.000000
61.000000 11.000000 0.000000 0.000000 0.000000
61.000000 12.000000 0.000000 0.000000 0.000000
61.000000 13.000000 0.000000 0.000000 0.000000
61.000000 14.000000 0.000000 0.000000 0.000000
61.000000 15.000000 0.000000 0.000000 0.000000
61.000000 16.000000 0.000000 0.000000 0.000000
61.000000 17.000000 0.000000 0.000000 0.000000
61.000000 18.000000 0.000000 0.000000 0.000000
61.000000 19.000000 0.000000 0.000000 0.000000
61.000000 20.000000 0.000000 0.000000 0.000000
61.000000 21.000000 0.000000 0.000000 0.000000
61.000000 22.000000 0.000000 0.000000 0.000000
61.000000 23.000000 0.000000 0.000000 0.000000
61.000000 24.000000 0.000000 0.000000 0.000000
61.000000 25.000000 0.000000 0.000000 0.000000
61.000000 26.000000 0.000000 0.000000 0.000000
61.000000 27.000000 0.000000 0.000000 0.000000
61.000000 28.000000 0.000000 0.000000 0.000000
61.000000 29.000000 0.000000 0.000000 0.000000
61.000000 30.000000 0.000000 0.000000 0.000000
61.000000 31.000000 0.000000 0.000000 0.000000
61.000000 32.000000 0.000000 0.000000 0.000000
61.000000 33.000000 0.000000 0.000000 0.000000
61.000000 34.000000 0.000000 0.000000 0.000000
61.000000 35.000000 0.000000 0.000000 0.000000
61.000000 36.000000 0.000000 0.000000 0.000000
61.000000 37.000000 0.000000 0.000000 0.000000
61.000000 38.000000 0.000000 0.000000 0.000000
61.000000 39.000000 0.000000 0.000000 0.000000
61.000000 40.000000 0.000000 0.000000 0.000000
61.000000 41.000000 0.000000 0.000000 0.000000
61.000000 42.000000 0.000000 0.000000 0.000000
61.000000 43.000000 0.000000 0.000000 0.000000
61.000000 44.000000 0.000000 0.000000 0.000000
61.000000 45.000000 0.000000 0.000000 0.000000
61.000000 46.000000 0.000000 0.000000 0.000000
61.000000 47.000000 0.000000 0.000000 0.000000
61.000000 48.000000 0.000000 0.000000 0.000000
61.000000 49.000000 0.000000 0.000000 0.000000
62.000000 0.000000 1.000000 0.666667 1.000000
62.000000 1.000000 1.000000 1.000000 1.000000
62.000000 2.000000 0.000000 0.333333 1.000000
62.000000 3.000000 0.000000 0.000000 0.000000
62.000000 4.000000 0.000000 0.000000 0.000000
62.000000 5.000000 0.000000 0.000000 0.000000
62.000000 6.000000 0.000000 0.000000 0.000000
62.000000 7.000000 0.000000 0.000000 0.000000
62.000000 8.000000 0.000000 0.000000 0.000000
62.000000 9.000000 0.000000 0.000000 0.000000
62.000000 10.000000 0.000000 0.000000 0.000000
62.000000 11.000000 0.000000 0.000000 0.000000
62.000000 12.000000 0.000000 0.000000 0.000000
62.000000 13.000000 0.000000 0.000000 0.000000
62.000000 14.000000 0.000000 0.000000 0.000000
62.000000 15.000000 0.000000 0.000000 0.000000
62.000000 16.000000 0.000000 0.000000 0.000000
62.000000 17.000000 0.000000 0.000000 0.000000
62.000000 18.000000 0.000000 0.000000 0.000000
62.000000 19.000000 0.000000 0.000000 0.000000
62.000000 20.000000 0.000000 0.000000 0.000000
62.000000 21.000000 0.000000 0.000000 0.000000
62.000000 22.000000 0.000000 0.000000 0.000000
62.000000 23.000000 0.000000 0.000000 0.000000
62.000000 24.000000 0.000000 0.000000 0.000000
62.000000 25.000000 0.000000 0.000000 0.000000
62.000000 26.000000 0.000000 0.000000 0.000000
62.000000 27.000000 0.000000 0.000000 0.000000
62.000000 28.000000 0.000000 0.000000 0.000000
62.000000 29.000000 0.000000 0.000000 0.000000
62.000000 30.000000 0.000000 0.000000 0.000000
62.000000 31.000000 0.000000 0.000000 0.000000
62.000000 32.000000 0.000000 0.000000 0.000000
62.000000 33.000000 0.000000 0.000000 0.000000
62.000000 34.000000 0.000000 0.000000 0.000000
62.000000 35.000000 0.000000 0.000000 0.000000
62.000000 36.000000 0.000000 0.000000 0.000000
62.000000 37.000000 0.000000 0.000000 0.000000
62.000000 38.000000 0.000000 0.000000 0.000000
62.000000 39.000000 0.000000 0.000000 0.000000
62.000000 40.000000 0.000000 0.000000 0.000000
62.000000 41.000000 0.000000 0.000000 0.000000
62.000000 42.000000 0.000000 0.000000 0.000000
62.000000 43.000000 0.000000 0.000000 0.000000
62.000000 44.000000 0.000000 0.000000 0.000000
62.000000 45.000000 0.000000 0.000000 0.000000
62.000000 46.000000 0.000000 0.000000 0.000000
62.000000 47.000000 0.000000 0.000000 0.000000
62.000000 48.000000 0.000000 0.000000 0.000000
62.000000 49.000000 0.000000 0.000000 0.000000
63.000000 0.000000 0.000000 0.000000 0.000000
63.000000 1.000000 4.000000 2.333333 4.000000
63.000000 2.000000 30.000000 23.666666 30.000000
63.000000 3.000000 90.000000 69.000000 90.000000
63.000000 4.000000 373.000000 261.666656 373.000000
63.000000 5.000000 729.000000 600.333313 729.000000
63.000000 6.000000 906.000000 856.000000 909.000000
63.000000 7.000000 915.000000 901.333313 922.000000
63.000000 8.000000 843.000000 864.333313 880.000000
63.000000 9.000000 615.000000 699.666687 762.000000
63.000000 10.000000 429.000000 479.000000 530.000000
63.000000 11.000000 294.000000 334.666656 372.000000
63.000000 12.000000 168.000000 199.333328 236.000000
63.000000 13.000000 90.000000 106.666664 127.000000
63.000000 14.000000 47.000000 64.000000 80.000000
63.000000 15.000000 25.000000 31.000000 39.000000
63.000000 16.000000 8.000000 10.666667 15.000000
63.000000 17.000000 4.000000 5.000000 7.000000
63.000000 18.000000 3.000000 3.666667 4.000000
63.000000 19.000000 1.000000 1.666667 3.000000
63.000000 20.000000 0.000000 0.666667 1.000000
63.000000 21.000000 0.000000 0.000000 0.000000
63.000000 22.000000 0.000000 0.000000 0.000000
63.000000 23.000000 0.000000 0.000000 0.000000
63.000000 24.000000 0.000000 0.000000 0.000000
63.000000 25.000000 0.000000 0.000000 0.000000
63.000000 26.000000 0.000000 0.000000 0.000000
63.000000 27.000000 0.000000 0.000000 0.000000
63.000000 28.000000 0.000000 0.000000 0.000000
63.000000 29.000000 0.000000 0.000000 0.000000
63.000000 30.000000 0.000000 0.000000 0.000000
63.000000 31.000000 0.000000 0.000000 0.000000
63.000000 32.000000 0.000000 0.000000 0.000000
63.000000 33.000000 0.000000 0.000000 0.000000
63.000000 34.000000 0.000000 0.000000 0.000000
63.000000 35.000000 0.000000 0.000000 0.000000
63.000000 36.000000 0.000000 0.000000 0.000000
63.000000 37.000000 0.000000 0.000000 0.000000
63.000000 38.000000 0.000000 0.000000 0.000000
63.000000 39.000000 0.000000 0.000000 0.000000
63.000000 40.000000 0.000000 0.000000 0.000000
63.000000 41.000000 0.000000 0.000000 0.000000
63.000000 42.000000 0.000000 0.000000 0.000000
63.000000 43.000000 0.000000 0.000000 0.000000
63.000000 44.000000 0.000000 0.000000 0.000000
63.000000 45.000000 0.000000 0.000000 0.000000
63.000000 46.000000 0.000000 0.000000 0.000000
63.000000 47.000000 0.000000 0.000000 0.000000
63.000000 48.000000 0.000000 0.000000 0.000000
63.000000 49.000000 0.000000 0.000000 0.000000
64.000000 0.000000 0.000000 0.000000 0.000000
64.000000 1.000000 0.000000 0.000000 0.000000
64.000000 2.000000 0.000000 0.000000 0.000000
64.000000 3.000000 0.000000 0.000000 0.000000
64.000000 4.000000 0.000000 0.000000 0.000000
64.000000 5.000000 0.000000 0.000000 0.000000
64.000000 6.000000 0.000000 0.000000 0.000000
64.000000 7.000000 0.000000 0.000000 0.000000
64.000000 8.000000 0.000000 0.000000 0.000000
64.000000 9.000000 0.000000 0.000000 0.000000
64.000000 10.000000 0.000000 0.000000 0.000000
64.000000 11.000000 0.000000 0.000000 0.000000
64.000000 12.000000 0.000000 0.000000 0.000000
64.000000 13.000000 0.000000 0.000000 0.000000
64.000000 14.000000 0.000000 0.000000 0.000000
64.000000 15.000000 0.000000 0.000000 0.000000
64.000000 16.000000 0.000000 0.000000 0.000000
64.000000 17.000000 0.000000 0.000000 0.000000
64.000000 18.000000 0.000000 0.000000 0.000000
64.000000 19.000000 0.000000 0.000000 0.000000
64.000000 20.000000 0.000000 0.000000 0.000000
64.000000 21.000000 0.000000 0.000000 0.000000
64.000000 22.000000 0.000000 0.000000 0.000000
64.000000 23.000000 0.000000 0.000000 0.000000
64.000000 24.000000 0.000000 0.000000 0.000000
64.000000 25.000000 0.000000 0.000000 0.000000
64.000000 26.000000 0.000000 0.000000 0.000000
64.000000 27.000000 0.000000 0.000000 0.000000
64.000000 28.000000 0.000000 0.000000 0.000000
64.000000 29.000000 0.000000 0.000000 0.000000
64.000000 30.000000 0.000000 0.000000 0.000000
64.000000 31.000000 0.000000 0.000000 0.000000
64.000000 32.000000 0.000000 0.000000 0.000000
64.000000 33.000000 0.000000 0.000000 0.000000
64.000000 34.000000 0.000000 0.000000 0.000000
64.000000 35.000000 0.000000 0.000000 0.000000
64.000000 36.000000 0.000000 0.000000 0.000000
64.000000 37.000000 0.000000 0.000000 0.000000
64.000000 38.000000 0.000000 0.000000 0.000000
64.000000 39.000000 0.000000 0.000000 0.000000
64.000000 40.000000 0.000000 0.000000 0.000000
64.000000 41.000000 0.000000 0.000000 0.000000
64.000000 42.000000 0.000000 0.000000 0.000000
64.000000 43.000000 0.000000 0.000000 0.000000
64.000000 44.000000 0.000000 0.000000 0.000000
64.000000 45.000000 0.000000 0.000000 0.000000
64.000000 46.000000 0.000000 0.000000 0.000000
64.000000 47.000000 0.000000 0.000000 0.000000
64.000000 48.000000 0.000000 0.000000 0.000000
64.000000 49.000000 0.000000 0.000000 0.000000
65.000000 0.000000 0.000000 0.000000 0.000000
65.000000 1.000000 1.000000 0.333333 1.000000
65.000000 2.000000 1.000000 1.000000 1.000000
65.000000 3.000000 0.000000 0.666667 1.000000
65.000000 4.000000 0.000000 0.000000 0.000000
65.000000 5.000000 0.000000 0.000000 0.000000
65.000000 6.000000 0.000000 0.000000 0.000000
65.000000 7.000000 0.000000 0.000000 0.000000
65.000000 8.000000 0.000000 0.000000 0.000000
65.000000 9.000000 0.000000 0.000000 0.000000
65.000000 10.000000 0.000000 0.000000 0.000000
65.000000 11.000000 0.000000 0.000000 0.000000
65.000000 12.000000 0.000000 0.000000 0.000000
65.000000 13.000000 0.000000 0.000000 0.000000
65.000000 14.000000 0.000000 0.000000 0.000000
65.000000 15.000000 0.000000 0.000000 0.000000
65.000000 16.000000 0.000000 0.000000 0.000000
65.000000 17.000000 0.000000 0.000000 0.000000
65.000000 18.000000 0.000000 0.000000 0.000000
65.000000 19.000000 0.000000 0.000000 0.000000
65.000000 20.000000 0.000000 0.000000 0.000000
65.000000 21.000000 0.000000 0.000000 0.000000
65.000000 22.000000 0.000000 0.000000 0.000000
65.000000 23.000000 0.000000 0.000000 0.000000
65.000000 24.000000 0.000000 0.000000 0.000000
65.000000 25.000000 0.000000 0.000000 0.000000
65.000000 26.000000 0.000000 0.000000 0.000000
65.000000 27.000000 0.000000 0.000000 0.000000
65.000000 28.000000 0.000000 0.000000 0.000000
65.000000 29.000000 0.000000 0.000000 0.000000
65.000000 30.000000 0.000000 0.000000 0.000000
65.000000 31.000000 0.000000 0.000000 0.000000
65.000000 32.000000 0.000000 0.000000 0.000000
65.000000 33.000000 0.000000 0.000000 0.000000
65.000000 34.000000 0.000000 0.000000 0.000000
65.000000 35.000000 0.000000 0.000000 0.000000
65.000000 36.000000 0.000000 0.000000 0.000000
65.000000 37.000000 0.000000 0.000000 0.000000
65.000000 38.000000 0.000000 0.000000 0.000000
65.000000 39.000000 0.000000 0.000000 0.000000
65.000000 40.000000 0.000000 0.000000 0.000000
65.000000 41.000000 0.000000 0.000000 0.000000
65.000000 42.000000 0.000000 0.000000 0.000000
65.000000 43.000000 0.000000 0.000000 0.000000
65.000000 44.000000 0.000000 0.000000 0.000000
65.000000 45.000000 0.000000 0.000000 0.000000
65.000000 46.000000 0.000000 0.000000 0.000000
65.000000 47.000000 0.000000 0.000000 0.000000
65.000000 48.000000 0.000000 0.000000 0.000000
65.000000 49.000000 0.000000 0.000000 0.000000
66.000000 0.000000 0.000000 0.000000 0.000000
66.000000 1.000000 54.000000 38.000000 54.000000
66.000000 2.000000 144.000000 106.000000 144.000000
66.000000 3.000000 276.000000 220.333328 276.000000
66.000000 4.000000 366.000000 337.666656 366.000000
66.000000 5.000000 425.000000 391.000000 425.000000
66.000000 6.000000 549.000000 494.666656 549.000000
66.000000 7.000000 546.000000 549.666687 570.000000
66.000000 8.000000 591.000000 576.666687 603.000000
66.000000 9.000000 503.000000 532.666687 553.000000
66.000000 10.000000 423.000000 439.666656 450.000000
66.000000 11.000000 369.000000 385.333344 397.000000
66.000000 12.000000 265.000000 294.000000 319.000000
66.000000 13.000000 190.000000 211.333328 228.000000
66.000000 14.000000 135.000000 148.333328 159.000000
66.000000 15.000000 88.000000 101.333336 120.000000
66.000000 16.000000 56.000000 65.000000 74.000000
66.000000 17.000000 29.000000 37.666668 46.000000
66.000000 18.000000 8.000000 13.000000 19.000000
66.000000 19.000000 3.000000 4.666667 7.000000
66.000000 20.000000 2.000000 2.666667 3.000000
66.000000 21.000000 0.000000 0.333333 1.000000
66.000000 22.000000 0.000000 0.000000 0.000000
66.000000 23.000000 0.000000 0.000000 0.000000
66.000000 24.000000 0.000000 0.000000 0.000000
66.000000 25.000000 0.000000 0.000000 0.000000
66.000000 26.000000 0.000000 0.000000 0.000000
66.000000 27.000000 0.000000 0.000000 0.000000
66.000000 28.000000 0.000000 0.000000 0.000000
66.000000 29.000000 0.000000 0.000000 0.000000
66.000000 30.000000 0.000000 0.000000 0.000000
66.000000 31.000000 0.000000 0.000000 0.000000
66.000000 32.000000 0.000000 0.000000 0.000000
66.000000 33.000000 0.000000 0.000000 0.000000
66.000000 34.000000 0.000000 0.000000 0.000000
66.000000 35.000000 0.000000 0.000000 0.000000
66.000000 36.000000 0.000000 0.000000 0.000000
66.000000 37.000000 0.000000 0.000000 0.000000
66.000000 38.000000 0.000000 0.000000 0.000000
66.000000 39.000000 0.000000 0.000000 0.000000
66.000000 40.000000 0.000000 0.000000 0.000000
66.000000 41.000000 0.000000 0.000000 0.000000
66.000000 42.000000 0.000000 0.000000 0.000000
66.000000 43.000000 0.000000 0.000000 0.000000
66.000000 44.000000 0.000000 0.000000 0.000000
66.000000 45.000000 0.000000 0.000000 0.000000
66.000000 46.000000 0.000000 0.000000 0.000000
66.000000 47.000000 0.000000 0.000000 0.000000
66.000000 48.000000 0.000000 0.000000 0.000000
66.000000 49.000000 0.000000 0.000000 0.000000
67.000000 0.000000 0.000000 0.000000 0.000000
67.000000 1.000000 0.000000 0.000000 0.000000
67.000000 2.000000 0.000000 0.000000 0.000000
67.000000 3.000000 0.000000 0.000000 0.000000
67.000000 4.000000 0.000000 0.000000 0.000000
67.000000 5.000000 0.000000 0.000000 0.000000
67.000000 6.000000 0.000000 0.000000 0.000000
67.000000 7.000000 0.000000 0.000000 0.000000
67.000000 8.000000 0.000000 0.000000 0.000000
67.000000 9.000000 0.000000 0.000000 0.000000
67.000000 10.000000 0.000000 0.000000 0.000000
67.000000 11.000000 0.000000 0.000000 0.000000
67.000000 12.000000 0.000000 0.000000 0.000000
67.000000 13.000000 0.000000 0.000000 0.000000
67.000000 14.000000 0.000000 0.000000 0.000000
67.000000 15.000000 0.000000 0.000000 0.000000
67.000000 16.000000 0.000000 0.000000 0.000000
67.000000 17.000000 0.000000 0.000000 0.000000
67.000000 18.000000 0.000000 0.000000 0.000000
67.000000 19.000000 0.000000 0.000000 0.000000
67.000000 20.000000 0.000000 0.000000 0.000000
67.000000 21.000000 0.000000 0.000000 0.000000
67.000000 22.000000 0.000000 0.000000 0.000000
67.000000 23.000000 0.000000 0.000000 0.000000
67.000000 24.000000 0.000000 0.000000 0.000000
67.000000 25.000000 0.000000 0.000000 0.000000
67.000000 26.000000 0.000000 0.000000 0.000000
67.000000 27.000000 0.000000 0.000000 0.000000
67.000000 28.000000 0.000000 0.000000 0.000000
67.000000 29.000000 0.000000 0.000000 0.000000
67.000000 30.000000 0.000000 0.000000 0.000000
67.000000 31.000000 0.000000 0.000000 0.000000
67.000000 32.000000 0.000000 0.000000 0.000000
67.000000 33.000000 0.000000 0.000000 0.000000
67.000000 34.000000 0.000000 0.000000 0.000000
67.000000 35.000000 0.000000 0.000000 0.000000
67.000000 36.000000 0.000000 0.000000 0.000000
67.000000 37.000000 0.000000 0.000000 0.000000
67.000000 38.000000 0.000000 0.000000 0.000000
67.000000 39.000000 0.000000 0.000000 0.000000
67.000000 40.000000 0.000000 0.000000 0.000000
67.000000 41.000000 0.000000 0.000000 0.000000
67.000000 42.000000 0.000000 0.000000 0.000000
67.000000 43.000000 0.000000 0.000000 0.000000
67.000000 44.000000 0.000000 0.000000 0.000000
67.000000 45.000000 0.000000 0.000000 0.000000
67.000000 46.000000 0.000000 0.000000 0.000000
67.000000 47.000000 0.000000 0.000000 0.000000
67.000000 48.000000 0.000000 0.000000 0.000000
67.000000 49.000000 0.000000 0.000000 0.000000
68.000000 0.000000 0.000000 0.000000 0.000000
68.000000 1.000000 1.000000 0.666667 1.000000
68.000000 2.000000 1.000000 1.000000 1.000000
68.000000 3.000000 0.000000 0.333333 1.000000
68.000000 4.000000 0.000000 0.000000 0.000000
68.000000 5.000000 0.000000 0.000000 0.000000
68.000000 6.000000 0.000000 0.000000 0.000000
68.000000 7.000000 0.000000 0.000000 0.000000
68.000000 8.000000 0.000000 0.000000 0.000000
68.000000 9.000000 0.000000 0.000000 0.000000
68.000000 10.000000 0.000000 0.000000 0.000000
68.000000 11.000000 0.000000 0.000000 0.000000
68.000000 12.000000 0.000000 0.000000 0.000000
68.000000 13.000000 0.000000 0.000000 0.000000
68.000000 14.000000 0.000000 0.000000 0.000000
68.000000 15.000000 0.000000 0.000000 0.000000
68.000000 16.000000 0.000000 0.000000 0.000000
68.000000 17.000000 0.000000 0.000000 0.000000
68.000000 18.000000 0.000000 0.000000 0.000000
68.000000 19.000000 0.000000 0.000000 0.000000
68.000000 20.000000 0.000000 0.000000 0.000000
68.000000 21.000000 0.000000 0.000000 0.000000
68.000000 22.000000 0.000000 0.000000 0.000000
68.000000 23.000000 0.000000 0.000000 0.000000
68.000000 24.000000 0.000000 0.000000 0.000000
68.000000 25.000000 0.000000 0.000000 0.000000
68.000000 26.000000 0.000000 0.000000 0.000000
68.000000 27.000000 0.000000 0.000000 0.000000
68.000000 28.000000 0.000000 0.000000 0.000000
68.000000 29.000000 0.000000 0.000000 0.000000
68.000000 30.000000 0.000000 0.000000 0.000000
68.000000 31.000000 0.000000 0.000000 0.000000
68.000000 32.000000 0.000000 0.000000 0.000000
68.000000 33.000000 0.000000 0.000000 0.000000
68.000000 34.000000 0.000000 0.000000 0.000000
68.000000 35.000000 0.000000 0.000000 0.000000
68.000000 36.000000 0.000000 0.000000 0.000000
68.000000 37.000000 0.000000 0.000000 0.000000
68.000000 38.000000 0.000000 0.000000 0.000000
68.000000 39.000000 0.000000 0.000000 0.000000
68.000000 40.000000 0.000000 0.000000 0.000000
68.000000 41.000000 0.000000 0.000000 0.000000
68.000000 42.000000 0.000000 0.000000 0.000000
68.000000 43.000000 0.000000 0.000000 0.000000
68.000000 44.000000 0.000000 0.000000 0.000000
68.000000 45.000000 0.000000 0.000000 0.000000
68.000000 46.000000 0.000000 0.000000 0.000000
68.000000 47.000000 0.000000 0.000000 0.000000
68.000000 48.000000 0.000000 0.000000 0.000000
68.000000 49.000000 0.000000 0.000000 0.000000
69.000000 0.000000 1.000000 0.666667 1.000000
69.000000 1.000000 1.000000 1.000000 1.000000
69.000000 2.000000 0.000000 0.333333 1.000000
69.000000 3.000000 0.000000 0.000000 0.000000
69.000000 4.000000 0.000000 0.000000 0.000000
69.000000 5.000000 0.000000 0.000000 0.000000
69.000000 6.000000 0.000000 0.000000 0.000000
69.000000 7.000000 0.000000 0.000000 0.000000
69.000000 8.000000 0.000000 0.000000 0.000000
69.000000 9.000000 0.000000 0.000000 0.000000
69.000000 10.000000 0.000000 0.000000 0.000000
69.000000 11.000000 0.000000 0.000000 0.000000
69.000000 12.000000 0.000000 0.000000 0.000000
69.000000 13.000000 0.000000 0.000000 0.000000
69.000000 14.000000 0.000000 0.000000 0.000000
69.000000 15.000000 0.000000 0.000000 0.000000
69.000000 16.000000 0.000000 0.000000 0.000000
69.000000 17.000000 0.000000 0.000000 0.000000
69.000000 18.000000 0.000000 0.000000 0.000000
69.000000 19.000000 0.000000 0.000000 0.000000
69.000000 20.000000 0.000000 0.000000 0.000000
69.000000 21.000000 0.000000 0.000000 0.000000
69.000000 22.000000 0.000000 0.000000 0.000000
69.000000 23.000000 0.000000 0.000000 0.000000
69.000000 24.000000 0.000000 0.000000 0.000000
69.000000 25.000000 0.000000 0.000000 0.000000
69.000000 26.000000 0.000000 0.000000 0.000000
69.000000 27.000000 0.000000 0.000000 0.000000
69.000000 28.000000 0.000000 0.000000 0.000000
69.000000 29.000000 0.000000 0.000000 0.000000
69.000000 30.000000 0.000000 0.000000 0.000000
69.000000 31.000000 0.000000 0.000000 0.000000
69.000000 32.000000 0.000000 0.000000 0.000000
69.000000 33.000000 0.000000 0.000000 0.000000
69.000000 34.000000 0.000000 0.000000 0.000000
69.000000 35.000000 0.000000 0.000000 0.000000
69.000000 36.000000 0.000000 0.000000 0.000000
69.000000 37.000000 0.000000 0.000000 0.000000
69.000000 38.000000 0.000000 0.000000 0.000000
69.000000 39.000000 0.000000 0.000000 0.000000
69.000000 40.000000 0.000000 0.000000 0.000000
69.000000 41.000000 0.000000 0.000000 0.000000
69.000000 42.000000 0.000000 0.000000 0.000000
69.000000 43.000000 0.000000 0.000000 0.000000
69.000000 44.000000 0.000000 0.000000 0.000000
69.000000 45.000000 0.000000 0.000000 0.000000
69.000000 46.000000 0.000000 0.000000 0.000000
69.000000 47.000000 0.000000 0.000000 0.000000
69.000000 48.000000 0.000000 0.000000 0.000000
69.000000 49.000000 0.000000 0.000000 0.000000
70.000000 0.000000 1.000000 0.666667 1.000000
70.000000 1.000000 0.000000 0.333333 1.000000
70.000000 2.000000 0.000000 0.000000 0.000000
70.000000 3.000000 0.000000 0.000000 0.000000
70.000000 4.000000 0.000000 0.000000 0.000000
70.000000 5.000000 0.000000 0.000000 0.000000
70.000000 6.000000 0.000000 0.000000 0.000000
70.000000 7.000000 0.000000 0.000000 0.000000
70.000000 8.000000 0.000000 0.000000 0.000000
70.000000 9.000000 0.000000 0.000000 0.000000
70.000000 10.000000 0.000000 0.000000 0.000000
70.000000 11.000000 0.000000 0.000000 0.000000
70.000000 12.000000 0.000000 0.000000 0.000000
70.000000 13.000000 0.000000 0.000000 0.000000
70.000000 14.000000 0.000000 0.000000 0.000000
70.000000 15.000000 0.000000 0.000000 0.000000
70.000000 16.000000 0.000000 0.000000 0.000000
70.000000 17.000000 0.000000 0.000000 0.000000
70.000000 18.000000 0.000000 0.000000 0.000000
70.000000 19.000000 0.000000 0.000000 0.000000
70.000000 20.000000 0.000000 0.000000 0.000000
70.000000 21.000000 0.000000 0.000000 0.000000
70.000000 22.000000 0.000000 0.000000 0.000000
70.000000 23.000000 0.000000 0.000000 0.000000
70.000000 24.000000 0.000000 0.000000 0.000000
70.000000 25.000000 0.000000 0.000000 0.000000
70.000000 26.000000 0.000000 0.000000 0.000000
70.000000 27.000000 0.000000 0.000000 0.000000
70.000000 28.000000 0.000000 0.000000 0.000000
70.000000 29.000000 0.000000 0.000000 0.000000
70.000000 30.000000 0.000000 0.000000 0.000000
70.000000 31.000000 0.000000 0.000000 0.000000
70.000000 32.000000 0.000000 0.000000 0.000000
70.000000 33.000000 0.000000 0.000000 0.000000
70.000000 34.000000 0.000000 0.000000 0.000000
70.000000 35.000000 0.000000 0.000000 0.000000
70.000000 36.000000 0.000000 0.000000 0.000000
70.000000 37.000000 0.000000 0.000000 0.000000
70.000000 38.000000 0.000000 0.000000 0.000000
70.000000 39.000000 0.000000 0.000000 0.000000
70.000000 40.000000 0.000000 0.000000 0.000000
70.000000 41.000000 0.000000 0.000000 0.000000
70.000000 42.000000 0.000000 0.000000 0.000000
70.000000 43.000000 0.000000 0.000000 0.000000
70.000000 44.000000 0.000000 0.000000 0.000000
70.000000 45.000000 0.000000 0.000000 0.000000
70.000000 46.000000 0.000000 0.000000 0.000000
70.000000 47.000000 0.000000 0.000000 0.000000
70.000000 48.000000 0.000000 0.000000 0.000000
70.000000 49.000000 0.000000 0.000000 0.000000
71.000000 0.000000 1.000000 0.666667 1.000000
71.000000 1.000000 0.000000 0.666667 1.000000
71.000000 2.000000 0.000000 0.000000 0.000000
71.000000 3.000000 0.000000 0.000000 0.000000
71.000000 4.000000 0.000000 0.000000 0.000000
71.000000 5.000000 0.000000 0.000000 0.000000
71.000000 6.000000 0.000000 0.000000 0.000000
71.000000 7.000000 0.000000 0.000000 0.000000
71.000000 8.000000 0.000000 0.000000 0.000000
71.000000 9.000000 0.000000 0.000000 0.000000
71.000000 10.000000 0.000000 0.000000 0.000000
71.000000 11.000000 0.000000 0.000000 0.000000
71.000000 12.000000 0.000000 0.000000 0.000000
71.000000 13.000000 0.000000 0.000000 0.000000
71.000000 14.000000 0.000000 0.000000 0.000000
71.000000 15.000000 0.000000 0.000000 0.000000
71.000000 16.000000 0.000000 0.000000 0.000000
71.000000 17.000000 0.000000 0.000000 0.000000
71.000000 18.000000 0.000000 0.000000 0.000000
71.000000 19.000000 0.000000 0.000000 0.000000
71.000000 20.000000 0.000000 0.000000 0.000000
71.000000 21.000000 0.000000 0.000000 0.000000
71.000000 22.000000 0.000000 0.000000 0.000000
71.000000 23.000000 0.000000 0.000000 0.000000
71.000000 24.000000 0.000000 0.000000 0.000000
71.000000 25.000000 0.000000 0.000000 0.000000
71.000000 26.000000 0.000000 0.000000 0.000000
71.000000 27.000000 0.000000 0.000000 0.000000
71.000000 28.000000 0.000000 0.000000 0.000000
71.000000 29.000000 0.000000 0.000000 0.000000
71.000000 30.000000 0.000000 0.000000 0.000000
71.000000 31.000000 0.000000 0.000000 0.000000
71.000000 32.000000 0.000000 0.000000 0.000000
71.000000 33.000000 0.000000 0.000000 0.000000
71.000000 34.000000 0.000000 0.000000 0.000000
71.000000 35.000000 0.000000 0.000000 0.000000
71.000000 36.000000 0.000000 0.000000 0.000000
71.000000 37.000000 0.000000 0.000000 0.000000
71.000000 38.000000 0.000000 0.000000 0.000000
71.000000 39.000000 0.000000 0.000000 0.000000
71.000000 40.000000 0.000000 0.000000 0.000000
71.000000 41.000000 0.000000 0.000000 0.000000
71.000000 42.000000 0.000000 0.000000 0.000000
71.000000 43.000000 0.000000 0.000000 0.000000
71.000000 44.000000 0.000000 0.000000 0.000000
71.000000 45.000000 0.000000 0.000000 0.000000
71.000000 46.000000 0.000000 0.000000 0.000000
71.000000 47.000000 0.000000 0.000000 0.000000
71.000000 48.000000 0.000000 0.000000 0.000000
71.000000 49.000000 0.000000 0.000000 0.000000
72.000000 0.000000 0.000000 0.000000 0.000000
72.000000 1.000000 0.000000 0.000000 0.000000
72.000000 2.000000 0.000000 0.000000 0.000000
72.000000 3.000000 0.000000 0.000000 0.000000
72.000000 4.000000 0.000000 0.000000 0.000000
72.000000 5.000000 0.000000 0.000000 0.000000
72.000000 6.000000 0.000000 0.000000 0.000000
72.000000 7.000000 0.000000 0.000000 0.000000
72.000000 8.000000 0.000000 0.000000 0.000000
72.000000 9.000000 0.000000 0.000000 0.000000
72.000000 10.000000 0.000000 0.000000 0.000000
72.000000 11.000000 0.000000 0.000000 0.000000
72.000000 12.000000 0.000000 0.000000 0.000000
72.000000 13.000000 0.000000 0.000000 0.000000
72.000000 14.000000 0.000000 0.000000 0.000000
72.000000 15.000000 0.000000 0.000000 0.000000
72.000000 16.000000 0.000000 0.000000 0.000000
72.000000 17.000000 0.000000 0.000000 0.000000
72.000000 18.000000 0.000000 0.000000 0.000000
72.000000 19.000000 0.000000 0.000000 0.000000
72.000000 20.000000 0.000000 0.000000 0.000000
72.000000 21.000000 0.000000 0.000000 0.000000
72.000000 22.000000 0.000000 0.000000 0.000000
72.000000 23.000000 0.000000 0.000000 0.000000
72.000000 24.000000 0.000000 0.000000 0.000000
72.000000 25.000000 0.000000 0.000000 0.000000
72.000000 26.000000 0.000000 0.000000 0.000000
72.000000 27.000000 0.000000 0.000000 0.000000
72.000000 28.000000 0.000000 0.000000 0.000000
72.000000 29.000000 0.000000 0.000000 0.000000
72.000000 30.000000 0.000000 0.000000 0.000000
72.000000 31.000000 0.000000 0.000000 0.000000
72.000000 32.000000 0.000000 0.000000 0.000000
72.000000 33.000000 0.000000 0.000000 0.000000
72.000000 34.000000 0.000000 0.000000 0.000000
72.000000 35.000000 0.000000 0.000000 0.000000
72.000000 36.000000 0.000000 0.000000 0.000000
72.000000 37.000000 0.000000 0.000000 0.000000
72.000000 38.000000 0.000000 0.000000 0.000000
72.000000 39.000000 0.000000 0.000000 0.000000
72.000000 40.000000 0.000000 0.000000 0.000000
72.000000 41.000000 0.000000 0.000000 0.000000
72.000000 42.000000 0.000000 0.000000 0.000000
72.000000 43.000000 0.000000 0.000000 0.000000
72.000000 44.000000 0.000000 0.000000 0.000000
72.000000 45.000000 0.000000 0.000000 0.000000
72.000000 46.000000 0.000000 0.000000 0.000000
72.000000 47.000000 0.000000 0.000000 0.000000
72.000000 48.000000 0.000000 0.000000 0.000000
72.000000 49.000000 0.000000 0.000000 0.000000
73.000000 0.000000 1.000000 0.666667 1.000000
73.000000 1.000000 0.000000 0.666667 1.000000
73.000000 2.000000 0.000000 0.000000 0.000000
73.000000 3.000000 0.000000 0.000000 0.000000
73.000000 4.000000 0.000000 0.000000 0.000000
73.000000 5.000000 0.000000 0.000000 0.000000
73.000000 6.000000 0.000000 0.000000 0.000000
73.000000 7.000000 0.000000 0.000000 0.000000
73.000000 8.000000 0.000000 0.000000 0.000000
73.000000 9.000000 0.000000 0.000000 0.000000
73.000000 10.000000 0.000000 0.000000 0.000000
73.000000 11.000000 0.000000 0.000000 0.000000
73.000000 12.000000 0.000000 0.000000 0.000000
73.000000 13.000000 0.000000 0.000000 0.000000
73.000000 14.000000 0.000000 0.000000 0.000000
73.000000 15.000000 0.000000 0.000000 0.000000
73.000000 16.000000 0.000000 0.000000 0.000000
73.000000 17.000000 0.000000 0.000000 0.000000
73.000000 18.000000 0.000000 0.000000 0.000000
73.000000 19.000000 0.000000 0.000000 0.000000
73.000000 20.000000 0.000000 0.000000 0.000000
73.000000 21.000000 0.000000 0.000000 0.000000
73.000000 22.000000 0.000000 0.000000 0.000000
73.000000 23.000000 0.000000 0.000000 0.000000
73.000000 24.000000 0.000000 0.000000 0.000000
73.000000 25.000000 0.000000 0.000000 0.000000
73.000000 26.000000 0.000000 0.000000 0.000000
73.000000 27.000000 0.000000 0.000000 0.000000
73.000000 28.000000 0.000000 0.000000 0.000000
73.000000 29.000000 0.000000 0.000000 0.000000
73.000000 30.000000 0.000000 0.000000 0.000000
73.000000 31.000000 0.000000 0.000000 0.000000
73.000000 32.000000 0.000000 0.000000 0.000000
73.000000 33.000000 0.000000 0.000000 0.000000
73.000000 34.000000 0.000000 0.000000 0.000000
73.000000 35.000000 0.000000 0.000000 0.000000
73.000000 36.000000 0.000000 0.000000 0.000000
73.000000 37.000000 0.000000 0.000000 0.000000
73.000000 38.000000 0.000000 0.000000 0.000000
73.000000 39.000000 0.000000 0.000000 0.000000
73.000000 40.000000 0.000000 0.000000 0.000000
73.000000 41.000000 0.000000 0.000000 0.000000
73.000000 42.000000 0.000000 0.000000 0.000000
73.000000 43.000000 0.000000 0.000000 0.000000
73.000000 44.000000 0.000000 0.000000 0.000000
73.000000 45.000000 0.000000 0.000000 0.000000
73.000000 46.000000 0.000000 0.000000 0.000000
73.000000 47.000000 0.000000 0.000000 0.000000
73.000000 48.000000 0.000000 0.000000 0.000000
73.000000 49.000000 0.000000 0.000000 0.000000
74.000000 0.000000 1.000000 0.666667 1.000000
74.000000 1.000000 1.000000 1.000000 1.000000
74.000000 2.000000 0.000000 0.000000 0.000000
74.000000 3.000000 0.000000 0.000000 0.000000
74.000000 4.000000 0.000000 0.000000 0.000000
74.000000 5.000000 0.000000 0.000000 0.000000
74.000000 6.000000 0.000000 0.000000 0.000000
74.000000 7.000000 0.000000 0.000000 0.000000
74.000000 8.000000 0.000000 0.000000 0.000000
74.000000 9.000000 0.000000 0.000000 0.000000
74.000000 10.000000 0.000000 0.000000 0.000000
74.000000 11.000000 0.000000 0.000000 0.000000
74.000000 12.000000 0.000000 0.000000 0.000000
74.000000 13.000000 0.000000 0.000000 0.000000
74.000000 14.000000 0.000000 0.000000 0.000000
74.000000 15.000000 0.000000 0.000000 0.000000
74.000000 16.000000 0.000000 0.000000 0.000000
74.000000 17.000000 0.000000 0.000000 0.000000
74.000000 18.000000 0.000000 0.000000 0.000000
74.000000 19.000000 0.000000 0.000000 0.000000
74.000000 20.000000 0.000000 0.000000 0.000000
74.000000 21.000000 0.000000 0.000000 0.000000
74.000000 22.000000 0.000000 0.000000 0.000000
74.000000 23.000000 0.000000 0.000000 0.000000
74.000000 24.000000 0.000000 0.000000 0.000000
74.000000 25.000000 0.000000 0.000000 0.000000
74.000000 26.000000 0.000000 0.000000 0.000000
74.000000 27.000000 0.000000 0.000000 0.000000
74.000000 28.000000 0.000000 0.000000 0.000000
74.000000 29.000000 0.000000 0.000000 0.000000
74.000000 30.000000 0.000000 0.000000 0.000000
74.000000 31.000000 0.000000 0.000000 0.000000
74.000000 32.000000 0.000000 0.000000 0.000000
74.000000 33.000000 0.000000 0.000000 0.000000
74.000000 34.000000 0.000000 0.000000 0.000000
74.000000 35.000000 0.000000 0.000000 0.000000
74.000000 36.000000 0.000000 0.000000 0.000000
74.000000 37.000000 0.000000 0.000000 0.000000
74.000000 38.000000 0.000000 0.000000 0.000000
74.000000 39.000000 0.000000 0.000000 0.000000
74.000000 40.000000 0.000000 0.000000 0.000000
74.000000 41.000000 0.000000 0.000000 0.000000
74.000000 42.000000 0.000000 0.000000 0.000000
74.000000 43.000000 0.000000 0.000000 0.000000
74.000000 44.000000 0.000000 0.000000 0.000000
74.000000 45.000000 0.000000 0.000000 0.000000
74.000000 46.000000 0.000000 0.000000 0.000000
74.000000 47.000000 0.000000 0.000000 0.000000
74.000000 48.000000 0.000000 0.000000 0.000000
74.000000 49.000000 0.000000 0.000000 0.000000
75.000000 0.000000 1.000000 0.666667 1.000000
75.000000 1.000000 0.000000 0.666667 1.000000
75.000000 2.000000 0.000000 0.000000 0.000000
75.000000 3.000000 0.000000 0.000000 0.000000
75.000000 4.000000 0.000000 0.000000 0.000000
75.000000 5.000000 0.000000 0.000000 0.000000
75.000000 6.000000 0.000000 0.000000 0.000000
75.000000 7.000000 0.000000 0.000000 0.000000
75.000000 8.000000 0.000000 0.000000 0.000000
75.000000 9.000000 0.000000 0.000000 0.000000
75.000000 10.000000 0.000000 0.000000 0.000000
75.000000 11.000000 0.000000 0.000000 0.000000
75.000000 12.000000 0.000000 0.000000 0.000000
75.000000 13.000000 0.000000 0.000000 0.000000
75.000000 14.000000 0.000000 0.000000 0.000000
75.000000 15.000000 0.000000 0.000000 0.000000
75.000000 16.000000 0.000000 0.000000 0.000000
75.000000 17.000000 0.000000 0.000000 0.000000
75.000000 18.000000 0.000000 0.000000 0.000000
75.000000 19.000000 0.000000 0.000000 0.000000
75.000000 20.000000 0.000000 0.000000 0.000000
75.000000 21.000000 0.000000 0.000000 0.000000
75.000000 22.000000 0.000000 0.000000 0.000000
75.000000 23.000000 0.000000 0.000000 0.000000
75.000000 24.000000 0.000000 0.000000 0.000000
75.000000 25.000000 0.000000 0.000000 0.000000
75.000000 26.000000 0.000000 0.000000 0.000000
75.000000 27.000000 0.000000 0.000000 0.000000
75.000000 28.000000 0.000000 0.000000 0.000000
75.000000 29.000000 0.000000 0.000000 0.000000
75.000000 30.000000 0.000000 0.000000 0.000000
75.000000 31.000000 0.000000 0.000000 0.000000
75.000000 32.000000 0.000000 0.000000 0.000000
75.000000 33.000000 0.000000 0.000000 0.000000
75.000000 34.000000 0.000000 0.000000 0.000000
75.000000 35.000000 0.000000 0.000000 0.000000
75.000000 36.000000 0.000000 0.000000 0.000000
75.000000 37.000000 0.000000 0.000000 0.000000
75.000000 38.000000 0.000000 0.000000 0.000000
75.000000 39.000000 0.000000 0.000000 0.000000
75.000000 40.000000 0.000000 0.000000 0.000000
75.000000 41.000000 0.000000 0.000000 0.000000
75.000000 42.000000 0.000000 0.000000 0.000000
75.000000 43.000000 0.000000 0.000000 0.000000
75.000000 44.000000 0.000000 0.000000 0.000000
75.000000 45.000000 0.000000 0.000000 0.000000
75.000000 46.000000 0.000000 0.000000 0.000000
75.000000 47.000000 0.000000 0.000000 0.000000
75.000000 48.000000 0.000000 0.000000 0.000000
75.000000 49.000000 0.000000 0.000000 0.000000
76.000000 0.000000 0.000000 0.000000 0.000000
76.000000 1.000000 0.000000 0.000000 0.000000
76.000000 2.000000 1.000000 0.666667 1.000000
76.000000 3.000000 0.000000 0.000000 0.000000
76.000000 4.000000 0.000000 0.000000 0.000000
76.000000 5.000000 0.000000 0.000000 0.000000
76.000000 6.000000 0.000000 0.000000 0.000000
76.000000 7.000000 0.000000 0.000000 0.000000
76.000000 8.000000 0.000000 0.000000 0.000000
76.000000 9.000000 0.000000 0.000000 0.000000
76.000000 10.000000 0.000000 0.000000 0.000000
76.000000 11.000000 0.000000 0.000000 0.000000
76.000000 12.000000 0.000000 0.000000 0.000000
76.000000 13.000000 0.000000 0.000000 0.000000
76.000000 14.000000 0.000000 0.000000 0.000000
76.000000 15.000000 0.000000 0.000000 0.000000
76.000000 16.000000 0.000000 0.000000 0.000000
76.000000 17.000000 0.000000 0.000000 0.000000
76.000000 18.000000 0.000000 0.000000 0.000000
76.000000 19.000000 0.000000 0.000000 0.000000
76.000000 20.000000 0.000000 0.000000 0.000000
76.000000 21.000000 0.000000 0.000000 0.000000
76.000000 22.000000 0.000000 0.000000 0.000000
76.000000 23.000000 0.000000 0.000000 0.000000
76.000000 24.000000 0.000000 0.000000 0.000000
76.000000 25.000000 0.000000 0.000000 0.000000
76.000000 26.000000 0.000000 0.000000 0.000000
76.000000 27.000000 0.000000 0.000000 0.000000
76.000000 28.000000 0.000000 0.000000 0.000000
76.000000 29.000000 0.000000 0.000000 0.000000
76.000000 30.000000 0.000000 0.000000 0.000000
76.000000 31.000000 0.000000 0.000000 0.000000
76.000000 32.000000 0.000000 0.000000 0.000000
76.000000 33.000000 0.000000 0.000000 0.000000
76.000000 34.000000 0.000000 0.000000 0.000000
76.000000 35.000000 0.000000 0.000000 0.000000
76.000000 36.000000 0.000000 0.000000 0.000000
76.000000 37.000000 0.000000 0.000000 0.000000
76.000000 38.000000 0.000000 0.000000 0.000000
76.000000 39.000000 0.000000 0.000000 0.000000
76.000000 40.000000 0.000000 0.000000 0.000000
76.000000 41.000000 0.000000 0.000000 0.000000
76.000000 42.000000 0.000000 0.000000 0.000000
76.000000 43.000000 0.000000 0.000000 0.000000
76.000000 44.000000 0.000000 0.000000 0.000000
76.000000 45.000000 0.000000 0.000000 0.000000
76.000000 46.000000 0.000000 0.000000 0.000000
76.000000 47.000000 0.000000 0.000000 0.000000
76.000000 48.000000 0.000000 0.000000 0.000000
76.000000 49.000000 0.000000 0.000000 0.000000
77.000000 0.000000 0.000000 0.000000 0.000000
77.000000 1.000000 1.000000 0.666667 1.000000
77.000000 2.000000 0.000000 0.666667 1.000000
77.000000 3.000000 0.000000 0.000000 0.000000
77.000000 4.000000 0.000000 0.000000 0.000000
77.000000 5.000000 0.000000 0.000000 0.000000
77.000000 6.000000 0.000000 0.000000 0.000000
77.000000 7.000000 0.000000 0.000000 0.000000
77.000000 8.000000 0.000000 0.000000 0.000000
77.000000 9.000000 0.000000 0.000000 0.000000
77.000000 10.000000 0.000000 0.000000 0.000000
77.000000 11.000000 0.000000 0.000000 0.000000
77.000000 12.000000 0.000000 0.000000 0.000000
77.000000 13.000000 0.000000 0.000000 0.000000
77.000000 14.000000 0.000000 0.000000 0.000000
77.000000 15.000000 0.000000 0.000000 0.000000
77.000000 16.000000 0.000000 0.000000 0.000000
77.000000 17.000000 0.000000 0.000000 0.000000
77.000000 18.000000 0.000000 0.000000 0.000000
77.000000 19.000000 0.000000 0.000000 0.000000
77.000000 20.000000 0.000000 0.000000 0.000000
77.000000 21.000000 0.000000 0.000000 0.000000
77.000000 22.000000 0.000000 0.000000 0.000000
77.000000 23.000000 0.000000 0.000000 0.000000
77.000000 24.000000 0.000000 0.000000 0.000000
77.000000 25.000000 0.000000 0.000000 0.000000
77.000000 26.000000 0.000000 0.000000 0.000000
77.000000 27.000000 0.000000 0.000000 0.000000
77.000000 28.000000 0.000000 0.000000 0.000000
77.000000 29.000000 0.000000 0.000000 0.000000
77.000000 30.000000 0.000000 0.000000 0.000000
77.000000 31.000000 0.000000 0.000000 0.000000
77.000000 32.000000 0.000000 0.000000 0.000000
77.000000 33.000000 0.000000 0.000000 0.000000
77.000000 34.000000 0.000000 0.000000 0.000000
77.000000 35.000000 0.000000 0.000000 0.000000
77.000000 36.000000 0.000000 0.000000 0.000000
77.000000 37.000000 0.000000 0.000000 0.000000
77.000000 38.000000 0.000000 0.000000 0.000000
77.000000 39.000000 0.000000 0.000000 0.000000
77.000000 40.000000 0.000000 0.000000 0.000000
77.000000 41.000000 0.000000 0.000000 0.000000
77.000000 42.000000 0.000000 0.000000 0.000000
77.000000 43.000000 0.000000 0.000000 0.000000
77.000000 44.000000 0.000000 0.000000 0.000000
77.000000 45.000000 0.000000 0.000000 0.000000
77.000000 46.000000 0.000000 0.000000 0.000000
77.000000 47.000000 0.000000 0.000000 0.000000
77.000000 48.000000 0.000000 0.000000 0.000000
77.000000 49.000000 0.000000 0.000000 0.000000
78.000000 0.000000 1.000000 0.666667 1.000000
78.000000 1.000000 0.000000 0.666667 1.000000
78.000000 2.000000 0.000000 0.000000 0.000000
78.000000 3.000000 0.000000 0.000000 0.000000
78.000000 4.000000 0.000000 0.000000 0.000000
78.000000 5.000000 0.000000 0.000000 0.000000
78.000000 6.000000 0.000000 0.000000 0.000000
78.000000 7.000000 0.000000 0.000000 0.000000
78.000000 8.000000 0.000000 0.000000 0.000000
78.000000 9.000000 0.000000 0.000000 0.000000
78.000000 10.000000 0.000000 0.000000 0.000000
78.000000 11.000000 0.000000 0.000000 0.000000
78.000000 12.000000 0.000000 0.000000 0.000000
78.000000 13.000000 0.000000 0.000000 0.000000
78.000000 14.000000 0.000000 0.000000 0.000000
78.000000 15.000000 0.000000 0.000000 0.000000
78.000000 16.000000 0.000000 0.000000 0.000000
78.000000 17.000000 0.000000 0.000000 0.000000
78.000000 18.000000 0.000000 0.000000 0.000000
78.000000 19.000000 0.000000 0.000000 0.000000
78.000000 20.000000 0.000000 0.000000 0.000000
78.000000 21.000000 0.000000 0.000000 0.000000
78.000000 22.000000 0.000000 0.000000 0.000000
78.000000 23.000000 0.000000 0.000000 0.000000
78.000000 24.000000 0.000000 0.000000 0.000000
78.000000 25.000000 0.000000 0.000000 0.000000
78.000000 26.000000 0.000000 0.000000 0.000000
78.000000 27.000000 0.000000 0.000000 0.000000
78.000000 28.000000 0.000000 0.000000 0.000000
78.000000 29.000000 0.000000 0.000000 0.000000
78.000000 30.000000 0.000000 0.000000 0.000000
78.000000 31.000000 0.000000 0.000000 0.000000
78.000000 32.000000 0.000000 0.000000 0.000000
78.000000 33.000000 0.000000 0.000000 0.000000
78.000000 34.000000 0.000000 0.000000 0.000000
78.000000 35.000000 0.000000 0.000000 0.000000
78.000000 36.000000 0.000000 0.000000 0.000000
78.000000 37.000000 0.000000 0.000000 0.000000
78.000000 38.000000 0.000000 0.000000 0.000000
78.000000 39.000000 0.000000 0.000000 0.000000
78.000000 40.000000 0.000000 0.000000 0.000000
78.000000 41.000000 0.000000 0.000000 0.000000
78.000000 42.000000 0.000000 0.000000 0.000000
78.000000 43.000000 0.000000 0.000000 0.000000
78.000000 44.000000 0.000000 0.000000 0.000000
78.000000 45.000000 0.000000 0.000000 0.000000
78.000000 46.000000 0.000000 0.000000 0.000000
78.000000 47.000000 0.000000 0.000000 0.000000
78.000000 48.000000 0.000000 0.000000 0.000000
78.000000 49.000000 0.000000 0.000000 0.000000
79.000000 0.000000 0.000000 0.000000 0.000000
79.000000 1.000000 0.000000 0.000000 0.000000
79.000000 2.000000 0.000000 0.000000 0.000000
79.000000 3.000000 0.000000 0.000000 0.000000
79.000000 4.000000 0.000000 0.000000 0.000000
79.000000 5.000000 0.000000 0.000000 0.000000
79.000000 6.000000 0.000000 0.000000 0.000000
79.000000 7.000000 0.000000 0.000000 0.000000
79.000000 8.000000 0.000000 0.000000 0.000000
79.000000 9.000000 0.000000 0.000000 0.000000
79.000000 10.000000 0.000000 0.000000 0.000000
79.000000 11.000000 0.000000 0.000000 0.000000
79.000000 12.000000 0.000000 0.000000 0.000000
79.000000 13.000000 0.000000 0.000000 0.000000
79.000000 14.000000 0.000000 0.000000 0.000000
79.000000 15.000000 0.000000 0.000000 0.000000
79.000000 16.000000 0.000000 0.000000 0.000000
79.000000 17.000000 0.000000 0.000000 0.000000
79.000000 18.000000 0.000000 0.000000 0.000000
79.000000 19.000000 0.000000 0.000000 0.000000
79.000000 20.000000 0.000000 0.000000 0.000000
79.000000 21.000000 0.000000 0.000000 0.000000
79.000000 22.000000 0.000000 0.000000 0.000000
79.000000 23.000000 0.000000 0.000000 0.000000
79.000000 24.000000 0.000000 0.000000 0.000000
79.000000 25.000000 0.000000 0.000000 0.000000
79.000000 26.000000 0.000000 0.000000 0.000000
79.000000 27.000000 0.000000 0.000000 0.000000
79.000000 28.000000 0.000000 0.000000 0.000000
79.000000 29.000000 0.000000 0.000000 0.000000
79.000000 30.000000 0.000000 0.000000 0.000000
79.000000 31.000000 0.000000 0.000000 0.000000
79.000000 32.000000 0.000000 0.000000 0.000000
79.000000 33.000000 0.000000 0.000000 0.000000
79.000000 34.000000 0.000000 0.000000 0.000000
79.000000 35.000000 0.000000 0.000000 0.000000
79.000000 36.000000 0.000000 0.000000 0.000000
79.000000 37.000000 0.000000 0.000000 0.000000
79.000000 38.000000 0.000000 0.000000 0.000000
79.000000 39.000000 0.000000 0.000000 0.000000
79.000000 40.000000 0.000000 0.000000 0.000000
79.000000 41.000000 0.000000 0.000000 0.000000
79.000000 42.000000 0.000000 0.000000 0.000000
79.000000 43.000000 0.000000 0.000000 0.000000
79.000000 44.000000 0.000000 0.000000 0.000000
79.000000 45.000000 0.000000 0.000000 0.000000
79.000000 46.000000 0.000000 0.000000 0.000000
79.000000 47.000000 0.000000 0.000000 0.000000
79.000000 48.000000 0.000000 0.000000 0.000000
79.000000 49.000000 0.000000 0.000000 0.000000
80.000000 0.000000 0.000000 0.000000 0.000000
80.000000 1.000000 13.000000 7.333333 13.000000
80.000000 2.000000 46.000000 35.000000 46.000000
80.000000 3.000000 209.000000 136.333328 209.000000
80.000000 4.000000 487.000000 389.666656 487.000000
80.000000 5.000000 750.000000 649.333313 750.000000
80.000000 6.000000 851.000000 824.333313 871.000000
80.000000 7.000000 874.000000 863.000000 901.000000
80.000000 8.000000 770.000000 797.666687 819.000000
80.000000 9.000000 563.000000 631.000000 688.000000
80.000000 10.000000 374.000000 427.333344 483.000000
80.000000 11.000000 244.000000 283.000000 322.000000
80.000000 12.000000 161.000000 193.666672 216.000000
80.000000 13.000000 115.000000 129.000000 141.000000
80.000000 14.000000 76.000000 88.666664 103.000000
80.000000 15.000000 64.000000 70.000000 73.000000
80.000000 16.000000 45.000000 51.000000 58.000000
80.000000 17.000000 16.000000 22.333334 32.000000
80.000000 18.000000 9.000000 11.000000 13.000000
80.000000 19.000000 3.000000 4.000000 5.000000
80.000000 20.000000 2.000000 2.000000 2.000000
80.000000 21.000000 0.000000 0.666667 2.000000
80.000000 22.000000 0.000000 0.000000 0.000000
80.000000 23.000000 0.000000 0.000000 0.000000
80.000000 24.000000 0.000000 0.000000 0.000000
80.000000 25.000000 0.000000 0.000000 0.000000
80.000000 26.000000 0.000000 0.000000 0.000000
80.000000 27.000000 0.000000 0.000000 0.000000
80.000000 28.000000 0.000000 0.000000 0.000000
80.000000 29.000000 0.000000 0.000000 0.000000
80.000000 30.000000 0.000000 0.000000 0.000000
80.000000 31.000000 0.000000 0.000000 0.000000
80.000000 32.000000 0.000000 0.000000 0.000000
80.000000 33.000000 0.000000 0.000000 0.000000
80.000000 34.000000 0.000000 0.000000 0.000000
80.000000 35.000000 0.000000 0.000000 0.000000
80.000000 36.000000 0.000000 0.000000 0.000000
80.000000 37.000000 0.000000 0.000000 0.000000
80.000000 38.000000 0.000000 0.000000 0.000000
80.000000 39.000000 0.000000 0.000000 0.000000
80.000000 40.000000 0.000000 0.000000 0.000000
80.000000 41.000000 0.000000 0.000000 0.000000
80.000000 42.000000 0.000000 0.000000 0.000000
80.000000 43.000000 0.000000 0.000000 0.000000
80.000000 44.000000 0.000000 0.000000 0.000000
80.000000 45.000000 0.000000 0.000000 0.000000
80.000000 46.000000 0.000000 0.000000 0.000000
80.000000 47.000000 0.000000 0.000000 0.000000
80.000000 48.000000 0.000000 0.000000 0.000000
80.000000 49.000000 0.000000 0.000000 0.000000
81.000000 0.000000 0.000000 0.000000 0.000000
81.000000 1.000000 0.000000 0.000000 0.000000
81.000000 2.000000 0.000000 0.000000 0.000000
81.000000 3.000000 0.000000 0.000000 0.000000
81.000000 4.000000 0.000000 0.000000 0.000000
81.000000 5.000000 0.000000 0.000000 0.000000
81.000000 6.000000 0.000000 0.000000 0.000000
81.000000 7.000000 0.000000 0.000000 0.000000
81.000000 8.000000 0.000000 0.000000 0.000000
81.000000 9.000000 0.000000 0.000000 0.000000
81.000000 10.000000 0.000000 0.000000 0.000000
81.000000 11.000000 0.000000 0.000000 0.000000
81.000000 12.000000 0.000000 0.000000 0.000000
81.000000 13.000000 0.000000 0.000000 0.000000
81.000000 14.000000 0.000000 0.000000 0.000000
81.000000 15.000000 0.000000 0.000000 0.000000
81.000000 16.000000 0.000000 0.000000 0.000000
81.000000 17.000000 0.000000 0.000000 0.000000
81.000000 18.000000 0.000000 0.000000 0.000000
81.000000 19.000000 0.000000 0.000000 0.000000
81.000000 20.000000 0.000000 0.000000 0.000000
81.000000 21.000000 0.000000 0.000000 0.000000
81.000000 22.000000 0.000000 0.000000 0.000000
81.000000 23.000000 0.000000 0.000000 0.000000
81.000000 24.000000 0.000000 0.000000 0.000000
81.000000 25.000000 0.000000 0.000000 0.000000
81.000000 26.000000 0.000000 0.000000 0.000000
81.000000 27.000000 0.000000 0.000000 0.000000
81.000000 28.000000 0.000000 0.000000 0.000000
81.000000 29.000000 0.000000 0.000000 0.000000
81.000000 30.000000 0.000000 0.000000 0.000000
81.000000 31.000000 0.000000 0.000000 0.000000
81.000000 32.000000 0.000000 0.000000 0.000000
81.000000 33.000000 0.000000 0.000000 0.000000
81.000000 34.000000 0.000000 0.000000 0.000000
81.000000 35.000000 0.000000 0.000000 0.000000
81.000000 36.000000 0.000000 0.000000 0.000000
81.000000 37.000000 0.000000 0.000000 0.000000
81.000000 38.000000 0.000000 0.000000 0.000000
81.000000 39.000000 0.000000 0.000000 0.000000
81.000000 40.000000 0.000000 0.000000 0.000000
81.000000 41.000000 0.000000 0.000000 0.000000
81.000000 42.000000 0.000000 0.000000 0.000000
81.000000 43.000000 0.000000 0.000000 0.000000
81.000000 44.000000 0.000000 0.000000 0.000000
81.000000 45.000000 0.000000 0.000000 0.000000
81.000000 46.000000 0.000000 0.000000 0.000000
81.000000 47.000000 0.000000 0.000000 0.000000
81.000000 48.000000 0.000000 0.000000 0.000000
81.000000 49.000000 0.000000 0.000000 0.000000
82.000000 0.000000 1.000000 0.666667 1.000000
82.000000 1.000000 1.000000 1.000000 1.000000
82.000000 2.000000 1.000000 1.000000 1.000000
82.000000 3.000000 1.000000 1.000000 1.000000
82.000000 4.000000 0.000000 0.666667 1.000000
82.000000 5.000000 0.000000 0.000000 0.000000
82.000000 6.000000 0.000000 0.000000 0.000000
82.000000 7.000000 0.000000 0.000000 0.000000
82.000000 8.000000 0.000000 0.000000 0.000000
82.000000 9.000000 0.000000 0.000000 0.000000
82.000000 10.000000 0.000000 0.000000 0.000000
82.000000 11.000000 0.000000 0.000000 0.000000
82.000000 12.000000 0.000000 0.000000 0.000000
82.000000 13.000000 0.000000 0.000000 0.000000
82.000000 14.000000 0.000000 0.000000 0.000000
82.000000 15.000000 0.000000 0.000000 0.000000
82.000000 16.000000 0.000000 0.000000 0.000000
82.000000 17.000000 0.000000 0.000000 0.000000
82.000000 18.000000 0.000000 0.000000 0.000000
82.000000 19.000000 0.000000 0.000000 0.000000
82.000000 20.000000 0.000000 0.000000 0.000000
82.000000 21.000000 0.000000 0.000000 0.000000
82.000000 22.000000 0.000000 0.000000 0.000000
82.000000 23.000000 0.000000 0.000000 0.000000
82.000000 24.000000 0.000000 0.000000 0.000000
82.000000 25.000000 0.000000 0.000000 0.000000
82.000000 26.000000 0.000000 0.000000 0.000000
82.000000 27.000000 0.000000 0.000000 0.000000
82.000000 28.000000 0.000000 0.000000 0.000000
82.000000 29.000000 0.000000 0.000000 0.000000
82.000000 30.000000 0.000000 0.000000 0.000000
82.000000 31.000000 0.000000 0.000000 0.000000
82.000000 32.000000 0.000000 0.000000 0.000000
82.000000 33.000000 0.000000 0.000000 0.000000
82.000000 34.000000 0.000000 0.000000 0.000000
82.000000 35.000000 0.000000 0.000000 0.000000
82.000000 36.000000 0.000000 0.000000 0.000000
82.000000 37.000000 0.000000 0.000000 0.000000
82.000000 38.000000 0.000000 0.000000 0.000000
82.000000 39.000000 0.000000 0.000000 0.000000
82.000000 40.000000 0.000000 0.000000 0.000000
82.000000 41.000000 0.000000 0.000000 0.000000
82.000000 42.000000 0.000000 0.000000 0.000000
82.000000 43.000000 0.000000 0.000000 0.000000
82.000000 44.000000 0.000000 0.000000 0.000000
82.000000 45.000000 0.000000 0.000000 0.000000
82.000000 46.000000 0.000000 0.000000 0.000000
82.000000 47.000000 0.000000 0.000000 0.000000
82.000000 48.000000 0.000000 0.000000 0.000000
82.000000 49.000000 0.000000 0.000000 0.000000
83.000000 0.000000 0.000000 0.000000 0.000000
83.000000 1.000000 0.000000 0.000000 0.000000
83.000000 2.000000 0.000000 0.000000 0.000000
83.000000 3.000000 0.000000 0.000000 0.000000
83.000000 4.000000 0.000000 0.000000 0.000000
83.000000 5.000000 0.000000 0.000000 0.000000
83.000000 6.000000 0.000000 0.000000 0.000000
83.000000 7.000000 0.000000 0.000000 0.000000
83.000000 8.000000 0.000000 0.000000 0.000000
83.000000 9.000000 0.000000 0.000000 0.000000
83.000000 10.000000 0.000000 0.000000 0.000000
83.000000 11.000000 0.000000 0.000000 0.000000
83.000000 12.000000 0.000000 0.000000 0.000000
83.000000 13.000000 0.000000 0.000000 0.000000
83.000000 14.000000 0.000000 0.000000 0.000000
83.000000 15.000000 0.000000 0.000000 0.000000
83.000000 16.000000 0.000000 0.000000 0.000000
83.000000 17.000000 0.000000 0.000000 0.000000
83.000000 18.000000 0.000000 0.000000 0.000000
83.000000 19.000000 0.000000 0.000000 0.000000
83.000000 20.000000 0.000000 0.000000 0.000000
83.000000 21.000000 0.000000 0.000000 0.000000
83.000000 22.000000 0.000000 0.000000 0.000000
83.000000 23.000000 0.000000 0.000000 0.000000
83.000000 24.000000 0.000000 0.000000 0.000000
83.000000 25.000000 0.000000 0.000000 0.000000
83.000000 26.000000 0.000000 0.000000 0.000000
83.000000 27.000000 0.000000 0.000000 0.000000
83.000000 28.000000 0.000000 0.000000 0.000000
83.000000 29.000000 0.000000 0.000000 0.000000
83.000000 30.000000 0.000000 0.000000 0.000000
83.000000 31.000000 0.000000 0.000000 0.000000
83.000000 32.000000 0.000000 0.000000 0.000000
83.000000 33.000000 0.000000 0.000000 0.000000
83.000000 34.000000 0.000000 0.000000 0.000000
83.000000 35.000000 0.000000 0.000000 0.000000
83.000000 36.000000 0.000000 0.000000 0.000000
83.000000 37.000000 0.000000 0.000000 0.000000
83.000000 38.000000 0.000000 0.000000 0.000000
83.000000 39.000000 0.000000 0.000000 0.000000
83.000000 40.000000 0.000000 0.000000 0.000000
83.000000 41.000000 0.000000 0.000000 0.000000
83.000000 42.000000 0.000000 0.000000 0.000000
83.000000 43.000000 0.000000 0.000000 0.000000
83.000000 44.000000 0.000000 0.000000 0.000000
83.000000 45.000000 0.000000 0.000000 0.000000
83.000000 46.000000 0.000000 0.000000 0.000000
83.000000 47.000000 0.000000 0.000000 0.000000
83.000000 48.000000 0.000000 0.000000 0.000000
83.000000 49.000000 0.000000 0.000000 0.000000
84.000000 0.000000 0.000000 0.000000 0.000000
84.000000 1.000000 1.000000 0.666667 1.000000
84.000000 2.000000 1.000000 1.000000 1.000000
84.000000 3.000000 1.000000 1.000000 1.000000
84.000000 4.000000 1.000000 1.000000 1.000000
84.000000 5.000000 0.000000 0.666667 1.000000
84.000000 6.000000 0.000000 0.000000 0.000000
84.000000 7.000000 0.000000 0.000000 0.000000
84.000000 8.000000 0.000000 0.000000 0.000000
84.000000 9.000000 0.000000 0.000000 0.000000
84.000000 10.000000 0.000000 0.000000 0.000000
84.000000 11.000000 0.000000 0.000000 0.000000
84.000000 12.000000 0.000000 0.000000 0.000000
84.000000 13.000000 0.000000 0.000000 0.000000
84.000000 14.000000 0.000000 0.000000 0.000000
84.000000 15.000000 0.000000 0.000000 0.000000
84.000000 16.000000 0.000000 0.000000 0.000000
84.000000 17.000000 0.000000 0.000000 0.000000
84.000000 18.000000 0.000000 0.000000 0.000000
84.000000 19.000000 0.000000 0.000000 0.000000
84.000000 20.000000 0.000000 0.000000 0.000000
84.000000 21.000000 0.000000 0.000000 0.000000
84.000000 22.000000 0.000000 0.000000 0.000000
84.000000 23.000000 0.000000 0.000000 0.000000
84.000000 24.000000 0.000000 0.000000 0.000000
84.000000 25.000000 0.000000 0.000000 0.000000
84.000000 26.000000 0.000000 0.000000 0.000000
84.000000 27.000000 0.000000 0.000000 0.000000
84.000000 28.000000 0.000000 0.000000 0.000000
84.000000 29.000000 0.000000 0.000000 0.000000
84.000000 30.000000 0.000000 0.000000 0.000000
84.000000 31.000000 0.000000 0.000000 0.000000
84.000000 32.000000 0.000000 0.000000 0.000000
84.000000 33.000000 0.000000 0.000000 0.000000
84.000000 34.000000 0.000000 0.000000 0.000000
84.000000 35.000000 0.000000 0.000000 0.000000
84.000000 36.000000 0.000000 0.000000 0.000000
84.000000 37.000000 0.000000 0.000000 0.000000
84.000000 38.000000 0.000000 0.000000 0.000000
84.000000 39.000000 0.000000 0.000000 0.000000
84.000000 40.000000 0.000000 0.000000 0.000000
84.000000 41.000000 0.000000 0.000000 0.000000
84.000000 42.000000 0.000000 0.000000 0.000000
84.000000 43.000000 0.000000 0.000000 0.000000
84.000000 44.000000 0.000000 0.000000 0.000000
84.000000 45.000000 0.000000 0.000000 0.000000
84.000000 46.000000 0.000000 0.000000 0.000000
84.000000 47.000000 0.000000 0.000000 0.000000
84.000000 48.000000 0.000000 0.000000 0.000000
84.000000 49.000000 0.000000 0.000000 0.000000
85.000000 0.000000 0.000000 0.000000 0.000000
85.000000 1.000000 1.000000 0.666667 1.000000
85.000000 2.000000 1.000000 1.000000 1.000000
85.000000 3.000000 0.000000 0.666667 1.000000
85.000000 4.000000 0.000000 0.000000 0.000000
85.000000 5.000000 0.000000 0.000000 0.000000
85.000000 6.000000 0.000000 0.000000 0.000000
85.000000 7.000000 0.000000 0.000000 0.000000
85.000000 8.000000 0.000000 0.000000 0.000000
85.000000 9.000000 0.000000 0.000000 0.000000
85.000000 10.000000 0.000000 0.000000 0.000000
85.000000 11.000000 0.000000 0.000000 0.000000
85.000000 12.000000 0.000000 0.000000 0.000000
85.000000 13.000000 0.000000 0.000000 0.000000
85.000000 14.000000 0.000000 0.000000 0.000000
85.000000 15.000000 0.000000 0.000000 0.000000
85.000000 16.000000 0.000000 0.000000 0.000000
85.000000 17.000000 0.000000 0.000000 0.000000
85.000000 18.000000 0.000000 0.000000 0.000000
85.000000 19.000000 0.000000 0.000000 0.000000
85.000000 20.000000 0.000000 0.000000 0.000000
85.000000 21.000000 0.000000 0.000000 0.000000
85.000000 22.000000 0.000000 0.000000 0.000000
85.000000 23.000000 0.000000 0.000000 0.000000
85.000000 24.000000 0.000000 0.000000 0.000000
85.000000 25.000000 0.000000 0.000000 0.000000
85.000000 26.000000 0.000000 0.000000 0.000000
85.000000 27.000000 0.000000 0.000000 0.000000
85.000000 28.000000 0.000000 0.000000 0.000000
85.000000 29.000000 0.000000 0.000000 0.000000
85.000000 30.000000 0.000000 0.000000 0.000000
85.000000 31.000000 0.000000 0.000000 0.000000
85.000000 32.000000 0.000000 0.000000 0.000000
85.000000 33.000000 0.000000 0.000000 0.000000
85.000000 34.000000 0.000000 0.000000 0.000000
85.000000 35.000000 0.000000 0.000000 0.000000
85.000000 36.000000 0.000000 0.000000 0.000000
85.000000 37.000000 0.000000 0.000000 0.000000
85.000000 38.000000 0.000000 0.000000 0.000000
85.000000 39.000000 0.000000 0.000000 0.000000
85.000000 40.000000 0.000000 0.000000 0.000000
85.000000 41.000000 0.000000 0.000000 0.000000
85.000000 42.000000 0.000000 0.000000 0.000000
85.000000 43.000000 0.000000 0.000000 0.000000
85.000000 44.000000 0.000000 0.000000 0.000000
85.000000 45.000000 0.000000 0.000000 0.000000
85.000000 46.000000 0.000000 0.000000 0.000000
85.000000 47.000000 0.000000 0.000000 0.000000
85.000000 48.000000 0.000000 0.000000 0.000000
85.000000 49.000000 0.000000 0.000000 0.000000
86.000000 0.000000 0.000000 0.000000 0.000000
86.000000 1.000000 0.000000 0.000000 0.000000
86.000000 2.000000 0.000000 0.000000 0.000000
86.000000 3.000000 0.000000 0.000000 0.000000
86.000000 4.000000 0.000000 0.000000 0.000000
86.000000 5.000000 0.000000 0.000000 0.000000
86.000000 6.000000 0.000000 0.000000 0.000000
86.000000 7.000000 0.000000 0.000000 0.000000
86.000000 8.000000 0.000000 0.000000 0.000000
86.000000 9.000000 0.000000 0.000000 0.000000
86.000000 10.000000 0.000000 0.000000 0.000000
86.000000 11.000000 0.000000 0.000000 0.000000
86.000000 12.000000 0.000000 0.000000 0.000000
86.000000 13.000000 0.000000 0.000000 0.000000
86.000000 14.000000 0.000000 0.000000 0.000000
86.000000 15.000000 0.000000 0.000000 0.000000
86.000000 16.000000 0.000000 0.000000 0.000000
86.000000 17.000000 0.000000 0.000000 0.000000
86.000000 18.000000 0.000000 0.000000 0.000000
86.000000 19.000000 0.000000 0.000000 0.000000
86.000000 20.000000 0.000000 0.000000 0.000000
86.000000 21.000000 0.000000 0.000000 0.000000
86.000000 22.000000 0.000000 0.000000 0.000000
86.000000 23.000000 0.000000 0.000000 0.000000
86.000000 24.000000 0.000000 0.000000 0.000000
86.000000 25.000000 0.000000 0.000000 0.000000
86.000000 26.000000 0.000000 0.000000 0.000000
86.000000 27.000000 0.000000 0.000000 0.000000
86.000000 28.000000 0.000000 0.000000 0.000000
86.000000 29.000000 0.000000 0.000000 0.000000
86.000000 30.000000 0.000000 0.000000 0.000000
86.000000 31.000000 0.000000 0.000000 0.000000
86.000000 32.000000 0.000000 0.000000 0.000000
86.000000 33.000000 0.000000 0.000000 0.000000
86.000000 34.000000 0.000000 0.000000 0.000000
86.000000 35.000000 0.000000 0.000000 0.000000
86.000000 36.000000 0.000000 0.000000 0.000000
86.000000 37.000000 0.000000 0.000000 0.000000
86.000000 38.000000 0.000000 0.000000 0.000000
86.000000 39.000000 0.000000 0.000000 0.000000
86.000000 40.000000 0.000000 0.000000 0.000000
86.000000 41.000000 0.000000 0.000000 0.000000
86.000000 42.000000 0.000000 0.000000 0.000000
86.000000 43.000000 0.000000 0.000000 0.000000
86.000000 44.000000 0.000000 0.000000 0.000000
86.000000 45.000000 0.000000 0.000000 0.000000
86.000000 46.000000 0.000000 0.000000 0.000000
86.000000 47.000000 0.000000 0.000000 0.000000
86.000000 48.000000 0.000000 0.000000 0.000000
86.000000 49.000000 0.000000 0.000000 0.000000
87.000000 0.000000 0.000000 0.000000 0.000000
87.000000 1.000000 1.000000 0.666667 1.000000
87.000000 2.000000 0.000000 0.333333 1.000000
87.000000 3.000000 0.000000 0.000000 0.000000
87.000000 4.000000 0.000000 0.000000 0.000000
87.000000 5.000000 0.000000 0.000000 0.000000
87.000000 6.000000 0.000000 0.000000 0.000000
87.000000 7.000000 0.000000 0.000000 0.000000
87.000000 8.000000 0.000000 0.000000 0.000000
87.000000 9.000000 0.000000 0.000000 0.000000
87.000000 10.000000 0.000000 0.000000 0.000000
87.000000 11.000000 0.000000 0.000000 0.000000
87.000000 12.000000 0.000000 0.000000 0.000000
87.000000 13.000000 0.000000 0.000000 0.000000
87.000000 14.000000 0.000000 0.000000 0.000000
87.000000 15.000000 0.000000 0.000000 0.000000
87.000000 16.000000 0.000000 0.000000 0.000000
87.000000 17.000000 0.000000 0.000000 0.000000
87.000000 18.000000 0.000000 0.000000 0.000000
87.000000 19.000000 0.000000 0.000000 0.000000
87.000000 20.000000 0.000000 0.000000 0.000000
87.000000 21.000000 0.000000 0.000000 0.000000
87.000000 22.000000 0.000000 0.000000 0.000000
87.000000 23.000000 0.000000 0.000000 0.000000
87.000000 24.000000 0.000000 0.000000 0.000000
87.000000 25.000000 0.000000 0.000000 0.000000
87.000000 26.000000 0.000000 0.000000 0.000000
87.000000 27.000000 0.000000 0.000000 0.000000
87.000000 28.000000 0.000000 0.000000 0.000000
87.000000 29.000000 0.000000 0.000000 0.000000
87.000000 30.000000 0.000000 0.000000 0.000000
87.000000 31.000000 0.000000 0.000000 0.000000
87.000000 32.000000 0.000000 0.000000 0.000000
87.000000 33.000000 0.000000 0.000000 0.000000
87.000000 34.000000 0.000000 0.000000 0.000000
87.000000 35.000000 0.000000 0.000000 0.000000
87.000000 36.000000 0.000000 0.000000 0.000000
87.000000 37.000000 0.000000 0.000000 0.000000
87.000000 38.000000 0.000000 0.000000 0.000000
87.000000 39.000000 0.000000 0.000000 0.000000
87.000000 40.000000 0.000000 0.000000 0.000000
87.000000 41.000000 0.000000 0.000000 0.000000
87.000000 42.000000 0.000000 0.000000 0.000000
87.000000 43.000000 0.000000 0.000000 0.000000
87.000000 44.000000 0.000000 0.000000 0.000000
87.000000 45.000000 0.000000 0.000000 0.000000
87.000000 46.000000 0.000000 0.000000 0.000000
87.000000 47.000000 0.000000 0.000000 0.000000
87.000000 48.000000 0.000000 0.000000 0.000000
87.000000 49.000000 0.000000 0.000000 0.000000
88.000000 0.000000 0.000000 0.000000 0.000000
88.000000 1.000000 0.000000 0.000000 0.000000
88.000000 2.000000 2.000000 1.333333 2.000000
88.000000 3.000000 3.000000 2.000000 3.000000
88.000000 4.000000 34.000000 22.000000 34.000000
88.000000 5.000000 57.000000 48.000000 57.000000
88.000000 6.000000 91.000000 77.333336 91.000000
88.000000 7.000000 139.000000 128.333328 146.000000
88.000000 8.000000 218.000000 191.333328 218.000000
88.000000 9.000000 408.000000 331.333344 408.000000
88.000000 10.000000 772.000000 622.666687 772.000000
88.000000 11.000000 1130.000000 1006.333313 1130.000000
88.000000 12.000000 1271.000000 1227.000000 1281.000000
88.000000 13.000000 1134.000000 1184.666626 1211.000000
88.000000 14.000000 815.000000 917.333313 1014.000000
88.000000 15.000000 477.000000 586.666687 695.000000
88.000000 16.000000 257.000000 323.666656 388.000000
88.000000 17.000000 137.000000 168.333328 205.000000
88.000000 18.000000 61.000000 85.666664 115.000000
88.000000 19.000000 38.000000 42.000000 46.000000
88.000000 20.000000 22.000000 26.333334 31.000000
88.000000 21.000000 16.000000 18.000000 22.000000
88.000000 22.000000 8.000000 11.333333 15.000000
88.000000 23.000000 4.000000 4.666667 6.000000
88.000000 24.000000 0.000000 1.000000 3.000000
88.000000 25.000000 0.000000 0.000000 0.000000
88.000000 26.000000 0.000000 0.000000 0.000000
88.000000 27.000000 0.000000 0.000000 0.000000
88.000000 28.000000 0.000000 0.000000 0.000000
88.000000 29.000000 0.000000 0.000000 0.000000
88.000000 30.000000 0.000000 0.000000 0.000000
88.000000 31.000000 0.000000 0.000000 0.000000
88.000000 32.000000 0.000000 0.000000 0.000000
88.000000 33.000000 0.000000 0.000000 0.000000
88.000000 34.000000 0.000000 0.000000 0.000000
88.000000 35.000000 0.000000 0.000000 0.000000
88.000000 36.000000 0.000000 0.000000 0.000000
88.000000 37.000000 0.000000 0.000000 0.000000
88.000000 38.000000 0.000000 0.000000 0.000000
88.000000 39.000000 0.000000 0.000000 0.000000
88.000000 40.000000 0.000000 0.000000 0.000000
88.000000 41.000000 0.000000 0.000000 0.000000
88.000000 42.000000 0.000000 0.000000 0.000000
88.000000 43.000000 0.000000 0.000000 0.000000
88.000000 44.000000 0.000000 0.000000 0.000000
88.000000 45.000000 0.000000 0.000000 0.000000
88.000000 46.000000 0.000000 0.000000 0.000000
88.000000 47.000000 0.000000 0.000000 0.000000
88.000000 48.000000 0.000000 0.000000 0.000000
88.000000 49.000000 0.000000 0.000000 0.000000
89.000000 0.000000 0.000000 0.000000 0.000000
89.000000 1.000000 0.000000 0.000000 0.000000
89.000000 2.000000 0.000000 0.000000 0.000000
89.000000 3.000000 0.000000 0.000000 0.000000
89.000000 4.000000 0.000000 0.000000 0.000000
89.000000 5.000000 0.000000 0.000000 0.000000
89.000000 6.000000 0.000000 0.000000 0.000000
89.000000 7.000000 0.000000 0.000000 0.000000
89.000000 8.000000 0.000000 0.000000 0.000000
89.000000 9.000000 0.000000 0.000000 0.000000
89.000000 10.000000 0.000000 0.000000 0.000000
89.000000 11.000000 0.000000 0.000000 0.000000
89.000000 12.000000 0.000000 0.000000 0.000000
89.000000 13.000000 0.000000 0.000000 0.000000
89.000000 14.000000 0.000000 0.000000 0.000000
89.000000 15.000000 0.000000 0.000000 0.000000
89.000000 16.000000 0.000000 0.000000 0.000000
89.000000 17.000000 0.000000 0.000000 0.000000
89.000000 18.000000 0.000000 0.000000 0.000000
89.000000 19.000000 0.000000 0.000000 0.000000
89.000000 20.000000 0.000000 0.000000 0.000000
89.000000 21.000000 0.000000 0.000000 0.000000
89.000000 22.000000 0.000000 0.000000 0.000000
89.000000 23.000000 0.000000 0.000000 0.000000
89.000000 24.000000 0.000000 0.000000 0.000000
89.000000 25.000000 0.000000 0.000000 0.000000
89.000000 26.000000 0.000000 0.000000 0.000000
89.000000 27.000000 0.000000 0.000000 0.000000
89.000000 28.000000 0.000000 0.000000 0.000000
89.000000 29.000000 0.000000 0.000000 0.000000
89.000000 30.000000 0.000000 0.000000 0.000000
89.000000 31.000000 0.000000 0.000000 0.000000
89.000000 32.000000 0.000000 0.000000 0.000000
89.000000 33.000000 0.000000 0.000000 0.000000
89.000000 34.000000 0.000000 0.000000 0.000000
89.000000 35.000000 0.000000 0.000000 0.000000
89.000000 36.000000 0.000000 0.000000 0.000000
89.000000 37.000000 0.000000 0.000000 0.000000
89.000000 38.000000 0.000000 0.000000 0.000000
89.000000 39.000000 0.000000 0.000000 0.000000
89.000000 40.000000 0.000000 0.000000 0.000000
89.000000 41.000000 0.000000 0.000000 0.000000
89.000000 42.000000 0.000000 0.000000 0.000000
89.000000 43.000000 0.000000 0.000000 0.000000
89.000000 44.000000 0.000000 0.000000 0.000000
89.000000 45.000000 0.000000 0.000000 0.000000
89.000000 46.000000 0.000000 0.000000 0.000000
89.000000 47.000000 0.000000 0.000000 0.000000
89.000000 48.000000 0.000000 0.000000 0.000000
89.000000 49.000000 0.000000 0.000000 0.000000
90.000000 0.000000 0.000000 0.000000 0.000000
90.000000 1.000000 2.000000 1.333333 2.000000
90.000000 2.000000 31.000000 19.333334 31.000000
90.000000 3.000000 64.000000 50.333332 64.000000
90.000000 4.000000 94.000000 79.000000 94.000000
90.000000 5.000000 184.000000 153.333328 184.000000
90.000000 6.000000 254.000000 228.666672 254.000000
90.000000 7.000000 357.000000 321.000000 357.000000
90.000000 8.000000 386.000000 380.333344 394.000000
90.000000 9.000000 327.000000 342.666656 353.000000
90.000000 10.000000 328.000000 311.666656 328.000000
90.000000 11.000000 322.000000 326.000000 339.000000
90.000000 12.000000 304.000000 309.000000 321.000000
90.000000 13.000000 255.000000 267.333344 276.000000
90.000000 14.000000 187.000000 214.000000 229.000000
90.000000 15.000000 131.000000 144.000000 159.000000
90.000000 16.000000 76.000000 92.000000 107.000000
90.000000 17.000000 47.000000 53.333332 64.000000
90.000000 18.000000 28.000000 33.000000 39.000000
90.000000 19.000000 28.000000 28.333334 32.000000
90.000000 20.000000 26.000000 27.666666 31.000000
90.000000 21.000000 31.000000 26.666666 31.000000
90.000000 22.000000 30.000000 30.333334 32.000000
90.000000 23.000000 25.000000 27.000000 29.000000
90.000000 24.000000 11.000000 15.000000 18.000000
90.000000 25.000000 8.000000 7.666667 8.000000
90.000000 26.000000 2.000000 3.000000 5.000000
90.000000 27.000000 1.000000 1.000000 1.000000
90.000000 28.000000 0.000000 0.000000 0.000000
90.000000 29.000000 0.000000 0.000000 0.000000
90.000000 30.000000 0.000000 0.000000 0.000000
90.000000 31.000000 0.000000 0.000000 0.000000
90.000000 32.000000 0.000000 0.000000 0.000000
90.000000 33.000000 0.000000 0.000000 0.000000
90.000000 34.000000 0.000000 0.000000 0.000000
90.000000 35.000000 0.000000 0.000000 0.000000
90.000000 36.000000 0.000000 0.000000 0.000000
90.000000 37.000000 0.000000 0.000000 0.000000
90.000000 38.000000 0.000000 0.000000 0.000000
90.000000 39.000000 0.000000 0.000000 0.000000
90.000000 40.000000 0.000000 0.000000 0.000000
90.000000 41.000000 0.000000 0.000000 0.000000
90.000000 42.000000 0.000000 0.000000 0.000000
90.000000 43.000000 0.000000 0.000000 0.000000
90.000000 44.000000 0.000000 0.000000 0.000000
90.000000 45.000000 0.000000 0.000000 0.000000
90.000000 46.000000 0.000000 0.000000 0.000000
90.000000 47.000000 0.000000 0.000000 0.000000
90.000000 48.000000 0.000000 0.000000 0.000000
90.000000 49.000000 0.000000 0.000000 0.000000
91.000000 0.000000 0.000000 0.000000 0.000000
91.000000 1.000000 1.000000 0.666667 1.000000
91.000000 2.000000 1.000000 1.000000 1.000000
91.000000 3.000000 0.000000 0.000000 0.000000
91.000000 4.000000 0.000000 0.000000 0.000000
91.000000 5.000000 0.000000 0.000000 0.000000
91.000000 6.000000 0.000000 0.000000 0.000000
91.000000 7.000000 0.000000 0.000000 0.000000
91.000000 8.000000 0.000000 0.000000 0.000000
91.000000 9.000000 0.000000 0.000000 0.000000
91.000000 10.000000 0.000000 0.000000 0.000000
91.000000 11.000000 0.000000 0.000000 0.000000
91.000000 12.000000 0.000000 0.000000 0.000000
91.000000 13.000000 0.000000 0.000000 0.000000
91.000000 14.000000 0.000000 0.000000 0.000000
91.000000 15.000000 0.000000 0.000000 0.000000
91.000000 16.000000 0.000000 0.000000 0.000000
91.000000 17.000000 0.000000 0.000000 0.000000
91.000000 18.000000 0.000000 0.000000 0.000000
91.000000 19.000000 0.000000 0.000000 0.000000
91.000000 20.000000 0.000000 0.000000 0.000000
91.000000 21.000000 0.000000 0.000000 0.000000
91.000000 22.000000 0.000000 0.000000 0.000000
91.000000 23.000000 0.000000 0.000000 0.000000
91.000000 24.000000 0.000000 0.000000 0.000000
91.000000 25.000000 0.000000 0.000000 0.000000
91.000000 26.000000 0.000000 0.000000 0.000000
91.000000 27.000000 0.000000 0.000000 0.000000
91.000000 28.000000 0.000000 0.000000 0.000000
91.000000 29.000000 0.000000 0.000000 0.000000
91.000000 30.000000 0.000000 0.000000 0.000000
91.000000 31.000000 0.000000 0.000000 0.000000
91.000000 32.000000 0.000000 0.000000 0.000000
91.000000 33.000000 0.000000 0.000000 0.000000
91.000000 34.000000 0.000000 0.000000 0.000000
91.000000 35.000000 0.000000 0.000000 0.000000
91.000000 36.000000 0.000000 0.000000 0.000000
91.000000 37.000000 0.000000 0.000000 0.000000
91.000000 38.000000 0.000000 0.000000 0.000000
91.000000 39.000000 0.000000 0.000000 0.000000
91.000000 40.000000 0.000000 0.000000 0.000000
91.000000 41.000000 0.000000 0.000000 0.000000
91.000000 42.000000 0.000000 0.000000 0.000000
91.000000 43.000000 0.000000 0.000000 0.000000
91.000000 44.000000 0.000000 0.000000 0.000000
91.000000 45.000000 0.000000 0.000000 0.000000
91.000000 46.000000 0.000000 0.000000 0.000000
91.000000 47.000000 0.000000 0.000000 0.000000
91.000000 48.000000 0.000000 0.000000 0.000000
91.000000 49.000000 0.000000 0.000000 0.000000
92.000000 0.000000 0.000000 0.000000 0.000000
92.000000 1.000000 1.000000 0.666667 1.000000
92.000000 2.000000 0.000000 0.000000 0.000000
92.000000 3.000000 0.000000 0.000000 0.000000
92.000000 4.000000 0.000000 0.000000 0.000000
92.000000 5.000000 0.000000 0.000000 0.000000
92.000000 6.000000 0.000000 0.000000 0.000000
92.000000 7.000000 0.000000 0.000000 0.000000
92.000000 8.000000 0.000000 0.000000 0.000000
92.000000 9.000000 0.000000 0.000000 0.000000
92.000000 10.000000 0.000000 0.000000 0.000000
92.000000 11.000000 0.000000 0.000000 0.000000
92.000000 12.000000 0.000000 0.000000 0.000000
92.000000 13.000000 0.000000 0.000000 0.000000
92.000000 14.000000 0.000000 0.000000 0.000000
92.000000 15.000000 0.000000 0.000000 0.000000
92.000000 16.000000 0.000000 0.000000 0.000000
92.000000 17.000000 0.000000 0.000000 0.000000
92.000000 18.000000 0.000000 0.000000 0.000000
92.000000 19.000000 0.000000 0.000000 0.000000
92.000000 20.000000 0.000000 0.000000 0.000000
92.000000 21.000000 0.000000 0.000000 0.000000
92.000000 22.000000 0.000000 0.000000 0.000000
92.000000 23.000000 0.000000 0.000000 0.000000
92.000000 24.000000 0.000000 0.000000 0.000000
92.000000 25.000000 0.000000 0.000000 0.000000
92.000000 26.000000 0.000000 0.000000 0.000000
92.000000 27.000000 0.000000 0.000000 0.000000
92.000000 28.000000 0.000000 0.000000 0.000000
92.000000 29.000000 0.000000 0.000000 0.000000
92.000000 30.000000 0.000000 0.000000 0.000000
92.000000 31.000000 0.000000 0.000000 0.000000
92.000000 32.000000 0.000000 0.000000 0.000000
92.000000 33.000000 0.000000 0.000000 0.000000
92.000000 34.000000 0.000000 0.000000 0.000000
92.000000 35.000000 0.000000 0.000000 0.000000
92.000000 36.000000 0.000000 0.000000 0.000000
92.000000 37.000000 0.000000 0.000000 0.000000
92.000000 38.000000 0.000000 0.000000 0.000000
92.000000 39.000000 0.000000 0.000000 0.000000
92.000000 40.000000 0.000000 0.000000 0.000000
92.000000 41.000000 0.000000 0.000000 0.000000
92.000000 42.000000 0.000000 0.000000 0.000000
92.000000 43.000000 0.000000 0.000000 0.000000
92.000000 44.000000 0.000000 0.000000 0.000000
92.000000 45.000000 0.000000 0.000000 0.000000
92.000000 46.000000 0.000000 0.000000 0.000000
92.000000 47.000000 0.000000 0.000000 0.000000
92.000000 48.000000 0.000000 0.000000 0.000000
92.000000 49.000000 0.000000 0.000000 0.000000
93.000000 0.000000 1.000000 0.666667 1.000000
93.000000 1.000000 1.000000 1.000000 1.000000
93.000000 2.000000 1.000000 1.000000 1.000000
93.000000 3.000000 0.000000 0.666667 1.000000
93.000000 4.000000 0.000000 0.000000 0.000000
93.000000 5.000000 0.000000 0.000000 0.000000
93.000000 6.000000 0.000000 0.000000 0.000000
93.000000 7.000000 0.000000 0.000000 0.000000
93.000000 8.000000 0.000000 0.000000 0.000000
93.000000 9.000000 0.000000 0.000000 0.000000
93.000000 10.000000 0.000000 0.000000 0.000000
93.000000 11.000000 0.000000 0.000000 0.000000
93.000000 12.000000 0.000000 0.000000 0.000000
93.000000 13.000000 0.000000 0.000000 0.000000
93.000000 14.000000 0.000000 0.000000 0.000000
93.000000 15.000000 0.000000 0.000000 0.000000
93.000000 16.000000 0.000000 0.000000 0.000000
93.000000 17.000000 0.000000 0.000000 0.000000
93.000000 18.000000 0.000000 0.000000 0.000000
93.000000 19.000000 0.000000 0.000000 0.000000
93.000000 20.000000 0.000000 0.000000 0.000000
93.000000 21.000000 0.000000 0.000000 0.000000
93.000000 22.000000 0.000000 0.000000 0.000000
93.000000 23.000000 0.000000 0.000000 0.000000
93.000000 24.000000 0.000000 0.000000 0.000000
93.000000 25.000000 0.000000 0.000000 0.000000
93.000000 26.000000 0.000000 0.000000 0.000000
93.000000 27.000000 0.000000 0.000000 0.000000
93.000000 28.000000 0.000000 0.000000 0.000000
93.000000 29.000000 0.000000 0.000000 0.000000
93.000000 30.000000 0.000000 0.000000 0.000000
93.000000 31.000000 0.000000 0.000000 0.000000
93.000000 32.000000 0.000000 0.000000 0.000000
93.000000 33.000000 0.000000 0.000000 0.000000
93.000000 34.000000 0.000000 0.000000 0.000000
93.000000 35.000000 0.000000 0.000000 0.000000
93.000000 36.000000 0.000000 0.000000 0.000000
93.000000 37.000000 0.000000 0.000000 0.000000
93.000000 38.000000 0.000000 0.000000 0.000000
93.000000 39.000000 0.000000 0.000000 0.000000
93.000000 40.000000 0.000000 0.000000 0.000000
93.000000 41.000000 0.000000 0.000000 0.000000
93.000000 42.000000 0.000000 0.000000 0.000000
93.000000 43.000000 0.000000 0.000000 0.000000
93.000000 44.000000 0.000000 0.000000 0.000000
93.000000 45.000000 0.000000 0.000000 0.000000
93.000000 46.000000 0.000000 0.000000 0.000000
93.000000 47.000000 0.000000 0.000000 0.000000
93.000000 48.000000 0.000000 0.000000 0.000000
93.000000 49.000000 0.000000 0.000000 0.000000
94.000000 0.000000 0.000000 0.000000 0.000000
94.000000 1.000000 6.000000 3.333333 6.000000
94.000000 2.000000 53.000000 33.666668 53.000000
94.000000 3.000000 183.000000 129.666672 183.000000
94.000000 4.000000 369.000000 297.666656 369.000000
94.000000 5.000000 615.000000 525.000000 615.000000
94.000000 6.000000 801.000000 738.333313 801.000000
94.000000 7.000000 910.000000 884.000000 923.000000
94.000000 8.000000 807.000000 847.666687 869.000000
94.000000 9.000000 633.000000 681.333313 719.000000
94.000000 10.000000 440.000000 501.000000 558.000000
94.000000 11.000000 279.000000 330.333344 373.000000
94.000000 12.000000 182.000000 207.000000 235.000000
94.000000 13.000000 113.000000 129.666672 149.000000
94.000000 14.000000 85.000000 87.333336 96.000000
94.000000 15.000000 76.000000 79.333336 81.000000
94.000000 16.000000 45.000000 56.000000 65.000000
94.000000 17.000000 28.000000 34.333332 39.000000
94.000000 18.000000 13.000000 17.000000 21.000000
94.000000 19.000000 6.000000 9.000000 11.000000
94.000000 20.000000 3.000000 4.000000 5.000000
94.000000 21.000000 1.000000 1.666667 3.000000
94.000000 22.000000 1.000000 1.000000 1.000000
94.000000 23.000000 0.000000 0.000000 0.000000
94.000000 24.000000 0.000000 0.000000 0.000000
94.000000 25.000000 0.000000 0.000000 0.000000
94.000000 26.000000 0.000000 0.000000 0.000000
94.000000 27.000000 0.000000 0.000000 0.000000
94.000000 28.000000 0.000000 0.000000 0.000000
94.000000 29.000000 0.000000 0.000000 0.000000
94.000000 30.000000 0.000000 0.000000 0.000000
94.000000 31.000000 0.000000 0.000000 0.000000
94.000000 32.000000 0.000000 0.000000 0.000000
94.000000 33.000000 0.000000 0.000000 0.000000
94.000000 34.000000 0.000000 0.000000 0.000000
94.000000 35.000000 0.000000 0.000000 0.000000
94.000000 36.000000 0.000000 0.000000 0.000000
94.000000 37.000000 0.000000 0.000000 0.000000
94.000000 38.000000 0.000000 0.000000 0.000000
94.000000 39.000000 0.000000 0.000000 0.000000
94.000000 40.000000 0.000000 0.000000 0.000000
94.000000 41.000000 0.000000 0.000000 0.000000
94.000000 42.000000 0.000000 0.000000 0.000000
94.000000 43.000000 0.000000 0.000000 0.000000
94.000000 44.000000 0.000000 0.000000 0.000000
94.000000 45.000000 0.000000 0.000000 0.000000
94.000000 46.000000 0.000000 0.000000 0.000000
94.000000 47.000000 0.000000 0.000000 0.000000
94.000000 48.000000 0.000000 0.000000 0.000000
94.000000 49.000000 0.000000 0.000000 0.000000
95.000000 0.000000 0.000000 0.000000 0.000000
95.000000 1.000000 1.000000 0.666667 1.000000
95.000000 2.000000 1.000000 1.000000 1.000000
95.000000 3.000000 0.000000 0.666667 1.000000
95.000000 4.000000 0.000000 0.000000 0.000000
95.000000 5.000000 0.000000 0.000000 0.000000
95.000000 6.000000 0.000000 0.000000 0.000000
95.000000 7.000000 0.000000 0.000000 0.000000
95.000000 8.000000 0.000000 0.000000 0.000000
95.000000 9.000000 0.000000 0.000000 0.000000
95.000000 10.000000 0.000000 0.000000 0.000000
95.000000 11.000000 0.000000 0.000000 0.000000
95.000000 12.000000 0.000000 0.000000 0.000000
95.000000 13.000000 0.000000 0.000000 0.000000
95.000000 14.000000 0.000000 0.000000 0.000000
95.000000 15.000000 0.000000 0.000000 0.000000
95.000000 16.000000 0.000000 0.000000 0.000000
95.000000 17.000000 0.000000 0.000000 0.000000
95.000000 18.000000 0.000000 0.000000 0.000000
95.000000 19.000000 0.000000 0.000000 0.000000
95.000000 20.000000 0.000000 0.000000 0.000000
95.000000 21.000000 0.000000 0.000000 0.000000
95.000000 22.000000 0.000000 0.000000 0.000000
95.000000 23.000000 0.000000 0.000000 0.000000
95.000000 24.000000 0.000000 0.000000 0.000000
95.000000 25.000000 0.000000 0.000000 0.000000
95.000000 26.000000 0.000000 0.000000 0.000000
95.000000 27.000000 0.000000 0.000000 0.000000
95.000000 28.000000 0.000000 0.000000 0.000000
95.000000 29.000000 0.000000 0.000000 0.000000
95.000000 30.000000 0.000000 0.000000 0.000000
95.000000 31.000000 0.000000 0.000000 0.000000
95.000000 32.000000 0.000000 0.000000 0.000000
95.000000 33.000000 0.000000 0.000000 0.000000
95.000000 34.000000 0.000000 0.000000 0.000000
95.000000 35.000000 0.000000 0.000000 0.000000
95.000000 36.000000 0.000000 0.000000 0.000000
95.000000 37.000000 0.000000 0.000000 0.000000
95.000000 38.000000 0.000000 0.000000 0.000000
95.000000 39.000000 0.000000 0.000000 0.000000
95.000000 40.000000 0.000000 0.000000 0.000000
95.000000 41.000000 0.000000 0.000000 0.000000
95.000000 42.000000 0.000000 0.000000 0.000000
95.000000 43.000000 0.000000 0.000000 0.000000
95.000000 44.000000 0.000000 0.000000 0.000000
95.000000 45.000000 0.000000 0.000000 0.000000
95.000000 46.000000 0.000000 0.000000 0.000000
95.000000 47.000000 0.000000 0.000000 0.000000
95.000000 48.000000 0.000000 0.000000 0.000000
95.000000 49.000000 0.000000 0.000000 0.000000
96.000000 0.000000 0.000000 0.000000 0.000000
96.000000 1.000000 0.000000 0.333333 1.000000
96.000000 2.000000 0.000000 0.000000 0.000000
96.000000 3.000000 0.000000 0.000000 0.000000
96.000000 4.000000 0.000000 0.000000 0.000000
96.000000 5.000000 0.000000 0.000000 0.000000
96.000000 6.000000 0.000000 0.000000 0.000000
96.000000 7.000000 0.000000 0.000000 0.000000
96.000000 8.000000 0.000000 0.000000 0.000000
96.000000 9.000000 0.000000 0.000000 0.000000
96.000000 10.000000 0.000000 0.000000 0.000000
96.000000 11.000000 0.000000 0.000000 0.000000
96.000000 12.000000 0.000000 0.000000 0.000000
96.000000 13.000000 0.000000 0.000000 0.000000
96.000000 14.000000 0.000000 0.000000 0.000000
96.000000 15.000000 0.000000 0.000000 0.000000
96.000000 16.000000 0.000000 0.000000 0.000000
96.000000 17.000000 0.000000 0.000000 0.000000
96.000000 18.000000 0.000000 0.000000 0.000000
96.000000 19.000000 0.000000 0.000000 0.000000
96.000000 20.000000 0.000000 0.000000 0.000000
96.000000 21.000000 0.000000 0.000000 0.000000
96.000000 22.000000 0.000000 0.000000 0.000000
96.000000 23.000000 0.000000 0.000000 0.000000
96.000000 24.000000 0.000000 0.000000 0.000000
96.000000 25.000000 0.000000 0.000000 0.000000
96.000000 26.000000 0.000000 0.000000 0.000000
96.000000 27.000000 0.000000 0.000000 0.000000
96.000000 28.000000 0.000000 0.000000 0.000000
96.000000 29.000000 0.000000 0.000000 0.000000
96.000000 30.000000 0.000000 0.000000 0.000000
96.000000 31.000000 0.000000 0.000000 0.000000
96.000000 32.000000 0.000000 0.000000 0.000000
96.000000 33.000000 0.000000 0.000000 0.000000
96.000000 34.000000 0.000000 0.000000 0.000000
96.000000 35.000000 0.000000 0.000000 0.000000
96.000000 36.000000 0.000000 0.000000 0.000000
96.000000 37.000000 0.000000 0.000000 0.000000
96.000000 38.000000 0.000000 0.000000 0.000000
96.000000 39.000000 0.000000 0.000000 0.000000
96.000000 40.000000 0.000000 0.000000 0.000000
96.000000 41.000000 0.000000 0.000000 0.000000
96.000000 42.000000 0.000000 0.000000 0.000000
96.000000 43.000000 0.000000 0.000000 0.000000
96.000000 44.000000 0.000000 0.000000 0.000000
96.000000 45.000000 0.000000 0.000000 0.000000
96.000000 46.000000 0.000000 0.000000 0.000000
96.000000 47.000000 0.000000 0.000000 0.000000
96.000000 48.000000 0.000000 0.000000 0.000000
96.000000 49.000000 0.000000 0.000000 0.000000
97.000000 0.000000 1.000000 0.666667 1.000000
97.000000 1.000000 0.000000 0.333333 1.000000
97.000000 2.000000 0.000000 0.000000 0.000000
97.000000 3.000000 0.000000 0.000000 0.000000
97.000000 4.000000 0.000000 0.000000 0.000000
97.000000 5.000000 0.000000 0.000000 0.000000
97.000000 6.000000 0.000000 0.000000 0.000000
97.000000 7.000000 0.000000 0.000000 0.000000
97.000000 8.000000 0.000000 0.000000 0.000000
97.000000 9.000000 0.000000 0.000000 0.000000
97.000000 10.000000 0.000000 0.000000 0.000000
97.000000 11.000000 0.000000 0.000000 0.000000
97.000000 12.000000 0.000000 0.000000 0.000000
97.000000 13.000000 0.000000 0.000000 0.000000
97.000000 14.000000 0.000000 0.000000 0.000000
97.000000 15.000000 0.000000 0.000000 0.000000
97.000000 16.000000 0.000000 0.000000 0.000000
97.000000 17.000000 0.000000 0.000000 0.000000
97.000000 18.000000 0.000000 0.000000 0.000000
97.000000 19.000000 0.000000 0.000000 0.000000
97.000000 20.000000 0.000000 0.000000 0.000000
97.000000 21.000000 0.000000 0.000000 0.000000
97.000000 22.000000 0.000000 0.000000 0.000000
97.000000 23.000000 0.000000 0.000000 0.000000
97.000000 24.000000 0.000000 0.000000 0.000000
97.000000 25.000000 0.000000 0.000000 0.000000
97.000000 26.000000 0.000000 0.000000 0.000000
97.000000 27.000000 0.000000 0.000000 0.000000
97.000000 28.000000 0.000000 0.000000 0.000000
97.000000 29.000000 0.000000 0.000000 0.000000
97.000000 30.000000 0.000000 0.000000 0.000000
97.000000 31.000000 0.000000 0.000000 0.000000
97.000000 32.000000 0.000000 0.000000 0.000000
97.000000 33.000000 0.000000 0.000000 0.000000
97.000000 34.000000 0.000000 0.000000 0.000000
97.000000 35.000000 0.000000 0.000000 0.000000
97.000000 36.000000 0.000000 0.000000 0.000000
97.000000 37.000000 0.000000 0.000000 0.000000
97.000000 38.000000 0.000000 0.000000 0.000000
97.000000 39.000000 0.000000 0.000000 0.000000
97.000000 40.000000 0.000000 0.000000 0.000000
97.000000 41.000000 0.000000 0.000000 0.000000
97.000000 42.000000 0.000000 0.000000 0.000000
97.000000 43.000000 0.000000 0.000000 0.000000
97.000000 44.000000 0.000000 0.000000 0.000000
97.000000 45.000000 0.000000 0.000000 0.000000
97.000000 46.000000 0.000000 0.000000 0.000000
97.000000 47.000000 0.000000 0.000000 0.000000
97.000000 48.000000 0.000000 0.000000 0.000000
97.000000 49.000000 0.000000 0.000000 0.000000
98.000000 0.000000 0.000000 0.000000 0.000000
98.000000 1.000000 1.000000 0.666667 1.000000
98.000000 2.000000 1.000000 1.000000 1.000000
98.000000 3.000000 0.000000 0.666667 1.000000
98.000000 4.000000 0.000000 0.000000 0.000000
98.000000 5.000000 0.000000 0.000000 0.000000
98.000000 6.000000 0.000000 0.000000 0.000000
98.000000 7.000000 0.000000 0.000000 0.000000
98.000000 8.000000 0.000000 0.000000 0.000000
98.000000 9.000000 0.000000 0.000000 0.000000
98.000000 10.000000 0.000000 0.000000 0.000000
98.000000 11.000000 0.000000 0.000000 0.000000
98.000000 12.000000 0.000000 0.000000 0.000000
98.000000 13.000000 0.000000 0.000000 0.000000
98.000000 14.000000 0.000000 0.000000 0.000000
98.000000 15.000000 0.000000 0.000000 0.000000
98.000000 16.000000 0.000000 0.000000 0.000000
98.000000 17.000000 0.000000 0.000000 0.000000
98.000000 18.000000 0.000000 0.000000 0.000000
98.000000 19.000000 0.000000 0.000000 0.000000
98.000000 20.000000 0.000000 0.000000 0.000000
98.000000 21.000000 0.000000 0.000000 0.000000
98.000000 22.000000 0.000000 0.000000 0.000000
98.000000 23.000000 0.000000 0.000000 0.000000
98.000000 24.000000 0.000000 0.000000 0.000000
98.000000 25.000000 0.000000 0.000000 0.000000
98.000000 26.000000 0.000000 0.000000 0.000000
98.000000 27.000000 0.000000 0.000000 0.000000
98.000000 28.000000 0.000000 0.000000 0.000000
98.000000 29.000000 0.000000 0.000000 0.000000
98.000000 30.000000 0.000000 0.000000 0.000000
98.000000 31.000000 0.000000 0.000000 0.000000
98.000000 32.000000 0.000000 0.000000 0.000000
98.000000 33.000000 0.000000 0.000000 0.000000
98.000000 34.000000 0.000000 0.000000 0.000000
98.000000 35.000000 0.000000 0.000000 0.000000
98.000000 36.000000 0.000000 0.000000 0.000000
98.000000 37.000000 0.000000 0.000000 0.000000
98.000000 38.000000 0.000000 0.000000 0.000000
98.000000 39.000000 0.000000 0.000000 0.000000
98.000000 40.000000 0.000000 0.000000 0.000000
98.000000 41.000000 0.000000 0.000000 0.000000
98.000000 42.000000 0.000000 0.000000 0.000000
98.000000 43.000000 0.000000 0.000000 0.000000
98.000000 44.000000 0.000000 0.000000 0.000000
98.000000 45.000000 0.000000 0.000000 0.000000
98.000000 46.000000 0.000000 0.000000 0.000000
98.000000 47.000000 0.000000 0.000000 0.000000
98.000000 48.000000 0.000000 0.000000 0.000000
98.000000 49.000000 0.000000 0.000000 0.000000
99.000000 0.000000 1.000000 0.666667 1.000000
99.000000 1.000000 0.000000 0.666667 1.000000
99.000000 2.000000 0.000000 0.000000 0.000000
99.000000 3.000000 0.000000 0.000000 0.000000
99.000000 4.000000 0.000000 0.000000 0.000000
99.000000 5.000000 0.000000 0.000000 0.000000
99.000000 6.000000 0.000000 0.000000 0.000000
99.000000 7.000000 0.000000 0.000000 0.000000
99.000000 8.000000 0.000000 0.000000 0.000000
99.000000 9.000000 0.000000 0.000000 0.000000
99.000000 10.000000 0.000000 0.000000 0.000000
99.000000 11.000000 0.000000 0.000000 0.000000
99.000000 12.000000 0.000000 0.000000 0.000000
99.000000 13.000000 0.000000 0.000000 0.000000
99.000000 14.000000 0.000000 0.000000 0.000000
99.000000 15.000000 0.000000 0.000000 0.000000
99.000000 16.000000 0.000000 0.000000 0.000000
99.000000 17.000000 0.000000 0.000000 0.000000
99.000000 18.000000 0.000000 0.000000 0.000000
99.000000 19.000000 0.000000 0.000000 0.000000
99.000000 20.000000 0.000000 0.000000 0.000000
99.000000 21.000000 0.000000 0.000000 0.000000
99.000000 22.000000 0.000000 0.000000 0.000000
99.000000 23.000000 0.000000 0.000000 0.000000
99.000000 24.000000 0.000000 0.000000 0.000000
99.000000 25.000000 0.000000 0.000000 0.000000
99.000000 26.000000 0.000000 0.000000 0.000000
99.000000 27.000000 0.000000 0.000000 0.000000
99.000000 28.000000 0.000000 0.000000 0.000000
99.000000 29.000000 0.000000 0.000000 0.000000
99.000000 30.000000 0.000000 0.000000 0.000000
99.000000 31.000000 0.000000 0.000000 0.000000
99.000000 32.000000 0.000000 0.000000 0.000000
99.000000 33.000000 0.000000 0.000000 0.000000
99.000000 34.000000 0.000000 0.000000 0.000000
99.000000 35.000000 0.000000 0.000000 0.000000
99.000000 36.000000 0.000000 0.000000 0.000000
99.000000 37.000000 0.000000 0.000000 0.000000
99.000000 38.000000 0.000000 0.000000 0.000000
99.000000 39.000000 0.000000 0.000000 0.000000
99.000000 40.000000 0.000000 0.000000 0.000000
99.000000 41.000000 0.000000 0.000000 0.000000
99.000000 42.000000 0.000000 0.000000 0.000000
99.000000 43.000000 0.000000 0.000000 0.000000
99.000000 44.000000 0.000000 0.000000 0.000000
99.000000 45.000000 0.000000 0.000000 0.000000
99.000000 46.000000 0.000000 0.000000 0.000000
99.000000 47.000000 0.000000 0.000000 0.000000
99.000000 48.000000 0.000000 0.000000 0.000000
99.000000 49.000000 0.000000 0.000000 0.000000
