0.000000 0.000000 0.000000 0.000000 21.000000 0.000000
0.000000 1.000000 0.000000 0.000000 21.000000 0.000000
0.000000 2.000000 0.000000 0.000000 21.000000 0.000000
0.000000 3.000000 0.000000 0.000000 21.000000 0.000000
0.000000 4.000000 0.000000 0.000000 21.000000 0.000000
0.000000 5.000000 0.000000 0.000000 21.000000 0.000000
0.000000 6.000000 0.000000 0.000000 21.000000 0.000000
0.000000 7.000000 0.000000 0.000000 21.000000 0.000000
0.000000 8.000000 0.000000 0.000000 21.000000 0.000000
0.000000 9.000000 0.000000 0.000000 21.000000 0.000000
0.000000 10.000000 0.000000 0.000000 21.000000 0.000000
0.000000 11.000000 0.000000 0.000000 21.000000 0.000000
0.000000 12.000000 0.000000 0.000000 21.000000 0.000000
0.000000 13.000000 0.000000 0.000000 21.000000 0.000000
0.000000 14.000000 0.000000 0.000000 21.000000 0.000000
0.000000 15.000000 0.000000 0.000000 21.000000 0.000000
0.000000 16.000000 0.000000 0.000000 21.000000 0.000000
0.000000 17.000000 0.000000 0.000000 21.000000 0.000000
0.000000 18.000000 0.000000 0.000000 21.000000 0.000000
0.000000 19.000000 0.000000 0.000000 21.000000 0.000000
0.000000 20.000000 0.000000 0.000000 21.000000 0.000000
0.000000 21.000000 0.000000 0.000000 21.000000 0.000000
0.000000 22.000000 0.000000 0.000000 21.000000 0.000000
0.000000 23.000000 0.000000 0.000000 21.000000 0.000000
0.000000 24.000000 0.000000 0.000000 21.000000 0.000000
0.000000 25.000000 0.000000 0.000000 21.000000 0.000000
0.000000 26.000000 0.000000 0.000000 21.000000 0.000000
0.000000 27.000000 0.000000 0.000000 21.000000 0.000000
0.000000 28.000000 0.000000 0.000000 21.000000 0.000000
0.000000 29.000000 0.000000 0.000000 21.000000 0.000000
0.000000 30.000000 0.000000 0.000000 21.000000 0.000000
0.000000 31.000000 0.000000 0.000000 21.000000 0.000000
0.000000 32.000000 0.000000 0.000000 21.000000 0.000000
0.000000 33.000000 0.000000 0.000000 21.000000 0.000000
0.000000 34.000000 0.000000 0.000000 21.000000 0.000000
0.000000 35.000000 0.000000 0.000000 21.000000 0.000000
0.000000 36.000000 0.000000 0.000000 21.000000 0.000000
0.000000 37.000000 0.000000 0.000000 21.000000 0.000000
0.000000 38.000000 0.000000 0.000000 21.000000 0.000000
0.000000 39.000000 0.000000 0.000000 21.000000 0.000000
0.000000 40.000000 0.000000 0.000000 21.000000 0.000000
0.000000 41.000000 0.000000 0.000000 21.000000 0.000000
0.000000 42.000000 0.000000 0.000000 21.000000 0.000000
0.000000 43.000000 0.000000 0.000000 21.000000 0.000000
0.000000 44.000000 0.000000 0.000000 21.000000 0.000000
0.000000 45.000000 0.000000 0.000000 21.000000 0.000000
0.000000 46.000000 0.000000 0.000000 21.000000 0.000000
0.000000 47.000000 0.000000 0.000000 21.000000 0.000000
0.000000 48.000000 0.000000 0.000000 21.000000 0.000000
0.000000 49.000000 0.000000 0.000000 21.000000 0.000000
1.000000 0.000000 0.000000 0.000000 21.000000 0.000000
1.000000 1.000000 0.000000 0.000000 21.000000 0.000000
1.000000 2.000000 0.000000 0.000000 21.000000 0.000000
1.000000 3.000000 0.000000 0.000000 21.000000 0.000000
1.000000 4.000000 0.000000 0.000000 20.212574 0.000000
1.000000 5.000000 0.000000 0.000000 16.833069 0.096398
1.000000 6.000000 0.669437 0.000000 5.074179 0.836934
1.000000 7.000000 1.000000 0.356319 0.000000 1.000000
1.000000 8.000000 1.000000 0.623496 0.000000 1.000000
1.000000 9.000000 1.000000 0.305528 0.000000 1.000000
1.000000 10.000000 0.586636 0.049797 0.000000 0.509720
1.000000 11.000000 0.000000 0.000000 8.571566 0.168397
1.000000 12.000000 0.000000 0.000000 17.383474 0.017788
1.000000 13.000000 0.000000 0.000000 18.231733 0.000000
1.000000 14.000000 0.000000 0.000000 17.164940 0.065408
1.000000 15.000000 0.000000 0.000000 15.045095 0.205250
1.000000 16.000000 0.050930 0.000000 12.713875 0.352276
1.000000 17.000000 0.191904 0.000000 10.640851 0.454859
1.000000 18.000000 0.284946 0.000000 8.064988 0.505396
1.000000 19.000000 0.204676 0.000000 8.686172 0.407623
1.000000 20.000000 0.115192 0.000000 12.090935 0.328940
1.000000 21.000000 0.083971 0.000000 13.258208 0.319196
1.000000 22.000000 0.000000 0.000000 15.020426 0.211573
1.000000 23.000000 0.000000 0.000000 15.570252 0.169272
1.000000 24.000000 0.000000 0.000000 17.235716 0.065345
1.000000 25.000000 0.000000 0.000000 17.087839 0.077495
1.000000 26.000000 0.000000 0.000000 18.001156 0.019475
1.000000 27.000000 0.000000 0.000000 18.220453 0.006447
1.000000 28.000000 0.000000 0.000000 18.197033 0.007610
1.000000 29.000000 0.000000 0.000000 18.536242 0.000000
1.000000 30.000000 0.000000 0.000000 18.559633 0.000000
1.000000 31.000000 0.000000 0.000000 18.837753 0.000000
1.000000 32.000000 0.000000 0.000000 18.807631 0.000000
1.000000 33.000000 0.000000 0.000000 19.458857 0.000000
1.000000 34.000000 0.000000 0.000000 20.578947 0.000000
1.000000 35.000000 0.000000 0.000000 19.930935 0.000000
1.000000 36.000000 0.000000 0.000000 20.529692 0.000000
1.000000 37.000000 0.000000 0.000000 19.960796 0.000000
1.000000 38.000000 0.000000 0.000000 20.595598 0.000000
1.000000 39.000000 0.000000 0.000000 20.648434 0.000000
1.000000 40.000000 0.000000 0.000000 20.993725 0.000000
1.000000 41.000000 0.000000 0.000000 21.000000 0.000000
1.000000 42.000000 0.000000 0.000000 21.000000 0.000000
1.000000 43.000000 0.000000 0.000000 21.000000 0.000000
1.000000 44.000000 0.000000 0.000000 21.000000 0.000000
1.000000 45.000000 0.000000 0.000000 21.000000 0.000000
1.000000 46.000000 0.000000 0.000000 21.000000 0.000000
1.000000 47.000000 0.000000 0.000000 21.000000 0.000000
1.000000 48.000000 0.000000 0.000000 21.000000 0.000000
1.000000 49.000000 0.000000 0.000000 21.000000 0.000000
2.000000 0.000000 0.000000 0.000000 21.000000 0.000000
2.000000 1.000000 0.000000 0.000000 21.000000 0.000000
2.000000 2.000000 0.000000 0.000000 21.000000 0.000000
2.000000 3.000000 0.000000 0.000000 20.450649 0.000000
2.000000 4.000000 0.000000 0.000000 20.832802 0.000000
2.000000 5.000000 0.000000 0.000000 20.648434 0.000000
2.000000 6.000000 0.000000 0.000000 20.212574 0.000000
2.000000 7.000000 0.000000 0.000000 16.407534 0.123705
2.000000 8.000000 0.662322 0.000000 5.165524 0.831343
2.000000 9.000000 1.000000 0.568641 0.000000 1.000000
2.000000 10.000000 1.000000 0.707801 0.000000 1.000000
2.000000 11.000000 1.000000 0.278629 0.000000 1.000000
2.000000 12.000000 0.528362 0.000000 0.000000 0.480406
2.000000 13.000000 0.000000 0.000000 11.896501 0.115219
2.000000 14.000000 0.000000 0.000000 16.716692 0.054489
2.000000 15.000000 0.000000 0.000000 18.019821 0.000000
2.000000 16.000000 0.000000 0.000000 18.206758 0.000000
2.000000 17.000000 0.000000 0.000000 18.447926 0.000000
2.000000 18.000000 0.000000 0.000000 18.637039 0.000000
2.000000 19.000000 0.000000 0.000000 19.161232 0.000000
2.000000 20.000000 0.000000 0.000000 19.784773 0.000000
2.000000 21.000000 0.000000 0.000000 19.741621 0.000000
2.000000 22.000000 0.000000 0.000000 19.734985 0.000000
2.000000 23.000000 0.000000 0.000000 20.387632 0.000000
2.000000 24.000000 0.000000 0.000000 20.351341 0.000000
2.000000 25.000000 0.000000 0.000000 20.225719 0.000000
2.000000 26.000000 0.000000 0.000000 20.338232 0.000000
2.000000 27.000000 0.000000 0.000000 20.654947 0.000000
2.000000 28.000000 0.000000 0.000000 20.839287 0.000000
2.000000 29.000000 0.000000 0.000000 21.000000 0.000000
2.000000 30.000000 0.000000 0.000000 21.000000 0.000000
2.000000 31.000000 0.000000 0.000000 21.000000 0.000000
2.000000 32.000000 0.000000 0.000000 21.000000 0.000000
2.000000 33.000000 0.000000 0.000000 21.000000 0.000000
2.000000 34.000000 0.000000 0.000000 21.000000 0.000000
2.000000 35.000000 0.000000 0.000000 21.000000 0.000000
2.000000 36.000000 0.000000 0.000000 21.000000 0.000000
2.000000 37.000000 0.000000 0.000000 21.000000 0.000000
2.000000 38.000000 0.000000 0.000000 21.000000 0.000000
2.000000 39.000000 0.000000 0.000000 21.000000 0.000000
2.000000 40.000000 0.000000 0.000000 21.000000 0.000000
2.000000 41.000000 0.000000 0.000000 21.000000 0.000000
2.000000 42.000000 0.000000 0.000000 21.000000 0.000000
2.000000 43.000000 0.000000 0.000000 21.000000 0.000000
2.000000 44.000000 0.000000 0.000000 21.000000 0.000000
2.000000 45.000000 0.000000 0.000000 21.000000 0.000000
2.000000 46.000000 0.000000 0.000000 21.000000 0.000000
2.000000 47.000000 0.000000 0.000000 21.000000 0.000000
2.000000 48.000000 0.000000 0.000000 21.000000 0.000000
2.000000 49.000000 0.000000 0.000000 21.000000 0.000000
3.000000 0.000000 0.000000 0.000000 21.000000 0.000000
3.000000 1.000000 0.000000 0.000000 21.000000 0.000000
3.000000 2.000000 0.000000 0.000000 21.000000 0.000000
3.000000 3.000000 0.000000 0.000000 21.000000 0.000000
3.000000 4.000000 0.000000 0.000000 21.000000 0.000000
3.000000 5.000000 0.000000 0.000000 21.000000 0.000000
3.000000 6.000000 0.000000 0.000000 21.000000 0.000000
3.000000 7.000000 0.000000 0.000000 21.000000 0.000000
3.000000 8.000000 0.000000 0.000000 21.000000 0.000000
3.000000 9.000000 0.000000 0.000000 21.000000 0.000000
3.000000 10.000000 0.000000 0.000000 21.000000 0.000000
3.000000 11.000000 0.000000 0.000000 21.000000 0.000000
3.000000 12.000000 0.000000 0.000000 21.000000 0.000000
3.000000 13.000000 0.000000 0.000000 21.000000 0.000000
3.000000 14.000000 0.000000 0.000000 21.000000 0.000000
3.000000 15.000000 0.000000 0.000000 21.000000 0.000000
3.000000 16.000000 0.000000 0.000000 21.000000 0.000000
3.000000 17.000000 0.000000 0.000000 21.000000 0.000000
3.000000 18.000000 0.000000 0.000000 21.000000 0.000000
3.000000 19.000000 0.000000 0.000000 21.000000 0.000000
3.000000 20.000000 0.000000 0.000000 21.000000 0.000000
3.000000 21.000000 0.000000 0.000000 21.000000 0.000000
3.000000 22.000000 0.000000 0.000000 21.000000 0.000000
3.000000 23.000000 0.000000 0.000000 21.000000 0.000000
3.000000 24.000000 0.000000 0.000000 21.000000 0.000000
3.000000 25.000000 0.000000 0.000000 21.000000 0.000000
3.000000 26.000000 0.000000 0.000000 21.000000 0.000000
3.000000 27.000000 0.000000 0.000000 21.000000 0.000000
3.000000 28.000000 0.000000 0.000000 21.000000 0.000000
3.000000 29.000000 0.000000 0.000000 21.000000 0.000000
3.000000 30.000000 0.000000 0.000000 21.000000 0.000000
3.000000 31.000000 0.000000 0.000000 21.000000 0.000000
3.000000 32.000000 0.000000 0.000000 21.000000 0.000000
3.000000 33.000000 0.000000 0.000000 21.000000 0.000000
3.000000 34.000000 0.000000 0.000000 21.000000 0.000000
3.000000 35.000000 0.000000 0.000000 21.000000 0.000000
3.000000 36.000000 0.000000 0.000000 21.000000 0.000000
3.000000 37.000000 0.000000 0.000000 21.000000 0.000000
3.000000 38.000000 0.000000 0.000000 21.000000 0.000000
3.000000 39.000000 0.000000 0.000000 21.000000 0.000000
3.000000 40.000000 0.000000 0.000000 21.000000 0.000000
3.000000 41.000000 0.000000 0.000000 21.000000 0.000000
3.000000 42.000000 0.000000 0.000000 21.000000 0.000000
3.000000 43.000000 0.000000 0.000000 21.000000 0.000000
3.000000 44.000000 0.000000 0.000000 21.000000 0.000000
3.000000 45.000000 0.000000 0.000000 21.000000 0.000000
3.000000 46.000000 0.000000 0.000000 21.000000 0.000000
3.000000 47.000000 0.000000 0.000000 21.000000 0.000000
3.000000 48.000000 0.000000 0.000000 21.000000 0.000000
3.000000 49.000000 0.000000 0.000000 21.000000 0.000000
4.000000 0.000000 0.000000 0.000000 21.000000 0.000000
4.000000 1.000000 0.000000 0.000000 21.000000 0.000000
4.000000 2.000000 0.000000 0.000000 21.000000 0.000000
4.000000 3.000000 0.000000 0.000000 21.000000 0.000000
4.000000 4.000000 0.000000 0.000000 21.000000 0.000000
4.000000 5.000000 0.000000 0.000000 21.000000 0.000000
4.000000 6.000000 0.000000 0.000000 21.000000 0.000000
4.000000 7.000000 0.000000 0.000000 21.000000 0.000000
4.000000 8.000000 0.000000 0.000000 21.000000 0.000000
4.000000 9.000000 0.000000 0.000000 21.000000 0.000000
4.000000 10.000000 0.000000 0.000000 21.000000 0.000000
4.000000 11.000000 0.000000 0.000000 21.000000 0.000000
4.000000 12.000000 0.000000 0.000000 21.000000 0.000000
4.000000 13.000000 0.000000 0.000000 21.000000 0.000000
4.000000 14.000000 0.000000 0.000000 21.000000 0.000000
4.000000 15.000000 0.000000 0.000000 21.000000 0.000000
4.000000 16.000000 0.000000 0.000000 21.000000 0.000000
4.000000 17.000000 0.000000 0.000000 21.000000 0.000000
4.000000 18.000000 0.000000 0.000000 21.000000 0.000000
4.000000 19.000000 0.000000 0.000000 21.000000 0.000000
4.000000 20.000000 0.000000 0.000000 21.000000 0.000000
4.000000 21.000000 0.000000 0.000000 21.000000 0.000000
4.000000 22.000000 0.000000 0.000000 21.000000 0.000000
4.000000 23.000000 0.000000 0.000000 21.000000 0.000000
4.000000 24.000000 0.000000 0.000000 21.000000 0.000000
4.000000 25.000000 0.000000 0.000000 21.000000 0.000000
4.000000 26.000000 0.000000 0.000000 21.000000 0.000000
4.000000 27.000000 0.000000 0.000000 21.000000 0.000000
4.000000 28.000000 0.000000 0.000000 21.000000 0.000000
4.000000 29.000000 0.000000 0.000000 21.000000 0.000000
4.000000 30.000000 0.000000 0.000000 21.000000 0.000000
4.000000 31.000000 0.000000 0.000000 21.000000 0.000000
4.000000 32.000000 0.000000 0.000000 21.000000 0.000000
4.000000 33.000000 0.000000 0.000000 21.000000 0.000000
4.000000 34.000000 0.000000 0.000000 21.000000 0.000000
4.000000 35.000000 0.000000 0.000000 21.000000 0.000000
4.000000 36.000000 0.000000 0.000000 21.000000 0.000000
4.000000 37.000000 0.000000 0.000000 21.000000 0.000000
4.000000 38.000000 0.000000 0.000000 21.000000 0.000000
4.000000 39.000000 0.000000 0.000000 21.000000 0.000000
4.000000 40.000000 0.000000 0.000000 21.000000 0.000000
4.000000 41.000000 0.000000 0.000000 21.000000 0.000000
4.000000 42.000000 0.000000 0.000000 21.000000 0.000000
4.000000 43.000000 0.000000 0.000000 21.000000 0.000000
4.000000 44.000000 0.000000 0.000000 21.000000 0.000000
4.000000 45.000000 0.000000 0.000000 21.000000 0.000000
4.000000 46.000000 0.000000 0.000000 21.000000 0.000000
4.000000 47.000000 0.000000 0.000000 21.000000 0.000000
4.000000 48.000000 0.000000 0.000000 21.000000 0.000000
4.000000 49.000000 0.000000 0.000000 21.000000 0.000000
5.000000 0.000000 0.000000 0.000000 21.000000 0.000000
5.000000 1.000000 0.000000 0.000000 21.000000 0.000000
5.000000 2.000000 0.000000 0.000000 21.000000 0.000000
5.000000 3.000000 0.000000 0.000000 21.000000 0.000000
5.000000 4.000000 0.000000 0.000000 21.000000 0.000000
5.000000 5.000000 0.000000 0.000000 21.000000 0.000000
5.000000 6.000000 0.000000 0.000000 21.000000 0.000000
5.000000 7.000000 0.000000 0.000000 21.000000 0.000000
5.000000 8.000000 0.000000 0.000000 21.000000 0.000000
5.000000 9.000000 0.000000 0.000000 21.000000 0.000000
5.000000 10.000000 0.000000 0.000000 21.000000 0.000000
5.000000 11.000000 0.000000 0.000000 21.000000 0.000000
5.000000 12.000000 0.000000 0.000000 21.000000 0.000000
5.000000 13.000000 0.000000 0.000000 21.000000 0.000000
5.000000 14.000000 0.000000 0.000000 21.000000 0.000000
5.000000 15.000000 0.000000 0.000000 21.000000 0.000000
5.000000 16.000000 0.000000 0.000000 21.000000 0.000000
5.000000 17.000000 0.000000 0.000000 21.000000 0.000000
5.000000 18.000000 0.000000 0.000000 21.000000 0.000000
5.000000 19.000000 0.000000 0.000000 21.000000 0.000000
5.000000 20.000000 0.000000 0.000000 21.000000 0.000000
5.000000 21.000000 0.000000 0.000000 21.000000 0.000000
5.000000 22.000000 0.000000 0.000000 21.000000 0.000000
5.000000 23.000000 0.000000 0.000000 21.000000 0.000000
5.000000 24.000000 0.000000 0.000000 21.000000 0.000000
5.000000 25.000000 0.000000 0.000000 21.000000 0.000000
5.000000 26.000000 0.000000 0.000000 21.000000 0.000000
5.000000 27.000000 0.000000 0.000000 21.000000 0.000000
5.000000 28.000000 0.000000 0.000000 21.000000 0.000000
5.000000 29.000000 0.000000 0.000000 21.000000 0.000000
5.000000 30.000000 0.000000 0.000000 21.000000 0.000000
5.000000 31.000000 0.000000 0.000000 21.000000 0.000000
5.000000 32.000000 0.000000 0.000000 21.000000 0.000000
5.000000 33.000000 0.000000 0.000000 21.000000 0.000000
5.000000 34.000000 0.000000 0.000000 21.000000 0.000000
5.000000 35.000000 0.000000 0.000000 21.000000 0.000000
5.000000 36.000000 0.000000 0.000000 21.000000 0.000000
5.000000 37.000000 0.000000 0.000000 21.000000 0.000000
5.000000 38.000000 0.000000 0.000000 21.000000 0.000000
5.000000 39.000000 0.000000 0.000000 21.000000 0.000000
5.000000 40.000000 0.000000 0.000000 21.000000 0.000000
5.000000 41.000000 0.000000 0.000000 21.000000 0.000000
5.000000 42.000000 0.000000 0.000000 21.000000 0.000000
5.000000 43.000000 0.000000 0.000000 21.000000 0.000000
5.000000 44.000000 0.000000 0.000000 21.000000 0.000000
5.000000 45.000000 0.000000 0.000000 21.000000 0.000000
5.000000 46.000000 0.000000 0.000000 21.000000 0.000000
5.000000 47.000000 0.000000 0.000000 21.000000 0.000000
5.000000 48.000000 0.000000 0.000000 21.000000 0.000000
5.000000 49.000000 0.000000 0.000000 21.000000 0.000000
6.000000 0.000000 0.000000 0.000000 21.000000 0.000000
6.000000 1.000000 0.000000 0.000000 21.000000 0.000000
6.000000 2.000000 0.000000 0.000000 21.000000 0.000000
6.000000 3.000000 0.000000 0.000000 21.000000 0.000000
6.000000 4.000000 0.000000 0.000000 21.000000 0.000000
6.000000 5.000000 0.000000 0.000000 20.671589 0.000000
6.000000 6.000000 0.000000 0.000000 20.892023 0.000000
6.000000 7.000000 0.000000 0.000000 19.388762 0.000000
6.000000 8.000000 0.073553 0.000000 12.509933 0.369526
6.000000 9.000000 1.000000 0.181665 0.000000 1.000000
6.000000 10.000000 1.000000 0.832235 0.000000 1.000000
6.000000 11.000000 1.000000 0.452226 0.000000 1.000000
6.000000 12.000000 0.992072 0.080662 0.000000 0.821778
6.000000 13.000000 0.135456 0.000000 1.415204 0.221879
6.000000 14.000000 0.200148 0.000000 17.795376 0.214205
6.000000 15.000000 0.000000 0.000000 20.313076 0.048986
6.000000 16.000000 0.000000 0.000000 18.793238 0.000000
6.000000 17.000000 0.000000 0.000000 19.666351 0.000000
6.000000 18.000000 0.000000 0.000000 19.496632 0.000000
6.000000 19.000000 0.000000 0.000000 19.302692 0.000000
6.000000 20.000000 0.000000 0.000000 18.981531 0.000000
6.000000 21.000000 0.000000 0.000000 19.568722 0.000000
6.000000 22.000000 0.000000 0.000000 18.485657 0.000000
6.000000 23.000000 0.000000 0.000000 19.568722 0.000000
6.000000 24.000000 0.000000 0.000000 19.452183 0.000000
6.000000 25.000000 0.000000 0.000000 19.957376 0.000000
6.000000 26.000000 0.000000 0.000000 19.638580 0.000000
6.000000 27.000000 0.000000 0.000000 20.245417 0.000000
6.000000 28.000000 0.000000 0.000000 20.608627 0.000000
6.000000 29.000000 0.000000 0.000000 20.875378 0.000000
6.000000 30.000000 0.000000 0.000000 21.000000 0.000000
6.000000 31.000000 0.000000 0.000000 21.000000 0.000000
6.000000 32.000000 0.000000 0.000000 21.000000 0.000000
6.000000 33.000000 0.000000 0.000000 21.000000 0.000000
6.000000 34.000000 0.000000 0.000000 21.000000 0.000000
6.000000 35.000000 0.000000 0.000000 21.000000 0.000000
6.000000 36.000000 0.000000 0.000000 21.000000 0.000000
6.000000 37.000000 0.000000 0.000000 21.000000 0.000000
6.000000 38.000000 0.000000 0.000000 21.000000 0.000000
6.000000 39.000000 0.000000 0.000000 21.000000 0.000000
6.000000 40.000000 0.000000 0.000000 21.000000 0.000000
6.000000 41.000000 0.000000 0.000000 21.000000 0.000000
6.000000 42.000000 0.000000 0.000000 21.000000 0.000000
6.000000 43.000000 0.000000 0.000000 21.000000 0.000000
6.000000 44.000000 0.000000 0.000000 21.000000 0.000000
6.000000 45.000000 0.000000 0.000000 21.000000 0.000000
6.000000 46.000000 0.000000 0.000000 21.000000 0.000000
6.000000 47.000000 0.000000 0.000000 21.000000 0.000000
6.000000 48.000000 0.000000 0.000000 21.000000 0.000000
6.000000 49.000000 0.000000 0.000000 21.000000 0.000000
7.000000 0.000000 0.000000 0.000000 21.000000 0.000000
7.000000 1.000000 0.000000 0.000000 21.000000 0.000000
7.000000 2.000000 0.000000 0.000000 21.000000 0.000000
7.000000 3.000000 0.000000 0.000000 21.000000 0.000000
7.000000 4.000000 0.000000 0.000000 21.000000 0.000000
7.000000 5.000000 0.000000 0.000000 19.538692 0.000000
7.000000 6.000000 0.633959 0.000000 5.567428 0.808631
7.000000 7.000000 1.000000 0.786196 0.000000 1.000000
7.000000 8.000000 1.000000 0.798740 0.000000 1.000000
7.000000 9.000000 1.000000 0.235536 0.000000 1.000000
7.000000 10.000000 0.791336 0.000000 0.000000 0.701077
7.000000 11.000000 0.014271 0.000000 6.738415 0.192840
7.000000 12.000000 0.000000 0.000000 16.883701 0.043879
7.000000 13.000000 0.000000 0.000000 18.591528 0.000000
7.000000 14.000000 0.000000 0.000000 19.639261 0.000000
7.000000 15.000000 0.000000 0.000000 20.468954 0.000000
7.000000 16.000000 0.000000 0.000000 21.000000 0.000000
7.000000 17.000000 0.000000 0.000000 21.000000 0.000000
7.000000 18.000000 0.000000 0.000000 21.000000 0.000000
7.000000 19.000000 0.000000 0.000000 21.000000 0.000000
7.000000 20.000000 0.000000 0.000000 21.000000 0.000000
7.000000 21.000000 0.000000 0.000000 21.000000 0.000000
7.000000 22.000000 0.000000 0.000000 21.000000 0.000000
7.000000 23.000000 0.000000 0.000000 21.000000 0.000000
7.000000 24.000000 0.000000 0.000000 21.000000 0.000000
7.000000 25.000000 0.000000 0.000000 21.000000 0.000000
7.000000 26.000000 0.000000 0.000000 21.000000 0.000000
7.000000 27.000000 0.000000 0.000000 21.000000 0.000000
7.000000 28.000000 0.000000 0.000000 21.000000 0.000000
7.000000 29.000000 0.000000 0.000000 21.000000 0.000000
7.000000 30.000000 0.000000 0.000000 21.000000 0.000000
7.000000 31.000000 0.000000 0.000000 21.000000 0.000000
7.000000 32.000000 0.000000 0.000000 21.000000 0.000000
7.000000 33.000000 0.000000 0.000000 21.000000 0.000000
7.000000 34.000000 0.000000 0.000000 21.000000 0.000000
7.000000 35.000000 0.000000 0.000000 21.000000 0.000000
7.000000 36.000000 0.000000 0.000000 21.000000 0.000000
7.000000 37.000000 0.000000 0.000000 21.000000 0.000000
7.000000 38.000000 0.000000 0.000000 21.000000 0.000000
7.000000 39.000000 0.000000 0.000000 21.000000 0.000000
7.000000 40.000000 0.000000 0.000000 21.000000 0.000000
7.000000 41.000000 0.000000 0.000000 21.000000 0.000000
7.000000 42.000000 0.000000 0.000000 21.000000 0.000000
7.000000 43.000000 0.000000 0.000000 21.000000 0.000000
7.000000 44.000000 0.000000 0.000000 21.000000 0.000000
7.000000 45.000000 0.000000 0.000000 21.000000 0.000000
7.000000 46.000000 0.000000 0.000000 21.000000 0.000000
7.000000 47.000000 0.000000 0.000000 21.000000 0.000000
7.000000 48.000000 0.000000 0.000000 21.000000 0.000000
7.000000 49.000000 0.000000 0.000000 21.000000 0.000000
8.000000 0.000000 0.000000 0.000000 21.000000 0.000000
8.000000 1.000000 0.000000 0.000000 21.000000 0.000000
8.000000 2.000000 0.000000 0.000000 20.348307 0.000000
8.000000 3.000000 0.000000 0.000000 18.061090 0.019077
8.000000 4.000000 1.000000 0.000000 0.053665 1.000000
8.000000 5.000000 1.000000 0.828368 0.000000 1.000000
8.000000 6.000000 1.000000 0.494962 0.000000 1.000000
8.000000 7.000000 1.000000 0.042096 0.000000 0.860451
8.000000 8.000000 0.163517 0.000000 1.104465 0.234965
8.000000 9.000000 0.086084 0.000000 18.443026 0.134564
8.000000 10.000000 0.605157 0.000000 21.000000 0.256138
8.000000 11.000000 0.000000 0.000000 18.194328 0.000000
8.000000 12.000000 0.000000 0.000000 19.472937 0.000000
8.000000 13.000000 0.000000 0.000000 19.830662 0.000000
8.000000 14.000000 0.000000 0.000000 19.822830 0.000000
8.000000 15.000000 0.000000 0.000000 20.233982 0.000000
8.000000 16.000000 0.000000 0.000000 19.902855 0.000000
8.000000 17.000000 0.000000 0.000000 19.147991 0.000000
8.000000 18.000000 0.000000 0.000000 19.001738 0.000000
8.000000 19.000000 0.000000 0.000000 19.152056 0.000000
8.000000 20.000000 0.000000 0.000000 20.179289 0.000000
8.000000 21.000000 0.000000 0.000000 20.816156 0.000000
8.000000 22.000000 0.000000 0.000000 20.809669 0.000000
8.000000 23.000000 0.000000 0.000000 20.308472 0.000000
8.000000 24.000000 0.000000 0.000000 20.809669 0.000000
8.000000 25.000000 0.000000 0.000000 21.000000 0.000000
8.000000 26.000000 0.000000 0.000000 21.000000 0.000000
8.000000 27.000000 0.000000 0.000000 21.000000 0.000000
8.000000 28.000000 0.000000 0.000000 21.000000 0.000000
8.000000 29.000000 0.000000 0.000000 21.000000 0.000000
8.000000 30.000000 0.000000 0.000000 21.000000 0.000000
8.000000 31.000000 0.000000 0.000000 21.000000 0.000000
8.000000 32.000000 0.000000 0.000000 21.000000 0.000000
8.000000 33.000000 0.000000 0.000000 21.000000 0.000000
8.000000 34.000000 0.000000 0.000000 21.000000 0.000000
8.000000 35.000000 0.000000 0.000000 21.000000 0.000000
8.000000 36.000000 0.000000 0.000000 21.000000 0.000000
8.000000 37.000000 0.000000 0.000000 21.000000 0.000000
8.000000 38.000000 0.000000 0.000000 21.000000 0.000000
8.000000 39.000000 0.000000 0.000000 21.000000 0.000000
8.000000 40.000000 0.000000 0.000000 21.000000 0.000000
8.000000 41.000000 0.000000 0.000000 21.000000 0.000000
8.000000 42.000000 0.000000 0.000000 21.000000 0.000000
8.000000 43.000000 0.000000 0.000000 21.000000 0.000000
8.000000 44.000000 0.000000 0.000000 21.000000 0.000000
8.000000 45.000000 0.000000 0.000000 21.000000 0.000000
8.000000 46.000000 0.000000 0.000000 21.000000 0.000000
8.000000 47.000000 0.000000 0.000000 21.000000 0.000000
8.000000 48.000000 0.000000 0.000000 21.000000 0.000000
8.000000 49.000000 0.000000 0.000000 21.000000 0.000000
9.000000 0.000000 0.000000 0.000000 21.000000 0.000000
9.000000 1.000000 0.000000 0.000000 21.000000 0.000000
9.000000 2.000000 0.000000 0.000000 21.000000 0.000000
9.000000 3.000000 0.000000 0.000000 20.569502 0.000000
9.000000 4.000000 0.000000 0.000000 15.943083 0.153673
9.000000 5.000000 0.718281 0.000000 4.479423 0.874940
9.000000 6.000000 1.000000 0.504158 0.000000 1.000000
9.000000 7.000000 1.000000 0.616223 0.000000 1.000000
9.000000 8.000000 1.000000 0.272204 0.000000 1.000000
9.000000 9.000000 0.485379 0.000000 0.000000 0.439727
9.000000 10.000000 0.091485 0.000000 10.475455 0.255750
9.000000 11.000000 0.693824 0.000000 21.000000 0.326487
9.000000 12.000000 0.000000 0.000000 17.522766 0.016728
9.000000 13.000000 0.000000 0.000000 17.195841 0.063121
9.000000 14.000000 0.000000 0.000000 17.073557 0.075788
9.000000 15.000000 0.000000 0.000000 17.324278 0.061079
9.000000 16.000000 0.000000 0.000000 17.960787 0.021508
9.000000 17.000000 0.000000 0.000000 17.475853 0.053316
9.000000 18.000000 0.000000 0.000000 18.586769 0.000000
9.000000 19.000000 0.000000 0.000000 19.152056 0.000000
9.000000 20.000000 0.000000 0.000000 19.741621 0.000000
9.000000 21.000000 0.000000 0.000000 20.060070 0.000000
9.000000 22.000000 0.000000 0.000000 19.794785 0.000000
9.000000 23.000000 0.000000 0.000000 20.159561 0.000000
9.000000 24.000000 0.000000 0.000000 20.648434 0.000000
9.000000 25.000000 0.000000 0.000000 20.671589 0.000000
9.000000 26.000000 0.000000 0.000000 21.000000 0.000000
9.000000 27.000000 0.000000 0.000000 21.000000 0.000000
9.000000 28.000000 0.000000 0.000000 21.000000 0.000000
9.000000 29.000000 0.000000 0.000000 21.000000 0.000000
9.000000 30.000000 0.000000 0.000000 21.000000 0.000000
9.000000 31.000000 0.000000 0.000000 21.000000 0.000000
9.000000 32.000000 0.000000 0.000000 21.000000 0.000000
9.000000 33.000000 0.000000 0.000000 21.000000 0.000000
9.000000 34.000000 0.000000 0.000000 21.000000 0.000000
9.000000 35.000000 0.000000 0.000000 21.000000 0.000000
9.000000 36.000000 0.000000 0.000000 21.000000 0.000000
9.000000 37.000000 0.000000 0.000000 21.000000 0.000000
9.000000 38.000000 0.000000 0.000000 21.000000 0.000000
9.000000 39.000000 0.000000 0.000000 21.000000 0.000000
9.000000 40.000000 0.000000 0.000000 21.000000 0.000000
9.000000 41.000000 0.000000 0.000000 21.000000 0.000000
9.000000 42.000000 0.000000 0.000000 21.000000 0.000000
9.000000 43.000000 0.000000 0.000000 21.000000 0.000000
9.000000 44.000000 0.000000 0.000000 21.000000 0.000000
9.000000 45.000000 0.000000 0.000000 21.000000 0.000000
9.000000 46.000000 0.000000 0.000000 21.000000 0.000000
9.000000 47.000000 0.000000 0.000000 21.000000 0.000000
9.000000 48.000000 0.000000 0.000000 21.000000 0.000000
9.000000 49.000000 0.000000 0.000000 21.000000 0.000000
10.000000 0.000000 0.000000 0.000000 21.000000 0.000000
10.000000 1.000000 0.000000 0.000000 21.000000 0.000000
10.000000 2.000000 0.000000 0.000000 21.000000 0.000000
10.000000 3.000000 0.000000 0.000000 21.000000 0.000000
10.000000 4.000000 0.000000 0.000000 21.000000 0.000000
10.000000 5.000000 0.000000 0.000000 21.000000 0.000000
10.000000 6.000000 0.000000 0.000000 21.000000 0.000000
10.000000 7.000000 0.000000 0.000000 21.000000 0.000000
10.000000 8.000000 0.000000 0.000000 21.000000 0.000000
10.000000 9.000000 0.000000 0.000000 21.000000 0.000000
10.000000 10.000000 0.000000 0.000000 21.000000 0.000000
10.000000 11.000000 0.000000 0.000000 21.000000 0.000000
10.000000 12.000000 0.000000 0.000000 21.000000 0.000000
10.000000 13.000000 0.000000 0.000000 21.000000 0.000000
10.000000 14.000000 0.000000 0.000000 21.000000 0.000000
10.000000 15.000000 0.000000 0.000000 21.000000 0.000000
10.000000 16.000000 0.000000 0.000000 21.000000 0.000000
10.000000 17.000000 0.000000 0.000000 21.000000 0.000000
10.000000 18.000000 0.000000 0.000000 21.000000 0.000000
10.000000 19.000000 0.000000 0.000000 21.000000 0.000000
10.000000 20.000000 0.000000 0.000000 21.000000 0.000000
10.000000 21.000000 0.000000 0.000000 21.000000 0.000000
10.000000 22.000000 0.000000 0.000000 21.000000 0.000000
10.000000 23.000000 0.000000 0.000000 21.000000 0.000000
10.000000 24.000000 0.000000 0.000000 21.000000 0.000000
10.000000 25.000000 0.000000 0.000000 21.000000 0.000000
10.000000 26.000000 0.000000 0.000000 21.000000 0.000000
10.000000 27.000000 0.000000 0.000000 21.000000 0.000000
10.000000 28.000000 0.000000 0.000000 21.000000 0.000000
10.000000 29.000000 0.000000 0.000000 21.000000 0.000000
10.000000 30.000000 0.000000 0.000000 21.000000 0.000000
10.000000 31.000000 0.000000 0.000000 21.000000 0.000000
10.000000 32.000000 0.000000 0.000000 21.000000 0.000000
10.000000 33.000000 0.000000 0.000000 21.000000 0.000000
10.000000 34.000000 0.000000 0.000000 21.000000 0.000000
10.000000 35.000000 0.000000 0.000000 21.000000 0.000000
10.000000 36.000000 0.000000 0.000000 21.000000 0.000000
10.000000 37.000000 0.000000 0.000000 21.000000 0.000000
10.000000 38.000000 0.000000 0.000000 21.000000 0.000000
10.000000 39.000000 0.000000 0.000000 21.000000 0.000000
10.000000 40.000000 0.000000 0.000000 21.000000 0.000000
10.000000 41.000000 0.000000 0.000000 21.000000 0.000000
10.000000 42.000000 0.000000 0.000000 21.000000 0.000000
10.000000 43.000000 0.000000 0.000000 21.000000 0.000000
10.000000 44.000000 0.000000 0.000000 21.000000 0.000000
10.000000 45.000000 0.000000 0.000000 21.000000 0.000000
10.000000 46.000000 0.000000 0.000000 21.000000 0.000000
10.000000 47.000000 0.000000 0.000000 21.000000 0.000000
10.000000 48.000000 0.000000 0.000000 21.000000 0.000000
10.000000 49.000000 0.000000 0.000000 21.000000 0.000000
11.000000 0.000000 0.000000 0.000000 21.000000 0.000000
11.000000 1.000000 0.000000 0.000000 21.000000 0.000000
11.000000 2.000000 0.000000 0.000000 21.000000 0.000000
11.000000 3.000000 0.000000 0.000000 21.000000 0.000000
11.000000 4.000000 0.000000 0.000000 21.000000 0.000000
11.000000 5.000000 0.000000 0.000000 21.000000 0.000000
11.000000 6.000000 0.000000 0.000000 21.000000 0.000000
11.000000 7.000000 0.000000 0.000000 21.000000 0.000000
11.000000 8.000000 0.000000 0.000000 21.000000 0.000000
11.000000 9.000000 0.000000 0.000000 21.000000 0.000000
11.000000 10.000000 0.000000 0.000000 21.000000 0.000000
11.000000 11.000000 0.000000 0.000000 21.000000 0.000000
11.000000 12.000000 0.000000 0.000000 21.000000 0.000000
11.000000 13.000000 0.000000 0.000000 21.000000 0.000000
11.000000 14.000000 0.000000 0.000000 21.000000 0.000000
11.000000 15.000000 0.000000 0.000000 21.000000 0.000000
11.000000 16.000000 0.000000 0.000000 21.000000 0.000000
11.000000 17.000000 0.000000 0.000000 21.000000 0.000000
11.000000 18.000000 0.000000 0.000000 21.000000 0.000000
11.000000 19.000000 0.000000 0.000000 21.000000 0.000000
11.000000 20.000000 0.000000 0.000000 21.000000 0.000000
11.000000 21.000000 0.000000 0.000000 21.000000 0.000000
11.000000 22.000000 0.000000 0.000000 21.000000 0.000000
11.000000 23.000000 0.000000 0.000000 21.000000 0.000000
11.000000 24.000000 0.000000 0.000000 21.000000 0.000000
11.000000 25.000000 0.000000 0.000000 21.000000 0.000000
11.000000 26.000000 0.000000 0.000000 21.000000 0.000000
11.000000 27.000000 0.000000 0.000000 21.000000 0.000000
11.000000 28.000000 0.000000 0.000000 21.000000 0.000000
11.000000 29.000000 0.000000 0.000000 21.000000 0.000000
11.000000 30.000000 0.000000 0.000000 21.000000 0.000000
11.000000 31.000000 0.000000 0.000000 21.000000 0.000000
11.000000 32.000000 0.000000 0.000000 21.000000 0.000000
11.000000 33.000000 0.000000 0.000000 21.000000 0.000000
11.000000 34.000000 0.000000 0.000000 21.000000 0.000000
11.000000 35.000000 0.000000 0.000000 21.000000 0.000000
11.000000 36.000000 0.000000 0.000000 21.000000 0.000000
11.000000 37.000000 0.000000 0.000000 21.000000 0.000000
11.000000 38.000000 0.000000 0.000000 21.000000 0.000000
11.000000 39.000000 0.000000 0.000000 21.000000 0.000000
11.000000 40.000000 0.000000 0.000000 21.000000 0.000000
11.000000 41.000000 0.000000 0.000000 21.000000 0.000000
11.000000 42.000000 0.000000 0.000000 21.000000 0.000000
11.000000 43.000000 0.000000 0.000000 21.000000 0.000000
11.000000 44.000000 0.000000 0.000000 21.000000 0.000000
11.000000 45.000000 0.000000 0.000000 21.000000 0.000000
11.000000 46.000000 0.000000 0.000000 21.000000 0.000000
11.000000 47.000000 0.000000 0.000000 21.000000 0.000000
11.000000 48.000000 0.000000 0.000000 21.000000 0.000000
11.000000 49.000000 0.000000 0.000000 21.000000 0.000000
12.000000 0.000000 0.000000 0.000000 21.000000 0.000000
12.000000 1.000000 0.000000 0.000000 21.000000 0.000000
12.000000 2.000000 0.000000 0.000000 21.000000 0.000000
12.000000 3.000000 0.000000 0.000000 21.000000 0.000000
12.000000 4.000000 0.000000 0.000000 21.000000 0.000000
12.000000 5.000000 0.000000 0.000000 21.000000 0.000000
12.000000 6.000000 0.000000 0.000000 21.000000 0.000000
12.000000 7.000000 0.000000 0.000000 21.000000 0.000000
12.000000 8.000000 0.000000 0.000000 21.000000 0.000000
12.000000 9.000000 0.000000 0.000000 21.000000 0.000000
12.000000 10.000000 0.000000 0.000000 21.000000 0.000000
12.000000 11.000000 0.000000 0.000000 21.000000 0.000000
12.000000 12.000000 0.000000 0.000000 21.000000 0.000000
12.000000 13.000000 0.000000 0.000000 21.000000 0.000000
12.000000 14.000000 0.000000 0.000000 21.000000 0.000000
12.000000 15.000000 0.000000 0.000000 21.000000 0.000000
12.000000 16.000000 0.000000 0.000000 21.000000 0.000000
12.000000 17.000000 0.000000 0.000000 21.000000 0.000000
12.000000 18.000000 0.000000 0.000000 21.000000 0.000000
12.000000 19.000000 0.000000 0.000000 21.000000 0.000000
12.000000 20.000000 0.000000 0.000000 21.000000 0.000000
12.000000 21.000000 0.000000 0.000000 21.000000 0.000000
12.000000 22.000000 0.000000 0.000000 21.000000 0.000000
12.000000 23.000000 0.000000 0.000000 21.000000 0.000000
12.000000 24.000000 0.000000 0.000000 21.000000 0.000000
12.000000 25.000000 0.000000 0.000000 21.000000 0.000000
12.000000 26.000000 0.000000 0.000000 21.000000 0.000000
12.000000 27.000000 0.000000 0.000000 21.000000 0.000000
12.000000 28.000000 0.000000 0.000000 21.000000 0.000000
12.000000 29.000000 0.000000 0.000000 21.000000 0.000000
12.000000 30.000000 0.000000 0.000000 21.000000 0.000000
12.000000 31.000000 0.000000 0.000000 21.000000 0.000000
12.000000 32.000000 0.000000 0.000000 21.000000 0.000000
12.000000 33.000000 0.000000 0.000000 21.000000 0.000000
12.000000 34.000000 0.000000 0.000000 21.000000 0.000000
12.000000 35.000000 0.000000 0.000000 21.000000 0.000000
12.000000 36.000000 0.000000 0.000000 21.000000 0.000000
12.000000 37.000000 0.000000 0.000000 21.000000 0.000000
12.000000 38.000000 0.000000 0.000000 21.000000 0.000000
12.000000 39.000000 0.000000 0.000000 21.000000 0.000000
12.000000 40.000000 0.000000 0.000000 21.000000 0.000000
12.000000 41.000000 0.000000 0.000000 21.000000 0.000000
12.000000 42.000000 0.000000 0.000000 21.000000 0.000000
12.000000 43.000000 0.000000 0.000000 21.000000 0.000000
12.000000 44.000000 0.000000 0.000000 21.000000 0.000000
12.000000 45.000000 0.000000 0.000000 21.000000 0.000000
12.000000 46.000000 0.000000 0.000000 21.000000 0.000000
12.000000 47.000000 0.000000 0.000000 21.000000 0.000000
12.000000 48.000000 0.000000 0.000000 21.000000 0.000000
12.000000 49.000000 0.000000 0.000000 21.000000 0.000000
13.000000 0.000000 0.000000 0.000000 21.000000 0.000000
13.000000 1.000000 0.000000 0.000000 21.000000 0.000000
13.000000 2.000000 0.000000 0.000000 21.000000 0.000000
13.000000 3.000000 0.000000 0.000000 21.000000 0.000000
13.000000 4.000000 0.000000 0.000000 21.000000 0.000000
13.000000 5.000000 0.000000 0.000000 21.000000 0.000000
13.000000 6.000000 0.000000 0.000000 21.000000 0.000000
13.000000 7.000000 0.000000 0.000000 21.000000 0.000000
13.000000 8.000000 0.000000 0.000000 21.000000 0.000000
13.000000 9.000000 0.000000 0.000000 21.000000 0.000000
13.000000 10.000000 0.000000 0.000000 21.000000 0.000000
13.000000 11.000000 0.000000 0.000000 21.000000 0.000000
13.000000 12.000000 0.000000 0.000000 21.000000 0.000000
13.000000 13.000000 0.000000 0.000000 21.000000 0.000000
13.000000 14.000000 0.000000 0.000000 21.000000 0.000000
13.000000 15.000000 0.000000 0.000000 21.000000 0.000000
13.000000 16.000000 0.000000 0.000000 21.000000 0.000000
13.000000 17.000000 0.000000 0.000000 21.000000 0.000000
13.000000 18.000000 0.000000 0.000000 21.000000 0.000000
13.000000 19.000000 0.000000 0.000000 21.000000 0.000000
13.000000 20.000000 0.000000 0.000000 21.000000 0.000000
13.000000 21.000000 0.000000 0.000000 21.000000 0.000000
13.000000 22.000000 0.000000 0.000000 21.000000 0.000000
13.000000 23.000000 0.000000 0.000000 21.000000 0.000000
13.000000 24.000000 0.000000 0.000000 21.000000 0.000000
13.000000 25.000000 0.000000 0.000000 21.000000 0.000000
13.000000 26.000000 0.000000 0.000000 21.000000 0.000000
13.000000 27.000000 0.000000 0.000000 21.000000 0.000000
13.000000 28.000000 0.000000 0.000000 21.000000 0.000000
13.000000 29.000000 0.000000 0.000000 21.000000 0.000000
13.000000 30.000000 0.000000 0.000000 21.000000 0.000000
13.000000 31.000000 0.000000 0.000000 21.000000 0.000000
13.000000 32.000000 0.000000 0.000000 21.000000 0.000000
13.000000 33.000000 0.000000 0.000000 21.000000 0.000000
13.000000 34.000000 0.000000 0.000000 21.000000 0.000000
13.000000 35.000000 0.000000 0.000000 21.000000 0.000000
13.000000 36.000000 0.000000 0.000000 21.000000 0.000000
13.000000 37.000000 0.000000 0.000000 21.000000 0.000000
13.000000 38.000000 0.000000 0.000000 21.000000 0.000000
13.000000 39.000000 0.000000 0.000000 21.000000 0.000000
13.000000 40.000000 0.000000 0.000000 21.000000 0.000000
13.000000 41.000000 0.000000 0.000000 21.000000 0.000000
13.000000 42.000000 0.000000 0.000000 21.000000 0.000000
13.000000 43.000000 0.000000 0.000000 21.000000 0.000000
13.000000 44.000000 0.000000 0.000000 21.000000 0.000000
13.000000 45.000000 0.000000 0.000000 21.000000 0.000000
13.000000 46.000000 0.000000 0.000000 21.000000 0.000000
13.000000 47.000000 0.000000 0.000000 21.000000 0.000000
13.000000 48.000000 0.000000 0.000000 21.000000 0.000000
13.000000 49.000000 0.000000 0.000000 21.000000 0.000000
14.000000 0.000000 0.000000 0.000000 21.000000 0.000000
14.000000 1.000000 0.000000 0.000000 21.000000 0.000000
14.000000 2.000000 0.000000 0.000000 21.000000 0.000000
14.000000 3.000000 0.000000 0.000000 21.000000 0.000000
14.000000 4.000000 0.000000 0.000000 21.000000 0.000000
14.000000 5.000000 0.000000 0.000000 21.000000 0.000000
14.000000 6.000000 0.000000 0.000000 21.000000 0.000000
14.000000 7.000000 0.000000 0.000000 21.000000 0.000000
14.000000 8.000000 0.000000 0.000000 21.000000 0.000000
14.000000 9.000000 0.000000 0.000000 21.000000 0.000000
14.000000 10.000000 0.000000 0.000000 21.000000 0.000000
14.000000 11.000000 0.000000 0.000000 21.000000 0.000000
14.000000 12.000000 0.000000 0.000000 21.000000 0.000000
14.000000 13.000000 0.000000 0.000000 21.000000 0.000000
14.000000 14.000000 0.000000 0.000000 21.000000 0.000000
14.000000 15.000000 0.000000 0.000000 21.000000 0.000000
14.000000 16.000000 0.000000 0.000000 21.000000 0.000000
14.000000 17.000000 0.000000 0.000000 21.000000 0.000000
14.000000 18.000000 0.000000 0.000000 21.000000 0.000000
14.000000 19.000000 0.000000 0.000000 21.000000 0.000000
14.000000 20.000000 0.000000 0.000000 21.000000 0.000000
14.000000 21.000000 0.000000 0.000000 21.000000 0.000000
14.000000 22.000000 0.000000 0.000000 21.000000 0.000000
14.000000 23.000000 0.000000 0.000000 21.000000 0.000000
14.000000 24.000000 0.000000 0.000000 21.000000 0.000000
14.000000 25.000000 0.000000 0.000000 21.000000 0.000000
14.000000 26.000000 0.000000 0.000000 21.000000 0.000000
14.000000 27.000000 0.000000 0.000000 21.000000 0.000000
14.000000 28.000000 0.000000 0.000000 21.000000 0.000000
14.000000 29.000000 0.000000 0.000000 21.000000 0.000000
14.000000 30.000000 0.000000 0.000000 21.000000 0.000000
14.000000 31.000000 0.000000 0.000000 21.000000 0.000000
14.000000 32.000000 0.000000 0.000000 21.000000 0.000000
14.000000 33.000000 0.000000 0.000000 21.000000 0.000000
14.000000 34.000000 0.000000 0.000000 21.000000 0.000000
14.000000 35.000000 0.000000 0.000000 21.000000 0.000000
14.000000 36.000000 0.000000 0.000000 21.000000 0.000000
14.000000 37.000000 0.000000 0.000000 21.000000 0.000000
14.000000 38.000000 0.000000 0.000000 21.000000 0.000000
14.000000 39.000000 0.000000 0.000000 21.000000 0.000000
14.000000 40.000000 0.000000 0.000000 21.000000 0.000000
14.000000 41.000000 0.000000 0.000000 21.000000 0.000000
14.000000 42.000000 0.000000 0.000000 21.000000 0.000000
14.000000 43.000000 0.000000 0.000000 21.000000 0.000000
14.000000 44.000000 0.000000 0.000000 21.000000 0.000000
14.000000 45.000000 0.000000 0.000000 21.000000 0.000000
14.000000 46.000000 0.000000 0.000000 21.000000 0.000000
14.000000 47.000000 0.000000 0.000000 21.000000 0.000000
14.000000 48.000000 0.000000 0.000000 21.000000 0.000000
14.000000 49.000000 0.000000 0.000000 21.000000 0.000000
15.000000 0.000000 0.000000 0.000000 21.000000 0.000000
15.000000 1.000000 0.000000 0.000000 21.000000 0.000000
15.000000 2.000000 0.000000 0.000000 21.000000 0.000000
15.000000 3.000000 0.000000 0.000000 21.000000 0.000000
15.000000 4.000000 0.000000 0.000000 21.000000 0.000000
15.000000 5.000000 0.000000 0.000000 21.000000 0.000000
15.000000 6.000000 0.000000 0.000000 21.000000 0.000000
15.000000 7.000000 0.000000 0.000000 21.000000 0.000000
15.000000 8.000000 0.000000 0.000000 21.000000 0.000000
15.000000 9.000000 0.000000 0.000000 21.000000 0.000000
15.000000 10.000000 0.000000 0.000000 21.000000 0.000000
15.000000 11.000000 0.000000 0.000000 21.000000 0.000000
15.000000 12.000000 0.000000 0.000000 21.000000 0.000000
15.000000 13.000000 0.000000 0.000000 21.000000 0.000000
15.000000 14.000000 0.000000 0.000000 21.000000 0.000000
15.000000 15.000000 0.000000 0.000000 21.000000 0.000000
15.000000 16.000000 0.000000 0.000000 21.000000 0.000000
15.000000 17.000000 0.000000 0.000000 21.000000 0.000000
15.000000 18.000000 0.000000 0.000000 21.000000 0.000000
15.000000 19.000000 0.000000 0.000000 21.000000 0.000000
15.000000 20.000000 0.000000 0.000000 21.000000 0.000000
15.000000 21.000000 0.000000 0.000000 21.000000 0.000000
15.000000 22.000000 0.000000 0.000000 21.000000 0.000000
15.000000 23.000000 0.000000 0.000000 21.000000 0.000000
15.000000 24.000000 0.000000 0.000000 21.000000 0.000000
15.000000 25.000000 0.000000 0.000000 21.000000 0.000000
15.000000 26.000000 0.000000 0.000000 21.000000 0.000000
15.000000 27.000000 0.000000 0.000000 21.000000 0.000000
15.000000 28.000000 0.000000 0.000000 21.000000 0.000000
15.000000 29.000000 0.000000 0.000000 21.000000 0.000000
15.000000 30.000000 0.000000 0.000000 21.000000 0.000000
15.000000 31.000000 0.000000 0.000000 21.000000 0.000000
15.000000 32.000000 0.000000 0.000000 21.000000 0.000000
15.000000 33.000000 0.000000 0.000000 21.000000 0.000000
15.000000 34.000000 0.000000 0.000000 21.000000 0.000000
15.000000 35.000000 0.000000 0.000000 21.000000 0.000000
15.000000 36.000000 0.000000 0.000000 21.000000 0.000000
15.000000 37.000000 0.000000 0.000000 21.000000 0.000000
15.000000 38.000000 0.000000 0.000000 21.000000 0.000000
15.000000 39.000000 0.000000 0.000000 21.000000 0.000000
15.000000 40.000000 0.000000 0.000000 21.000000 0.000000
15.000000 41.000000 0.000000 0.000000 21.000000 0.000000
15.000000 42.000000 0.000000 0.000000 21.000000 0.000000
15.000000 43.000000 0.000000 0.000000 21.000000 0.000000
15.000000 44.000000 0.000000 0.000000 21.000000 0.000000
15.000000 45.000000 0.000000 0.000000 21.000000 0.000000
15.000000 46.000000 0.000000 0.000000 21.000000 0.000000
15.000000 47.000000 0.000000 0.000000 21.000000 0.000000
15.000000 48.000000 0.000000 0.000000 21.000000 0.000000
15.000000 49.000000 0.000000 0.000000 21.000000 0.000000
16.000000 0.000000 0.000000 0.000000 21.000000 0.000000
16.000000 1.000000 0.000000 0.000000 21.000000 0.000000
16.000000 2.000000 0.000000 0.000000 21.000000 0.000000
16.000000 3.000000 0.000000 0.000000 21.000000 0.000000
16.000000 4.000000 0.000000 0.000000 21.000000 0.000000
16.000000 5.000000 0.000000 0.000000 21.000000 0.000000
16.000000 6.000000 0.000000 0.000000 21.000000 0.000000
16.000000 7.000000 0.000000 0.000000 21.000000 0.000000
16.000000 8.000000 0.000000 0.000000 21.000000 0.000000
16.000000 9.000000 0.000000 0.000000 21.000000 0.000000
16.000000 10.000000 0.000000 0.000000 21.000000 0.000000
16.000000 11.000000 0.000000 0.000000 21.000000 0.000000
16.000000 12.000000 0.000000 0.000000 21.000000 0.000000
16.000000 13.000000 0.000000 0.000000 21.000000 0.000000
16.000000 14.000000 0.000000 0.000000 21.000000 0.000000
16.000000 15.000000 0.000000 0.000000 21.000000 0.000000
16.000000 16.000000 0.000000 0.000000 21.000000 0.000000
16.000000 17.000000 0.000000 0.000000 21.000000 0.000000
16.000000 18.000000 0.000000 0.000000 21.000000 0.000000
16.000000 19.000000 0.000000 0.000000 21.000000 0.000000
16.000000 20.000000 0.000000 0.000000 21.000000 0.000000
16.000000 21.000000 0.000000 0.000000 21.000000 0.000000
16.000000 22.000000 0.000000 0.000000 21.000000 0.000000
16.000000 23.000000 0.000000 0.000000 21.000000 0.000000
16.000000 24.000000 0.000000 0.000000 21.000000 0.000000
16.000000 25.000000 0.000000 0.000000 21.000000 0.000000
16.000000 26.000000 0.000000 0.000000 21.000000 0.000000
16.000000 27.000000 0.000000 0.000000 21.000000 0.000000
16.000000 28.000000 0.000000 0.000000 21.000000 0.000000
16.000000 29.000000 0.000000 0.000000 21.000000 0.000000
16.000000 30.000000 0.000000 0.000000 21.000000 0.000000
16.000000 31.000000 0.000000 0.000000 21.000000 0.000000
16.000000 32.000000 0.000000 0.000000 21.000000 0.000000
16.000000 33.000000 0.000000 0.000000 21.000000 0.000000
16.000000 34.000000 0.000000 0.000000 21.000000 0.000000
16.000000 35.000000 0.000000 0.000000 21.000000 0.000000
16.000000 36.000000 0.000000 0.000000 21.000000 0.000000
16.000000 37.000000 0.000000 0.000000 21.000000 0.000000
16.000000 38.000000 0.000000 0.000000 21.000000 0.000000
16.000000 39.000000 0.000000 0.000000 21.000000 0.000000
16.000000 40.000000 0.000000 0.000000 21.000000 0.000000
16.000000 41.000000 0.000000 0.000000 21.000000 0.000000
16.000000 42.000000 0.000000 0.000000 21.000000 0.000000
16.000000 43.000000 0.000000 0.000000 21.000000 0.000000
16.000000 44.000000 0.000000 0.000000 21.000000 0.000000
16.000000 45.000000 0.000000 0.000000 21.000000 0.000000
16.000000 46.000000 0.000000 0.000000 21.000000 0.000000
16.000000 47.000000 0.000000 0.000000 21.000000 0.000000
16.000000 48.000000 0.000000 0.000000 21.000000 0.000000
16.000000 49.000000 0.000000 0.000000 21.000000 0.000000
17.000000 0.000000 0.000000 0.000000 21.000000 0.000000
17.000000 1.000000 0.000000 0.000000 21.000000 0.000000
17.000000 2.000000 0.000000 0.000000 21.000000 0.000000
17.000000 3.000000 0.000000 0.000000 20.915146 0.000000
17.000000 4.000000 0.000000 0.000000 20.235785 0.000000
17.000000 5.000000 0.656385 0.000000 5.284745 0.826197
17.000000 6.000000 1.000000 0.528632 0.000000 1.000000
17.000000 7.000000 1.000000 0.631015 0.000000 1.000000
17.000000 8.000000 1.000000 0.275492 0.000000 1.000000
17.000000 9.000000 0.693238 0.000000 0.000000 0.610697
17.000000 10.000000 0.000000 0.000000 9.664569 0.075181
17.000000 11.000000 0.000000 0.000000 17.080994 0.034579
17.000000 12.000000 0.000000 0.000000 18.463961 0.000000
17.000000 13.000000 0.000000 0.000000 19.079456 0.000000
17.000000 14.000000 0.000000 0.000000 19.593462 0.000000
17.000000 15.000000 0.000000 0.000000 19.980114 0.000000
17.000000 16.000000 0.000000 0.000000 20.638340 0.000000
17.000000 17.000000 0.000000 0.000000 21.000000 0.000000
17.000000 18.000000 0.000000 0.000000 21.000000 0.000000
17.000000 19.000000 0.000000 0.000000 21.000000 0.000000
17.000000 20.000000 0.000000 0.000000 21.000000 0.000000
17.000000 21.000000 0.000000 0.000000 21.000000 0.000000
17.000000 22.000000 0.000000 0.000000 21.000000 0.000000
17.000000 23.000000 0.000000 0.000000 21.000000 0.000000
17.000000 24.000000 0.000000 0.000000 21.000000 0.000000
17.000000 25.000000 0.000000 0.000000 21.000000 0.000000
17.000000 26.000000 0.000000 0.000000 21.000000 0.000000
17.000000 27.000000 0.000000 0.000000 21.000000 0.000000
17.000000 28.000000 0.000000 0.000000 21.000000 0.000000
17.000000 29.000000 0.000000 0.000000 21.000000 0.000000
17.000000 30.000000 0.000000 0.000000 21.000000 0.000000
17.000000 31.000000 0.000000 0.000000 21.000000 0.000000
17.000000 32.000000 0.000000 0.000000 21.000000 0.000000
17.000000 33.000000 0.000000 0.000000 21.000000 0.000000
17.000000 34.000000 0.000000 0.000000 21.000000 0.000000
17.000000 35.000000 0.000000 0.000000 21.000000 0.000000
17.000000 36.000000 0.000000 0.000000 21.000000 0.000000
17.000000 37.000000 0.000000 0.000000 21.000000 0.000000
17.000000 38.000000 0.000000 0.000000 21.000000 0.000000
17.000000 39.000000 0.000000 0.000000 21.000000 0.000000
17.000000 40.000000 0.000000 0.000000 21.000000 0.000000
17.000000 41.000000 0.000000 0.000000 21.000000 0.000000
17.000000 42.000000 0.000000 0.000000 21.000000 0.000000
17.000000 43.000000 0.000000 0.000000 21.000000 0.000000
17.000000 44.000000 0.000000 0.000000 21.000000 0.000000
17.000000 45.000000 0.000000 0.000000 21.000000 0.000000
17.000000 46.000000 0.000000 0.000000 21.000000 0.000000
17.000000 47.000000 0.000000 0.000000 21.000000 0.000000
17.000000 48.000000 0.000000 0.000000 21.000000 0.000000
17.000000 49.000000 0.000000 0.000000 21.000000 0.000000
18.000000 0.000000 0.000000 0.000000 21.000000 0.000000
18.000000 1.000000 0.000000 0.000000 21.000000 0.000000
18.000000 2.000000 0.000000 0.000000 21.000000 0.000000
18.000000 3.000000 0.000000 0.000000 21.000000 0.000000
18.000000 4.000000 0.000000 0.000000 21.000000 0.000000
18.000000 5.000000 0.000000 0.000000 21.000000 0.000000
18.000000 6.000000 0.000000 0.000000 21.000000 0.000000
18.000000 7.000000 0.000000 0.000000 21.000000 0.000000
18.000000 8.000000 0.000000 0.000000 21.000000 0.000000
18.000000 9.000000 0.000000 0.000000 21.000000 0.000000
18.000000 10.000000 0.000000 0.000000 21.000000 0.000000
18.000000 11.000000 0.000000 0.000000 21.000000 0.000000
18.000000 12.000000 0.000000 0.000000 21.000000 0.000000
18.000000 13.000000 0.000000 0.000000 21.000000 0.000000
18.000000 14.000000 0.000000 0.000000 21.000000 0.000000
18.000000 15.000000 0.000000 0.000000 21.000000 0.000000
18.000000 16.000000 0.000000 0.000000 21.000000 0.000000
18.000000 17.000000 0.000000 0.000000 21.000000 0.000000
18.000000 18.000000 0.000000 0.000000 21.000000 0.000000
18.000000 19.000000 0.000000 0.000000 21.000000 0.000000
18.000000 20.000000 0.000000 0.000000 21.000000 0.000000
18.000000 21.000000 0.000000 0.000000 21.000000 0.000000
18.000000 22.000000 0.000000 0.000000 21.000000 0.000000
18.000000 23.000000 0.000000 0.000000 21.000000 0.000000
18.000000 24.000000 0.000000 0.000000 21.000000 0.000000
18.000000 25.000000 0.000000 0.000000 21.000000 0.000000
18.000000 26.000000 0.000000 0.000000 21.000000 0.000000
18.000000 27.000000 0.000000 0.000000 21.000000 0.000000
18.000000 28.000000 0.000000 0.000000 21.000000 0.000000
18.000000 29.000000 0.000000 0.000000 21.000000 0.000000
18.000000 30.000000 0.000000 0.000000 21.000000 0.000000
18.000000 31.000000 0.000000 0.000000 21.000000 0.000000
18.000000 32.000000 0.000000 0.000000 21.000000 0.000000
18.000000 33.000000 0.000000 0.000000 21.000000 0.000000
18.000000 34.000000 0.000000 0.000000 21.000000 0.000000
18.000000 35.000000 0.000000 0.000000 21.000000 0.000000
18.000000 36.000000 0.000000 0.000000 21.000000 0.000000
18.000000 37.000000 0.000000 0.000000 21.000000 0.000000
18.000000 38.000000 0.000000 0.000000 21.000000 0.000000
18.000000 39.000000 0.000000 0.000000 21.000000 0.000000
18.000000 40.000000 0.000000 0.000000 21.000000 0.000000
18.000000 41.000000 0.000000 0.000000 21.000000 0.000000
18.000000 42.000000 0.000000 0.000000 21.000000 0.000000
18.000000 43.000000 0.000000 0.000000 21.000000 0.000000
18.000000 44.000000 0.000000 0.000000 21.000000 0.000000
18.000000 45.000000 0.000000 0.000000 21.000000 0.000000
18.000000 46.000000 0.000000 0.000000 21.000000 0.000000
18.000000 47.000000 0.000000 0.000000 21.000000 0.000000
18.000000 48.000000 0.000000 0.000000 21.000000 0.000000
18.000000 49.000000 0.000000 0.000000 21.000000 0.000000
19.000000 0.000000 0.000000 0.000000 21.000000 0.000000
19.000000 1.000000 0.000000 0.000000 21.000000 0.000000
19.000000 2.000000 0.000000 0.000000 21.000000 0.000000
19.000000 3.000000 0.000000 0.000000 21.000000 0.000000
19.000000 4.000000 0.000000 0.000000 21.000000 0.000000
19.000000 5.000000 0.000000 0.000000 21.000000 0.000000
19.000000 6.000000 0.000000 0.000000 21.000000 0.000000
19.000000 7.000000 0.000000 0.000000 21.000000 0.000000
19.000000 8.000000 0.000000 0.000000 21.000000 0.000000
19.000000 9.000000 0.000000 0.000000 21.000000 0.000000
19.000000 10.000000 0.000000 0.000000 21.000000 0.000000
19.000000 11.000000 0.000000 0.000000 21.000000 0.000000
19.000000 12.000000 0.000000 0.000000 21.000000 0.000000
19.000000 13.000000 0.000000 0.000000 21.000000 0.000000
19.000000 14.000000 0.000000 0.000000 21.000000 0.000000
19.000000 15.000000 0.000000 0.000000 21.000000 0.000000
19.000000 16.000000 0.000000 0.000000 21.000000 0.000000
19.000000 17.000000 0.000000 0.000000 21.000000 0.000000
19.000000 18.000000 0.000000 0.000000 21.000000 0.000000
19.000000 19.000000 0.000000 0.000000 21.000000 0.000000
19.000000 20.000000 0.000000 0.000000 21.000000 0.000000
19.000000 21.000000 0.000000 0.000000 21.000000 0.000000
19.000000 22.000000 0.000000 0.000000 21.000000 0.000000
19.000000 23.000000 0.000000 0.000000 21.000000 0.000000
19.000000 24.000000 0.000000 0.000000 21.000000 0.000000
19.000000 25.000000 0.000000 0.000000 21.000000 0.000000
19.000000 26.000000 0.000000 0.000000 21.000000 0.000000
19.000000 27.000000 0.000000 0.000000 21.000000 0.000000
19.000000 28.000000 0.000000 0.000000 21.000000 0.000000
19.000000 29.000000 0.000000 0.000000 21.000000 0.000000
19.000000 30.000000 0.000000 0.000000 21.000000 0.000000
19.000000 31.000000 0.000000 0.000000 21.000000 0.000000
19.000000 32.000000 0.000000 0.000000 21.000000 0.000000
19.000000 33.000000 0.000000 0.000000 21.000000 0.000000
19.000000 34.000000 0.000000 0.000000 21.000000 0.000000
19.000000 35.000000 0.000000 0.000000 21.000000 0.000000
19.000000 36.000000 0.000000 0.000000 21.000000 0.000000
19.000000 37.000000 0.000000 0.000000 21.000000 0.000000
19.000000 38.000000 0.000000 0.000000 21.000000 0.000000
19.000000 39.000000 0.000000 0.000000 21.000000 0.000000
19.000000 40.000000 0.000000 0.000000 21.000000 0.000000
19.000000 41.000000 0.000000 0.000000 21.000000 0.000000
19.000000 42.000000 0.000000 0.000000 21.000000 0.000000
19.000000 43.000000 0.000000 0.000000 21.000000 0.000000
19.000000 44.000000 0.000000 0.000000 21.000000 0.000000
19.000000 45.000000 0.000000 0.000000 21.000000 0.000000
19.000000 46.000000 0.000000 0.000000 21.000000 0.000000
19.000000 47.000000 0.000000 0.000000 21.000000 0.000000
19.000000 48.000000 0.000000 0.000000 21.000000 0.000000
19.000000 49.000000 0.000000 0.000000 21.000000 0.000000
20.000000 0.000000 0.000000 0.000000 21.000000 0.000000
20.000000 1.000000 0.000000 0.000000 21.000000 0.000000
20.000000 2.000000 0.000000 0.000000 20.974325 0.000000
20.000000 3.000000 0.000000 0.000000 18.753460 0.000000
20.000000 4.000000 0.464907 0.000000 7.643551 0.676713
20.000000 5.000000 1.000000 0.720117 0.000000 1.000000
20.000000 6.000000 1.000000 0.855961 0.000000 1.000000
20.000000 7.000000 1.000000 0.366250 0.000000 1.000000
20.000000 8.000000 0.777727 0.000000 0.000000 0.676058
20.000000 9.000000 0.000000 0.000000 8.175634 0.141976
20.000000 10.000000 0.000000 0.000000 16.299719 0.070376
20.000000 11.000000 0.000000 0.000000 18.333048 0.000000
20.000000 12.000000 0.000000 0.000000 19.598978 0.000000
20.000000 13.000000 0.000000 0.000000 20.088963 0.000000
20.000000 14.000000 0.000000 0.000000 20.271067 0.000000
20.000000 15.000000 0.000000 0.000000 20.784325 0.000000
20.000000 16.000000 0.000000 0.000000 20.996325 0.000000
20.000000 17.000000 0.000000 0.000000 21.000000 0.000000
20.000000 18.000000 0.000000 0.000000 21.000000 0.000000
20.000000 19.000000 0.000000 0.000000 21.000000 0.000000
20.000000 20.000000 0.000000 0.000000 21.000000 0.000000
20.000000 21.000000 0.000000 0.000000 21.000000 0.000000
20.000000 22.000000 0.000000 0.000000 21.000000 0.000000
20.000000 23.000000 0.000000 0.000000 21.000000 0.000000
20.000000 24.000000 0.000000 0.000000 21.000000 0.000000
20.000000 25.000000 0.000000 0.000000 21.000000 0.000000
20.000000 26.000000 0.000000 0.000000 21.000000 0.000000
20.000000 27.000000 0.000000 0.000000 21.000000 0.000000
20.000000 28.000000 0.000000 0.000000 21.000000 0.000000
20.000000 29.000000 0.000000 0.000000 21.000000 0.000000
20.000000 30.000000 0.000000 0.000000 21.000000 0.000000
20.000000 31.000000 0.000000 0.000000 21.000000 0.000000
20.000000 32.000000 0.000000 0.000000 21.000000 0.000000
20.000000 33.000000 0.000000 0.000000 21.000000 0.000000
20.000000 34.000000 0.000000 0.000000 21.000000 0.000000
20.000000 35.000000 0.000000 0.000000 21.000000 0.000000
20.000000 36.000000 0.000000 0.000000 21.000000 0.000000
20.000000 37.000000 0.000000 0.000000 21.000000 0.000000
20.000000 38.000000 0.000000 0.000000 21.000000 0.000000
20.000000 39.000000 0.000000 0.000000 21.000000 0.000000
20.000000 40.000000 0.000000 0.000000 21.000000 0.000000
20.000000 41.000000 0.000000 0.000000 21.000000 0.000000
20.000000 42.000000 0.000000 0.000000 21.000000 0.000000
20.000000 43.000000 0.000000 0.000000 21.000000 0.000000
20.000000 44.000000 0.000000 0.000000 21.000000 0.000000
20.000000 45.000000 0.000000 0.000000 21.000000 0.000000
20.000000 46.000000 0.000000 0.000000 21.000000 0.000000
20.000000 47.000000 0.000000 0.000000 21.000000 0.000000
20.000000 48.000000 0.000000 0.000000 21.000000 0.000000
20.000000 49.000000 0.000000 0.000000 21.000000 0.000000
21.000000 0.000000 0.000000 0.000000 21.000000 0.000000
21.000000 1.000000 0.000000 0.000000 21.000000 0.000000
21.000000 2.000000 0.000000 0.000000 21.000000 0.000000
21.000000 3.000000 0.000000 0.000000 21.000000 0.000000
21.000000 4.000000 0.000000 0.000000 21.000000 0.000000
21.000000 5.000000 0.000000 0.000000 21.000000 0.000000
21.000000 6.000000 0.000000 0.000000 21.000000 0.000000
21.000000 7.000000 0.000000 0.000000 21.000000 0.000000
21.000000 8.000000 0.000000 0.000000 21.000000 0.000000
21.000000 9.000000 0.000000 0.000000 21.000000 0.000000
21.000000 10.000000 0.000000 0.000000 21.000000 0.000000
21.000000 11.000000 0.000000 0.000000 21.000000 0.000000
21.000000 12.000000 0.000000 0.000000 21.000000 0.000000
21.000000 13.000000 0.000000 0.000000 21.000000 0.000000
21.000000 14.000000 0.000000 0.000000 21.000000 0.000000
21.000000 15.000000 0.000000 0.000000 21.000000 0.000000
21.000000 16.000000 0.000000 0.000000 21.000000 0.000000
21.000000 17.000000 0.000000 0.000000 21.000000 0.000000
21.000000 18.000000 0.000000 0.000000 21.000000 0.000000
21.000000 19.000000 0.000000 0.000000 21.000000 0.000000
21.000000 20.000000 0.000000 0.000000 21.000000 0.000000
21.000000 21.000000 0.000000 0.000000 21.000000 0.000000
21.000000 22.000000 0.000000 0.000000 21.000000 0.000000
21.000000 23.000000 0.000000 0.000000 21.000000 0.000000
21.000000 24.000000 0.000000 0.000000 21.000000 0.000000
21.000000 25.000000 0.000000 0.000000 21.000000 0.000000
21.000000 26.000000 0.000000 0.000000 21.000000 0.000000
21.000000 27.000000 0.000000 0.000000 21.000000 0.000000
21.000000 28.000000 0.000000 0.000000 21.000000 0.000000
21.000000 29.000000 0.000000 0.000000 21.000000 0.000000
21.000000 30.000000 0.000000 0.000000 21.000000 0.000000
21.000000 31.000000 0.000000 0.000000 21.000000 0.000000
21.000000 32.000000 0.000000 0.000000 21.000000 0.000000
21.000000 33.000000 0.000000 0.000000 21.000000 0.000000
21.000000 34.000000 0.000000 0.000000 21.000000 0.000000
21.000000 35.000000 0.000000 0.000000 21.000000 0.000000
21.000000 36.000000 0.000000 0.000000 21.000000 0.000000
21.000000 37.000000 0.000000 0.000000 21.000000 0.000000
21.000000 38.000000 0.000000 0.000000 21.000000 0.000000
21.000000 39.000000 0.000000 0.000000 21.000000 0.000000
21.000000 40.000000 0.000000 0.000000 21.000000 0.000000
21.000000 41.000000 0.000000 0.000000 21.000000 0.000000
21.000000 42.000000 0.000000 0.000000 21.000000 0.000000
21.000000 43.000000 0.000000 0.000000 21.000000 0.000000
21.000000 44.000000 0.000000 0.000000 21.000000 0.000000
21.000000 45.000000 0.000000 0.000000 21.000000 0.000000
21.000000 46.000000 0.000000 0.000000 21.000000 0.000000
21.000000 47.000000 0.000000 0.000000 21.000000 0.000000
21.000000 48.000000 0.000000 0.000000 21.000000 0.000000
21.000000 49.000000 0.000000 0.000000 21.000000 0.000000
22.000000 0.000000 0.000000 0.000000 21.000000 0.000000
22.000000 1.000000 0.000000 0.000000 21.000000 0.000000
22.000000 2.000000 0.000000 0.000000 21.000000 0.000000
22.000000 3.000000 0.000000 0.000000 21.000000 0.000000
22.000000 4.000000 0.000000 0.000000 20.569502 0.000000
22.000000 5.000000 0.332231 0.000000 9.335937 0.572285
22.000000 6.000000 1.000000 0.651723 0.000000 1.000000
22.000000 7.000000 1.000000 0.926274 0.000000 1.000000
22.000000 8.000000 1.000000 0.410780 0.000000 1.000000
22.000000 9.000000 0.960963 0.000000 0.000000 0.821632
22.000000 10.000000 0.211024 0.000000 2.138506 0.309236
22.000000 11.000000 0.000000 0.000000 17.462957 0.078281
22.000000 12.000000 0.000000 0.000000 18.319061 0.000000
22.000000 13.000000 0.000000 0.000000 19.335938 0.000000
22.000000 14.000000 0.000000 0.000000 19.853836 0.000000
22.000000 15.000000 0.000000 0.000000 20.520348 0.000000
22.000000 16.000000 0.000000 0.000000 20.710720 0.000000
22.000000 17.000000 0.000000 0.000000 21.000000 0.000000
22.000000 18.000000 0.000000 0.000000 20.987261 0.000000
22.000000 19.000000 0.000000 0.000000 21.000000 0.000000
22.000000 20.000000 0.000000 0.000000 21.000000 0.000000
22.000000 21.000000 0.000000 0.000000 21.000000 0.000000
22.000000 22.000000 0.000000 0.000000 21.000000 0.000000
22.000000 23.000000 0.000000 0.000000 21.000000 0.000000
22.000000 24.000000 0.000000 0.000000 21.000000 0.000000
22.000000 25.000000 0.000000 0.000000 21.000000 0.000000
22.000000 26.000000 0.000000 0.000000 21.000000 0.000000
22.000000 27.000000 0.000000 0.000000 21.000000 0.000000
22.000000 28.000000 0.000000 0.000000 21.000000 0.000000
22.000000 29.000000 0.000000 0.000000 21.000000 0.000000
22.000000 30.000000 0.000000 0.000000 21.000000 0.000000
22.000000 31.000000 0.000000 0.000000 21.000000 0.000000
22.000000 32.000000 0.000000 0.000000 21.000000 0.000000
22.000000 33.000000 0.000000 0.000000 21.000000 0.000000
22.000000 34.000000 0.000000 0.000000 21.000000 0.000000
22.000000 35.000000 0.000000 0.000000 21.000000 0.000000
22.000000 36.000000 0.000000 0.000000 21.000000 0.000000
22.000000 37.000000 0.000000 0.000000 21.000000 0.000000
22.000000 38.000000 0.000000 0.000000 21.000000 0.000000
22.000000 39.000000 0.000000 0.000000 21.000000 0.000000
22.000000 40.000000 0.000000 0.000000 21.000000 0.000000
22.000000 41.000000 0.000000 0.000000 21.000000 0.000000
22.000000 42.000000 0.000000 0.000000 21.000000 0.000000
22.000000 43.000000 0.000000 0.000000 21.000000 0.000000
22.000000 44.000000 0.000000 0.000000 21.000000 0.000000
22.000000 45.000000 0.000000 0.000000 21.000000 0.000000
22.000000 46.000000 0.000000 0.000000 21.000000 0.000000
22.000000 47.000000 0.000000 0.000000 21.000000 0.000000
22.000000 48.000000 0.000000 0.000000 21.000000 0.000000
22.000000 49.000000 0.000000 0.000000 21.000000 0.000000
23.000000 0.000000 0.000000 0.000000 21.000000 0.000000
23.000000 1.000000 0.000000 0.000000 21.000000 0.000000
23.000000 2.000000 0.000000 0.000000 21.000000 0.000000
23.000000 3.000000 0.000000 0.000000 21.000000 0.000000
23.000000 4.000000 0.000000 0.000000 19.158388 0.000000
23.000000 5.000000 1.000000 0.133465 0.000000 1.000000
23.000000 6.000000 1.000000 0.947791 0.000000 1.000000
23.000000 7.000000 1.000000 0.422932 0.000000 1.000000
23.000000 8.000000 1.000000 0.054537 0.000000 0.898404
23.000000 9.000000 0.227692 0.000000 0.266357 0.288028
23.000000 10.000000 0.000000 0.000000 16.054924 0.122057
23.000000 11.000000 0.000000 0.000000 18.141304 0.000000
23.000000 12.000000 0.000000 0.000000 19.142391 0.000000
23.000000 13.000000 0.000000 0.000000 20.172413 0.000000
23.000000 14.000000 0.000000 0.000000 20.134323 0.000000
23.000000 15.000000 0.000000 0.000000 20.359959 0.000000
23.000000 16.000000 0.000000 0.000000 20.869228 0.000000
23.000000 17.000000 0.000000 0.000000 21.000000 0.000000
23.000000 18.000000 0.000000 0.000000 21.000000 0.000000
23.000000 19.000000 0.000000 0.000000 21.000000 0.000000
23.000000 20.000000 0.000000 0.000000 21.000000 0.000000
23.000000 21.000000 0.000000 0.000000 21.000000 0.000000
23.000000 22.000000 0.000000 0.000000 21.000000 0.000000
23.000000 23.000000 0.000000 0.000000 21.000000 0.000000
23.000000 24.000000 0.000000 0.000000 21.000000 0.000000
23.000000 25.000000 0.000000 0.000000 21.000000 0.000000
23.000000 26.000000 0.000000 0.000000 21.000000 0.000000
23.000000 27.000000 0.000000 0.000000 21.000000 0.000000
23.000000 28.000000 0.000000 0.000000 21.000000 0.000000
23.000000 29.000000 0.000000 0.000000 21.000000 0.000000
23.000000 30.000000 0.000000 0.000000 21.000000 0.000000
23.000000 31.000000 0.000000 0.000000 21.000000 0.000000
23.000000 32.000000 0.000000 0.000000 21.000000 0.000000
23.000000 33.000000 0.000000 0.000000 21.000000 0.000000
23.000000 34.000000 0.000000 0.000000 21.000000 0.000000
23.000000 35.000000 0.000000 0.000000 21.000000 0.000000
23.000000 36.000000 0.000000 0.000000 21.000000 0.000000
23.000000 37.000000 0.000000 0.000000 21.000000 0.000000
23.000000 38.000000 0.000000 0.000000 21.000000 0.000000
23.000000 39.000000 0.000000 0.000000 21.000000 0.000000
23.000000 40.000000 0.000000 0.000000 21.000000 0.000000
23.000000 41.000000 0.000000 0.000000 21.000000 0.000000
23.000000 42.000000 0.000000 0.000000 21.000000 0.000000
23.000000 43.000000 0.000000 0.000000 21.000000 0.000000
23.000000 44.000000 0.000000 0.000000 21.000000 0.000000
23.000000 45.000000 0.000000 0.000000 21.000000 0.000000
23.000000 46.000000 0.000000 0.000000 21.000000 0.000000
23.000000 47.000000 0.000000 0.000000 21.000000 0.000000
23.000000 48.000000 0.000000 0.000000 21.000000 0.000000
23.000000 49.000000 0.000000 0.000000 21.000000 0.000000
24.000000 0.000000 0.000000 0.000000 21.000000 0.000000
24.000000 1.000000 0.000000 0.000000 21.000000 0.000000
24.000000 2.000000 0.000000 0.000000 21.000000 0.000000
24.000000 3.000000 0.000000 0.000000 21.000000 0.000000
24.000000 4.000000 0.000000 0.000000 21.000000 0.000000
24.000000 5.000000 0.000000 0.000000 21.000000 0.000000
24.000000 6.000000 0.000000 0.000000 21.000000 0.000000
24.000000 7.000000 0.000000 0.000000 21.000000 0.000000
24.000000 8.000000 0.000000 0.000000 21.000000 0.000000
24.000000 9.000000 0.000000 0.000000 21.000000 0.000000
24.000000 10.000000 0.000000 0.000000 21.000000 0.000000
24.000000 11.000000 0.000000 0.000000 21.000000 0.000000
24.000000 12.000000 0.000000 0.000000 21.000000 0.000000
24.000000 13.000000 0.000000 0.000000 21.000000 0.000000
24.000000 14.000000 0.000000 0.000000 21.000000 0.000000
24.000000 15.000000 0.000000 0.000000 21.000000 0.000000
24.000000 16.000000 0.000000 0.000000 21.000000 0.000000
24.000000 17.000000 0.000000 0.000000 21.000000 0.000000
24.000000 18.000000 0.000000 0.000000 21.000000 0.000000
24.000000 19.000000 0.000000 0.000000 21.000000 0.000000
24.000000 20.000000 0.000000 0.000000 21.000000 0.000000
24.000000 21.000000 0.000000 0.000000 21.000000 0.000000
24.000000 22.000000 0.000000 0.000000 21.000000 0.000000
24.000000 23.000000 0.000000 0.000000 21.000000 0.000000
24.000000 24.000000 0.000000 0.000000 21.000000 0.000000
24.000000 25.000000 0.000000 0.000000 21.000000 0.000000
24.000000 26.000000 0.000000 0.000000 21.000000 0.000000
24.000000 27.000000 0.000000 0.000000 21.000000 0.000000
24.000000 28.000000 0.000000 0.000000 21.000000 0.000000
24.000000 29.000000 0.000000 0.000000 21.000000 0.000000
24.000000 30.000000 0.000000 0.000000 21.000000 0.000000
24.000000 31.000000 0.000000 0.000000 21.000000 0.000000
24.000000 32.000000 0.000000 0.000000 21.000000 0.000000
24.000000 33.000000 0.000000 0.000000 21.000000 0.000000
24.000000 34.000000 0.000000 0.000000 21.000000 0.000000
24.000000 35.000000 0.000000 0.000000 21.000000 0.000000
24.000000 36.000000 0.000000 0.000000 21.000000 0.000000
24.000000 37.000000 0.000000 0.000000 21.000000 0.000000
24.000000 38.000000 0.000000 0.000000 21.000000 0.000000
24.000000 39.000000 0.000000 0.000000 21.000000 0.000000
24.000000 40.000000 0.000000 0.000000 21.000000 0.000000
24.000000 41.000000 0.000000 0.000000 21.000000 0.000000
24.000000 42.000000 0.000000 0.000000 21.000000 0.000000
24.000000 43.000000 0.000000 0.000000 21.000000 0.000000
24.000000 44.000000 0.000000 0.000000 21.000000 0.000000
24.000000 45.000000 0.000000 0.000000 21.000000 0.000000
24.000000 46.000000 0.000000 0.000000 21.000000 0.000000
24.000000 47.000000 0.000000 0.000000 21.000000 0.000000
24.000000 48.000000 0.000000 0.000000 21.000000 0.000000
24.000000 49.000000 0.000000 0.000000 21.000000 0.000000
25.000000 0.000000 0.000000 0.000000 21.000000 0.000000
25.000000 1.000000 0.000000 0.000000 21.000000 0.000000
25.000000 2.000000 0.000000 0.000000 21.000000 0.000000
25.000000 3.000000 0.000000 0.000000 21.000000 0.000000
25.000000 4.000000 0.000000 0.000000 21.000000 0.000000
25.000000 5.000000 0.000000 0.000000 21.000000 0.000000
25.000000 6.000000 0.000000 0.000000 21.000000 0.000000
25.000000 7.000000 0.000000 0.000000 21.000000 0.000000
25.000000 8.000000 0.000000 0.000000 21.000000 0.000000
25.000000 9.000000 0.000000 0.000000 21.000000 0.000000
25.000000 10.000000 0.000000 0.000000 21.000000 0.000000
25.000000 11.000000 0.000000 0.000000 21.000000 0.000000
25.000000 12.000000 0.000000 0.000000 21.000000 0.000000
25.000000 13.000000 0.000000 0.000000 21.000000 0.000000
25.000000 14.000000 0.000000 0.000000 21.000000 0.000000
25.000000 15.000000 0.000000 0.000000 21.000000 0.000000
25.000000 16.000000 0.000000 0.000000 21.000000 0.000000
25.000000 17.000000 0.000000 0.000000 21.000000 0.000000
25.000000 18.000000 0.000000 0.000000 21.000000 0.000000
25.000000 19.000000 0.000000 0.000000 21.000000 0.000000
25.000000 20.000000 0.000000 0.000000 21.000000 0.000000
25.000000 21.000000 0.000000 0.000000 21.000000 0.000000
25.000000 22.000000 0.000000 0.000000 21.000000 0.000000
25.000000 23.000000 0.000000 0.000000 21.000000 0.000000
25.000000 24.000000 0.000000 0.000000 21.000000 0.000000
25.000000 25.000000 0.000000 0.000000 21.000000 0.000000
25.000000 26.000000 0.000000 0.000000 21.000000 0.000000
25.000000 27.000000 0.000000 0.000000 21.000000 0.000000
25.000000 28.000000 0.000000 0.000000 21.000000 0.000000
25.000000 29.000000 0.000000 0.000000 21.000000 0.000000
25.000000 30.000000 0.000000 0.000000 21.000000 0.000000
25.000000 31.000000 0.000000 0.000000 21.000000 0.000000
25.000000 32.000000 0.000000 0.000000 21.000000 0.000000
25.000000 33.000000 0.000000 0.000000 21.000000 0.000000
25.000000 34.000000 0.000000 0.000000 21.000000 0.000000
25.000000 35.000000 0.000000 0.000000 21.000000 0.000000
25.000000 36.000000 0.000000 0.000000 21.000000 0.000000
25.000000 37.000000 0.000000 0.000000 21.000000 0.000000
25.000000 38.000000 0.000000 0.000000 21.000000 0.000000
25.000000 39.000000 0.000000 0.000000 21.000000 0.000000
25.000000 40.000000 0.000000 0.000000 21.000000 0.000000
25.000000 41.000000 0.000000 0.000000 21.000000 0.000000
25.000000 42.000000 0.000000 0.000000 21.000000 0.000000
25.000000 43.000000 0.000000 0.000000 21.000000 0.000000
25.000000 44.000000 0.000000 0.000000 21.000000 0.000000
25.000000 45.000000 0.000000 0.000000 21.000000 0.000000
25.000000 46.000000 0.000000 0.000000 21.000000 0.000000
25.000000 47.000000 0.000000 0.000000 21.000000 0.000000
25.000000 48.000000 0.000000 0.000000 21.000000 0.000000
25.000000 49.000000 0.000000 0.000000 21.000000 0.000000
26.000000 0.000000 0.000000 0.000000 21.000000 0.000000
26.000000 1.000000 0.000000 0.000000 21.000000 0.000000
26.000000 2.000000 0.000000 0.000000 21.000000 0.000000
26.000000 3.000000 0.000000 0.000000 21.000000 0.000000
26.000000 4.000000 0.000000 0.000000 21.000000 0.000000
26.000000 5.000000 0.000000 0.000000 21.000000 0.000000
26.000000 6.000000 0.000000 0.000000 21.000000 0.000000
26.000000 7.000000 0.000000 0.000000 21.000000 0.000000
26.000000 8.000000 0.000000 0.000000 21.000000 0.000000
26.000000 9.000000 0.000000 0.000000 21.000000 0.000000
26.000000 10.000000 0.000000 0.000000 21.000000 0.000000
26.000000 11.000000 0.000000 0.000000 21.000000 0.000000
26.000000 12.000000 0.000000 0.000000 21.000000 0.000000
26.000000 13.000000 0.000000 0.000000 21.000000 0.000000
26.000000 14.000000 0.000000 0.000000 21.000000 0.000000
26.000000 15.000000 0.000000 0.000000 21.000000 0.000000
26.000000 16.000000 0.000000 0.000000 21.000000 0.000000
26.000000 17.000000 0.000000 0.000000 21.000000 0.000000
26.000000 18.000000 0.000000 0.000000 21.000000 0.000000
26.000000 19.000000 0.000000 0.000000 21.000000 0.000000
26.000000 20.000000 0.000000 0.000000 21.000000 0.000000
26.000000 21.000000 0.000000 0.000000 21.000000 0.000000
26.000000 22.000000 0.000000 0.000000 21.000000 0.000000
26.000000 23.000000 0.000000 0.000000 21.000000 0.000000
26.000000 24.000000 0.000000 0.000000 21.000000 0.000000
26.000000 25.000000 0.000000 0.000000 21.000000 0.000000
26.000000 26.000000 0.000000 0.000000 21.000000 0.000000
26.000000 27.000000 0.000000 0.000000 21.000000 0.000000
26.000000 28.000000 0.000000 0.000000 21.000000 0.000000
26.000000 29.000000 0.000000 0.000000 21.000000 0.000000
26.000000 30.000000 0.000000 0.000000 21.000000 0.000000
26.000000 31.000000 0.000000 0.000000 21.000000 0.000000
26.000000 32.000000 0.000000 0.000000 21.000000 0.000000
26.000000 33.000000 0.000000 0.000000 21.000000 0.000000
26.000000 34.000000 0.000000 0.000000 21.000000 0.000000
26.000000 35.000000 0.000000 0.000000 21.000000 0.000000
26.000000 36.000000 0.000000 0.000000 21.000000 0.000000
26.000000 37.000000 0.000000 0.000000 21.000000 0.000000
26.000000 38.000000 0.000000 0.000000 21.000000 0.000000
26.000000 39.000000 0.000000 0.000000 21.000000 0.000000
26.000000 40.000000 0.000000 0.000000 21.000000 0.000000
26.000000 41.000000 0.000000 0.000000 21.000000 0.000000
26.000000 42.000000 0.000000 0.000000 21.000000 0.000000
26.000000 43.000000 0.000000 0.000000 21.000000 0.000000
26.000000 44.000000 0.000000 0.000000 21.000000 0.000000
26.000000 45.000000 0.000000 0.000000 21.000000 0.000000
26.000000 46.000000 0.000000 0.000000 21.000000 0.000000
26.000000 47.000000 0.000000 0.000000 21.000000 0.000000
26.000000 48.000000 0.000000 0.000000 21.000000 0.000000
26.000000 49.000000 0.000000 0.000000 21.000000 0.000000
27.000000 0.000000 0.000000 0.000000 21.000000 0.000000
27.000000 1.000000 0.000000 0.000000 21.000000 0.000000
27.000000 2.000000 0.000000 0.000000 21.000000 0.000000
27.000000 3.000000 0.000000 0.000000 21.000000 0.000000
27.000000 4.000000 0.000000 0.000000 21.000000 0.000000
27.000000 5.000000 0.000000 0.000000 21.000000 0.000000
27.000000 6.000000 0.000000 0.000000 21.000000 0.000000
27.000000 7.000000 0.000000 0.000000 21.000000 0.000000
27.000000 8.000000 0.000000 0.000000 21.000000 0.000000
27.000000 9.000000 0.000000 0.000000 21.000000 0.000000
27.000000 10.000000 0.000000 0.000000 21.000000 0.000000
27.000000 11.000000 0.000000 0.000000 21.000000 0.000000
27.000000 12.000000 0.000000 0.000000 21.000000 0.000000
27.000000 13.000000 0.000000 0.000000 21.000000 0.000000
27.000000 14.000000 0.000000 0.000000 21.000000 0.000000
27.000000 15.000000 0.000000 0.000000 21.000000 0.000000
27.000000 16.000000 0.000000 0.000000 21.000000 0.000000
27.000000 17.000000 0.000000 0.000000 21.000000 0.000000
27.000000 18.000000 0.000000 0.000000 21.000000 0.000000
27.000000 19.000000 0.000000 0.000000 21.000000 0.000000
27.000000 20.000000 0.000000 0.000000 21.000000 0.000000
27.000000 21.000000 0.000000 0.000000 21.000000 0.000000
27.000000 22.000000 0.000000 0.000000 21.000000 0.000000
27.000000 23.000000 0.000000 0.000000 21.000000 0.000000
27.000000 24.000000 0.000000 0.000000 21.000000 0.000000
27.000000 25.000000 0.000000 0.000000 21.000000 0.000000
27.000000 26.000000 0.000000 0.000000 21.000000 0.000000
27.000000 27.000000 0.000000 0.000000 21.000000 0.000000
27.000000 28.000000 0.000000 0.000000 21.000000 0.000000
27.000000 29.000000 0.000000 0.000000 21.000000 0.000000
27.000000 30.000000 0.000000 0.000000 21.000000 0.000000
27.000000 31.000000 0.000000 0.000000 21.000000 0.000000
27.000000 32.000000 0.000000 0.000000 21.000000 0.000000
27.000000 33.000000 0.000000 0.000000 21.000000 0.000000
27.000000 34.000000 0.000000 0.000000 21.000000 0.000000
27.000000 35.000000 0.000000 0.000000 21.000000 0.000000
27.000000 36.000000 0.000000 0.000000 21.000000 0.000000
27.000000 37.000000 0.000000 0.000000 21.000000 0.000000
27.000000 38.000000 0.000000 0.000000 21.000000 0.000000
27.000000 39.000000 0.000000 0.000000 21.000000 0.000000
27.000000 40.000000 0.000000 0.000000 21.000000 0.000000
27.000000 41.000000 0.000000 0.000000 21.000000 0.000000
27.000000 42.000000 0.000000 0.000000 21.000000 0.000000
27.000000 43.000000 0.000000 0.000000 21.000000 0.000000
27.000000 44.000000 0.000000 0.000000 21.000000 0.000000
27.000000 45.000000 0.000000 0.000000 21.000000 0.000000
27.000000 46.000000 0.000000 0.000000 21.000000 0.000000
27.000000 47.000000 0.000000 0.000000 21.000000 0.000000
27.000000 48.000000 0.000000 0.000000 21.000000 0.000000
27.000000 49.000000 0.000000 0.000000 21.000000 0.000000
28.000000 0.000000 0.000000 0.000000 21.000000 0.000000
28.000000 1.000000 0.000000 0.000000 21.000000 0.000000
28.000000 2.000000 0.000000 0.000000 21.000000 0.000000
28.000000 3.000000 0.000000 0.000000 21.000000 0.000000
28.000000 4.000000 0.000000 0.000000 21.000000 0.000000
28.000000 5.000000 0.000000 0.000000 21.000000 0.000000
28.000000 6.000000 0.000000 0.000000 21.000000 0.000000
28.000000 7.000000 0.000000 0.000000 21.000000 0.000000
28.000000 8.000000 0.000000 0.000000 21.000000 0.000000
28.000000 9.000000 0.000000 0.000000 21.000000 0.000000
28.000000 10.000000 0.000000 0.000000 21.000000 0.000000
28.000000 11.000000 0.000000 0.000000 21.000000 0.000000
28.000000 12.000000 0.000000 0.000000 21.000000 0.000000
28.000000 13.000000 0.000000 0.000000 21.000000 0.000000
28.000000 14.000000 0.000000 0.000000 21.000000 0.000000
28.000000 15.000000 0.000000 0.000000 21.000000 0.000000
28.000000 16.000000 0.000000 0.000000 21.000000 0.000000
28.000000 17.000000 0.000000 0.000000 21.000000 0.000000
28.000000 18.000000 0.000000 0.000000 21.000000 0.000000
28.000000 19.000000 0.000000 0.000000 21.000000 0.000000
28.000000 20.000000 0.000000 0.000000 21.000000 0.000000
28.000000 21.000000 0.000000 0.000000 21.000000 0.000000
28.000000 22.000000 0.000000 0.000000 21.000000 0.000000
28.000000 23.000000 0.000000 0.000000 21.000000 0.000000
28.000000 24.000000 0.000000 0.000000 21.000000 0.000000
28.000000 25.000000 0.000000 0.000000 21.000000 0.000000
28.000000 26.000000 0.000000 0.000000 21.000000 0.000000
28.000000 27.000000 0.000000 0.000000 21.000000 0.000000
28.000000 28.000000 0.000000 0.000000 21.000000 0.000000
28.000000 29.000000 0.000000 0.000000 21.000000 0.000000
28.000000 30.000000 0.000000 0.000000 21.000000 0.000000
28.000000 31.000000 0.000000 0.000000 21.000000 0.000000
28.000000 32.000000 0.000000 0.000000 21.000000 0.000000
28.000000 33.000000 0.000000 0.000000 21.000000 0.000000
28.000000 34.000000 0.000000 0.000000 21.000000 0.000000
28.000000 35.000000 0.000000 0.000000 21.000000 0.000000
28.000000 36.000000 0.000000 0.000000 21.000000 0.000000
28.000000 37.000000 0.000000 0.000000 21.000000 0.000000
28.000000 38.000000 0.000000 0.000000 21.000000 0.000000
28.000000 39.000000 0.000000 0.000000 21.000000 0.000000
28.000000 40.000000 0.000000 0.000000 21.000000 0.000000
28.000000 41.000000 0.000000 0.000000 21.000000 0.000000
28.000000 42.000000 0.000000 0.000000 21.000000 0.000000
28.000000 43.000000 0.000000 0.000000 21.000000 0.000000
28.000000 44.000000 0.000000 0.000000 21.000000 0.000000
28.000000 45.000000 0.000000 0.000000 21.000000 0.000000
28.000000 46.000000 0.000000 0.000000 21.000000 0.000000
28.000000 47.000000 0.000000 0.000000 21.000000 0.000000
28.000000 48.000000 0.000000 0.000000 21.000000 0.000000
28.000000 49.000000 0.000000 0.000000 21.000000 0.000000
29.000000 0.000000 0.000000 0.000000 21.000000 0.000000
29.000000 1.000000 0.000000 0.000000 21.000000 0.000000
29.000000 2.000000 0.000000 0.000000 21.000000 0.000000
29.000000 3.000000 0.000000 0.000000 21.000000 0.000000
29.000000 4.000000 0.000000 0.000000 20.790192 0.000000
29.000000 5.000000 0.000000 0.000000 20.701252 0.000000
29.000000 6.000000 0.089443 0.000000 12.365458 0.381425
29.000000 7.000000 1.000000 0.454932 0.000000 1.000000
29.000000 8.000000 1.000000 0.943179 0.000000 1.000000
29.000000 9.000000 1.000000 0.496931 0.000000 1.000000
29.000000 10.000000 1.000000 0.064987 0.000000 1.000000
29.000000 11.000000 0.284523 0.000000 0.000000 0.329128
29.000000 12.000000 0.000000 0.000000 14.741380 0.149110
29.000000 13.000000 0.000000 0.000000 18.238037 0.000000
29.000000 14.000000 0.000000 0.000000 18.959286 0.000000
29.000000 15.000000 0.000000 0.000000 19.572224 0.000000
29.000000 16.000000 0.000000 0.000000 20.158504 0.000000
29.000000 17.000000 0.000000 0.000000 20.788206 0.000000
29.000000 18.000000 0.000000 0.000000 21.000000 0.000000
29.000000 19.000000 0.000000 0.000000 21.000000 0.000000
29.000000 20.000000 0.000000 0.000000 21.000000 0.000000
29.000000 21.000000 0.000000 0.000000 21.000000 0.000000
29.000000 22.000000 0.000000 0.000000 21.000000 0.000000
29.000000 23.000000 0.000000 0.000000 21.000000 0.000000
29.000000 24.000000 0.000000 0.000000 21.000000 0.000000
29.000000 25.000000 0.000000 0.000000 21.000000 0.000000
29.000000 26.000000 0.000000 0.000000 21.000000 0.000000
29.000000 27.000000 0.000000 0.000000 21.000000 0.000000
29.000000 28.000000 0.000000 0.000000 21.000000 0.000000
29.000000 29.000000 0.000000 0.000000 21.000000 0.000000
29.000000 30.000000 0.000000 0.000000 21.000000 0.000000
29.000000 31.000000 0.000000 0.000000 21.000000 0.000000
29.000000 32.000000 0.000000 0.000000 21.000000 0.000000
29.000000 33.000000 0.000000 0.000000 21.000000 0.000000
29.000000 34.000000 0.000000 0.000000 21.000000 0.000000
29.000000 35.000000 0.000000 0.000000 21.000000 0.000000
29.000000 36.000000 0.000000 0.000000 21.000000 0.000000
29.000000 37.000000 0.000000 0.000000 21.000000 0.000000
29.000000 38.000000 0.000000 0.000000 21.000000 0.000000
29.000000 39.000000 0.000000 0.000000 21.000000 0.000000
29.000000 40.000000 0.000000 0.000000 21.000000 0.000000
29.000000 41.000000 0.000000 0.000000 21.000000 0.000000
29.000000 42.000000 0.000000 0.000000 21.000000 0.000000
29.000000 43.000000 0.000000 0.000000 21.000000 0.000000
29.000000 44.000000 0.000000 0.000000 21.000000 0.000000
29.000000 45.000000 0.000000 0.000000 21.000000 0.000000
29.000000 46.000000 0.000000 0.000000 21.000000 0.000000
29.000000 47.000000 0.000000 0.000000 21.000000 0.000000
29.000000 48.000000 0.000000 0.000000 21.000000 0.000000
29.000000 49.000000 0.000000 0.000000 21.000000 0.000000
30.000000 0.000000 0.000000 0.000000 21.000000 0.000000
30.000000 1.000000 0.000000 0.000000 21.000000 0.000000
30.000000 2.000000 0.000000 0.000000 21.000000 0.000000
30.000000 3.000000 0.000000 0.000000 21.000000 0.000000
30.000000 4.000000 0.000000 0.000000 21.000000 0.000000
30.000000 5.000000 0.000000 0.000000 21.000000 0.000000
30.000000 6.000000 0.000000 0.000000 21.000000 0.000000
30.000000 7.000000 0.000000 0.000000 21.000000 0.000000
30.000000 8.000000 0.000000 0.000000 21.000000 0.000000
30.000000 9.000000 0.000000 0.000000 21.000000 0.000000
30.000000 10.000000 0.000000 0.000000 21.000000 0.000000
30.000000 11.000000 0.000000 0.000000 21.000000 0.000000
30.000000 12.000000 0.000000 0.000000 21.000000 0.000000
30.000000 13.000000 0.000000 0.000000 21.000000 0.000000
30.000000 14.000000 0.000000 0.000000 21.000000 0.000000
30.000000 15.000000 0.000000 0.000000 21.000000 0.000000
30.000000 16.000000 0.000000 0.000000 21.000000 0.000000
30.000000 17.000000 0.000000 0.000000 21.000000 0.000000
30.000000 18.000000 0.000000 0.000000 21.000000 0.000000
30.000000 19.000000 0.000000 0.000000 21.000000 0.000000
30.000000 20.000000 0.000000 0.000000 21.000000 0.000000
30.000000 21.000000 0.000000 0.000000 21.000000 0.000000
30.000000 22.000000 0.000000 0.000000 21.000000 0.000000
30.000000 23.000000 0.000000 0.000000 21.000000 0.000000
30.000000 24.000000 0.000000 0.000000 21.000000 0.000000
30.000000 25.000000 0.000000 0.000000 21.000000 0.000000
30.000000 26.000000 0.000000 0.000000 21.000000 0.000000
30.000000 27.000000 0.000000 0.000000 21.000000 0.000000
30.000000 28.000000 0.000000 0.000000 21.000000 0.000000
30.000000 29.000000 0.000000 0.000000 21.000000 0.000000
30.000000 30.000000 0.000000 0.000000 21.000000 0.000000
30.000000 31.000000 0.000000 0.000000 21.000000 0.000000
30.000000 32.000000 0.000000 0.000000 21.000000 0.000000
30.000000 33.000000 0.000000 0.000000 21.000000 0.000000
30.000000 34.000000 0.000000 0.000000 21.000000 0.000000
30.000000 35.000000 0.000000 0.000000 21.000000 0.000000
30.000000 36.000000 0.000000 0.000000 21.000000 0.000000
30.000000 37.000000 0.000000 0.000000 21.000000 0.000000
30.000000 38.000000 0.000000 0.000000 21.000000 0.000000
30.000000 39.000000 0.000000 0.000000 21.000000 0.000000
30.000000 40.000000 0.000000 0.000000 21.000000 0.000000
30.000000 41.000000 0.000000 0.000000 21.000000 0.000000
30.000000 42.000000 0.000000 0.000000 21.000000 0.000000
30.000000 43.000000 0.000000 0.000000 21.000000 0.000000
30.000000 44.000000 0.000000 0.000000 21.000000 0.000000
30.000000 45.000000 0.000000 0.000000 21.000000 0.000000
30.000000 46.000000 0.000000 0.000000 21.000000 0.000000
30.000000 47.000000 0.000000 0.000000 21.000000 0.000000
30.000000 48.000000 0.000000 0.000000 21.000000 0.000000
30.000000 49.000000 0.000000 0.000000 21.000000 0.000000
31.000000 0.000000 0.000000 0.000000 21.000000 0.000000
31.000000 1.000000 0.000000 0.000000 21.000000 0.000000
31.000000 2.000000 0.000000 0.000000 21.000000 0.000000
31.000000 3.000000 0.000000 0.000000 21.000000 0.000000
31.000000 4.000000 0.000000 0.000000 20.391176 0.000000
31.000000 5.000000 0.000000 0.000000 18.037661 0.020240
31.000000 6.000000 1.000000 0.000000 0.000000 1.000000
31.000000 7.000000 1.000000 0.984697 0.000000 1.000000
31.000000 8.000000 1.000000 0.505191 0.000000 1.000000
31.000000 9.000000 1.000000 0.000000 0.000000 0.870330
31.000000 10.000000 0.302517 0.000000 0.054121 0.350629
31.000000 11.000000 0.000000 0.000000 15.145456 0.100257
31.000000 12.000000 0.000000 0.000000 17.393873 0.025302
31.000000 13.000000 0.000000 0.000000 18.194237 0.000000
31.000000 14.000000 0.000000 0.000000 18.836187 0.000000
31.000000 15.000000 0.000000 0.000000 18.873322 0.000000
31.000000 16.000000 0.000000 0.000000 19.215277 0.000000
31.000000 17.000000 0.000000 0.000000 20.180588 0.000000
31.000000 18.000000 0.000000 0.000000 20.379776 0.000000
31.000000 19.000000 0.000000 0.000000 20.750406 0.000000
31.000000 20.000000 0.000000 0.000000 20.750406 0.000000
31.000000 21.000000 0.000000 0.000000 20.780041 0.000000
31.000000 22.000000 0.000000 0.000000 20.832802 0.000000
31.000000 23.000000 0.000000 0.000000 21.000000 0.000000
31.000000 24.000000 0.000000 0.000000 21.000000 0.000000
31.000000 25.000000 0.000000 0.000000 21.000000 0.000000
31.000000 26.000000 0.000000 0.000000 21.000000 0.000000
31.000000 27.000000 0.000000 0.000000 21.000000 0.000000
31.000000 28.000000 0.000000 0.000000 21.000000 0.000000
31.000000 29.000000 0.000000 0.000000 21.000000 0.000000
31.000000 30.000000 0.000000 0.000000 21.000000 0.000000
31.000000 31.000000 0.000000 0.000000 21.000000 0.000000
31.000000 32.000000 0.000000 0.000000 21.000000 0.000000
31.000000 33.000000 0.000000 0.000000 21.000000 0.000000
31.000000 34.000000 0.000000 0.000000 21.000000 0.000000
31.000000 35.000000 0.000000 0.000000 21.000000 0.000000
31.000000 36.000000 0.000000 0.000000 21.000000 0.000000
31.000000 37.000000 0.000000 0.000000 21.000000 0.000000
31.000000 38.000000 0.000000 0.000000 21.000000 0.000000
31.000000 39.000000 0.000000 0.000000 21.000000 0.000000
31.000000 40.000000 0.000000 0.000000 21.000000 0.000000
31.000000 41.000000 0.000000 0.000000 21.000000 0.000000
31.000000 42.000000 0.000000 0.000000 21.000000 0.000000
31.000000 43.000000 0.000000 0.000000 21.000000 0.000000
31.000000 44.000000 0.000000 0.000000 21.000000 0.000000
31.000000 45.000000 0.000000 0.000000 21.000000 0.000000
31.000000 46.000000 0.000000 0.000000 21.000000 0.000000
31.000000 47.000000 0.000000 0.000000 21.000000 0.000000
31.000000 48.000000 0.000000 0.000000 21.000000 0.000000
31.000000 49.000000 0.000000 0.000000 21.000000 0.000000
32.000000 0.000000 0.000000 0.000000 21.000000 0.000000
32.000000 1.000000 0.000000 0.000000 21.000000 0.000000
32.000000 2.000000 0.000000 0.000000 21.000000 0.000000
32.000000 3.000000 0.000000 0.000000 21.000000 0.000000
32.000000 4.000000 0.000000 0.000000 21.000000 0.000000
32.000000 5.000000 0.000000 0.000000 21.000000 0.000000
32.000000 6.000000 0.000000 0.000000 21.000000 0.000000
32.000000 7.000000 0.000000 0.000000 21.000000 0.000000
32.000000 8.000000 0.000000 0.000000 21.000000 0.000000
32.000000 9.000000 0.000000 0.000000 21.000000 0.000000
32.000000 10.000000 0.000000 0.000000 21.000000 0.000000
32.000000 11.000000 0.000000 0.000000 21.000000 0.000000
32.000000 12.000000 0.000000 0.000000 21.000000 0.000000
32.000000 13.000000 0.000000 0.000000 21.000000 0.000000
32.000000 14.000000 0.000000 0.000000 21.000000 0.000000
32.000000 15.000000 0.000000 0.000000 21.000000 0.000000
32.000000 16.000000 0.000000 0.000000 21.000000 0.000000
32.000000 17.000000 0.000000 0.000000 21.000000 0.000000
32.000000 18.000000 0.000000 0.000000 21.000000 0.000000
32.000000 19.000000 0.000000 0.000000 21.000000 0.000000
32.000000 20.000000 0.000000 0.000000 21.000000 0.000000
32.000000 21.000000 0.000000 0.000000 21.000000 0.000000
32.000000 22.000000 0.000000 0.000000 21.000000 0.000000
32.000000 23.000000 0.000000 0.000000 21.000000 0.000000
32.000000 24.000000 0.000000 0.000000 21.000000 0.000000
32.000000 25.000000 0.000000 0.000000 21.000000 0.000000
32.000000 26.000000 0.000000 0.000000 21.000000 0.000000
32.000000 27.000000 0.000000 0.000000 21.000000 0.000000
32.000000 28.000000 0.000000 0.000000 21.000000 0.000000
32.000000 29.000000 0.000000 0.000000 21.000000 0.000000
32.000000 30.000000 0.000000 0.000000 21.000000 0.000000
32.000000 31.000000 0.000000 0.000000 21.000000 0.000000
32.000000 32.000000 0.000000 0.000000 21.000000 0.000000
32.000000 33.000000 0.000000 0.000000 21.000000 0.000000
32.000000 34.000000 0.000000 0.000000 21.000000 0.000000
32.000000 35.000000 0.000000 0.000000 21.000000 0.000000
32.000000 36.000000 0.000000 0.000000 21.000000 0.000000
32.000000 37.000000 0.000000 0.000000 21.000000 0.000000
32.000000 38.000000 0.000000 0.000000 21.000000 0.000000
32.000000 39.000000 0.000000 0.000000 21.000000 0.000000
32.000000 40.000000 0.000000 0.000000 21.000000 0.000000
32.000000 41.000000 0.000000 0.000000 21.000000 0.000000
32.000000 42.000000 0.000000 0.000000 21.000000 0.000000
32.000000 43.000000 0.000000 0.000000 21.000000 0.000000
32.000000 44.000000 0.000000 0.000000 21.000000 0.000000
32.000000 45.000000 0.000000 0.000000 21.000000 0.000000
32.000000 46.000000 0.000000 0.000000 21.000000 0.000000
32.000000 47.000000 0.000000 0.000000 21.000000 0.000000
32.000000 48.000000 0.000000 0.000000 21.000000 0.000000
32.000000 49.000000 0.000000 0.000000 21.000000 0.000000
33.000000 0.000000 0.000000 0.000000 21.000000 0.000000
33.000000 1.000000 0.000000 0.000000 21.000000 0.000000
33.000000 2.000000 0.000000 0.000000 21.000000 0.000000
33.000000 3.000000 0.000000 0.000000 21.000000 0.000000
33.000000 4.000000 0.000000 0.000000 21.000000 0.000000
33.000000 5.000000 0.000000 0.000000 21.000000 0.000000
33.000000 6.000000 0.000000 0.000000 21.000000 0.000000
33.000000 7.000000 0.000000 0.000000 21.000000 0.000000
33.000000 8.000000 0.000000 0.000000 21.000000 0.000000
33.000000 9.000000 0.000000 0.000000 21.000000 0.000000
33.000000 10.000000 0.000000 0.000000 21.000000 0.000000
33.000000 11.000000 0.000000 0.000000 21.000000 0.000000
33.000000 12.000000 0.000000 0.000000 21.000000 0.000000
33.000000 13.000000 0.000000 0.000000 21.000000 0.000000
33.000000 14.000000 0.000000 0.000000 21.000000 0.000000
33.000000 15.000000 0.000000 0.000000 21.000000 0.000000
33.000000 16.000000 0.000000 0.000000 21.000000 0.000000
33.000000 17.000000 0.000000 0.000000 21.000000 0.000000
33.000000 18.000000 0.000000 0.000000 21.000000 0.000000
33.000000 19.000000 0.000000 0.000000 21.000000 0.000000
33.000000 20.000000 0.000000 0.000000 21.000000 0.000000
33.000000 21.000000 0.000000 0.000000 21.000000 0.000000
33.000000 22.000000 0.000000 0.000000 21.000000 0.000000
33.000000 23.000000 0.000000 0.000000 21.000000 0.000000
33.000000 24.000000 0.000000 0.000000 21.000000 0.000000
33.000000 25.000000 0.000000 0.000000 21.000000 0.000000
33.000000 26.000000 0.000000 0.000000 21.000000 0.000000
33.000000 27.000000 0.000000 0.000000 21.000000 0.000000
33.000000 28.000000 0.000000 0.000000 21.000000 0.000000
33.000000 29.000000 0.000000 0.000000 21.000000 0.000000
33.000000 30.000000 0.000000 0.000000 21.000000 0.000000
33.000000 31.000000 0.000000 0.000000 21.000000 0.000000
33.000000 32.000000 0.000000 0.000000 21.000000 0.000000
33.000000 33.000000 0.000000 0.000000 21.000000 0.000000
33.000000 34.000000 0.000000 0.000000 21.000000 0.000000
33.000000 35.000000 0.000000 0.000000 21.000000 0.000000
33.000000 36.000000 0.000000 0.000000 21.000000 0.000000
33.000000 37.000000 0.000000 0.000000 21.000000 0.000000
33.000000 38.000000 0.000000 0.000000 21.000000 0.000000
33.000000 39.000000 0.000000 0.000000 21.000000 0.000000
33.000000 40.000000 0.000000 0.000000 21.000000 0.000000
33.000000 41.000000 0.000000 0.000000 21.000000 0.000000
33.000000 42.000000 0.000000 0.000000 21.000000 0.000000
33.000000 43.000000 0.000000 0.000000 21.000000 0.000000
33.000000 44.000000 0.000000 0.000000 21.000000 0.000000
33.000000 45.000000 0.000000 0.000000 21.000000 0.000000
33.000000 46.000000 0.000000 0.000000 21.000000 0.000000
33.000000 47.000000 0.000000 0.000000 21.000000 0.000000
33.000000 48.000000 0.000000 0.000000 21.000000 0.000000
33.000000 49.000000 0.000000 0.000000 21.000000 0.000000
34.000000 0.000000 0.000000 0.000000 21.000000 0.000000
34.000000 1.000000 0.000000 0.000000 21.000000 0.000000
34.000000 2.000000 0.000000 0.000000 21.000000 0.000000
34.000000 3.000000 0.000000 0.000000 20.849443 0.000000
34.000000 4.000000 0.000000 0.000000 20.050331 0.000000
34.000000 5.000000 0.000000 0.000000 17.084133 0.080662
34.000000 6.000000 1.000000 0.000000 0.000000 1.000000
34.000000 7.000000 1.000000 0.827874 0.000000 1.000000
34.000000 8.000000 1.000000 0.463596 0.000000 1.000000
34.000000 9.000000 1.000000 0.059454 0.000000 0.838700
34.000000 10.000000 0.150074 0.000000 1.424297 0.223802
34.000000 11.000000 0.253619 0.000000 19.899378 0.165610
34.000000 12.000000 0.000000 0.000000 19.003872 0.070572
34.000000 13.000000 0.000000 0.000000 18.345774 0.000000
34.000000 14.000000 0.000000 0.000000 18.892828 0.000000
34.000000 15.000000 0.000000 0.000000 19.668930 0.000000
34.000000 16.000000 0.000000 0.000000 20.096798 0.000000
34.000000 17.000000 0.000000 0.000000 20.264666 0.000000
34.000000 18.000000 0.000000 0.000000 20.763454 0.000000
34.000000 19.000000 0.000000 0.000000 20.780041 0.000000
34.000000 20.000000 0.000000 0.000000 21.000000 0.000000
34.000000 21.000000 0.000000 0.000000 21.000000 0.000000
34.000000 22.000000 0.000000 0.000000 20.737410 0.000000
34.000000 23.000000 0.000000 0.000000 20.552860 0.000000
34.000000 24.000000 0.000000 0.000000 20.654947 0.000000
34.000000 25.000000 0.000000 0.000000 20.344790 0.000000
34.000000 26.000000 0.000000 0.000000 20.809669 0.000000
34.000000 27.000000 0.000000 0.000000 20.678101 0.000000
34.000000 28.000000 0.000000 0.000000 20.374537 0.000000
34.000000 29.000000 0.000000 0.000000 20.727262 0.000000
34.000000 30.000000 0.000000 0.000000 20.714266 0.000000
34.000000 31.000000 0.000000 0.000000 20.987261 0.000000
34.000000 32.000000 0.000000 0.000000 21.000000 0.000000
34.000000 33.000000 0.000000 0.000000 21.000000 0.000000
34.000000 34.000000 0.000000 0.000000 21.000000 0.000000
34.000000 35.000000 0.000000 0.000000 21.000000 0.000000
34.000000 36.000000 0.000000 0.000000 21.000000 0.000000
34.000000 37.000000 0.000000 0.000000 21.000000 0.000000
34.000000 38.000000 0.000000 0.000000 21.000000 0.000000
34.000000 39.000000 0.000000 0.000000 21.000000 0.000000
34.000000 40.000000 0.000000 0.000000 21.000000 0.000000
34.000000 41.000000 0.000000 0.000000 21.000000 0.000000
34.000000 42.000000 0.000000 0.000000 21.000000 0.000000
34.000000 43.000000 0.000000 0.000000 21.000000 0.000000
34.000000 44.000000 0.000000 0.000000 21.000000 0.000000
34.000000 45.000000 0.000000 0.000000 21.000000 0.000000
34.000000 46.000000 0.000000 0.000000 21.000000 0.000000
34.000000 47.000000 0.000000 0.000000 21.000000 0.000000
34.000000 48.000000 0.000000 0.000000 21.000000 0.000000
34.000000 49.000000 0.000000 0.000000 21.000000 0.000000
35.000000 0.000000 0.000000 0.000000 21.000000 0.000000
35.000000 1.000000 0.000000 0.000000 21.000000 0.000000
35.000000 2.000000 0.000000 0.000000 21.000000 0.000000
35.000000 3.000000 0.000000 0.000000 21.000000 0.000000
35.000000 4.000000 0.000000 0.000000 21.000000 0.000000
35.000000 5.000000 0.000000 0.000000 21.000000 0.000000
35.000000 6.000000 0.000000 0.000000 21.000000 0.000000
35.000000 7.000000 0.000000 0.000000 21.000000 0.000000
35.000000 8.000000 0.000000 0.000000 21.000000 0.000000
35.000000 9.000000 0.000000 0.000000 21.000000 0.000000
35.000000 10.000000 0.000000 0.000000 21.000000 0.000000
35.000000 11.000000 0.000000 0.000000 21.000000 0.000000
35.000000 12.000000 0.000000 0.000000 21.000000 0.000000
35.000000 13.000000 0.000000 0.000000 21.000000 0.000000
35.000000 14.000000 0.000000 0.000000 21.000000 0.000000
35.000000 15.000000 0.000000 0.000000 21.000000 0.000000
35.000000 16.000000 0.000000 0.000000 21.000000 0.000000
35.000000 17.000000 0.000000 0.000000 21.000000 0.000000
35.000000 18.000000 0.000000 0.000000 21.000000 0.000000
35.000000 19.000000 0.000000 0.000000 21.000000 0.000000
35.000000 20.000000 0.000000 0.000000 21.000000 0.000000
35.000000 21.000000 0.000000 0.000000 21.000000 0.000000
35.000000 22.000000 0.000000 0.000000 21.000000 0.000000
35.000000 23.000000 0.000000 0.000000 21.000000 0.000000
35.000000 24.000000 0.000000 0.000000 21.000000 0.000000
35.000000 25.000000 0.000000 0.000000 21.000000 0.000000
35.000000 26.000000 0.000000 0.000000 21.000000 0.000000
35.000000 27.000000 0.000000 0.000000 21.000000 0.000000
35.000000 28.000000 0.000000 0.000000 21.000000 0.000000
35.000000 29.000000 0.000000 0.000000 21.000000 0.000000
35.000000 30.000000 0.000000 0.000000 21.000000 0.000000
35.000000 31.000000 0.000000 0.000000 21.000000 0.000000
35.000000 32.000000 0.000000 0.000000 21.000000 0.000000
35.000000 33.000000 0.000000 0.000000 21.000000 0.000000
35.000000 34.000000 0.000000 0.000000 21.000000 0.000000
35.000000 35.000000 0.000000 0.000000 21.000000 0.000000
35.000000 36.000000 0.000000 0.000000 21.000000 0.000000
35.000000 37.000000 0.000000 0.000000 21.000000 0.000000
35.000000 38.000000 0.000000 0.000000 21.000000 0.000000
35.000000 39.000000 0.000000 0.000000 21.000000 0.000000
35.000000 40.000000 0.000000 0.000000 21.000000 0.000000
35.000000 41.000000 0.000000 0.000000 21.000000 0.000000
35.000000 42.000000 0.000000 0.000000 21.000000 0.000000
35.000000 43.000000 0.000000 0.000000 21.000000 0.000000
35.000000 44.000000 0.000000 0.000000 21.000000 0.000000
35.000000 45.000000 0.000000 0.000000 21.000000 0.000000
35.000000 46.000000 0.000000 0.000000 21.000000 0.000000
35.000000 47.000000 0.000000 0.000000 21.000000 0.000000
35.000000 48.000000 0.000000 0.000000 21.000000 0.000000
35.000000 49.000000 0.000000 0.000000 21.000000 0.000000
36.000000 0.000000 0.000000 0.000000 21.000000 0.000000
36.000000 1.000000 0.000000 0.000000 21.000000 0.000000
36.000000 2.000000 0.000000 0.000000 21.000000 0.000000
36.000000 3.000000 0.000000 0.000000 21.000000 0.000000
36.000000 4.000000 0.000000 0.000000 21.000000 0.000000
36.000000 5.000000 0.000000 0.000000 21.000000 0.000000
36.000000 6.000000 0.000000 0.000000 21.000000 0.000000
36.000000 7.000000 0.000000 0.000000 21.000000 0.000000
36.000000 8.000000 0.000000 0.000000 21.000000 0.000000
36.000000 9.000000 0.000000 0.000000 21.000000 0.000000
36.000000 10.000000 0.000000 0.000000 21.000000 0.000000
36.000000 11.000000 0.000000 0.000000 21.000000 0.000000
36.000000 12.000000 0.000000 0.000000 21.000000 0.000000
36.000000 13.000000 0.000000 0.000000 21.000000 0.000000
36.000000 14.000000 0.000000 0.000000 21.000000 0.000000
36.000000 15.000000 0.000000 0.000000 21.000000 0.000000
36.000000 16.000000 0.000000 0.000000 21.000000 0.000000
36.000000 17.000000 0.000000 0.000000 21.000000 0.000000
36.000000 18.000000 0.000000 0.000000 21.000000 0.000000
36.000000 19.000000 0.000000 0.000000 21.000000 0.000000
36.000000 20.000000 0.000000 0.000000 21.000000 0.000000
36.000000 21.000000 0.000000 0.000000 21.000000 0.000000
36.000000 22.000000 0.000000 0.000000 21.000000 0.000000
36.000000 23.000000 0.000000 0.000000 21.000000 0.000000
36.000000 24.000000 0.000000 0.000000 21.000000 0.000000
36.000000 25.000000 0.000000 0.000000 21.000000 0.000000
36.000000 26.000000 0.000000 0.000000 21.000000 0.000000
36.000000 27.000000 0.000000 0.000000 21.000000 0.000000
36.000000 28.000000 0.000000 0.000000 21.000000 0.000000
36.000000 29.000000 0.000000 0.000000 21.000000 0.000000
36.000000 30.000000 0.000000 0.000000 21.000000 0.000000
36.000000 31.000000 0.000000 0.000000 21.000000 0.000000
36.000000 32.000000 0.000000 0.000000 21.000000 0.000000
36.000000 33.000000 0.000000 0.000000 21.000000 0.000000
36.000000 34.000000 0.000000 0.000000 21.000000 0.000000
36.000000 35.000000 0.000000 0.000000 21.000000 0.000000
36.000000 36.000000 0.000000 0.000000 21.000000 0.000000
36.000000 37.000000 0.000000 0.000000 21.000000 0.000000
36.000000 38.000000 0.000000 0.000000 21.000000 0.000000
36.000000 39.000000 0.000000 0.000000 21.000000 0.000000
36.000000 40.000000 0.000000 0.000000 21.000000 0.000000
36.000000 41.000000 0.000000 0.000000 21.000000 0.000000
36.000000 42.000000 0.000000 0.000000 21.000000 0.000000
36.000000 43.000000 0.000000 0.000000 21.000000 0.000000
36.000000 44.000000 0.000000 0.000000 21.000000 0.000000
36.000000 45.000000 0.000000 0.000000 21.000000 0.000000
36.000000 46.000000 0.000000 0.000000 21.000000 0.000000
36.000000 47.000000 0.000000 0.000000 21.000000 0.000000
36.000000 48.000000 0.000000 0.000000 21.000000 0.000000
36.000000 49.000000 0.000000 0.000000 21.000000 0.000000
37.000000 0.000000 0.000000 0.000000 21.000000 0.000000
37.000000 1.000000 0.000000 0.000000 21.000000 0.000000
37.000000 2.000000 0.000000 0.000000 21.000000 0.000000
37.000000 3.000000 0.000000 0.000000 21.000000 0.000000
37.000000 4.000000 0.000000 0.000000 21.000000 0.000000
37.000000 5.000000 0.000000 0.000000 21.000000 0.000000
37.000000 6.000000 0.000000 0.000000 21.000000 0.000000
37.000000 7.000000 0.000000 0.000000 21.000000 0.000000
37.000000 8.000000 0.000000 0.000000 21.000000 0.000000
37.000000 9.000000 0.000000 0.000000 21.000000 0.000000
37.000000 10.000000 0.000000 0.000000 21.000000 0.000000
37.000000 11.000000 0.000000 0.000000 21.000000 0.000000
37.000000 12.000000 0.000000 0.000000 21.000000 0.000000
37.000000 13.000000 0.000000 0.000000 21.000000 0.000000
37.000000 14.000000 0.000000 0.000000 21.000000 0.000000
37.000000 15.000000 0.000000 0.000000 21.000000 0.000000
37.000000 16.000000 0.000000 0.000000 21.000000 0.000000
37.000000 17.000000 0.000000 0.000000 21.000000 0.000000
37.000000 18.000000 0.000000 0.000000 21.000000 0.000000
37.000000 19.000000 0.000000 0.000000 21.000000 0.000000
37.000000 20.000000 0.000000 0.000000 21.000000 0.000000
37.000000 21.000000 0.000000 0.000000 21.000000 0.000000
37.000000 22.000000 0.000000 0.000000 21.000000 0.000000
37.000000 23.000000 0.000000 0.000000 21.000000 0.000000
37.000000 24.000000 0.000000 0.000000 21.000000 0.000000
37.000000 25.000000 0.000000 0.000000 21.000000 0.000000
37.000000 26.000000 0.000000 0.000000 21.000000 0.000000
37.000000 27.000000 0.000000 0.000000 21.000000 0.000000
37.000000 28.000000 0.000000 0.000000 21.000000 0.000000
37.000000 29.000000 0.000000 0.000000 21.000000 0.000000
37.000000 30.000000 0.000000 0.000000 21.000000 0.000000
37.000000 31.000000 0.000000 0.000000 21.000000 0.000000
37.000000 32.000000 0.000000 0.000000 21.000000 0.000000
37.000000 33.000000 0.000000 0.000000 21.000000 0.000000
37.000000 34.000000 0.000000 0.000000 21.000000 0.000000
37.000000 35.000000 0.000000 0.000000 21.000000 0.000000
37.000000 36.000000 0.000000 0.000000 21.000000 0.000000
37.000000 37.000000 0.000000 0.000000 21.000000 0.000000
37.000000 38.000000 0.000000 0.000000 21.000000 0.000000
37.000000 39.000000 0.000000 0.000000 21.000000 0.000000
37.000000 40.000000 0.000000 0.000000 21.000000 0.000000
37.000000 41.000000 0.000000 0.000000 21.000000 0.000000
37.000000 42.000000 0.000000 0.000000 21.000000 0.000000
37.000000 43.000000 0.000000 0.000000 21.000000 0.000000
37.000000 44.000000 0.000000 0.000000 21.000000 0.000000
37.000000 45.000000 0.000000 0.000000 21.000000 0.000000
37.000000 46.000000 0.000000 0.000000 21.000000 0.000000
37.000000 47.000000 0.000000 0.000000 21.000000 0.000000
37.000000 48.000000 0.000000 0.000000 21.000000 0.000000
37.000000 49.000000 0.000000 0.000000 21.000000 0.000000
38.000000 0.000000 0.000000 0.000000 21.000000 0.000000
38.000000 1.000000 0.000000 0.000000 21.000000 0.000000
38.000000 2.000000 0.000000 0.000000 21.000000 0.000000
38.000000 3.000000 0.000000 0.000000 21.000000 0.000000
38.000000 4.000000 0.000000 0.000000 21.000000 0.000000
38.000000 5.000000 0.000000 0.000000 21.000000 0.000000
38.000000 6.000000 0.000000 0.000000 21.000000 0.000000
38.000000 7.000000 0.000000 0.000000 21.000000 0.000000
38.000000 8.000000 0.000000 0.000000 21.000000 0.000000
38.000000 9.000000 0.000000 0.000000 21.000000 0.000000
38.000000 10.000000 0.000000 0.000000 21.000000 0.000000
38.000000 11.000000 0.000000 0.000000 21.000000 0.000000
38.000000 12.000000 0.000000 0.000000 21.000000 0.000000
38.000000 13.000000 0.000000 0.000000 21.000000 0.000000
38.000000 14.000000 0.000000 0.000000 21.000000 0.000000
38.000000 15.000000 0.000000 0.000000 21.000000 0.000000
38.000000 16.000000 0.000000 0.000000 21.000000 0.000000
38.000000 17.000000 0.000000 0.000000 21.000000 0.000000
38.000000 18.000000 0.000000 0.000000 21.000000 0.000000
38.000000 19.000000 0.000000 0.000000 21.000000 0.000000
38.000000 20.000000 0.000000 0.000000 21.000000 0.000000
38.000000 21.000000 0.000000 0.000000 21.000000 0.000000
38.000000 22.000000 0.000000 0.000000 21.000000 0.000000
38.000000 23.000000 0.000000 0.000000 21.000000 0.000000
38.000000 24.000000 0.000000 0.000000 21.000000 0.000000
38.000000 25.000000 0.000000 0.000000 21.000000 0.000000
38.000000 26.000000 0.000000 0.000000 21.000000 0.000000
38.000000 27.000000 0.000000 0.000000 21.000000 0.000000
38.000000 28.000000 0.000000 0.000000 21.000000 0.000000
38.000000 29.000000 0.000000 0.000000 21.000000 0.000000
38.000000 30.000000 0.000000 0.000000 21.000000 0.000000
38.000000 31.000000 0.000000 0.000000 21.000000 0.000000
38.000000 32.000000 0.000000 0.000000 21.000000 0.000000
38.000000 33.000000 0.000000 0.000000 21.000000 0.000000
38.000000 34.000000 0.000000 0.000000 21.000000 0.000000
38.000000 35.000000 0.000000 0.000000 21.000000 0.000000
38.000000 36.000000 0.000000 0.000000 21.000000 0.000000
38.000000 37.000000 0.000000 0.000000 21.000000 0.000000
38.000000 38.000000 0.000000 0.000000 21.000000 0.000000
38.000000 39.000000 0.000000 0.000000 21.000000 0.000000
38.000000 40.000000 0.000000 0.000000 21.000000 0.000000
38.000000 41.000000 0.000000 0.000000 21.000000 0.000000
38.000000 42.000000 0.000000 0.000000 21.000000 0.000000
38.000000 43.000000 0.000000 0.000000 21.000000 0.000000
38.000000 44.000000 0.000000 0.000000 21.000000 0.000000
38.000000 45.000000 0.000000 0.000000 21.000000 0.000000
38.000000 46.000000 0.000000 0.000000 21.000000 0.000000
38.000000 47.000000 0.000000 0.000000 21.000000 0.000000
38.000000 48.000000 0.000000 0.000000 21.000000 0.000000
38.000000 49.000000 0.000000 0.000000 21.000000 0.000000
39.000000 0.000000 0.000000 0.000000 21.000000 0.000000
39.000000 1.000000 0.000000 0.000000 21.000000 0.000000
39.000000 2.000000 0.000000 0.000000 21.000000 0.000000
39.000000 3.000000 0.000000 0.000000 21.000000 0.000000
39.000000 4.000000 0.000000 0.000000 21.000000 0.000000
39.000000 5.000000 0.000000 0.000000 21.000000 0.000000
39.000000 6.000000 0.000000 0.000000 21.000000 0.000000
39.000000 7.000000 0.000000 0.000000 21.000000 0.000000
39.000000 8.000000 0.000000 0.000000 21.000000 0.000000
39.000000 9.000000 0.000000 0.000000 21.000000 0.000000
39.000000 10.000000 0.000000 0.000000 21.000000 0.000000
39.000000 11.000000 0.000000 0.000000 21.000000 0.000000
39.000000 12.000000 0.000000 0.000000 21.000000 0.000000
39.000000 13.000000 0.000000 0.000000 21.000000 0.000000
39.000000 14.000000 0.000000 0.000000 21.000000 0.000000
39.000000 15.000000 0.000000 0.000000 21.000000 0.000000
39.000000 16.000000 0.000000 0.000000 21.000000 0.000000
39.000000 17.000000 0.000000 0.000000 21.000000 0.000000
39.000000 18.000000 0.000000 0.000000 21.000000 0.000000
39.000000 19.000000 0.000000 0.000000 21.000000 0.000000
39.000000 20.000000 0.000000 0.000000 21.000000 0.000000
39.000000 21.000000 0.000000 0.000000 21.000000 0.000000
39.000000 22.000000 0.000000 0.000000 21.000000 0.000000
39.000000 23.000000 0.000000 0.000000 21.000000 0.000000
39.000000 24.000000 0.000000 0.000000 21.000000 0.000000
39.000000 25.000000 0.000000 0.000000 21.000000 0.000000
39.000000 26.000000 0.000000 0.000000 21.000000 0.000000
39.000000 27.000000 0.000000 0.000000 21.000000 0.000000
39.000000 28.000000 0.000000 0.000000 21.000000 0.000000
39.000000 29.000000 0.000000 0.000000 21.000000 0.000000
39.000000 30.000000 0.000000 0.000000 21.000000 0.000000
39.000000 31.000000 0.000000 0.000000 21.000000 0.000000
39.000000 32.000000 0.000000 0.000000 21.000000 0.000000
39.000000 33.000000 0.000000 0.000000 21.000000 0.000000
39.000000 34.000000 0.000000 0.000000 21.000000 0.000000
39.000000 35.000000 0.000000 0.000000 21.000000 0.000000
39.000000 36.000000 0.000000 0.000000 21.000000 0.000000
39.000000 37.000000 0.000000 0.000000 21.000000 0.000000
39.000000 38.000000 0.000000 0.000000 21.000000 0.000000
39.000000 39.000000 0.000000 0.000000 21.000000 0.000000
39.000000 40.000000 0.000000 0.000000 21.000000 0.000000
39.000000 41.000000 0.000000 0.000000 21.000000 0.000000
39.000000 42.000000 0.000000 0.000000 21.000000 0.000000
39.000000 43.000000 0.000000 0.000000 21.000000 0.000000
39.000000 44.000000 0.000000 0.000000 21.000000 0.000000
39.000000 45.000000 0.000000 0.000000 21.000000 0.000000
39.000000 46.000000 0.000000 0.000000 21.000000 0.000000
39.000000 47.000000 0.000000 0.000000 21.000000 0.000000
39.000000 48.000000 0.000000 0.000000 21.000000 0.000000
39.000000 49.000000 0.000000 0.000000 21.000000 0.000000
40.000000 0.000000 0.000000 0.000000 21.000000 0.000000
40.000000 1.000000 0.000000 0.000000 21.000000 0.000000
40.000000 2.000000 0.000000 0.000000 21.000000 0.000000
40.000000 3.000000 0.000000 0.000000 21.000000 0.000000
40.000000 4.000000 0.000000 0.000000 21.000000 0.000000
40.000000 5.000000 0.000000 0.000000 21.000000 0.000000
40.000000 6.000000 0.000000 0.000000 21.000000 0.000000
40.000000 7.000000 0.000000 0.000000 21.000000 0.000000
40.000000 8.000000 0.000000 0.000000 21.000000 0.000000
40.000000 9.000000 0.000000 0.000000 21.000000 0.000000
40.000000 10.000000 0.000000 0.000000 21.000000 0.000000
40.000000 11.000000 0.000000 0.000000 21.000000 0.000000
40.000000 12.000000 0.000000 0.000000 21.000000 0.000000
40.000000 13.000000 0.000000 0.000000 21.000000 0.000000
40.000000 14.000000 0.000000 0.000000 21.000000 0.000000
40.000000 15.000000 0.000000 0.000000 21.000000 0.000000
40.000000 16.000000 0.000000 0.000000 21.000000 0.000000
40.000000 17.000000 0.000000 0.000000 21.000000 0.000000
40.000000 18.000000 0.000000 0.000000 21.000000 0.000000
40.000000 19.000000 0.000000 0.000000 21.000000 0.000000
40.000000 20.000000 0.000000 0.000000 21.000000 0.000000
40.000000 21.000000 0.000000 0.000000 21.000000 0.000000
40.000000 22.000000 0.000000 0.000000 21.000000 0.000000
40.000000 23.000000 0.000000 0.000000 21.000000 0.000000
40.000000 24.000000 0.000000 0.000000 21.000000 0.000000
40.000000 25.000000 0.000000 0.000000 21.000000 0.000000
40.000000 26.000000 0.000000 0.000000 21.000000 0.000000
40.000000 27.000000 0.000000 0.000000 21.000000 0.000000
40.000000 28.000000 0.000000 0.000000 21.000000 0.000000
40.000000 29.000000 0.000000 0.000000 21.000000 0.000000
40.000000 30.000000 0.000000 0.000000 21.000000 0.000000
40.000000 31.000000 0.000000 0.000000 21.000000 0.000000
40.000000 32.000000 0.000000 0.000000 21.000000 0.000000
40.000000 33.000000 0.000000 0.000000 21.000000 0.000000
40.000000 34.000000 0.000000 0.000000 21.000000 0.000000
40.000000 35.000000 0.000000 0.000000 21.000000 0.000000
40.000000 36.000000 0.000000 0.000000 21.000000 0.000000
40.000000 37.000000 0.000000 0.000000 21.000000 0.000000
40.000000 38.000000 0.000000 0.000000 21.000000 0.000000
40.000000 39.000000 0.000000 0.000000 21.000000 0.000000
40.000000 40.000000 0.000000 0.000000 21.000000 0.000000
40.000000 41.000000 0.000000 0.000000 21.000000 0.000000
40.000000 42.000000 0.000000 0.000000 21.000000 0.000000
40.000000 43.000000 0.000000 0.000000 21.000000 0.000000
40.000000 44.000000 0.000000 0.000000 21.000000 0.000000
40.000000 45.000000 0.000000 0.000000 21.000000 0.000000
40.000000 46.000000 0.000000 0.000000 21.000000 0.000000
40.000000 47.000000 0.000000 0.000000 21.000000 0.000000
40.000000 48.000000 0.000000 0.000000 21.000000 0.000000
40.000000 49.000000 0.000000 0.000000 21.000000 0.000000
41.000000 0.000000 0.000000 0.000000 21.000000 0.000000
41.000000 1.000000 0.000000 0.000000 21.000000 0.000000
41.000000 2.000000 0.000000 0.000000 21.000000 0.000000
41.000000 3.000000 0.000000 0.000000 21.000000 0.000000
41.000000 4.000000 0.000000 0.000000 21.000000 0.000000
41.000000 5.000000 0.000000 0.000000 21.000000 0.000000
41.000000 6.000000 0.000000 0.000000 21.000000 0.000000
41.000000 7.000000 0.000000 0.000000 21.000000 0.000000
41.000000 8.000000 0.000000 0.000000 21.000000 0.000000
41.000000 9.000000 0.000000 0.000000 21.000000 0.000000
41.000000 10.000000 0.000000 0.000000 21.000000 0.000000
41.000000 11.000000 0.000000 0.000000 21.000000 0.000000
41.000000 12.000000 0.000000 0.000000 21.000000 0.000000
41.000000 13.000000 0.000000 0.000000 21.000000 0.000000
41.000000 14.000000 0.000000 0.000000 21.000000 0.000000
41.000000 15.000000 0.000000 0.000000 21.000000 0.000000
41.000000 16.000000 0.000000 0.000000 21.000000 0.000000
41.000000 17.000000 0.000000 0.000000 21.000000 0.000000
41.000000 18.000000 0.000000 0.000000 21.000000 0.000000
41.000000 19.000000 0.000000 0.000000 21.000000 0.000000
41.000000 20.000000 0.000000 0.000000 21.000000 0.000000
41.000000 21.000000 0.000000 0.000000 21.000000 0.000000
41.000000 22.000000 0.000000 0.000000 21.000000 0.000000
41.000000 23.000000 0.000000 0.000000 21.000000 0.000000
41.000000 24.000000 0.000000 0.000000 21.000000 0.000000
41.000000 25.000000 0.000000 0.000000 21.000000 0.000000
41.000000 26.000000 0.000000 0.000000 21.000000 0.000000
41.000000 27.000000 0.000000 0.000000 21.000000 0.000000
41.000000 28.000000 0.000000 0.000000 21.000000 0.000000
41.000000 29.000000 0.000000 0.000000 21.000000 0.000000
41.000000 30.000000 0.000000 0.000000 21.000000 0.000000
41.000000 31.000000 0.000000 0.000000 21.000000 0.000000
41.000000 32.000000 0.000000 0.000000 21.000000 0.000000
41.000000 33.000000 0.000000 0.000000 21.000000 0.000000
41.000000 34.000000 0.000000 0.000000 21.000000 0.000000
41.000000 35.000000 0.000000 0.000000 21.000000 0.000000
41.000000 36.000000 0.000000 0.000000 21.000000 0.000000
41.000000 37.000000 0.000000 0.000000 21.000000 0.000000
41.000000 38.000000 0.000000 0.000000 21.000000 0.000000
41.000000 39.000000 0.000000 0.000000 21.000000 0.000000
41.000000 40.000000 0.000000 0.000000 21.000000 0.000000
41.000000 41.000000 0.000000 0.000000 21.000000 0.000000
41.000000 42.000000 0.000000 0.000000 21.000000 0.000000
41.000000 43.000000 0.000000 0.000000 21.000000 0.000000
41.000000 44.000000 0.000000 0.000000 21.000000 0.000000
41.000000 45.000000 0.000000 0.000000 21.000000 0.000000
41.000000 46.000000 0.000000 0.000000 21.000000 0.000000
41.000000 47.000000 0.000000 0.000000 21.000000 0.000000
41.000000 48.000000 0.000000 0.000000 21.000000 0.000000
41.000000 49.000000 0.000000 0.000000 21.000000 0.000000
42.000000 0.000000 0.000000 0.000000 21.000000 0.000000
42.000000 1.000000 0.000000 0.000000 21.000000 0.000000
42.000000 2.000000 0.000000 0.000000 21.000000 0.000000
42.000000 3.000000 0.000000 0.000000 21.000000 0.000000
42.000000 4.000000 0.000000 0.000000 21.000000 0.000000
42.000000 5.000000 0.000000 0.000000 21.000000 0.000000
42.000000 6.000000 0.000000 0.000000 21.000000 0.000000
42.000000 7.000000 0.000000 0.000000 21.000000 0.000000
42.000000 8.000000 0.000000 0.000000 21.000000 0.000000
42.000000 9.000000 0.000000 0.000000 21.000000 0.000000
42.000000 10.000000 0.000000 0.000000 21.000000 0.000000
42.000000 11.000000 0.000000 0.000000 21.000000 0.000000
42.000000 12.000000 0.000000 0.000000 21.000000 0.000000
42.000000 13.000000 0.000000 0.000000 21.000000 0.000000
42.000000 14.000000 0.000000 0.000000 21.000000 0.000000
42.000000 15.000000 0.000000 0.000000 21.000000 0.000000
42.000000 16.000000 0.000000 0.000000 21.000000 0.000000
42.000000 17.000000 0.000000 0.000000 21.000000 0.000000
42.000000 18.000000 0.000000 0.000000 21.000000 0.000000
42.000000 19.000000 0.000000 0.000000 21.000000 0.000000
42.000000 20.000000 0.000000 0.000000 21.000000 0.000000
42.000000 21.000000 0.000000 0.000000 21.000000 0.000000
42.000000 22.000000 0.000000 0.000000 21.000000 0.000000
42.000000 23.000000 0.000000 0.000000 21.000000 0.000000
42.000000 24.000000 0.000000 0.000000 21.000000 0.000000
42.000000 25.000000 0.000000 0.000000 21.000000 0.000000
42.000000 26.000000 0.000000 0.000000 21.000000 0.000000
42.000000 27.000000 0.000000 0.000000 21.000000 0.000000
42.000000 28.000000 0.000000 0.000000 21.000000 0.000000
42.000000 29.000000 0.000000 0.000000 21.000000 0.000000
42.000000 30.000000 0.000000 0.000000 21.000000 0.000000
42.000000 31.000000 0.000000 0.000000 21.000000 0.000000
42.000000 32.000000 0.000000 0.000000 21.000000 0.000000
42.000000 33.000000 0.000000 0.000000 21.000000 0.000000
42.000000 34.000000 0.000000 0.000000 21.000000 0.000000
42.000000 35.000000 0.000000 0.000000 21.000000 0.000000
42.000000 36.000000 0.000000 0.000000 21.000000 0.000000
42.000000 37.000000 0.000000 0.000000 21.000000 0.000000
42.000000 38.000000 0.000000 0.000000 21.000000 0.000000
42.000000 39.000000 0.000000 0.000000 21.000000 0.000000
42.000000 40.000000 0.000000 0.000000 21.000000 0.000000
42.000000 41.000000 0.000000 0.000000 21.000000 0.000000
42.000000 42.000000 0.000000 0.000000 21.000000 0.000000
42.000000 43.000000 0.000000 0.000000 21.000000 0.000000
42.000000 44.000000 0.000000 0.000000 21.000000 0.000000
42.000000 45.000000 0.000000 0.000000 21.000000 0.000000
42.000000 46.000000 0.000000 0.000000 21.000000 0.000000
42.000000 47.000000 0.000000 0.000000 21.000000 0.000000
42.000000 48.000000 0.000000 0.000000 21.000000 0.000000
42.000000 49.000000 0.000000 0.000000 21.000000 0.000000
43.000000 0.000000 0.000000 0.000000 21.000000 0.000000
43.000000 1.000000 0.000000 0.000000 21.000000 0.000000
43.000000 2.000000 0.000000 0.000000 21.000000 0.000000
43.000000 3.000000 0.000000 0.000000 21.000000 0.000000
43.000000 4.000000 0.000000 0.000000 21.000000 0.000000
43.000000 5.000000 0.000000 0.000000 21.000000 0.000000
43.000000 6.000000 0.000000 0.000000 21.000000 0.000000
43.000000 7.000000 0.000000 0.000000 21.000000 0.000000
43.000000 8.000000 0.000000 0.000000 21.000000 0.000000
43.000000 9.000000 0.000000 0.000000 21.000000 0.000000
43.000000 10.000000 0.000000 0.000000 21.000000 0.000000
43.000000 11.000000 0.000000 0.000000 21.000000 0.000000
43.000000 12.000000 0.000000 0.000000 21.000000 0.000000
43.000000 13.000000 0.000000 0.000000 21.000000 0.000000
43.000000 14.000000 0.000000 0.000000 21.000000 0.000000
43.000000 15.000000 0.000000 0.000000 21.000000 0.000000
43.000000 16.000000 0.000000 0.000000 21.000000 0.000000
43.000000 17.000000 0.000000 0.000000 21.000000 0.000000
43.000000 18.000000 0.000000 0.000000 21.000000 0.000000
43.000000 19.000000 0.000000 0.000000 21.000000 0.000000
43.000000 20.000000 0.000000 0.000000 21.000000 0.000000
43.000000 21.000000 0.000000 0.000000 21.000000 0.000000
43.000000 22.000000 0.000000 0.000000 21.000000 0.000000
43.000000 23.000000 0.000000 0.000000 21.000000 0.000000
43.000000 24.000000 0.000000 0.000000 21.000000 0.000000
43.000000 25.000000 0.000000 0.000000 21.000000 0.000000
43.000000 26.000000 0.000000 0.000000 21.000000 0.000000
43.000000 27.000000 0.000000 0.000000 21.000000 0.000000
43.000000 28.000000 0.000000 0.000000 21.000000 0.000000
43.000000 29.000000 0.000000 0.000000 21.000000 0.000000
43.000000 30.000000 0.000000 0.000000 21.000000 0.000000
43.000000 31.000000 0.000000 0.000000 21.000000 0.000000
43.000000 32.000000 0.000000 0.000000 21.000000 0.000000
43.000000 33.000000 0.000000 0.000000 21.000000 0.000000
43.000000 34.000000 0.000000 0.000000 21.000000 0.000000
43.000000 35.000000 0.000000 0.000000 21.000000 0.000000
43.000000 36.000000 0.000000 0.000000 21.000000 0.000000
43.000000 37.000000 0.000000 0.000000 21.000000 0.000000
43.000000 38.000000 0.000000 0.000000 21.000000 0.000000
43.000000 39.000000 0.000000 0.000000 21.000000 0.000000
43.000000 40.000000 0.000000 0.000000 21.000000 0.000000
43.000000 41.000000 0.000000 0.000000 21.000000 0.000000
43.000000 42.000000 0.000000 0.000000 21.000000 0.000000
43.000000 43.000000 0.000000 0.000000 21.000000 0.000000
43.000000 44.000000 0.000000 0.000000 21.000000 0.000000
43.000000 45.000000 0.000000 0.000000 21.000000 0.000000
43.000000 46.000000 0.000000 0.000000 21.000000 0.000000
43.000000 47.000000 0.000000 0.000000 21.000000 0.000000
43.000000 48.000000 0.000000 0.000000 21.000000 0.000000
43.000000 49.000000 0.000000 0.000000 21.000000 0.000000
44.000000 0.000000 0.000000 0.000000 21.000000 0.000000
44.000000 1.000000 0.000000 0.000000 21.000000 0.000000
44.000000 2.000000 0.000000 0.000000 21.000000 0.000000
44.000000 3.000000 0.000000 0.000000 21.000000 0.000000
44.000000 4.000000 0.000000 0.000000 21.000000 0.000000
44.000000 5.000000 0.000000 0.000000 21.000000 0.000000
44.000000 6.000000 0.000000 0.000000 21.000000 0.000000
44.000000 7.000000 0.000000 0.000000 21.000000 0.000000
44.000000 8.000000 0.000000 0.000000 21.000000 0.000000
44.000000 9.000000 0.000000 0.000000 21.000000 0.000000
44.000000 10.000000 0.000000 0.000000 21.000000 0.000000
44.000000 11.000000 0.000000 0.000000 21.000000 0.000000
44.000000 12.000000 0.000000 0.000000 21.000000 0.000000
44.000000 13.000000 0.000000 0.000000 21.000000 0.000000
44.000000 14.000000 0.000000 0.000000 21.000000 0.000000
44.000000 15.000000 0.000000 0.000000 21.000000 0.000000
44.000000 16.000000 0.000000 0.000000 21.000000 0.000000
44.000000 17.000000 0.000000 0.000000 21.000000 0.000000
44.000000 18.000000 0.000000 0.000000 21.000000 0.000000
44.000000 19.000000 0.000000 0.000000 21.000000 0.000000
44.000000 20.000000 0.000000 0.000000 21.000000 0.000000
44.000000 21.000000 0.000000 0.000000 21.000000 0.000000
44.000000 22.000000 0.000000 0.000000 21.000000 0.000000
44.000000 23.000000 0.000000 0.000000 21.000000 0.000000
44.000000 24.000000 0.000000 0.000000 21.000000 0.000000
44.000000 25.000000 0.000000 0.000000 21.000000 0.000000
44.000000 26.000000 0.000000 0.000000 21.000000 0.000000
44.000000 27.000000 0.000000 0.000000 21.000000 0.000000
44.000000 28.000000 0.000000 0.000000 21.000000 0.000000
44.000000 29.000000 0.000000 0.000000 21.000000 0.000000
44.000000 30.000000 0.000000 0.000000 21.000000 0.000000
44.000000 31.000000 0.000000 0.000000 21.000000 0.000000
44.000000 32.000000 0.000000 0.000000 21.000000 0.000000
44.000000 33.000000 0.000000 0.000000 21.000000 0.000000
44.000000 34.000000 0.000000 0.000000 21.000000 0.000000
44.000000 35.000000 0.000000 0.000000 21.000000 0.000000
44.000000 36.000000 0.000000 0.000000 21.000000 0.000000
44.000000 37.000000 0.000000 0.000000 21.000000 0.000000
44.000000 38.000000 0.000000 0.000000 21.000000 0.000000
44.000000 39.000000 0.000000 0.000000 21.000000 0.000000
44.000000 40.000000 0.000000 0.000000 21.000000 0.000000
44.000000 41.000000 0.000000 0.000000 21.000000 0.000000
44.000000 42.000000 0.000000 0.000000 21.000000 0.000000
44.000000 43.000000 0.000000 0.000000 21.000000 0.000000
44.000000 44.000000 0.000000 0.000000 21.000000 0.000000
44.000000 45.000000 0.000000 0.000000 21.000000 0.000000
44.000000 46.000000 0.000000 0.000000 21.000000 0.000000
44.000000 47.000000 0.000000 0.000000 21.000000 0.000000
44.000000 48.000000 0.000000 0.000000 21.000000 0.000000
44.000000 49.000000 0.000000 0.000000 21.000000 0.000000
45.000000 0.000000 0.000000 0.000000 21.000000 0.000000
45.000000 1.000000 0.000000 0.000000 21.000000 0.000000
45.000000 2.000000 0.000000 0.000000 21.000000 0.000000
45.000000 3.000000 0.000000 0.000000 21.000000 0.000000
45.000000 4.000000 0.000000 0.000000 21.000000 0.000000
45.000000 5.000000 0.000000 0.000000 20.265566 0.000000
45.000000 6.000000 0.589331 0.000000 6.119287 0.773786
45.000000 7.000000 1.000000 0.537337 0.000000 1.000000
45.000000 8.000000 1.000000 0.784254 0.000000 1.000000
45.000000 9.000000 1.000000 0.342338 0.000000 1.000000
45.000000 10.000000 0.801920 0.000000 0.000000 0.695747
45.000000 11.000000 0.000000 0.000000 8.543315 0.085855
45.000000 12.000000 0.000000 0.000000 16.699242 0.049261
45.000000 13.000000 0.000000 0.000000 19.135317 0.000000
45.000000 14.000000 0.000000 0.000000 20.090317 0.000000
45.000000 15.000000 0.000000 0.000000 20.548332 0.000000
45.000000 16.000000 0.000000 0.000000 20.382219 0.000000
45.000000 17.000000 0.000000 0.000000 20.916739 0.000000
45.000000 18.000000 0.000000 0.000000 21.000000 0.000000
45.000000 19.000000 0.000000 0.000000 21.000000 0.000000
45.000000 20.000000 0.000000 0.000000 21.000000 0.000000
45.000000 21.000000 0.000000 0.000000 21.000000 0.000000
45.000000 22.000000 0.000000 0.000000 21.000000 0.000000
45.000000 23.000000 0.000000 0.000000 21.000000 0.000000
45.000000 24.000000 0.000000 0.000000 21.000000 0.000000
45.000000 25.000000 0.000000 0.000000 21.000000 0.000000
45.000000 26.000000 0.000000 0.000000 21.000000 0.000000
45.000000 27.000000 0.000000 0.000000 21.000000 0.000000
45.000000 28.000000 0.000000 0.000000 21.000000 0.000000
45.000000 29.000000 0.000000 0.000000 21.000000 0.000000
45.000000 30.000000 0.000000 0.000000 21.000000 0.000000
45.000000 31.000000 0.000000 0.000000 21.000000 0.000000
45.000000 32.000000 0.000000 0.000000 21.000000 0.000000
45.000000 33.000000 0.000000 0.000000 21.000000 0.000000
45.000000 34.000000 0.000000 0.000000 21.000000 0.000000
45.000000 35.000000 0.000000 0.000000 21.000000 0.000000
45.000000 36.000000 0.000000 0.000000 21.000000 0.000000
45.000000 37.000000 0.000000 0.000000 21.000000 0.000000
45.000000 38.000000 0.000000 0.000000 21.000000 0.000000
45.000000 39.000000 0.000000 0.000000 21.000000 0.000000
45.000000 40.000000 0.000000 0.000000 21.000000 0.000000
45.000000 41.000000 0.000000 0.000000 21.000000 0.000000
45.000000 42.000000 0.000000 0.000000 21.000000 0.000000
45.000000 43.000000 0.000000 0.000000 21.000000 0.000000
45.000000 44.000000 0.000000 0.000000 21.000000 0.000000
45.000000 45.000000 0.000000 0.000000 21.000000 0.000000
45.000000 46.000000 0.000000 0.000000 21.000000 0.000000
45.000000 47.000000 0.000000 0.000000 21.000000 0.000000
45.000000 48.000000 0.000000 0.000000 21.000000 0.000000
45.000000 49.000000 0.000000 0.000000 21.000000 0.000000
46.000000 0.000000 0.000000 0.000000 21.000000 0.000000
46.000000 1.000000 0.000000 0.000000 21.000000 0.000000
46.000000 2.000000 0.000000 0.000000 21.000000 0.000000
46.000000 3.000000 0.000000 0.000000 20.892023 0.000000
46.000000 4.000000 0.000000 0.000000 18.158834 0.012771
46.000000 5.000000 0.839768 0.000000 3.001335 0.969397
46.000000 6.000000 1.000000 0.593491 0.000000 1.000000
46.000000 7.000000 1.000000 0.554385 0.000000 1.000000
46.000000 8.000000 1.000000 0.198603 0.000000 1.000000
46.000000 9.000000 0.358813 0.000000 0.000000 0.353540
46.000000 10.000000 0.130695 0.000000 12.488449 0.270118
46.000000 11.000000 0.853376 0.010332 20.096054 0.455789
46.000000 12.000000 0.000000 0.000000 13.094299 0.288479
46.000000 13.000000 0.000000 0.000000 13.394902 0.304457
46.000000 14.000000 0.000000 0.000000 14.399268 0.242896
46.000000 15.000000 0.000000 0.000000 15.462381 0.176997
46.000000 16.000000 0.000000 0.000000 16.345129 0.122972
46.000000 17.000000 0.000000 0.000000 17.214880 0.068656
46.000000 18.000000 0.000000 0.000000 19.328957 0.000000
46.000000 19.000000 0.000000 0.000000 19.621948 0.000000
46.000000 20.000000 0.000000 0.000000 19.854559 0.000000
46.000000 21.000000 0.000000 0.000000 20.136339 0.000000
46.000000 22.000000 0.000000 0.000000 20.691114 0.000000
46.000000 23.000000 0.000000 0.000000 20.493452 0.000000
46.000000 24.000000 0.000000 0.000000 20.625277 0.000000
46.000000 25.000000 0.000000 0.000000 20.928095 0.000000
46.000000 26.000000 0.000000 0.000000 21.000000 0.000000
46.000000 27.000000 0.000000 0.000000 21.000000 0.000000
46.000000 28.000000 0.000000 0.000000 21.000000 0.000000
46.000000 29.000000 0.000000 0.000000 21.000000 0.000000
46.000000 30.000000 0.000000 0.000000 21.000000 0.000000
46.000000 31.000000 0.000000 0.000000 21.000000 0.000000
46.000000 32.000000 0.000000 0.000000 21.000000 0.000000
46.000000 33.000000 0.000000 0.000000 21.000000 0.000000
46.000000 34.000000 0.000000 0.000000 21.000000 0.000000
46.000000 35.000000 0.000000 0.000000 21.000000 0.000000
46.000000 36.000000 0.000000 0.000000 21.000000 0.000000
46.000000 37.000000 0.000000 0.000000 21.000000 0.000000
46.000000 38.000000 0.000000 0.000000 21.000000 0.000000
46.000000 39.000000 0.000000 0.000000 21.000000 0.000000
46.000000 40.000000 0.000000 0.000000 21.000000 0.000000
46.000000 41.000000 0.000000 0.000000 21.000000 0.000000
46.000000 42.000000 0.000000 0.000000 21.000000 0.000000
46.000000 43.000000 0.000000 0.000000 21.000000 0.000000
46.000000 44.000000 0.000000 0.000000 21.000000 0.000000
46.000000 45.000000 0.000000 0.000000 21.000000 0.000000
46.000000 46.000000 0.000000 0.000000 21.000000 0.000000
46.000000 47.000000 0.000000 0.000000 21.000000 0.000000
46.000000 48.000000 0.000000 0.000000 21.000000 0.000000
46.000000 49.000000 0.000000 0.000000 21.000000 0.000000
47.000000 0.000000 0.000000 0.000000 21.000000 0.000000
47.000000 1.000000 0.000000 0.000000 21.000000 0.000000
47.000000 2.000000 0.000000 0.000000 21.000000 0.000000
47.000000 3.000000 0.000000 0.000000 20.414364 0.000000
47.000000 4.000000 0.000000 0.000000 19.871191 0.000000
47.000000 5.000000 0.207725 0.000000 10.854031 0.474907
47.000000 6.000000 1.000000 0.319961 0.000000 1.000000
47.000000 7.000000 1.000000 0.844019 0.000000 1.000000
47.000000 8.000000 1.000000 0.433811 0.000000 1.000000
47.000000 9.000000 0.804134 0.018896 0.000000 0.681871
47.000000 10.000000 0.047628 0.000000 5.394035 0.195899
47.000000 11.000000 0.766709 0.000000 20.986084 0.383648
47.000000 12.000000 0.000000 0.000000 16.327206 0.084590
47.000000 13.000000 0.000000 0.000000 16.691799 0.093353
47.000000 14.000000 0.000000 0.000000 16.675682 0.100284
47.000000 15.000000 0.000000 0.000000 17.188665 0.069992
47.000000 16.000000 0.000000 0.000000 15.213783 0.196320
47.000000 17.000000 0.000000 0.000000 15.024621 0.206870
47.000000 18.000000 0.000000 0.000000 14.709700 0.226503
47.000000 19.000000 0.000000 0.000000 16.667358 0.102545
47.000000 20.000000 0.000000 0.000000 16.868526 0.090509
47.000000 21.000000 0.000000 0.000000 17.235678 0.067690
47.000000 22.000000 0.000000 0.000000 18.512848 0.000000
47.000000 23.000000 0.000000 0.000000 18.334585 0.000000
47.000000 24.000000 0.000000 0.000000 18.827894 0.000000
47.000000 25.000000 0.000000 0.000000 19.038542 0.000000
47.000000 26.000000 0.000000 0.000000 19.688438 0.000000
47.000000 27.000000 0.000000 0.000000 19.927523 0.000000
47.000000 28.000000 0.000000 0.000000 20.875378 0.000000
47.000000 29.000000 0.000000 0.000000 20.516626 0.000000
47.000000 30.000000 0.000000 0.000000 20.987261 0.000000
47.000000 31.000000 0.000000 0.000000 21.000000 0.000000
47.000000 32.000000 0.000000 0.000000 20.767054 0.000000
47.000000 33.000000 0.000000 0.000000 20.176197 0.000000
47.000000 34.000000 0.000000 0.000000 20.248932 0.000000
47.000000 35.000000 0.000000 0.000000 20.654947 0.000000
47.000000 36.000000 0.000000 0.000000 20.964149 0.000000
47.000000 37.000000 0.000000 0.000000 21.000000 0.000000
47.000000 38.000000 0.000000 0.000000 21.000000 0.000000
47.000000 39.000000 0.000000 0.000000 21.000000 0.000000
47.000000 40.000000 0.000000 0.000000 21.000000 0.000000
47.000000 41.000000 0.000000 0.000000 21.000000 0.000000
47.000000 42.000000 0.000000 0.000000 21.000000 0.000000
47.000000 43.000000 0.000000 0.000000 21.000000 0.000000
47.000000 44.000000 0.000000 0.000000 21.000000 0.000000
47.000000 45.000000 0.000000 0.000000 21.000000 0.000000
47.000000 46.000000 0.000000 0.000000 21.000000 0.000000
47.000000 47.000000 0.000000 0.000000 21.000000 0.000000
47.000000 48.000000 0.000000 0.000000 21.000000 0.000000
47.000000 49.000000 0.000000 0.000000 21.000000 0.000000
48.000000 0.000000 0.000000 0.000000 21.000000 0.000000
48.000000 1.000000 0.000000 0.000000 21.000000 0.000000
48.000000 2.000000 0.000000 0.000000 21.000000 0.000000
48.000000 3.000000 0.000000 0.000000 20.826311 0.000000
48.000000 4.000000 0.000000 0.000000 20.678101 0.000000
48.000000 5.000000 0.000000 0.000000 18.803938 0.000000
48.000000 6.000000 0.648221 0.000000 5.384227 0.819841
48.000000 7.000000 1.000000 0.420191 0.000000 1.000000
48.000000 8.000000 1.000000 0.664093 0.000000 1.000000
48.000000 9.000000 1.000000 0.309620 0.000000 1.000000
48.000000 10.000000 0.616339 0.000000 0.000000 0.540825
48.000000 11.000000 0.000000 0.000000 9.091509 0.195716
48.000000 12.000000 0.000000 0.000000 16.132359 0.090609
48.000000 13.000000 0.000000 0.000000 16.707066 0.081179
48.000000 14.000000 0.000000 0.000000 17.445797 0.046467
48.000000 15.000000 0.000000 0.000000 18.724281 0.000000
48.000000 16.000000 0.000000 0.000000 19.717371 0.000000
48.000000 17.000000 0.000000 0.000000 19.319803 0.000000
48.000000 18.000000 0.000000 0.000000 19.495365 0.000000
48.000000 19.000000 0.000000 0.000000 18.762516 0.000000
48.000000 20.000000 0.000000 0.000000 19.152056 0.000000
48.000000 21.000000 0.000000 0.000000 19.025087 0.000000
48.000000 22.000000 0.000000 0.000000 19.152056 0.000000
48.000000 23.000000 0.000000 0.000000 19.548752 0.000000
48.000000 24.000000 0.000000 0.000000 19.004879 0.000000
48.000000 25.000000 0.000000 0.000000 17.044138 0.082284
48.000000 26.000000 0.000000 0.000000 18.143356 0.010638
48.000000 27.000000 0.000000 0.000000 18.737518 0.000000
48.000000 28.000000 0.000000 0.000000 19.605309 0.000000
48.000000 29.000000 0.000000 0.000000 19.482159 0.000000
48.000000 30.000000 0.000000 0.000000 20.489866 0.000000
48.000000 31.000000 0.000000 0.000000 20.625277 0.000000
48.000000 32.000000 0.000000 0.000000 20.737410 0.000000
48.000000 33.000000 0.000000 0.000000 20.987261 0.000000
48.000000 34.000000 0.000000 0.000000 21.000000 0.000000
48.000000 35.000000 0.000000 0.000000 21.000000 0.000000
48.000000 36.000000 0.000000 0.000000 21.000000 0.000000
48.000000 37.000000 0.000000 0.000000 21.000000 0.000000
48.000000 38.000000 0.000000 0.000000 21.000000 0.000000
48.000000 39.000000 0.000000 0.000000 21.000000 0.000000
48.000000 40.000000 0.000000 0.000000 21.000000 0.000000
48.000000 41.000000 0.000000 0.000000 21.000000 0.000000
48.000000 42.000000 0.000000 0.000000 21.000000 0.000000
48.000000 43.000000 0.000000 0.000000 21.000000 0.000000
48.000000 44.000000 0.000000 0.000000 21.000000 0.000000
48.000000 45.000000 0.000000 0.000000 21.000000 0.000000
48.000000 46.000000 0.000000 0.000000 21.000000 0.000000
48.000000 47.000000 0.000000 0.000000 21.000000 0.000000
48.000000 48.000000 0.000000 0.000000 21.000000 0.000000
48.000000 49.000000 0.000000 0.000000 21.000000 0.000000
49.000000 0.000000 0.000000 0.000000 21.000000 0.000000
49.000000 1.000000 0.000000 0.000000 21.000000 0.000000
49.000000 2.000000 0.000000 0.000000 21.000000 0.000000
49.000000 3.000000 0.000000 0.000000 21.000000 0.000000
49.000000 4.000000 0.000000 0.000000 21.000000 0.000000
49.000000 5.000000 0.000000 0.000000 21.000000 0.000000
49.000000 6.000000 0.000000 0.000000 21.000000 0.000000
49.000000 7.000000 0.000000 0.000000 21.000000 0.000000
49.000000 8.000000 0.000000 0.000000 21.000000 0.000000
49.000000 9.000000 0.000000 0.000000 21.000000 0.000000
49.000000 10.000000 0.000000 0.000000 21.000000 0.000000
49.000000 11.000000 0.000000 0.000000 21.000000 0.000000
49.000000 12.000000 0.000000 0.000000 21.000000 0.000000
49.000000 13.000000 0.000000 0.000000 21.000000 0.000000
49.000000 14.000000 0.000000 0.000000 21.000000 0.000000
49.000000 15.000000 0.000000 0.000000 21.000000 0.000000
49.000000 16.000000 0.000000 0.000000 21.000000 0.000000
49.000000 17.000000 0.000000 0.000000 21.000000 0.000000
49.000000 18.000000 0.000000 0.000000 21.000000 0.000000
49.000000 19.000000 0.000000 0.000000 21.000000 0.000000
49.000000 20.000000 0.000000 0.000000 21.000000 0.000000
49.000000 21.000000 0.000000 0.000000 21.000000 0.000000
49.000000 22.000000 0.000000 0.000000 21.000000 0.000000
49.000000 23.000000 0.000000 0.000000 21.000000 0.000000
49.000000 24.000000 0.000000 0.000000 21.000000 0.000000
49.000000 25.000000 0.000000 0.000000 21.000000 0.000000
49.000000 26.000000 0.000000 0.000000 21.000000 0.000000
49.000000 27.000000 0.000000 0.000000 21.000000 0.000000
49.000000 28.000000 0.000000 0.000000 21.000000 0.000000
49.000000 29.000000 0.000000 0.000000 21.000000 0.000000
49.000000 30.000000 0.000000 0.000000 21.000000 0.000000
49.000000 31.000000 0.000000 0.000000 21.000000 0.000000
49.000000 32.000000 0.000000 0.000000 21.000000 0.000000
49.000000 33.000000 0.000000 0.000000 21.000000 0.000000
49.000000 34.000000 0.000000 0.000000 21.000000 0.000000
49.000000 35.000000 0.000000 0.000000 21.000000 0.000000
49.000000 36.000000 0.000000 0.000000 21.000000 0.000000
49.000000 37.000000 0.000000 0.000000 21.000000 0.000000
49.000000 38.000000 0.000000 0.000000 21.000000 0.000000
49.000000 39.000000 0.000000 0.000000 21.000000 0.000000
49.000000 40.000000 0.000000 0.000000 21.000000 0.000000
49.000000 41.000000 0.000000 0.000000 21.000000 0.000000
49.000000 42.000000 0.000000 0.000000 21.000000 0.000000
49.000000 43.000000 0.000000 0.000000 21.000000 0.000000
49.000000 44.000000 0.000000 0.000000 21.000000 0.000000
49.000000 45.000000 0.000000 0.000000 21.000000 0.000000
49.000000 46.000000 0.000000 0.000000 21.000000 0.000000
49.000000 47.000000 0.000000 0.000000 21.000000 0.000000
49.000000 48.000000 0.000000 0.000000 21.000000 0.000000
49.000000 49.000000 0.000000 0.000000 21.000000 0.000000
50.000000 0.000000 0.000000 0.000000 21.000000 0.000000
50.000000 1.000000 0.000000 0.000000 21.000000 0.000000
50.000000 2.000000 0.000000 0.000000 21.000000 0.000000
50.000000 3.000000 0.000000 0.000000 21.000000 0.000000
50.000000 4.000000 0.000000 0.000000 21.000000 0.000000
50.000000 5.000000 0.000000 0.000000 20.414364 0.000000
50.000000 6.000000 0.000000 0.000000 17.493916 0.054865
50.000000 7.000000 0.309295 0.000000 9.560384 0.554987
50.000000 8.000000 1.000000 0.394765 0.000000 1.000000
50.000000 9.000000 1.000000 0.857705 0.000000 1.000000
50.000000 10.000000 1.000000 0.405291 0.000000 1.000000
50.000000 11.000000 0.864304 0.002760 0.000000 0.731796
50.000000 12.000000 0.042862 0.000000 4.823021 0.189347
50.000000 13.000000 0.700561 0.000000 21.000000 0.330793
50.000000 14.000000 0.000000 0.000000 18.419394 0.000000
50.000000 15.000000 0.000000 0.000000 19.522703 0.000000
50.000000 16.000000 0.000000 0.000000 20.471924 0.000000
50.000000 17.000000 0.000000 0.000000 20.858271 0.000000
50.000000 18.000000 0.000000 0.000000 21.000000 0.000000
50.000000 19.000000 0.000000 0.000000 21.000000 0.000000
50.000000 20.000000 0.000000 0.000000 21.000000 0.000000
50.000000 21.000000 0.000000 0.000000 21.000000 0.000000
50.000000 22.000000 0.000000 0.000000 21.000000 0.000000
50.000000 23.000000 0.000000 0.000000 21.000000 0.000000
50.000000 24.000000 0.000000 0.000000 21.000000 0.000000
50.000000 25.000000 0.000000 0.000000 21.000000 0.000000
50.000000 26.000000 0.000000 0.000000 21.000000 0.000000
50.000000 27.000000 0.000000 0.000000 21.000000 0.000000
50.000000 28.000000 0.000000 0.000000 21.000000 0.000000
50.000000 29.000000 0.000000 0.000000 21.000000 0.000000
50.000000 30.000000 0.000000 0.000000 21.000000 0.000000
50.000000 31.000000 0.000000 0.000000 21.000000 0.000000
50.000000 32.000000 0.000000 0.000000 21.000000 0.000000
50.000000 33.000000 0.000000 0.000000 21.000000 0.000000
50.000000 34.000000 0.000000 0.000000 21.000000 0.000000
50.000000 35.000000 0.000000 0.000000 21.000000 0.000000
50.000000 36.000000 0.000000 0.000000 21.000000 0.000000
50.000000 37.000000 0.000000 0.000000 21.000000 0.000000
50.000000 38.000000 0.000000 0.000000 21.000000 0.000000
50.000000 39.000000 0.000000 0.000000 21.000000 0.000000
50.000000 40.000000 0.000000 0.000000 21.000000 0.000000
50.000000 41.000000 0.000000 0.000000 21.000000 0.000000
50.000000 42.000000 0.000000 0.000000 21.000000 0.000000
50.000000 43.000000 0.000000 0.000000 21.000000 0.000000
50.000000 44.000000 0.000000 0.000000 21.000000 0.000000
50.000000 45.000000 0.000000 0.000000 21.000000 0.000000
50.000000 46.000000 0.000000 0.000000 21.000000 0.000000
50.000000 47.000000 0.000000 0.000000 21.000000 0.000000
50.000000 48.000000 0.000000 0.000000 21.000000 0.000000
50.000000 49.000000 0.000000 0.000000 21.000000 0.000000
51.000000 0.000000 0.000000 0.000000 21.000000 0.000000
51.000000 1.000000 0.000000 0.000000 21.000000 0.000000
51.000000 2.000000 0.000000 0.000000 21.000000 0.000000
51.000000 3.000000 0.000000 0.000000 21.000000 0.000000
51.000000 4.000000 0.000000 0.000000 21.000000 0.000000
51.000000 5.000000 0.000000 0.000000 21.000000 0.000000
51.000000 6.000000 0.000000 0.000000 21.000000 0.000000
51.000000 7.000000 0.000000 0.000000 21.000000 0.000000
51.000000 8.000000 0.000000 0.000000 21.000000 0.000000
51.000000 9.000000 0.000000 0.000000 21.000000 0.000000
51.000000 10.000000 0.000000 0.000000 21.000000 0.000000
51.000000 11.000000 0.000000 0.000000 21.000000 0.000000
51.000000 12.000000 0.000000 0.000000 21.000000 0.000000
51.000000 13.000000 0.000000 0.000000 21.000000 0.000000
51.000000 14.000000 0.000000 0.000000 21.000000 0.000000
51.000000 15.000000 0.000000 0.000000 21.000000 0.000000
51.000000 16.000000 0.000000 0.000000 21.000000 0.000000
51.000000 17.000000 0.000000 0.000000 21.000000 0.000000
51.000000 18.000000 0.000000 0.000000 21.000000 0.000000
51.000000 19.000000 0.000000 0.000000 21.000000 0.000000
51.000000 20.000000 0.000000 0.000000 21.000000 0.000000
51.000000 21.000000 0.000000 0.000000 21.000000 0.000000
51.000000 22.000000 0.000000 0.000000 21.000000 0.000000
51.000000 23.000000 0.000000 0.000000 21.000000 0.000000
51.000000 24.000000 0.000000 0.000000 21.000000 0.000000
51.000000 25.000000 0.000000 0.000000 21.000000 0.000000
51.000000 26.000000 0.000000 0.000000 21.000000 0.000000
51.000000 27.000000 0.000000 0.000000 21.000000 0.000000
51.000000 28.000000 0.000000 0.000000 21.000000 0.000000
51.000000 29.000000 0.000000 0.000000 21.000000 0.000000
51.000000 30.000000 0.000000 0.000000 21.000000 0.000000
51.000000 31.000000 0.000000 0.000000 21.000000 0.000000
51.000000 32.000000 0.000000 0.000000 21.000000 0.000000
51.000000 33.000000 0.000000 0.000000 21.000000 0.000000
51.000000 34.000000 0.000000 0.000000 21.000000 0.000000
51.000000 35.000000 0.000000 0.000000 21.000000 0.000000
51.000000 36.000000 0.000000 0.000000 21.000000 0.000000
51.000000 37.000000 0.000000 0.000000 21.000000 0.000000
51.000000 38.000000 0.000000 0.000000 21.000000 0.000000
51.000000 39.000000 0.000000 0.000000 21.000000 0.000000
51.000000 40.000000 0.000000 0.000000 21.000000 0.000000
51.000000 41.000000 0.000000 0.000000 21.000000 0.000000
51.000000 42.000000 0.000000 0.000000 21.000000 0.000000
51.000000 43.000000 0.000000 0.000000 21.000000 0.000000
51.000000 44.000000 0.000000 0.000000 21.000000 0.000000
51.000000 45.000000 0.000000 0.000000 21.000000 0.000000
51.000000 46.000000 0.000000 0.000000 21.000000 0.000000
51.000000 47.000000 0.000000 0.000000 21.000000 0.000000
51.000000 48.000000 0.000000 0.000000 21.000000 0.000000
51.000000 49.000000 0.000000 0.000000 21.000000 0.000000
52.000000 0.000000 0.000000 0.000000 21.000000 0.000000
52.000000 1.000000 0.000000 0.000000 21.000000 0.000000
52.000000 2.000000 0.000000 0.000000 21.000000 0.000000
52.000000 3.000000 0.000000 0.000000 21.000000 0.000000
52.000000 4.000000 0.000000 0.000000 21.000000 0.000000
52.000000 5.000000 0.000000 0.000000 21.000000 0.000000
52.000000 6.000000 0.000000 0.000000 21.000000 0.000000
52.000000 7.000000 0.000000 0.000000 21.000000 0.000000
52.000000 8.000000 0.000000 0.000000 21.000000 0.000000
52.000000 9.000000 0.000000 0.000000 21.000000 0.000000
52.000000 10.000000 0.000000 0.000000 21.000000 0.000000
52.000000 11.000000 0.000000 0.000000 21.000000 0.000000
52.000000 12.000000 0.000000 0.000000 21.000000 0.000000
52.000000 13.000000 0.000000 0.000000 21.000000 0.000000
52.000000 14.000000 0.000000 0.000000 21.000000 0.000000
52.000000 15.000000 0.000000 0.000000 21.000000 0.000000
52.000000 16.000000 0.000000 0.000000 21.000000 0.000000
52.000000 17.000000 0.000000 0.000000 21.000000 0.000000
52.000000 18.000000 0.000000 0.000000 21.000000 0.000000
52.000000 19.000000 0.000000 0.000000 21.000000 0.000000
52.000000 20.000000 0.000000 0.000000 21.000000 0.000000
52.000000 21.000000 0.000000 0.000000 21.000000 0.000000
52.000000 22.000000 0.000000 0.000000 21.000000 0.000000
52.000000 23.000000 0.000000 0.000000 21.000000 0.000000
52.000000 24.000000 0.000000 0.000000 21.000000 0.000000
52.000000 25.000000 0.000000 0.000000 21.000000 0.000000
52.000000 26.000000 0.000000 0.000000 21.000000 0.000000
52.000000 27.000000 0.000000 0.000000 21.000000 0.000000
52.000000 28.000000 0.000000 0.000000 21.000000 0.000000
52.000000 29.000000 0.000000 0.000000 21.000000 0.000000
52.000000 30.000000 0.000000 0.000000 21.000000 0.000000
52.000000 31.000000 0.000000 0.000000 21.000000 0.000000
52.000000 32.000000 0.000000 0.000000 21.000000 0.000000
52.000000 33.000000 0.000000 0.000000 21.000000 0.000000
52.000000 34.000000 0.000000 0.000000 21.000000 0.000000
52.000000 35.000000 0.000000 0.000000 21.000000 0.000000
52.000000 36.000000 0.000000 0.000000 21.000000 0.000000
52.000000 37.000000 0.000000 0.000000 21.000000 0.000000
52.000000 38.000000 0.000000 0.000000 21.000000 0.000000
52.000000 39.000000 0.000000 0.000000 21.000000 0.000000
52.000000 40.000000 0.000000 0.000000 21.000000 0.000000
52.000000 41.000000 0.000000 0.000000 21.000000 0.000000
52.000000 42.000000 0.000000 0.000000 21.000000 0.000000
52.000000 43.000000 0.000000 0.000000 21.000000 0.000000
52.000000 44.000000 0.000000 0.000000 21.000000 0.000000
52.000000 45.000000 0.000000 0.000000 21.000000 0.000000
52.000000 46.000000 0.000000 0.000000 21.000000 0.000000
52.000000 47.000000 0.000000 0.000000 21.000000 0.000000
52.000000 48.000000 0.000000 0.000000 21.000000 0.000000
52.000000 49.000000 0.000000 0.000000 21.000000 0.000000
53.000000 0.000000 0.000000 0.000000 21.000000 0.000000
53.000000 1.000000 0.000000 0.000000 21.000000 0.000000
53.000000 2.000000 0.000000 0.000000 21.000000 0.000000
53.000000 3.000000 0.000000 0.000000 21.000000 0.000000
53.000000 4.000000 0.000000 0.000000 21.000000 0.000000
53.000000 5.000000 0.000000 0.000000 21.000000 0.000000
53.000000 6.000000 0.000000 0.000000 21.000000 0.000000
53.000000 7.000000 0.000000 0.000000 21.000000 0.000000
53.000000 8.000000 0.000000 0.000000 21.000000 0.000000
53.000000 9.000000 0.000000 0.000000 21.000000 0.000000
53.000000 10.000000 0.000000 0.000000 21.000000 0.000000
53.000000 11.000000 0.000000 0.000000 21.000000 0.000000
53.000000 12.000000 0.000000 0.000000 21.000000 0.000000
53.000000 13.000000 0.000000 0.000000 21.000000 0.000000
53.000000 14.000000 0.000000 0.000000 21.000000 0.000000
53.000000 15.000000 0.000000 0.000000 21.000000 0.000000
53.000000 16.000000 0.000000 0.000000 21.000000 0.000000
53.000000 17.000000 0.000000 0.000000 21.000000 0.000000
53.000000 18.000000 0.000000 0.000000 21.000000 0.000000
53.000000 19.000000 0.000000 0.000000 21.000000 0.000000
53.000000 20.000000 0.000000 0.000000 21.000000 0.000000
53.000000 21.000000 0.000000 0.000000 21.000000 0.000000
53.000000 22.000000 0.000000 0.000000 21.000000 0.000000
53.000000 23.000000 0.000000 0.000000 21.000000 0.000000
53.000000 24.000000 0.000000 0.000000 21.000000 0.000000
53.000000 25.000000 0.000000 0.000000 21.000000 0.000000
53.000000 26.000000 0.000000 0.000000 21.000000 0.000000
53.000000 27.000000 0.000000 0.000000 21.000000 0.000000
53.000000 28.000000 0.000000 0.000000 21.000000 0.000000
53.000000 29.000000 0.000000 0.000000 21.000000 0.000000
53.000000 30.000000 0.000000 0.000000 21.000000 0.000000
53.000000 31.000000 0.000000 0.000000 21.000000 0.000000
53.000000 32.000000 0.000000 0.000000 21.000000 0.000000
53.000000 33.000000 0.000000 0.000000 21.000000 0.000000
53.000000 34.000000 0.000000 0.000000 21.000000 0.000000
53.000000 35.000000 0.000000 0.000000 21.000000 0.000000
53.000000 36.000000 0.000000 0.000000 21.000000 0.000000
53.000000 37.000000 0.000000 0.000000 21.000000 0.000000
53.000000 38.000000 0.000000 0.000000 21.000000 0.000000
53.000000 39.000000 0.000000 0.000000 21.000000 0.000000
53.000000 40.000000 0.000000 0.000000 21.000000 0.000000
53.000000 41.000000 0.000000 0.000000 21.000000 0.000000
53.000000 42.000000 0.000000 0.000000 21.000000 0.000000
53.000000 43.000000 0.000000 0.000000 21.000000 0.000000
53.000000 44.000000 0.000000 0.000000 21.000000 0.000000
53.000000 45.000000 0.000000 0.000000 21.000000 0.000000
53.000000 46.000000 0.000000 0.000000 21.000000 0.000000
53.000000 47.000000 0.000000 0.000000 21.000000 0.000000
53.000000 48.000000 0.000000 0.000000 21.000000 0.000000
53.000000 49.000000 0.000000 0.000000 21.000000 0.000000
54.000000 0.000000 0.000000 0.000000 21.000000 0.000000
54.000000 1.000000 0.000000 0.000000 21.000000 0.000000
54.000000 2.000000 0.000000 0.000000 21.000000 0.000000
54.000000 3.000000 0.000000 0.000000 21.000000 0.000000
54.000000 4.000000 0.000000 0.000000 21.000000 0.000000
54.000000 5.000000 0.000000 0.000000 21.000000 0.000000
54.000000 6.000000 0.000000 0.000000 21.000000 0.000000
54.000000 7.000000 0.000000 0.000000 21.000000 0.000000
54.000000 8.000000 0.000000 0.000000 21.000000 0.000000
54.000000 9.000000 0.000000 0.000000 21.000000 0.000000
54.000000 10.000000 0.000000 0.000000 21.000000 0.000000
54.000000 11.000000 0.000000 0.000000 21.000000 0.000000
54.000000 12.000000 0.000000 0.000000 21.000000 0.000000
54.000000 13.000000 0.000000 0.000000 21.000000 0.000000
54.000000 14.000000 0.000000 0.000000 21.000000 0.000000
54.000000 15.000000 0.000000 0.000000 21.000000 0.000000
54.000000 16.000000 0.000000 0.000000 21.000000 0.000000
54.000000 17.000000 0.000000 0.000000 21.000000 0.000000
54.000000 18.000000 0.000000 0.000000 21.000000 0.000000
54.000000 19.000000 0.000000 0.000000 21.000000 0.000000
54.000000 20.000000 0.000000 0.000000 21.000000 0.000000
54.000000 21.000000 0.000000 0.000000 21.000000 0.000000
54.000000 22.000000 0.000000 0.000000 21.000000 0.000000
54.000000 23.000000 0.000000 0.000000 21.000000 0.000000
54.000000 24.000000 0.000000 0.000000 21.000000 0.000000
54.000000 25.000000 0.000000 0.000000 21.000000 0.000000
54.000000 26.000000 0.000000 0.000000 21.000000 0.000000
54.000000 27.000000 0.000000 0.000000 21.000000 0.000000
54.000000 28.000000 0.000000 0.000000 21.000000 0.000000
54.000000 29.000000 0.000000 0.000000 21.000000 0.000000
54.000000 30.000000 0.000000 0.000000 21.000000 0.000000
54.000000 31.000000 0.000000 0.000000 21.000000 0.000000
54.000000 32.000000 0.000000 0.000000 21.000000 0.000000
54.000000 33.000000 0.000000 0.000000 21.000000 0.000000
54.000000 34.000000 0.000000 0.000000 21.000000 0.000000
54.000000 35.000000 0.000000 0.000000 21.000000 0.000000
54.000000 36.000000 0.000000 0.000000 21.000000 0.000000
54.000000 37.000000 0.000000 0.000000 21.000000 0.000000
54.000000 38.000000 0.000000 0.000000 21.000000 0.000000
54.000000 39.000000 0.000000 0.000000 21.000000 0.000000
54.000000 40.000000 0.000000 0.000000 21.000000 0.000000
54.000000 41.000000 0.000000 0.000000 21.000000 0.000000
54.000000 42.000000 0.000000 0.000000 21.000000 0.000000
54.000000 43.000000 0.000000 0.000000 21.000000 0.000000
54.000000 44.000000 0.000000 0.000000 21.000000 0.000000
54.000000 45.000000 0.000000 0.000000 21.000000 0.000000
54.000000 46.000000 0.000000 0.000000 21.000000 0.000000
54.000000 47.000000 0.000000 0.000000 21.000000 0.000000
54.000000 48.000000 0.000000 0.000000 21.000000 0.000000
54.000000 49.000000 0.000000 0.000000 21.000000 0.000000
55.000000 0.000000 0.000000 0.000000 21.000000 0.000000
55.000000 1.000000 0.000000 0.000000 21.000000 0.000000
55.000000 2.000000 0.000000 0.000000 21.000000 0.000000
55.000000 3.000000 0.000000 0.000000 21.000000 0.000000
55.000000 4.000000 0.000000 0.000000 21.000000 0.000000
55.000000 5.000000 0.000000 0.000000 21.000000 0.000000
55.000000 6.000000 0.000000 0.000000 21.000000 0.000000
55.000000 7.000000 0.000000 0.000000 21.000000 0.000000
55.000000 8.000000 0.000000 0.000000 21.000000 0.000000
55.000000 9.000000 0.000000 0.000000 21.000000 0.000000
55.000000 10.000000 0.000000 0.000000 21.000000 0.000000
55.000000 11.000000 0.000000 0.000000 21.000000 0.000000
55.000000 12.000000 0.000000 0.000000 21.000000 0.000000
55.000000 13.000000 0.000000 0.000000 21.000000 0.000000
55.000000 14.000000 0.000000 0.000000 21.000000 0.000000
55.000000 15.000000 0.000000 0.000000 21.000000 0.000000
55.000000 16.000000 0.000000 0.000000 21.000000 0.000000
55.000000 17.000000 0.000000 0.000000 21.000000 0.000000
55.000000 18.000000 0.000000 0.000000 21.000000 0.000000
55.000000 19.000000 0.000000 0.000000 21.000000 0.000000
55.000000 20.000000 0.000000 0.000000 21.000000 0.000000
55.000000 21.000000 0.000000 0.000000 21.000000 0.000000
55.000000 22.000000 0.000000 0.000000 21.000000 0.000000
55.000000 23.000000 0.000000 0.000000 21.000000 0.000000
55.000000 24.000000 0.000000 0.000000 21.000000 0.000000
55.000000 25.000000 0.000000 0.000000 21.000000 0.000000
55.000000 26.000000 0.000000 0.000000 21.000000 0.000000
55.000000 27.000000 0.000000 0.000000 21.000000 0.000000
55.000000 28.000000 0.000000 0.000000 21.000000 0.000000
55.000000 29.000000 0.000000 0.000000 21.000000 0.000000
55.000000 30.000000 0.000000 0.000000 21.000000 0.000000
55.000000 31.000000 0.000000 0.000000 21.000000 0.000000
55.000000 32.000000 0.000000 0.000000 21.000000 0.000000
55.000000 33.000000 0.000000 0.000000 21.000000 0.000000
55.000000 34.000000 0.000000 0.000000 21.000000 0.000000
55.000000 35.000000 0.000000 0.000000 21.000000 0.000000
55.000000 36.000000 0.000000 0.000000 21.000000 0.000000
55.000000 37.000000 0.000000 0.000000 21.000000 0.000000
55.000000 38.000000 0.000000 0.000000 21.000000 0.000000
55.000000 39.000000 0.000000 0.000000 21.000000 0.000000
55.000000 40.000000 0.000000 0.000000 21.000000 0.000000
55.000000 41.000000 0.000000 0.000000 21.000000 0.000000
55.000000 42.000000 0.000000 0.000000 21.000000 0.000000
55.000000 43.000000 0.000000 0.000000 21.000000 0.000000
55.000000 44.000000 0.000000 0.000000 21.000000 0.000000
55.000000 45.000000 0.000000 0.000000 21.000000 0.000000
55.000000 46.000000 0.000000 0.000000 21.000000 0.000000
55.000000 47.000000 0.000000 0.000000 21.000000 0.000000
55.000000 48.000000 0.000000 0.000000 21.000000 0.000000
55.000000 49.000000 0.000000 0.000000 21.000000 0.000000
56.000000 0.000000 0.000000 0.000000 21.000000 0.000000
56.000000 1.000000 0.000000 0.000000 21.000000 0.000000
56.000000 2.000000 0.000000 0.000000 21.000000 0.000000
56.000000 3.000000 0.000000 0.000000 21.000000 0.000000
56.000000 4.000000 0.000000 0.000000 21.000000 0.000000
56.000000 5.000000 0.000000 0.000000 21.000000 0.000000
56.000000 6.000000 0.000000 0.000000 21.000000 0.000000
56.000000 7.000000 0.000000 0.000000 21.000000 0.000000
56.000000 8.000000 0.000000 0.000000 21.000000 0.000000
56.000000 9.000000 0.000000 0.000000 21.000000 0.000000
56.000000 10.000000 0.000000 0.000000 21.000000 0.000000
56.000000 11.000000 0.000000 0.000000 21.000000 0.000000
56.000000 12.000000 0.000000 0.000000 21.000000 0.000000
56.000000 13.000000 0.000000 0.000000 21.000000 0.000000
56.000000 14.000000 0.000000 0.000000 21.000000 0.000000
56.000000 15.000000 0.000000 0.000000 21.000000 0.000000
56.000000 16.000000 0.000000 0.000000 21.000000 0.000000
56.000000 17.000000 0.000000 0.000000 21.000000 0.000000
56.000000 18.000000 0.000000 0.000000 21.000000 0.000000
56.000000 19.000000 0.000000 0.000000 21.000000 0.000000
56.000000 20.000000 0.000000 0.000000 21.000000 0.000000
56.000000 21.000000 0.000000 0.000000 21.000000 0.000000
56.000000 22.000000 0.000000 0.000000 21.000000 0.000000
56.000000 23.000000 0.000000 0.000000 21.000000 0.000000
56.000000 24.000000 0.000000 0.000000 21.000000 0.000000
56.000000 25.000000 0.000000 0.000000 21.000000 0.000000
56.000000 26.000000 0.000000 0.000000 21.000000 0.000000
56.000000 27.000000 0.000000 0.000000 21.000000 0.000000
56.000000 28.000000 0.000000 0.000000 21.000000 0.000000
56.000000 29.000000 0.000000 0.000000 21.000000 0.000000
56.000000 30.000000 0.000000 0.000000 21.000000 0.000000
56.000000 31.000000 0.000000 0.000000 21.000000 0.000000
56.000000 32.000000 0.000000 0.000000 21.000000 0.000000
56.000000 33.000000 0.000000 0.000000 21.000000 0.000000
56.000000 34.000000 0.000000 0.000000 21.000000 0.000000
56.000000 35.000000 0.000000 0.000000 21.000000 0.000000
56.000000 36.000000 0.000000 0.000000 21.000000 0.000000
56.000000 37.000000 0.000000 0.000000 21.000000 0.000000
56.000000 38.000000 0.000000 0.000000 21.000000 0.000000
56.000000 39.000000 0.000000 0.000000 21.000000 0.000000
56.000000 40.000000 0.000000 0.000000 21.000000 0.000000
56.000000 41.000000 0.000000 0.000000 21.000000 0.000000
56.000000 42.000000 0.000000 0.000000 21.000000 0.000000
56.000000 43.000000 0.000000 0.000000 21.000000 0.000000
56.000000 44.000000 0.000000 0.000000 21.000000 0.000000
56.000000 45.000000 0.000000 0.000000 21.000000 0.000000
56.000000 46.000000 0.000000 0.000000 21.000000 0.000000
56.000000 47.000000 0.000000 0.000000 21.000000 0.000000
56.000000 48.000000 0.000000 0.000000 21.000000 0.000000
56.000000 49.000000 0.000000 0.000000 21.000000 0.000000
57.000000 0.000000 0.000000 0.000000 21.000000 0.000000
57.000000 1.000000 0.000000 0.000000 21.000000 0.000000
57.000000 2.000000 0.000000 0.000000 21.000000 0.000000
57.000000 3.000000 0.000000 0.000000 21.000000 0.000000
57.000000 4.000000 0.000000 0.000000 21.000000 0.000000
57.000000 5.000000 0.000000 0.000000 21.000000 0.000000
57.000000 6.000000 0.000000 0.000000 21.000000 0.000000
57.000000 7.000000 0.000000 0.000000 21.000000 0.000000
57.000000 8.000000 0.000000 0.000000 21.000000 0.000000
57.000000 9.000000 0.000000 0.000000 21.000000 0.000000
57.000000 10.000000 0.000000 0.000000 21.000000 0.000000
57.000000 11.000000 0.000000 0.000000 21.000000 0.000000
57.000000 12.000000 0.000000 0.000000 21.000000 0.000000
57.000000 13.000000 0.000000 0.000000 21.000000 0.000000
57.000000 14.000000 0.000000 0.000000 21.000000 0.000000
57.000000 15.000000 0.000000 0.000000 21.000000 0.000000
57.000000 16.000000 0.000000 0.000000 21.000000 0.000000
57.000000 17.000000 0.000000 0.000000 21.000000 0.000000
57.000000 18.000000 0.000000 0.000000 21.000000 0.000000
57.000000 19.000000 0.000000 0.000000 21.000000 0.000000
57.000000 20.000000 0.000000 0.000000 21.000000 0.000000
57.000000 21.000000 0.000000 0.000000 21.000000 0.000000
57.000000 22.000000 0.000000 0.000000 21.000000 0.000000
57.000000 23.000000 0.000000 0.000000 21.000000 0.000000
57.000000 24.000000 0.000000 0.000000 21.000000 0.000000
57.000000 25.000000 0.000000 0.000000 21.000000 0.000000
57.000000 26.000000 0.000000 0.000000 21.000000 0.000000
57.000000 27.000000 0.000000 0.000000 21.000000 0.000000
57.000000 28.000000 0.000000 0.000000 21.000000 0.000000
57.000000 29.000000 0.000000 0.000000 21.000000 0.000000
57.000000 30.000000 0.000000 0.000000 21.000000 0.000000
57.000000 31.000000 0.000000 0.000000 21.000000 0.000000
57.000000 32.000000 0.000000 0.000000 21.000000 0.000000
57.000000 33.000000 0.000000 0.000000 21.000000 0.000000
57.000000 34.000000 0.000000 0.000000 21.000000 0.000000
57.000000 35.000000 0.000000 0.000000 21.000000 0.000000
57.000000 36.000000 0.000000 0.000000 21.000000 0.000000
57.000000 37.000000 0.000000 0.000000 21.000000 0.000000
57.000000 38.000000 0.000000 0.000000 21.000000 0.000000
57.000000 39.000000 0.000000 0.000000 21.000000 0.000000
57.000000 40.000000 0.000000 0.000000 21.000000 0.000000
57.000000 41.000000 0.000000 0.000000 21.000000 0.000000
57.000000 42.000000 0.000000 0.000000 21.000000 0.000000
57.000000 43.000000 0.000000 0.000000 21.000000 0.000000
57.000000 44.000000 0.000000 0.000000 21.000000 0.000000
57.000000 45.000000 0.000000 0.000000 21.000000 0.000000
57.000000 46.000000 0.000000 0.000000 21.000000 0.000000
57.000000 47.000000 0.000000 0.000000 21.000000 0.000000
57.000000 48.000000 0.000000 0.000000 21.000000 0.000000
57.000000 49.000000 0.000000 0.000000 21.000000 0.000000
58.000000 0.000000 0.000000 0.000000 21.000000 0.000000
58.000000 1.000000 0.000000 0.000000 21.000000 0.000000
58.000000 2.000000 0.000000 0.000000 21.000000 0.000000
58.000000 3.000000 0.000000 0.000000 21.000000 0.000000
58.000000 4.000000 0.000000 0.000000 21.000000 0.000000
58.000000 5.000000 0.000000 0.000000 21.000000 0.000000
58.000000 6.000000 0.000000 0.000000 21.000000 0.000000
58.000000 7.000000 0.000000 0.000000 21.000000 0.000000
58.000000 8.000000 0.000000 0.000000 21.000000 0.000000
58.000000 9.000000 0.000000 0.000000 21.000000 0.000000
58.000000 10.000000 0.000000 0.000000 21.000000 0.000000
58.000000 11.000000 0.000000 0.000000 21.000000 0.000000
58.000000 12.000000 0.000000 0.000000 21.000000 0.000000
58.000000 13.000000 0.000000 0.000000 21.000000 0.000000
58.000000 14.000000 0.000000 0.000000 21.000000 0.000000
58.000000 15.000000 0.000000 0.000000 21.000000 0.000000
58.000000 16.000000 0.000000 0.000000 21.000000 0.000000
58.000000 17.000000 0.000000 0.000000 21.000000 0.000000
58.000000 18.000000 0.000000 0.000000 21.000000 0.000000
58.000000 19.000000 0.000000 0.000000 21.000000 0.000000
58.000000 20.000000 0.000000 0.000000 21.000000 0.000000
58.000000 21.000000 0.000000 0.000000 21.000000 0.000000
58.000000 22.000000 0.000000 0.000000 21.000000 0.000000
58.000000 23.000000 0.000000 0.000000 21.000000 0.000000
58.000000 24.000000 0.000000 0.000000 21.000000 0.000000
58.000000 25.000000 0.000000 0.000000 21.000000 0.000000
58.000000 26.000000 0.000000 0.000000 21.000000 0.000000
58.000000 27.000000 0.000000 0.000000 21.000000 0.000000
58.000000 28.000000 0.000000 0.000000 21.000000 0.000000
58.000000 29.000000 0.000000 0.000000 21.000000 0.000000
58.000000 30.000000 0.000000 0.000000 21.000000 0.000000
58.000000 31.000000 0.000000 0.000000 21.000000 0.000000
58.000000 32.000000 0.000000 0.000000 21.000000 0.000000
58.000000 33.000000 0.000000 0.000000 21.000000 0.000000
58.000000 34.000000 0.000000 0.000000 21.000000 0.000000
58.000000 35.000000 0.000000 0.000000 21.000000 0.000000
58.000000 36.000000 0.000000 0.000000 21.000000 0.000000
58.000000 37.000000 0.000000 0.000000 21.000000 0.000000
58.000000 38.000000 0.000000 0.000000 21.000000 0.000000
58.000000 39.000000 0.000000 0.000000 21.000000 0.000000
58.000000 40.000000 0.000000 0.000000 21.000000 0.000000
58.000000 41.000000 0.000000 0.000000 21.000000 0.000000
58.000000 42.000000 0.000000 0.000000 21.000000 0.000000
58.000000 43.000000 0.000000 0.000000 21.000000 0.000000
58.000000 44.000000 0.000000 0.000000 21.000000 0.000000
58.000000 45.000000 0.000000 0.000000 21.000000 0.000000
58.000000 46.000000 0.000000 0.000000 21.000000 0.000000
58.000000 47.000000 0.000000 0.000000 21.000000 0.000000
58.000000 48.000000 0.000000 0.000000 21.000000 0.000000
58.000000 49.000000 0.000000 0.000000 21.000000 0.000000
59.000000 0.000000 0.000000 0.000000 21.000000 0.000000
59.000000 1.000000 0.000000 0.000000 21.000000 0.000000
59.000000 2.000000 0.000000 0.000000 21.000000 0.000000
59.000000 3.000000 0.000000 0.000000 21.000000 0.000000
59.000000 4.000000 0.000000 0.000000 21.000000 0.000000
59.000000 5.000000 0.000000 0.000000 21.000000 0.000000
59.000000 6.000000 0.000000 0.000000 21.000000 0.000000
59.000000 7.000000 0.000000 0.000000 21.000000 0.000000
59.000000 8.000000 0.000000 0.000000 21.000000 0.000000
59.000000 9.000000 0.000000 0.000000 21.000000 0.000000
59.000000 10.000000 0.000000 0.000000 21.000000 0.000000
59.000000 11.000000 0.000000 0.000000 21.000000 0.000000
59.000000 12.000000 0.000000 0.000000 21.000000 0.000000
59.000000 13.000000 0.000000 0.000000 21.000000 0.000000
59.000000 14.000000 0.000000 0.000000 21.000000 0.000000
59.000000 15.000000 0.000000 0.000000 21.000000 0.000000
59.000000 16.000000 0.000000 0.000000 21.000000 0.000000
59.000000 17.000000 0.000000 0.000000 21.000000 0.000000
59.000000 18.000000 0.000000 0.000000 21.000000 0.000000
59.000000 19.000000 0.000000 0.000000 21.000000 0.000000
59.000000 20.000000 0.000000 0.000000 21.000000 0.000000
59.000000 21.000000 0.000000 0.000000 21.000000 0.000000
59.000000 22.000000 0.000000 0.000000 21.000000 0.000000
59.000000 23.000000 0.000000 0.000000 21.000000 0.000000
59.000000 24.000000 0.000000 0.000000 21.000000 0.000000
59.000000 25.000000 0.000000 0.000000 21.000000 0.000000
59.000000 26.000000 0.000000 0.000000 21.000000 0.000000
59.000000 27.000000 0.000000 0.000000 21.000000 0.000000
59.000000 28.000000 0.000000 0.000000 21.000000 0.000000
59.000000 29.000000 0.000000 0.000000 21.000000 0.000000
59.000000 30.000000 0.000000 0.000000 21.000000 0.000000
59.000000 31.000000 0.000000 0.000000 21.000000 0.000000
59.000000 32.000000 0.000000 0.000000 21.000000 0.000000
59.000000 33.000000 0.000000 0.000000 21.000000 0.000000
59.000000 34.000000 0.000000 0.000000 21.000000 0.000000
59.000000 35.000000 0.000000 0.000000 21.000000 0.000000
59.000000 36.000000 0.000000 0.000000 21.000000 0.000000
59.000000 37.000000 0.000000 0.000000 21.000000 0.000000
59.000000 38.000000 0.000000 0.000000 21.000000 0.000000
59.000000 39.000000 0.000000 0.000000 21.000000 0.000000
59.000000 40.000000 0.000000 0.000000 21.000000 0.000000
59.000000 41.000000 0.000000 0.000000 21.000000 0.000000
59.000000 42.000000 0.000000 0.000000 21.000000 0.000000
59.000000 43.000000 0.000000 0.000000 21.000000 0.000000
59.000000 44.000000 0.000000 0.000000 21.000000 0.000000
59.000000 45.000000 0.000000 0.000000 21.000000 0.000000
59.000000 46.000000 0.000000 0.000000 21.000000 0.000000
59.000000 47.000000 0.000000 0.000000 21.000000 0.000000
59.000000 48.000000 0.000000 0.000000 21.000000 0.000000
59.000000 49.000000 0.000000 0.000000 21.000000 0.000000
60.000000 0.000000 0.000000 0.000000 21.000000 0.000000
60.000000 1.000000 0.000000 0.000000 21.000000 0.000000
60.000000 2.000000 0.000000 0.000000 21.000000 0.000000
60.000000 3.000000 0.000000 0.000000 21.000000 0.000000
60.000000 4.000000 0.000000 0.000000 21.000000 0.000000
60.000000 5.000000 0.000000 0.000000 21.000000 0.000000
60.000000 6.000000 0.000000 0.000000 21.000000 0.000000
60.000000 7.000000 0.000000 0.000000 21.000000 0.000000
60.000000 8.000000 0.000000 0.000000 21.000000 0.000000
60.000000 9.000000 0.000000 0.000000 21.000000 0.000000
60.000000 10.000000 0.000000 0.000000 21.000000 0.000000
60.000000 11.000000 0.000000 0.000000 21.000000 0.000000
60.000000 12.000000 0.000000 0.000000 21.000000 0.000000
60.000000 13.000000 0.000000 0.000000 21.000000 0.000000
60.000000 14.000000 0.000000 0.000000 21.000000 0.000000
60.000000 15.000000 0.000000 0.000000 21.000000 0.000000
60.000000 16.000000 0.000000 0.000000 21.000000 0.000000
60.000000 17.000000 0.000000 0.000000 21.000000 0.000000
60.000000 18.000000 0.000000 0.000000 21.000000 0.000000
60.000000 19.000000 0.000000 0.000000 21.000000 0.000000
60.000000 20.000000 0.000000 0.000000 21.000000 0.000000
60.000000 21.000000 0.000000 0.000000 21.000000 0.000000
60.000000 22.000000 0.000000 0.000000 21.000000 0.000000
60.000000 23.000000 0.000000 0.000000 21.000000 0.000000
60.000000 24.000000 0.000000 0.000000 21.000000 0.000000
60.000000 25.000000 0.000000 0.000000 21.000000 0.000000
60.000000 26.000000 0.000000 0.000000 21.000000 0.000000
60.000000 27.000000 0.000000 0.000000 21.000000 0.000000
60.000000 28.000000 0.000000 0.000000 21.000000 0.000000
60.000000 29.000000 0.000000 0.000000 21.000000 0.000000
60.000000 30.000000 0.000000 0.000000 21.000000 0.000000
60.000000 31.000000 0.000000 0.000000 21.000000 0.000000
60.000000 32.000000 0.000000 0.000000 21.000000 0.000000
60.000000 33.000000 0.000000 0.000000 21.000000 0.000000
60.000000 34.000000 0.000000 0.000000 21.000000 0.000000
60.000000 35.000000 0.000000 0.000000 21.000000 0.000000
60.000000 36.000000 0.000000 0.000000 21.000000 0.000000
60.000000 37.000000 0.000000 0.000000 21.000000 0.000000
60.000000 38.000000 0.000000 0.000000 21.000000 0.000000
60.000000 39.000000 0.000000 0.000000 21.000000 0.000000
60.000000 40.000000 0.000000 0.000000 21.000000 0.000000
60.000000 41.000000 0.000000 0.000000 21.000000 0.000000
60.000000 42.000000 0.000000 0.000000 21.000000 0.000000
60.000000 43.000000 0.000000 0.000000 21.000000 0.000000
60.000000 44.000000 0.000000 0.000000 21.000000 0.000000
60.000000 45.000000 0.000000 0.000000 21.000000 0.000000
60.000000 46.000000 0.000000 0.000000 21.000000 0.000000
60.000000 47.000000 0.000000 0.000000 21.000000 0.000000
60.000000 48.000000 0.000000 0.000000 21.000000 0.000000
60.000000 49.000000 0.000000 0.000000 21.000000 0.000000
61.000000 0.000000 0.000000 0.000000 21.000000 0.000000
61.000000 1.000000 0.000000 0.000000 21.000000 0.000000
61.000000 2.000000 0.000000 0.000000 21.000000 0.000000
61.000000 3.000000 0.000000 0.000000 20.760553 0.000000
61.000000 4.000000 0.000000 0.000000 20.862415 0.000000
61.000000 5.000000 0.000000 0.000000 17.879173 0.030288
61.000000 6.000000 1.000000 0.000000 0.000000 1.000000
61.000000 7.000000 1.000000 0.765955 0.000000 1.000000
61.000000 8.000000 1.000000 0.413070 0.000000 1.000000
61.000000 9.000000 1.000000 0.088694 0.000000 0.823371
61.000000 10.000000 0.279255 0.000000 0.000000 0.316759
61.000000 11.000000 0.000000 0.000000 16.672337 0.039856
61.000000 12.000000 0.000000 0.000000 17.990025 0.000000
61.000000 13.000000 0.000000 0.000000 19.635981 0.000000
61.000000 14.000000 0.000000 0.000000 20.068756 0.000000
61.000000 15.000000 0.000000 0.000000 20.002274 0.000000
61.000000 16.000000 0.000000 0.000000 20.198027 0.000000
61.000000 17.000000 0.000000 0.000000 20.378847 0.000000
61.000000 18.000000 0.000000 0.000000 20.849716 0.000000
61.000000 19.000000 0.000000 0.000000 20.855932 0.000000
61.000000 20.000000 0.000000 0.000000 21.000000 0.000000
61.000000 21.000000 0.000000 0.000000 21.000000 0.000000
61.000000 22.000000 0.000000 0.000000 21.000000 0.000000
61.000000 23.000000 0.000000 0.000000 21.000000 0.000000
61.000000 24.000000 0.000000 0.000000 21.000000 0.000000
61.000000 25.000000 0.000000 0.000000 21.000000 0.000000
61.000000 26.000000 0.000000 0.000000 21.000000 0.000000
61.000000 27.000000 0.000000 0.000000 21.000000 0.000000
61.000000 28.000000 0.000000 0.000000 21.000000 0.000000
61.000000 29.000000 0.000000 0.000000 21.000000 0.000000
61.000000 30.000000 0.000000 0.000000 21.000000 0.000000
61.000000 31.000000 0.000000 0.000000 21.000000 0.000000
61.000000 32.000000 0.000000 0.000000 21.000000 0.000000
61.000000 33.000000 0.000000 0.000000 21.000000 0.000000
61.000000 34.000000 0.000000 0.000000 21.000000 0.000000
61.000000 35.000000 0.000000 0.000000 21.000000 0.000000
61.000000 36.000000 0.000000 0.000000 21.000000 0.000000
61.000000 37.000000 0.000000 0.000000 21.000000 0.000000
61.000000 38.000000 0.000000 0.000000 21.000000 0.000000
61.000000 39.000000 0.000000 0.000000 21.000000 0.000000
61.000000 40.000000 0.000000 0.000000 21.000000 0.000000
61.000000 41.000000 0.000000 0.000000 21.000000 0.000000
61.000000 42.000000 0.000000 0.000000 21.000000 0.000000
61.000000 43.000000 0.000000 0.000000 21.000000 0.000000
61.000000 44.000000 0.000000 0.000000 21.000000 0.000000
61.000000 45.000000 0.000000 0.000000 21.000000 0.000000
61.000000 46.000000 0.000000 0.000000 21.000000 0.000000
61.000000 47.000000 0.000000 0.000000 21.000000 0.000000
61.000000 48.000000 0.000000 0.000000 21.000000 0.000000
61.000000 49.000000 0.000000 0.000000 21.000000 0.000000
62.000000 0.000000 0.000000 0.000000 21.000000 0.000000
62.000000 1.000000 0.000000 0.000000 21.000000 0.000000
62.000000 2.000000 0.000000 0.000000 21.000000 0.000000
62.000000 3.000000 0.000000 0.000000 21.000000 0.000000
62.000000 4.000000 0.000000 0.000000 21.000000 0.000000
62.000000 5.000000 0.000000 0.000000 21.000000 0.000000
62.000000 6.000000 0.000000 0.000000 21.000000 0.000000
62.000000 7.000000 0.000000 0.000000 21.000000 0.000000
62.000000 8.000000 0.000000 0.000000 21.000000 0.000000
62.000000 9.000000 0.000000 0.000000 21.000000 0.000000
62.000000 10.000000 0.000000 0.000000 21.000000 0.000000
62.000000 11.000000 0.000000 0.000000 21.000000 0.000000
62.000000 12.000000 0.000000 0.000000 21.000000 0.000000
62.000000 13.000000 0.000000 0.000000 21.000000 0.000000
62.000000 14.000000 0.000000 0.000000 21.000000 0.000000
62.000000 15.000000 0.000000 0.000000 21.000000 0.000000
62.000000 16.000000 0.000000 0.000000 21.000000 0.000000
62.000000 17.000000 0.000000 0.000000 21.000000 0.000000
62.000000 18.000000 0.000000 0.000000 21.000000 0.000000
62.000000 19.000000 0.000000 0.000000 21.000000 0.000000
62.000000 20.000000 0.000000 0.000000 21.000000 0.000000
62.000000 21.000000 0.000000 0.000000 21.000000 0.000000
62.000000 22.000000 0.000000 0.000000 21.000000 0.000000
62.000000 23.000000 0.000000 0.000000 21.000000 0.000000
62.000000 24.000000 0.000000 0.000000 21.000000 0.000000
62.000000 25.000000 0.000000 0.000000 21.000000 0.000000
62.000000 26.000000 0.000000 0.000000 21.000000 0.000000
62.000000 27.000000 0.000000 0.000000 21.000000 0.000000
62.000000 28.000000 0.000000 0.000000 21.000000 0.000000
62.000000 29.000000 0.000000 0.000000 21.000000 0.000000
62.000000 30.000000 0.000000 0.000000 21.000000 0.000000
62.000000 31.000000 0.000000 0.000000 21.000000 0.000000
62.000000 32.000000 0.000000 0.000000 21.000000 0.000000
62.000000 33.000000 0.000000 0.000000 21.000000 0.000000
62.000000 34.000000 0.000000 0.000000 21.000000 0.000000
62.000000 35.000000 0.000000 0.000000 21.000000 0.000000
62.000000 36.000000 0.000000 0.000000 21.000000 0.000000
62.000000 37.000000 0.000000 0.000000 21.000000 0.000000
62.000000 38.000000 0.000000 0.000000 21.000000 0.000000
62.000000 39.000000 0.000000 0.000000 21.000000 0.000000
62.000000 40.000000 0.000000 0.000000 21.000000 0.000000
62.000000 41.000000 0.000000 0.000000 21.000000 0.000000
62.000000 42.000000 0.000000 0.000000 21.000000 0.000000
62.000000 43.000000 0.000000 0.000000 21.000000 0.000000
62.000000 44.000000 0.000000 0.000000 21.000000 0.000000
62.000000 45.000000 0.000000 0.000000 21.000000 0.000000
62.000000 46.000000 0.000000 0.000000 21.000000 0.000000
62.000000 47.000000 0.000000 0.000000 21.000000 0.000000
62.000000 48.000000 0.000000 0.000000 21.000000 0.000000
62.000000 49.000000 0.000000 0.000000 21.000000 0.000000
63.000000 0.000000 0.000000 0.000000 21.000000 0.000000
63.000000 1.000000 0.000000 0.000000 21.000000 0.000000
63.000000 2.000000 0.000000 0.000000 21.000000 0.000000
63.000000 3.000000 0.000000 0.000000 21.000000 0.000000
63.000000 4.000000 0.000000 0.000000 21.000000 0.000000
63.000000 5.000000 0.000000 0.000000 21.000000 0.000000
63.000000 6.000000 0.000000 0.000000 21.000000 0.000000
63.000000 7.000000 0.000000 0.000000 21.000000 0.000000
63.000000 8.000000 0.000000 0.000000 21.000000 0.000000
63.000000 9.000000 0.000000 0.000000 21.000000 0.000000
63.000000 10.000000 0.000000 0.000000 21.000000 0.000000
63.000000 11.000000 0.000000 0.000000 21.000000 0.000000
63.000000 12.000000 0.000000 0.000000 21.000000 0.000000
63.000000 13.000000 0.000000 0.000000 21.000000 0.000000
63.000000 14.000000 0.000000 0.000000 21.000000 0.000000
63.000000 15.000000 0.000000 0.000000 21.000000 0.000000
63.000000 16.000000 0.000000 0.000000 21.000000 0.000000
63.000000 17.000000 0.000000 0.000000 21.000000 0.000000
63.000000 18.000000 0.000000 0.000000 21.000000 0.000000
63.000000 19.000000 0.000000 0.000000 21.000000 0.000000
63.000000 20.000000 0.000000 0.000000 21.000000 0.000000
63.000000 21.000000 0.000000 0.000000 21.000000 0.000000
63.000000 22.000000 0.000000 0.000000 21.000000 0.000000
63.000000 23.000000 0.000000 0.000000 21.000000 0.000000
63.000000 24.000000 0.000000 0.000000 21.000000 0.000000
63.000000 25.000000 0.000000 0.000000 21.000000 0.000000
63.000000 26.000000 0.000000 0.000000 21.000000 0.000000
63.000000 27.000000 0.000000 0.000000 21.000000 0.000000
63.000000 28.000000 0.000000 0.000000 21.000000 0.000000
63.000000 29.000000 0.000000 0.000000 21.000000 0.000000
63.000000 30.000000 0.000000 0.000000 21.000000 0.000000
63.000000 31.000000 0.000000 0.000000 21.000000 0.000000
63.000000 32.000000 0.000000 0.000000 21.000000 0.000000
63.000000 33.000000 0.000000 0.000000 21.000000 0.000000
63.000000 34.000000 0.000000 0.000000 21.000000 0.000000
63.000000 35.000000 0.000000 0.000000 21.000000 0.000000
63.000000 36.000000 0.000000 0.000000 21.000000 0.000000
63.000000 37.000000 0.000000 0.000000 21.000000 0.000000
63.000000 38.000000 0.000000 0.000000 21.000000 0.000000
63.000000 39.000000 0.000000 0.000000 21.000000 0.000000
63.000000 40.000000 0.000000 0.000000 21.000000 0.000000
63.000000 41.000000 0.000000 0.000000 21.000000 0.000000
63.000000 42.000000 0.000000 0.000000 21.000000 0.000000
63.000000 43.000000 0.000000 0.000000 21.000000 0.000000
63.000000 44.000000 0.000000 0.000000 21.000000 0.000000
63.000000 45.000000 0.000000 0.000000 21.000000 0.000000
63.000000 46.000000 0.000000 0.000000 21.000000 0.000000
63.000000 47.000000 0.000000 0.000000 21.000000 0.000000
63.000000 48.000000 0.000000 0.000000 21.000000 0.000000
63.000000 49.000000 0.000000 0.000000 21.000000 0.000000
64.000000 0.000000 0.000000 0.000000 21.000000 0.000000
64.000000 1.000000 0.000000 0.000000 21.000000 0.000000
64.000000 2.000000 0.000000 0.000000 21.000000 0.000000
64.000000 3.000000 0.000000 0.000000 21.000000 0.000000
64.000000 4.000000 0.000000 0.000000 21.000000 0.000000
64.000000 5.000000 0.000000 0.000000 21.000000 0.000000
64.000000 6.000000 0.000000 0.000000 21.000000 0.000000
64.000000 7.000000 0.000000 0.000000 21.000000 0.000000
64.000000 8.000000 0.000000 0.000000 21.000000 0.000000
64.000000 9.000000 0.000000 0.000000 21.000000 0.000000
64.000000 10.000000 0.000000 0.000000 21.000000 0.000000
64.000000 11.000000 0.000000 0.000000 21.000000 0.000000
64.000000 12.000000 0.000000 0.000000 21.000000 0.000000
64.000000 13.000000 0.000000 0.000000 21.000000 0.000000
64.000000 14.000000 0.000000 0.000000 21.000000 0.000000
64.000000 15.000000 0.000000 0.000000 21.000000 0.000000
64.000000 16.000000 0.000000 0.000000 21.000000 0.000000
64.000000 17.000000 0.000000 0.000000 21.000000 0.000000
64.000000 18.000000 0.000000 0.000000 21.000000 0.000000
64.000000 19.000000 0.000000 0.000000 21.000000 0.000000
64.000000 20.000000 0.000000 0.000000 21.000000 0.000000
64.000000 21.000000 0.000000 0.000000 21.000000 0.000000
64.000000 22.000000 0.000000 0.000000 21.000000 0.000000
64.000000 23.000000 0.000000 0.000000 21.000000 0.000000
64.000000 24.000000 0.000000 0.000000 21.000000 0.000000
64.000000 25.000000 0.000000 0.000000 21.000000 0.000000
64.000000 26.000000 0.000000 0.000000 21.000000 0.000000
64.000000 27.000000 0.000000 0.000000 21.000000 0.000000
64.000000 28.000000 0.000000 0.000000 21.000000 0.000000
64.000000 29.000000 0.000000 0.000000 21.000000 0.000000
64.000000 30.000000 0.000000 0.000000 21.000000 0.000000
64.000000 31.000000 0.000000 0.000000 21.000000 0.000000
64.000000 32.000000 0.000000 0.000000 21.000000 0.000000
64.000000 33.000000 0.000000 0.000000 21.000000 0.000000
64.000000 34.000000 0.000000 0.000000 21.000000 0.000000
64.000000 35.000000 0.000000 0.000000 21.000000 0.000000
64.000000 36.000000 0.000000 0.000000 21.000000 0.000000
64.000000 37.000000 0.000000 0.000000 21.000000 0.000000
64.000000 38.000000 0.000000 0.000000 21.000000 0.000000
64.000000 39.000000 0.000000 0.000000 21.000000 0.000000
64.000000 40.000000 0.000000 0.000000 21.000000 0.000000
64.000000 41.000000 0.000000 0.000000 21.000000 0.000000
64.000000 42.000000 0.000000 0.000000 21.000000 0.000000
64.000000 43.000000 0.000000 0.000000 21.000000 0.000000
64.000000 44.000000 0.000000 0.000000 21.000000 0.000000
64.000000 45.000000 0.000000 0.000000 21.000000 0.000000
64.000000 46.000000 0.000000 0.000000 21.000000 0.000000
64.000000 47.000000 0.000000 0.000000 21.000000 0.000000
64.000000 48.000000 0.000000 0.000000 21.000000 0.000000
64.000000 49.000000 0.000000 0.000000 21.000000 0.000000
65.000000 0.000000 0.000000 0.000000 21.000000 0.000000
65.000000 1.000000 0.000000 0.000000 21.000000 0.000000
65.000000 2.000000 0.000000 0.000000 21.000000 0.000000
65.000000 3.000000 0.000000 0.000000 21.000000 0.000000
65.000000 4.000000 0.000000 0.000000 19.038086 0.000000
65.000000 5.000000 0.045195 0.000000 12.865544 0.347157
65.000000 6.000000 1.000000 0.123837 0.000000 1.000000
65.000000 7.000000 1.000000 0.880803 0.000000 1.000000
65.000000 8.000000 1.000000 0.439156 0.000000 1.000000
65.000000 9.000000 0.951918 0.025062 0.000000 0.788520
65.000000 10.000000 0.090078 0.000000 3.084051 0.192876
65.000000 11.000000 0.642933 0.000000 21.000000 0.281130
65.000000 12.000000 0.000000 0.000000 17.656973 0.000000
65.000000 13.000000 0.000000 0.000000 18.321541 0.000000
65.000000 14.000000 0.000000 0.000000 18.649996 0.000000
65.000000 15.000000 0.000000 0.000000 19.078690 0.000000
65.000000 16.000000 0.000000 0.000000 18.851332 0.000000
65.000000 17.000000 0.000000 0.000000 19.525919 0.000000
65.000000 18.000000 0.000000 0.000000 18.623835 0.000000
65.000000 19.000000 0.000000 0.000000 18.490984 0.000000
65.000000 20.000000 0.000000 0.000000 19.382263 0.000000
65.000000 21.000000 0.000000 0.000000 20.000418 0.000000
65.000000 22.000000 0.000000 0.000000 20.017061 0.000000
65.000000 23.000000 0.000000 0.000000 20.440552 0.000000
65.000000 24.000000 0.000000 0.000000 20.720764 0.000000
65.000000 25.000000 0.000000 0.000000 20.993725 0.000000
65.000000 26.000000 0.000000 0.000000 21.000000 0.000000
65.000000 27.000000 0.000000 0.000000 21.000000 0.000000
65.000000 28.000000 0.000000 0.000000 21.000000 0.000000
65.000000 29.000000 0.000000 0.000000 21.000000 0.000000
65.000000 30.000000 0.000000 0.000000 21.000000 0.000000
65.000000 31.000000 0.000000 0.000000 21.000000 0.000000
65.000000 32.000000 0.000000 0.000000 21.000000 0.000000
65.000000 33.000000 0.000000 0.000000 21.000000 0.000000
65.000000 34.000000 0.000000 0.000000 21.000000 0.000000
65.000000 35.000000 0.000000 0.000000 21.000000 0.000000
65.000000 36.000000 0.000000 0.000000 21.000000 0.000000
65.000000 37.000000 0.000000 0.000000 21.000000 0.000000
65.000000 38.000000 0.000000 0.000000 21.000000 0.000000
65.000000 39.000000 0.000000 0.000000 21.000000 0.000000
65.000000 40.000000 0.000000 0.000000 21.000000 0.000000
65.000000 41.000000 0.000000 0.000000 21.000000 0.000000
65.000000 42.000000 0.000000 0.000000 21.000000 0.000000
65.000000 43.000000 0.000000 0.000000 21.000000 0.000000
65.000000 44.000000 0.000000 0.000000 21.000000 0.000000
65.000000 45.000000 0.000000 0.000000 21.000000 0.000000
65.000000 46.000000 0.000000 0.000000 21.000000 0.000000
65.000000 47.000000 0.000000 0.000000 21.000000 0.000000
65.000000 48.000000 0.000000 0.000000 21.000000 0.000000
65.000000 49.000000 0.000000 0.000000 21.000000 0.000000
66.000000 0.000000 0.000000 0.000000 21.000000 0.000000
66.000000 1.000000 0.000000 0.000000 21.000000 0.000000
66.000000 2.000000 0.000000 0.000000 21.000000 0.000000
66.000000 3.000000 0.000000 0.000000 21.000000 0.000000
66.000000 4.000000 0.000000 0.000000 21.000000 0.000000
66.000000 5.000000 0.000000 0.000000 21.000000 0.000000
66.000000 6.000000 0.000000 0.000000 21.000000 0.000000
66.000000 7.000000 0.000000 0.000000 19.352055 0.000000
66.000000 8.000000 0.365184 0.000000 8.894867 0.598474
66.000000 9.000000 1.000000 0.423167 0.000000 1.000000
66.000000 10.000000 1.000000 0.834614 0.000000 1.000000
66.000000 11.000000 1.000000 0.409946 0.000000 1.000000
66.000000 12.000000 0.838308 0.000000 0.000000 0.715442
66.000000 13.000000 0.122203 0.000000 4.581831 0.247482
66.000000 14.000000 0.773518 0.000000 20.806522 0.388188
66.000000 15.000000 0.000000 0.000000 17.862247 0.000000
66.000000 16.000000 0.000000 0.000000 19.320744 0.000000
66.000000 17.000000 0.000000 0.000000 18.803583 0.000000
66.000000 18.000000 0.000000 0.000000 19.597609 0.000000
66.000000 19.000000 0.000000 0.000000 19.942379 0.000000
66.000000 20.000000 0.000000 0.000000 20.520889 0.000000
66.000000 21.000000 0.000000 0.000000 20.454943 0.000000
66.000000 22.000000 0.000000 0.000000 20.817493 0.000000
66.000000 23.000000 0.000000 0.000000 21.000000 0.000000
66.000000 24.000000 0.000000 0.000000 21.000000 0.000000
66.000000 25.000000 0.000000 0.000000 21.000000 0.000000
66.000000 26.000000 0.000000 0.000000 21.000000 0.000000
66.000000 27.000000 0.000000 0.000000 21.000000 0.000000
66.000000 28.000000 0.000000 0.000000 21.000000 0.000000
66.000000 29.000000 0.000000 0.000000 21.000000 0.000000
66.000000 30.000000 0.000000 0.000000 21.000000 0.000000
66.000000 31.000000 0.000000 0.000000 21.000000 0.000000
66.000000 32.000000 0.000000 0.000000 21.000000 0.000000
66.000000 33.000000 0.000000 0.000000 21.000000 0.000000
66.000000 34.000000 0.000000 0.000000 21.000000 0.000000
66.000000 35.000000 0.000000 0.000000 21.000000 0.000000
66.000000 36.000000 0.000000 0.000000 21.000000 0.000000
66.000000 37.000000 0.000000 0.000000 21.000000 0.000000
66.000000 38.000000 0.000000 0.000000 21.000000 0.000000
66.000000 39.000000 0.000000 0.000000 21.000000 0.000000
66.000000 40.000000 0.000000 0.000000 21.000000 0.000000
66.000000 41.000000 0.000000 0.000000 21.000000 0.000000
66.000000 42.000000 0.000000 0.000000 21.000000 0.000000
66.000000 43.000000 0.000000 0.000000 21.000000 0.000000
66.000000 44.000000 0.000000 0.000000 21.000000 0.000000
66.000000 45.000000 0.000000 0.000000 21.000000 0.000000
66.000000 46.000000 0.000000 0.000000 21.000000 0.000000
66.000000 47.000000 0.000000 0.000000 21.000000 0.000000
66.000000 48.000000 0.000000 0.000000 21.000000 0.000000
66.000000 49.000000 0.000000 0.000000 21.000000 0.000000
67.000000 0.000000 0.000000 0.000000 21.000000 0.000000
67.000000 1.000000 0.000000 0.000000 21.000000 0.000000
67.000000 2.000000 0.000000 0.000000 21.000000 0.000000
67.000000 3.000000 0.000000 0.000000 21.000000 0.000000
67.000000 4.000000 0.000000 0.000000 21.000000 0.000000
67.000000 5.000000 0.000000 0.000000 21.000000 0.000000
67.000000 6.000000 0.000000 0.000000 21.000000 0.000000
67.000000 7.000000 0.000000 0.000000 21.000000 0.000000
67.000000 8.000000 0.000000 0.000000 21.000000 0.000000
67.000000 9.000000 0.000000 0.000000 21.000000 0.000000
67.000000 10.000000 0.000000 0.000000 21.000000 0.000000
67.000000 11.000000 0.000000 0.000000 21.000000 0.000000
67.000000 12.000000 0.000000 0.000000 21.000000 0.000000
67.000000 13.000000 0.000000 0.000000 21.000000 0.000000
67.000000 14.000000 0.000000 0.000000 21.000000 0.000000
67.000000 15.000000 0.000000 0.000000 21.000000 0.000000
67.000000 16.000000 0.000000 0.000000 21.000000 0.000000
67.000000 17.000000 0.000000 0.000000 21.000000 0.000000
67.000000 18.000000 0.000000 0.000000 21.000000 0.000000
67.000000 19.000000 0.000000 0.000000 21.000000 0.000000
67.000000 20.000000 0.000000 0.000000 21.000000 0.000000
67.000000 21.000000 0.000000 0.000000 21.000000 0.000000
67.000000 22.000000 0.000000 0.000000 21.000000 0.000000
67.000000 23.000000 0.000000 0.000000 21.000000 0.000000
67.000000 24.000000 0.000000 0.000000 21.000000 0.000000
67.000000 25.000000 0.000000 0.000000 21.000000 0.000000
67.000000 26.000000 0.000000 0.000000 21.000000 0.000000
67.000000 27.000000 0.000000 0.000000 21.000000 0.000000
67.000000 28.000000 0.000000 0.000000 21.000000 0.000000
67.000000 29.000000 0.000000 0.000000 21.000000 0.000000
67.000000 30.000000 0.000000 0.000000 21.000000 0.000000
67.000000 31.000000 0.000000 0.000000 21.000000 0.000000
67.000000 32.000000 0.000000 0.000000 21.000000 0.000000
67.000000 33.000000 0.000000 0.000000 21.000000 0.000000
67.000000 34.000000 0.000000 0.000000 21.000000 0.000000
67.000000 35.000000 0.000000 0.000000 21.000000 0.000000
67.000000 36.000000 0.000000 0.000000 21.000000 0.000000
67.000000 37.000000 0.000000 0.000000 21.000000 0.000000
67.000000 38.000000 0.000000 0.000000 21.000000 0.000000
67.000000 39.000000 0.000000 0.000000 21.000000 0.000000
67.000000 40.000000 0.000000 0.000000 21.000000 0.000000
67.000000 41.000000 0.000000 0.000000 21.000000 0.000000
67.000000 42.000000 0.000000 0.000000 21.000000 0.000000
67.000000 43.000000 0.000000 0.000000 21.000000 0.000000
67.000000 44.000000 0.000000 0.000000 21.000000 0.000000
67.000000 45.000000 0.000000 0.000000 21.000000 0.000000
67.000000 46.000000 0.000000 0.000000 21.000000 0.000000
67.000000 47.000000 0.000000 0.000000 21.000000 0.000000
67.000000 48.000000 0.000000 0.000000 21.000000 0.000000
67.000000 49.000000 0.000000 0.000000 21.000000 0.000000
68.000000 0.000000 0.000000 0.000000 21.000000 0.000000
68.000000 1.000000 0.000000 0.000000 21.000000 0.000000
68.000000 2.000000 0.000000 0.000000 21.000000 0.000000
68.000000 3.000000 0.000000 0.000000 21.000000 0.000000
68.000000 4.000000 0.000000 0.000000 21.000000 0.000000
68.000000 5.000000 0.000000 0.000000 19.857937 0.000000
68.000000 6.000000 0.131993 0.000000 11.798915 0.415338
68.000000 7.000000 1.000000 0.242165 0.000000 1.000000
68.000000 8.000000 1.000000 0.867805 0.000000 1.000000
68.000000 9.000000 1.000000 0.392345 0.000000 1.000000
68.000000 10.000000 0.910040 0.012562 0.000000 0.761672
68.000000 11.000000 0.141268 0.000000 3.052472 0.249034
68.000000 12.000000 0.498735 0.000000 20.026728 0.281055
68.000000 13.000000 0.000000 0.000000 17.636211 0.006844
68.000000 14.000000 0.000000 0.000000 17.826834 0.018241
68.000000 15.000000 0.000000 0.000000 18.012835 0.014039
68.000000 16.000000 0.000000 0.000000 18.024815 0.016900
68.000000 17.000000 0.000000 0.000000 18.572851 0.000000
68.000000 18.000000 0.000000 0.000000 19.234884 0.000000
68.000000 19.000000 0.000000 0.000000 18.891230 0.000000
68.000000 20.000000 0.000000 0.000000 19.548752 0.000000
68.000000 21.000000 0.000000 0.000000 19.794785 0.000000
68.000000 22.000000 0.000000 0.000000 20.321590 0.000000
68.000000 23.000000 0.000000 0.000000 20.499985 0.000000
68.000000 24.000000 0.000000 0.000000 20.904976 0.000000
68.000000 25.000000 0.000000 0.000000 21.000000 0.000000
68.000000 26.000000 0.000000 0.000000 21.000000 0.000000
68.000000 27.000000 0.000000 0.000000 21.000000 0.000000
68.000000 28.000000 0.000000 0.000000 21.000000 0.000000
68.000000 29.000000 0.000000 0.000000 21.000000 0.000000
68.000000 30.000000 0.000000 0.000000 21.000000 0.000000
68.000000 31.000000 0.000000 0.000000 21.000000 0.000000
68.000000 32.000000 0.000000 0.000000 21.000000 0.000000
68.000000 33.000000 0.000000 0.000000 21.000000 0.000000
68.000000 34.000000 0.000000 0.000000 21.000000 0.000000
68.000000 35.000000 0.000000 0.000000 21.000000 0.000000
68.000000 36.000000 0.000000 0.000000 21.000000 0.000000
68.000000 37.000000 0.000000 0.000000 21.000000 0.000000
68.000000 38.000000 0.000000 0.000000 21.000000 0.000000
68.000000 39.000000 0.000000 0.000000 21.000000 0.000000
68.000000 40.000000 0.000000 0.000000 21.000000 0.000000
68.000000 41.000000 0.000000 0.000000 21.000000 0.000000
68.000000 42.000000 0.000000 0.000000 21.000000 0.000000
68.000000 43.000000 0.000000 0.000000 21.000000 0.000000
68.000000 44.000000 0.000000 0.000000 21.000000 0.000000
68.000000 45.000000 0.000000 0.000000 21.000000 0.000000
68.000000 46.000000 0.000000 0.000000 21.000000 0.000000
68.000000 47.000000 0.000000 0.000000 21.000000 0.000000
68.000000 48.000000 0.000000 0.000000 21.000000 0.000000
68.000000 49.000000 0.000000 0.000000 21.000000 0.000000
69.000000 0.000000 0.000000 0.000000 21.000000 0.000000
69.000000 1.000000 0.000000 0.000000 21.000000 0.000000
69.000000 2.000000 0.000000 0.000000 21.000000 0.000000
69.000000 3.000000 0.000000 0.000000 21.000000 0.000000
69.000000 4.000000 0.000000 0.000000 21.000000 0.000000
69.000000 5.000000 0.000000 0.000000 20.576031 0.000000
69.000000 6.000000 0.000000 0.000000 15.460999 0.184153
69.000000 7.000000 1.000000 0.238558 0.000000 1.000000
69.000000 8.000000 1.000000 1.000000 0.000000 1.000000
69.000000 9.000000 1.000000 0.533956 0.000000 1.000000
69.000000 10.000000 1.000000 0.029694 0.000000 0.922300
69.000000 11.000000 0.351033 0.000000 0.000000 0.384983
69.000000 12.000000 0.000000 0.000000 15.252352 0.039028
69.000000 13.000000 0.000000 0.000000 18.734886 0.000000
69.000000 14.000000 0.000000 0.000000 19.250952 0.000000
69.000000 15.000000 0.000000 0.000000 20.252186 0.000000
69.000000 16.000000 0.000000 0.000000 20.563469 0.000000
69.000000 17.000000 0.000000 0.000000 20.710720 0.000000
69.000000 18.000000 0.000000 0.000000 20.569847 0.000000
69.000000 19.000000 0.000000 0.000000 20.847109 0.000000
69.000000 20.000000 0.000000 0.000000 20.683325 0.000000
69.000000 21.000000 0.000000 0.000000 21.000000 0.000000
69.000000 22.000000 0.000000 0.000000 20.892023 0.000000
69.000000 23.000000 0.000000 0.000000 21.000000 0.000000
69.000000 24.000000 0.000000 0.000000 20.767054 0.000000
69.000000 25.000000 0.000000 0.000000 20.582556 0.000000
69.000000 26.000000 0.000000 0.000000 21.000000 0.000000
69.000000 27.000000 0.000000 0.000000 21.000000 0.000000
69.000000 28.000000 0.000000 0.000000 21.000000 0.000000
69.000000 29.000000 0.000000 0.000000 21.000000 0.000000
69.000000 30.000000 0.000000 0.000000 21.000000 0.000000
69.000000 31.000000 0.000000 0.000000 21.000000 0.000000
69.000000 32.000000 0.000000 0.000000 21.000000 0.000000
69.000000 33.000000 0.000000 0.000000 21.000000 0.000000
69.000000 34.000000 0.000000 0.000000 21.000000 0.000000
69.000000 35.000000 0.000000 0.000000 21.000000 0.000000
69.000000 36.000000 0.000000 0.000000 21.000000 0.000000
69.000000 37.000000 0.000000 0.000000 21.000000 0.000000
69.000000 38.000000 0.000000 0.000000 21.000000 0.000000
69.000000 39.000000 0.000000 0.000000 21.000000 0.000000
69.000000 40.000000 0.000000 0.000000 21.000000 0.000000
69.000000 41.000000 0.000000 0.000000 21.000000 0.000000
69.000000 42.000000 0.000000 0.000000 21.000000 0.000000
69.000000 43.000000 0.000000 0.000000 21.000000 0.000000
69.000000 44.000000 0.000000 0.000000 21.000000 0.000000
69.000000 45.000000 0.000000 0.000000 21.000000 0.000000
69.000000 46.000000 0.000000 0.000000 21.000000 0.000000
69.000000 47.000000 0.000000 0.000000 21.000000 0.000000
69.000000 48.000000 0.000000 0.000000 21.000000 0.000000
69.000000 49.000000 0.000000 0.000000 21.000000 0.000000
70.000000 0.000000 0.000000 0.000000 21.000000 0.000000
70.000000 1.000000 0.000000 0.000000 21.000000 0.000000
70.000000 2.000000 0.000000 0.000000 21.000000 0.000000
70.000000 3.000000 0.000000 0.000000 21.000000 0.000000
70.000000 4.000000 0.000000 0.000000 21.000000 0.000000
70.000000 5.000000 0.000000 0.000000 21.000000 0.000000
70.000000 6.000000 0.000000 0.000000 21.000000 0.000000
70.000000 7.000000 0.000000 0.000000 21.000000 0.000000
70.000000 8.000000 0.000000 0.000000 21.000000 0.000000
70.000000 9.000000 0.000000 0.000000 21.000000 0.000000
70.000000 10.000000 0.000000 0.000000 21.000000 0.000000
70.000000 11.000000 0.000000 0.000000 21.000000 0.000000
70.000000 12.000000 0.000000 0.000000 21.000000 0.000000
70.000000 13.000000 0.000000 0.000000 21.000000 0.000000
70.000000 14.000000 0.000000 0.000000 21.000000 0.000000
70.000000 15.000000 0.000000 0.000000 21.000000 0.000000
70.000000 16.000000 0.000000 0.000000 21.000000 0.000000
70.000000 17.000000 0.000000 0.000000 21.000000 0.000000
70.000000 18.000000 0.000000 0.000000 21.000000 0.000000
70.000000 19.000000 0.000000 0.000000 21.000000 0.000000
70.000000 20.000000 0.000000 0.000000 21.000000 0.000000
70.000000 21.000000 0.000000 0.000000 21.000000 0.000000
70.000000 22.000000 0.000000 0.000000 21.000000 0.000000
70.000000 23.000000 0.000000 0.000000 21.000000 0.000000
70.000000 24.000000 0.000000 0.000000 21.000000 0.000000
70.000000 25.000000 0.000000 0.000000 21.000000 0.000000
70.000000 26.000000 0.000000 0.000000 21.000000 0.000000
70.000000 27.000000 0.000000 0.000000 21.000000 0.000000
70.000000 28.000000 0.000000 0.000000 21.000000 0.000000
70.000000 29.000000 0.000000 0.000000 21.000000 0.000000
70.000000 30.000000 0.000000 0.000000 21.000000 0.000000
70.000000 31.000000 0.000000 0.000000 21.000000 0.000000
70.000000 32.000000 0.000000 0.000000 21.000000 0.000000
70.000000 33.000000 0.000000 0.000000 21.000000 0.000000
70.000000 34.000000 0.000000 0.000000 21.000000 0.000000
70.000000 35.000000 0.000000 0.000000 21.000000 0.000000
70.000000 36.000000 0.000000 0.000000 21.000000 0.000000
70.000000 37.000000 0.000000 0.000000 21.000000 0.000000
70.000000 38.000000 0.000000 0.000000 21.000000 0.000000
70.000000 39.000000 0.000000 0.000000 21.000000 0.000000
70.000000 40.000000 0.000000 0.000000 21.000000 0.000000
70.000000 41.000000 0.000000 0.000000 21.000000 0.000000
70.000000 42.000000 0.000000 0.000000 21.000000 0.000000
70.000000 43.000000 0.000000 0.000000 21.000000 0.000000
70.000000 44.000000 0.000000 0.000000 21.000000 0.000000
70.000000 45.000000 0.000000 0.000000 21.000000 0.000000
70.000000 46.000000 0.000000 0.000000 21.000000 0.000000
70.000000 47.000000 0.000000 0.000000 21.000000 0.000000
70.000000 48.000000 0.000000 0.000000 21.000000 0.000000
70.000000 49.000000 0.000000 0.000000 21.000000 0.000000
71.000000 0.000000 0.000000 0.000000 21.000000 0.000000
71.000000 1.000000 0.000000 0.000000 21.000000 0.000000
71.000000 2.000000 0.000000 0.000000 21.000000 0.000000
71.000000 3.000000 0.000000 0.000000 21.000000 0.000000
71.000000 4.000000 0.000000 0.000000 21.000000 0.000000
71.000000 5.000000 0.000000 0.000000 21.000000 0.000000
71.000000 6.000000 0.000000 0.000000 21.000000 0.000000
71.000000 7.000000 0.000000 0.000000 21.000000 0.000000
71.000000 8.000000 0.000000 0.000000 21.000000 0.000000
71.000000 9.000000 0.000000 0.000000 21.000000 0.000000
71.000000 10.000000 0.000000 0.000000 21.000000 0.000000
71.000000 11.000000 0.000000 0.000000 21.000000 0.000000
71.000000 12.000000 0.000000 0.000000 21.000000 0.000000
71.000000 13.000000 0.000000 0.000000 21.000000 0.000000
71.000000 14.000000 0.000000 0.000000 21.000000 0.000000
71.000000 15.000000 0.000000 0.000000 21.000000 0.000000
71.000000 16.000000 0.000000 0.000000 21.000000 0.000000
71.000000 17.000000 0.000000 0.000000 21.000000 0.000000
71.000000 18.000000 0.000000 0.000000 21.000000 0.000000
71.000000 19.000000 0.000000 0.000000 21.000000 0.000000
71.000000 20.000000 0.000000 0.000000 21.000000 0.000000
71.000000 21.000000 0.000000 0.000000 21.000000 0.000000
71.000000 22.000000 0.000000 0.000000 21.000000 0.000000
71.000000 23.000000 0.000000 0.000000 21.000000 0.000000
71.000000 24.000000 0.000000 0.000000 21.000000 0.000000
71.000000 25.000000 0.000000 0.000000 21.000000 0.000000
71.000000 26.000000 0.000000 0.000000 21.000000 0.000000
71.000000 27.000000 0.000000 0.000000 21.000000 0.000000
71.000000 28.000000 0.000000 0.000000 21.000000 0.000000
71.000000 29.000000 0.000000 0.000000 21.000000 0.000000
71.000000 30.000000 0.000000 0.000000 21.000000 0.000000
71.000000 31.000000 0.000000 0.000000 21.000000 0.000000
71.000000 32.000000 0.000000 0.000000 21.000000 0.000000
71.000000 33.000000 0.000000 0.000000 21.000000 0.000000
71.000000 34.000000 0.000000 0.000000 21.000000 0.000000
71.000000 35.000000 0.000000 0.000000 21.000000 0.000000
71.000000 36.000000 0.000000 0.000000 21.000000 0.000000
71.000000 37.000000 0.000000 0.000000 21.000000 0.000000
71.000000 38.000000 0.000000 0.000000 21.000000 0.000000
71.000000 39.000000 0.000000 0.000000 21.000000 0.000000
71.000000 40.000000 0.000000 0.000000 21.000000 0.000000
71.000000 41.000000 0.000000 0.000000 21.000000 0.000000
71.000000 42.000000 0.000000 0.000000 21.000000 0.000000
71.000000 43.000000 0.000000 0.000000 21.000000 0.000000
71.000000 44.000000 0.000000 0.000000 21.000000 0.000000
71.000000 45.000000 0.000000 0.000000 21.000000 0.000000
71.000000 46.000000 0.000000 0.000000 21.000000 0.000000
71.000000 47.000000 0.000000 0.000000 21.000000 0.000000
71.000000 48.000000 0.000000 0.000000 21.000000 0.000000
71.000000 49.000000 0.000000 0.000000 21.000000 0.000000
72.000000 0.000000 0.000000 0.000000 21.000000 0.000000
72.000000 1.000000 0.000000 0.000000 21.000000 0.000000
72.000000 2.000000 0.000000 0.000000 21.000000 0.000000
72.000000 3.000000 0.000000 0.000000 21.000000 0.000000
72.000000 4.000000 0.000000 0.000000 19.947563 0.000000
72.000000 5.000000 0.178251 0.000000 11.218006 0.451776
72.000000 6.000000 1.000000 0.508934 0.000000 1.000000
72.000000 7.000000 1.000000 0.970653 0.000000 1.000000
72.000000 8.000000 1.000000 0.453270 0.000000 1.000000
72.000000 9.000000 0.987348 0.000000 0.000000 0.822084
72.000000 10.000000 0.054652 0.000000 3.718085 0.178147
72.000000 11.000000 0.600021 0.000000 21.000000 0.247550
72.000000 12.000000 0.000000 0.000000 19.383738 0.000000
72.000000 13.000000 0.000000 0.000000 20.254370 0.000000
72.000000 14.000000 0.000000 0.000000 20.593737 0.000000
72.000000 15.000000 0.000000 0.000000 20.795496 0.000000
72.000000 16.000000 0.000000 0.000000 20.829260 0.000000
72.000000 17.000000 0.000000 0.000000 21.000000 0.000000
72.000000 18.000000 0.000000 0.000000 21.000000 0.000000
72.000000 19.000000 0.000000 0.000000 21.000000 0.000000
72.000000 20.000000 0.000000 0.000000 21.000000 0.000000
72.000000 21.000000 0.000000 0.000000 21.000000 0.000000
72.000000 22.000000 0.000000 0.000000 21.000000 0.000000
72.000000 23.000000 0.000000 0.000000 21.000000 0.000000
72.000000 24.000000 0.000000 0.000000 21.000000 0.000000
72.000000 25.000000 0.000000 0.000000 21.000000 0.000000
72.000000 26.000000 0.000000 0.000000 21.000000 0.000000
72.000000 27.000000 0.000000 0.000000 21.000000 0.000000
72.000000 28.000000 0.000000 0.000000 21.000000 0.000000
72.000000 29.000000 0.000000 0.000000 21.000000 0.000000
72.000000 30.000000 0.000000 0.000000 21.000000 0.000000
72.000000 31.000000 0.000000 0.000000 21.000000 0.000000
72.000000 32.000000 0.000000 0.000000 21.000000 0.000000
72.000000 33.000000 0.000000 0.000000 21.000000 0.000000
72.000000 34.000000 0.000000 0.000000 21.000000 0.000000
72.000000 35.000000 0.000000 0.000000 21.000000 0.000000
72.000000 36.000000 0.000000 0.000000 21.000000 0.000000
72.000000 37.000000 0.000000 0.000000 21.000000 0.000000
72.000000 38.000000 0.000000 0.000000 21.000000 0.000000
72.000000 39.000000 0.000000 0.000000 21.000000 0.000000
72.000000 40.000000 0.000000 0.000000 21.000000 0.000000
72.000000 41.000000 0.000000 0.000000 21.000000 0.000000
72.000000 42.000000 0.000000 0.000000 21.000000 0.000000
72.000000 43.000000 0.000000 0.000000 21.000000 0.000000
72.000000 44.000000 0.000000 0.000000 21.000000 0.000000
72.000000 45.000000 0.000000 0.000000 21.000000 0.000000
72.000000 46.000000 0.000000 0.000000 21.000000 0.000000
72.000000 47.000000 0.000000 0.000000 21.000000 0.000000
72.000000 48.000000 0.000000 0.000000 21.000000 0.000000
72.000000 49.000000 0.000000 0.000000 21.000000 0.000000
73.000000 0.000000 0.000000 0.000000 21.000000 0.000000
73.000000 1.000000 0.000000 0.000000 21.000000 0.000000
73.000000 2.000000 0.000000 0.000000 21.000000 0.000000
73.000000 3.000000 0.000000 0.000000 20.665075 0.000000
73.000000 4.000000 0.000000 0.000000 16.110634 0.142809
73.000000 5.000000 0.759437 0.000000 3.956770 0.907193
73.000000 6.000000 1.000000 0.776660 0.000000 1.000000
73.000000 7.000000 1.000000 0.666563 0.000000 1.000000
73.000000 8.000000 1.000000 0.173589 0.000000 1.000000
73.000000 9.000000 0.475310 0.000000 0.000000 0.454744
73.000000 10.000000 0.003007 0.000000 11.299308 0.211138
73.000000 11.000000 0.000000 0.000000 17.235561 0.027395
73.000000 12.000000 0.000000 0.000000 18.998964 0.000000
73.000000 13.000000 0.000000 0.000000 19.196171 0.000000
73.000000 14.000000 0.000000 0.000000 19.756367 0.000000
73.000000 15.000000 0.000000 0.000000 20.578051 0.000000
73.000000 16.000000 0.000000 0.000000 21.000000 0.000000
73.000000 17.000000 0.000000 0.000000 21.000000 0.000000
73.000000 18.000000 0.000000 0.000000 21.000000 0.000000
73.000000 19.000000 0.000000 0.000000 21.000000 0.000000
73.000000 20.000000 0.000000 0.000000 21.000000 0.000000
73.000000 21.000000 0.000000 0.000000 20.951212 0.000000
73.000000 22.000000 0.000000 0.000000 21.000000 0.000000
73.000000 23.000000 0.000000 0.000000 21.000000 0.000000
73.000000 24.000000 0.000000 0.000000 21.000000 0.000000
73.000000 25.000000 0.000000 0.000000 21.000000 0.000000
73.000000 26.000000 0.000000 0.000000 21.000000 0.000000
73.000000 27.000000 0.000000 0.000000 21.000000 0.000000
73.000000 28.000000 0.000000 0.000000 21.000000 0.000000
73.000000 29.000000 0.000000 0.000000 21.000000 0.000000
73.000000 30.000000 0.000000 0.000000 21.000000 0.000000
73.000000 31.000000 0.000000 0.000000 21.000000 0.000000
73.000000 32.000000 0.000000 0.000000 21.000000 0.000000
73.000000 33.000000 0.000000 0.000000 21.000000 0.000000
73.000000 34.000000 0.000000 0.000000 21.000000 0.000000
73.000000 35.000000 0.000000 0.000000 21.000000 0.000000
73.000000 36.000000 0.000000 0.000000 21.000000 0.000000
73.000000 37.000000 0.000000 0.000000 21.000000 0.000000
73.000000 38.000000 0.000000 0.000000 21.000000 0.000000
73.000000 39.000000 0.000000 0.000000 21.000000 0.000000
73.000000 40.000000 0.000000 0.000000 21.000000 0.000000
73.000000 41.000000 0.000000 0.000000 21.000000 0.000000
73.000000 42.000000 0.000000 0.000000 21.000000 0.000000
73.000000 43.000000 0.000000 0.000000 21.000000 0.000000
73.000000 44.000000 0.000000 0.000000 21.000000 0.000000
73.000000 45.000000 0.000000 0.000000 21.000000 0.000000
73.000000 46.000000 0.000000 0.000000 21.000000 0.000000
73.000000 47.000000 0.000000 0.000000 21.000000 0.000000
73.000000 48.000000 0.000000 0.000000 21.000000 0.000000
73.000000 49.000000 0.000000 0.000000 21.000000 0.000000
74.000000 0.000000 0.000000 0.000000 21.000000 0.000000
74.000000 1.000000 0.000000 0.000000 21.000000 0.000000
74.000000 2.000000 0.000000 0.000000 21.000000 0.000000
74.000000 3.000000 0.000000 0.000000 21.000000 0.000000
74.000000 4.000000 0.000000 0.000000 21.000000 0.000000
74.000000 5.000000 0.000000 0.000000 21.000000 0.000000
74.000000 6.000000 0.000000 0.000000 21.000000 0.000000
74.000000 7.000000 0.000000 0.000000 21.000000 0.000000
74.000000 8.000000 0.000000 0.000000 21.000000 0.000000
74.000000 9.000000 0.000000 0.000000 21.000000 0.000000
74.000000 10.000000 0.000000 0.000000 21.000000 0.000000
74.000000 11.000000 0.000000 0.000000 21.000000 0.000000
74.000000 12.000000 0.000000 0.000000 21.000000 0.000000
74.000000 13.000000 0.000000 0.000000 21.000000 0.000000
74.000000 14.000000 0.000000 0.000000 21.000000 0.000000
74.000000 15.000000 0.000000 0.000000 21.000000 0.000000
74.000000 16.000000 0.000000 0.000000 21.000000 0.000000
74.000000 17.000000 0.000000 0.000000 21.000000 0.000000
74.000000 18.000000 0.000000 0.000000 21.000000 0.000000
74.000000 19.000000 0.000000 0.000000 21.000000 0.000000
74.000000 20.000000 0.000000 0.000000 21.000000 0.000000
74.000000 21.000000 0.000000 0.000000 21.000000 0.000000
74.000000 22.000000 0.000000 0.000000 21.000000 0.000000
74.000000 23.000000 0.000000 0.000000 21.000000 0.000000
74.000000 24.000000 0.000000 0.000000 21.000000 0.000000
74.000000 25.000000 0.000000 0.000000 21.000000 0.000000
74.000000 26.000000 0.000000 0.000000 21.000000 0.000000
74.000000 27.000000 0.000000 0.000000 21.000000 0.000000
74.000000 28.000000 0.000000 0.000000 21.000000 0.000000
74.000000 29.000000 0.000000 0.000000 21.000000 0.000000
74.000000 30.000000 0.000000 0.000000 21.000000 0.000000
74.000000 31.000000 0.000000 0.000000 21.000000 0.000000
74.000000 32.000000 0.000000 0.000000 21.000000 0.000000
74.000000 33.000000 0.000000 0.000000 21.000000 0.000000
74.000000 34.000000 0.000000 0.000000 21.000000 0.000000
74.000000 35.000000 0.000000 0.000000 21.000000 0.000000
74.000000 36.000000 0.000000 0.000000 21.000000 0.000000
74.000000 37.000000 0.000000 0.000000 21.000000 0.000000
74.000000 38.000000 0.000000 0.000000 21.000000 0.000000
74.000000 39.000000 0.000000 0.000000 21.000000 0.000000
74.000000 40.000000 0.000000 0.000000 21.000000 0.000000
74.000000 41.000000 0.000000 0.000000 21.000000 0.000000
74.000000 42.000000 0.000000 0.000000 21.000000 0.000000
74.000000 43.000000 0.000000 0.000000 21.000000 0.000000
74.000000 44.000000 0.000000 0.000000 21.000000 0.000000
74.000000 45.000000 0.000000 0.000000 21.000000 0.000000
74.000000 46.000000 0.000000 0.000000 21.000000 0.000000
74.000000 47.000000 0.000000 0.000000 21.000000 0.000000
74.000000 48.000000 0.000000 0.000000 21.000000 0.000000
74.000000 49.000000 0.000000 0.000000 21.000000 0.000000
75.000000 0.000000 0.000000 0.000000 21.000000 0.000000
75.000000 1.000000 0.000000 0.000000 21.000000 0.000000
75.000000 2.000000 0.000000 0.000000 21.000000 0.000000
75.000000 3.000000 0.000000 0.000000 21.000000 0.000000
75.000000 4.000000 0.000000 0.000000 21.000000 0.000000
75.000000 5.000000 0.000000 0.000000 21.000000 0.000000
75.000000 6.000000 0.000000 0.000000 21.000000 0.000000
75.000000 7.000000 0.000000 0.000000 21.000000 0.000000
75.000000 8.000000 0.000000 0.000000 21.000000 0.000000
75.000000 9.000000 0.000000 0.000000 21.000000 0.000000
75.000000 10.000000 0.000000 0.000000 21.000000 0.000000
75.000000 11.000000 0.000000 0.000000 21.000000 0.000000
75.000000 12.000000 0.000000 0.000000 21.000000 0.000000
75.000000 13.000000 0.000000 0.000000 21.000000 0.000000
75.000000 14.000000 0.000000 0.000000 21.000000 0.000000
75.000000 15.000000 0.000000 0.000000 21.000000 0.000000
75.000000 16.000000 0.000000 0.000000 21.000000 0.000000
75.000000 17.000000 0.000000 0.000000 21.000000 0.000000
75.000000 18.000000 0.000000 0.000000 21.000000 0.000000
75.000000 19.000000 0.000000 0.000000 21.000000 0.000000
75.000000 20.000000 0.000000 0.000000 21.000000 0.000000
75.000000 21.000000 0.000000 0.000000 21.000000 0.000000
75.000000 22.000000 0.000000 0.000000 21.000000 0.000000
75.000000 23.000000 0.000000 0.000000 21.000000 0.000000
75.000000 24.000000 0.000000 0.000000 21.000000 0.000000
75.000000 25.000000 0.000000 0.000000 21.000000 0.000000
75.000000 26.000000 0.000000 0.000000 21.000000 0.000000
75.000000 27.000000 0.000000 0.000000 21.000000 0.000000
75.000000 28.000000 0.000000 0.000000 21.000000 0.000000
75.000000 29.000000 0.000000 0.000000 21.000000 0.000000
75.000000 30.000000 0.000000 0.000000 21.000000 0.000000
75.000000 31.000000 0.000000 0.000000 21.000000 0.000000
75.000000 32.000000 0.000000 0.000000 21.000000 0.000000
75.000000 33.000000 0.000000 0.000000 21.000000 0.000000
75.000000 34.000000 0.000000 0.000000 21.000000 0.000000
75.000000 35.000000 0.000000 0.000000 21.000000 0.000000
75.000000 36.000000 0.000000 0.000000 21.000000 0.000000
75.000000 37.000000 0.000000 0.000000 21.000000 0.000000
75.000000 38.000000 0.000000 0.000000 21.000000 0.000000
75.000000 39.000000 0.000000 0.000000 21.000000 0.000000
75.000000 40.000000 0.000000 0.000000 21.000000 0.000000
75.000000 41.000000 0.000000 0.000000 21.000000 0.000000
75.000000 42.000000 0.000000 0.000000 21.000000 0.000000
75.000000 43.000000 0.000000 0.000000 21.000000 0.000000
75.000000 44.000000 0.000000 0.000000 21.000000 0.000000
75.000000 45.000000 0.000000 0.000000 21.000000 0.000000
75.000000 46.000000 0.000000 0.000000 21.000000 0.000000
75.000000 47.000000 0.000000 0.000000 21.000000 0.000000
75.000000 48.000000 0.000000 0.000000 21.000000 0.000000
75.000000 49.000000 0.000000 0.000000 21.000000 0.000000
76.000000 0.000000 0.000000 0.000000 21.000000 0.000000
76.000000 1.000000 0.000000 0.000000 21.000000 0.000000
76.000000 2.000000 0.000000 0.000000 21.000000 0.000000
76.000000 3.000000 0.000000 0.000000 21.000000 0.000000
76.000000 4.000000 0.000000 0.000000 21.000000 0.000000
76.000000 5.000000 0.000000 0.000000 21.000000 0.000000
76.000000 6.000000 0.000000 0.000000 21.000000 0.000000
76.000000 7.000000 0.000000 0.000000 21.000000 0.000000
76.000000 8.000000 0.000000 0.000000 21.000000 0.000000
76.000000 9.000000 0.000000 0.000000 21.000000 0.000000
76.000000 10.000000 0.000000 0.000000 21.000000 0.000000
76.000000 11.000000 0.000000 0.000000 21.000000 0.000000
76.000000 12.000000 0.000000 0.000000 21.000000 0.000000
76.000000 13.000000 0.000000 0.000000 21.000000 0.000000
76.000000 14.000000 0.000000 0.000000 21.000000 0.000000
76.000000 15.000000 0.000000 0.000000 21.000000 0.000000
76.000000 16.000000 0.000000 0.000000 21.000000 0.000000
76.000000 17.000000 0.000000 0.000000 21.000000 0.000000
76.000000 18.000000 0.000000 0.000000 21.000000 0.000000
76.000000 19.000000 0.000000 0.000000 21.000000 0.000000
76.000000 20.000000 0.000000 0.000000 21.000000 0.000000
76.000000 21.000000 0.000000 0.000000 21.000000 0.000000
76.000000 22.000000 0.000000 0.000000 21.000000 0.000000
76.000000 23.000000 0.000000 0.000000 21.000000 0.000000
76.000000 24.000000 0.000000 0.000000 21.000000 0.000000
76.000000 25.000000 0.000000 0.000000 21.000000 0.000000
76.000000 26.000000 0.000000 0.000000 21.000000 0.000000
76.000000 27.000000 0.000000 0.000000 21.000000 0.000000
76.000000 28.000000 0.000000 0.000000 21.000000 0.000000
76.000000 29.000000 0.000000 0.000000 21.000000 0.000000
76.000000 30.000000 0.000000 0.000000 21.000000 0.000000
76.000000 31.000000 0.000000 0.000000 21.000000 0.000000
76.000000 32.000000 0.000000 0.000000 21.000000 0.000000
76.000000 33.000000 0.000000 0.000000 21.000000 0.000000
76.000000 34.000000 0.000000 0.000000 21.000000 0.000000
76.000000 35.000000 0.000000 0.000000 21.000000 0.000000
76.000000 36.000000 0.000000 0.000000 21.000000 0.000000
76.000000 37.000000 0.000000 0.000000 21.000000 0.000000
76.000000 38.000000 0.000000 0.000000 21.000000 0.000000
76.000000 39.000000 0.000000 0.000000 21.000000 0.000000
76.000000 40.000000 0.000000 0.000000 21.000000 0.000000
76.000000 41.000000 0.000000 0.000000 21.000000 0.000000
76.000000 42.000000 0.000000 0.000000 21.000000 0.000000
76.000000 43.000000 0.000000 0.000000 21.000000 0.000000
76.000000 44.000000 0.000000 0.000000 21.000000 0.000000
76.000000 45.000000 0.000000 0.000000 21.000000 0.000000
76.000000 46.000000 0.000000 0.000000 21.000000 0.000000
76.000000 47.000000 0.000000 0.000000 21.000000 0.000000
76.000000 48.000000 0.000000 0.000000 21.000000 0.000000
76.000000 49.000000 0.000000 0.000000 21.000000 0.000000
77.000000 0.000000 0.000000 0.000000 21.000000 0.000000
77.000000 1.000000 0.000000 0.000000 21.000000 0.000000
77.000000 2.000000 0.000000 0.000000 21.000000 0.000000
77.000000 3.000000 0.000000 0.000000 21.000000 0.000000
77.000000 4.000000 0.000000 0.000000 21.000000 0.000000
77.000000 5.000000 0.000000 0.000000 21.000000 0.000000
77.000000 6.000000 0.000000 0.000000 21.000000 0.000000
77.000000 7.000000 0.000000 0.000000 21.000000 0.000000
77.000000 8.000000 0.000000 0.000000 21.000000 0.000000
77.000000 9.000000 0.000000 0.000000 21.000000 0.000000
77.000000 10.000000 0.000000 0.000000 21.000000 0.000000
77.000000 11.000000 0.000000 0.000000 21.000000 0.000000
77.000000 12.000000 0.000000 0.000000 21.000000 0.000000
77.000000 13.000000 0.000000 0.000000 21.000000 0.000000
77.000000 14.000000 0.000000 0.000000 21.000000 0.000000
77.000000 15.000000 0.000000 0.000000 21.000000 0.000000
77.000000 16.000000 0.000000 0.000000 21.000000 0.000000
77.000000 17.000000 0.000000 0.000000 21.000000 0.000000
77.000000 18.000000 0.000000 0.000000 21.000000 0.000000
77.000000 19.000000 0.000000 0.000000 21.000000 0.000000
77.000000 20.000000 0.000000 0.000000 21.000000 0.000000
77.000000 21.000000 0.000000 0.000000 21.000000 0.000000
77.000000 22.000000 0.000000 0.000000 21.000000 0.000000
77.000000 23.000000 0.000000 0.000000 21.000000 0.000000
77.000000 24.000000 0.000000 0.000000 21.000000 0.000000
77.000000 25.000000 0.000000 0.000000 21.000000 0.000000
77.000000 26.000000 0.000000 0.000000 21.000000 0.000000
77.000000 27.000000 0.000000 0.000000 21.000000 0.000000
77.000000 28.000000 0.000000 0.000000 21.000000 0.000000
77.000000 29.000000 0.000000 0.000000 21.000000 0.000000
77.000000 30.000000 0.000000 0.000000 21.000000 0.000000
77.000000 31.000000 0.000000 0.000000 21.000000 0.000000
77.000000 32.000000 0.000000 0.000000 21.000000 0.000000
77.000000 33.000000 0.000000 0.000000 21.000000 0.000000
77.000000 34.000000 0.000000 0.000000 21.000000 0.000000
77.000000 35.000000 0.000000 0.000000 21.000000 0.000000
77.000000 36.000000 0.000000 0.000000 21.000000 0.000000
77.000000 37.000000 0.000000 0.000000 21.000000 0.000000
77.000000 38.000000 0.000000 0.000000 21.000000 0.000000
77.000000 39.000000 0.000000 0.000000 21.000000 0.000000
77.000000 40.000000 0.000000 0.000000 21.000000 0.000000
77.000000 41.000000 0.000000 0.000000 21.000000 0.000000
77.000000 42.000000 0.000000 0.000000 21.000000 0.000000
77.000000 43.000000 0.000000 0.000000 21.000000 0.000000
77.000000 44.000000 0.000000 0.000000 21.000000 0.000000
77.000000 45.000000 0.000000 0.000000 21.000000 0.000000
77.000000 46.000000 0.000000 0.000000 21.000000 0.000000
77.000000 47.000000 0.000000 0.000000 21.000000 0.000000
77.000000 48.000000 0.000000 0.000000 21.000000 0.000000
77.000000 49.000000 0.000000 0.000000 21.000000 0.000000
78.000000 0.000000 0.000000 0.000000 21.000000 0.000000
78.000000 1.000000 0.000000 0.000000 21.000000 0.000000
78.000000 2.000000 0.000000 0.000000 21.000000 0.000000
78.000000 3.000000 0.000000 0.000000 21.000000 0.000000
78.000000 4.000000 0.000000 0.000000 21.000000 0.000000
78.000000 5.000000 0.000000 0.000000 21.000000 0.000000
78.000000 6.000000 0.000000 0.000000 21.000000 0.000000
78.000000 7.000000 0.000000 0.000000 21.000000 0.000000
78.000000 8.000000 0.000000 0.000000 21.000000 0.000000
78.000000 9.000000 0.000000 0.000000 21.000000 0.000000
78.000000 10.000000 0.000000 0.000000 21.000000 0.000000
78.000000 11.000000 0.000000 0.000000 21.000000 0.000000
78.000000 12.000000 0.000000 0.000000 21.000000 0.000000
78.000000 13.000000 0.000000 0.000000 21.000000 0.000000
78.000000 14.000000 0.000000 0.000000 21.000000 0.000000
78.000000 15.000000 0.000000 0.000000 21.000000 0.000000
78.000000 16.000000 0.000000 0.000000 21.000000 0.000000
78.000000 17.000000 0.000000 0.000000 21.000000 0.000000
78.000000 18.000000 0.000000 0.000000 21.000000 0.000000
78.000000 19.000000 0.000000 0.000000 21.000000 0.000000
78.000000 20.000000 0.000000 0.000000 21.000000 0.000000
78.000000 21.000000 0.000000 0.000000 21.000000 0.000000
78.000000 22.000000 0.000000 0.000000 21.000000 0.000000
78.000000 23.000000 0.000000 0.000000 21.000000 0.000000
78.000000 24.000000 0.000000 0.000000 21.000000 0.000000
78.000000 25.000000 0.000000 0.000000 21.000000 0.000000
78.000000 26.000000 0.000000 0.000000 21.000000 0.000000
78.000000 27.000000 0.000000 0.000000 21.000000 0.000000
78.000000 28.000000 0.000000 0.000000 21.000000 0.000000
78.000000 29.000000 0.000000 0.000000 21.000000 0.000000
78.000000 30.000000 0.000000 0.000000 21.000000 0.000000
78.000000 31.000000 0.000000 0.000000 21.000000 0.000000
78.000000 32.000000 0.000000 0.000000 21.000000 0.000000
78.000000 33.000000 0.000000 0.000000 21.000000 0.000000
78.000000 34.000000 0.000000 0.000000 21.000000 0.000000
78.000000 35.000000 0.000000 0.000000 21.000000 0.000000
78.000000 36.000000 0.000000 0.000000 21.000000 0.000000
78.000000 37.000000 0.000000 0.000000 21.000000 0.000000
78.000000 38.000000 0.000000 0.000000 21.000000 0.000000
78.000000 39.000000 0.000000 0.000000 21.000000 0.000000
78.000000 40.000000 0.000000 0.000000 21.000000 0.000000
78.000000 41.000000 0.000000 0.000000 21.000000 0.000000
78.000000 42.000000 0.000000 0.000000 21.000000 0.000000
78.000000 43.000000 0.000000 0.000000 21.000000 0.000000
78.000000 44.000000 0.000000 0.000000 21.000000 0.000000
78.000000 45.000000 0.000000 0.000000 21.000000 0.000000
78.000000 46.000000 0.000000 0.000000 21.000000 0.000000
78.000000 47.000000 0.000000 0.000000 21.000000 0.000000
78.000000 48.000000 0.000000 0.000000 21.000000 0.000000
78.000000 49.000000 0.000000 0.000000 21.000000 0.000000
79.000000 0.000000 0.000000 0.000000 21.000000 0.000000
79.000000 1.000000 0.000000 0.000000 21.000000 0.000000
79.000000 2.000000 0.000000 0.000000 21.000000 0.000000
79.000000 3.000000 0.000000 0.000000 20.116581 0.000000
79.000000 4.000000 0.000000 0.000000 17.210451 0.071483
79.000000 5.000000 1.000000 0.127939 0.000000 1.000000
79.000000 6.000000 1.000000 0.942472 0.000000 1.000000
79.000000 7.000000 1.000000 0.464772 0.000000 1.000000
79.000000 8.000000 1.000000 0.070752 0.000000 1.000000
79.000000 9.000000 0.184915 0.000000 0.471370 0.248786
79.000000 10.000000 0.115573 0.000000 17.733217 0.163229
79.000000 11.000000 0.444049 0.000000 21.000000 0.209517
79.000000 12.000000 0.000000 0.000000 19.333126 0.000000
79.000000 13.000000 0.000000 0.000000 19.865896 0.000000
79.000000 14.000000 0.000000 0.000000 20.114616 0.000000
79.000000 15.000000 0.000000 0.000000 20.092838 0.000000
79.000000 16.000000 0.000000 0.000000 20.789141 0.000000
79.000000 17.000000 0.000000 0.000000 20.839287 0.000000
79.000000 18.000000 0.000000 0.000000 21.000000 0.000000
79.000000 19.000000 0.000000 0.000000 21.000000 0.000000
79.000000 20.000000 0.000000 0.000000 21.000000 0.000000
79.000000 21.000000 0.000000 0.000000 20.694740 0.000000
79.000000 22.000000 0.000000 0.000000 20.921621 0.000000
79.000000 23.000000 0.000000 0.000000 20.987261 0.000000
79.000000 24.000000 0.000000 0.000000 20.957682 0.000000
79.000000 25.000000 0.000000 0.000000 20.898500 0.000000
79.000000 26.000000 0.000000 0.000000 21.000000 0.000000
79.000000 27.000000 0.000000 0.000000 21.000000 0.000000
79.000000 28.000000 0.000000 0.000000 21.000000 0.000000
79.000000 29.000000 0.000000 0.000000 21.000000 0.000000
79.000000 30.000000 0.000000 0.000000 21.000000 0.000000
79.000000 31.000000 0.000000 0.000000 21.000000 0.000000
79.000000 32.000000 0.000000 0.000000 21.000000 0.000000
79.000000 33.000000 0.000000 0.000000 21.000000 0.000000
79.000000 34.000000 0.000000 0.000000 21.000000 0.000000
79.000000 35.000000 0.000000 0.000000 21.000000 0.000000
79.000000 36.000000 0.000000 0.000000 21.000000 0.000000
79.000000 37.000000 0.000000 0.000000 21.000000 0.000000
79.000000 38.000000 0.000000 0.000000 21.000000 0.000000
79.000000 39.000000 0.000000 0.000000 21.000000 0.000000
79.000000 40.000000 0.000000 0.000000 21.000000 0.000000
79.000000 41.000000 0.000000 0.000000 21.000000 0.000000
79.000000 42.000000 0.000000 0.000000 21.000000 0.000000
79.000000 43.000000 0.000000 0.000000 21.000000 0.000000
79.000000 44.000000 0.000000 0.000000 21.000000 0.000000
79.000000 45.000000 0.000000 0.000000 21.000000 0.000000
79.000000 46.000000 0.000000 0.000000 21.000000 0.000000
79.000000 47.000000 0.000000 0.000000 21.000000 0.000000
79.000000 48.000000 0.000000 0.000000 21.000000 0.000000
79.000000 49.000000 0.000000 0.000000 21.000000 0.000000
80.000000 0.000000 0.000000 0.000000 21.000000 0.000000
80.000000 1.000000 0.000000 0.000000 21.000000 0.000000
80.000000 2.000000 0.000000 0.000000 21.000000 0.000000
80.000000 3.000000 0.000000 0.000000 21.000000 0.000000
80.000000 4.000000 0.000000 0.000000 21.000000 0.000000
80.000000 5.000000 0.000000 0.000000 21.000000 0.000000
80.000000 6.000000 0.000000 0.000000 20.605721 0.000000
80.000000 7.000000 0.000000 0.000000 19.930935 0.000000
80.000000 8.000000 0.268453 0.000000 10.086991 0.522728
80.000000 9.000000 1.000000 0.356169 0.000000 1.000000
80.000000 10.000000 1.000000 0.802278 0.000000 1.000000
80.000000 11.000000 1.000000 0.445820 0.000000 1.000000
80.000000 12.000000 0.885584 0.011855 0.000000 0.737698
80.000000 13.000000 0.178052 0.000000 3.072793 0.276746
80.000000 14.000000 0.159176 0.000000 18.333385 0.180534
80.000000 15.000000 0.000000 0.000000 18.171766 0.062054
80.000000 16.000000 0.000000 0.000000 18.132837 0.000000
80.000000 17.000000 0.000000 0.000000 18.536213 0.000000
80.000000 18.000000 0.000000 0.000000 18.872408 0.000000
80.000000 19.000000 0.000000 0.000000 19.513058 0.000000
80.000000 20.000000 0.000000 0.000000 19.784691 0.000000
80.000000 21.000000 0.000000 0.000000 19.416765 0.000000
80.000000 22.000000 0.000000 0.000000 20.076715 0.000000
80.000000 23.000000 0.000000 0.000000 20.070124 0.000000
80.000000 24.000000 0.000000 0.000000 20.344790 0.000000
80.000000 25.000000 0.000000 0.000000 20.868898 0.000000
80.000000 26.000000 0.000000 0.000000 20.832802 0.000000
80.000000 27.000000 0.000000 0.000000 20.987261 0.000000
80.000000 28.000000 0.000000 0.000000 20.951212 0.000000
80.000000 29.000000 0.000000 0.000000 20.862415 0.000000
80.000000 30.000000 0.000000 0.000000 20.862415 0.000000
80.000000 31.000000 0.000000 0.000000 20.832802 0.000000
80.000000 32.000000 0.000000 0.000000 20.493452 0.000000
80.000000 33.000000 0.000000 0.000000 20.278706 0.000000
80.000000 34.000000 0.000000 0.000000 20.595598 0.000000
80.000000 35.000000 0.000000 0.000000 20.595598 0.000000
80.000000 36.000000 0.000000 0.000000 20.934566 0.000000
80.000000 37.000000 0.000000 0.000000 20.957682 0.000000
80.000000 38.000000 0.000000 0.000000 21.000000 0.000000
80.000000 39.000000 0.000000 0.000000 21.000000 0.000000
80.000000 40.000000 0.000000 0.000000 20.951212 0.000000
80.000000 41.000000 0.000000 0.000000 20.862415 0.000000
80.000000 42.000000 0.000000 0.000000 20.457193 0.000000
80.000000 43.000000 0.000000 0.000000 20.707758 0.000000
80.000000 44.000000 0.000000 0.000000 20.862415 0.000000
80.000000 45.000000 0.000000 0.000000 20.648434 0.000000
80.000000 46.000000 0.000000 0.000000 20.928095 0.000000
80.000000 47.000000 0.000000 0.000000 21.000000 0.000000
80.000000 48.000000 0.000000 0.000000 21.000000 0.000000
80.000000 49.000000 0.000000 0.000000 21.000000 0.000000
81.000000 0.000000 0.000000 0.000000 21.000000 0.000000
81.000000 1.000000 0.000000 0.000000 21.000000 0.000000
81.000000 2.000000 0.000000 0.000000 21.000000 0.000000
81.000000 3.000000 0.000000 0.000000 21.000000 0.000000
81.000000 4.000000 0.000000 0.000000 21.000000 0.000000
81.000000 5.000000 0.000000 0.000000 21.000000 0.000000
81.000000 6.000000 0.000000 0.000000 21.000000 0.000000
81.000000 7.000000 0.000000 0.000000 21.000000 0.000000
81.000000 8.000000 0.000000 0.000000 21.000000 0.000000
81.000000 9.000000 0.000000 0.000000 21.000000 0.000000
81.000000 10.000000 0.000000 0.000000 21.000000 0.000000
81.000000 11.000000 0.000000 0.000000 21.000000 0.000000
81.000000 12.000000 0.000000 0.000000 21.000000 0.000000
81.000000 13.000000 0.000000 0.000000 21.000000 0.000000
81.000000 14.000000 0.000000 0.000000 21.000000 0.000000
81.000000 15.000000 0.000000 0.000000 21.000000 0.000000
81.000000 16.000000 0.000000 0.000000 21.000000 0.000000
81.000000 17.000000 0.000000 0.000000 21.000000 0.000000
81.000000 18.000000 0.000000 0.000000 21.000000 0.000000
81.000000 19.000000 0.000000 0.000000 21.000000 0.000000
81.000000 20.000000 0.000000 0.000000 21.000000 0.000000
81.000000 21.000000 0.000000 0.000000 21.000000 0.000000
81.000000 22.000000 0.000000 0.000000 21.000000 0.000000
81.000000 23.000000 0.000000 0.000000 21.000000 0.000000
81.000000 24.000000 0.000000 0.000000 21.000000 0.000000
81.000000 25.000000 0.000000 0.000000 21.000000 0.000000
81.000000 26.000000 0.000000 0.000000 21.000000 0.000000
81.000000 27.000000 0.000000 0.000000 21.000000 0.000000
81.000000 28.000000 0.000000 0.000000 21.000000 0.000000
81.000000 29.000000 0.000000 0.000000 21.000000 0.000000
81.000000 30.000000 0.000000 0.000000 21.000000 0.000000
81.000000 31.000000 0.000000 0.000000 21.000000 0.000000
81.000000 32.000000 0.000000 0.000000 21.000000 0.000000
81.000000 33.000000 0.000000 0.000000 21.000000 0.000000
81.000000 34.000000 0.000000 0.000000 21.000000 0.000000
81.000000 35.000000 0.000000 0.000000 21.000000 0.000000
81.000000 36.000000 0.000000 0.000000 21.000000 0.000000
81.000000 37.000000 0.000000 0.000000 21.000000 0.000000
81.000000 38.000000 0.000000 0.000000 21.000000 0.000000
81.000000 39.000000 0.000000 0.000000 21.000000 0.000000
81.000000 40.000000 0.000000 0.000000 21.000000 0.000000
81.000000 41.000000 0.000000 0.000000 21.000000 0.000000
81.000000 42.000000 0.000000 0.000000 21.000000 0.000000
81.000000 43.000000 0.000000 0.000000 21.000000 0.000000
81.000000 44.000000 0.000000 0.000000 21.000000 0.000000
81.000000 45.000000 0.000000 0.000000 21.000000 0.000000
81.000000 46.000000 0.000000 0.000000 21.000000 0.000000
81.000000 47.000000 0.000000 0.000000 21.000000 0.000000
81.000000 48.000000 0.000000 0.000000 21.000000 0.000000
81.000000 49.000000 0.000000 0.000000 21.000000 0.000000
82.000000 0.000000 0.000000 0.000000 21.000000 0.000000
82.000000 1.000000 0.000000 0.000000 21.000000 0.000000
82.000000 2.000000 0.000000 0.000000 21.000000 0.000000
82.000000 3.000000 0.000000 0.000000 21.000000 0.000000
82.000000 4.000000 0.000000 0.000000 21.000000 0.000000
82.000000 5.000000 0.000000 0.000000 21.000000 0.000000
82.000000 6.000000 0.000000 0.000000 21.000000 0.000000
82.000000 7.000000 0.000000 0.000000 21.000000 0.000000
82.000000 8.000000 0.000000 0.000000 21.000000 0.000000
82.000000 9.000000 0.000000 0.000000 21.000000 0.000000
82.000000 10.000000 0.000000 0.000000 21.000000 0.000000
82.000000 11.000000 0.000000 0.000000 21.000000 0.000000
82.000000 12.000000 0.000000 0.000000 21.000000 0.000000
82.000000 13.000000 0.000000 0.000000 21.000000 0.000000
82.000000 14.000000 0.000000 0.000000 21.000000 0.000000
82.000000 15.000000 0.000000 0.000000 21.000000 0.000000
82.000000 16.000000 0.000000 0.000000 21.000000 0.000000
82.000000 17.000000 0.000000 0.000000 21.000000 0.000000
82.000000 18.000000 0.000000 0.000000 21.000000 0.000000
82.000000 19.000000 0.000000 0.000000 21.000000 0.000000
82.000000 20.000000 0.000000 0.000000 21.000000 0.000000
82.000000 21.000000 0.000000 0.000000 21.000000 0.000000
82.000000 22.000000 0.000000 0.000000 21.000000 0.000000
82.000000 23.000000 0.000000 0.000000 21.000000 0.000000
82.000000 24.000000 0.000000 0.000000 21.000000 0.000000
82.000000 25.000000 0.000000 0.000000 21.000000 0.000000
82.000000 26.000000 0.000000 0.000000 21.000000 0.000000
82.000000 27.000000 0.000000 0.000000 21.000000 0.000000
82.000000 28.000000 0.000000 0.000000 21.000000 0.000000
82.000000 29.000000 0.000000 0.000000 21.000000 0.000000
82.000000 30.000000 0.000000 0.000000 21.000000 0.000000
82.000000 31.000000 0.000000 0.000000 21.000000 0.000000
82.000000 32.000000 0.000000 0.000000 21.000000 0.000000
82.000000 33.000000 0.000000 0.000000 21.000000 0.000000
82.000000 34.000000 0.000000 0.000000 21.000000 0.000000
82.000000 35.000000 0.000000 0.000000 21.000000 0.000000
82.000000 36.000000 0.000000 0.000000 21.000000 0.000000
82.000000 37.000000 0.000000 0.000000 21.000000 0.000000
82.000000 38.000000 0.000000 0.000000 21.000000 0.000000
82.000000 39.000000 0.000000 0.000000 21.000000 0.000000
82.000000 40.000000 0.000000 0.000000 21.000000 0.000000
82.000000 41.000000 0.000000 0.000000 21.000000 0.000000
82.000000 42.000000 0.000000 0.000000 21.000000 0.000000
82.000000 43.000000 0.000000 0.000000 21.000000 0.000000
82.000000 44.000000 0.000000 0.000000 21.000000 0.000000
82.000000 45.000000 0.000000 0.000000 21.000000 0.000000
82.000000 46.000000 0.000000 0.000000 21.000000 0.000000
82.000000 47.000000 0.000000 0.000000 21.000000 0.000000
82.000000 48.000000 0.000000 0.000000 21.000000 0.000000
82.000000 49.000000 0.000000 0.000000 21.000000 0.000000
83.000000 0.000000 0.000000 0.000000 21.000000 0.000000
83.000000 1.000000 0.000000 0.000000 21.000000 0.000000
83.000000 2.000000 0.000000 0.000000 21.000000 0.000000
83.000000 3.000000 0.000000 0.000000 21.000000 0.000000
83.000000 4.000000 0.000000 0.000000 21.000000 0.000000
83.000000 5.000000 0.000000 0.000000 21.000000 0.000000
83.000000 6.000000 0.000000 0.000000 21.000000 0.000000
83.000000 7.000000 0.000000 0.000000 21.000000 0.000000
83.000000 8.000000 0.000000 0.000000 21.000000 0.000000
83.000000 9.000000 0.000000 0.000000 21.000000 0.000000
83.000000 10.000000 0.000000 0.000000 21.000000 0.000000
83.000000 11.000000 0.000000 0.000000 21.000000 0.000000
83.000000 12.000000 0.000000 0.000000 21.000000 0.000000
83.000000 13.000000 0.000000 0.000000 21.000000 0.000000
83.000000 14.000000 0.000000 0.000000 21.000000 0.000000
83.000000 15.000000 0.000000 0.000000 21.000000 0.000000
83.000000 16.000000 0.000000 0.000000 21.000000 0.000000
83.000000 17.000000 0.000000 0.000000 21.000000 0.000000
83.000000 18.000000 0.000000 0.000000 21.000000 0.000000
83.000000 19.000000 0.000000 0.000000 21.000000 0.000000
83.000000 20.000000 0.000000 0.000000 21.000000 0.000000
83.000000 21.000000 0.000000 0.000000 21.000000 0.000000
83.000000 22.000000 0.000000 0.000000 21.000000 0.000000
83.000000 23.000000 0.000000 0.000000 21.000000 0.000000
83.000000 24.000000 0.000000 0.000000 21.000000 0.000000
83.000000 25.000000 0.000000 0.000000 21.000000 0.000000
83.000000 26.000000 0.000000 0.000000 21.000000 0.000000
83.000000 27.000000 0.000000 0.000000 21.000000 0.000000
83.000000 28.000000 0.000000 0.000000 21.000000 0.000000
83.000000 29.000000 0.000000 0.000000 21.000000 0.000000
83.000000 30.000000 0.000000 0.000000 21.000000 0.000000
83.000000 31.000000 0.000000 0.000000 21.000000 0.000000
83.000000 32.000000 0.000000 0.000000 21.000000 0.000000
83.000000 33.000000 0.000000 0.000000 21.000000 0.000000
83.000000 34.000000 0.000000 0.000000 21.000000 0.000000
83.000000 35.000000 0.000000 0.000000 21.000000 0.000000
83.000000 36.000000 0.000000 0.000000 21.000000 0.000000
83.000000 37.000000 0.000000 0.000000 21.000000 0.000000
83.000000 38.000000 0.000000 0.000000 21.000000 0.000000
83.000000 39.000000 0.000000 0.000000 21.000000 0.000000
83.000000 40.000000 0.000000 0.000000 21.000000 0.000000
83.000000 41.000000 0.000000 0.000000 21.000000 0.000000
83.000000 42.000000 0.000000 0.000000 21.000000 0.000000
83.000000 43.000000 0.000000 0.000000 21.000000 0.000000
83.000000 44.000000 0.000000 0.000000 21.000000 0.000000
83.000000 45.000000 0.000000 0.000000 21.000000 0.000000
83.000000 46.000000 0.000000 0.000000 21.000000 0.000000
83.000000 47.000000 0.000000 0.000000 21.000000 0.000000
83.000000 48.000000 0.000000 0.000000 21.000000 0.000000
83.000000 49.000000 0.000000 0.000000 21.000000 0.000000
84.000000 0.000000 0.000000 0.000000 21.000000 0.000000
84.000000 1.000000 0.000000 0.000000 21.000000 0.000000
84.000000 2.000000 0.000000 0.000000 21.000000 0.000000
84.000000 3.000000 0.000000 0.000000 21.000000 0.000000
84.000000 4.000000 0.000000 0.000000 21.000000 0.000000
84.000000 5.000000 0.000000 0.000000 21.000000 0.000000
84.000000 6.000000 0.000000 0.000000 21.000000 0.000000
84.000000 7.000000 0.000000 0.000000 21.000000 0.000000
84.000000 8.000000 0.000000 0.000000 21.000000 0.000000
84.000000 9.000000 0.000000 0.000000 21.000000 0.000000
84.000000 10.000000 0.000000 0.000000 21.000000 0.000000
84.000000 11.000000 0.000000 0.000000 21.000000 0.000000
84.000000 12.000000 0.000000 0.000000 21.000000 0.000000
84.000000 13.000000 0.000000 0.000000 21.000000 0.000000
84.000000 14.000000 0.000000 0.000000 21.000000 0.000000
84.000000 15.000000 0.000000 0.000000 21.000000 0.000000
84.000000 16.000000 0.000000 0.000000 21.000000 0.000000
84.000000 17.000000 0.000000 0.000000 21.000000 0.000000
84.000000 18.000000 0.000000 0.000000 21.000000 0.000000
84.000000 19.000000 0.000000 0.000000 21.000000 0.000000
84.000000 20.000000 0.000000 0.000000 21.000000 0.000000
84.000000 21.000000 0.000000 0.000000 21.000000 0.000000
84.000000 22.000000 0.000000 0.000000 21.000000 0.000000
84.000000 23.000000 0.000000 0.000000 21.000000 0.000000
84.000000 24.000000 0.000000 0.000000 21.000000 0.000000
84.000000 25.000000 0.000000 0.000000 21.000000 0.000000
84.000000 26.000000 0.000000 0.000000 21.000000 0.000000
84.000000 27.000000 0.000000 0.000000 21.000000 0.000000
84.000000 28.000000 0.000000 0.000000 21.000000 0.000000
84.000000 29.000000 0.000000 0.000000 21.000000 0.000000
84.000000 30.000000 0.000000 0.000000 21.000000 0.000000
84.000000 31.000000 0.000000 0.000000 21.000000 0.000000
84.000000 32.000000 0.000000 0.000000 21.000000 0.000000
84.000000 33.000000 0.000000 0.000000 21.000000 0.000000
84.000000 34.000000 0.000000 0.000000 21.000000 0.000000
84.000000 35.000000 0.000000 0.000000 21.000000 0.000000
84.000000 36.000000 0.000000 0.000000 21.000000 0.000000
84.000000 37.000000 0.000000 0.000000 21.000000 0.000000
84.000000 38.000000 0.000000 0.000000 21.000000 0.000000
84.000000 39.000000 0.000000 0.000000 21.000000 0.000000
84.000000 40.000000 0.000000 0.000000 21.000000 0.000000
84.000000 41.000000 0.000000 0.000000 21.000000 0.000000
84.000000 42.000000 0.000000 0.000000 21.000000 0.000000
84.000000 43.000000 0.000000 0.000000 21.000000 0.000000
84.000000 44.000000 0.000000 0.000000 21.000000 0.000000
84.000000 45.000000 0.000000 0.000000 21.000000 0.000000
84.000000 46.000000 0.000000 0.000000 21.000000 0.000000
84.000000 47.000000 0.000000 0.000000 21.000000 0.000000
84.000000 48.000000 0.000000 0.000000 21.000000 0.000000
84.000000 49.000000 0.000000 0.000000 21.000000 0.000000
85.000000 0.000000 0.000000 0.000000 21.000000 0.000000
85.000000 1.000000 0.000000 0.000000 21.000000 0.000000
85.000000 2.000000 0.000000 0.000000 21.000000 0.000000
85.000000 3.000000 0.000000 0.000000 21.000000 0.000000
85.000000 4.000000 0.000000 0.000000 21.000000 0.000000
85.000000 5.000000 0.000000 0.000000 20.671589 0.000000
85.000000 6.000000 0.000000 0.000000 15.207765 0.199997
85.000000 7.000000 1.000000 0.089515 0.000000 1.000000
85.000000 8.000000 1.000000 1.000000 0.000000 1.000000
85.000000 9.000000 1.000000 0.481495 0.000000 1.000000
85.000000 10.000000 1.000000 0.057508 0.000000 1.000000
85.000000 11.000000 0.261092 0.000000 0.000000 0.313092
85.000000 12.000000 0.000000 0.000000 15.281416 0.110994
85.000000 13.000000 0.000000 0.000000 18.407795 0.000000
85.000000 14.000000 0.000000 0.000000 19.794142 0.000000
85.000000 15.000000 0.000000 0.000000 20.592205 0.000000
85.000000 16.000000 0.000000 0.000000 21.000000 0.000000
85.000000 17.000000 0.000000 0.000000 21.000000 0.000000
85.000000 18.000000 0.000000 0.000000 21.000000 0.000000
85.000000 19.000000 0.000000 0.000000 21.000000 0.000000
85.000000 20.000000 0.000000 0.000000 21.000000 0.000000
85.000000 21.000000 0.000000 0.000000 21.000000 0.000000
85.000000 22.000000 0.000000 0.000000 21.000000 0.000000
85.000000 23.000000 0.000000 0.000000 21.000000 0.000000
85.000000 24.000000 0.000000 0.000000 21.000000 0.000000
85.000000 25.000000 0.000000 0.000000 21.000000 0.000000
85.000000 26.000000 0.000000 0.000000 21.000000 0.000000
85.000000 27.000000 0.000000 0.000000 21.000000 0.000000
85.000000 28.000000 0.000000 0.000000 21.000000 0.000000
85.000000 29.000000 0.000000 0.000000 21.000000 0.000000
85.000000 30.000000 0.000000 0.000000 21.000000 0.000000
85.000000 31.000000 0.000000 0.000000 21.000000 0.000000
85.000000 32.000000 0.000000 0.000000 21.000000 0.000000
85.000000 33.000000 0.000000 0.000000 21.000000 0.000000
85.000000 34.000000 0.000000 0.000000 21.000000 0.000000
85.000000 35.000000 0.000000 0.000000 21.000000 0.000000
85.000000 36.000000 0.000000 0.000000 21.000000 0.000000
85.000000 37.000000 0.000000 0.000000 21.000000 0.000000
85.000000 38.000000 0.000000 0.000000 21.000000 0.000000
85.000000 39.000000 0.000000 0.000000 21.000000 0.000000
85.000000 40.000000 0.000000 0.000000 21.000000 0.000000
85.000000 41.000000 0.000000 0.000000 21.000000 0.000000
85.000000 42.000000 0.000000 0.000000 21.000000 0.000000
85.000000 43.000000 0.000000 0.000000 21.000000 0.000000
85.000000 44.000000 0.000000 0.000000 21.000000 0.000000
85.000000 45.000000 0.000000 0.000000 21.000000 0.000000
85.000000 46.000000 0.000000 0.000000 21.000000 0.000000
85.000000 47.000000 0.000000 0.000000 21.000000 0.000000
85.000000 48.000000 0.000000 0.000000 21.000000 0.000000
85.000000 49.000000 0.000000 0.000000 21.000000 0.000000
86.000000 0.000000 0.000000 0.000000 21.000000 0.000000
86.000000 1.000000 0.000000 0.000000 21.000000 0.000000
86.000000 2.000000 0.000000 0.000000 20.473827 0.000000
86.000000 3.000000 0.000000 0.000000 15.001378 0.213516
86.000000 4.000000 1.000000 0.310051 0.000000 1.000000
86.000000 5.000000 1.000000 1.000000 0.000000 1.000000
86.000000 6.000000 1.000000 0.483116 0.000000 1.000000
86.000000 7.000000 1.000000 0.000128 0.000000 0.952578
86.000000 8.000000 0.263818 0.000000 0.052273 0.323707
86.000000 9.000000 0.000000 0.000000 16.749020 0.044026
86.000000 10.000000 0.000000 0.000000 19.350485 0.000000
86.000000 11.000000 0.000000 0.000000 20.512894 0.000000
86.000000 12.000000 0.000000 0.000000 21.000000 0.000000
86.000000 13.000000 0.000000 0.000000 21.000000 0.000000
86.000000 14.000000 0.000000 0.000000 21.000000 0.000000
86.000000 15.000000 0.000000 0.000000 21.000000 0.000000
86.000000 16.000000 0.000000 0.000000 21.000000 0.000000
86.000000 17.000000 0.000000 0.000000 21.000000 0.000000
86.000000 18.000000 0.000000 0.000000 21.000000 0.000000
86.000000 19.000000 0.000000 0.000000 21.000000 0.000000
86.000000 20.000000 0.000000 0.000000 21.000000 0.000000
86.000000 21.000000 0.000000 0.000000 21.000000 0.000000
86.000000 22.000000 0.000000 0.000000 21.000000 0.000000
86.000000 23.000000 0.000000 0.000000 21.000000 0.000000
86.000000 24.000000 0.000000 0.000000 21.000000 0.000000
86.000000 25.000000 0.000000 0.000000 21.000000 0.000000
86.000000 26.000000 0.000000 0.000000 21.000000 0.000000
86.000000 27.000000 0.000000 0.000000 21.000000 0.000000
86.000000 28.000000 0.000000 0.000000 21.000000 0.000000
86.000000 29.000000 0.000000 0.000000 21.000000 0.000000
86.000000 30.000000 0.000000 0.000000 21.000000 0.000000
86.000000 31.000000 0.000000 0.000000 21.000000 0.000000
86.000000 32.000000 0.000000 0.000000 21.000000 0.000000
86.000000 33.000000 0.000000 0.000000 21.000000 0.000000
86.000000 34.000000 0.000000 0.000000 21.000000 0.000000
86.000000 35.000000 0.000000 0.000000 21.000000 0.000000
86.000000 36.000000 0.000000 0.000000 21.000000 0.000000
86.000000 37.000000 0.000000 0.000000 21.000000 0.000000
86.000000 38.000000 0.000000 0.000000 21.000000 0.000000
86.000000 39.000000 0.000000 0.000000 21.000000 0.000000
86.000000 40.000000 0.000000 0.000000 21.000000 0.000000
86.000000 41.000000 0.000000 0.000000 21.000000 0.000000
86.000000 42.000000 0.000000 0.000000 21.000000 0.000000
86.000000 43.000000 0.000000 0.000000 21.000000 0.000000
86.000000 44.000000 0.000000 0.000000 21.000000 0.000000
86.000000 45.000000 0.000000 0.000000 21.000000 0.000000
86.000000 46.000000 0.000000 0.000000 21.000000 0.000000
86.000000 47.000000 0.000000 0.000000 21.000000 0.000000
86.000000 48.000000 0.000000 0.000000 21.000000 0.000000
86.000000 49.000000 0.000000 0.000000 21.000000 0.000000
87.000000 0.000000 0.000000 0.000000 21.000000 0.000000
87.000000 1.000000 0.000000 0.000000 21.000000 0.000000
87.000000 2.000000 0.000000 0.000000 21.000000 0.000000
87.000000 3.000000 0.000000 0.000000 21.000000 0.000000
87.000000 4.000000 0.000000 0.000000 21.000000 0.000000
87.000000 5.000000 0.000000 0.000000 21.000000 0.000000
87.000000 6.000000 0.000000 0.000000 21.000000 0.000000
87.000000 7.000000 0.000000 0.000000 21.000000 0.000000
87.000000 8.000000 0.000000 0.000000 21.000000 0.000000
87.000000 9.000000 0.000000 0.000000 21.000000 0.000000
87.000000 10.000000 0.000000 0.000000 21.000000 0.000000
87.000000 11.000000 0.000000 0.000000 21.000000 0.000000
87.000000 12.000000 0.000000 0.000000 21.000000 0.000000
87.000000 13.000000 0.000000 0.000000 21.000000 0.000000
87.000000 14.000000 0.000000 0.000000 21.000000 0.000000
87.000000 15.000000 0.000000 0.000000 21.000000 0.000000
87.000000 16.000000 0.000000 0.000000 21.000000 0.000000
87.000000 17.000000 0.000000 0.000000 21.000000 0.000000
87.000000 18.000000 0.000000 0.000000 21.000000 0.000000
87.000000 19.000000 0.000000 0.000000 21.000000 0.000000
87.000000 20.000000 0.000000 0.000000 21.000000 0.000000
87.000000 21.000000 0.000000 0.000000 21.000000 0.000000
87.000000 22.000000 0.000000 0.000000 21.000000 0.000000
87.000000 23.000000 0.000000 0.000000 21.000000 0.000000
87.000000 24.000000 0.000000 0.000000 21.000000 0.000000
87.000000 25.000000 0.000000 0.000000 21.000000 0.000000
87.000000 26.000000 0.000000 0.000000 21.000000 0.000000
87.000000 27.000000 0.000000 0.000000 21.000000 0.000000
87.000000 28.000000 0.000000 0.000000 21.000000 0.000000
87.000000 29.000000 0.000000 0.000000 21.000000 0.000000
87.000000 30.000000 0.000000 0.000000 21.000000 0.000000
87.000000 31.000000 0.000000 0.000000 21.000000 0.000000
87.000000 32.000000 0.000000 0.000000 21.000000 0.000000
87.000000 33.000000 0.000000 0.000000 21.000000 0.000000
87.000000 34.000000 0.000000 0.000000 21.000000 0.000000
87.000000 35.000000 0.000000 0.000000 21.000000 0.000000
87.000000 36.000000 0.000000 0.000000 21.000000 0.000000
87.000000 37.000000 0.000000 0.000000 21.000000 0.000000
87.000000 38.000000 0.000000 0.000000 21.000000 0.000000
87.000000 39.000000 0.000000 0.000000 21.000000 0.000000
87.000000 40.000000 0.000000 0.000000 21.000000 0.000000
87.000000 41.000000 0.000000 0.000000 21.000000 0.000000
87.000000 42.000000 0.000000 0.000000 21.000000 0.000000
87.000000 43.000000 0.000000 0.000000 21.000000 0.000000
87.000000 44.000000 0.000000 0.000000 21.000000 0.000000
87.000000 45.000000 0.000000 0.000000 21.000000 0.000000
87.000000 46.000000 0.000000 0.000000 21.000000 0.000000
87.000000 47.000000 0.000000 0.000000 21.000000 0.000000
87.000000 48.000000 0.000000 0.000000 21.000000 0.000000
87.000000 49.000000 0.000000 0.000000 21.000000 0.000000
88.000000 0.000000 0.000000 0.000000 21.000000 0.000000
88.000000 1.000000 0.000000 0.000000 21.000000 0.000000
88.000000 2.000000 0.000000 0.000000 21.000000 0.000000
88.000000 3.000000 0.000000 0.000000 21.000000 0.000000
88.000000 4.000000 0.000000 0.000000 18.964382 0.000000
88.000000 5.000000 0.472134 0.000000 7.588592 0.681976
88.000000 6.000000 1.000000 0.719953 0.000000 1.000000
88.000000 7.000000 1.000000 0.831360 0.000000 1.000000
88.000000 8.000000 1.000000 0.326752 0.000000 1.000000
88.000000 9.000000 0.765404 0.000000 0.000000 0.674407
88.000000 10.000000 0.000000 0.000000 7.897199 0.133935
88.000000 11.000000 0.000000 0.000000 17.013304 0.033306
88.000000 12.000000 0.000000 0.000000 18.380173 0.000000
88.000000 13.000000 0.000000 0.000000 19.473083 0.000000
88.000000 14.000000 0.000000 0.000000 19.825750 0.000000
88.000000 15.000000 0.000000 0.000000 19.743238 0.000000
88.000000 16.000000 0.000000 0.000000 19.987164 0.000000
88.000000 17.000000 0.000000 0.000000 20.720764 0.000000
88.000000 18.000000 0.000000 0.000000 20.928095 0.000000
88.000000 19.000000 0.000000 0.000000 21.000000 0.000000
88.000000 20.000000 0.000000 0.000000 21.000000 0.000000
88.000000 21.000000 0.000000 0.000000 21.000000 0.000000
88.000000 22.000000 0.000000 0.000000 21.000000 0.000000
88.000000 23.000000 0.000000 0.000000 21.000000 0.000000
88.000000 24.000000 0.000000 0.000000 21.000000 0.000000
88.000000 25.000000 0.000000 0.000000 21.000000 0.000000
88.000000 26.000000 0.000000 0.000000 21.000000 0.000000
88.000000 27.000000 0.000000 0.000000 21.000000 0.000000
88.000000 28.000000 0.000000 0.000000 21.000000 0.000000
88.000000 29.000000 0.000000 0.000000 21.000000 0.000000
88.000000 30.000000 0.000000 0.000000 21.000000 0.000000
88.000000 31.000000 0.000000 0.000000 21.000000 0.000000
88.000000 32.000000 0.000000 0.000000 21.000000 0.000000
88.000000 33.000000 0.000000 0.000000 21.000000 0.000000
88.000000 34.000000 0.000000 0.000000 21.000000 0.000000
88.000000 35.000000 0.000000 0.000000 21.000000 0.000000
88.000000 36.000000 0.000000 0.000000 21.000000 0.000000
88.000000 37.000000 0.000000 0.000000 21.000000 0.000000
88.000000 38.000000 0.000000 0.000000 21.000000 0.000000
88.000000 39.000000 0.000000 0.000000 21.000000 0.000000
88.000000 40.000000 0.000000 0.000000 21.000000 0.000000
88.000000 41.000000 0.000000 0.000000 21.000000 0.000000
88.000000 42.000000 0.000000 0.000000 21.000000 0.000000
88.000000 43.000000 0.000000 0.000000 21.000000 0.000000
88.000000 44.000000 0.000000 0.000000 21.000000 0.000000
88.000000 45.000000 0.000000 0.000000 21.000000 0.000000
88.000000 46.000000 0.000000 0.000000 21.000000 0.000000
88.000000 47.000000 0.000000 0.000000 21.000000 0.000000
88.000000 48.000000 0.000000 0.000000 21.000000 0.000000
88.000000 49.000000 0.000000 0.000000 21.000000 0.000000
89.000000 0.000000 0.000000 0.000000 21.000000 0.000000
89.000000 1.000000 0.000000 0.000000 21.000000 0.000000
89.000000 2.000000 0.000000 0.000000 21.000000 0.000000
89.000000 3.000000 0.000000 0.000000 21.000000 0.000000
89.000000 4.000000 0.000000 0.000000 21.000000 0.000000
89.000000 5.000000 0.000000 0.000000 21.000000 0.000000
89.000000 6.000000 0.000000 0.000000 21.000000 0.000000
89.000000 7.000000 0.000000 0.000000 21.000000 0.000000
89.000000 8.000000 0.000000 0.000000 21.000000 0.000000
89.000000 9.000000 0.000000 0.000000 21.000000 0.000000
89.000000 10.000000 0.000000 0.000000 21.000000 0.000000
89.000000 11.000000 0.000000 0.000000 21.000000 0.000000
89.000000 12.000000 0.000000 0.000000 21.000000 0.000000
89.000000 13.000000 0.000000 0.000000 21.000000 0.000000
89.000000 14.000000 0.000000 0.000000 21.000000 0.000000
89.000000 15.000000 0.000000 0.000000 21.000000 0.000000
89.000000 16.000000 0.000000 0.000000 21.000000 0.000000
89.000000 17.000000 0.000000 0.000000 21.000000 0.000000
89.000000 18.000000 0.000000 0.000000 21.000000 0.000000
89.000000 19.000000 0.000000 0.000000 21.000000 0.000000
89.000000 20.000000 0.000000 0.000000 21.000000 0.000000
89.000000 21.000000 0.000000 0.000000 21.000000 0.000000
89.000000 22.000000 0.000000 0.000000 21.000000 0.000000
89.000000 23.000000 0.000000 0.000000 21.000000 0.000000
89.000000 24.000000 0.000000 0.000000 21.000000 0.000000
89.000000 25.000000 0.000000 0.000000 21.000000 0.000000
89.000000 26.000000 0.000000 0.000000 21.000000 0.000000
89.000000 27.000000 0.000000 0.000000 21.000000 0.000000
89.000000 28.000000 0.000000 0.000000 21.000000 0.000000
89.000000 29.000000 0.000000 0.000000 21.000000 0.000000
89.000000 30.000000 0.000000 0.000000 21.000000 0.000000
89.000000 31.000000 0.000000 0.000000 21.000000 0.000000
89.000000 32.000000 0.000000 0.000000 21.000000 0.000000
89.000000 33.000000 0.000000 0.000000 21.000000 0.000000
89.000000 34.000000 0.000000 0.000000 21.000000 0.000000
89.000000 35.000000 0.000000 0.000000 21.000000 0.000000
89.000000 36.000000 0.000000 0.000000 21.000000 0.000000
89.000000 37.000000 0.000000 0.000000 21.000000 0.000000
89.000000 38.000000 0.000000 0.000000 21.000000 0.000000
89.000000 39.000000 0.000000 0.000000 21.000000 0.000000
89.000000 40.000000 0.000000 0.000000 21.000000 0.000000
89.000000 41.000000 0.000000 0.000000 21.000000 0.000000
89.000000 42.000000 0.000000 0.000000 21.000000 0.000000
89.000000 43.000000 0.000000 0.000000 21.000000 0.000000
89.000000 44.000000 0.000000 0.000000 21.000000 0.000000
89.000000 45.000000 0.000000 0.000000 21.000000 0.000000
89.000000 46.000000 0.000000 0.000000 21.000000 0.000000
89.000000 47.000000 0.000000 0.000000 21.000000 0.000000
89.000000 48.000000 0.000000 0.000000 21.000000 0.000000
89.000000 49.000000 0.000000 0.000000 21.000000 0.000000
90.000000 0.000000 0.000000 0.000000 21.000000 0.000000
90.000000 1.000000 0.000000 0.000000 21.000000 0.000000
90.000000 2.000000 0.000000 0.000000 21.000000 0.000000
90.000000 3.000000 0.000000 0.000000 21.000000 0.000000
90.000000 4.000000 0.000000 0.000000 21.000000 0.000000
90.000000 5.000000 0.000000 0.000000 21.000000 0.000000
90.000000 6.000000 0.000000 0.000000 21.000000 0.000000
90.000000 7.000000 0.000000 0.000000 21.000000 0.000000
90.000000 8.000000 0.000000 0.000000 21.000000 0.000000
90.000000 9.000000 0.000000 0.000000 21.000000 0.000000
90.000000 10.000000 0.000000 0.000000 21.000000 0.000000
90.000000 11.000000 0.000000 0.000000 21.000000 0.000000
90.000000 12.000000 0.000000 0.000000 21.000000 0.000000
90.000000 13.000000 0.000000 0.000000 21.000000 0.000000
90.000000 14.000000 0.000000 0.000000 21.000000 0.000000
90.000000 15.000000 0.000000 0.000000 21.000000 0.000000
90.000000 16.000000 0.000000 0.000000 21.000000 0.000000
90.000000 17.000000 0.000000 0.000000 21.000000 0.000000
90.000000 18.000000 0.000000 0.000000 21.000000 0.000000
90.000000 19.000000 0.000000 0.000000 21.000000 0.000000
90.000000 20.000000 0.000000 0.000000 21.000000 0.000000
90.000000 21.000000 0.000000 0.000000 21.000000 0.000000
90.000000 22.000000 0.000000 0.000000 21.000000 0.000000
90.000000 23.000000 0.000000 0.000000 21.000000 0.000000
90.000000 24.000000 0.000000 0.000000 21.000000 0.000000
90.000000 25.000000 0.000000 0.000000 21.000000 0.000000
90.000000 26.000000 0.000000 0.000000 21.000000 0.000000
90.000000 27.000000 0.000000 0.000000 21.000000 0.000000
90.000000 28.000000 0.000000 0.000000 21.000000 0.000000
90.000000 29.000000 0.000000 0.000000 21.000000 0.000000
90.000000 30.000000 0.000000 0.000000 21.000000 0.000000
90.000000 31.000000 0.000000 0.000000 21.000000 0.000000
90.000000 32.000000 0.000000 0.000000 21.000000 0.000000
90.000000 33.000000 0.000000 0.000000 21.000000 0.000000
90.000000 34.000000 0.000000 0.000000 21.000000 0.000000
90.000000 35.000000 0.000000 0.000000 21.000000 0.000000
90.000000 36.000000 0.000000 0.000000 21.000000 0.000000
90.000000 37.000000 0.000000 0.000000 21.000000 0.000000
90.000000 38.000000 0.000000 0.000000 21.000000 0.000000
90.000000 39.000000 0.000000 0.000000 21.000000 0.000000
90.000000 40.000000 0.000000 0.000000 21.000000 0.000000
90.000000 41.000000 0.000000 0.000000 21.000000 0.000000
90.000000 42.000000 0.000000 0.000000 21.000000 0.000000
90.000000 43.000000 0.000000 0.000000 21.000000 0.000000
90.000000 44.000000 0.000000 0.000000 21.000000 0.000000
90.000000 45.000000 0.000000 0.000000 21.000000 0.000000
90.000000 46.000000 0.000000 0.000000 21.000000 0.000000
90.000000 47.000000 0.000000 0.000000 21.000000 0.000000
90.000000 48.000000 0.000000 0.000000 21.000000 0.000000
90.000000 49.000000 0.000000 0.000000 21.000000 0.000000
91.000000 0.000000 0.000000 0.000000 21.000000 0.000000
91.000000 1.000000 0.000000 0.000000 21.000000 0.000000
91.000000 2.000000 0.000000 0.000000 21.000000 0.000000
91.000000 3.000000 0.000000 0.000000 21.000000 0.000000
91.000000 4.000000 0.000000 0.000000 21.000000 0.000000
91.000000 5.000000 0.000000 0.000000 21.000000 0.000000
91.000000 6.000000 0.000000 0.000000 20.073563 0.000000
91.000000 7.000000 1.000000 0.000000 0.000000 1.000000
91.000000 8.000000 1.000000 0.876818 0.000000 1.000000
91.000000 9.000000 1.000000 0.512367 0.000000 1.000000
91.000000 10.000000 1.000000 0.033694 0.000000 0.824045
91.000000 11.000000 0.320292 0.000000 0.000000 0.350843
91.000000 12.000000 0.080373 0.000000 13.247214 0.240336
91.000000 13.000000 0.766481 0.000000 21.000000 0.385745
91.000000 14.000000 0.000000 0.000000 17.405563 0.017448
91.000000 15.000000 0.000000 0.000000 17.737383 0.031050
91.000000 16.000000 0.000000 0.000000 19.074310 0.000000
91.000000 17.000000 0.000000 0.000000 19.177120 0.000000
91.000000 18.000000 0.000000 0.000000 20.085930 0.000000
91.000000 19.000000 0.000000 0.000000 20.417364 0.000000
91.000000 20.000000 0.000000 0.000000 20.691114 0.000000
91.000000 21.000000 0.000000 0.000000 21.000000 0.000000
91.000000 22.000000 0.000000 0.000000 21.000000 0.000000
91.000000 23.000000 0.000000 0.000000 21.000000 0.000000
91.000000 24.000000 0.000000 0.000000 21.000000 0.000000
91.000000 25.000000 0.000000 0.000000 21.000000 0.000000
91.000000 26.000000 0.000000 0.000000 21.000000 0.000000
91.000000 27.000000 0.000000 0.000000 21.000000 0.000000
91.000000 28.000000 0.000000 0.000000 21.000000 0.000000
91.000000 29.000000 0.000000 0.000000 21.000000 0.000000
91.000000 30.000000 0.000000 0.000000 21.000000 0.000000
91.000000 31.000000 0.000000 0.000000 21.000000 0.000000
91.000000 32.000000 0.000000 0.000000 21.000000 0.000000
91.000000 33.000000 0.000000 0.000000 21.000000 0.000000
91.000000 34.000000 0.000000 0.000000 21.000000 0.000000
91.000000 35.000000 0.000000 0.000000 21.000000 0.000000
91.000000 36.000000 0.000000 0.000000 21.000000 0.000000
91.000000 37.000000 0.000000 0.000000 21.000000 0.000000
91.000000 38.000000 0.000000 0.000000 21.000000 0.000000
91.000000 39.000000 0.000000 0.000000 21.000000 0.000000
91.000000 40.000000 0.000000 0.000000 21.000000 0.000000
91.000000 41.000000 0.000000 0.000000 21.000000 0.000000
91.000000 42.000000 0.000000 0.000000 21.000000 0.000000
91.000000 43.000000 0.000000 0.000000 21.000000 0.000000
91.000000 44.000000 0.000000 0.000000 21.000000 0.000000
91.000000 45.000000 0.000000 0.000000 21.000000 0.000000
91.000000 46.000000 0.000000 0.000000 21.000000 0.000000
91.000000 47.000000 0.000000 0.000000 21.000000 0.000000
91.000000 48.000000 0.000000 0.000000 21.000000 0.000000
91.000000 49.000000 0.000000 0.000000 21.000000 0.000000
92.000000 0.000000 0.000000 0.000000 21.000000 0.000000
92.000000 1.000000 0.000000 0.000000 21.000000 0.000000
92.000000 2.000000 0.000000 0.000000 21.000000 0.000000
92.000000 3.000000 0.000000 0.000000 21.000000 0.000000
92.000000 4.000000 0.000000 0.000000 21.000000 0.000000
92.000000 5.000000 0.000000 0.000000 21.000000 0.000000
92.000000 6.000000 0.000000 0.000000 21.000000 0.000000
92.000000 7.000000 0.000000 0.000000 21.000000 0.000000
92.000000 8.000000 0.000000 0.000000 21.000000 0.000000
92.000000 9.000000 0.000000 0.000000 21.000000 0.000000
92.000000 10.000000 0.000000 0.000000 21.000000 0.000000
92.000000 11.000000 0.000000 0.000000 21.000000 0.000000
92.000000 12.000000 0.000000 0.000000 21.000000 0.000000
92.000000 13.000000 0.000000 0.000000 21.000000 0.000000
92.000000 14.000000 0.000000 0.000000 21.000000 0.000000
92.000000 15.000000 0.000000 0.000000 21.000000 0.000000
92.000000 16.000000 0.000000 0.000000 21.000000 0.000000
92.000000 17.000000 0.000000 0.000000 21.000000 0.000000
92.000000 18.000000 0.000000 0.000000 21.000000 0.000000
92.000000 19.000000 0.000000 0.000000 21.000000 0.000000
92.000000 20.000000 0.000000 0.000000 21.000000 0.000000
92.000000 21.000000 0.000000 0.000000 21.000000 0.000000
92.000000 22.000000 0.000000 0.000000 21.000000 0.000000
92.000000 23.000000 0.000000 0.000000 21.000000 0.000000
92.000000 24.000000 0.000000 0.000000 21.000000 0.000000
92.000000 25.000000 0.000000 0.000000 21.000000 0.000000
92.000000 26.000000 0.000000 0.000000 21.000000 0.000000
92.000000 27.000000 0.000000 0.000000 21.000000 0.000000
92.000000 28.000000 0.000000 0.000000 21.000000 0.000000
92.000000 29.000000 0.000000 0.000000 21.000000 0.000000
92.000000 30.000000 0.000000 0.000000 21.000000 0.000000
92.000000 31.000000 0.000000 0.000000 21.000000 0.000000
92.000000 32.000000 0.000000 0.000000 21.000000 0.000000
92.000000 33.000000 0.000000 0.000000 21.000000 0.000000
92.000000 34.000000 0.000000 0.000000 21.000000 0.000000
92.000000 35.000000 0.000000 0.000000 21.000000 0.000000
92.000000 36.000000 0.000000 0.000000 21.000000 0.000000
92.000000 37.000000 0.000000 0.000000 21.000000 0.000000
92.000000 38.000000 0.000000 0.000000 21.000000 0.000000
92.000000 39.000000 0.000000 0.000000 21.000000 0.000000
92.000000 40.000000 0.000000 0.000000 21.000000 0.000000
92.000000 41.000000 0.000000 0.000000 21.000000 0.000000
92.000000 42.000000 0.000000 0.000000 21.000000 0.000000
92.000000 43.000000 0.000000 0.000000 21.000000 0.000000
92.000000 44.000000 0.000000 0.000000 21.000000 0.000000
92.000000 45.000000 0.000000 0.000000 21.000000 0.000000
92.000000 46.000000 0.000000 0.000000 21.000000 0.000000
92.000000 47.000000 0.000000 0.000000 21.000000 0.000000
92.000000 48.000000 0.000000 0.000000 21.000000 0.000000
92.000000 49.000000 0.000000 0.000000 21.000000 0.000000
93.000000 0.000000 0.000000 0.000000 21.000000 0.000000
93.000000 1.000000 0.000000 0.000000 21.000000 0.000000
93.000000 2.000000 0.000000 0.000000 21.000000 0.000000
93.000000 3.000000 0.000000 0.000000 21.000000 0.000000
93.000000 4.000000 0.000000 0.000000 21.000000 0.000000
93.000000 5.000000 0.000000 0.000000 20.546331 0.000000
93.000000 6.000000 0.000000 0.000000 17.192068 0.074576
93.000000 7.000000 1.000000 0.391887 0.000000 1.000000
93.000000 8.000000 1.000000 1.000000 0.000000 1.000000
93.000000 9.000000 1.000000 0.433530 0.000000 1.000000
93.000000 10.000000 1.000000 0.000000 0.000000 0.894351
93.000000 11.000000 0.159789 0.000000 1.896909 0.252462
93.000000 12.000000 0.304883 0.000000 18.021584 0.242678
93.000000 13.000000 0.031648 0.000000 19.569803 0.118272
93.000000 14.000000 0.000000 0.000000 17.977032 0.008192
93.000000 15.000000 0.000000 0.000000 19.237522 0.000000
93.000000 16.000000 0.000000 0.000000 19.641064 0.000000
93.000000 17.000000 0.000000 0.000000 20.387075 0.000000
93.000000 18.000000 0.000000 0.000000 20.657909 0.000000
93.000000 19.000000 0.000000 0.000000 20.966753 0.000000
93.000000 20.000000 0.000000 0.000000 21.000000 0.000000
93.000000 21.000000 0.000000 0.000000 21.000000 0.000000
93.000000 22.000000 0.000000 0.000000 21.000000 0.000000
93.000000 23.000000 0.000000 0.000000 21.000000 0.000000
93.000000 24.000000 0.000000 0.000000 21.000000 0.000000
93.000000 25.000000 0.000000 0.000000 21.000000 0.000000
93.000000 26.000000 0.000000 0.000000 21.000000 0.000000
93.000000 27.000000 0.000000 0.000000 21.000000 0.000000
93.000000 28.000000 0.000000 0.000000 21.000000 0.000000
93.000000 29.000000 0.000000 0.000000 21.000000 0.000000
93.000000 30.000000 0.000000 0.000000 21.000000 0.000000
93.000000 31.000000 0.000000 0.000000 21.000000 0.000000
93.000000 32.000000 0.000000 0.000000 21.000000 0.000000
93.000000 33.000000 0.000000 0.000000 21.000000 0.000000
93.000000 34.000000 0.000000 0.000000 21.000000 0.000000
93.000000 35.000000 0.000000 0.000000 21.000000 0.000000
93.000000 36.000000 0.000000 0.000000 21.000000 0.000000
93.000000 37.000000 0.000000 0.000000 21.000000 0.000000
93.000000 38.000000 0.000000 0.000000 21.000000 0.000000
93.000000 39.000000 0.000000 0.000000 21.000000 0.000000
93.000000 40.000000 0.000000 0.000000 21.000000 0.000000
93.000000 41.000000 0.000000 0.000000 21.000000 0.000000
93.000000 42.000000 0.000000 0.000000 21.000000 0.000000
93.000000 43.000000 0.000000 0.000000 21.000000 0.000000
93.000000 44.000000 0.000000 0.000000 21.000000 0.000000
93.000000 45.000000 0.000000 0.000000 21.000000 0.000000
93.000000 46.000000 0.000000 0.000000 21.000000 0.000000
93.000000 47.000000 0.000000 0.000000 21.000000 0.000000
93.000000 48.000000 0.000000 0.000000 21.000000 0.000000
93.000000 49.000000 0.000000 0.000000 21.000000 0.000000
94.000000 0.000000 0.000000 0.000000 21.000000 0.000000
94.000000 1.000000 0.000000 0.000000 21.000000 0.000000
94.000000 2.000000 0.000000 0.000000 21.000000 0.000000
94.000000 3.000000 0.000000 0.000000 21.000000 0.000000
94.000000 4.000000 0.000000 0.000000 21.000000 0.000000
94.000000 5.000000 0.000000 0.000000 21.000000 0.000000
94.000000 6.000000 0.000000 0.000000 21.000000 0.000000
94.000000 7.000000 0.000000 0.000000 21.000000 0.000000
94.000000 8.000000 0.000000 0.000000 21.000000 0.000000
94.000000 9.000000 0.000000 0.000000 21.000000 0.000000
94.000000 10.000000 0.000000 0.000000 21.000000 0.000000
94.000000 11.000000 0.000000 0.000000 21.000000 0.000000
94.000000 12.000000 0.000000 0.000000 21.000000 0.000000
94.000000 13.000000 0.000000 0.000000 21.000000 0.000000
94.000000 14.000000 0.000000 0.000000 21.000000 0.000000
94.000000 15.000000 0.000000 0.000000 21.000000 0.000000
94.000000 16.000000 0.000000 0.000000 21.000000 0.000000
94.000000 17.000000 0.000000 0.000000 21.000000 0.000000
94.000000 18.000000 0.000000 0.000000 21.000000 0.000000
94.000000 19.000000 0.000000 0.000000 21.000000 0.000000
94.000000 20.000000 0.000000 0.000000 21.000000 0.000000
94.000000 21.000000 0.000000 0.000000 21.000000 0.000000
94.000000 22.000000 0.000000 0.000000 21.000000 0.000000
94.000000 23.000000 0.000000 0.000000 21.000000 0.000000
94.000000 24.000000 0.000000 0.000000 21.000000 0.000000
94.000000 25.000000 0.000000 0.000000 21.000000 0.000000
94.000000 26.000000 0.000000 0.000000 21.000000 0.000000
94.000000 27.000000 0.000000 0.000000 21.000000 0.000000
94.000000 28.000000 0.000000 0.000000 21.000000 0.000000
94.000000 29.000000 0.000000 0.000000 21.000000 0.000000
94.000000 30.000000 0.000000 0.000000 21.000000 0.000000
94.000000 31.000000 0.000000 0.000000 21.000000 0.000000
94.000000 32.000000 0.000000 0.000000 21.000000 0.000000
94.000000 33.000000 0.000000 0.000000 21.000000 0.000000
94.000000 34.000000 0.000000 0.000000 21.000000 0.000000
94.000000 35.000000 0.000000 0.000000 21.000000 0.000000
94.000000 36.000000 0.000000 0.000000 21.000000 0.000000
94.000000 37.000000 0.000000 0.000000 21.000000 0.000000
94.000000 38.000000 0.000000 0.000000 21.000000 0.000000
94.000000 39.000000 0.000000 0.000000 21.000000 0.000000
94.000000 40.000000 0.000000 0.000000 21.000000 0.000000
94.000000 41.000000 0.000000 0.000000 21.000000 0.000000
94.000000 42.000000 0.000000 0.000000 21.000000 0.000000
94.000000 43.000000 0.000000 0.000000 21.000000 0.000000
94.000000 44.000000 0.000000 0.000000 21.000000 0.000000
94.000000 45.000000 0.000000 0.000000 21.000000 0.000000
94.000000 46.000000 0.000000 0.000000 21.000000 0.000000
94.000000 47.000000 0.000000 0.000000 21.000000 0.000000
94.000000 48.000000 0.000000 0.000000 21.000000 0.000000
94.000000 49.000000 0.000000 0.000000 21.000000 0.000000
95.000000 0.000000 0.000000 0.000000 21.000000 0.000000
95.000000 1.000000 0.000000 0.000000 21.000000 0.000000
95.000000 2.000000 0.000000 0.000000 21.000000 0.000000
95.000000 3.000000 0.000000 0.000000 21.000000 0.000000
95.000000 4.000000 0.000000 0.000000 21.000000 0.000000
95.000000 5.000000 0.000000 0.000000 21.000000 0.000000
95.000000 6.000000 0.000000 0.000000 21.000000 0.000000
95.000000 7.000000 0.000000 0.000000 21.000000 0.000000
95.000000 8.000000 0.000000 0.000000 21.000000 0.000000
95.000000 9.000000 0.000000 0.000000 21.000000 0.000000
95.000000 10.000000 0.000000 0.000000 21.000000 0.000000
95.000000 11.000000 0.000000 0.000000 21.000000 0.000000
95.000000 12.000000 0.000000 0.000000 21.000000 0.000000
95.000000 13.000000 0.000000 0.000000 21.000000 0.000000
95.000000 14.000000 0.000000 0.000000 21.000000 0.000000
95.000000 15.000000 0.000000 0.000000 21.000000 0.000000
95.000000 16.000000 0.000000 0.000000 21.000000 0.000000
95.000000 17.000000 0.000000 0.000000 21.000000 0.000000
95.000000 18.000000 0.000000 0.000000 21.000000 0.000000
95.000000 19.000000 0.000000 0.000000 21.000000 0.000000
95.000000 20.000000 0.000000 0.000000 21.000000 0.000000
95.000000 21.000000 0.000000 0.000000 21.000000 0.000000
95.000000 22.000000 0.000000 0.000000 21.000000 0.000000
95.000000 23.000000 0.000000 0.000000 21.000000 0.000000
95.000000 24.000000 0.000000 0.000000 21.000000 0.000000
95.000000 25.000000 0.000000 0.000000 21.000000 0.000000
95.000000 26.000000 0.000000 0.000000 21.000000 0.000000
95.000000 27.000000 0.000000 0.000000 21.000000 0.000000
95.000000 28.000000 0.000000 0.000000 21.000000 0.000000
95.000000 29.000000 0.000000 0.000000 21.000000 0.000000
95.000000 30.000000 0.000000 0.000000 21.000000 0.000000
95.000000 31.000000 0.000000 0.000000 21.000000 0.000000
95.000000 32.000000 0.000000 0.000000 21.000000 0.000000
95.000000 33.000000 0.000000 0.000000 21.000000 0.000000
95.000000 34.000000 0.000000 0.000000 21.000000 0.000000
95.000000 35.000000 0.000000 0.000000 21.000000 0.000000
95.000000 36.000000 0.000000 0.000000 21.000000 0.000000
95.000000 37.000000 0.000000 0.000000 21.000000 0.000000
95.000000 38.000000 0.000000 0.000000 21.000000 0.000000
95.000000 39.000000 0.000000 0.000000 21.000000 0.000000
95.000000 40.000000 0.000000 0.000000 21.000000 0.000000
95.000000 41.000000 0.000000 0.000000 21.000000 0.000000
95.000000 42.000000 0.000000 0.000000 21.000000 0.000000
95.000000 43.000000 0.000000 0.000000 21.000000 0.000000
95.000000 44.000000 0.000000 0.000000 21.000000 0.000000
95.000000 45.000000 0.000000 0.000000 21.000000 0.000000
95.000000 46.000000 0.000000 0.000000 21.000000 0.000000
95.000000 47.000000 0.000000 0.000000 21.000000 0.000000
95.000000 48.000000 0.000000 0.000000 21.000000 0.000000
95.000000 49.000000 0.000000 0.000000 21.000000 0.000000
96.000000 0.000000 0.000000 0.000000 21.000000 0.000000
96.000000 1.000000 0.000000 0.000000 21.000000 0.000000
96.000000 2.000000 0.000000 0.000000 21.000000 0.000000
96.000000 3.000000 0.000000 0.000000 21.000000 0.000000
96.000000 4.000000 0.000000 0.000000 21.000000 0.000000
96.000000 5.000000 0.000000 0.000000 21.000000 0.000000
96.000000 6.000000 0.000000 0.000000 21.000000 0.000000
96.000000 7.000000 0.000000 0.000000 21.000000 0.000000
96.000000 8.000000 0.000000 0.000000 21.000000 0.000000
96.000000 9.000000 0.000000 0.000000 21.000000 0.000000
96.000000 10.000000 0.000000 0.000000 21.000000 0.000000
96.000000 11.000000 0.000000 0.000000 21.000000 0.000000
96.000000 12.000000 0.000000 0.000000 21.000000 0.000000
96.000000 13.000000 0.000000 0.000000 21.000000 0.000000
96.000000 14.000000 0.000000 0.000000 21.000000 0.000000
96.000000 15.000000 0.000000 0.000000 21.000000 0.000000
96.000000 16.000000 0.000000 0.000000 21.000000 0.000000
96.000000 17.000000 0.000000 0.000000 21.000000 0.000000
96.000000 18.000000 0.000000 0.000000 21.000000 0.000000
96.000000 19.000000 0.000000 0.000000 21.000000 0.000000
96.000000 20.000000 0.000000 0.000000 21.000000 0.000000
96.000000 21.000000 0.000000 0.000000 21.000000 0.000000
96.000000 22.000000 0.000000 0.000000 21.000000 0.000000
96.000000 23.000000 0.000000 0.000000 21.000000 0.000000
96.000000 24.000000 0.000000 0.000000 21.000000 0.000000
96.000000 25.000000 0.000000 0.000000 21.000000 0.000000
96.000000 26.000000 0.000000 0.000000 21.000000 0.000000
96.000000 27.000000 0.000000 0.000000 21.000000 0.000000
96.000000 28.000000 0.000000 0.000000 21.000000 0.000000
96.000000 29.000000 0.000000 0.000000 21.000000 0.000000
96.000000 30.000000 0.000000 0.000000 21.000000 0.000000
96.000000 31.000000 0.000000 0.000000 21.000000 0.000000
96.000000 32.000000 0.000000 0.000000 21.000000 0.000000
96.000000 33.000000 0.000000 0.000000 21.000000 0.000000
96.000000 34.000000 0.000000 0.000000 21.000000 0.000000
96.000000 35.000000 0.000000 0.000000 21.000000 0.000000
96.000000 36.000000 0.000000 0.000000 21.000000 0.000000
96.000000 37.000000 0.000000 0.000000 21.000000 0.000000
96.000000 38.000000 0.000000 0.000000 21.000000 0.000000
96.000000 39.000000 0.000000 0.000000 21.000000 0.000000
96.000000 40.000000 0.000000 0.000000 21.000000 0.000000
96.000000 41.000000 0.000000 0.000000 21.000000 0.000000
96.000000 42.000000 0.000000 0.000000 21.000000 0.000000
96.000000 43.000000 0.000000 0.000000 21.000000 0.000000
96.000000 44.000000 0.000000 0.000000 21.000000 0.000000
96.000000 45.000000 0.000000 0.000000 21.000000 0.000000
96.000000 46.000000 0.000000 0.000000 21.000000 0.000000
96.000000 47.000000 0.000000 0.000000 21.000000 0.000000
96.000000 48.000000 0.000000 0.000000 21.000000 0.000000
96.000000 49.000000 0.000000 0.000000 21.000000 0.000000
97.000000 0.000000 0.000000 0.000000 21.000000 0.000000
97.000000 1.000000 0.000000 0.000000 21.000000 0.000000
97.000000 2.000000 0.000000 0.000000 21.000000 0.000000
97.000000 3.000000 0.000000 0.000000 21.000000 0.000000
97.000000 4.000000 0.000000 0.000000 21.000000 0.000000
97.000000 5.000000 0.000000 0.000000 21.000000 0.000000
97.000000 6.000000 0.000000 0.000000 21.000000 0.000000
97.000000 7.000000 0.000000 0.000000 21.000000 0.000000
97.000000 8.000000 0.000000 0.000000 21.000000 0.000000
97.000000 9.000000 0.000000 0.000000 21.000000 0.000000
97.000000 10.000000 0.000000 0.000000 21.000000 0.000000
97.000000 11.000000 0.000000 0.000000 21.000000 0.000000
97.000000 12.000000 0.000000 0.000000 21.000000 0.000000
97.000000 13.000000 0.000000 0.000000 21.000000 0.000000
97.000000 14.000000 0.000000 0.000000 21.000000 0.000000
97.000000 15.000000 0.000000 0.000000 21.000000 0.000000
97.000000 16.000000 0.000000 0.000000 21.000000 0.000000
97.000000 17.000000 0.000000 0.000000 21.000000 0.000000
97.000000 18.000000 0.000000 0.000000 21.000000 0.000000
97.000000 19.000000 0.000000 0.000000 21.000000 0.000000
97.000000 20.000000 0.000000 0.000000 21.000000 0.000000
97.000000 21.000000 0.000000 0.000000 21.000000 0.000000
97.000000 22.000000 0.000000 0.000000 21.000000 0.000000
97.000000 23.000000 0.000000 0.000000 21.000000 0.000000
97.000000 24.000000 0.000000 0.000000 21.000000 0.000000
97.000000 25.000000 0.000000 0.000000 21.000000 0.000000
97.000000 26.000000 0.000000 0.000000 21.000000 0.000000
97.000000 27.000000 0.000000 0.000000 21.000000 0.000000
97.000000 28.000000 0.000000 0.000000 21.000000 0.000000
97.000000 29.000000 0.000000 0.000000 21.000000 0.000000
97.000000 30.000000 0.000000 0.000000 21.000000 0.000000
97.000000 31.000000 0.000000 0.000000 21.000000 0.000000
97.000000 32.000000 0.000000 0.000000 21.000000 0.000000
97.000000 33.000000 0.000000 0.000000 21.000000 0.000000
97.000000 34.000000 0.000000 0.000000 21.000000 0.000000
97.000000 35.000000 0.000000 0.000000 21.000000 0.000000
97.000000 36.000000 0.000000 0.000000 21.000000 0.000000
97.000000 37.000000 0.000000 0.000000 21.000000 0.000000
97.000000 38.000000 0.000000 0.000000 21.000000 0.000000
97.000000 39.000000 0.000000 0.000000 21.000000 0.000000
97.000000 40.000000 0.000000 0.000000 21.000000 0.000000
97.000000 41.000000 0.000000 0.000000 21.000000 0.000000
97.000000 42.000000 0.000000 0.000000 21.000000 0.000000
97.000000 43.000000 0.000000 0.000000 21.000000 0.000000
97.000000 44.000000 0.000000 0.000000 21.000000 0.000000
97.000000 45.000000 0.000000 0.000000 21.000000 0.000000
97.000000 46.000000 0.000000 0.000000 21.000000 0.000000
97.000000 47.000000 0.000000 0.000000 21.000000 0.000000
97.000000 48.000000 0.000000 0.000000 21.000000 0.000000
97.000000 49.000000 0.000000 0.000000 21.000000 0.000000
98.000000 0.000000 0.000000 0.000000 21.000000 0.000000
98.000000 1.000000 0.000000 0.000000 21.000000 0.000000
98.000000 2.000000 0.000000 0.000000 21.000000 0.000000
98.000000 3.000000 0.000000 0.000000 21.000000 0.000000
98.000000 4.000000 0.000000 0.000000 21.000000 0.000000
98.000000 5.000000 0.000000 0.000000 21.000000 0.000000
98.000000 6.000000 0.000000 0.000000 21.000000 0.000000
98.000000 7.000000 0.000000 0.000000 21.000000 0.000000
98.000000 8.000000 0.000000 0.000000 21.000000 0.000000
98.000000 9.000000 0.000000 0.000000 21.000000 0.000000
98.000000 10.000000 0.000000 0.000000 21.000000 0.000000
98.000000 11.000000 0.000000 0.000000 21.000000 0.000000
98.000000 12.000000 0.000000 0.000000 21.000000 0.000000
98.000000 13.000000 0.000000 0.000000 21.000000 0.000000
98.000000 14.000000 0.000000 0.000000 21.000000 0.000000
98.000000 15.000000 0.000000 0.000000 21.000000 0.000000
98.000000 16.000000 0.000000 0.000000 21.000000 0.000000
98.000000 17.000000 0.000000 0.000000 21.000000 0.000000
98.000000 18.000000 0.000000 0.000000 21.000000 0.000000
98.000000 19.000000 0.000000 0.000000 21.000000 0.000000
98.000000 20.000000 0.000000 0.000000 21.000000 0.000000
98.000000 21.000000 0.000000 0.000000 21.000000 0.000000
98.000000 22.000000 0.000000 0.000000 21.000000 0.000000
98.000000 23.000000 0.000000 0.000000 21.000000 0.000000
98.000000 24.000000 0.000000 0.000000 21.000000 0.000000
98.000000 25.000000 0.000000 0.000000 21.000000 0.000000
98.000000 26.000000 0.000000 0.000000 21.000000 0.000000
98.000000 27.000000 0.000000 0.000000 21.000000 0.000000
98.000000 28.000000 0.000000 0.000000 21.000000 0.000000
98.000000 29.000000 0.000000 0.000000 21.000000 0.000000
98.000000 30.000000 0.000000 0.000000 21.000000 0.000000
98.000000 31.000000 0.000000 0.000000 21.000000 0.000000
98.000000 32.000000 0.000000 0.000000 21.000000 0.000000
98.000000 33.000000 0.000000 0.000000 21.000000 0.000000
98.000000 34.000000 0.000000 0.000000 21.000000 0.000000
98.000000 35.000000 0.000000 0.000000 21.000000 0.000000
98.000000 36.000000 0.000000 0.000000 21.000000 0.000000
98.000000 37.000000 0.000000 0.000000 21.000000 0.000000
98.000000 38.000000 0.000000 0.000000 21.000000 0.000000
98.000000 39.000000 0.000000 0.000000 21.000000 0.000000
98.000000 40.000000 0.000000 0.000000 21.000000 0.000000
98.000000 41.000000 0.000000 0.000000 21.000000 0.000000
98.000000 42.000000 0.000000 0.000000 21.000000 0.000000
98.000000 43.000000 0.000000 0.000000 21.000000 0.000000
98.000000 44.000000 0.000000 0.000000 21.000000 0.000000
98.000000 45.000000 0.000000 0.000000 21.000000 0.000000
98.000000 46.000000 0.000000 0.000000 21.000000 0.000000
98.000000 47.000000 0.000000 0.000000 21.000000 0.000000
98.000000 48.000000 0.000000 0.000000 21.000000 0.000000
98.000000 49.000000 0.000000 0.000000 21.000000 0.000000
99.000000 0.000000 0.000000 0.000000 21.000000 0.000000
99.000000 1.000000 0.000000 0.000000 21.000000 0.000000
99.000000 2.000000 0.000000 0.000000 21.000000 0.000000
99.000000 3.000000 0.000000 0.000000 21.000000 0.000000
99.000000 4.000000 0.000000 0.000000 21.000000 0.000000
99.000000 5.000000 0.000000 0.000000 21.000000 0.000000
99.000000 6.000000 0.000000 0.000000 21.000000 0.000000
99.000000 7.000000 0.000000 0.000000 21.000000 0.000000
99.000000 8.000000 0.000000 0.000000 21.000000 0.000000
99.000000 9.000000 0.000000 0.000000 21.000000 0.000000
99.000000 10.000000 0.000000 0.000000 21.000000 0.000000
99.000000 11.000000 0.000000 0.000000 21.000000 0.000000
99.000000 12.000000 0.000000 0.000000 21.000000 0.000000
99.000000 13.000000 0.000000 0.000000 21.000000 0.000000
99.000000 14.000000 0.000000 0.000000 21.000000 0.000000
99.000000 15.000000 0.000000 0.000000 21.000000 0.000000
99.000000 16.000000 0.000000 0.000000 21.000000 0.000000
99.000000 17.000000 0.000000 0.000000 21.000000 0.000000
99.000000 18.000000 0.000000 0.000000 21.000000 0.000000
99.000000 19.000000 0.000000 0.000000 21.000000 0.000000
99.000000 20.000000 0.000000 0.000000 21.000000 0.000000
99.000000 21.000000 0.000000 0.000000 21.000000 0.000000
99.000000 22.000000 0.000000 0.000000 21.000000 0.000000
99.000000 23.000000 0.000000 0.000000 21.000000 0.000000
99.000000 24.000000 0.000000 0.000000 21.000000 0.000000
99.000000 25.000000 0.000000 0.000000 21.000000 0.000000
99.000000 26.000000 0.000000 0.000000 21.000000 0.000000
99.000000 27.000000 0.000000 0.000000 21.000000 0.000000
99.000000 28.000000 0.000000 0.000000 21.000000 0.000000
99.000000 29.000000 0.000000 0.000000 21.000000 0.000000
99.000000 30.000000 0.000000 0.000000 21.000000 0.000000
99.000000 31.000000 0.000000 0.000000 21.000000 0.000000
99.000000 32.000000 0.000000 0.000000 21.000000 0.000000
99.000000 33.000000 0.000000 0.000000 21.000000 0.000000
99.000000 34.000000 0.000000 0.000000 21.000000 0.000000
99.000000 35.000000 0.000000 0.000000 21.000000 0.000000
99.000000 36.000000 0.000000 0.000000 21.000000 0.000000
99.000000 37.000000 0.000000 0.000000 21.000000 0.000000
99.000000 38.000000 0.000000 0.000000 21.000000 0.000000
99.000000 39.000000 0.000000 0.000000 21.000000 0.000000
99.000000 40.000000 0.000000 0.000000 21.000000 0.000000
99.000000 41.000000 0.000000 0.000000 21.000000 0.000000
99.000000 42.000000 0.000000 0.000000 21.000000 0.000000
99.000000 43.000000 0.000000 0.000000 21.000000 0.000000
99.000000 44.000000 0.000000 0.000000 21.000000 0.000000
99.000000 45.000000 0.000000 0.000000 21.000000 0.000000
99.000000 46.000000 0.000000 0.000000 21.000000 0.000000
99.000000 47.000000 0.000000 0.000000 21.000000 0.000000
99.000000 48.000000 0.000000 0.000000 21.000000 0.000000
99.000000 49.000000 0.000000 0.000000 21.000000 0.000000
