0.000000 0.000000 0.000000 0.000000 21.000000 0.000000
0.000000 1.000000 0.000000 0.000000 21.000000 0.000000
0.000000 2.000000 0.000000 0.000000 21.000000 0.000000
0.000000 3.000000 0.000000 0.000000 21.000000 0.000000
0.000000 4.000000 0.000000 0.000000 21.000000 0.000000
0.000000 5.000000 0.000000 0.000000 21.000000 0.000000
0.000000 6.000000 0.000000 0.000000 21.000000 0.000000
0.000000 7.000000 0.000000 0.000000 21.000000 0.000000
0.000000 8.000000 0.000000 0.000000 21.000000 0.000000
0.000000 9.000000 0.000000 0.000000 21.000000 0.000000
0.000000 10.000000 0.000000 0.000000 21.000000 0.000000
0.000000 11.000000 0.000000 0.000000 21.000000 0.000000
0.000000 12.000000 0.000000 0.000000 21.000000 0.000000
0.000000 13.000000 0.000000 0.000000 21.000000 0.000000
0.000000 14.000000 0.000000 0.000000 21.000000 0.000000
0.000000 15.000000 0.000000 0.000000 21.000000 0.000000
0.000000 16.000000 0.000000 0.000000 21.000000 0.000000
0.000000 17.000000 0.000000 0.000000 21.000000 0.000000
0.000000 18.000000 0.000000 0.000000 21.000000 0.000000
0.000000 19.000000 0.000000 0.000000 21.000000 0.000000
0.000000 20.000000 0.000000 0.000000 21.000000 0.000000
0.000000 21.000000 0.000000 0.000000 21.000000 0.000000
0.000000 22.000000 0.000000 0.000000 21.000000 0.000000
0.000000 23.000000 0.000000 0.000000 21.000000 0.000000
0.000000 24.000000 0.000000 0.000000 21.000000 0.000000
0.000000 25.000000 0.000000 0.000000 21.000000 0.000000
0.000000 26.000000 0.000000 0.000000 21.000000 0.000000
0.000000 27.000000 0.000000 0.000000 21.000000 0.000000
0.000000 28.000000 0.000000 0.000000 21.000000 0.000000
0.000000 29.000000 0.000000 0.000000 21.000000 0.000000
0.000000 30.000000 0.000000 0.000000 21.000000 0.000000
0.000000 31.000000 0.000000 0.000000 21.000000 0.000000
0.000000 32.000000 0.000000 0.000000 21.000000 0.000000
0.000000 33.000000 0.000000 0.000000 21.000000 0.000000
0.000000 34.000000 0.000000 0.000000 21.000000 0.000000
0.000000 35.000000 0.000000 0.000000 21.000000 0.000000
0.000000 36.000000 0.000000 0.000000 21.000000 0.000000
0.000000 37.000000 0.000000 0.000000 21.000000 0.000000
0.000000 38.000000 0.000000 0.000000 21.000000 0.000000
0.000000 39.000000 0.000000 0.000000 21.000000 0.000000
0.000000 40.000000 0.000000 0.000000 21.000000 0.000000
0.000000 41.000000 0.000000 0.000000 21.000000 0.000000
0.000000 42.000000 0.000000 0.000000 21.000000 0.000000
0.000000 43.000000 0.000000 0.000000 21.000000 0.000000
0.000000 44.000000 0.000000 0.000000 21.000000 0.000000
0.000000 45.000000 0.000000 0.000000 21.000000 0.000000
0.000000 46.000000 0.000000 0.000000 21.000000 0.000000
0.000000 47.000000 0.000000 0.000000 21.000000 0.000000
0.000000 48.000000 0.000000 0.000000 21.000000 0.000000
0.000000 49.000000 0.000000 0.000000 21.000000 0.000000
1.000000 0.000000 0.000000 0.000000 21.000000 0.000000
1.000000 1.000000 0.000000 0.000000 21.000000 0.000000
1.000000 2.000000 0.000000 0.000000 21.000000 0.000000
1.000000 3.000000 0.000000 0.000000 21.000000 0.000000
1.000000 4.000000 0.000000 0.000000 21.000000 0.000000
1.000000 5.000000 0.000000 0.000000 21.000000 0.000000
1.000000 6.000000 0.000000 0.000000 21.000000 0.000000
1.000000 7.000000 0.000000 0.000000 21.000000 0.000000
1.000000 8.000000 0.000000 0.000000 21.000000 0.000000
1.000000 9.000000 0.000000 0.000000 21.000000 0.000000
1.000000 10.000000 0.000000 0.000000 21.000000 0.000000
1.000000 11.000000 0.000000 0.000000 21.000000 0.000000
1.000000 12.000000 0.000000 0.000000 21.000000 0.000000
1.000000 13.000000 0.000000 0.000000 21.000000 0.008822
1.000000 14.000000 0.000000 0.000000 21.000000 0.022139
1.000000 15.000000 0.000000 0.000000 21.000000 0.069175
1.000000 16.000000 0.045867 0.000000 21.000000 0.144352
1.000000 17.000000 0.290974 0.000000 13.628555 0.391653
1.000000 18.000000 0.578192 0.000000 8.278563 0.607421
1.000000 19.000000 0.980419 0.000000 0.000000 0.944051
1.000000 20.000000 1.000000 0.761219 0.000000 1.000000
1.000000 21.000000 1.000000 0.870012 0.000000 1.000000
1.000000 22.000000 0.947823 0.637956 1.750082 0.881858
1.000000 23.000000 0.393430 0.000000 14.418413 0.418328
1.000000 24.000000 0.101759 0.000000 17.001671 0.252387
1.000000 25.000000 0.000000 0.000000 21.000000 0.060871
1.000000 26.000000 0.000000 0.000000 21.000000 0.036074
1.000000 27.000000 0.000000 0.000000 21.000000 0.035897
1.000000 28.000000 0.000000 0.000000 21.000000 0.040125
1.000000 29.000000 0.000000 0.000000 21.000000 0.043791
1.000000 30.000000 0.000000 0.000000 21.000000 0.046257
1.000000 31.000000 0.000000 0.000000 21.000000 0.053962
1.000000 32.000000 0.000000 0.000000 21.000000 0.045055
1.000000 33.000000 0.000000 0.000000 21.000000 0.060176
1.000000 34.000000 0.000000 0.000000 21.000000 0.074923
1.000000 35.000000 0.000000 0.000000 21.000000 0.097982
1.000000 36.000000 0.010537 0.000000 21.000000 0.113766
1.000000 37.000000 0.016725 0.000000 21.000000 0.119061
1.000000 38.000000 0.073581 0.000000 19.535915 0.191311
1.000000 39.000000 0.121440 0.000000 19.404297 0.212162
1.000000 40.000000 0.152207 0.000000 18.809978 0.235677
1.000000 41.000000 0.200927 0.000000 17.175798 0.286689
1.000000 42.000000 0.201582 0.000000 17.083391 0.288747
1.000000 43.000000 0.214335 0.000000 16.825714 0.298705
1.000000 44.000000 0.162064 0.000000 18.211010 0.251249
1.000000 45.000000 0.106415 0.000000 19.422941 0.205966
1.000000 46.000000 0.071452 0.000000 20.068974 0.179839
1.000000 47.000000 0.025974 0.000000 21.000000 0.138859
1.000000 48.000000 0.052834 0.000000 18.601427 0.201968
1.000000 49.000000 0.027966 0.000000 21.000000 0.128302
2.000000 0.000000 0.000000 0.000000 21.000000 0.000000
2.000000 1.000000 0.000000 0.000000 21.000000 0.000000
2.000000 2.000000 0.000000 0.000000 21.000000 0.000000
2.000000 3.000000 0.000000 0.000000 21.000000 0.000000
2.000000 4.000000 0.000000 0.000000 21.000000 0.000000
2.000000 5.000000 0.000000 0.000000 21.000000 0.000000
2.000000 6.000000 0.000000 0.000000 21.000000 0.000000
2.000000 7.000000 0.000000 0.000000 21.000000 0.000000
2.000000 8.000000 0.000000 0.000000 21.000000 0.000000
2.000000 9.000000 0.000000 0.000000 21.000000 0.000000
2.000000 10.000000 0.000000 0.000000 21.000000 0.000000
2.000000 11.000000 0.000000 0.000000 21.000000 0.005187
2.000000 12.000000 0.000000 0.000000 21.000000 0.010015
2.000000 13.000000 0.000000 0.000000 21.000000 0.012103
2.000000 14.000000 0.000000 0.000000 21.000000 0.019748
2.000000 15.000000 0.000000 0.000000 21.000000 0.040484
2.000000 16.000000 0.000000 0.000000 21.000000 0.099560
2.000000 17.000000 0.075353 0.000000 20.653982 0.169812
2.000000 18.000000 0.336656 0.000000 13.275869 0.415966
2.000000 19.000000 0.909851 0.000000 0.219209 0.894017
2.000000 20.000000 1.000000 0.774575 0.000000 1.000000
2.000000 21.000000 1.000000 1.000000 0.000000 1.000000
2.000000 22.000000 1.000000 0.827318 0.000000 1.000000
2.000000 23.000000 0.754556 0.508179 6.441706 0.715629
2.000000 24.000000 0.212338 0.000000 15.553297 0.323177
2.000000 25.000000 0.000000 0.000000 21.000000 0.098508
2.000000 26.000000 0.000000 0.000000 21.000000 0.032546
2.000000 27.000000 0.000000 0.000000 21.000000 0.017309
2.000000 28.000000 0.000000 0.000000 21.000000 0.025431
2.000000 29.000000 0.000000 0.000000 21.000000 0.031962
2.000000 30.000000 0.000000 0.000000 21.000000 0.026270
2.000000 31.000000 0.000000 0.000000 21.000000 0.027887
2.000000 32.000000 0.000000 0.000000 21.000000 0.023396
2.000000 33.000000 0.000000 0.000000 21.000000 0.038503
2.000000 34.000000 0.000000 0.000000 21.000000 0.050710
2.000000 35.000000 0.000000 0.000000 21.000000 0.051553
2.000000 36.000000 0.000000 0.000000 21.000000 0.058124
2.000000 37.000000 0.000000 0.000000 21.000000 0.076133
2.000000 38.000000 0.007125 0.000000 21.000000 0.110836
2.000000 39.000000 0.091659 0.000000 20.263548 0.183779
2.000000 40.000000 0.156310 0.000000 18.588522 0.241652
2.000000 41.000000 0.195575 0.000000 17.511778 0.277979
2.000000 42.000000 0.147859 0.000000 18.799356 0.234194
2.000000 43.000000 0.159320 0.000000 17.943296 0.255562
2.000000 44.000000 0.163853 0.000000 17.919044 0.257751
2.000000 45.000000 0.152034 0.000000 18.215294 0.247361
2.000000 46.000000 0.111169 0.000000 19.278292 0.210662
2.000000 47.000000 0.092030 0.000000 19.395821 0.201050
2.000000 48.000000 0.107665 0.000000 19.501122 0.204959
2.000000 49.000000 0.159798 0.000000 18.586679 0.243002
3.000000 0.000000 0.000000 0.000000 21.000000 0.000000
3.000000 1.000000 0.000000 0.000000 21.000000 0.000000
3.000000 2.000000 0.000000 0.000000 21.000000 0.000000
3.000000 3.000000 0.000000 0.000000 21.000000 0.000000
3.000000 4.000000 0.000000 0.000000 21.000000 0.000000
3.000000 5.000000 0.000000 0.000000 21.000000 0.000000
3.000000 6.000000 0.000000 0.000000 21.000000 0.000000
3.000000 7.000000 0.000000 0.000000 21.000000 0.000000
3.000000 8.000000 0.000000 0.000000 21.000000 0.000000
3.000000 9.000000 0.000000 0.000000 21.000000 0.000000
3.000000 10.000000 0.000000 0.000000 21.000000 0.000000
3.000000 11.000000 0.000000 0.000000 21.000000 0.000000
3.000000 12.000000 0.000000 0.000000 21.000000 0.000000
3.000000 13.000000 0.000000 0.000000 21.000000 0.018074
3.000000 14.000000 0.000000 0.000000 21.000000 0.054447
3.000000 15.000000 0.000000 0.000000 21.000000 0.072802
3.000000 16.000000 0.049184 0.000000 21.000000 0.147234
3.000000 17.000000 0.242429 0.000000 15.949453 0.326914
3.000000 18.000000 0.443490 0.000000 11.499289 0.491974
3.000000 19.000000 0.699241 0.000000 5.535976 0.708527
3.000000 20.000000 1.000000 0.145590 0.000000 1.000000
3.000000 21.000000 1.000000 0.867535 0.000000 1.000000
3.000000 22.000000 1.000000 1.000000 0.000000 1.000000
3.000000 23.000000 1.000000 0.702852 0.000000 1.000000
3.000000 24.000000 0.537845 0.392068 11.735247 0.528243
3.000000 25.000000 0.085771 0.000000 19.573437 0.195050
3.000000 26.000000 0.000000 0.000000 21.000000 0.051938
3.000000 27.000000 0.000000 0.000000 21.000000 0.021291
3.000000 28.000000 0.000000 0.000000 21.000000 0.027870
3.000000 29.000000 0.000000 0.000000 21.000000 0.048663
3.000000 30.000000 0.000000 0.000000 21.000000 0.057702
3.000000 31.000000 0.000000 0.000000 21.000000 0.071719
3.000000 32.000000 0.000000 0.000000 21.000000 0.050350
3.000000 33.000000 0.000000 0.000000 21.000000 0.059330
3.000000 34.000000 0.000000 0.000000 21.000000 0.095850
3.000000 35.000000 0.064740 0.000000 20.912302 0.160638
3.000000 36.000000 0.129666 0.000000 19.367924 0.216033
3.000000 37.000000 0.186937 0.000000 17.593109 0.273078
3.000000 38.000000 0.208186 0.000000 17.100677 0.290931
3.000000 39.000000 0.244473 0.000000 16.306561 0.320535
3.000000 40.000000 0.244794 0.000000 16.311039 0.320571
3.000000 41.000000 0.183581 0.000000 17.731642 0.268984
3.000000 42.000000 0.162230 0.000000 18.115194 0.253221
3.000000 43.000000 0.148609 0.000000 18.051563 0.249312
3.000000 44.000000 0.120394 0.000000 18.902765 0.221640
3.000000 45.000000 0.114033 0.000000 19.464380 0.208090
3.000000 46.000000 0.121647 0.000000 18.784966 0.224503
3.000000 47.000000 0.105387 0.000000 19.611452 0.201884
3.000000 48.000000 0.087759 0.000000 19.802357 0.191364
3.000000 49.000000 0.023723 0.000000 21.000000 0.135817
4.000000 0.000000 0.000000 0.000000 21.000000 0.000000
4.000000 1.000000 0.000000 0.000000 21.000000 0.000000
4.000000 2.000000 0.000000 0.000000 21.000000 0.000000
4.000000 3.000000 0.000000 0.000000 21.000000 0.000000
4.000000 4.000000 0.000000 0.000000 21.000000 0.000000
4.000000 5.000000 0.000000 0.000000 21.000000 0.000000
4.000000 6.000000 0.000000 0.000000 21.000000 0.000000
4.000000 7.000000 0.000000 0.000000 21.000000 0.000000
4.000000 8.000000 0.000000 0.000000 21.000000 0.000000
4.000000 9.000000 0.000000 0.000000 21.000000 0.000000
4.000000 10.000000 0.000000 0.000000 21.000000 0.000000
4.000000 11.000000 0.000000 0.000000 21.000000 0.000000
4.000000 12.000000 0.000000 0.000000 21.000000 0.000000
4.000000 13.000000 0.000000 0.000000 21.000000 0.000000
4.000000 14.000000 0.000000 0.000000 21.000000 0.000000
4.000000 15.000000 0.000000 0.000000 21.000000 0.000000
4.000000 16.000000 0.000000 0.000000 21.000000 0.000000
4.000000 17.000000 0.000000 0.000000 21.000000 0.000000
4.000000 18.000000 0.000000 0.000000 21.000000 0.000000
4.000000 19.000000 0.000000 0.000000 21.000000 0.000000
4.000000 20.000000 0.000000 0.000000 21.000000 0.000000
4.000000 21.000000 0.000000 0.000000 21.000000 0.000000
4.000000 22.000000 0.000000 0.000000 21.000000 0.000000
4.000000 23.000000 0.000000 0.000000 21.000000 0.000000
4.000000 24.000000 0.000000 0.000000 21.000000 0.000000
4.000000 25.000000 0.000000 0.000000 21.000000 0.000000
4.000000 26.000000 0.000000 0.000000 21.000000 0.000000
4.000000 27.000000 0.000000 0.000000 21.000000 0.000000
4.000000 28.000000 0.000000 0.000000 21.000000 0.000000
4.000000 29.000000 0.000000 0.000000 21.000000 0.000000
4.000000 30.000000 0.000000 0.000000 21.000000 0.000000
4.000000 31.000000 0.000000 0.000000 21.000000 0.000000
4.000000 32.000000 0.000000 0.000000 21.000000 0.000000
4.000000 33.000000 0.000000 0.000000 21.000000 0.000000
4.000000 34.000000 0.000000 0.000000 21.000000 0.000000
4.000000 35.000000 0.000000 0.000000 21.000000 0.000000
4.000000 36.000000 0.000000 0.000000 21.000000 0.000000
4.000000 37.000000 0.000000 0.000000 21.000000 0.000000
4.000000 38.000000 0.000000 0.000000 21.000000 0.000000
4.000000 39.000000 0.000000 0.000000 21.000000 0.000000
4.000000 40.000000 0.000000 0.000000 21.000000 0.000000
4.000000 41.000000 0.000000 0.000000 21.000000 0.000000
4.000000 42.000000 0.000000 0.000000 21.000000 0.000000
4.000000 43.000000 0.000000 0.000000 21.000000 0.000000
4.000000 44.000000 0.000000 0.000000 21.000000 0.000000
4.000000 45.000000 0.000000 0.000000 21.000000 0.000000
4.000000 46.000000 0.000000 0.000000 21.000000 0.000000
4.000000 47.000000 0.000000 0.000000 21.000000 0.000000
4.000000 48.000000 0.000000 0.000000 21.000000 0.000000
4.000000 49.000000 0.000000 0.000000 21.000000 0.000000
5.000000 0.000000 0.000000 0.000000 21.000000 0.000000
5.000000 1.000000 0.000000 0.000000 21.000000 0.000000
5.000000 2.000000 0.000000 0.000000 21.000000 0.000000
5.000000 3.000000 0.000000 0.000000 21.000000 0.000000
5.000000 4.000000 0.000000 0.000000 21.000000 0.000000
5.000000 5.000000 0.000000 0.000000 21.000000 0.000000
5.000000 6.000000 0.000000 0.000000 21.000000 0.000000
5.000000 7.000000 0.000000 0.000000 21.000000 0.000000
5.000000 8.000000 0.000000 0.000000 21.000000 0.001555
5.000000 9.000000 0.000000 0.000000 21.000000 0.084610
5.000000 10.000000 0.098792 0.000000 20.086882 0.190007
5.000000 11.000000 0.256395 0.000000 15.517340 0.340813
5.000000 12.000000 0.501680 0.000000 10.073559 0.542483
5.000000 13.000000 0.814731 0.000000 2.875339 0.805771
5.000000 14.000000 1.000000 0.331010 0.000000 1.000000
5.000000 15.000000 1.000000 0.936931 0.000000 1.000000
5.000000 16.000000 1.000000 0.845918 0.000000 1.000000
5.000000 17.000000 0.797669 0.543960 5.419428 0.752212
5.000000 18.000000 0.261341 0.000000 14.114905 0.370479
5.000000 19.000000 0.033608 0.000000 21.000000 0.133397
5.000000 20.000000 0.000000 0.000000 21.000000 0.083289
5.000000 21.000000 0.000000 0.000000 21.000000 0.066599
5.000000 22.000000 0.000000 0.000000 21.000000 0.056919
5.000000 23.000000 0.000000 0.000000 21.000000 0.065065
5.000000 24.000000 0.000000 0.000000 21.000000 0.061805
5.000000 25.000000 0.000000 0.000000 21.000000 0.063498
5.000000 26.000000 0.000000 0.000000 21.000000 0.060536
5.000000 27.000000 0.000000 0.000000 21.000000 0.098345
5.000000 28.000000 0.043682 0.000000 21.000000 0.142398
5.000000 29.000000 0.116573 0.000000 19.297951 0.212430
5.000000 30.000000 0.182391 0.000000 17.971769 0.263828
5.000000 31.000000 0.243013 0.000000 16.174515 0.322620
5.000000 32.000000 0.278759 0.000000 15.464386 0.350355
5.000000 33.000000 0.238078 0.000000 16.448170 0.315278
5.000000 34.000000 0.265834 0.000000 15.524606 0.344187
5.000000 35.000000 0.261929 0.000000 15.924937 0.334747
5.000000 36.000000 0.279723 0.000000 15.118076 0.357577
5.000000 37.000000 0.212343 0.000000 17.043127 0.293621
5.000000 38.000000 0.166221 0.000000 18.309246 0.250898
5.000000 39.000000 0.112355 0.000000 19.649519 0.203777
5.000000 40.000000 0.051840 0.000000 20.486877 0.164078
5.000000 41.000000 0.013368 0.000000 21.000000 0.131847
5.000000 42.000000 0.000000 0.000000 21.000000 0.079237
5.000000 43.000000 0.000000 0.000000 21.000000 0.076461
5.000000 44.000000 0.000000 0.000000 21.000000 0.093594
5.000000 45.000000 0.011315 0.000000 21.000000 0.114492
5.000000 46.000000 0.051023 0.000000 21.000000 0.148668
5.000000 47.000000 0.059376 0.000000 20.900345 0.158806
5.000000 48.000000 0.072008 0.000000 20.507074 0.171420
5.000000 49.000000 0.054954 0.000000 20.394993 0.167109
6.000000 0.000000 0.000000 0.000000 21.000000 0.000000
6.000000 1.000000 0.000000 0.000000 21.000000 0.000000
6.000000 2.000000 0.000000 0.000000 21.000000 0.000000
6.000000 3.000000 0.000000 0.000000 21.000000 0.000000
6.000000 4.000000 0.000000 0.000000 21.000000 0.000000
6.000000 5.000000 0.000000 0.000000 21.000000 0.000000
6.000000 6.000000 0.000000 0.000000 21.000000 0.000000
6.000000 7.000000 0.000000 0.000000 21.000000 0.000000
6.000000 8.000000 0.000000 0.000000 21.000000 0.000000
6.000000 9.000000 0.000000 0.000000 21.000000 0.000000
6.000000 10.000000 0.000000 0.000000 21.000000 0.000000
6.000000 11.000000 0.000000 0.000000 21.000000 0.000000
6.000000 12.000000 0.000000 0.000000 21.000000 0.000000
6.000000 13.000000 0.000000 0.000000 21.000000 0.000000
6.000000 14.000000 0.000000 0.000000 21.000000 0.000000
6.000000 15.000000 0.000000 0.000000 21.000000 0.000000
6.000000 16.000000 0.000000 0.000000 21.000000 0.000000
6.000000 17.000000 0.000000 0.000000 21.000000 0.000000
6.000000 18.000000 0.000000 0.000000 21.000000 0.000000
6.000000 19.000000 0.000000 0.000000 21.000000 0.000000
6.000000 20.000000 0.000000 0.000000 21.000000 0.000000
6.000000 21.000000 0.000000 0.000000 21.000000 0.000000
6.000000 22.000000 0.000000 0.000000 21.000000 0.000000
6.000000 23.000000 0.000000 0.000000 21.000000 0.000000
6.000000 24.000000 0.000000 0.000000 21.000000 0.000000
6.000000 25.000000 0.000000 0.000000 21.000000 0.000000
6.000000 26.000000 0.000000 0.000000 21.000000 0.000000
6.000000 27.000000 0.000000 0.000000 21.000000 0.000000
6.000000 28.000000 0.000000 0.000000 21.000000 0.000000
6.000000 29.000000 0.000000 0.000000 21.000000 0.000000
6.000000 30.000000 0.000000 0.000000 21.000000 0.000000
6.000000 31.000000 0.000000 0.000000 21.000000 0.000000
6.000000 32.000000 0.000000 0.000000 21.000000 0.000000
6.000000 33.000000 0.000000 0.000000 21.000000 0.000000
6.000000 34.000000 0.000000 0.000000 21.000000 0.000000
6.000000 35.000000 0.000000 0.000000 21.000000 0.000000
6.000000 36.000000 0.000000 0.000000 21.000000 0.000000
6.000000 37.000000 0.000000 0.000000 21.000000 0.000000
6.000000 38.000000 0.000000 0.000000 21.000000 0.000000
6.000000 39.000000 0.000000 0.000000 21.000000 0.000000
6.000000 40.000000 0.000000 0.000000 21.000000 0.000000
6.000000 41.000000 0.000000 0.000000 21.000000 0.000000
6.000000 42.000000 0.000000 0.000000 21.000000 0.000000
6.000000 43.000000 0.000000 0.000000 21.000000 0.000000
6.000000 44.000000 0.000000 0.000000 21.000000 0.000000
6.000000 45.000000 0.000000 0.000000 21.000000 0.000000
6.000000 46.000000 0.000000 0.000000 21.000000 0.000000
6.000000 47.000000 0.000000 0.000000 21.000000 0.000000
6.000000 48.000000 0.000000 0.000000 21.000000 0.000000
6.000000 49.000000 0.000000 0.000000 21.000000 0.000000
7.000000 0.000000 0.000000 0.000000 21.000000 0.000000
7.000000 1.000000 0.000000 0.000000 21.000000 0.000000
7.000000 2.000000 0.000000 0.000000 21.000000 0.000000
7.000000 3.000000 0.000000 0.000000 21.000000 0.000000
7.000000 4.000000 0.000000 0.000000 21.000000 0.000000
7.000000 5.000000 0.000000 0.000000 21.000000 0.000000
7.000000 6.000000 0.000000 0.000000 21.000000 0.000000
7.000000 7.000000 0.000000 0.000000 21.000000 0.000000
7.000000 8.000000 0.000000 0.000000 21.000000 0.000000
7.000000 9.000000 0.000000 0.000000 21.000000 0.004353
7.000000 10.000000 0.000000 0.000000 21.000000 0.021781
7.000000 11.000000 0.000000 0.000000 21.000000 0.043308
7.000000 12.000000 0.000000 0.000000 21.000000 0.089290
7.000000 13.000000 0.037444 0.000000 21.000000 0.137004
7.000000 14.000000 0.124009 0.000000 17.785244 0.245337
7.000000 15.000000 0.271776 0.000000 15.335361 0.350264
7.000000 16.000000 0.485173 0.000000 10.530602 0.527128
7.000000 17.000000 0.769073 0.000000 3.925566 0.767332
7.000000 18.000000 1.000000 0.140370 0.000000 0.978938
7.000000 19.000000 1.000000 0.735202 0.000000 1.000000
7.000000 20.000000 1.000000 0.742914 0.000000 1.000000
7.000000 21.000000 0.701223 0.515837 7.813084 0.668103
7.000000 22.000000 0.187285 0.000000 16.987440 0.285079
7.000000 23.000000 0.000000 0.000000 21.000000 0.096045
7.000000 24.000000 0.000000 0.000000 21.000000 0.055029
7.000000 25.000000 0.000000 0.000000 21.000000 0.081730
7.000000 26.000000 0.003211 0.000000 21.000000 0.107480
7.000000 27.000000 0.050550 0.000000 21.000000 0.148296
7.000000 28.000000 0.064179 0.000000 20.937418 0.159919
7.000000 29.000000 0.094527 0.000000 19.856926 0.192913
7.000000 30.000000 0.124887 0.000000 19.167572 0.218162
7.000000 31.000000 0.140586 0.000000 18.640144 0.234600
7.000000 32.000000 0.147863 0.000000 18.786961 0.234451
7.000000 33.000000 0.122024 0.000000 19.004202 0.220272
7.000000 34.000000 0.141565 0.000000 18.503372 0.237670
7.000000 35.000000 0.187467 0.000000 16.864294 0.287738
7.000000 36.000000 0.170798 0.000000 18.098667 0.256829
7.000000 37.000000 0.163860 0.000000 18.128447 0.253599
7.000000 38.000000 0.180110 0.000000 17.581326 0.270669
7.000000 39.000000 0.171960 0.000000 17.996962 0.259302
7.000000 40.000000 0.166534 0.000000 18.171675 0.253770
7.000000 41.000000 0.134583 0.000000 18.950180 0.226136
7.000000 42.000000 0.096869 0.000000 19.689110 0.197078
7.000000 43.000000 0.088597 0.000000 19.981817 0.188137
7.000000 44.000000 0.070418 0.000000 20.106428 0.178724
7.000000 45.000000 0.079841 0.000000 19.733328 0.189734
7.000000 46.000000 0.099882 0.000000 19.366737 0.204659
7.000000 47.000000 0.100070 0.000000 19.712086 0.197875
7.000000 48.000000 0.067629 0.000000 20.759569 0.164711
7.000000 49.000000 0.067963 0.000000 20.269508 0.174571
8.000000 0.000000 0.000000 0.000000 21.000000 0.000000
8.000000 1.000000 0.000000 0.000000 21.000000 0.000000
8.000000 2.000000 0.000000 0.000000 21.000000 0.000000
8.000000 3.000000 0.000000 0.000000 21.000000 0.000000
8.000000 4.000000 0.000000 0.000000 21.000000 0.000000
8.000000 5.000000 0.000000 0.000000 21.000000 0.002685
8.000000 6.000000 0.046414 0.000000 21.000000 0.144948
8.000000 7.000000 0.239099 0.000000 15.415763 0.336299
8.000000 8.000000 0.396279 0.000000 12.579247 0.452517
8.000000 9.000000 0.671342 0.000000 6.161892 0.685227
8.000000 10.000000 1.000000 0.087734 0.000000 1.000000
8.000000 11.000000 1.000000 0.898372 0.000000 1.000000
8.000000 12.000000 1.000000 0.954339 0.000000 1.000000
8.000000 13.000000 1.000000 0.654144 0.000000 0.947375
8.000000 14.000000 0.485993 0.362907 12.982317 0.483700
8.000000 15.000000 0.076010 0.000000 19.537022 0.192051
8.000000 16.000000 0.000000 0.000000 21.000000 0.069204
8.000000 17.000000 0.000000 0.000000 21.000000 0.049619
8.000000 18.000000 0.000000 0.000000 21.000000 0.039890
8.000000 19.000000 0.000000 0.000000 21.000000 0.033564
8.000000 20.000000 0.000000 0.000000 21.000000 0.039642
8.000000 21.000000 0.000000 0.000000 21.000000 0.056856
8.000000 22.000000 0.000000 0.000000 21.000000 0.056919
8.000000 23.000000 0.000000 0.000000 21.000000 0.068814
8.000000 24.000000 0.000000 0.000000 21.000000 0.069599
8.000000 25.000000 0.000000 0.000000 21.000000 0.079466
8.000000 26.000000 0.000000 0.000000 21.000000 0.100905
8.000000 27.000000 0.046257 0.000000 21.000000 0.144716
8.000000 28.000000 0.080029 0.000000 20.561829 0.173412
8.000000 29.000000 0.120890 0.000000 19.499998 0.210054
8.000000 30.000000 0.147242 0.000000 18.400009 0.241909
8.000000 31.000000 0.164240 0.000000 17.987396 0.256559
8.000000 32.000000 0.216537 0.000000 16.522167 0.305597
8.000000 33.000000 0.215857 0.000000 17.067564 0.294495
8.000000 34.000000 0.259020 0.000000 15.526273 0.341575
8.000000 35.000000 0.226738 0.000000 16.691628 0.306104
8.000000 36.000000 0.144721 0.000000 18.763691 0.233652
8.000000 37.000000 0.088346 0.000000 19.852398 0.190560
8.000000 38.000000 0.030215 0.000000 21.000000 0.136066
8.000000 39.000000 0.039678 0.000000 19.914770 0.170828
8.000000 40.000000 0.043986 0.000000 20.703646 0.156820
8.000000 41.000000 0.000000 0.000000 21.000000 0.105266
8.000000 42.000000 0.000000 0.000000 21.000000 0.092293
8.000000 43.000000 0.000000 0.000000 21.000000 0.081180
8.000000 44.000000 0.000000 0.000000 21.000000 0.092475
8.000000 45.000000 0.000421 0.000000 21.000000 0.105046
8.000000 46.000000 0.001428 0.000000 21.000000 0.105900
8.000000 47.000000 0.021067 0.000000 21.000000 0.122865
8.000000 48.000000 0.025655 0.000000 21.000000 0.126669
8.000000 49.000000 0.032427 0.000000 21.000000 0.139675
9.000000 0.000000 0.000000 0.000000 21.000000 0.000000
9.000000 1.000000 0.000000 0.000000 21.000000 0.000000
9.000000 2.000000 0.000000 0.000000 21.000000 0.000000
9.000000 3.000000 0.000000 0.000000 21.000000 0.000000
9.000000 4.000000 0.000000 0.000000 21.000000 0.000000
9.000000 5.000000 0.000000 0.000000 21.000000 0.000000
9.000000 6.000000 0.000000 0.000000 21.000000 0.000000
9.000000 7.000000 0.000000 0.000000 21.000000 0.004770
9.000000 8.000000 0.000000 0.000000 21.000000 0.040002
9.000000 9.000000 0.000000 0.000000 21.000000 0.091781
9.000000 10.000000 0.043448 0.000000 21.000000 0.142266
9.000000 11.000000 0.220342 0.000000 16.167805 0.314178
9.000000 12.000000 0.388379 0.000000 12.711012 0.446874
9.000000 13.000000 0.615030 0.000000 7.531826 0.636511
9.000000 14.000000 0.859841 0.000000 1.993194 0.840947
9.000000 15.000000 1.000000 0.333882 0.000000 0.971446
9.000000 16.000000 1.000000 0.794622 0.000000 1.000000
9.000000 17.000000 1.000000 0.714867 0.000000 0.995328
9.000000 18.000000 0.674338 0.496069 8.444674 0.645340
9.000000 19.000000 0.234485 0.000000 15.523003 0.332190
9.000000 20.000000 0.006822 0.000000 21.000000 0.110317
9.000000 21.000000 0.000000 0.000000 21.000000 0.047706
9.000000 22.000000 0.000000 0.000000 21.000000 0.036895
9.000000 23.000000 0.000000 0.000000 21.000000 0.032382
9.000000 24.000000 0.000000 0.000000 21.000000 0.047460
9.000000 25.000000 0.000000 0.000000 21.000000 0.062165
9.000000 26.000000 0.000000 0.000000 21.000000 0.065065
9.000000 27.000000 0.000000 0.000000 21.000000 0.074074
9.000000 28.000000 0.000000 0.000000 21.000000 0.090632
9.000000 29.000000 0.000000 0.000000 21.000000 0.087290
9.000000 30.000000 0.000000 0.000000 21.000000 0.061319
9.000000 31.000000 0.000000 0.000000 21.000000 0.096341
9.000000 32.000000 0.018651 0.000000 21.000000 0.120786
9.000000 33.000000 0.011065 0.000000 21.000000 0.114133
9.000000 34.000000 0.032935 0.000000 20.716457 0.152360
9.000000 35.000000 0.042540 0.000000 20.981865 0.150758
9.000000 36.000000 0.099023 0.000000 19.531708 0.201087
9.000000 37.000000 0.137311 0.000000 19.024792 0.225733
9.000000 38.000000 0.166353 0.000000 17.961702 0.257897
9.000000 39.000000 0.158166 0.000000 18.422245 0.245610
9.000000 40.000000 0.138302 0.000000 18.638046 0.233739
9.000000 41.000000 0.083892 0.000000 20.218643 0.181609
9.000000 42.000000 0.064029 0.000000 19.456264 0.189182
9.000000 43.000000 0.029337 0.000000 20.632011 0.152593
9.000000 44.000000 0.000000 0.000000 21.000000 0.111989
9.000000 45.000000 0.000000 0.000000 21.000000 0.075950
9.000000 46.000000 0.000000 0.000000 21.000000 0.074591
9.000000 47.000000 0.000000 0.000000 21.000000 0.081433
9.000000 48.000000 0.000000 0.000000 21.000000 0.081952
9.000000 49.000000 0.000000 0.000000 21.000000 0.083589
10.000000 0.000000 0.000000 0.000000 21.000000 0.000000
10.000000 1.000000 0.000000 0.000000 21.000000 0.000000
10.000000 2.000000 0.000000 0.000000 21.000000 0.000000
10.000000 3.000000 0.000000 0.000000 21.000000 0.000000
10.000000 4.000000 0.000000 0.000000 21.000000 0.000000
10.000000 5.000000 0.000000 0.000000 21.000000 0.000000
10.000000 6.000000 0.000000 0.000000 21.000000 0.000000
10.000000 7.000000 0.000000 0.000000 21.000000 0.000000
10.000000 8.000000 0.000000 0.000000 21.000000 0.000000
10.000000 9.000000 0.000000 0.000000 21.000000 0.000000
10.000000 10.000000 0.000000 0.000000 21.000000 0.000000
10.000000 11.000000 0.000000 0.000000 21.000000 0.000000
10.000000 12.000000 0.000000 0.000000 21.000000 0.000000
10.000000 13.000000 0.000000 0.000000 21.000000 0.000000
10.000000 14.000000 0.000000 0.000000 21.000000 0.000000
10.000000 15.000000 0.000000 0.000000 21.000000 0.000000
10.000000 16.000000 0.000000 0.000000 21.000000 0.000000
10.000000 17.000000 0.000000 0.000000 21.000000 0.000000
10.000000 18.000000 0.000000 0.000000 21.000000 0.000000
10.000000 19.000000 0.000000 0.000000 21.000000 0.000000
10.000000 20.000000 0.000000 0.000000 21.000000 0.000000
10.000000 21.000000 0.000000 0.000000 21.000000 0.000000
10.000000 22.000000 0.000000 0.000000 21.000000 0.000000
10.000000 23.000000 0.000000 0.000000 21.000000 0.000000
10.000000 24.000000 0.000000 0.000000 21.000000 0.000000
10.000000 25.000000 0.000000 0.000000 21.000000 0.000000
10.000000 26.000000 0.000000 0.000000 21.000000 0.000000
10.000000 27.000000 0.000000 0.000000 21.000000 0.000000
10.000000 28.000000 0.000000 0.000000 21.000000 0.000000
10.000000 29.000000 0.000000 0.000000 21.000000 0.000000
10.000000 30.000000 0.000000 0.000000 21.000000 0.000000
10.000000 31.000000 0.000000 0.000000 21.000000 0.000000
10.000000 32.000000 0.000000 0.000000 21.000000 0.000000
10.000000 33.000000 0.000000 0.000000 21.000000 0.000000
10.000000 34.000000 0.000000 0.000000 21.000000 0.000000
10.000000 35.000000 0.000000 0.000000 21.000000 0.000000
10.000000 36.000000 0.000000 0.000000 21.000000 0.000000
10.000000 37.000000 0.000000 0.000000 21.000000 0.000000
10.000000 38.000000 0.000000 0.000000 21.000000 0.000000
10.000000 39.000000 0.000000 0.000000 21.000000 0.000000
10.000000 40.000000 0.000000 0.000000 21.000000 0.000000
10.000000 41.000000 0.000000 0.000000 21.000000 0.000000
10.000000 42.000000 0.000000 0.000000 21.000000 0.000000
10.000000 43.000000 0.000000 0.000000 21.000000 0.000000
10.000000 44.000000 0.000000 0.000000 21.000000 0.000000
10.000000 45.000000 0.000000 0.000000 21.000000 0.000000
10.000000 46.000000 0.000000 0.000000 21.000000 0.000000
10.000000 47.000000 0.000000 0.000000 21.000000 0.000000
10.000000 48.000000 0.000000 0.000000 21.000000 0.000000
10.000000 49.000000 0.000000 0.000000 21.000000 0.000000
11.000000 0.000000 0.000000 0.000000 21.000000 0.000000
11.000000 1.000000 0.000000 0.000000 21.000000 0.000000
11.000000 2.000000 0.000000 0.000000 21.000000 0.000000
11.000000 3.000000 0.000000 0.000000 21.000000 0.000000
11.000000 4.000000 0.000000 0.000000 21.000000 0.000000
11.000000 5.000000 0.000000 0.000000 21.000000 0.000000
11.000000 6.000000 0.000000 0.000000 21.000000 0.000305
11.000000 7.000000 0.000000 0.000000 21.000000 0.014491
11.000000 8.000000 0.000000 0.000000 21.000000 0.057577
11.000000 9.000000 0.038730 0.000000 21.000000 0.138162
11.000000 10.000000 0.160000 0.000000 17.946871 0.255823
11.000000 11.000000 0.363726 0.000000 12.950668 0.432705
11.000000 12.000000 0.536860 0.000000 9.500181 0.567525
11.000000 13.000000 0.724334 0.000000 5.147403 0.726155
11.000000 14.000000 0.871407 0.000000 1.816309 0.849182
11.000000 15.000000 1.000000 0.380947 0.000000 1.000000
11.000000 16.000000 1.000000 0.946017 0.000000 1.000000
11.000000 17.000000 1.000000 0.739830 0.000000 1.000000
11.000000 18.000000 0.600839 0.448365 10.257991 0.581498
11.000000 19.000000 0.128100 0.000000 18.407574 0.234320
11.000000 20.000000 0.000000 0.000000 21.000000 0.059123
11.000000 21.000000 0.000000 0.000000 21.000000 0.023288
11.000000 22.000000 0.000000 0.000000 21.000000 0.065784
11.000000 23.000000 0.036330 0.000000 21.000000 0.136064
11.000000 24.000000 0.077782 0.000000 20.603022 0.171751
11.000000 25.000000 0.071517 0.000000 20.763809 0.166158
11.000000 26.000000 0.105040 0.000000 19.662018 0.200790
11.000000 27.000000 0.174005 0.000000 17.799732 0.264045
11.000000 28.000000 0.201270 0.000000 17.329540 0.283752
11.000000 29.000000 0.234566 0.000000 16.379086 0.315320
11.000000 30.000000 0.227979 0.000000 16.693727 0.306552
11.000000 31.000000 0.170267 0.000000 17.894318 0.260668
11.000000 32.000000 0.071007 0.000000 20.359097 0.173859
11.000000 33.000000 0.014182 0.000000 21.000000 0.132129
11.000000 34.000000 0.001622 0.000000 20.777187 0.139162
11.000000 35.000000 0.000000 0.000000 21.000000 0.077779
11.000000 36.000000 0.000000 0.000000 21.000000 0.076259
11.000000 37.000000 0.000000 0.000000 21.000000 0.054024
11.000000 38.000000 0.000000 0.000000 21.000000 0.053180
11.000000 39.000000 0.000000 0.000000 21.000000 0.053180
11.000000 40.000000 0.000000 0.000000 21.000000 0.056496
11.000000 41.000000 0.000000 0.000000 21.000000 0.045897
11.000000 42.000000 0.000000 0.000000 21.000000 0.053602
11.000000 43.000000 0.000000 0.000000 21.000000 0.055291
11.000000 44.000000 0.000000 0.000000 21.000000 0.041388
11.000000 45.000000 0.000000 0.000000 21.000000 0.025073
11.000000 46.000000 0.000000 0.000000 21.000000 0.038503
11.000000 47.000000 0.000000 0.000000 21.000000 0.046678
11.000000 48.000000 0.000000 0.000000 21.000000 0.044633
11.000000 49.000000 0.000000 0.000000 21.000000 0.051976
12.000000 0.000000 0.000000 0.000000 21.000000 0.000000
12.000000 1.000000 0.000000 0.000000 21.000000 0.000000
12.000000 2.000000 0.000000 0.000000 21.000000 0.000000
12.000000 3.000000 0.000000 0.000000 21.000000 0.000000
12.000000 4.000000 0.000000 0.000000 21.000000 0.000000
12.000000 5.000000 0.000000 0.000000 21.000000 0.000000
12.000000 6.000000 0.000000 0.000000 21.000000 0.000000
12.000000 7.000000 0.000000 0.000000 21.000000 0.000000
12.000000 8.000000 0.000000 0.000000 21.000000 0.000000
12.000000 9.000000 0.000000 0.000000 21.000000 0.000000
12.000000 10.000000 0.000000 0.000000 21.000000 0.000000
12.000000 11.000000 0.000000 0.000000 21.000000 0.000000
12.000000 12.000000 0.000000 0.000000 21.000000 0.000000
12.000000 13.000000 0.000000 0.000000 21.000000 0.000000
12.000000 14.000000 0.000000 0.000000 21.000000 0.000000
12.000000 15.000000 0.000000 0.000000 21.000000 0.000000
12.000000 16.000000 0.000000 0.000000 21.000000 0.000000
12.000000 17.000000 0.000000 0.000000 21.000000 0.000000
12.000000 18.000000 0.000000 0.000000 21.000000 0.000000
12.000000 19.000000 0.000000 0.000000 21.000000 0.000000
12.000000 20.000000 0.000000 0.000000 21.000000 0.000000
12.000000 21.000000 0.000000 0.000000 21.000000 0.000000
12.000000 22.000000 0.000000 0.000000 21.000000 0.000000
12.000000 23.000000 0.000000 0.000000 21.000000 0.000000
12.000000 24.000000 0.000000 0.000000 21.000000 0.000000
12.000000 25.000000 0.000000 0.000000 21.000000 0.000000
12.000000 26.000000 0.000000 0.000000 21.000000 0.000000
12.000000 27.000000 0.000000 0.000000 21.000000 0.000000
12.000000 28.000000 0.000000 0.000000 21.000000 0.000000
12.000000 29.000000 0.000000 0.000000 21.000000 0.000000
12.000000 30.000000 0.000000 0.000000 21.000000 0.000000
12.000000 31.000000 0.000000 0.000000 21.000000 0.000000
12.000000 32.000000 0.000000 0.000000 21.000000 0.000000
12.000000 33.000000 0.000000 0.000000 21.000000 0.000000
12.000000 34.000000 0.000000 0.000000 21.000000 0.000000
12.000000 35.000000 0.000000 0.000000 21.000000 0.000000
12.000000 36.000000 0.000000 0.000000 21.000000 0.000000
12.000000 37.000000 0.000000 0.000000 21.000000 0.000000
12.000000 38.000000 0.000000 0.000000 21.000000 0.000000
12.000000 39.000000 0.000000 0.000000 21.000000 0.000000
12.000000 40.000000 0.000000 0.000000 21.000000 0.000000
12.000000 41.000000 0.000000 0.000000 21.000000 0.000000
12.000000 42.000000 0.000000 0.000000 21.000000 0.000000
12.000000 43.000000 0.000000 0.000000 21.000000 0.000000
12.000000 44.000000 0.000000 0.000000 21.000000 0.000000
12.000000 45.000000 0.000000 0.000000 21.000000 0.000000
12.000000 46.000000 0.000000 0.000000 21.000000 0.000000
12.000000 47.000000 0.000000 0.000000 21.000000 0.000000
12.000000 48.000000 0.000000 0.000000 21.000000 0.000000
12.000000 49.000000 0.000000 0.000000 21.000000 0.000000
13.000000 0.000000 0.000000 0.000000 21.000000 0.000000
13.000000 1.000000 0.000000 0.000000 21.000000 0.000000
13.000000 2.000000 0.000000 0.000000 21.000000 0.000000
13.000000 3.000000 0.000000 0.000000 21.000000 0.000000
13.000000 4.000000 0.000000 0.000000 21.000000 0.000000
13.000000 5.000000 0.000000 0.000000 21.000000 0.000000
13.000000 6.000000 0.000000 0.000000 21.000000 0.000000
13.000000 7.000000 0.000000 0.000000 21.000000 0.000000
13.000000 8.000000 0.000000 0.000000 21.000000 0.000000
13.000000 9.000000 0.000000 0.000000 21.000000 0.000000
13.000000 10.000000 0.000000 0.000000 21.000000 0.000000
13.000000 11.000000 0.000000 0.000000 21.000000 0.000000
13.000000 12.000000 0.000000 0.000000 21.000000 0.000000
13.000000 13.000000 0.000000 0.000000 21.000000 0.000000
13.000000 14.000000 0.000000 0.000000 21.000000 0.000000
13.000000 15.000000 0.000000 0.000000 21.000000 0.002328
13.000000 16.000000 0.000000 0.000000 21.000000 0.031542
13.000000 17.000000 0.000000 0.000000 21.000000 0.080189
13.000000 18.000000 0.211933 0.000000 17.333750 0.287779
13.000000 19.000000 0.530583 0.000000 9.033930 0.574140
13.000000 20.000000 1.000000 0.000000 0.000000 0.976250
13.000000 21.000000 1.000000 0.867910 0.000000 1.000000
13.000000 22.000000 1.000000 0.918485 0.000000 1.000000
13.000000 23.000000 1.000000 0.687091 0.000000 0.983829
13.000000 24.000000 0.619428 0.450257 9.754802 0.598527
13.000000 25.000000 0.135903 0.000000 18.254669 0.240320
13.000000 26.000000 0.000000 0.000000 21.000000 0.066067
13.000000 27.000000 0.000000 0.000000 21.000000 0.023804
13.000000 28.000000 0.000000 0.000000 21.000000 0.007069
13.000000 29.000000 0.000000 0.000000 21.000000 0.009240
13.000000 30.000000 0.000000 0.000000 21.000000 0.007987
13.000000 31.000000 0.000000 0.000000 21.000000 0.003579
13.000000 32.000000 0.000000 0.000000 21.000000 0.004770
13.000000 33.000000 0.000000 0.000000 21.000000 0.006021
13.000000 34.000000 0.000000 0.000000 21.000000 0.005961
13.000000 35.000000 0.000000 0.000000 21.000000 0.025851
13.000000 36.000000 0.000000 0.000000 21.000000 0.049928
13.000000 37.000000 0.000000 0.000000 21.000000 0.061805
13.000000 38.000000 0.000000 0.000000 21.000000 0.097129
13.000000 39.000000 0.040873 0.000000 21.000000 0.139949
13.000000 40.000000 0.054727 0.000000 20.756723 0.159878
13.000000 41.000000 0.095081 0.000000 19.651268 0.197204
13.000000 42.000000 0.162819 0.000000 18.389050 0.248084
13.000000 43.000000 0.212779 0.000000 17.119556 0.292324
13.000000 44.000000 0.242467 0.000000 16.316591 0.319582
13.000000 45.000000 0.220571 0.000000 16.868210 0.300252
13.000000 46.000000 0.188700 0.000000 17.442339 0.276680
13.000000 47.000000 0.159342 0.000000 18.209585 0.250256
13.000000 48.000000 0.113239 0.000000 19.449551 0.208067
13.000000 49.000000 0.078502 0.000000 19.901014 0.185873
14.000000 0.000000 0.000000 0.000000 21.000000 0.000000
14.000000 1.000000 0.000000 0.000000 21.000000 0.000000
14.000000 2.000000 0.000000 0.000000 21.000000 0.000000
14.000000 3.000000 0.000000 0.000000 21.000000 0.000000
14.000000 4.000000 0.000000 0.000000 21.000000 0.000000
14.000000 5.000000 0.000000 0.000000 21.000000 0.000000
14.000000 6.000000 0.000000 0.000000 21.000000 0.000000
14.000000 7.000000 0.000000 0.000000 21.000000 0.000000
14.000000 8.000000 0.000000 0.000000 21.000000 0.000000
14.000000 9.000000 0.000000 0.000000 21.000000 0.000000
14.000000 10.000000 0.000000 0.000000 21.000000 0.000000
14.000000 11.000000 0.000000 0.000000 21.000000 0.000000
14.000000 12.000000 0.000000 0.000000 21.000000 0.000000
14.000000 13.000000 0.000000 0.000000 21.000000 0.000000
14.000000 14.000000 0.000000 0.000000 21.000000 0.000000
14.000000 15.000000 0.000000 0.000000 21.000000 0.000000
14.000000 16.000000 0.000000 0.000000 21.000000 0.000000
14.000000 17.000000 0.000000 0.000000 21.000000 0.000000
14.000000 18.000000 0.000000 0.000000 21.000000 0.000000
14.000000 19.000000 0.000000 0.000000 21.000000 0.000000
14.000000 20.000000 0.000000 0.000000 21.000000 0.000000
14.000000 21.000000 0.000000 0.000000 21.000000 0.000000
14.000000 22.000000 0.000000 0.000000 21.000000 0.000000
14.000000 23.000000 0.000000 0.000000 21.000000 0.000000
14.000000 24.000000 0.000000 0.000000 21.000000 0.000000
14.000000 25.000000 0.000000 0.000000 21.000000 0.000000
14.000000 26.000000 0.000000 0.000000 21.000000 0.000000
14.000000 27.000000 0.000000 0.000000 21.000000 0.000000
14.000000 28.000000 0.000000 0.000000 21.000000 0.000000
14.000000 29.000000 0.000000 0.000000 21.000000 0.000000
14.000000 30.000000 0.000000 0.000000 21.000000 0.000000
14.000000 31.000000 0.000000 0.000000 21.000000 0.000000
14.000000 32.000000 0.000000 0.000000 21.000000 0.000000
14.000000 33.000000 0.000000 0.000000 21.000000 0.000000
14.000000 34.000000 0.000000 0.000000 21.000000 0.000000
14.000000 35.000000 0.000000 0.000000 21.000000 0.000000
14.000000 36.000000 0.000000 0.000000 21.000000 0.000000
14.000000 37.000000 0.000000 0.000000 21.000000 0.000000
14.000000 38.000000 0.000000 0.000000 21.000000 0.000000
14.000000 39.000000 0.000000 0.000000 21.000000 0.000000
14.000000 40.000000 0.000000 0.000000 21.000000 0.000000
14.000000 41.000000 0.000000 0.000000 21.000000 0.000000
14.000000 42.000000 0.000000 0.000000 21.000000 0.000000
14.000000 43.000000 0.000000 0.000000 21.000000 0.000000
14.000000 44.000000 0.000000 0.000000 21.000000 0.000000
14.000000 45.000000 0.000000 0.000000 21.000000 0.000000
14.000000 46.000000 0.000000 0.000000 21.000000 0.000000
14.000000 47.000000 0.000000 0.000000 21.000000 0.000000
14.000000 48.000000 0.000000 0.000000 21.000000 0.000000
14.000000 49.000000 0.000000 0.000000 21.000000 0.000000
15.000000 0.000000 0.000000 0.000000 21.000000 0.000000
15.000000 1.000000 0.000000 0.000000 21.000000 0.000000
15.000000 2.000000 0.000000 0.000000 21.000000 0.000000
15.000000 3.000000 0.000000 0.000000 21.000000 0.000000
15.000000 4.000000 0.000000 0.000000 21.000000 0.000000
15.000000 5.000000 0.000000 0.000000 21.000000 0.000000
15.000000 6.000000 0.000000 0.000000 21.000000 0.000000
15.000000 7.000000 0.000000 0.000000 21.000000 0.000000
15.000000 8.000000 0.000000 0.000000 21.000000 0.000000
15.000000 9.000000 0.000000 0.000000 21.000000 0.000000
15.000000 10.000000 0.000000 0.000000 21.000000 0.000000
15.000000 11.000000 0.000000 0.000000 21.000000 0.000000
15.000000 12.000000 0.000000 0.000000 21.000000 0.000000
15.000000 13.000000 0.000000 0.000000 21.000000 0.000000
15.000000 14.000000 0.000000 0.000000 21.000000 0.000000
15.000000 15.000000 0.000000 0.000000 21.000000 0.000000
15.000000 16.000000 0.000000 0.000000 21.000000 0.000000
15.000000 17.000000 0.000000 0.000000 21.000000 0.000000
15.000000 18.000000 0.000000 0.000000 21.000000 0.000000
15.000000 19.000000 0.000000 0.000000 21.000000 0.000000
15.000000 20.000000 0.000000 0.000000 21.000000 0.000000
15.000000 21.000000 0.000000 0.000000 21.000000 0.000000
15.000000 22.000000 0.000000 0.000000 21.000000 0.000000
15.000000 23.000000 0.000000 0.000000 21.000000 0.000000
15.000000 24.000000 0.000000 0.000000 21.000000 0.000000
15.000000 25.000000 0.000000 0.000000 21.000000 0.000000
15.000000 26.000000 0.000000 0.000000 21.000000 0.000000
15.000000 27.000000 0.000000 0.000000 21.000000 0.000000
15.000000 28.000000 0.000000 0.000000 21.000000 0.000000
15.000000 29.000000 0.000000 0.000000 21.000000 0.000000
15.000000 30.000000 0.000000 0.000000 21.000000 0.000000
15.000000 31.000000 0.000000 0.000000 21.000000 0.000000
15.000000 32.000000 0.000000 0.000000 21.000000 0.000000
15.000000 33.000000 0.000000 0.000000 21.000000 0.000000
15.000000 34.000000 0.000000 0.000000 21.000000 0.000000
15.000000 35.000000 0.000000 0.000000 21.000000 0.000000
15.000000 36.000000 0.000000 0.000000 21.000000 0.000000
15.000000 37.000000 0.000000 0.000000 21.000000 0.000000
15.000000 38.000000 0.000000 0.000000 21.000000 0.000000
15.000000 39.000000 0.000000 0.000000 21.000000 0.000000
15.000000 40.000000 0.000000 0.000000 21.000000 0.000000
15.000000 41.000000 0.000000 0.000000 21.000000 0.000000
15.000000 42.000000 0.000000 0.000000 21.000000 0.000000
15.000000 43.000000 0.000000 0.000000 21.000000 0.000000
15.000000 44.000000 0.000000 0.000000 21.000000 0.000000
15.000000 45.000000 0.000000 0.000000 21.000000 0.000000
15.000000 46.000000 0.000000 0.000000 21.000000 0.000000
15.000000 47.000000 0.000000 0.000000 21.000000 0.000000
15.000000 48.000000 0.000000 0.000000 21.000000 0.000000
15.000000 49.000000 0.000000 0.000000 21.000000 0.000000
16.000000 0.000000 0.000000 0.000000 21.000000 0.000000
16.000000 1.000000 0.000000 0.000000 21.000000 0.000000
16.000000 2.000000 0.000000 0.000000 21.000000 0.000000
16.000000 3.000000 0.000000 0.000000 21.000000 0.000000
16.000000 4.000000 0.000000 0.000000 21.000000 0.000000
16.000000 5.000000 0.000000 0.000000 21.000000 0.000000
16.000000 6.000000 0.000000 0.000000 21.000000 0.000000
16.000000 7.000000 0.000000 0.000000 21.000000 0.000000
16.000000 8.000000 0.000000 0.000000 21.000000 0.000000
16.000000 9.000000 0.000000 0.000000 21.000000 0.005187
16.000000 10.000000 0.000000 0.000000 21.000000 0.042106
16.000000 11.000000 0.036355 0.000000 21.000000 0.136244
16.000000 12.000000 0.399945 0.000000 12.008593 0.465225
16.000000 13.000000 0.831171 0.000000 2.523427 0.818550
16.000000 14.000000 1.000000 0.544873 0.000000 1.000000
16.000000 15.000000 1.000000 0.901478 0.000000 1.000000
16.000000 16.000000 1.000000 0.803279 0.000000 1.000000
16.000000 17.000000 0.794423 0.536725 5.479997 0.749847
16.000000 18.000000 0.238076 0.000000 16.026192 0.323500
16.000000 19.000000 0.024099 0.000000 21.000000 0.125234
16.000000 20.000000 0.000000 0.000000 21.000000 0.067613
16.000000 21.000000 0.000000 0.000000 21.000000 0.073697
16.000000 22.000000 0.000000 0.000000 21.000000 0.090930
16.000000 23.000000 0.036937 0.000000 21.000000 0.136574
16.000000 24.000000 0.073930 0.000000 20.699127 0.168371
16.000000 25.000000 0.106367 0.000000 19.627270 0.201989
16.000000 26.000000 0.148108 0.000000 18.373325 0.242778
16.000000 27.000000 0.232358 0.000000 16.275679 0.316543
16.000000 28.000000 0.243016 0.000000 16.331146 0.319499
16.000000 29.000000 0.214967 0.000000 16.923473 0.297015
16.000000 30.000000 0.178556 0.000000 17.772734 0.266241
16.000000 31.000000 0.123742 0.000000 19.275826 0.215509
16.000000 32.000000 0.121560 0.000000 19.337826 0.213488
16.000000 33.000000 0.133187 0.000000 18.476465 0.235032
16.000000 34.000000 0.144089 0.000000 18.638115 0.235967
16.000000 35.000000 0.149066 0.000000 18.452238 0.241553
16.000000 36.000000 0.169956 0.000000 17.921953 0.260050
16.000000 37.000000 0.175756 0.000000 17.563999 0.269354
16.000000 38.000000 0.131887 0.000000 18.947239 0.225133
16.000000 39.000000 0.141737 0.000000 18.818735 0.231467
16.000000 40.000000 0.114501 0.000000 19.245245 0.212613
16.000000 41.000000 0.077636 0.000000 20.114944 0.181295
16.000000 42.000000 0.024296 0.000000 21.000000 0.135305
16.000000 43.000000 0.031971 0.000000 19.983009 0.166525
16.000000 44.000000 0.000000 0.000000 21.000000 0.104050
16.000000 45.000000 0.013053 0.000000 21.000000 0.115893
16.000000 46.000000 0.001152 0.000000 21.000000 0.105583
16.000000 47.000000 0.096985 0.025147 9.241663 0.407986
16.000000 48.000000 0.000000 0.000000 21.000000 0.094167
16.000000 49.000000 0.000000 0.000000 21.000000 0.080510
17.000000 0.000000 0.000000 0.000000 21.000000 0.000000
17.000000 1.000000 0.000000 0.000000 21.000000 0.000000
17.000000 2.000000 0.000000 0.000000 21.000000 0.000000
17.000000 3.000000 0.000000 0.000000 21.000000 0.000000
17.000000 4.000000 0.000000 0.000000 21.000000 0.000000
17.000000 5.000000 0.000000 0.000000 21.000000 0.000000
17.000000 6.000000 0.000000 0.000000 21.000000 0.003162
17.000000 7.000000 0.000000 0.000000 21.000000 0.004353
17.000000 8.000000 0.000000 0.000000 21.000000 0.033581
17.000000 9.000000 0.000000 0.000000 21.000000 0.059267
17.000000 10.000000 0.122769 0.000000 19.492081 0.210950
17.000000 11.000000 0.571013 0.000000 7.691129 0.616214
17.000000 12.000000 1.000000 0.032914 0.000000 1.000000
17.000000 13.000000 1.000000 0.970569 0.000000 1.000000
17.000000 14.000000 1.000000 0.950714 0.000000 1.000000
17.000000 15.000000 1.000000 0.656378 0.272391 0.933617
17.000000 16.000000 0.507812 0.368510 12.432401 0.502919
17.000000 17.000000 0.101383 0.000000 18.547371 0.221378
17.000000 18.000000 0.000000 0.000000 21.000000 0.075377
17.000000 19.000000 0.000000 0.000000 21.000000 0.056365
17.000000 20.000000 0.000000 0.000000 21.000000 0.082343
17.000000 21.000000 0.012943 0.000000 21.000000 0.115841
17.000000 22.000000 0.044202 0.000000 21.000000 0.142830
17.000000 23.000000 0.095133 0.000000 20.182819 0.186702
17.000000 24.000000 0.150425 0.000000 18.676928 0.237649
17.000000 25.000000 0.194159 0.000000 17.623030 0.275227
17.000000 26.000000 0.232070 0.000000 16.420622 0.313552
17.000000 27.000000 0.250692 0.000000 15.903351 0.330916
17.000000 28.000000 0.218301 0.000000 16.792437 0.300875
17.000000 29.000000 0.193466 0.000000 17.391546 0.279491
17.000000 30.000000 0.154595 0.000000 18.378679 0.245080
17.000000 31.000000 0.182611 0.000000 17.626869 0.270726
17.000000 32.000000 0.268294 0.000000 15.791313 0.339843
17.000000 33.000000 0.343159 0.000000 13.915968 0.405681
17.000000 34.000000 0.384668 0.000000 13.116342 0.437484
17.000000 35.000000 0.390694 0.000000 12.984753 0.442429
17.000000 36.000000 0.354605 0.000000 13.746828 0.413470
17.000000 37.000000 0.236956 0.000000 16.690125 0.310039
17.000000 38.000000 0.206999 0.000000 17.426668 0.283988
17.000000 39.000000 0.163622 0.000000 18.427324 0.247606
17.000000 40.000000 0.127774 0.000000 18.864511 0.225262
17.000000 41.000000 0.079306 0.000000 20.266760 0.178937
17.000000 42.000000 0.061498 0.000000 20.489368 0.167745
17.000000 43.000000 0.022598 0.000000 21.000000 0.129889
17.000000 44.000000 0.000000 0.000000 21.000000 0.088498
17.000000 45.000000 0.000000 0.000000 21.000000 0.102555
17.000000 46.000000 0.000000 0.000000 21.000000 0.098344
17.000000 47.000000 0.000000 0.000000 21.000000 0.091058
17.000000 48.000000 0.000000 0.000000 21.000000 0.100542
17.000000 49.000000 0.000000 0.000000 21.000000 0.100051
18.000000 0.000000 0.000000 0.000000 21.000000 0.000000
18.000000 1.000000 0.000000 0.000000 21.000000 0.000000
18.000000 2.000000 0.000000 0.000000 21.000000 0.000000
18.000000 3.000000 0.000000 0.000000 21.000000 0.000000
18.000000 4.000000 0.000000 0.000000 21.000000 0.000000
18.000000 5.000000 0.000000 0.000000 21.000000 0.000000
18.000000 6.000000 0.000000 0.000000 21.000000 0.000000
18.000000 7.000000 0.000000 0.000000 21.000000 0.000000
18.000000 8.000000 0.000000 0.000000 21.000000 0.000000
18.000000 9.000000 0.000000 0.000000 21.000000 0.000000
18.000000 10.000000 0.000000 0.000000 21.000000 0.000000
18.000000 11.000000 0.000000 0.000000 21.000000 0.000000
18.000000 12.000000 0.000000 0.000000 21.000000 0.000000
18.000000 13.000000 0.000000 0.000000 21.000000 0.000000
18.000000 14.000000 0.000000 0.000000 21.000000 0.000000
18.000000 15.000000 0.000000 0.000000 21.000000 0.000000
18.000000 16.000000 0.000000 0.000000 21.000000 0.000000
18.000000 17.000000 0.000000 0.000000 21.000000 0.000000
18.000000 18.000000 0.000000 0.000000 21.000000 0.000000
18.000000 19.000000 0.000000 0.000000 21.000000 0.000000
18.000000 20.000000 0.000000 0.000000 21.000000 0.000000
18.000000 21.000000 0.000000 0.000000 21.000000 0.000000
18.000000 22.000000 0.000000 0.000000 21.000000 0.000000
18.000000 23.000000 0.000000 0.000000 21.000000 0.000000
18.000000 24.000000 0.000000 0.000000 21.000000 0.000000
18.000000 25.000000 0.000000 0.000000 21.000000 0.000000
18.000000 26.000000 0.000000 0.000000 21.000000 0.000000
18.000000 27.000000 0.000000 0.000000 21.000000 0.000000
18.000000 28.000000 0.000000 0.000000 21.000000 0.000000
18.000000 29.000000 0.000000 0.000000 21.000000 0.000000
18.000000 30.000000 0.000000 0.000000 21.000000 0.000000
18.000000 31.000000 0.000000 0.000000 21.000000 0.000000
18.000000 32.000000 0.000000 0.000000 21.000000 0.000000
18.000000 33.000000 0.000000 0.000000 21.000000 0.000000
18.000000 34.000000 0.000000 0.000000 21.000000 0.000000
18.000000 35.000000 0.000000 0.000000 21.000000 0.000000
18.000000 36.000000 0.000000 0.000000 21.000000 0.000000
18.000000 37.000000 0.000000 0.000000 21.000000 0.000000
18.000000 38.000000 0.000000 0.000000 21.000000 0.000000
18.000000 39.000000 0.000000 0.000000 21.000000 0.000000
18.000000 40.000000 0.000000 0.000000 21.000000 0.000000
18.000000 41.000000 0.000000 0.000000 21.000000 0.000000
18.000000 42.000000 0.000000 0.000000 21.000000 0.000000
18.000000 43.000000 0.000000 0.000000 21.000000 0.000000
18.000000 44.000000 0.000000 0.000000 21.000000 0.000000
18.000000 45.000000 0.000000 0.000000 21.000000 0.000000
18.000000 46.000000 0.000000 0.000000 21.000000 0.000000
18.000000 47.000000 0.000000 0.000000 21.000000 0.000000
18.000000 48.000000 0.000000 0.000000 21.000000 0.000000
18.000000 49.000000 0.000000 0.000000 21.000000 0.000000
19.000000 0.000000 0.000000 0.000000 21.000000 0.000000
19.000000 1.000000 0.000000 0.000000 21.000000 0.000000
19.000000 2.000000 0.000000 0.000000 21.000000 0.000000
19.000000 3.000000 0.000000 0.000000 21.000000 0.000000
19.000000 4.000000 0.000000 0.000000 21.000000 0.000000
19.000000 5.000000 0.000000 0.000000 21.000000 0.000000
19.000000 6.000000 0.000000 0.000000 21.000000 0.000000
19.000000 7.000000 0.000000 0.000000 21.000000 0.000000
19.000000 8.000000 0.000000 0.000000 21.000000 0.000000
19.000000 9.000000 0.000000 0.000000 21.000000 0.000000
19.000000 10.000000 0.000000 0.000000 21.000000 0.000000
19.000000 11.000000 0.000000 0.000000 21.000000 0.000000
19.000000 12.000000 0.000000 0.000000 21.000000 0.000000
19.000000 13.000000 0.000000 0.000000 21.000000 0.000000
19.000000 14.000000 0.000000 0.000000 21.000000 0.000000
19.000000 15.000000 0.000000 0.000000 21.000000 0.000000
19.000000 16.000000 0.000000 0.000000 21.000000 0.000000
19.000000 17.000000 0.000000 0.000000 21.000000 0.000000
19.000000 18.000000 0.000000 0.000000 21.000000 0.000000
19.000000 19.000000 0.000000 0.000000 21.000000 0.000000
19.000000 20.000000 0.000000 0.000000 21.000000 0.000000
19.000000 21.000000 0.000000 0.000000 21.000000 0.000000
19.000000 22.000000 0.000000 0.000000 21.000000 0.000000
19.000000 23.000000 0.000000 0.000000 21.000000 0.000000
19.000000 24.000000 0.000000 0.000000 21.000000 0.000000
19.000000 25.000000 0.000000 0.000000 21.000000 0.000000
19.000000 26.000000 0.000000 0.000000 21.000000 0.000000
19.000000 27.000000 0.000000 0.000000 21.000000 0.000000
19.000000 28.000000 0.000000 0.000000 21.000000 0.000000
19.000000 29.000000 0.000000 0.000000 21.000000 0.000000
19.000000 30.000000 0.000000 0.000000 21.000000 0.000000
19.000000 31.000000 0.000000 0.000000 21.000000 0.000000
19.000000 32.000000 0.000000 0.000000 21.000000 0.000000
19.000000 33.000000 0.000000 0.000000 21.000000 0.000000
19.000000 34.000000 0.000000 0.000000 21.000000 0.000000
19.000000 35.000000 0.000000 0.000000 21.000000 0.000000
19.000000 36.000000 0.000000 0.000000 21.000000 0.000000
19.000000 37.000000 0.000000 0.000000 21.000000 0.000000
19.000000 38.000000 0.000000 0.000000 21.000000 0.000000
19.000000 39.000000 0.000000 0.000000 21.000000 0.000000
19.000000 40.000000 0.000000 0.000000 21.000000 0.000000
19.000000 41.000000 0.000000 0.000000 21.000000 0.000000
19.000000 42.000000 0.000000 0.000000 21.000000 0.000000
19.000000 43.000000 0.000000 0.000000 21.000000 0.000000
19.000000 44.000000 0.000000 0.000000 21.000000 0.000000
19.000000 45.000000 0.000000 0.000000 21.000000 0.000000
19.000000 46.000000 0.000000 0.000000 21.000000 0.000000
19.000000 47.000000 0.000000 0.000000 21.000000 0.000000
19.000000 48.000000 0.000000 0.000000 21.000000 0.000000
19.000000 49.000000 0.000000 0.000000 21.000000 0.000000
20.000000 0.000000 0.000000 0.000000 21.000000 0.000000
20.000000 1.000000 0.000000 0.000000 21.000000 0.000000
20.000000 2.000000 0.000000 0.000000 21.000000 0.000000
20.000000 3.000000 0.000000 0.000000 21.000000 0.000000
20.000000 4.000000 0.000000 0.000000 21.000000 0.000000
20.000000 5.000000 0.000000 0.000000 21.000000 0.000000
20.000000 6.000000 0.000000 0.000000 21.000000 0.000000
20.000000 7.000000 0.000000 0.000000 21.000000 0.000000
20.000000 8.000000 0.000000 0.000000 21.000000 0.000000
20.000000 9.000000 0.000000 0.000000 21.000000 0.010850
20.000000 10.000000 0.000000 0.000000 21.000000 0.027048
20.000000 11.000000 0.000000 0.000000 21.000000 0.056371
20.000000 12.000000 0.002089 0.000000 21.000000 0.106561
20.000000 13.000000 0.150333 0.000000 18.833115 0.234541
20.000000 14.000000 0.381916 0.000000 12.556961 0.447456
20.000000 15.000000 0.823018 0.000000 2.338316 0.819036
20.000000 16.000000 1.000000 0.413231 0.000000 1.000000
20.000000 17.000000 1.000000 0.921327 0.000000 1.000000
20.000000 18.000000 1.000000 0.895846 0.000000 1.000000
20.000000 19.000000 0.975305 0.630130 1.031556 0.906554
20.000000 20.000000 0.462825 0.000000 12.702890 0.478914
20.000000 21.000000 0.115903 0.000000 17.432961 0.249137
20.000000 22.000000 0.000000 0.000000 21.000000 0.100430
20.000000 23.000000 0.000000 0.000000 21.000000 0.078419
20.000000 24.000000 0.000000 0.000000 21.000000 0.089274
20.000000 25.000000 0.000000 0.000000 21.000000 0.094258
20.000000 26.000000 0.000000 0.000000 21.000000 0.101396
20.000000 27.000000 0.017526 0.000000 21.000000 0.119864
20.000000 28.000000 0.089711 0.000000 20.312628 0.182059
20.000000 29.000000 0.097076 0.000000 20.171066 0.187651
20.000000 30.000000 0.124559 0.000000 18.646358 0.228378
20.000000 31.000000 0.149069 0.000000 18.280783 0.244958
20.000000 32.000000 0.153354 0.000000 18.400032 0.244208
20.000000 33.000000 0.190910 0.000000 17.124128 0.283871
20.000000 34.000000 0.179383 0.000000 17.796722 0.266109
20.000000 35.000000 0.167961 0.000000 18.030323 0.257106
20.000000 36.000000 0.143688 0.000000 18.440454 0.239699
20.000000 37.000000 0.089921 0.000000 19.940212 0.189428
20.000000 38.000000 0.041750 0.000000 20.603352 0.157904
20.000000 39.000000 0.019049 0.000000 21.000000 0.138974
20.000000 40.000000 0.038434 0.000000 19.885139 0.170946
20.000000 41.000000 0.049684 0.000000 21.000000 0.151482
20.000000 42.000000 0.053287 0.000000 21.000000 0.153775
20.000000 43.000000 0.032690 0.000000 21.000000 0.138858
20.000000 44.000000 0.038468 0.000000 20.171982 0.165259
20.000000 45.000000 0.042193 0.000000 20.885595 0.152520
20.000000 46.000000 0.053487 0.000000 20.613058 0.162241
20.000000 47.000000 0.055011 0.000000 21.000000 0.154535
20.000000 48.000000 0.031667 0.000000 21.000000 0.143295
20.000000 49.000000 0.077337 0.000000 19.263191 0.198147
21.000000 0.000000 0.000000 0.000000 21.000000 0.000000
21.000000 1.000000 0.000000 0.000000 21.000000 0.000000
21.000000 2.000000 0.000000 0.000000 21.000000 0.000000
21.000000 3.000000 0.000000 0.000000 21.000000 0.000000
21.000000 4.000000 0.000000 0.000000 21.000000 0.000000
21.000000 5.000000 0.000000 0.000000 21.000000 0.000000
21.000000 6.000000 0.000000 0.000000 21.000000 0.000000
21.000000 7.000000 0.000000 0.000000 21.000000 0.000000
21.000000 8.000000 0.000000 0.000000 21.000000 0.000000
21.000000 9.000000 0.000000 0.000000 21.000000 0.000000
21.000000 10.000000 0.000000 0.000000 21.000000 0.000000
21.000000 11.000000 0.000000 0.000000 21.000000 0.000000
21.000000 12.000000 0.000000 0.000000 21.000000 0.000000
21.000000 13.000000 0.000000 0.000000 21.000000 0.002745
21.000000 14.000000 0.000000 0.000000 21.000000 0.000305
21.000000 15.000000 0.000000 0.000000 21.000000 0.042825
21.000000 16.000000 0.097531 0.000000 20.113232 0.189001
21.000000 17.000000 0.359120 0.000000 12.889428 0.432183
21.000000 18.000000 0.885781 0.000000 0.778808 0.873846
21.000000 19.000000 1.000000 0.702477 0.000000 1.000000
21.000000 20.000000 1.000000 0.984810 0.000000 1.000000
21.000000 21.000000 1.000000 0.856568 0.000000 1.000000
21.000000 22.000000 0.831704 0.551561 4.560503 0.782211
21.000000 23.000000 0.273191 0.000000 14.161733 0.374044
21.000000 24.000000 0.036138 0.000000 21.000000 0.135580
21.000000 25.000000 0.000000 0.000000 21.000000 0.098576
21.000000 26.000000 0.000000 0.000000 21.000000 0.101947
21.000000 27.000000 0.008521 0.000000 21.000000 0.112054
21.000000 28.000000 0.051729 0.000000 21.000000 0.149390
21.000000 29.000000 0.100358 0.000000 19.695225 0.198366
21.000000 30.000000 0.167000 0.000000 18.239714 0.252648
21.000000 31.000000 0.184895 0.000000 17.789110 0.268391
21.000000 32.000000 0.254390 0.000000 15.692434 0.336527
21.000000 33.000000 0.249420 0.000000 16.171759 0.325103
21.000000 34.000000 0.266747 0.000000 15.482963 0.345372
21.000000 35.000000 0.189352 0.000000 17.777109 0.270272
21.000000 36.000000 0.211807 0.000000 16.592083 0.302390
21.000000 37.000000 0.115983 0.000000 19.393354 0.210195
21.000000 38.000000 0.044819 0.000000 20.698479 0.157164
21.000000 39.000000 0.000000 0.000000 21.000000 0.118383
21.000000 40.000000 0.000000 0.000000 21.000000 0.078181
21.000000 41.000000 0.000000 0.000000 21.000000 0.069389
21.000000 42.000000 0.000000 0.000000 21.000000 0.092301
21.000000 43.000000 0.000033 0.000000 21.000000 0.104683
21.000000 44.000000 0.000000 0.000000 21.000000 0.100542
21.000000 45.000000 0.000000 0.000000 21.000000 0.095552
21.000000 46.000000 0.000000 0.000000 21.000000 0.092207
21.000000 47.000000 0.015739 0.000000 21.000000 0.118280
21.000000 48.000000 0.030824 0.000000 21.000000 0.131193
21.000000 49.000000 0.042447 0.000000 21.000000 0.141116
22.000000 0.000000 0.000000 0.000000 21.000000 0.000000
22.000000 1.000000 0.000000 0.000000 21.000000 0.000000
22.000000 2.000000 0.000000 0.000000 21.000000 0.000000
22.000000 3.000000 0.000000 0.000000 21.000000 0.000000
22.000000 4.000000 0.000000 0.000000 21.000000 0.000000
22.000000 5.000000 0.000000 0.000000 21.000000 0.000000
22.000000 6.000000 0.000000 0.000000 21.000000 0.000000
22.000000 7.000000 0.000000 0.000000 21.000000 0.000000
22.000000 8.000000 0.000000 0.000000 21.000000 0.000000
22.000000 9.000000 0.000000 0.000000 21.000000 0.000000
22.000000 10.000000 0.000000 0.000000 21.000000 0.000000
22.000000 11.000000 0.000000 0.000000 21.000000 0.000000
22.000000 12.000000 0.000000 0.000000 21.000000 0.000000
22.000000 13.000000 0.000000 0.000000 21.000000 0.000000
22.000000 14.000000 0.000000 0.000000 21.000000 0.000000
22.000000 15.000000 0.000000 0.000000 21.000000 0.000000
22.000000 16.000000 0.000000 0.000000 21.000000 0.000000
22.000000 17.000000 0.000000 0.000000 21.000000 0.000000
22.000000 18.000000 0.000000 0.000000 21.000000 0.000000
22.000000 19.000000 0.000000 0.000000 21.000000 0.000000
22.000000 20.000000 0.000000 0.000000 21.000000 0.000000
22.000000 21.000000 0.000000 0.000000 21.000000 0.000000
22.000000 22.000000 0.000000 0.000000 21.000000 0.000000
22.000000 23.000000 0.000000 0.000000 21.000000 0.000000
22.000000 24.000000 0.000000 0.000000 21.000000 0.000000
22.000000 25.000000 0.000000 0.000000 21.000000 0.000000
22.000000 26.000000 0.000000 0.000000 21.000000 0.000000
22.000000 27.000000 0.000000 0.000000 21.000000 0.000000
22.000000 28.000000 0.000000 0.000000 21.000000 0.000000
22.000000 29.000000 0.000000 0.000000 21.000000 0.000000
22.000000 30.000000 0.000000 0.000000 21.000000 0.000000
22.000000 31.000000 0.000000 0.000000 21.000000 0.000000
22.000000 32.000000 0.000000 0.000000 21.000000 0.000000
22.000000 33.000000 0.000000 0.000000 21.000000 0.000000
22.000000 34.000000 0.000000 0.000000 21.000000 0.000000
22.000000 35.000000 0.000000 0.000000 21.000000 0.000000
22.000000 36.000000 0.000000 0.000000 21.000000 0.000000
22.000000 37.000000 0.000000 0.000000 21.000000 0.000000
22.000000 38.000000 0.000000 0.000000 21.000000 0.000000
22.000000 39.000000 0.000000 0.000000 21.000000 0.000000
22.000000 40.000000 0.000000 0.000000 21.000000 0.000000
22.000000 41.000000 0.000000 0.000000 21.000000 0.000000
22.000000 42.000000 0.000000 0.000000 21.000000 0.000000
22.000000 43.000000 0.000000 0.000000 21.000000 0.000000
22.000000 44.000000 0.000000 0.000000 21.000000 0.000000
22.000000 45.000000 0.000000 0.000000 21.000000 0.000000
22.000000 46.000000 0.000000 0.000000 21.000000 0.000000
22.000000 47.000000 0.000000 0.000000 21.000000 0.000000
22.000000 48.000000 0.000000 0.000000 21.000000 0.000000
22.000000 49.000000 0.000000 0.000000 21.000000 0.000000
23.000000 0.000000 0.000000 0.000000 21.000000 0.000000
23.000000 1.000000 0.000000 0.000000 21.000000 0.000000
23.000000 2.000000 0.000000 0.000000 21.000000 0.000000
23.000000 3.000000 0.000000 0.000000 21.000000 0.000000
23.000000 4.000000 0.000000 0.000000 21.000000 0.000000
23.000000 5.000000 0.000000 0.000000 21.000000 0.000000
23.000000 6.000000 0.000000 0.000000 21.000000 0.000000
23.000000 7.000000 0.000000 0.000000 21.000000 0.000000
23.000000 8.000000 0.000000 0.000000 21.000000 0.000000
23.000000 9.000000 0.000000 0.000000 21.000000 0.000000
23.000000 10.000000 0.000000 0.000000 21.000000 0.000000
23.000000 11.000000 0.000000 0.000000 21.000000 0.000000
23.000000 12.000000 0.000000 0.000000 21.000000 0.000000
23.000000 13.000000 0.000000 0.000000 21.000000 0.000000
23.000000 14.000000 0.000000 0.000000 21.000000 0.000000
23.000000 15.000000 0.000000 0.000000 21.000000 0.000000
23.000000 16.000000 0.000000 0.000000 21.000000 0.029504
23.000000 17.000000 0.000000 0.000000 21.000000 0.094636
23.000000 18.000000 0.041264 0.000000 21.000000 0.140313
23.000000 19.000000 0.187324 0.000000 16.894274 0.287159
23.000000 20.000000 0.342852 0.000000 13.925102 0.405365
23.000000 21.000000 0.666016 0.000000 6.065383 0.684950
23.000000 22.000000 1.000000 0.078542 0.000000 1.000000
23.000000 23.000000 1.000000 0.844275 0.000000 1.000000
23.000000 24.000000 1.000000 0.914722 0.000000 1.000000
23.000000 25.000000 0.982949 0.644909 0.889369 0.912275
23.000000 26.000000 0.504764 0.360919 12.508960 0.500279
23.000000 27.000000 0.130952 0.000000 17.559399 0.252327
23.000000 28.000000 0.009768 0.000000 21.000000 0.113011
23.000000 29.000000 0.019464 0.000000 21.000000 0.121451
23.000000 30.000000 0.051993 0.000000 21.000000 0.149540
23.000000 31.000000 0.086551 0.000000 20.383842 0.179442
23.000000 32.000000 0.127345 0.000000 19.400433 0.214516
23.000000 33.000000 0.155005 0.000000 18.645445 0.240022
23.000000 34.000000 0.207702 0.000000 17.208973 0.288616
23.000000 35.000000 0.264623 0.000000 15.823408 0.337827
23.000000 36.000000 0.321417 0.000000 14.382421 0.388124
23.000000 37.000000 0.289391 0.000000 15.322937 0.357251
23.000000 38.000000 0.206456 0.000000 17.327406 0.285740
23.000000 39.000000 0.175249 0.000000 17.799978 0.264448
23.000000 40.000000 0.145028 0.000000 18.398674 0.241058
23.000000 41.000000 0.118230 0.000000 19.397396 0.211027
23.000000 42.000000 0.107993 0.000000 18.814463 0.218705
23.000000 43.000000 0.085984 0.000000 20.305977 0.180708
23.000000 44.000000 0.078550 0.000000 19.886572 0.186203
23.000000 45.000000 0.094931 0.000000 19.640783 0.197334
23.000000 46.000000 0.145077 0.000000 18.193283 0.245198
23.000000 47.000000 0.163269 0.000000 18.163889 0.252688
23.000000 48.000000 0.183040 0.000000 17.718161 0.269075
23.000000 49.000000 0.175671 0.000000 18.062548 0.259431
24.000000 0.000000 0.000000 0.000000 21.000000 0.000000
24.000000 1.000000 0.000000 0.000000 21.000000 0.000000
24.000000 2.000000 0.000000 0.000000 21.000000 0.000000
24.000000 3.000000 0.000000 0.000000 21.000000 0.000000
24.000000 4.000000 0.000000 0.000000 21.000000 0.000000
24.000000 5.000000 0.000000 0.000000 21.000000 0.000000
24.000000 6.000000 0.000000 0.000000 21.000000 0.000000
24.000000 7.000000 0.000000 0.000000 21.000000 0.000000
24.000000 8.000000 0.000000 0.000000 21.000000 0.000000
24.000000 9.000000 0.000000 0.000000 21.000000 0.000000
24.000000 10.000000 0.000000 0.000000 21.000000 0.000000
24.000000 11.000000 0.000000 0.000000 21.000000 0.000000
24.000000 12.000000 0.000000 0.000000 21.000000 0.000000
24.000000 13.000000 0.000000 0.000000 21.000000 0.000000
24.000000 14.000000 0.000000 0.000000 21.000000 0.000000
24.000000 15.000000 0.000000 0.000000 21.000000 0.000000
24.000000 16.000000 0.000000 0.000000 21.000000 0.000000
24.000000 17.000000 0.000000 0.000000 21.000000 0.000000
24.000000 18.000000 0.000000 0.000000 21.000000 0.000000
24.000000 19.000000 0.000000 0.000000 21.000000 0.000000
24.000000 20.000000 0.000000 0.000000 21.000000 0.000000
24.000000 21.000000 0.000000 0.000000 21.000000 0.000000
24.000000 22.000000 0.000000 0.000000 21.000000 0.000000
24.000000 23.000000 0.000000 0.000000 21.000000 0.000000
24.000000 24.000000 0.000000 0.000000 21.000000 0.000000
24.000000 25.000000 0.000000 0.000000 21.000000 0.000000
24.000000 26.000000 0.000000 0.000000 21.000000 0.000000
24.000000 27.000000 0.000000 0.000000 21.000000 0.000000
24.000000 28.000000 0.000000 0.000000 21.000000 0.000000
24.000000 29.000000 0.000000 0.000000 21.000000 0.000000
24.000000 30.000000 0.000000 0.000000 21.000000 0.000000
24.000000 31.000000 0.000000 0.000000 21.000000 0.000000
24.000000 32.000000 0.000000 0.000000 21.000000 0.000000
24.000000 33.000000 0.000000 0.000000 21.000000 0.000000
24.000000 34.000000 0.000000 0.000000 21.000000 0.000000
24.000000 35.000000 0.000000 0.000000 21.000000 0.000000
24.000000 36.000000 0.000000 0.000000 21.000000 0.000000
24.000000 37.000000 0.000000 0.000000 21.000000 0.000000
24.000000 38.000000 0.000000 0.000000 21.000000 0.000000
24.000000 39.000000 0.000000 0.000000 21.000000 0.000000
24.000000 40.000000 0.000000 0.000000 21.000000 0.000000
24.000000 41.000000 0.000000 0.000000 21.000000 0.000000
24.000000 42.000000 0.000000 0.000000 21.000000 0.000000
24.000000 43.000000 0.000000 0.000000 21.000000 0.000000
24.000000 44.000000 0.000000 0.000000 21.000000 0.000000
24.000000 45.000000 0.000000 0.000000 21.000000 0.000000
24.000000 46.000000 0.000000 0.000000 21.000000 0.000000
24.000000 47.000000 0.000000 0.000000 21.000000 0.000000
24.000000 48.000000 0.000000 0.000000 21.000000 0.000000
24.000000 49.000000 0.000000 0.000000 21.000000 0.000000
25.000000 0.000000 0.000000 0.000000 21.000000 0.000000
25.000000 1.000000 0.000000 0.000000 21.000000 0.000000
25.000000 2.000000 0.000000 0.000000 21.000000 0.000000
25.000000 3.000000 0.000000 0.000000 21.000000 0.000000
25.000000 4.000000 0.000000 0.000000 21.000000 0.000000
25.000000 5.000000 0.000000 0.000000 21.000000 0.000000
25.000000 6.000000 0.000000 0.000000 21.000000 0.000000
25.000000 7.000000 0.000000 0.000000 21.000000 0.000000
25.000000 8.000000 0.000000 0.000000 21.000000 0.000000
25.000000 9.000000 0.000000 0.000000 21.000000 0.000000
25.000000 10.000000 0.000000 0.000000 21.000000 0.000000
25.000000 11.000000 0.000000 0.000000 21.000000 0.003996
25.000000 12.000000 0.000000 0.000000 21.000000 0.001555
25.000000 13.000000 0.000000 0.000000 21.000000 0.007570
25.000000 14.000000 0.000000 0.000000 21.000000 0.094805
25.000000 15.000000 0.222863 0.000000 17.069704 0.297186
25.000000 16.000000 0.505527 0.000000 9.690678 0.551552
25.000000 17.000000 0.905933 0.000000 0.724950 0.883375
25.000000 18.000000 1.000000 0.620557 0.000000 1.000000
25.000000 19.000000 1.000000 0.890640 0.000000 1.000000
25.000000 20.000000 1.000000 0.721219 0.000000 1.000000
25.000000 21.000000 0.659916 0.480951 8.801015 0.632845
25.000000 22.000000 0.187746 0.000000 15.992868 0.305104
25.000000 23.000000 0.000000 0.000000 21.000000 0.078807
25.000000 24.000000 0.000000 0.000000 21.000000 0.034561
25.000000 25.000000 0.000000 0.000000 21.000000 0.048816
25.000000 26.000000 0.000000 0.000000 21.000000 0.078617
25.000000 27.000000 0.003715 0.000000 21.000000 0.107908
25.000000 28.000000 0.029085 0.000000 21.000000 0.129832
25.000000 29.000000 0.070283 0.000000 20.788641 0.165197
25.000000 30.000000 0.175144 0.000000 17.741114 0.265668
25.000000 31.000000 0.222793 0.000000 16.853319 0.301426
25.000000 32.000000 0.289795 0.000000 15.275665 0.358312
25.000000 33.000000 0.324057 0.000000 14.509757 0.386627
25.000000 34.000000 0.327139 0.000000 14.348316 0.391011
25.000000 35.000000 0.273551 0.000000 15.577239 0.346113
25.000000 36.000000 0.162541 0.000000 18.551943 0.244668
25.000000 37.000000 0.117886 0.000000 19.574148 0.207395
25.000000 38.000000 0.119656 0.000000 18.754843 0.224354
25.000000 39.000000 0.118032 0.000000 19.039223 0.218081
25.000000 40.000000 0.136149 0.000000 18.619173 0.233333
25.000000 41.000000 0.157918 0.000000 18.050358 0.252916
25.000000 42.000000 0.125801 0.000000 19.237823 0.217067
25.000000 43.000000 0.081507 0.000000 19.805450 0.188898
25.000000 44.000000 0.036726 0.000000 21.000000 0.139170
25.000000 45.000000 0.053474 0.000000 20.384590 0.166769
25.000000 46.000000 0.052028 0.000000 21.000000 0.152128
25.000000 47.000000 0.059082 0.000000 20.723093 0.162201
25.000000 48.000000 0.055007 0.000000 20.897619 0.157182
25.000000 49.000000 0.051624 0.000000 20.795822 0.157904
26.000000 0.000000 0.000000 0.000000 21.000000 0.000000
26.000000 1.000000 0.000000 0.000000 21.000000 0.000000
26.000000 2.000000 0.000000 0.000000 21.000000 0.000000
26.000000 3.000000 0.000000 0.000000 21.000000 0.000000
26.000000 4.000000 0.000000 0.000000 21.000000 0.000000
26.000000 5.000000 0.000000 0.000000 21.000000 0.000000
26.000000 6.000000 0.000000 0.000000 21.000000 0.000000
26.000000 7.000000 0.000000 0.000000 21.000000 0.000000
26.000000 8.000000 0.000000 0.000000 21.000000 0.000000
26.000000 9.000000 0.000000 0.000000 21.000000 0.000000
26.000000 10.000000 0.000000 0.000000 21.000000 0.003936
26.000000 11.000000 0.000000 0.000000 21.000000 0.011268
26.000000 12.000000 0.000000 0.000000 21.000000 0.018911
26.000000 13.000000 0.000000 0.000000 21.000000 0.045835
26.000000 14.000000 0.000000 0.000000 21.000000 0.097556
26.000000 15.000000 0.142207 0.000000 19.025906 0.227615
26.000000 16.000000 0.538932 0.000000 8.363890 0.590661
26.000000 17.000000 1.000000 0.016013 0.000000 1.000000
26.000000 18.000000 1.000000 0.955302 0.000000 1.000000
26.000000 19.000000 1.000000 1.000000 0.000000 1.000000
26.000000 20.000000 1.000000 0.778517 0.000000 1.000000
26.000000 21.000000 0.667786 0.457050 8.563953 0.640576
26.000000 22.000000 0.158238 0.000000 17.780434 0.258266
26.000000 23.000000 0.000000 0.000000 21.000000 0.086581
26.000000 24.000000 0.000000 0.000000 21.000000 0.053124
26.000000 25.000000 0.000000 0.000000 21.000000 0.049146
26.000000 26.000000 0.000000 0.000000 21.000000 0.035683
26.000000 27.000000 0.000000 0.000000 21.000000 0.014072
26.000000 28.000000 0.000000 0.000000 21.000000 0.016940
26.000000 29.000000 0.000000 0.000000 21.000000 0.016879
26.000000 30.000000 0.000000 0.000000 21.000000 0.027887
26.000000 31.000000 0.000000 0.000000 21.000000 0.036042
26.000000 32.000000 0.000000 0.000000 21.000000 0.040125
26.000000 33.000000 0.000000 0.000000 21.000000 0.070447
26.000000 34.000000 0.000000 0.000000 21.000000 0.085588
26.000000 35.000000 0.000000 0.000000 21.000000 0.093421
26.000000 36.000000 0.028683 0.000000 21.000000 0.129467
26.000000 37.000000 0.086241 0.000000 19.771902 0.191454
26.000000 38.000000 0.116293 0.000000 19.338858 0.211486
26.000000 39.000000 0.117654 0.000000 19.348080 0.211802
26.000000 40.000000 0.133900 0.000000 18.688643 0.231081
26.000000 41.000000 0.164823 0.000000 17.854771 0.259429
26.000000 42.000000 0.167276 0.000000 18.122885 0.255021
26.000000 43.000000 0.137630 0.000000 18.660154 0.233030
26.000000 44.000000 0.119621 0.000000 19.114145 0.217158
26.000000 45.000000 0.104212 0.000000 19.506165 0.203520
26.000000 46.000000 0.106380 0.000000 19.668285 0.201153
26.000000 47.000000 0.044963 0.000000 21.000000 0.149210
26.000000 48.000000 0.040634 0.000000 21.000000 0.147843
26.000000 49.000000 0.021331 0.000000 21.000000 0.127503
27.000000 0.000000 0.000000 0.000000 21.000000 0.000000
27.000000 1.000000 0.000000 0.000000 21.000000 0.000000
27.000000 2.000000 0.000000 0.000000 21.000000 0.000000
27.000000 3.000000 0.000000 0.000000 21.000000 0.000000
27.000000 4.000000 0.000000 0.000000 21.000000 0.000000
27.000000 5.000000 0.000000 0.000000 21.000000 0.000000
27.000000 6.000000 0.000000 0.000000 21.000000 0.000000
27.000000 7.000000 0.000000 0.000000 21.000000 0.000000
27.000000 8.000000 0.000000 0.000000 21.000000 0.000000
27.000000 9.000000 0.000000 0.000000 21.000000 0.000000
27.000000 10.000000 0.000000 0.000000 21.000000 0.000000
27.000000 11.000000 0.000000 0.000000 21.000000 0.000000
27.000000 12.000000 0.000000 0.000000 21.000000 0.000000
27.000000 13.000000 0.000000 0.000000 21.000000 0.000000
27.000000 14.000000 0.000000 0.000000 21.000000 0.000000
27.000000 15.000000 0.000000 0.000000 21.000000 0.000000
27.000000 16.000000 0.000000 0.000000 21.000000 0.000000
27.000000 17.000000 0.000000 0.000000 21.000000 0.000000
27.000000 18.000000 0.000000 0.000000 21.000000 0.000000
27.000000 19.000000 0.000000 0.000000 21.000000 0.000000
27.000000 20.000000 0.000000 0.000000 21.000000 0.000000
27.000000 21.000000 0.000000 0.000000 21.000000 0.000000
27.000000 22.000000 0.000000 0.000000 21.000000 0.000000
27.000000 23.000000 0.000000 0.000000 21.000000 0.000000
27.000000 24.000000 0.000000 0.000000 21.000000 0.000000
27.000000 25.000000 0.000000 0.000000 21.000000 0.000000
27.000000 26.000000 0.000000 0.000000 21.000000 0.000000
27.000000 27.000000 0.000000 0.000000 21.000000 0.000000
27.000000 28.000000 0.000000 0.000000 21.000000 0.000000
27.000000 29.000000 0.000000 0.000000 21.000000 0.000000
27.000000 30.000000 0.000000 0.000000 21.000000 0.000000
27.000000 31.000000 0.000000 0.000000 21.000000 0.000000
27.000000 32.000000 0.000000 0.000000 21.000000 0.000000
27.000000 33.000000 0.000000 0.000000 21.000000 0.000000
27.000000 34.000000 0.000000 0.000000 21.000000 0.000000
27.000000 35.000000 0.000000 0.000000 21.000000 0.000000
27.000000 36.000000 0.000000 0.000000 21.000000 0.000000
27.000000 37.000000 0.000000 0.000000 21.000000 0.000000
27.000000 38.000000 0.000000 0.000000 21.000000 0.000000
27.000000 39.000000 0.000000 0.000000 21.000000 0.000000
27.000000 40.000000 0.000000 0.000000 21.000000 0.000000
27.000000 41.000000 0.000000 0.000000 21.000000 0.000000
27.000000 42.000000 0.000000 0.000000 21.000000 0.000000
27.000000 43.000000 0.000000 0.000000 21.000000 0.000000
27.000000 44.000000 0.000000 0.000000 21.000000 0.000000
27.000000 45.000000 0.000000 0.000000 21.000000 0.000000
27.000000 46.000000 0.000000 0.000000 21.000000 0.000000
27.000000 47.000000 0.000000 0.000000 21.000000 0.000000
27.000000 48.000000 0.000000 0.000000 21.000000 0.000000
27.000000 49.000000 0.000000 0.000000 21.000000 0.000000
28.000000 0.000000 0.000000 0.000000 21.000000 0.000000
28.000000 1.000000 0.000000 0.000000 21.000000 0.000000
28.000000 2.000000 0.000000 0.000000 21.000000 0.000000
28.000000 3.000000 0.000000 0.000000 21.000000 0.000000
28.000000 4.000000 0.000000 0.000000 21.000000 0.000000
28.000000 5.000000 0.000000 0.000000 21.000000 0.000000
28.000000 6.000000 0.000000 0.000000 21.000000 0.000000
28.000000 7.000000 0.000000 0.000000 21.000000 0.001138
28.000000 8.000000 0.000000 0.000000 21.000000 0.023815
28.000000 9.000000 0.000000 0.000000 21.000000 0.044931
28.000000 10.000000 0.000000 0.000000 21.000000 0.078680
28.000000 11.000000 0.011315 0.000000 21.000000 0.114492
28.000000 12.000000 0.210649 0.000000 15.427640 0.325281
28.000000 13.000000 0.644168 0.000000 6.137500 0.675007
28.000000 14.000000 1.000000 0.237415 0.000000 1.000000
28.000000 15.000000 1.000000 0.995214 0.000000 1.000000
28.000000 16.000000 1.000000 0.987597 0.000000 1.000000
28.000000 17.000000 1.000000 0.669591 0.000000 0.986844
28.000000 18.000000 0.459292 0.342524 13.640963 0.460491
28.000000 19.000000 0.031841 0.000000 21.000000 0.142679
28.000000 20.000000 0.000000 0.000000 21.000000 0.030027
28.000000 21.000000 0.000000 0.000000 21.000000 0.005615
28.000000 22.000000 0.000000 0.000000 21.000000 0.000000
28.000000 23.000000 0.000000 0.000000 21.000000 0.000000
28.000000 24.000000 0.000000 0.000000 21.000000 0.000000
28.000000 25.000000 0.000000 0.000000 21.000000 0.000000
28.000000 26.000000 0.000000 0.000000 21.000000 0.000000
28.000000 27.000000 0.000000 0.000000 21.000000 0.000000
28.000000 28.000000 0.000000 0.000000 21.000000 0.000000
28.000000 29.000000 0.000000 0.000000 21.000000 0.000000
28.000000 30.000000 0.000000 0.000000 21.000000 0.000000
28.000000 31.000000 0.000000 0.000000 21.000000 0.009657
28.000000 32.000000 0.000000 0.000000 21.000000 0.019748
28.000000 33.000000 0.000000 0.000000 21.000000 0.026689
28.000000 34.000000 0.000000 0.000000 21.000000 0.041747
28.000000 35.000000 0.000000 0.000000 21.000000 0.068688
28.000000 36.000000 0.000000 0.000000 21.000000 0.073650
28.000000 37.000000 0.015234 0.000000 21.000000 0.117852
28.000000 38.000000 0.057725 0.000000 21.000000 0.154431
28.000000 39.000000 0.097816 0.000000 20.003988 0.191259
28.000000 40.000000 0.133407 0.000000 18.908981 0.226547
28.000000 41.000000 0.153993 0.000000 18.330084 0.245869
28.000000 42.000000 0.157456 0.000000 18.252829 0.248698
28.000000 43.000000 0.098130 0.000000 19.952442 0.192320
28.000000 44.000000 0.084128 0.000000 19.528034 0.195417
28.000000 45.000000 0.065266 0.000000 19.640717 0.185985
28.000000 46.000000 0.030489 0.000000 21.000000 0.144870
28.000000 47.000000 0.051791 0.000000 17.432171 0.224890
28.000000 48.000000 0.002339 0.000000 21.000000 0.112927
28.000000 49.000000 0.113384 0.034797 8.848455 0.422133
29.000000 0.000000 0.000000 0.000000 21.000000 0.000000
29.000000 1.000000 0.000000 0.000000 21.000000 0.000000
29.000000 2.000000 0.000000 0.000000 21.000000 0.000000
29.000000 3.000000 0.000000 0.000000 21.000000 0.000000
29.000000 4.000000 0.000000 0.000000 21.000000 0.000000
29.000000 5.000000 0.000000 0.000000 21.000000 0.000000
29.000000 6.000000 0.000000 0.000000 21.000000 0.000000
29.000000 7.000000 0.000000 0.000000 21.000000 0.000000
29.000000 8.000000 0.000000 0.000000 21.000000 0.000000
29.000000 9.000000 0.000000 0.000000 21.000000 0.000000
29.000000 10.000000 0.000000 0.000000 21.000000 0.000000
29.000000 11.000000 0.000000 0.000000 21.000000 0.000000
29.000000 12.000000 0.000000 0.000000 21.000000 0.000000
29.000000 13.000000 0.000000 0.000000 21.000000 0.000000
29.000000 14.000000 0.000000 0.000000 21.000000 0.000000
29.000000 15.000000 0.000000 0.000000 21.000000 0.000000
29.000000 16.000000 0.000000 0.000000 21.000000 0.000000
29.000000 17.000000 0.000000 0.000000 21.000000 0.000000
29.000000 18.000000 0.000000 0.000000 21.000000 0.000000
29.000000 19.000000 0.000000 0.000000 21.000000 0.000000
29.000000 20.000000 0.000000 0.000000 21.000000 0.000000
29.000000 21.000000 0.000000 0.000000 21.000000 0.000000
29.000000 22.000000 0.000000 0.000000 21.000000 0.000000
29.000000 23.000000 0.000000 0.000000 21.000000 0.000000
29.000000 24.000000 0.000000 0.000000 21.000000 0.000000
29.000000 25.000000 0.000000 0.000000 21.000000 0.000000
29.000000 26.000000 0.000000 0.000000 21.000000 0.000000
29.000000 27.000000 0.000000 0.000000 21.000000 0.000000
29.000000 28.000000 0.000000 0.000000 21.000000 0.000000
29.000000 29.000000 0.000000 0.000000 21.000000 0.000000
29.000000 30.000000 0.000000 0.000000 21.000000 0.000000
29.000000 31.000000 0.000000 0.000000 21.000000 0.000000
29.000000 32.000000 0.000000 0.000000 21.000000 0.000000
29.000000 33.000000 0.000000 0.000000 21.000000 0.000000
29.000000 34.000000 0.000000 0.000000 21.000000 0.000000
29.000000 35.000000 0.000000 0.000000 21.000000 0.000000
29.000000 36.000000 0.000000 0.000000 21.000000 0.000000
29.000000 37.000000 0.000000 0.000000 21.000000 0.000000
29.000000 38.000000 0.000000 0.000000 21.000000 0.000000
29.000000 39.000000 0.000000 0.000000 21.000000 0.000000
29.000000 40.000000 0.000000 0.000000 21.000000 0.000000
29.000000 41.000000 0.000000 0.000000 21.000000 0.000000
29.000000 42.000000 0.000000 0.000000 21.000000 0.000000
29.000000 43.000000 0.000000 0.000000 21.000000 0.000000
29.000000 44.000000 0.000000 0.000000 21.000000 0.000000
29.000000 45.000000 0.000000 0.000000 21.000000 0.000000
29.000000 46.000000 0.000000 0.000000 21.000000 0.000000
29.000000 47.000000 0.000000 0.000000 21.000000 0.000000
29.000000 48.000000 0.000000 0.000000 21.000000 0.000000
29.000000 49.000000 0.000000 0.000000 21.000000 0.000000
30.000000 0.000000 0.000000 0.000000 21.000000 0.000000
30.000000 1.000000 0.000000 0.000000 21.000000 0.000000
30.000000 2.000000 0.000000 0.000000 21.000000 0.000000
30.000000 3.000000 0.000000 0.000000 21.000000 0.000000
30.000000 4.000000 0.000000 0.000000 21.000000 0.000000
30.000000 5.000000 0.000000 0.000000 21.000000 0.000000
30.000000 6.000000 0.000000 0.000000 21.000000 0.000000
30.000000 7.000000 0.000000 0.000000 21.000000 0.000000
30.000000 8.000000 0.000000 0.000000 21.000000 0.000000
30.000000 9.000000 0.000000 0.000000 21.000000 0.000000
30.000000 10.000000 0.000000 0.000000 21.000000 0.000000
30.000000 11.000000 0.000000 0.000000 21.000000 0.000000
30.000000 12.000000 0.000000 0.000000 21.000000 0.000000
30.000000 13.000000 0.000000 0.000000 21.000000 0.000000
30.000000 14.000000 0.000000 0.000000 21.000000 0.000000
30.000000 15.000000 0.000000 0.000000 21.000000 0.000000
30.000000 16.000000 0.000000 0.000000 21.000000 0.000000
30.000000 17.000000 0.000000 0.000000 21.000000 0.000000
30.000000 18.000000 0.000000 0.000000 21.000000 0.000000
30.000000 19.000000 0.000000 0.000000 21.000000 0.000000
30.000000 20.000000 0.000000 0.000000 21.000000 0.000000
30.000000 21.000000 0.000000 0.000000 21.000000 0.000000
30.000000 22.000000 0.000000 0.000000 21.000000 0.000000
30.000000 23.000000 0.000000 0.000000 21.000000 0.000000
30.000000 24.000000 0.000000 0.000000 21.000000 0.000000
30.000000 25.000000 0.000000 0.000000 21.000000 0.000000
30.000000 26.000000 0.000000 0.000000 21.000000 0.000000
30.000000 27.000000 0.000000 0.000000 21.000000 0.000000
30.000000 28.000000 0.000000 0.000000 21.000000 0.000000
30.000000 29.000000 0.000000 0.000000 21.000000 0.000000
30.000000 30.000000 0.000000 0.000000 21.000000 0.000000
30.000000 31.000000 0.000000 0.000000 21.000000 0.000000
30.000000 32.000000 0.000000 0.000000 21.000000 0.000000
30.000000 33.000000 0.000000 0.000000 21.000000 0.000000
30.000000 34.000000 0.000000 0.000000 21.000000 0.000000
30.000000 35.000000 0.000000 0.000000 21.000000 0.000000
30.000000 36.000000 0.000000 0.000000 21.000000 0.000000
30.000000 37.000000 0.000000 0.000000 21.000000 0.000000
30.000000 38.000000 0.000000 0.000000 21.000000 0.000000
30.000000 39.000000 0.000000 0.000000 21.000000 0.000000
30.000000 40.000000 0.000000 0.000000 21.000000 0.000000
30.000000 41.000000 0.000000 0.000000 21.000000 0.000000
30.000000 42.000000 0.000000 0.000000 21.000000 0.000000
30.000000 43.000000 0.000000 0.000000 21.000000 0.000000
30.000000 44.000000 0.000000 0.000000 21.000000 0.000000
30.000000 45.000000 0.000000 0.000000 21.000000 0.000000
30.000000 46.000000 0.000000 0.000000 21.000000 0.000000
30.000000 47.000000 0.000000 0.000000 21.000000 0.000000
30.000000 48.000000 0.000000 0.000000 21.000000 0.000000
30.000000 49.000000 0.000000 0.000000 21.000000 0.000000
31.000000 0.000000 0.000000 0.000000 21.000000 0.000000
31.000000 1.000000 0.000000 0.000000 21.000000 0.000000
31.000000 2.000000 0.000000 0.000000 21.000000 0.000000
31.000000 3.000000 0.000000 0.000000 21.000000 0.000000
31.000000 4.000000 0.000000 0.000000 21.000000 0.000000
31.000000 5.000000 0.000000 0.000000 21.000000 0.000000
31.000000 6.000000 0.000000 0.000000 21.000000 0.000000
31.000000 7.000000 0.000000 0.000000 21.000000 0.000000
31.000000 8.000000 0.000000 0.000000 21.000000 0.000000
31.000000 9.000000 0.000000 0.000000 21.000000 0.000000
31.000000 10.000000 0.000000 0.000000 21.000000 0.000000
31.000000 11.000000 0.000000 0.000000 21.000000 0.000000
31.000000 12.000000 0.000000 0.000000 21.000000 0.000000
31.000000 13.000000 0.000000 0.000000 21.000000 0.000000
31.000000 14.000000 0.000000 0.000000 21.000000 0.000000
31.000000 15.000000 0.000000 0.000000 21.000000 0.000000
31.000000 16.000000 0.000000 0.000000 21.000000 0.000000
31.000000 17.000000 0.000000 0.000000 21.000000 0.000000
31.000000 18.000000 0.000000 0.000000 21.000000 0.000000
31.000000 19.000000 0.000000 0.000000 21.000000 0.000000
31.000000 20.000000 0.000000 0.000000 21.000000 0.000000
31.000000 21.000000 0.000000 0.000000 21.000000 0.000000
31.000000 22.000000 0.000000 0.000000 21.000000 0.000000
31.000000 23.000000 0.000000 0.000000 21.000000 0.000000
31.000000 24.000000 0.000000 0.000000 21.000000 0.000000
31.000000 25.000000 0.000000 0.000000 21.000000 0.000000
31.000000 26.000000 0.000000 0.000000 21.000000 0.000000
31.000000 27.000000 0.000000 0.000000 21.000000 0.000000
31.000000 28.000000 0.000000 0.000000 21.000000 0.000000
31.000000 29.000000 0.000000 0.000000 21.000000 0.000000
31.000000 30.000000 0.000000 0.000000 21.000000 0.000000
31.000000 31.000000 0.000000 0.000000 21.000000 0.000000
31.000000 32.000000 0.000000 0.000000 21.000000 0.000000
31.000000 33.000000 0.000000 0.000000 21.000000 0.000000
31.000000 34.000000 0.000000 0.000000 21.000000 0.000000
31.000000 35.000000 0.000000 0.000000 21.000000 0.000000
31.000000 36.000000 0.000000 0.000000 21.000000 0.000000
31.000000 37.000000 0.000000 0.000000 21.000000 0.000000
31.000000 38.000000 0.000000 0.000000 21.000000 0.000000
31.000000 39.000000 0.000000 0.000000 21.000000 0.000000
31.000000 40.000000 0.000000 0.000000 21.000000 0.000000
31.000000 41.000000 0.000000 0.000000 21.000000 0.000000
31.000000 42.000000 0.000000 0.000000 21.000000 0.000000
31.000000 43.000000 0.000000 0.000000 21.000000 0.000000
31.000000 44.000000 0.000000 0.000000 21.000000 0.000000
31.000000 45.000000 0.000000 0.000000 21.000000 0.000000
31.000000 46.000000 0.000000 0.000000 21.000000 0.000000
31.000000 47.000000 0.000000 0.000000 21.000000 0.000000
31.000000 48.000000 0.000000 0.000000 21.000000 0.000000
31.000000 49.000000 0.000000 0.000000 21.000000 0.000000
32.000000 0.000000 0.000000 0.000000 21.000000 0.000000
32.000000 1.000000 0.000000 0.000000 21.000000 0.000000
32.000000 2.000000 0.000000 0.000000 21.000000 0.000000
32.000000 3.000000 0.000000 0.000000 21.000000 0.000000
32.000000 4.000000 0.000000 0.000000 21.000000 0.000000
32.000000 5.000000 0.000000 0.000000 21.000000 0.000000
32.000000 6.000000 0.000000 0.000000 21.000000 0.000000
32.000000 7.000000 0.000000 0.000000 21.000000 0.000000
32.000000 8.000000 0.000000 0.000000 21.000000 0.000000
32.000000 9.000000 0.000000 0.000000 21.000000 0.003936
32.000000 10.000000 0.000000 0.000000 21.000000 0.005187
32.000000 11.000000 0.000000 0.000000 21.000000 0.010015
32.000000 12.000000 0.000000 0.000000 21.000000 0.031542
32.000000 13.000000 0.000000 0.000000 21.000000 0.084312
32.000000 14.000000 0.076372 0.000000 20.629976 0.170678
32.000000 15.000000 0.250726 0.000000 15.209153 0.344816
32.000000 16.000000 0.540090 0.000000 9.095208 0.576559
32.000000 17.000000 0.932857 0.000000 0.108058 0.906085
32.000000 18.000000 1.000000 0.622202 0.000000 1.000000
32.000000 19.000000 1.000000 0.817811 0.000000 1.000000
32.000000 20.000000 0.914422 0.625585 2.605399 0.852268
32.000000 21.000000 0.398628 0.000000 13.434182 0.437328
32.000000 22.000000 0.075605 0.000000 17.828815 0.225951
32.000000 23.000000 0.000000 0.000000 21.000000 0.046814
32.000000 24.000000 0.000000 0.000000 21.000000 0.033337
32.000000 25.000000 0.000000 0.000000 21.000000 0.037909
32.000000 26.000000 0.000000 0.000000 21.000000 0.036462
32.000000 27.000000 0.000000 0.000000 21.000000 0.052695
32.000000 28.000000 0.000000 0.000000 21.000000 0.075772
32.000000 29.000000 0.000000 0.000000 21.000000 0.081952
32.000000 30.000000 0.000000 0.000000 21.000000 0.083951
32.000000 31.000000 0.000000 0.000000 21.000000 0.102975
32.000000 32.000000 0.012943 0.000000 21.000000 0.115841
32.000000 33.000000 0.020652 0.000000 21.000000 0.122440
32.000000 34.000000 0.033808 0.000000 21.000000 0.133694
32.000000 35.000000 0.047191 0.000000 20.537867 0.161339
32.000000 36.000000 0.049369 0.000000 21.000000 0.149990
32.000000 37.000000 0.052860 0.000000 21.000000 0.149925
32.000000 38.000000 0.105855 0.000000 19.932024 0.195757
32.000000 39.000000 0.145930 0.000000 18.641434 0.236636
32.000000 40.000000 0.191597 0.000000 17.625957 0.274192
32.000000 41.000000 0.223479 0.000000 16.607580 0.306561
32.000000 42.000000 0.249278 0.000000 15.860254 0.331226
32.000000 43.000000 0.293008 0.000000 15.051789 0.363956
32.000000 44.000000 0.268501 0.000000 15.822932 0.339308
32.000000 45.000000 0.264108 0.000000 15.628778 0.341459
32.000000 46.000000 0.218733 0.000000 16.832045 0.300240
32.000000 47.000000 0.138814 0.000000 18.925404 0.228203
32.000000 48.000000 0.125642 0.000000 18.835030 0.225019
32.000000 49.000000 0.067318 0.000000 20.459490 0.170521
33.000000 0.000000 0.000000 0.000000 21.000000 0.000000
33.000000 1.000000 0.000000 0.000000 21.000000 0.000000
33.000000 2.000000 0.000000 0.000000 21.000000 0.000000
33.000000 3.000000 0.000000 0.000000 21.000000 0.000000
33.000000 4.000000 0.000000 0.000000 21.000000 0.000000
33.000000 5.000000 0.000000 0.000000 21.000000 0.000000
33.000000 6.000000 0.000000 0.000000 21.000000 0.000000
33.000000 7.000000 0.000000 0.000000 21.000000 0.000000
33.000000 8.000000 0.000000 0.000000 21.000000 0.000000
33.000000 9.000000 0.000000 0.000000 21.000000 0.000000
33.000000 10.000000 0.000000 0.000000 21.000000 0.000000
33.000000 11.000000 0.000000 0.000000 21.000000 0.000000
33.000000 12.000000 0.000000 0.000000 21.000000 0.000000
33.000000 13.000000 0.000000 0.000000 21.000000 0.000000
33.000000 14.000000 0.000000 0.000000 21.000000 0.000000
33.000000 15.000000 0.000000 0.000000 21.000000 0.000000
33.000000 16.000000 0.000000 0.000000 21.000000 0.000000
33.000000 17.000000 0.000000 0.000000 21.000000 0.000000
33.000000 18.000000 0.000000 0.000000 21.000000 0.000000
33.000000 19.000000 0.000000 0.000000 21.000000 0.000000
33.000000 20.000000 0.000000 0.000000 21.000000 0.000000
33.000000 21.000000 0.000000 0.000000 21.000000 0.000000
33.000000 22.000000 0.000000 0.000000 21.000000 0.000000
33.000000 23.000000 0.000000 0.000000 21.000000 0.000000
33.000000 24.000000 0.000000 0.000000 21.000000 0.000000
33.000000 25.000000 0.000000 0.000000 21.000000 0.000000
33.000000 26.000000 0.000000 0.000000 21.000000 0.000000
33.000000 27.000000 0.000000 0.000000 21.000000 0.000000
33.000000 28.000000 0.000000 0.000000 21.000000 0.000000
33.000000 29.000000 0.000000 0.000000 21.000000 0.000000
33.000000 30.000000 0.000000 0.000000 21.000000 0.000000
33.000000 31.000000 0.000000 0.000000 21.000000 0.000000
33.000000 32.000000 0.000000 0.000000 21.000000 0.000000
33.000000 33.000000 0.000000 0.000000 21.000000 0.000000
33.000000 34.000000 0.000000 0.000000 21.000000 0.000000
33.000000 35.000000 0.000000 0.000000 21.000000 0.000000
33.000000 36.000000 0.000000 0.000000 21.000000 0.000000
33.000000 37.000000 0.000000 0.000000 21.000000 0.000000
33.000000 38.000000 0.000000 0.000000 21.000000 0.000000
33.000000 39.000000 0.000000 0.000000 21.000000 0.000000
33.000000 40.000000 0.000000 0.000000 21.000000 0.000000
33.000000 41.000000 0.000000 0.000000 21.000000 0.000000
33.000000 42.000000 0.000000 0.000000 21.000000 0.000000
33.000000 43.000000 0.000000 0.000000 21.000000 0.000000
33.000000 44.000000 0.000000 0.000000 21.000000 0.000000
33.000000 45.000000 0.000000 0.000000 21.000000 0.000000
33.000000 46.000000 0.000000 0.000000 21.000000 0.000000
33.000000 47.000000 0.000000 0.000000 21.000000 0.000000
33.000000 48.000000 0.000000 0.000000 21.000000 0.000000
33.000000 49.000000 0.000000 0.000000 21.000000 0.000000
34.000000 0.000000 0.000000 0.000000 21.000000 0.000000
34.000000 1.000000 0.000000 0.000000 21.000000 0.000000
34.000000 2.000000 0.000000 0.000000 21.000000 0.000000
34.000000 3.000000 0.000000 0.000000 21.000000 0.000000
34.000000 4.000000 0.000000 0.000000 21.000000 0.000000
34.000000 5.000000 0.000000 0.000000 21.000000 0.000000
34.000000 6.000000 0.000000 0.000000 21.000000 0.000000
34.000000 7.000000 0.000000 0.000000 21.000000 0.000000
34.000000 8.000000 0.000000 0.000000 21.000000 0.000000
34.000000 9.000000 0.000000 0.000000 21.000000 0.000000
34.000000 10.000000 0.000000 0.000000 21.000000 0.000000
34.000000 11.000000 0.000000 0.000000 21.000000 0.000000
34.000000 12.000000 0.000000 0.000000 21.000000 0.000000
34.000000 13.000000 0.000000 0.000000 21.000000 0.000000
34.000000 14.000000 0.000000 0.000000 21.000000 0.000000
34.000000 15.000000 0.000000 0.000000 21.000000 0.000000
34.000000 16.000000 0.000000 0.000000 21.000000 0.000000
34.000000 17.000000 0.000000 0.000000 21.000000 0.004770
34.000000 18.000000 0.000000 0.000000 21.000000 0.059628
34.000000 19.000000 0.012323 0.000000 21.000000 0.115348
34.000000 20.000000 0.204328 0.000000 13.931702 0.352842
34.000000 21.000000 0.537210 0.000000 9.147354 0.574390
34.000000 22.000000 0.994107 0.000000 0.000000 0.958163
34.000000 23.000000 1.000000 0.796110 0.000000 1.000000
34.000000 24.000000 1.000000 0.866813 0.000000 1.000000
34.000000 25.000000 1.000000 0.686131 0.000000 0.968439
34.000000 26.000000 0.604104 0.440283 10.136218 0.585149
34.000000 27.000000 0.171526 0.000000 17.072487 0.277425
34.000000 28.000000 0.000000 0.000000 21.000000 0.095277
34.000000 29.000000 0.000000 0.000000 21.000000 0.058642
34.000000 30.000000 0.000000 0.000000 21.000000 0.053788
34.000000 31.000000 0.000000 0.000000 21.000000 0.061022
34.000000 32.000000 0.000000 0.000000 21.000000 0.063012
34.000000 33.000000 0.000000 0.000000 21.000000 0.079828
34.000000 34.000000 0.000000 0.000000 21.000000 0.098047
34.000000 35.000000 0.009414 0.000000 21.000000 0.112845
34.000000 36.000000 0.026220 0.000000 21.000000 0.127324
34.000000 37.000000 0.067866 0.000000 19.784967 0.184180
34.000000 38.000000 0.116481 0.000000 19.501236 0.208345
34.000000 39.000000 0.140445 0.000000 18.938232 0.228645
34.000000 40.000000 0.173300 0.000000 18.090935 0.257986
34.000000 41.000000 0.130901 0.000000 19.189102 0.219998
34.000000 42.000000 0.113823 0.000000 19.087685 0.215490
34.000000 43.000000 0.109645 0.000000 19.143269 0.212790
34.000000 44.000000 0.076776 0.000000 20.136787 0.180527
34.000000 45.000000 0.035714 0.000000 20.409449 0.159447
34.000000 46.000000 0.059147 0.000000 20.068867 0.175187
34.000000 47.000000 0.078028 0.000000 20.346928 0.176890
34.000000 48.000000 0.108554 0.000000 19.689903 0.201576
34.000000 49.000000 0.125006 0.000000 19.146683 0.218615
35.000000 0.000000 0.000000 0.000000 21.000000 0.000000
35.000000 1.000000 0.000000 0.000000 21.000000 0.000000
35.000000 2.000000 0.000000 0.000000 21.000000 0.000000
35.000000 3.000000 0.000000 0.000000 21.000000 0.000000
35.000000 4.000000 0.000000 0.000000 21.000000 0.000000
35.000000 5.000000 0.000000 0.000000 21.000000 0.000000
35.000000 6.000000 0.000000 0.000000 21.000000 0.000000
35.000000 7.000000 0.000000 0.000000 21.000000 0.000000
35.000000 8.000000 0.000000 0.000000 21.000000 0.000000
35.000000 9.000000 0.000000 0.000000 21.000000 0.000000
35.000000 10.000000 0.000000 0.000000 21.000000 0.000000
35.000000 11.000000 0.000000 0.000000 21.000000 0.016461
35.000000 12.000000 0.000000 0.000000 21.000000 0.073163
35.000000 13.000000 0.048286 0.000000 21.000000 0.146439
35.000000 14.000000 0.161503 0.000000 18.238962 0.250584
35.000000 15.000000 0.413786 0.000000 12.011580 0.470413
35.000000 16.000000 0.750985 0.000000 4.348088 0.751778
35.000000 17.000000 1.000000 0.268458 0.000000 1.000000
35.000000 18.000000 1.000000 0.883877 0.000000 1.000000
35.000000 19.000000 1.000000 0.942327 0.000000 1.000000
35.000000 20.000000 0.903834 0.593412 2.828797 0.843921
35.000000 21.000000 0.339314 0.000000 14.876023 0.386000
35.000000 22.000000 0.050307 0.000000 20.471617 0.163736
35.000000 23.000000 0.000000 0.000000 21.000000 0.064756
35.000000 24.000000 0.000000 0.000000 21.000000 0.028919
35.000000 25.000000 0.000000 0.000000 21.000000 0.026472
35.000000 26.000000 0.000000 0.000000 21.000000 0.075284
35.000000 27.000000 0.011934 0.000000 21.000000 0.114985
35.000000 28.000000 0.036504 0.000000 21.000000 0.136149
35.000000 29.000000 0.080807 0.000000 20.537619 0.174192
35.000000 30.000000 0.074647 0.000000 20.541367 0.171742
35.000000 31.000000 0.078725 0.000000 20.513779 0.173848
35.000000 32.000000 0.074066 0.000000 20.451221 0.173301
35.000000 33.000000 0.080974 0.000000 19.678221 0.191265
35.000000 34.000000 0.068578 0.000000 19.784893 0.184400
35.000000 35.000000 0.072914 0.000000 19.832989 0.185100
35.000000 36.000000 0.071447 0.000000 20.502626 0.171270
35.000000 37.000000 0.041549 0.000000 21.000000 0.144125
35.000000 38.000000 0.025476 0.000000 21.000000 0.126361
35.000000 39.000000 0.040036 0.000000 19.907604 0.171116
35.000000 40.000000 0.071593 0.000000 19.654137 0.188179
35.000000 41.000000 0.091802 0.000000 19.914568 0.190713
35.000000 42.000000 0.077820 0.000000 20.497852 0.173804
35.000000 43.000000 0.045924 0.000000 20.934341 0.152963
35.000000 44.000000 0.094155 0.000000 18.918238 0.211403
35.000000 45.000000 0.126050 0.000000 18.909815 0.223707
35.000000 46.000000 0.118190 0.000000 19.320047 0.212552
35.000000 47.000000 0.065395 0.000000 20.494164 0.169099
35.000000 48.000000 0.027022 0.000000 21.000000 0.139638
35.000000 49.000000 0.015972 0.000000 21.000000 0.125292
36.000000 0.000000 0.000000 0.000000 21.000000 0.000000
36.000000 1.000000 0.000000 0.000000 21.000000 0.000000
36.000000 2.000000 0.000000 0.000000 21.000000 0.000000
36.000000 3.000000 0.000000 0.000000 21.000000 0.000000
36.000000 4.000000 0.000000 0.000000 21.000000 0.000000
36.000000 5.000000 0.000000 0.000000 21.000000 0.000000
36.000000 6.000000 0.000000 0.000000 21.000000 0.000000
36.000000 7.000000 0.000000 0.000000 21.000000 0.000000
36.000000 8.000000 0.000000 0.000000 21.000000 0.000000
36.000000 9.000000 0.000000 0.000000 21.000000 0.001138
36.000000 10.000000 0.000000 0.000000 21.000000 0.006795
36.000000 11.000000 0.000000 0.000000 21.000000 0.026628
36.000000 12.000000 0.000000 0.000000 21.000000 0.068265
36.000000 13.000000 0.032497 0.000000 21.000000 0.132772
36.000000 14.000000 0.199452 0.000000 16.201382 0.305584
36.000000 15.000000 0.439732 0.000000 11.479347 0.490891
36.000000 16.000000 0.826891 0.000000 2.491871 0.817695
36.000000 17.000000 1.000000 0.390027 0.000000 1.000000
36.000000 18.000000 1.000000 0.940454 0.000000 1.000000
36.000000 19.000000 1.000000 0.817919 0.000000 1.000000
36.000000 20.000000 0.758611 0.526603 6.370825 0.718532
36.000000 21.000000 0.232309 0.000000 15.360034 0.334612
36.000000 22.000000 0.000000 0.000000 21.000000 0.102209
36.000000 23.000000 0.000000 0.000000 21.000000 0.029902
36.000000 24.000000 0.000000 0.000000 21.000000 0.012026
36.000000 25.000000 0.000000 0.000000 21.000000 0.016940
36.000000 26.000000 0.000000 0.000000 21.000000 0.011268
36.000000 27.000000 0.000000 0.000000 21.000000 0.008822
36.000000 28.000000 0.000000 0.000000 21.000000 0.010432
36.000000 29.000000 0.000000 0.000000 21.000000 0.017716
36.000000 30.000000 0.000000 0.000000 21.000000 0.018971
36.000000 31.000000 0.000000 0.000000 21.000000 0.043791
36.000000 32.000000 0.000000 0.000000 21.000000 0.067967
36.000000 33.000000 0.000000 0.000000 21.000000 0.054447
36.000000 34.000000 0.000000 0.000000 21.000000 0.041747
36.000000 35.000000 0.000000 0.000000 21.000000 0.056011
36.000000 36.000000 0.000000 0.000000 21.000000 0.084865
36.000000 37.000000 0.000000 0.000000 21.000000 0.088567
36.000000 38.000000 0.000000 0.000000 21.000000 0.082739
36.000000 39.000000 0.000000 0.000000 21.000000 0.089780
36.000000 40.000000 0.043058 0.000000 21.000000 0.141902
36.000000 41.000000 0.071773 0.000000 20.374294 0.173974
36.000000 42.000000 0.102139 0.000000 19.742262 0.198087
36.000000 43.000000 0.168755 0.000000 18.006273 0.257946
36.000000 44.000000 0.214521 0.000000 17.098610 0.293399
36.000000 45.000000 0.229458 0.000000 16.714939 0.306713
36.000000 46.000000 0.244064 0.000000 16.051840 0.325434
36.000000 47.000000 0.235117 0.000000 16.462467 0.313849
36.000000 48.000000 0.186522 0.000000 17.760237 0.269537
36.000000 49.000000 0.129976 0.000000 19.289297 0.217631
37.000000 0.000000 0.000000 0.000000 21.000000 0.000000
37.000000 1.000000 0.000000 0.000000 21.000000 0.000000
37.000000 2.000000 0.000000 0.000000 21.000000 0.000000
37.000000 3.000000 0.000000 0.000000 21.000000 0.000000
37.000000 4.000000 0.000000 0.000000 21.000000 0.000000
37.000000 5.000000 0.000000 0.000000 21.000000 0.000000
37.000000 6.000000 0.000000 0.000000 21.000000 0.000000
37.000000 7.000000 0.000000 0.000000 21.000000 0.000000
37.000000 8.000000 0.000000 0.000000 21.000000 0.000000
37.000000 9.000000 0.000000 0.000000 21.000000 0.000000
37.000000 10.000000 0.000000 0.000000 21.000000 0.000000
37.000000 11.000000 0.000000 0.000000 21.000000 0.000000
37.000000 12.000000 0.000000 0.000000 21.000000 0.000000
37.000000 13.000000 0.000000 0.000000 21.000000 0.000000
37.000000 14.000000 0.000000 0.000000 21.000000 0.000000
37.000000 15.000000 0.000000 0.000000 21.000000 0.000000
37.000000 16.000000 0.000000 0.000000 21.000000 0.000000
37.000000 17.000000 0.000000 0.000000 21.000000 0.000000
37.000000 18.000000 0.000000 0.000000 21.000000 0.000000
37.000000 19.000000 0.000000 0.000000 21.000000 0.000000
37.000000 20.000000 0.000000 0.000000 21.000000 0.000000
37.000000 21.000000 0.000000 0.000000 21.000000 0.000000
37.000000 22.000000 0.000000 0.000000 21.000000 0.000000
37.000000 23.000000 0.000000 0.000000 21.000000 0.000000
37.000000 24.000000 0.000000 0.000000 21.000000 0.000000
37.000000 25.000000 0.000000 0.000000 21.000000 0.000000
37.000000 26.000000 0.000000 0.000000 21.000000 0.000000
37.000000 27.000000 0.000000 0.000000 21.000000 0.000000
37.000000 28.000000 0.000000 0.000000 21.000000 0.000000
37.000000 29.000000 0.000000 0.000000 21.000000 0.000000
37.000000 30.000000 0.000000 0.000000 21.000000 0.000000
37.000000 31.000000 0.000000 0.000000 21.000000 0.000000
37.000000 32.000000 0.000000 0.000000 21.000000 0.000000
37.000000 33.000000 0.000000 0.000000 21.000000 0.000000
37.000000 34.000000 0.000000 0.000000 21.000000 0.000000
37.000000 35.000000 0.000000 0.000000 21.000000 0.000000
37.000000 36.000000 0.000000 0.000000 21.000000 0.000000
37.000000 37.000000 0.000000 0.000000 21.000000 0.000000
37.000000 38.000000 0.000000 0.000000 21.000000 0.000000
37.000000 39.000000 0.000000 0.000000 21.000000 0.000000
37.000000 40.000000 0.000000 0.000000 21.000000 0.000000
37.000000 41.000000 0.000000 0.000000 21.000000 0.000000
37.000000 42.000000 0.000000 0.000000 21.000000 0.000000
37.000000 43.000000 0.000000 0.000000 21.000000 0.000000
37.000000 44.000000 0.000000 0.000000 21.000000 0.000000
37.000000 45.000000 0.000000 0.000000 21.000000 0.000000
37.000000 46.000000 0.000000 0.000000 21.000000 0.000000
37.000000 47.000000 0.000000 0.000000 21.000000 0.000000
37.000000 48.000000 0.000000 0.000000 21.000000 0.000000
37.000000 49.000000 0.000000 0.000000 21.000000 0.000000
38.000000 0.000000 0.000000 0.000000 21.000000 0.000000
38.000000 1.000000 0.000000 0.000000 21.000000 0.000000
38.000000 2.000000 0.000000 0.000000 21.000000 0.000000
38.000000 3.000000 0.000000 0.000000 21.000000 0.000000
38.000000 4.000000 0.000000 0.000000 21.000000 0.000000
38.000000 5.000000 0.000000 0.000000 21.000000 0.000000
38.000000 6.000000 0.000000 0.000000 21.000000 0.000000
38.000000 7.000000 0.000000 0.000000 21.000000 0.000000
38.000000 8.000000 0.000000 0.000000 21.000000 0.005544
38.000000 9.000000 0.000000 0.000000 21.000000 0.056011
38.000000 10.000000 0.000695 0.000000 21.000000 0.105344
38.000000 11.000000 0.239477 0.099454 5.843167 0.530671
38.000000 12.000000 0.480635 0.000000 11.128101 0.514294
38.000000 13.000000 0.805713 0.000000 2.888316 0.801641
38.000000 14.000000 1.000000 0.273091 0.000000 1.000000
38.000000 15.000000 1.000000 0.869024 0.000000 1.000000
38.000000 16.000000 1.000000 0.809586 0.000000 1.000000
38.000000 17.000000 0.925005 0.616728 2.261507 0.863061
38.000000 18.000000 0.387158 0.000000 13.709560 0.427486
38.000000 19.000000 0.114827 0.000000 16.781425 0.261727
38.000000 20.000000 0.000000 0.000000 21.000000 0.083400
38.000000 21.000000 0.000000 0.000000 21.000000 0.071286
38.000000 22.000000 0.000000 0.000000 21.000000 0.099039
38.000000 23.000000 0.014961 0.000000 21.000000 0.117554
38.000000 24.000000 0.068434 0.000000 20.827465 0.163732
38.000000 25.000000 0.129898 0.000000 18.959784 0.224220
38.000000 26.000000 0.151011 0.000000 18.807705 0.235262
38.000000 27.000000 0.220123 0.000000 16.318779 0.311039
38.000000 28.000000 0.269422 0.000000 15.562422 0.344829
38.000000 29.000000 0.262477 0.000000 15.696203 0.339523
38.000000 30.000000 0.212289 0.000000 16.973112 0.294975
38.000000 31.000000 0.201610 0.000000 17.157455 0.287247
38.000000 32.000000 0.196761 0.000000 17.402285 0.280554
38.000000 33.000000 0.179303 0.000000 17.289452 0.276138
38.000000 34.000000 0.133419 0.000000 18.923950 0.226188
38.000000 35.000000 0.081835 0.000000 20.215994 0.180893
38.000000 36.000000 0.068383 0.000000 19.825562 0.183528
38.000000 37.000000 0.065234 0.000000 20.453775 0.169867
38.000000 38.000000 0.062815 0.000000 20.436529 0.169295
38.000000 39.000000 0.055675 0.000000 20.767910 0.159999
38.000000 40.000000 0.049146 0.000000 21.000000 0.152767
38.000000 41.000000 0.049682 0.000000 20.234106 0.168304
38.000000 42.000000 0.066548 0.000000 20.580975 0.167866
38.000000 43.000000 0.091920 0.000000 19.713745 0.194751
38.000000 44.000000 0.078941 0.000000 19.988197 0.184326
38.000000 45.000000 0.080532 0.000000 20.214468 0.180456
38.000000 46.000000 0.092634 0.000000 19.650734 0.196260
38.000000 47.000000 0.122217 0.000000 19.214439 0.216209
38.000000 48.000000 0.122669 0.000000 19.327265 0.214133
38.000000 49.000000 0.091755 0.000000 19.766140 0.193614
39.000000 0.000000 0.000000 0.000000 21.000000 0.000000
39.000000 1.000000 0.000000 0.000000 21.000000 0.000000
39.000000 2.000000 0.000000 0.000000 21.000000 0.000000
39.000000 3.000000 0.000000 0.000000 21.000000 0.000000
39.000000 4.000000 0.000000 0.000000 21.000000 0.000000
39.000000 5.000000 0.000000 0.000000 21.000000 0.000000
39.000000 6.000000 0.000000 0.000000 21.000000 0.000000
39.000000 7.000000 0.000000 0.000000 21.000000 0.000000
39.000000 8.000000 0.000000 0.000000 21.000000 0.000000
39.000000 9.000000 0.000000 0.000000 21.000000 0.000000
39.000000 10.000000 0.000000 0.000000 21.000000 0.000000
39.000000 11.000000 0.000000 0.000000 21.000000 0.000000
39.000000 12.000000 0.000000 0.000000 21.000000 0.000000
39.000000 13.000000 0.000000 0.000000 21.000000 0.000000
39.000000 14.000000 0.000000 0.000000 21.000000 0.000000
39.000000 15.000000 0.000000 0.000000 21.000000 0.000000
39.000000 16.000000 0.000000 0.000000 21.000000 0.000000
39.000000 17.000000 0.000000 0.000000 21.000000 0.000000
39.000000 18.000000 0.000000 0.000000 21.000000 0.000000
39.000000 19.000000 0.000000 0.000000 21.000000 0.000000
39.000000 20.000000 0.000000 0.000000 21.000000 0.000000
39.000000 21.000000 0.000000 0.000000 21.000000 0.000000
39.000000 22.000000 0.000000 0.000000 21.000000 0.000000
39.000000 23.000000 0.000000 0.000000 21.000000 0.000000
39.000000 24.000000 0.000000 0.000000 21.000000 0.000000
39.000000 25.000000 0.000000 0.000000 21.000000 0.000000
39.000000 26.000000 0.000000 0.000000 21.000000 0.000000
39.000000 27.000000 0.000000 0.000000 21.000000 0.000000
39.000000 28.000000 0.000000 0.000000 21.000000 0.000000
39.000000 29.000000 0.000000 0.000000 21.000000 0.000000
39.000000 30.000000 0.000000 0.000000 21.000000 0.000000
39.000000 31.000000 0.000000 0.000000 21.000000 0.000000
39.000000 32.000000 0.000000 0.000000 21.000000 0.000000
39.000000 33.000000 0.000000 0.000000 21.000000 0.000000
39.000000 34.000000 0.000000 0.000000 21.000000 0.000000
39.000000 35.000000 0.000000 0.000000 21.000000 0.000000
39.000000 36.000000 0.000000 0.000000 21.000000 0.000000
39.000000 37.000000 0.000000 0.000000 21.000000 0.000000
39.000000 38.000000 0.000000 0.000000 21.000000 0.000000
39.000000 39.000000 0.000000 0.000000 21.000000 0.000000
39.000000 40.000000 0.000000 0.000000 21.000000 0.000000
39.000000 41.000000 0.000000 0.000000 21.000000 0.000000
39.000000 42.000000 0.000000 0.000000 21.000000 0.000000
39.000000 43.000000 0.000000 0.000000 21.000000 0.000000
39.000000 44.000000 0.000000 0.000000 21.000000 0.000000
39.000000 45.000000 0.000000 0.000000 21.000000 0.000000
39.000000 46.000000 0.000000 0.000000 21.000000 0.000000
39.000000 47.000000 0.000000 0.000000 21.000000 0.000000
39.000000 48.000000 0.000000 0.000000 21.000000 0.000000
39.000000 49.000000 0.000000 0.000000 21.000000 0.000000
40.000000 0.000000 0.000000 0.000000 21.000000 0.000000
40.000000 1.000000 0.000000 0.000000 21.000000 0.000000
40.000000 2.000000 0.000000 0.000000 21.000000 0.000000
40.000000 3.000000 0.000000 0.000000 21.000000 0.000000
40.000000 4.000000 0.000000 0.000000 21.000000 0.000000
40.000000 5.000000 0.000000 0.000000 21.000000 0.000000
40.000000 6.000000 0.000000 0.000000 21.000000 0.000000
40.000000 7.000000 0.000000 0.000000 21.000000 0.000000
40.000000 8.000000 0.000000 0.000000 21.000000 0.000000
40.000000 9.000000 0.000000 0.000000 21.000000 0.000000
40.000000 10.000000 0.000000 0.000000 21.000000 0.000000
40.000000 11.000000 0.000000 0.000000 21.000000 0.000000
40.000000 12.000000 0.000000 0.000000 21.000000 0.001138
40.000000 13.000000 0.000000 0.000000 21.000000 0.015624
40.000000 14.000000 0.028218 0.000000 21.000000 0.129204
40.000000 15.000000 0.275204 0.000000 15.112926 0.356028
40.000000 16.000000 0.540069 0.000000 9.321321 0.572093
40.000000 17.000000 0.961138 0.000000 0.000000 0.928963
40.000000 18.000000 1.000000 0.730851 0.000000 1.000000
40.000000 19.000000 1.000000 0.815860 0.000000 1.000000
40.000000 20.000000 0.944942 0.643349 1.829678 0.879185
40.000000 21.000000 0.468163 0.000000 12.607602 0.482922
40.000000 22.000000 0.125245 0.000000 14.910182 0.303165
40.000000 23.000000 0.000000 0.000000 21.000000 0.076930
40.000000 24.000000 0.000000 0.000000 21.000000 0.031916
40.000000 25.000000 0.000000 0.000000 21.000000 0.026780
40.000000 26.000000 0.000000 0.000000 21.000000 0.014909
40.000000 27.000000 0.000000 0.000000 21.000000 0.018134
40.000000 28.000000 0.000000 0.000000 21.000000 0.026689
40.000000 29.000000 0.000000 0.000000 21.000000 0.024654
40.000000 30.000000 0.000000 0.000000 21.000000 0.016940
40.000000 31.000000 0.000000 0.000000 21.000000 0.030703
40.000000 32.000000 0.000000 0.000000 21.000000 0.038083
40.000000 33.000000 0.000000 0.000000 21.000000 0.043010
40.000000 34.000000 0.000000 0.000000 21.000000 0.080677
40.000000 35.000000 0.001428 0.000000 21.000000 0.105900
40.000000 36.000000 0.026277 0.000000 21.000000 0.127387
40.000000 37.000000 0.107386 0.000000 19.887594 0.197233
40.000000 38.000000 0.148663 0.000000 18.585672 0.238784
40.000000 39.000000 0.219946 0.000000 16.759693 0.302204
40.000000 40.000000 0.255194 0.000000 16.167900 0.327391
40.000000 41.000000 0.354609 0.000000 13.438131 0.419533
40.000000 42.000000 0.417198 0.000000 12.143610 0.469221
40.000000 43.000000 0.304080 0.000000 15.298266 0.363445
40.000000 44.000000 0.210575 0.000000 17.185032 0.290138
40.000000 45.000000 0.127689 0.000000 19.284258 0.216855
40.000000 46.000000 0.114064 0.000000 19.073629 0.215881
40.000000 47.000000 0.104535 0.000000 19.108578 0.211556
40.000000 48.000000 0.141424 0.000000 18.732948 0.233091
40.000000 49.000000 0.165652 0.000000 18.083338 0.255218
41.000000 0.000000 0.000000 0.000000 21.000000 0.000000
41.000000 1.000000 0.000000 0.000000 21.000000 0.000000
41.000000 2.000000 0.000000 0.000000 21.000000 0.000000
41.000000 3.000000 0.000000 0.000000 21.000000 0.000000
41.000000 4.000000 0.000000 0.000000 21.000000 0.000000
41.000000 5.000000 0.000000 0.000000 21.000000 0.000000
41.000000 6.000000 0.000000 0.000000 21.000000 0.006795
41.000000 7.000000 0.000000 0.000000 21.000000 0.008822
41.000000 8.000000 0.000000 0.000000 21.000000 0.008822
41.000000 9.000000 0.000000 0.000000 21.000000 0.031542
41.000000 10.000000 0.000000 0.000000 21.000000 0.051553
41.000000 11.000000 0.000000 0.000000 21.000000 0.077343
41.000000 12.000000 0.021839 0.000000 21.000000 0.123591
41.000000 13.000000 0.135234 0.000000 18.315674 0.239066
41.000000 14.000000 0.351723 0.000000 13.516235 0.416866
41.000000 15.000000 0.637648 0.000000 7.034981 0.654907
41.000000 16.000000 0.953554 0.000000 0.000000 0.919683
41.000000 17.000000 1.000000 0.658552 0.000000 1.000000
41.000000 18.000000 1.000000 0.777642 0.000000 1.000000
41.000000 19.000000 0.766853 0.555908 6.209515 0.724804
41.000000 20.000000 0.308427 0.000000 11.896992 0.432759
41.000000 21.000000 0.018867 0.000000 21.000000 0.120692
41.000000 22.000000 0.000000 0.000000 21.000000 0.074790
41.000000 23.000000 0.000000 0.000000 21.000000 0.086691
41.000000 24.000000 0.023676 0.000000 21.000000 0.125133
41.000000 25.000000 0.075101 0.000000 20.664005 0.169517
41.000000 26.000000 0.118825 0.000000 19.615427 0.206994
41.000000 27.000000 0.181494 0.000000 17.848396 0.265938
41.000000 28.000000 0.233673 0.000000 16.705244 0.308522
41.000000 29.000000 0.295803 0.000000 15.133680 0.363428
41.000000 30.000000 0.373918 0.000000 13.192447 0.431815
41.000000 31.000000 0.351903 0.000000 13.915056 0.409137
41.000000 32.000000 0.294215 0.000000 15.220963 0.361103
41.000000 33.000000 0.219446 0.000000 17.090906 0.295401
41.000000 34.000000 0.126929 0.000000 19.118824 0.219856
41.000000 35.000000 0.141738 0.000000 18.084982 0.246078
41.000000 36.000000 0.160703 0.000000 18.291718 0.249191
41.000000 37.000000 0.183108 0.000000 17.569149 0.272077
41.000000 38.000000 0.215009 0.000000 16.969091 0.296149
41.000000 39.000000 0.200111 0.000000 17.371943 0.282459
41.000000 40.000000 0.168329 0.000000 17.950266 0.258833
41.000000 41.000000 0.116653 0.000000 19.341930 0.211493
41.000000 42.000000 0.057388 0.000000 20.524282 0.165431
41.000000 43.000000 0.024387 0.000000 21.000000 0.134917
41.000000 44.000000 0.003977 0.000000 21.000000 0.116869
41.000000 45.000000 0.056013 0.000000 15.300836 0.269287
41.000000 46.000000 0.030048 0.000000 21.000000 0.129884
41.000000 47.000000 0.015838 0.000000 20.334072 0.153399
41.000000 48.000000 0.012254 0.000000 21.000000 0.137198
41.000000 49.000000 0.019823 0.000000 21.000000 0.121665
42.000000 0.000000 0.000000 0.000000 21.000000 0.000000
42.000000 1.000000 0.000000 0.000000 21.000000 0.000000
42.000000 2.000000 0.000000 0.000000 21.000000 0.000000
42.000000 3.000000 0.000000 0.000000 21.000000 0.000000
42.000000 4.000000 0.000000 0.000000 21.000000 0.000000
42.000000 5.000000 0.000000 0.000000 21.000000 0.000000
42.000000 6.000000 0.000000 0.000000 21.000000 0.000000
42.000000 7.000000 0.000000 0.000000 21.000000 0.000000
42.000000 8.000000 0.000000 0.000000 21.000000 0.000000
42.000000 9.000000 0.000000 0.000000 21.000000 0.000000
42.000000 10.000000 0.000000 0.000000 21.000000 0.035560
42.000000 11.000000 0.000000 0.000000 21.000000 0.091781
42.000000 12.000000 0.093798 0.000000 20.206167 0.185734
42.000000 13.000000 0.324519 0.000000 13.771533 0.401468
42.000000 14.000000 0.723642 0.000000 4.812088 0.731776
42.000000 15.000000 1.000000 0.245847 0.000000 1.000000
42.000000 16.000000 1.000000 0.870388 0.000000 1.000000
42.000000 17.000000 1.000000 0.914471 0.000000 1.000000
42.000000 18.000000 0.908340 0.602377 2.706955 0.848005
42.000000 19.000000 0.361870 0.000000 14.298405 0.406075
42.000000 20.000000 0.057326 0.000000 20.461231 0.166616
42.000000 21.000000 0.000000 0.000000 21.000000 0.078409
42.000000 22.000000 0.000000 0.000000 21.000000 0.040228
42.000000 23.000000 0.000000 0.000000 21.000000 0.039345
42.000000 24.000000 0.000000 0.000000 21.000000 0.032802
42.000000 25.000000 0.000000 0.000000 21.000000 0.033222
42.000000 26.000000 0.000000 0.000000 21.000000 0.043369
42.000000 27.000000 0.000000 0.000000 21.000000 0.061805
42.000000 28.000000 0.000000 0.000000 21.000000 0.071232
42.000000 29.000000 0.000000 0.000000 21.000000 0.082377
42.000000 30.000000 0.000000 0.000000 21.000000 0.082377
42.000000 31.000000 0.018420 0.000000 21.000000 0.120655
42.000000 32.000000 0.081505 0.000000 20.512583 0.174961
42.000000 33.000000 0.162730 0.000000 18.320133 0.249432
42.000000 34.000000 0.245419 0.000000 16.509174 0.316897
42.000000 35.000000 0.328478 0.000000 14.192163 0.394612
42.000000 36.000000 0.361141 0.000000 13.632076 0.418250
42.000000 37.000000 0.330231 0.000000 14.243774 0.394298
42.000000 38.000000 0.284913 0.000000 15.510731 0.351760
42.000000 39.000000 0.248052 0.000000 16.250223 0.323003
42.000000 40.000000 0.230525 0.000000 16.685555 0.307678
42.000000 41.000000 0.193324 0.000000 17.635323 0.274646
42.000000 42.000000 0.174351 0.000000 17.839359 0.263362
42.000000 43.000000 0.173433 0.000000 18.010639 0.259611
42.000000 44.000000 0.129196 0.000000 19.031685 0.222468
42.000000 45.000000 0.073382 0.000000 20.253929 0.176912
42.000000 46.000000 0.042908 0.000000 20.510115 0.160211
42.000000 47.000000 0.054295 0.000000 19.607569 0.182493
42.000000 48.000000 0.013713 0.000000 21.000000 0.118820
42.000000 49.000000 0.000000 0.000000 20.021639 0.149751
43.000000 0.000000 0.000000 0.000000 21.000000 0.000000
43.000000 1.000000 0.000000 0.000000 21.000000 0.000000
43.000000 2.000000 0.000000 0.000000 21.000000 0.000000
43.000000 3.000000 0.000000 0.000000 21.000000 0.000000
43.000000 4.000000 0.000000 0.000000 21.000000 0.000000
43.000000 5.000000 0.000000 0.000000 21.000000 0.000000
43.000000 6.000000 0.000000 0.000000 21.000000 0.003519
43.000000 7.000000 0.000000 0.000000 21.000000 0.032741
43.000000 8.000000 0.000000 0.000000 21.000000 0.044212
43.000000 9.000000 0.000000 0.000000 21.000000 0.055229
43.000000 10.000000 0.000000 0.000000 21.000000 0.089950
43.000000 11.000000 0.226524 0.000000 16.976845 0.300422
43.000000 12.000000 0.526417 0.000000 9.201572 0.569230
43.000000 13.000000 0.987033 0.000000 0.000000 0.952230
43.000000 14.000000 1.000000 0.813786 0.000000 1.000000
43.000000 15.000000 1.000000 0.878985 0.000000 1.000000
43.000000 16.000000 1.000000 0.668917 0.038025 0.942332
43.000000 17.000000 0.521729 0.394264 12.144007 0.513964
43.000000 18.000000 0.116731 0.000000 18.831089 0.221589
43.000000 19.000000 0.000000 0.000000 21.000000 0.075576
43.000000 20.000000 0.000000 0.000000 21.000000 0.035641
43.000000 21.000000 0.000000 0.000000 21.000000 0.041074
43.000000 22.000000 0.000000 0.000000 21.000000 0.045740
43.000000 23.000000 0.000000 0.000000 21.000000 0.065002
43.000000 24.000000 0.000000 0.000000 21.000000 0.090930
43.000000 25.000000 0.046608 0.000000 21.000000 0.144916
43.000000 26.000000 0.063924 0.000000 20.952311 0.159518
43.000000 27.000000 0.079594 0.000000 19.993809 0.184493
43.000000 28.000000 0.094202 0.000000 19.495480 0.199937
43.000000 29.000000 0.098132 0.000000 19.630398 0.198744
43.000000 30.000000 0.144334 0.000000 18.130398 0.246156
43.000000 31.000000 0.153669 0.000000 18.405294 0.244234
43.000000 32.000000 0.163048 0.000000 18.010628 0.255645
43.000000 33.000000 0.111883 0.000000 19.279417 0.210909
43.000000 34.000000 0.039627 0.000000 21.000000 0.143707
43.000000 35.000000 0.026549 0.000000 20.358408 0.156986
43.000000 36.000000 0.025736 0.000000 21.000000 0.139914
43.000000 37.000000 0.046112 0.000000 21.000000 0.151698
43.000000 38.000000 0.011087 0.000000 21.000000 0.121484
43.000000 39.000000 0.000000 0.000000 21.000000 0.097351
43.000000 40.000000 0.008033 0.000000 21.000000 0.111612
43.000000 41.000000 0.016185 0.000000 21.000000 0.118646
43.000000 42.000000 0.030968 0.000000 20.509062 0.155719
43.000000 43.000000 0.068067 0.000000 20.599234 0.168099
43.000000 44.000000 0.096892 0.000000 19.631546 0.198284
43.000000 45.000000 0.119103 0.000000 19.189882 0.215504
43.000000 46.000000 0.113967 0.000000 19.446110 0.208443
43.000000 47.000000 0.097916 0.000000 19.735254 0.196579
43.000000 48.000000 0.099017 0.000000 19.583145 0.200019
43.000000 49.000000 0.099311 0.000000 19.661312 0.198585
44.000000 0.000000 0.000000 0.000000 21.000000 0.000000
44.000000 1.000000 0.000000 0.000000 21.000000 0.000000
44.000000 2.000000 0.000000 0.000000 21.000000 0.000000
44.000000 3.000000 0.000000 0.000000 21.000000 0.000000
44.000000 4.000000 0.000000 0.000000 21.000000 0.000000
44.000000 5.000000 0.000000 0.000000 21.000000 0.000000
44.000000 6.000000 0.000000 0.000000 21.000000 0.000000
44.000000 7.000000 0.000000 0.000000 21.000000 0.000000
44.000000 8.000000 0.000000 0.000000 21.000000 0.000000
44.000000 9.000000 0.000000 0.000000 21.000000 0.000000
44.000000 10.000000 0.000000 0.000000 21.000000 0.000000
44.000000 11.000000 0.000000 0.000000 21.000000 0.000000
44.000000 12.000000 0.000000 0.000000 21.000000 0.000000
44.000000 13.000000 0.000000 0.000000 21.000000 0.000000
44.000000 14.000000 0.000000 0.000000 21.000000 0.000000
44.000000 15.000000 0.000000 0.000000 21.000000 0.000000
44.000000 16.000000 0.000000 0.000000 21.000000 0.000000
44.000000 17.000000 0.000000 0.000000 21.000000 0.000000
44.000000 18.000000 0.000000 0.000000 21.000000 0.000000
44.000000 19.000000 0.000000 0.000000 21.000000 0.000000
44.000000 20.000000 0.000000 0.000000 21.000000 0.000000
44.000000 21.000000 0.000000 0.000000 21.000000 0.000000
44.000000 22.000000 0.000000 0.000000 21.000000 0.000000
44.000000 23.000000 0.000000 0.000000 21.000000 0.000000
44.000000 24.000000 0.000000 0.000000 21.000000 0.000000
44.000000 25.000000 0.000000 0.000000 21.000000 0.000000
44.000000 26.000000 0.000000 0.000000 21.000000 0.000000
44.000000 27.000000 0.000000 0.000000 21.000000 0.000000
44.000000 28.000000 0.000000 0.000000 21.000000 0.000000
44.000000 29.000000 0.000000 0.000000 21.000000 0.000000
44.000000 30.000000 0.000000 0.000000 21.000000 0.000000
44.000000 31.000000 0.000000 0.000000 21.000000 0.000000
44.000000 32.000000 0.000000 0.000000 21.000000 0.000000
44.000000 33.000000 0.000000 0.000000 21.000000 0.000000
44.000000 34.000000 0.000000 0.000000 21.000000 0.000000
44.000000 35.000000 0.000000 0.000000 21.000000 0.000000
44.000000 36.000000 0.000000 0.000000 21.000000 0.000000
44.000000 37.000000 0.000000 0.000000 21.000000 0.000000
44.000000 38.000000 0.000000 0.000000 21.000000 0.000000
44.000000 39.000000 0.000000 0.000000 21.000000 0.000000
44.000000 40.000000 0.000000 0.000000 21.000000 0.000000
44.000000 41.000000 0.000000 0.000000 21.000000 0.000000
44.000000 42.000000 0.000000 0.000000 21.000000 0.000000
44.000000 43.000000 0.000000 0.000000 21.000000 0.000000
44.000000 44.000000 0.000000 0.000000 21.000000 0.000000
44.000000 45.000000 0.000000 0.000000 21.000000 0.000000
44.000000 46.000000 0.000000 0.000000 21.000000 0.000000
44.000000 47.000000 0.000000 0.000000 21.000000 0.000000
44.000000 48.000000 0.000000 0.000000 21.000000 0.000000
44.000000 49.000000 0.000000 0.000000 21.000000 0.000000
45.000000 0.000000 0.000000 0.000000 21.000000 0.000000
45.000000 1.000000 0.000000 0.000000 21.000000 0.000000
45.000000 2.000000 0.000000 0.000000 21.000000 0.000000
45.000000 3.000000 0.000000 0.000000 21.000000 0.000000
45.000000 4.000000 0.000000 0.000000 21.000000 0.000000
45.000000 5.000000 0.000000 0.000000 21.000000 0.000000
45.000000 6.000000 0.000000 0.000000 21.000000 0.000000
45.000000 7.000000 0.000000 0.000000 21.000000 0.000000
45.000000 8.000000 0.000000 0.000000 21.000000 0.000000
45.000000 9.000000 0.000000 0.000000 21.000000 0.000000
45.000000 10.000000 0.000000 0.000000 21.000000 0.000000
45.000000 11.000000 0.000000 0.000000 21.000000 0.000000
45.000000 12.000000 0.000000 0.000000 21.000000 0.000000
45.000000 13.000000 0.000000 0.000000 21.000000 0.000000
45.000000 14.000000 0.000000 0.000000 21.000000 0.006795
45.000000 15.000000 0.000000 0.000000 21.000000 0.021004
45.000000 16.000000 0.000000 0.000000 21.000000 0.026270
45.000000 17.000000 0.000000 0.000000 21.000000 0.023815
45.000000 18.000000 0.000000 0.000000 21.000000 0.036042
45.000000 19.000000 0.000000 0.000000 21.000000 0.075284
45.000000 20.000000 0.044969 0.000000 21.000000 0.143557
45.000000 21.000000 0.419150 0.000000 10.965223 0.493370
45.000000 22.000000 1.000000 0.037027 0.000000 1.000000
45.000000 23.000000 1.000000 1.000000 0.000000 1.000000
45.000000 24.000000 1.000000 0.950614 0.000000 1.000000
45.000000 25.000000 1.000000 0.646464 0.095878 0.939833
45.000000 26.000000 0.512218 0.354992 12.292362 0.507378
45.000000 27.000000 0.133141 0.000000 17.651749 0.251304
45.000000 28.000000 0.000000 0.000000 21.000000 0.058454
45.000000 29.000000 0.000000 0.000000 21.000000 0.025360
45.000000 30.000000 0.000000 0.000000 21.000000 0.031806
45.000000 31.000000 0.000000 0.000000 21.000000 0.039704
45.000000 32.000000 0.000000 0.000000 21.000000 0.053602
45.000000 33.000000 0.000000 0.000000 21.000000 0.055229
45.000000 34.000000 0.000000 0.000000 21.000000 0.070808
45.000000 35.000000 0.000000 0.000000 21.000000 0.063074
45.000000 36.000000 0.000000 0.000000 21.000000 0.075347
45.000000 37.000000 0.000000 0.000000 21.000000 0.085652
45.000000 38.000000 0.000000 0.000000 21.000000 0.094764
45.000000 39.000000 0.022070 0.000000 21.000000 0.123722
45.000000 40.000000 0.046643 0.000000 20.929150 0.153379
45.000000 41.000000 0.114430 0.000000 19.557224 0.206467
45.000000 42.000000 0.151040 0.000000 18.475119 0.241879
45.000000 43.000000 0.205943 0.000000 16.731363 0.297424
45.000000 44.000000 0.206900 0.000000 17.443150 0.283633
45.000000 45.000000 0.202074 0.000000 17.362289 0.283391
45.000000 46.000000 0.199258 0.000000 16.964085 0.290213
45.000000 47.000000 0.159592 0.000000 18.208759 0.250352
45.000000 48.000000 0.119272 0.000000 19.426424 0.210828
45.000000 49.000000 0.059699 0.000000 20.764608 0.161573
46.000000 0.000000 0.000000 0.000000 21.000000 0.000000
46.000000 1.000000 0.000000 0.000000 21.000000 0.000000
46.000000 2.000000 0.000000 0.000000 21.000000 0.000000
46.000000 3.000000 0.000000 0.000000 21.000000 0.000000
46.000000 4.000000 0.000000 0.000000 21.000000 0.000000
46.000000 5.000000 0.000000 0.000000 21.000000 0.000000
46.000000 6.000000 0.000000 0.000000 21.000000 0.000000
46.000000 7.000000 0.000000 0.000000 21.000000 0.000000
46.000000 8.000000 0.000000 0.000000 21.000000 0.060348
46.000000 9.000000 0.101862 0.000000 20.014585 0.192613
46.000000 10.000000 0.268238 0.000000 15.338611 0.348871
46.000000 11.000000 0.498814 0.000000 10.111500 0.540662
46.000000 12.000000 0.755450 0.000000 4.385964 0.753108
46.000000 13.000000 1.000000 0.166116 0.000000 1.000000
46.000000 14.000000 1.000000 0.802274 0.000000 1.000000
46.000000 15.000000 1.000000 0.786214 0.000000 1.000000
46.000000 16.000000 0.724000 0.518115 7.236768 0.688206
46.000000 17.000000 0.236887 0.000000 15.249224 0.338555
46.000000 18.000000 0.000000 0.000000 21.000000 0.103506
46.000000 19.000000 0.000000 0.000000 21.000000 0.029865
46.000000 20.000000 0.000000 0.000000 21.000000 0.036042
46.000000 21.000000 0.000000 0.000000 21.000000 0.048663
46.000000 22.000000 0.000000 0.000000 21.000000 0.080677
46.000000 23.000000 0.000000 0.000000 21.000000 0.089354
46.000000 24.000000 0.000000 0.000000 21.000000 0.087290
46.000000 25.000000 0.000000 0.000000 21.000000 0.103764
46.000000 26.000000 0.016748 0.000000 21.000000 0.119137
46.000000 27.000000 0.067817 0.000000 20.843092 0.163181
46.000000 28.000000 0.143288 0.000000 18.714678 0.234190
46.000000 29.000000 0.214667 0.000000 16.925289 0.296905
46.000000 30.000000 0.250737 0.000000 15.989044 0.329239
46.000000 31.000000 0.213351 0.000000 17.014557 0.294593
46.000000 32.000000 0.113611 0.000000 19.559324 0.205994
46.000000 33.000000 0.074464 0.000000 20.261652 0.177168
46.000000 34.000000 0.031402 0.000000 21.000000 0.143000
46.000000 35.000000 0.000000 0.000000 21.000000 0.107397
46.000000 36.000000 0.005650 0.000000 21.000000 0.109553
46.000000 37.000000 0.000000 0.000000 21.000000 0.103402
46.000000 38.000000 0.015234 0.000000 21.000000 0.117852
46.000000 39.000000 0.031617 0.000000 20.347416 0.159177
46.000000 40.000000 0.017859 0.000000 21.000000 0.129465
46.000000 41.000000 0.032887 0.000000 21.000000 0.132973
46.000000 42.000000 0.075405 0.000000 20.666445 0.169573
46.000000 43.000000 0.088922 0.000000 20.074259 0.186457
46.000000 44.000000 0.089209 0.000000 19.852114 0.190954
46.000000 45.000000 0.065437 0.000000 20.129791 0.176354
46.000000 46.000000 0.017712 0.000000 21.000000 0.127966
46.000000 47.000000 0.048093 0.000000 15.226980 0.267751
46.000000 48.000000 0.000000 0.000000 21.000000 0.102781
46.000000 49.000000 0.000000 0.000000 21.000000 0.088470
47.000000 0.000000 0.000000 0.000000 21.000000 0.000000
47.000000 1.000000 0.000000 0.000000 21.000000 0.000000
47.000000 2.000000 0.000000 0.000000 21.000000 0.000000
47.000000 3.000000 0.000000 0.000000 21.000000 0.000000
47.000000 4.000000 0.000000 0.000000 21.000000 0.000000
47.000000 5.000000 0.000000 0.000000 21.000000 0.000000
47.000000 6.000000 0.000000 0.000000 21.000000 0.000000
47.000000 7.000000 0.000000 0.000000 21.000000 0.000305
47.000000 8.000000 0.000000 0.000000 21.000000 0.001138
47.000000 9.000000 0.000000 0.000000 21.000000 0.003579
47.000000 10.000000 0.000000 0.000000 21.000000 0.000000
47.000000 11.000000 0.000000 0.000000 21.000000 0.007570
47.000000 12.000000 0.000000 0.000000 21.000000 0.036042
47.000000 13.000000 0.000000 0.000000 21.000000 0.061319
47.000000 14.000000 0.056723 0.000000 21.000000 0.153798
47.000000 15.000000 0.298456 0.000000 13.974359 0.387561
47.000000 16.000000 0.749421 0.000000 4.044695 0.756791
47.000000 17.000000 1.000000 0.334537 0.000000 1.000000
47.000000 18.000000 1.000000 0.881860 0.000000 1.000000
47.000000 19.000000 1.000000 0.871397 0.000000 1.000000
47.000000 20.000000 0.876050 0.581485 3.509468 0.819898
47.000000 21.000000 0.299127 0.000000 13.015396 0.406786
47.000000 22.000000 0.022234 0.000000 21.000000 0.123523
47.000000 23.000000 0.000000 0.000000 21.000000 0.060861
47.000000 24.000000 0.000000 0.000000 21.000000 0.044130
47.000000 25.000000 0.000000 0.000000 21.000000 0.048224
47.000000 26.000000 0.000000 0.000000 21.000000 0.056919
47.000000 27.000000 0.000000 0.000000 21.000000 0.056919
47.000000 28.000000 0.000000 0.000000 21.000000 0.067120
47.000000 29.000000 0.000000 0.000000 21.000000 0.073713
47.000000 30.000000 0.000306 0.000000 21.000000 0.104981
47.000000 31.000000 0.027903 0.000000 21.000000 0.128740
47.000000 32.000000 0.078096 0.000000 20.275976 0.178345
47.000000 33.000000 0.119887 0.000000 19.526793 0.209139
47.000000 34.000000 0.203685 0.000000 17.218830 0.286900
47.000000 35.000000 0.226111 0.000000 16.882282 0.302119
47.000000 36.000000 0.249132 0.000000 16.287783 0.322695
47.000000 37.000000 0.322168 0.000000 14.212316 0.391777
47.000000 38.000000 0.280192 0.000000 15.585075 0.348526
47.000000 39.000000 0.253270 0.000000 16.054029 0.328889
47.000000 40.000000 0.200603 0.000000 17.535507 0.279378
47.000000 41.000000 0.227461 0.000000 16.434849 0.311495
47.000000 42.000000 0.273868 0.000000 15.305214 0.351628
47.000000 43.000000 0.225340 0.000000 16.878317 0.301882
47.000000 44.000000 0.182853 0.000000 17.600670 0.271316
47.000000 45.000000 0.114723 0.000000 19.386194 0.209868
47.000000 46.000000 0.064927 0.000000 20.814381 0.162572
47.000000 47.000000 0.072244 0.000000 20.592722 0.169805
47.000000 48.000000 0.077586 0.000000 19.727938 0.188994
47.000000 49.000000 0.064663 0.000000 20.443298 0.169860
48.000000 0.000000 0.000000 0.000000 21.000000 0.000000
48.000000 1.000000 0.000000 0.000000 21.000000 0.000000
48.000000 2.000000 0.000000 0.000000 21.000000 0.000000
48.000000 3.000000 0.000000 0.000000 21.000000 0.000000
48.000000 4.000000 0.000000 0.000000 21.000000 0.000000
48.000000 5.000000 0.000000 0.000000 21.000000 0.000000
48.000000 6.000000 0.000000 0.000000 21.000000 0.000000
48.000000 7.000000 0.000000 0.000000 21.000000 0.011625
48.000000 8.000000 0.000000 0.000000 21.000000 0.040905
48.000000 9.000000 0.000000 0.000000 21.000000 0.103635
48.000000 10.000000 0.087514 0.000000 20.359201 0.180301
48.000000 11.000000 0.324054 0.000000 13.575195 0.405216
48.000000 12.000000 0.926985 0.000000 0.000000 0.910658
48.000000 13.000000 1.000000 0.842569 0.000000 1.000000
48.000000 14.000000 1.000000 1.000000 0.000000 1.000000
48.000000 15.000000 1.000000 0.911679 0.000000 1.000000
48.000000 16.000000 0.932316 0.583024 2.047519 0.870246
48.000000 17.000000 0.393361 0.000000 13.515879 0.433624
48.000000 18.000000 0.084585 0.000000 19.646093 0.193196
48.000000 19.000000 0.000000 0.000000 21.000000 0.095885
48.000000 20.000000 0.000000 0.000000 21.000000 0.060218
48.000000 21.000000 0.000000 0.000000 21.000000 0.062228
48.000000 22.000000 0.000000 0.000000 21.000000 0.081527
48.000000 23.000000 0.000000 0.000000 21.000000 0.090993
48.000000 24.000000 0.000000 0.000000 21.000000 0.097556
48.000000 25.000000 0.036821 0.000000 21.000000 0.136508
48.000000 26.000000 0.063693 0.000000 20.952116 0.159437
48.000000 27.000000 0.130787 0.000000 18.738527 0.228949
48.000000 28.000000 0.169448 0.000000 17.959877 0.259117
48.000000 29.000000 0.212076 0.000000 17.100824 0.292410
48.000000 30.000000 0.228635 0.000000 16.512974 0.310390
48.000000 31.000000 0.202901 0.000000 17.153473 0.287833
48.000000 32.000000 0.203866 0.000000 17.122564 0.288812
48.000000 33.000000 0.178439 0.000000 17.773249 0.266197
48.000000 34.000000 0.133263 0.000000 18.694553 0.230671
48.000000 35.000000 0.106976 0.000000 19.406399 0.206531
48.000000 36.000000 0.140052 0.000000 18.029394 0.246523
48.000000 37.000000 0.144097 0.000000 18.528229 0.238147
48.000000 38.000000 0.148354 0.000000 18.536041 0.239617
48.000000 39.000000 0.126862 0.000000 19.202400 0.218188
48.000000 40.000000 0.091173 0.000000 19.609524 0.196487
48.000000 41.000000 0.045567 0.000000 20.794950 0.155563
48.000000 42.000000 0.011554 0.000000 21.000000 0.126231
48.000000 43.000000 0.000000 0.000000 21.000000 0.105070
48.000000 44.000000 0.000000 0.000000 21.000000 0.058842
48.000000 45.000000 0.000000 0.000000 21.000000 0.082377
48.000000 46.000000 0.000000 0.000000 21.000000 0.087715
48.000000 47.000000 0.000000 0.000000 21.000000 0.097620
48.000000 48.000000 0.000000 0.000000 21.000000 0.099689
48.000000 49.000000 0.000000 0.000000 21.000000 0.086503
49.000000 0.000000 0.000000 0.000000 21.000000 0.000000
49.000000 1.000000 0.000000 0.000000 21.000000 0.000000
49.000000 2.000000 0.000000 0.000000 21.000000 0.000000
49.000000 3.000000 0.000000 0.000000 21.000000 0.000000
49.000000 4.000000 0.000000 0.000000 21.000000 0.000000
49.000000 5.000000 0.000000 0.000000 21.000000 0.000000
49.000000 6.000000 0.000000 0.000000 21.000000 0.000000
49.000000 7.000000 0.000000 0.000000 21.000000 0.000000
49.000000 8.000000 0.000000 0.000000 21.000000 0.003579
49.000000 9.000000 0.000000 0.000000 21.000000 0.003579
49.000000 10.000000 0.000000 0.000000 21.000000 0.004353
49.000000 11.000000 0.000000 0.000000 21.000000 0.061194
49.000000 12.000000 0.175818 0.000000 18.214272 0.256539
49.000000 13.000000 0.545151 0.000000 8.499376 0.590309
49.000000 14.000000 0.979892 0.000000 0.000000 0.943900
49.000000 15.000000 1.000000 0.797850 0.000000 1.000000
49.000000 16.000000 1.000000 0.937617 0.000000 1.000000
49.000000 17.000000 1.000000 0.739664 0.000000 1.000000
49.000000 18.000000 0.657179 0.469707 8.839042 0.631044
49.000000 19.000000 0.168849 0.000000 17.182793 0.274192
49.000000 20.000000 0.000000 0.000000 21.000000 0.090035
49.000000 21.000000 0.000000 0.000000 21.000000 0.046704
49.000000 22.000000 0.000000 0.000000 21.000000 0.042511
49.000000 23.000000 0.000000 0.000000 21.000000 0.044212
49.000000 24.000000 0.000000 0.000000 21.000000 0.083100
49.000000 25.000000 0.030200 0.000000 21.000000 0.130755
49.000000 26.000000 0.072027 0.000000 20.748621 0.166658
49.000000 27.000000 0.118452 0.000000 19.536390 0.208405
49.000000 28.000000 0.162255 0.000000 18.166334 0.252282
49.000000 29.000000 0.281703 0.000000 15.119055 0.358340
49.000000 30.000000 0.324415 0.000000 14.622784 0.384528
49.000000 31.000000 0.357646 0.000000 13.569153 0.418139
49.000000 32.000000 0.379834 0.000000 12.979774 0.438320
49.000000 33.000000 0.277363 0.000000 15.788029 0.343421
49.000000 34.000000 0.157693 0.000000 18.613190 0.241600
49.000000 35.000000 0.151621 0.000000 18.419367 0.243177
49.000000 36.000000 0.129029 0.000000 18.858763 0.225850
49.000000 37.000000 0.147458 0.000000 18.254316 0.244891
49.000000 38.000000 0.138337 0.000000 18.954071 0.227512
49.000000 39.000000 0.098727 0.000000 19.653944 0.198498
49.000000 40.000000 0.071618 0.000000 20.027304 0.180741
49.000000 41.000000 0.050650 0.000000 20.747986 0.158454
49.000000 42.000000 0.064190 0.000000 20.598602 0.166616
49.000000 43.000000 0.063406 0.000000 20.335957 0.171518
49.000000 44.000000 0.078503 0.000000 20.243176 0.179126
49.000000 45.000000 0.096457 0.000000 20.086784 0.189085
49.000000 46.000000 0.081615 0.000000 20.406067 0.177079
49.000000 47.000000 0.064062 0.000000 20.166756 0.175112
49.000000 48.000000 0.000000 0.000000 21.000000 0.100078
49.000000 49.000000 0.000000 0.000000 21.000000 0.098668
50.000000 0.000000 0.000000 0.000000 21.000000 0.000000
50.000000 1.000000 0.000000 0.000000 21.000000 0.000000
50.000000 2.000000 0.000000 0.000000 21.000000 0.000000
50.000000 3.000000 0.000000 0.000000 21.000000 0.000000
50.000000 4.000000 0.000000 0.000000 21.000000 0.000000
50.000000 5.000000 0.000000 0.000000 21.000000 0.000000
50.000000 6.000000 0.000000 0.000000 21.000000 0.000000
50.000000 7.000000 0.000000 0.000000 21.000000 0.000000
50.000000 8.000000 0.000000 0.000000 21.000000 0.000000
50.000000 9.000000 0.000000 0.000000 21.000000 0.000000
50.000000 10.000000 0.000000 0.000000 21.000000 0.003162
50.000000 11.000000 0.000000 0.000000 21.000000 0.007987
50.000000 12.000000 0.000000 0.000000 21.000000 0.029504
50.000000 13.000000 0.000000 0.000000 21.000000 0.059267
50.000000 14.000000 0.168342 0.000000 18.387014 0.250257
50.000000 15.000000 0.591717 0.000000 7.259465 0.632700
50.000000 16.000000 1.000000 0.021182 0.000000 0.984229
50.000000 17.000000 1.000000 0.898699 0.000000 1.000000
50.000000 18.000000 1.000000 0.875632 0.000000 1.000000
50.000000 19.000000 0.981629 0.651158 0.896333 0.911559
50.000000 20.000000 0.523426 0.373262 12.057713 0.516315
50.000000 21.000000 0.099877 0.000000 19.014948 0.211515
50.000000 22.000000 0.000000 0.000000 21.000000 0.063696
50.000000 23.000000 0.000000 0.000000 21.000000 0.060500
50.000000 24.000000 0.000000 0.000000 21.000000 0.088503
50.000000 25.000000 0.011819 0.000000 21.000000 0.114920
50.000000 26.000000 0.031615 0.000000 21.000000 0.131979
50.000000 27.000000 0.108809 0.000000 19.850388 0.198517
50.000000 28.000000 0.147159 0.000000 18.911245 0.231750
50.000000 29.000000 0.222931 0.000000 16.481325 0.308877
50.000000 30.000000 0.229491 0.000000 16.734953 0.306325
50.000000 31.000000 0.246402 0.000000 16.122810 0.324914
50.000000 32.000000 0.258075 0.000000 15.845229 0.334870
50.000000 33.000000 0.255393 0.000000 15.984871 0.331067
50.000000 34.000000 0.186023 0.000000 17.833031 0.267905
50.000000 35.000000 0.154265 0.000000 18.292866 0.246672
50.000000 36.000000 0.111135 0.000000 19.424486 0.207771
50.000000 37.000000 0.106220 0.000000 19.345995 0.207486
50.000000 38.000000 0.075213 0.000000 20.397457 0.174785
50.000000 39.000000 0.076082 0.000000 18.976435 0.203336
50.000000 40.000000 0.055946 0.000000 20.981165 0.155856
50.000000 41.000000 0.069591 0.000000 19.858980 0.183345
50.000000 42.000000 0.045455 0.000000 21.000000 0.151395
50.000000 43.000000 0.057355 0.000000 20.358335 0.168767
50.000000 44.000000 0.076814 0.000000 20.091030 0.181498
50.000000 45.000000 0.060055 0.000000 20.421816 0.168519
50.000000 46.000000 0.071061 0.000000 20.026432 0.180573
50.000000 47.000000 0.056745 0.000000 20.250063 0.170657
50.000000 48.000000 0.063474 0.000000 20.702377 0.164275
50.000000 49.000000 0.097462 0.000000 18.386190 0.223234
51.000000 0.000000 0.000000 0.000000 21.000000 0.000000
51.000000 1.000000 0.000000 0.000000 21.000000 0.000000
51.000000 2.000000 0.000000 0.000000 21.000000 0.000000
51.000000 3.000000 0.000000 0.000000 21.000000 0.000000
51.000000 4.000000 0.000000 0.000000 21.000000 0.000000
51.000000 5.000000 0.000000 0.000000 21.000000 0.000000
51.000000 6.000000 0.000000 0.000000 21.000000 0.000000
51.000000 7.000000 0.000000 0.000000 21.000000 0.000000
51.000000 8.000000 0.000000 0.000000 21.000000 0.000000
51.000000 9.000000 0.000000 0.000000 21.000000 0.000000
51.000000 10.000000 0.000000 0.000000 21.000000 0.000000
51.000000 11.000000 0.000000 0.000000 21.000000 0.000000
51.000000 12.000000 0.000000 0.000000 21.000000 0.000000
51.000000 13.000000 0.000000 0.000000 21.000000 0.000000
51.000000 14.000000 0.000000 0.000000 21.000000 0.000000
51.000000 15.000000 0.000000 0.000000 21.000000 0.000000
51.000000 16.000000 0.000000 0.000000 21.000000 0.000000
51.000000 17.000000 0.000000 0.000000 21.000000 0.000000
51.000000 18.000000 0.000000 0.000000 21.000000 0.000000
51.000000 19.000000 0.000000 0.000000 21.000000 0.000000
51.000000 20.000000 0.000000 0.000000 21.000000 0.000000
51.000000 21.000000 0.000000 0.000000 21.000000 0.000000
51.000000 22.000000 0.000000 0.000000 21.000000 0.000000
51.000000 23.000000 0.000000 0.000000 21.000000 0.000000
51.000000 24.000000 0.000000 0.000000 21.000000 0.000000
51.000000 25.000000 0.000000 0.000000 21.000000 0.000000
51.000000 26.000000 0.000000 0.000000 21.000000 0.000000
51.000000 27.000000 0.000000 0.000000 21.000000 0.000000
51.000000 28.000000 0.000000 0.000000 21.000000 0.000000
51.000000 29.000000 0.000000 0.000000 21.000000 0.000000
51.000000 30.000000 0.000000 0.000000 21.000000 0.000000
51.000000 31.000000 0.000000 0.000000 21.000000 0.000000
51.000000 32.000000 0.000000 0.000000 21.000000 0.000000
51.000000 33.000000 0.000000 0.000000 21.000000 0.000000
51.000000 34.000000 0.000000 0.000000 21.000000 0.000000
51.000000 35.000000 0.000000 0.000000 21.000000 0.000000
51.000000 36.000000 0.000000 0.000000 21.000000 0.000000
51.000000 37.000000 0.000000 0.000000 21.000000 0.000000
51.000000 38.000000 0.000000 0.000000 21.000000 0.000000
51.000000 39.000000 0.000000 0.000000 21.000000 0.000000
51.000000 40.000000 0.000000 0.000000 21.000000 0.000000
51.000000 41.000000 0.000000 0.000000 21.000000 0.000000
51.000000 42.000000 0.000000 0.000000 21.000000 0.000000
51.000000 43.000000 0.000000 0.000000 21.000000 0.000000
51.000000 44.000000 0.000000 0.000000 21.000000 0.000000
51.000000 45.000000 0.000000 0.000000 21.000000 0.000000
51.000000 46.000000 0.000000 0.000000 21.000000 0.000000
51.000000 47.000000 0.000000 0.000000 21.000000 0.000000
51.000000 48.000000 0.000000 0.000000 21.000000 0.000000
51.000000 49.000000 0.000000 0.000000 21.000000 0.000000
52.000000 0.000000 0.000000 0.000000 21.000000 0.000000
52.000000 1.000000 0.000000 0.000000 21.000000 0.000000
52.000000 2.000000 0.000000 0.000000 21.000000 0.000000
52.000000 3.000000 0.000000 0.000000 21.000000 0.000000
52.000000 4.000000 0.000000 0.000000 21.000000 0.000000
52.000000 5.000000 0.000000 0.000000 21.000000 0.000000
52.000000 6.000000 0.000000 0.000000 21.000000 0.000000
52.000000 7.000000 0.000000 0.000000 21.000000 0.000000
52.000000 8.000000 0.000000 0.000000 21.000000 0.001138
52.000000 9.000000 0.000000 0.000000 21.000000 0.013715
52.000000 10.000000 0.000000 0.000000 21.000000 0.021781
52.000000 11.000000 0.000000 0.000000 21.000000 0.030344
52.000000 12.000000 0.000000 0.000000 21.000000 0.082612
52.000000 13.000000 0.239301 0.000000 16.665991 0.311461
52.000000 14.000000 0.690172 0.000000 5.364169 0.707843
52.000000 15.000000 1.000000 0.233743 0.000000 1.000000
52.000000 16.000000 1.000000 0.960217 0.000000 1.000000
52.000000 17.000000 1.000000 0.981702 0.000000 1.000000
52.000000 18.000000 1.000000 0.698605 0.000000 1.000000
52.000000 19.000000 0.567478 0.409774 11.010379 0.553834
52.000000 20.000000 0.096329 0.000000 19.625847 0.197994
52.000000 21.000000 0.000000 0.000000 21.000000 0.046510
52.000000 22.000000 0.000000 0.000000 21.000000 0.017895
52.000000 23.000000 0.000000 0.000000 21.000000 0.024420
52.000000 24.000000 0.000000 0.000000 21.000000 0.045414
52.000000 25.000000 0.000000 0.000000 21.000000 0.056074
52.000000 26.000000 0.000000 0.000000 21.000000 0.055651
52.000000 27.000000 0.000000 0.000000 21.000000 0.054806
52.000000 28.000000 0.000000 0.000000 21.000000 0.084801
52.000000 29.000000 0.026503 0.000000 21.000000 0.127518
52.000000 30.000000 0.027614 0.000000 21.000000 0.128324
52.000000 31.000000 0.042360 0.000000 21.000000 0.147636
52.000000 32.000000 0.044311 0.000000 21.000000 0.142611
52.000000 33.000000 0.097514 0.000000 19.545444 0.200244
52.000000 34.000000 0.098082 0.000000 19.717918 0.197003
52.000000 35.000000 0.132067 0.000000 18.407068 0.235981
52.000000 36.000000 0.201031 0.000000 16.497641 0.300192
52.000000 37.000000 0.246515 0.000000 16.049488 0.326403
52.000000 38.000000 0.235484 0.000000 16.458450 0.314066
52.000000 39.000000 0.208865 0.000000 17.096718 0.291227
52.000000 40.000000 0.138397 0.000000 18.936560 0.227824
52.000000 41.000000 0.119245 0.000000 19.030706 0.218681
52.000000 42.000000 0.093346 0.000000 19.434299 0.200790
52.000000 43.000000 0.070716 0.000000 20.105394 0.178844
52.000000 44.000000 0.081053 0.000000 19.403704 0.196740
52.000000 45.000000 0.016289 0.000000 21.000000 0.128937
52.000000 46.000000 0.035300 0.000000 19.564095 0.176133
52.000000 47.000000 0.003323 0.000000 21.000000 0.111407
52.000000 48.000000 0.034841 0.000000 17.728815 0.212564
52.000000 49.000000 0.000000 0.000000 21.000000 0.102044
53.000000 0.000000 0.000000 0.000000 21.000000 0.000000
53.000000 1.000000 0.000000 0.000000 21.000000 0.000000
53.000000 2.000000 0.000000 0.000000 21.000000 0.000000
53.000000 3.000000 0.000000 0.000000 21.000000 0.000000
53.000000 4.000000 0.000000 0.000000 21.000000 0.000000
53.000000 5.000000 0.000000 0.000000 21.000000 0.000000
53.000000 6.000000 0.000000 0.000000 21.000000 0.000000
53.000000 7.000000 0.000000 0.000000 21.000000 0.014491
53.000000 8.000000 0.000000 0.000000 21.000000 0.031962
53.000000 9.000000 0.000000 0.000000 21.000000 0.074435
53.000000 10.000000 0.083312 0.000000 20.456482 0.176766
53.000000 11.000000 0.303926 0.000000 14.176018 0.385600
53.000000 12.000000 0.582910 0.000000 8.190561 0.610972
53.000000 13.000000 0.871622 0.000000 1.729627 0.850756
53.000000 14.000000 1.000000 0.414338 0.000000 1.000000
53.000000 15.000000 1.000000 0.810821 0.000000 1.000000
53.000000 16.000000 0.987219 0.666451 0.795879 0.915690
53.000000 17.000000 0.596134 0.434460 10.305792 0.578711
53.000000 18.000000 0.160628 0.000000 17.257637 0.269565
53.000000 19.000000 0.000000 0.000000 21.000000 0.083665
53.000000 20.000000 0.000000 0.000000 21.000000 0.054407
53.000000 21.000000 0.000000 0.000000 21.000000 0.046600
53.000000 22.000000 0.000000 0.000000 21.000000 0.051976
53.000000 23.000000 0.000000 0.000000 21.000000 0.052758
53.000000 24.000000 0.000000 0.000000 21.000000 0.057341
53.000000 25.000000 0.000000 0.000000 21.000000 0.074011
53.000000 26.000000 0.000000 0.000000 21.000000 0.097556
53.000000 27.000000 0.005729 0.000000 21.000000 0.109618
53.000000 28.000000 0.017564 0.000000 21.000000 0.119865
53.000000 29.000000 0.084725 0.000000 19.878395 0.188766
53.000000 30.000000 0.196552 0.000000 17.299973 0.282580
53.000000 31.000000 0.328698 0.000000 14.097135 0.396565
53.000000 32.000000 0.369889 0.000000 13.535312 0.423549
53.000000 33.000000 0.372278 0.000000 13.313986 0.428852
53.000000 34.000000 0.319227 0.000000 14.587340 0.383248
53.000000 35.000000 0.227956 0.000000 16.923840 0.301950
53.000000 36.000000 0.123690 0.000000 19.346334 0.214096
53.000000 37.000000 0.078767 0.000000 20.065544 0.182722
53.000000 38.000000 0.107386 0.000000 19.233078 0.210193
53.000000 39.000000 0.136018 0.000000 18.878750 0.228141
53.000000 40.000000 0.147900 0.000000 18.547356 0.239243
53.000000 41.000000 0.116963 0.000000 19.283928 0.212797
53.000000 42.000000 0.094695 0.000000 19.571507 0.198585
53.000000 43.000000 0.068690 0.000000 20.425091 0.171729
53.000000 44.000000 0.056825 0.000000 20.103575 0.173589
53.000000 45.000000 0.027842 0.000000 21.000000 0.130891
53.000000 46.000000 0.005308 0.000000 20.805122 0.140018
53.000000 47.000000 0.000000 0.000000 21.000000 0.068401
53.000000 48.000000 0.000000 0.000000 21.000000 0.085029
53.000000 49.000000 0.000000 0.000000 21.000000 0.081651
54.000000 0.000000 0.000000 0.000000 21.000000 0.000000
54.000000 1.000000 0.000000 0.000000 21.000000 0.000000
54.000000 2.000000 0.000000 0.000000 21.000000 0.000000
54.000000 3.000000 0.000000 0.000000 21.000000 0.000000
54.000000 4.000000 0.000000 0.000000 21.000000 0.000000
54.000000 5.000000 0.000000 0.000000 21.000000 0.000000
54.000000 6.000000 0.000000 0.000000 21.000000 0.000000
54.000000 7.000000 0.000000 0.000000 21.000000 0.000000
54.000000 8.000000 0.000000 0.000000 21.000000 0.000000
54.000000 9.000000 0.000000 0.000000 21.000000 0.000000
54.000000 10.000000 0.000000 0.000000 21.000000 0.000000
54.000000 11.000000 0.000000 0.000000 21.000000 0.000000
54.000000 12.000000 0.000000 0.000000 21.000000 0.000000
54.000000 13.000000 0.000000 0.000000 21.000000 0.000721
54.000000 14.000000 0.000000 0.000000 21.000000 0.041623
54.000000 15.000000 0.001198 0.000000 21.000000 0.105771
54.000000 16.000000 0.136132 0.000000 19.177591 0.222290
54.000000 17.000000 0.405520 0.000000 11.920955 0.469090
54.000000 18.000000 0.744766 0.000000 4.489986 0.746580
54.000000 19.000000 1.000000 0.132970 0.000000 0.991270
54.000000 20.000000 1.000000 0.786120 0.000000 1.000000
54.000000 21.000000 1.000000 0.853684 0.000000 1.000000
54.000000 22.000000 0.849896 0.584607 4.148650 0.797174
54.000000 23.000000 0.279639 0.000000 14.189461 0.375899
54.000000 24.000000 0.009751 0.000000 21.000000 0.112805
54.000000 25.000000 0.000000 0.000000 21.000000 0.034310
54.000000 26.000000 0.000000 0.000000 21.000000 0.026360
54.000000 27.000000 0.000000 0.000000 21.000000 0.019390
54.000000 28.000000 0.000000 0.000000 21.000000 0.025851
54.000000 29.000000 0.000000 0.000000 21.000000 0.038862
54.000000 30.000000 0.000000 0.000000 21.000000 0.066210
54.000000 31.000000 0.013721 0.000000 21.000000 0.116567
54.000000 32.000000 0.034122 0.000000 21.000000 0.134068
54.000000 33.000000 0.109823 0.000000 19.572538 0.204409
54.000000 34.000000 0.149659 0.000000 18.638556 0.238111
54.000000 35.000000 0.172785 0.000000 17.934072 0.260894
54.000000 36.000000 0.219596 0.000000 16.696987 0.303293
54.000000 37.000000 0.255735 0.000000 15.836969 0.334151
54.000000 38.000000 0.273821 0.000000 15.460234 0.348526
54.000000 39.000000 0.196828 0.000000 17.577732 0.277090
54.000000 40.000000 0.131287 0.000000 19.033073 0.223194
54.000000 41.000000 0.065953 0.000000 20.395178 0.171266
54.000000 42.000000 0.015428 0.000000 21.000000 0.129688
54.000000 43.000000 0.025917 0.000000 21.000000 0.143523
54.000000 44.000000 0.024834 0.000000 21.000000 0.134217
54.000000 45.000000 0.042582 0.000000 20.595297 0.158442
54.000000 46.000000 0.006425 0.000000 21.000000 0.109910
54.000000 47.000000 0.039422 0.000000 19.577108 0.177463
54.000000 48.000000 0.019710 0.000000 21.000000 0.121331
54.000000 49.000000 0.034537 0.000000 19.977840 0.167626
55.000000 0.000000 0.000000 0.000000 21.000000 0.000000
55.000000 1.000000 0.000000 0.000000 21.000000 0.000000
55.000000 2.000000 0.000000 0.000000 21.000000 0.000000
55.000000 3.000000 0.000000 0.000000 21.000000 0.000000
55.000000 4.000000 0.000000 0.000000 21.000000 0.000000
55.000000 5.000000 0.000000 0.000000 21.000000 0.000000
55.000000 6.000000 0.000000 0.000000 21.000000 0.000000
55.000000 7.000000 0.000000 0.000000 21.000000 0.000000
55.000000 8.000000 0.000000 0.000000 21.000000 0.000000
55.000000 9.000000 0.000000 0.000000 21.000000 0.000000
55.000000 10.000000 0.000000 0.000000 21.000000 0.000000
55.000000 11.000000 0.000000 0.000000 21.000000 0.000000
55.000000 12.000000 0.000000 0.000000 21.000000 0.000000
55.000000 13.000000 0.000000 0.000000 21.000000 0.000000
55.000000 14.000000 0.000000 0.000000 21.000000 0.000000
55.000000 15.000000 0.000000 0.000000 21.000000 0.000000
55.000000 16.000000 0.000000 0.000000 21.000000 0.000000
55.000000 17.000000 0.000000 0.000000 21.000000 0.000000
55.000000 18.000000 0.000000 0.000000 21.000000 0.000000
55.000000 19.000000 0.000000 0.000000 21.000000 0.000000
55.000000 20.000000 0.000000 0.000000 21.000000 0.000000
55.000000 21.000000 0.000000 0.000000 21.000000 0.000000
55.000000 22.000000 0.000000 0.000000 21.000000 0.000000
55.000000 23.000000 0.000000 0.000000 21.000000 0.000000
55.000000 24.000000 0.000000 0.000000 21.000000 0.000000
55.000000 25.000000 0.000000 0.000000 21.000000 0.000000
55.000000 26.000000 0.000000 0.000000 21.000000 0.000000
55.000000 27.000000 0.000000 0.000000 21.000000 0.000000
55.000000 28.000000 0.000000 0.000000 21.000000 0.000000
55.000000 29.000000 0.000000 0.000000 21.000000 0.000000
55.000000 30.000000 0.000000 0.000000 21.000000 0.000000
55.000000 31.000000 0.000000 0.000000 21.000000 0.000000
55.000000 32.000000 0.000000 0.000000 21.000000 0.000000
55.000000 33.000000 0.000000 0.000000 21.000000 0.000000
55.000000 34.000000 0.000000 0.000000 21.000000 0.000000
55.000000 35.000000 0.000000 0.000000 21.000000 0.000000
55.000000 36.000000 0.000000 0.000000 21.000000 0.000000
55.000000 37.000000 0.000000 0.000000 21.000000 0.000000
55.000000 38.000000 0.000000 0.000000 21.000000 0.000000
55.000000 39.000000 0.000000 0.000000 21.000000 0.000000
55.000000 40.000000 0.000000 0.000000 21.000000 0.000000
55.000000 41.000000 0.000000 0.000000 21.000000 0.000000
55.000000 42.000000 0.000000 0.000000 21.000000 0.000000
55.000000 43.000000 0.000000 0.000000 21.000000 0.000000
55.000000 44.000000 0.000000 0.000000 21.000000 0.000000
55.000000 45.000000 0.000000 0.000000 21.000000 0.000000
55.000000 46.000000 0.000000 0.000000 21.000000 0.000000
55.000000 47.000000 0.000000 0.000000 21.000000 0.000000
55.000000 48.000000 0.000000 0.000000 21.000000 0.000000
55.000000 49.000000 0.000000 0.000000 21.000000 0.000000
56.000000 0.000000 0.000000 0.000000 21.000000 0.000000
56.000000 1.000000 0.000000 0.000000 21.000000 0.000000
56.000000 2.000000 0.000000 0.000000 21.000000 0.000000
56.000000 3.000000 0.000000 0.000000 21.000000 0.000000
56.000000 4.000000 0.000000 0.000000 21.000000 0.000000
56.000000 5.000000 0.000000 0.000000 21.000000 0.000000
56.000000 6.000000 0.000000 0.000000 21.000000 0.000000
56.000000 7.000000 0.000000 0.000000 21.000000 0.000000
56.000000 8.000000 0.000000 0.000000 21.000000 0.000000
56.000000 9.000000 0.000000 0.000000 21.000000 0.000000
56.000000 10.000000 0.000000 0.000000 21.000000 0.000000
56.000000 11.000000 0.000000 0.000000 21.000000 0.000000
56.000000 12.000000 0.000000 0.000000 21.000000 0.000000
56.000000 13.000000 0.000000 0.000000 21.000000 0.000000
56.000000 14.000000 0.000000 0.000000 21.000000 0.000000
56.000000 15.000000 0.000000 0.000000 21.000000 0.000000
56.000000 16.000000 0.000000 0.000000 21.000000 0.000000
56.000000 17.000000 0.000000 0.000000 21.000000 0.000000
56.000000 18.000000 0.000000 0.000000 21.000000 0.000000
56.000000 19.000000 0.000000 0.000000 21.000000 0.000000
56.000000 20.000000 0.000000 0.000000 21.000000 0.000000
56.000000 21.000000 0.000000 0.000000 21.000000 0.000000
56.000000 22.000000 0.000000 0.000000 21.000000 0.000000
56.000000 23.000000 0.000000 0.000000 21.000000 0.000000
56.000000 24.000000 0.000000 0.000000 21.000000 0.000000
56.000000 25.000000 0.000000 0.000000 21.000000 0.000000
56.000000 26.000000 0.000000 0.000000 21.000000 0.000000
56.000000 27.000000 0.000000 0.000000 21.000000 0.000000
56.000000 28.000000 0.000000 0.000000 21.000000 0.000000
56.000000 29.000000 0.000000 0.000000 21.000000 0.000000
56.000000 30.000000 0.000000 0.000000 21.000000 0.000000
56.000000 31.000000 0.000000 0.000000 21.000000 0.000000
56.000000 32.000000 0.000000 0.000000 21.000000 0.000000
56.000000 33.000000 0.000000 0.000000 21.000000 0.000000
56.000000 34.000000 0.000000 0.000000 21.000000 0.000000
56.000000 35.000000 0.000000 0.000000 21.000000 0.000000
56.000000 36.000000 0.000000 0.000000 21.000000 0.000000
56.000000 37.000000 0.000000 0.000000 21.000000 0.000000
56.000000 38.000000 0.000000 0.000000 21.000000 0.000000
56.000000 39.000000 0.000000 0.000000 21.000000 0.000000
56.000000 40.000000 0.000000 0.000000 21.000000 0.000000
56.000000 41.000000 0.000000 0.000000 21.000000 0.000000
56.000000 42.000000 0.000000 0.000000 21.000000 0.000000
56.000000 43.000000 0.000000 0.000000 21.000000 0.000000
56.000000 44.000000 0.000000 0.000000 21.000000 0.000000
56.000000 45.000000 0.000000 0.000000 21.000000 0.000000
56.000000 46.000000 0.000000 0.000000 21.000000 0.000000
56.000000 47.000000 0.000000 0.000000 21.000000 0.000000
56.000000 48.000000 0.000000 0.000000 21.000000 0.000000
56.000000 49.000000 0.000000 0.000000 21.000000 0.000000
57.000000 0.000000 0.000000 0.000000 21.000000 0.000000
57.000000 1.000000 0.000000 0.000000 21.000000 0.000000
57.000000 2.000000 0.000000 0.000000 21.000000 0.000000
57.000000 3.000000 0.000000 0.000000 21.000000 0.000000
57.000000 4.000000 0.000000 0.000000 21.000000 0.000000
57.000000 5.000000 0.000000 0.000000 21.000000 0.000000
57.000000 6.000000 0.000000 0.000000 21.000000 0.000000
57.000000 7.000000 0.000000 0.000000 21.000000 0.000000
57.000000 8.000000 0.000000 0.000000 21.000000 0.000000
57.000000 9.000000 0.000000 0.000000 21.000000 0.000000
57.000000 10.000000 0.000000 0.000000 21.000000 0.000000
57.000000 11.000000 0.000000 0.000000 21.000000 0.000000
57.000000 12.000000 0.000000 0.000000 21.000000 0.000000
57.000000 13.000000 0.000000 0.000000 21.000000 0.000000
57.000000 14.000000 0.000000 0.000000 21.000000 0.000000
57.000000 15.000000 0.000000 0.000000 21.000000 0.000000
57.000000 16.000000 0.000000 0.000000 21.000000 0.000000
57.000000 17.000000 0.000000 0.000000 21.000000 0.000000
57.000000 18.000000 0.000000 0.000000 21.000000 0.000000
57.000000 19.000000 0.000000 0.000000 21.000000 0.000000
57.000000 20.000000 0.000000 0.000000 21.000000 0.000000
57.000000 21.000000 0.000000 0.000000 21.000000 0.000000
57.000000 22.000000 0.000000 0.000000 21.000000 0.000000
57.000000 23.000000 0.000000 0.000000 21.000000 0.000000
57.000000 24.000000 0.000000 0.000000 21.000000 0.000000
57.000000 25.000000 0.000000 0.000000 21.000000 0.000000
57.000000 26.000000 0.000000 0.000000 21.000000 0.000000
57.000000 27.000000 0.000000 0.000000 21.000000 0.000000
57.000000 28.000000 0.000000 0.000000 21.000000 0.000000
57.000000 29.000000 0.000000 0.000000 21.000000 0.000000
57.000000 30.000000 0.000000 0.000000 21.000000 0.000000
57.000000 31.000000 0.000000 0.000000 21.000000 0.000000
57.000000 32.000000 0.000000 0.000000 21.000000 0.000000
57.000000 33.000000 0.000000 0.000000 21.000000 0.000000
57.000000 34.000000 0.000000 0.000000 21.000000 0.000000
57.000000 35.000000 0.000000 0.000000 21.000000 0.000000
57.000000 36.000000 0.000000 0.000000 21.000000 0.000000
57.000000 37.000000 0.000000 0.000000 21.000000 0.000000
57.000000 38.000000 0.000000 0.000000 21.000000 0.000000
57.000000 39.000000 0.000000 0.000000 21.000000 0.000000
57.000000 40.000000 0.000000 0.000000 21.000000 0.000000
57.000000 41.000000 0.000000 0.000000 21.000000 0.000000
57.000000 42.000000 0.000000 0.000000 21.000000 0.000000
57.000000 43.000000 0.000000 0.000000 21.000000 0.000000
57.000000 44.000000 0.000000 0.000000 21.000000 0.000000
57.000000 45.000000 0.000000 0.000000 21.000000 0.000000
57.000000 46.000000 0.000000 0.000000 21.000000 0.000000
57.000000 47.000000 0.000000 0.000000 21.000000 0.000000
57.000000 48.000000 0.000000 0.000000 21.000000 0.000000
57.000000 49.000000 0.000000 0.000000 21.000000 0.000000
58.000000 0.000000 0.000000 0.000000 21.000000 0.000000
58.000000 1.000000 0.000000 0.000000 21.000000 0.000000
58.000000 2.000000 0.000000 0.000000 21.000000 0.000000
58.000000 3.000000 0.000000 0.000000 21.000000 0.000000
58.000000 4.000000 0.000000 0.000000 21.000000 0.000000
58.000000 5.000000 0.000000 0.000000 21.000000 0.000000
58.000000 6.000000 0.000000 0.000000 21.000000 0.000000
58.000000 7.000000 0.000000 0.000000 21.000000 0.000000
58.000000 8.000000 0.000000 0.000000 21.000000 0.000000
58.000000 9.000000 0.000000 0.000000 21.000000 0.000000
58.000000 10.000000 0.000000 0.000000 21.000000 0.000000
58.000000 11.000000 0.000000 0.000000 21.000000 0.000000
58.000000 12.000000 0.000000 0.000000 21.000000 0.000000
58.000000 13.000000 0.000000 0.000000 21.000000 0.000000
58.000000 14.000000 0.000000 0.000000 21.000000 0.000000
58.000000 15.000000 0.000000 0.000000 21.000000 0.000000
58.000000 16.000000 0.000000 0.000000 21.000000 0.000000
58.000000 17.000000 0.000000 0.000000 21.000000 0.000000
58.000000 18.000000 0.000000 0.000000 21.000000 0.000000
58.000000 19.000000 0.000000 0.000000 21.000000 0.000000
58.000000 20.000000 0.000000 0.000000 21.000000 0.000000
58.000000 21.000000 0.000000 0.000000 21.000000 0.000000
58.000000 22.000000 0.000000 0.000000 21.000000 0.000000
58.000000 23.000000 0.000000 0.000000 21.000000 0.000000
58.000000 24.000000 0.000000 0.000000 21.000000 0.000000
58.000000 25.000000 0.000000 0.000000 21.000000 0.000000
58.000000 26.000000 0.000000 0.000000 21.000000 0.000000
58.000000 27.000000 0.000000 0.000000 21.000000 0.000000
58.000000 28.000000 0.000000 0.000000 21.000000 0.000000
58.000000 29.000000 0.000000 0.000000 21.000000 0.000000
58.000000 30.000000 0.000000 0.000000 21.000000 0.000000
58.000000 31.000000 0.000000 0.000000 21.000000 0.000000
58.000000 32.000000 0.000000 0.000000 21.000000 0.000000
58.000000 33.000000 0.000000 0.000000 21.000000 0.000000
58.000000 34.000000 0.000000 0.000000 21.000000 0.000000
58.000000 35.000000 0.000000 0.000000 21.000000 0.000000
58.000000 36.000000 0.000000 0.000000 21.000000 0.000000
58.000000 37.000000 0.000000 0.000000 21.000000 0.000000
58.000000 38.000000 0.000000 0.000000 21.000000 0.000000
58.000000 39.000000 0.000000 0.000000 21.000000 0.000000
58.000000 40.000000 0.000000 0.000000 21.000000 0.000000
58.000000 41.000000 0.000000 0.000000 21.000000 0.000000
58.000000 42.000000 0.000000 0.000000 21.000000 0.000000
58.000000 43.000000 0.000000 0.000000 21.000000 0.000000
58.000000 44.000000 0.000000 0.000000 21.000000 0.000000
58.000000 45.000000 0.000000 0.000000 21.000000 0.000000
58.000000 46.000000 0.000000 0.000000 21.000000 0.000000
58.000000 47.000000 0.000000 0.000000 21.000000 0.000000
58.000000 48.000000 0.000000 0.000000 21.000000 0.000000
58.000000 49.000000 0.000000 0.000000 21.000000 0.000000
59.000000 0.000000 0.000000 0.000000 21.000000 0.000000
59.000000 1.000000 0.000000 0.000000 21.000000 0.000000
59.000000 2.000000 0.000000 0.000000 21.000000 0.000000
59.000000 3.000000 0.000000 0.000000 21.000000 0.000000
59.000000 4.000000 0.000000 0.000000 21.000000 0.000000
59.000000 5.000000 0.000000 0.000000 21.000000 0.000000
59.000000 6.000000 0.000000 0.000000 21.000000 0.000000
59.000000 7.000000 0.000000 0.000000 21.000000 0.000000
59.000000 8.000000 0.000000 0.000000 21.000000 0.000000
59.000000 9.000000 0.000000 0.000000 21.000000 0.000000
59.000000 10.000000 0.000000 0.000000 21.000000 0.000000
59.000000 11.000000 0.000000 0.000000 21.000000 0.003579
59.000000 12.000000 0.000000 0.000000 21.000000 0.002328
59.000000 13.000000 0.000000 0.000000 21.000000 0.001971
59.000000 14.000000 0.000000 0.000000 21.000000 0.006378
59.000000 15.000000 0.000000 0.000000 21.000000 0.024654
59.000000 16.000000 0.000000 0.000000 21.000000 0.046616
59.000000 17.000000 0.000000 0.000000 21.000000 0.056856
59.000000 18.000000 0.017526 0.000000 21.000000 0.119864
59.000000 19.000000 0.198054 0.000000 16.309200 0.302907
59.000000 20.000000 0.582892 0.000000 8.033727 0.613881
59.000000 21.000000 1.000000 0.074377 0.000000 1.000000
59.000000 22.000000 1.000000 1.000000 0.000000 1.000000
59.000000 23.000000 1.000000 1.000000 0.000000 1.000000
59.000000 24.000000 1.000000 0.675388 0.000000 1.000000
59.000000 25.000000 0.479306 0.356355 13.153749 0.477793
59.000000 26.000000 0.060996 0.000000 20.474550 0.167706
59.000000 27.000000 0.000000 0.000000 21.000000 0.037541
59.000000 28.000000 0.000000 0.000000 21.000000 0.015445
59.000000 29.000000 0.000000 0.000000 21.000000 0.033503
59.000000 30.000000 0.000000 0.000000 21.000000 0.035262
59.000000 31.000000 0.000000 0.000000 21.000000 0.022261
59.000000 32.000000 0.000000 0.000000 21.000000 0.012461
59.000000 33.000000 0.000000 0.000000 21.000000 0.022200
59.000000 34.000000 0.000000 0.000000 21.000000 0.042106
59.000000 35.000000 0.000000 0.000000 21.000000 0.052820
59.000000 36.000000 0.000000 0.000000 21.000000 0.084376
59.000000 37.000000 0.033899 0.000000 21.000000 0.133995
59.000000 38.000000 0.065192 0.000000 20.915829 0.160730
59.000000 39.000000 0.117285 0.000000 19.210098 0.214435
59.000000 40.000000 0.177523 0.000000 17.809286 0.265194
59.000000 41.000000 0.187941 0.000000 17.694500 0.271424
59.000000 42.000000 0.240607 0.000000 15.979451 0.325554
59.000000 43.000000 0.248169 0.000000 16.203894 0.323964
59.000000 44.000000 0.226186 0.000000 16.540352 0.308886
59.000000 45.000000 0.139523 0.000000 19.031984 0.226353
59.000000 46.000000 0.107094 0.000000 19.290623 0.208885
59.000000 47.000000 0.091230 0.000000 19.455879 0.199572
59.000000 48.000000 0.047412 0.000000 21.000000 0.151939
59.000000 49.000000 0.023711 0.000000 20.990982 0.143369
60.000000 0.000000 0.000000 0.000000 21.000000 0.000000
60.000000 1.000000 0.000000 0.000000 21.000000 0.000000
60.000000 2.000000 0.000000 0.000000 21.000000 0.000000
60.000000 3.000000 0.000000 0.000000 21.000000 0.000000
60.000000 4.000000 0.000000 0.000000 21.000000 0.000000
60.000000 5.000000 0.000000 0.000000 21.000000 0.000000
60.000000 6.000000 0.000000 0.000000 21.000000 0.000000
60.000000 7.000000 0.000000 0.000000 21.000000 0.000000
60.000000 8.000000 0.000000 0.000000 21.000000 0.000000
60.000000 9.000000 0.000000 0.000000 21.000000 0.000000
60.000000 10.000000 0.000000 0.000000 21.000000 0.006378
60.000000 11.000000 0.000000 0.000000 21.000000 0.021781
60.000000 12.000000 0.000000 0.000000 21.000000 0.067481
60.000000 13.000000 0.000000 0.000000 21.000000 0.102483
60.000000 14.000000 0.136124 0.000000 19.177532 0.222288
60.000000 15.000000 0.452294 0.000000 10.497976 0.515234
60.000000 16.000000 0.911252 0.000000 0.504229 0.889502
60.000000 17.000000 1.000000 0.684778 0.000000 1.000000
60.000000 18.000000 1.000000 0.939149 0.000000 1.000000
60.000000 19.000000 1.000000 0.815157 0.000000 1.000000
60.000000 20.000000 0.759082 0.520637 6.337319 0.719350
60.000000 21.000000 0.253104 0.000000 15.085483 0.347962
60.000000 22.000000 0.000000 0.000000 21.000000 0.096943
60.000000 23.000000 0.000000 0.000000 21.000000 0.031413
60.000000 24.000000 0.000000 0.000000 21.000000 0.009746
60.000000 25.000000 0.000000 0.000000 21.000000 0.007987
60.000000 26.000000 0.000000 0.000000 21.000000 0.007213
60.000000 27.000000 0.000000 0.000000 21.000000 0.005187
60.000000 28.000000 0.000000 0.000000 21.000000 0.004770
60.000000 29.000000 0.000000 0.000000 21.000000 0.009240
60.000000 30.000000 0.000000 0.000000 21.000000 0.014072
60.000000 31.000000 0.000000 0.000000 21.000000 0.014909
60.000000 32.000000 0.000000 0.000000 21.000000 0.012461
60.000000 33.000000 0.000000 0.000000 21.000000 0.018134
60.000000 34.000000 0.000000 0.000000 21.000000 0.041685
60.000000 35.000000 0.000000 0.000000 21.000000 0.056919
60.000000 36.000000 0.000000 0.000000 21.000000 0.051132
60.000000 37.000000 0.000000 0.000000 21.000000 0.060176
60.000000 38.000000 0.000000 0.000000 21.000000 0.086439
60.000000 39.000000 0.000000 0.000000 21.000000 0.098836
60.000000 40.000000 0.007629 0.000000 21.000000 0.111264
60.000000 41.000000 0.035977 0.000000 21.000000 0.135718
60.000000 42.000000 0.049881 0.000000 21.000000 0.147452
60.000000 43.000000 0.084090 0.000000 19.980659 0.186479
60.000000 44.000000 0.097805 0.000000 19.618156 0.198881
60.000000 45.000000 0.130672 0.000000 18.793545 0.227780
60.000000 46.000000 0.156362 0.000000 18.466019 0.244076
60.000000 47.000000 0.166882 0.000000 18.221426 0.252932
60.000000 48.000000 0.189617 0.000000 17.282055 0.280246
60.000000 49.000000 0.175539 0.000000 17.774469 0.265074
61.000000 0.000000 0.000000 0.000000 21.000000 0.000000
61.000000 1.000000 0.000000 0.000000 21.000000 0.000000
61.000000 2.000000 0.000000 0.000000 21.000000 0.000000
61.000000 3.000000 0.000000 0.000000 21.000000 0.000000
61.000000 4.000000 0.000000 0.000000 21.000000 0.000000
61.000000 5.000000 0.000000 0.000000 21.000000 0.000000
61.000000 6.000000 0.000000 0.000000 21.000000 0.000000
61.000000 7.000000 0.000000 0.000000 21.000000 0.000000
61.000000 8.000000 0.000000 0.000000 21.000000 0.000000
61.000000 9.000000 0.000000 0.000000 21.000000 0.000000
61.000000 10.000000 0.000000 0.000000 21.000000 0.000000
61.000000 11.000000 0.000000 0.000000 21.000000 0.000000
61.000000 12.000000 0.000000 0.000000 21.000000 0.000000
61.000000 13.000000 0.000000 0.000000 21.000000 0.000000
61.000000 14.000000 0.000000 0.000000 21.000000 0.000000
61.000000 15.000000 0.000000 0.000000 21.000000 0.000000
61.000000 16.000000 0.000000 0.000000 21.000000 0.000000
61.000000 17.000000 0.000000 0.000000 21.000000 0.000000
61.000000 18.000000 0.000000 0.000000 21.000000 0.000000
61.000000 19.000000 0.000000 0.000000 21.000000 0.000000
61.000000 20.000000 0.000000 0.000000 21.000000 0.000000
61.000000 21.000000 0.000000 0.000000 21.000000 0.000000
61.000000 22.000000 0.000000 0.000000 21.000000 0.000000
61.000000 23.000000 0.000000 0.000000 21.000000 0.000000
61.000000 24.000000 0.000000 0.000000 21.000000 0.000000
61.000000 25.000000 0.000000 0.000000 21.000000 0.000000
61.000000 26.000000 0.000000 0.000000 21.000000 0.000000
61.000000 27.000000 0.000000 0.000000 21.000000 0.000000
61.000000 28.000000 0.000000 0.000000 21.000000 0.000000
61.000000 29.000000 0.000000 0.000000 21.000000 0.000000
61.000000 30.000000 0.000000 0.000000 21.000000 0.000000
61.000000 31.000000 0.000000 0.000000 21.000000 0.000000
61.000000 32.000000 0.000000 0.000000 21.000000 0.000000
61.000000 33.000000 0.000000 0.000000 21.000000 0.000000
61.000000 34.000000 0.000000 0.000000 21.000000 0.000000
61.000000 35.000000 0.000000 0.000000 21.000000 0.000000
61.000000 36.000000 0.000000 0.000000 21.000000 0.000000
61.000000 37.000000 0.000000 0.000000 21.000000 0.000000
61.000000 38.000000 0.000000 0.000000 21.000000 0.000000
61.000000 39.000000 0.000000 0.000000 21.000000 0.000000
61.000000 40.000000 0.000000 0.000000 21.000000 0.000000
61.000000 41.000000 0.000000 0.000000 21.000000 0.000000
61.000000 42.000000 0.000000 0.000000 21.000000 0.000000
61.000000 43.000000 0.000000 0.000000 21.000000 0.000000
61.000000 44.000000 0.000000 0.000000 21.000000 0.000000
61.000000 45.000000 0.000000 0.000000 21.000000 0.000000
61.000000 46.000000 0.000000 0.000000 21.000000 0.000000
61.000000 47.000000 0.000000 0.000000 21.000000 0.000000
61.000000 48.000000 0.000000 0.000000 21.000000 0.000000
61.000000 49.000000 0.000000 0.000000 21.000000 0.000000
62.000000 0.000000 0.000000 0.000000 21.000000 0.000000
62.000000 1.000000 0.000000 0.000000 21.000000 0.000000
62.000000 2.000000 0.000000 0.000000 21.000000 0.000000
62.000000 3.000000 0.000000 0.000000 21.000000 0.000000
62.000000 4.000000 0.000000 0.000000 21.000000 0.000000
62.000000 5.000000 0.000000 0.000000 21.000000 0.000000
62.000000 6.000000 0.000000 0.000000 21.000000 0.000000
62.000000 7.000000 0.000000 0.000000 21.000000 0.000000
62.000000 8.000000 0.000000 0.000000 21.000000 0.000000
62.000000 9.000000 0.000000 0.000000 21.000000 0.000000
62.000000 10.000000 0.000000 0.000000 21.000000 0.000000
62.000000 11.000000 0.000000 0.000000 21.000000 0.000000
62.000000 12.000000 0.000000 0.000000 21.000000 0.000000
62.000000 13.000000 0.000000 0.000000 21.000000 0.000000
62.000000 14.000000 0.000000 0.000000 21.000000 0.000000
62.000000 15.000000 0.000000 0.000000 21.000000 0.000000
62.000000 16.000000 0.000000 0.000000 21.000000 0.000000
62.000000 17.000000 0.000000 0.000000 21.000000 0.000000
62.000000 18.000000 0.000000 0.000000 21.000000 0.000000
62.000000 19.000000 0.000000 0.000000 21.000000 0.000000
62.000000 20.000000 0.000000 0.000000 21.000000 0.000000
62.000000 21.000000 0.000000 0.000000 21.000000 0.000000
62.000000 22.000000 0.000000 0.000000 21.000000 0.000000
62.000000 23.000000 0.000000 0.000000 21.000000 0.000000
62.000000 24.000000 0.000000 0.000000 21.000000 0.000000
62.000000 25.000000 0.000000 0.000000 21.000000 0.000000
62.000000 26.000000 0.000000 0.000000 21.000000 0.000000
62.000000 27.000000 0.000000 0.000000 21.000000 0.000000
62.000000 28.000000 0.000000 0.000000 21.000000 0.000000
62.000000 29.000000 0.000000 0.000000 21.000000 0.000000
62.000000 30.000000 0.000000 0.000000 21.000000 0.000000
62.000000 31.000000 0.000000 0.000000 21.000000 0.000000
62.000000 32.000000 0.000000 0.000000 21.000000 0.000000
62.000000 33.000000 0.000000 0.000000 21.000000 0.000000
62.000000 34.000000 0.000000 0.000000 21.000000 0.000000
62.000000 35.000000 0.000000 0.000000 21.000000 0.000000
62.000000 36.000000 0.000000 0.000000 21.000000 0.000000
62.000000 37.000000 0.000000 0.000000 21.000000 0.000000
62.000000 38.000000 0.000000 0.000000 21.000000 0.000000
62.000000 39.000000 0.000000 0.000000 21.000000 0.000000
62.000000 40.000000 0.000000 0.000000 21.000000 0.000000
62.000000 41.000000 0.000000 0.000000 21.000000 0.000000
62.000000 42.000000 0.000000 0.000000 21.000000 0.000000
62.000000 43.000000 0.000000 0.000000 21.000000 0.000000
62.000000 44.000000 0.000000 0.000000 21.000000 0.000000
62.000000 45.000000 0.000000 0.000000 21.000000 0.000000
62.000000 46.000000 0.000000 0.000000 21.000000 0.000000
62.000000 47.000000 0.000000 0.000000 21.000000 0.000000
62.000000 48.000000 0.000000 0.000000 21.000000 0.000000
62.000000 49.000000 0.000000 0.000000 21.000000 0.000000
63.000000 0.000000 0.000000 0.000000 21.000000 0.000000
63.000000 1.000000 0.000000 0.000000 21.000000 0.000000
63.000000 2.000000 0.000000 0.000000 21.000000 0.000000
63.000000 3.000000 0.000000 0.000000 21.000000 0.000000
63.000000 4.000000 0.000000 0.000000 21.000000 0.000000
63.000000 5.000000 0.000000 0.000000 21.000000 0.000000
63.000000 6.000000 0.000000 0.000000 21.000000 0.000000
63.000000 7.000000 0.000000 0.000000 21.000000 0.000000
63.000000 8.000000 0.000000 0.000000 21.000000 0.000000
63.000000 9.000000 0.000000 0.000000 21.000000 0.000000
63.000000 10.000000 0.000000 0.000000 21.000000 0.000000
63.000000 11.000000 0.000000 0.000000 21.000000 0.000000
63.000000 12.000000 0.000000 0.000000 21.000000 0.000000
63.000000 13.000000 0.000000 0.000000 21.000000 0.000000
63.000000 14.000000 0.000000 0.000000 21.000000 0.000000
63.000000 15.000000 0.000000 0.000000 21.000000 0.000000
63.000000 16.000000 0.000000 0.000000 21.000000 0.000000
63.000000 17.000000 0.000000 0.000000 21.000000 0.000000
63.000000 18.000000 0.000000 0.000000 21.000000 0.000000
63.000000 19.000000 0.000000 0.000000 21.000000 0.000000
63.000000 20.000000 0.000000 0.000000 21.000000 0.000000
63.000000 21.000000 0.000000 0.000000 21.000000 0.000000
63.000000 22.000000 0.000000 0.000000 21.000000 0.000000
63.000000 23.000000 0.000000 0.000000 21.000000 0.000000
63.000000 24.000000 0.000000 0.000000 21.000000 0.000000
63.000000 25.000000 0.000000 0.000000 21.000000 0.000000
63.000000 26.000000 0.000000 0.000000 21.000000 0.000000
63.000000 27.000000 0.000000 0.000000 21.000000 0.000000
63.000000 28.000000 0.000000 0.000000 21.000000 0.000000
63.000000 29.000000 0.000000 0.000000 21.000000 0.000000
63.000000 30.000000 0.000000 0.000000 21.000000 0.000000
63.000000 31.000000 0.000000 0.000000 21.000000 0.000000
63.000000 32.000000 0.000000 0.000000 21.000000 0.000000
63.000000 33.000000 0.000000 0.000000 21.000000 0.000000
63.000000 34.000000 0.000000 0.000000 21.000000 0.000000
63.000000 35.000000 0.000000 0.000000 21.000000 0.000000
63.000000 36.000000 0.000000 0.000000 21.000000 0.000000
63.000000 37.000000 0.000000 0.000000 21.000000 0.000000
63.000000 38.000000 0.000000 0.000000 21.000000 0.000000
63.000000 39.000000 0.000000 0.000000 21.000000 0.000000
63.000000 40.000000 0.000000 0.000000 21.000000 0.000000
63.000000 41.000000 0.000000 0.000000 21.000000 0.000000
63.000000 42.000000 0.000000 0.000000 21.000000 0.000000
63.000000 43.000000 0.000000 0.000000 21.000000 0.000000
63.000000 44.000000 0.000000 0.000000 21.000000 0.000000
63.000000 45.000000 0.000000 0.000000 21.000000 0.000000
63.000000 46.000000 0.000000 0.000000 21.000000 0.000000
63.000000 47.000000 0.000000 0.000000 21.000000 0.000000
63.000000 48.000000 0.000000 0.000000 21.000000 0.000000
63.000000 49.000000 0.000000 0.000000 21.000000 0.000000
64.000000 0.000000 0.000000 0.000000 21.000000 0.000000
64.000000 1.000000 0.000000 0.000000 21.000000 0.000000
64.000000 2.000000 0.000000 0.000000 21.000000 0.000000
64.000000 3.000000 0.000000 0.000000 21.000000 0.000000
64.000000 4.000000 0.000000 0.000000 21.000000 0.000000
64.000000 5.000000 0.000000 0.000000 21.000000 0.000000
64.000000 6.000000 0.000000 0.000000 21.000000 0.000000
64.000000 7.000000 0.000000 0.000000 21.000000 0.000000
64.000000 8.000000 0.000000 0.000000 21.000000 0.000000
64.000000 9.000000 0.000000 0.000000 21.000000 0.000000
64.000000 10.000000 0.000000 0.000000 21.000000 0.000000
64.000000 11.000000 0.000000 0.000000 21.000000 0.000000
64.000000 12.000000 0.000000 0.000000 21.000000 0.000000
64.000000 13.000000 0.000000 0.000000 21.000000 0.000000
64.000000 14.000000 0.000000 0.000000 21.000000 0.000000
64.000000 15.000000 0.000000 0.000000 21.000000 0.000000
64.000000 16.000000 0.000000 0.000000 21.000000 0.000000
64.000000 17.000000 0.000000 0.000000 21.000000 0.000000
64.000000 18.000000 0.000000 0.000000 21.000000 0.000000
64.000000 19.000000 0.000000 0.000000 21.000000 0.000000
64.000000 20.000000 0.000000 0.000000 21.000000 0.000000
64.000000 21.000000 0.000000 0.000000 21.000000 0.000000
64.000000 22.000000 0.000000 0.000000 21.000000 0.000000
64.000000 23.000000 0.000000 0.000000 21.000000 0.000000
64.000000 24.000000 0.000000 0.000000 21.000000 0.000000
64.000000 25.000000 0.000000 0.000000 21.000000 0.000000
64.000000 26.000000 0.000000 0.000000 21.000000 0.000000
64.000000 27.000000 0.000000 0.000000 21.000000 0.000000
64.000000 28.000000 0.000000 0.000000 21.000000 0.000000
64.000000 29.000000 0.000000 0.000000 21.000000 0.000000
64.000000 30.000000 0.000000 0.000000 21.000000 0.000000
64.000000 31.000000 0.000000 0.000000 21.000000 0.000000
64.000000 32.000000 0.000000 0.000000 21.000000 0.000000
64.000000 33.000000 0.000000 0.000000 21.000000 0.000000
64.000000 34.000000 0.000000 0.000000 21.000000 0.000000
64.000000 35.000000 0.000000 0.000000 21.000000 0.000000
64.000000 36.000000 0.000000 0.000000 21.000000 0.000000
64.000000 37.000000 0.000000 0.000000 21.000000 0.000000
64.000000 38.000000 0.000000 0.000000 21.000000 0.000000
64.000000 39.000000 0.000000 0.000000 21.000000 0.000000
64.000000 40.000000 0.000000 0.000000 21.000000 0.000000
64.000000 41.000000 0.000000 0.000000 21.000000 0.000000
64.000000 42.000000 0.000000 0.000000 21.000000 0.000000
64.000000 43.000000 0.000000 0.000000 21.000000 0.000000
64.000000 44.000000 0.000000 0.000000 21.000000 0.000000
64.000000 45.000000 0.000000 0.000000 21.000000 0.000000
64.000000 46.000000 0.000000 0.000000 21.000000 0.000000
64.000000 47.000000 0.000000 0.000000 21.000000 0.000000
64.000000 48.000000 0.000000 0.000000 21.000000 0.000000
64.000000 49.000000 0.000000 0.000000 21.000000 0.000000
65.000000 0.000000 0.000000 0.000000 21.000000 0.000000
65.000000 1.000000 0.000000 0.000000 21.000000 0.000000
65.000000 2.000000 0.000000 0.000000 21.000000 0.000000
65.000000 3.000000 0.000000 0.000000 21.000000 0.000000
65.000000 4.000000 0.000000 0.000000 21.000000 0.000000
65.000000 5.000000 0.000000 0.000000 21.000000 0.000000
65.000000 6.000000 0.000000 0.000000 21.000000 0.000000
65.000000 7.000000 0.000000 0.000000 21.000000 0.000000
65.000000 8.000000 0.000000 0.000000 21.000000 0.000000
65.000000 9.000000 0.000000 0.000000 21.000000 0.000000
65.000000 10.000000 0.000000 0.000000 21.000000 0.000000
65.000000 11.000000 0.000000 0.000000 21.000000 0.000000
65.000000 12.000000 0.000000 0.000000 21.000000 0.000000
65.000000 13.000000 0.000000 0.000000 21.000000 0.000000
65.000000 14.000000 0.000000 0.000000 21.000000 0.000000
65.000000 15.000000 0.000000 0.000000 21.000000 0.000000
65.000000 16.000000 0.000000 0.000000 21.000000 0.000000
65.000000 17.000000 0.000000 0.000000 21.000000 0.000000
65.000000 18.000000 0.000000 0.000000 21.000000 0.000000
65.000000 19.000000 0.000000 0.000000 21.000000 0.000000
65.000000 20.000000 0.000000 0.000000 21.000000 0.000000
65.000000 21.000000 0.000000 0.000000 21.000000 0.000000
65.000000 22.000000 0.000000 0.000000 21.000000 0.000000
65.000000 23.000000 0.000000 0.000000 21.000000 0.000000
65.000000 24.000000 0.000000 0.000000 21.000000 0.000000
65.000000 25.000000 0.000000 0.000000 21.000000 0.000000
65.000000 26.000000 0.000000 0.000000 21.000000 0.000000
65.000000 27.000000 0.000000 0.000000 21.000000 0.000000
65.000000 28.000000 0.000000 0.000000 21.000000 0.000000
65.000000 29.000000 0.000000 0.000000 21.000000 0.000000
65.000000 30.000000 0.000000 0.000000 21.000000 0.000000
65.000000 31.000000 0.000000 0.000000 21.000000 0.000000
65.000000 32.000000 0.000000 0.000000 21.000000 0.000000
65.000000 33.000000 0.000000 0.000000 21.000000 0.000000
65.000000 34.000000 0.000000 0.000000 21.000000 0.000000
65.000000 35.000000 0.000000 0.000000 21.000000 0.000000
65.000000 36.000000 0.000000 0.000000 21.000000 0.000000
65.000000 37.000000 0.000000 0.000000 21.000000 0.000000
65.000000 38.000000 0.000000 0.000000 21.000000 0.000000
65.000000 39.000000 0.000000 0.000000 21.000000 0.000000
65.000000 40.000000 0.000000 0.000000 21.000000 0.000000
65.000000 41.000000 0.000000 0.000000 21.000000 0.000000
65.000000 42.000000 0.000000 0.000000 21.000000 0.000000
65.000000 43.000000 0.000000 0.000000 21.000000 0.000000
65.000000 44.000000 0.000000 0.000000 21.000000 0.000000
65.000000 45.000000 0.000000 0.000000 21.000000 0.000000
65.000000 46.000000 0.000000 0.000000 21.000000 0.000000
65.000000 47.000000 0.000000 0.000000 21.000000 0.000000
65.000000 48.000000 0.000000 0.000000 21.000000 0.000000
65.000000 49.000000 0.000000 0.000000 21.000000 0.000000
66.000000 0.000000 0.000000 0.000000 21.000000 0.000000
66.000000 1.000000 0.000000 0.000000 21.000000 0.000000
66.000000 2.000000 0.000000 0.000000 21.000000 0.000000
66.000000 3.000000 0.000000 0.000000 21.000000 0.000000
66.000000 4.000000 0.000000 0.000000 21.000000 0.000000
66.000000 5.000000 0.000000 0.000000 21.000000 0.000000
66.000000 6.000000 0.000000 0.000000 21.000000 0.000000
66.000000 7.000000 0.000000 0.000000 21.000000 0.012340
66.000000 8.000000 0.000000 0.000000 21.000000 0.070384
66.000000 9.000000 0.033783 0.000000 21.000000 0.133929
66.000000 10.000000 0.174881 0.000000 17.191505 0.276515
66.000000 11.000000 0.436253 0.000000 11.371995 0.491705
66.000000 12.000000 0.790607 0.000000 3.390368 0.786025
66.000000 13.000000 1.000000 0.294160 0.000000 1.000000
66.000000 14.000000 1.000000 0.938451 0.000000 1.000000
66.000000 15.000000 1.000000 0.958557 0.000000 1.000000
66.000000 16.000000 1.000000 0.650961 0.000000 0.956608
66.000000 17.000000 0.485848 0.356316 12.982815 0.483653
66.000000 18.000000 0.069551 0.000000 20.307821 0.174283
66.000000 19.000000 0.000000 0.000000 21.000000 0.053328
66.000000 20.000000 0.000000 0.000000 21.000000 0.008672
66.000000 21.000000 0.000000 0.000000 21.000000 0.000000
66.000000 22.000000 0.000000 0.000000 21.000000 0.000721
66.000000 23.000000 0.000000 0.000000 21.000000 0.005187
66.000000 24.000000 0.000000 0.000000 21.000000 0.000000
66.000000 25.000000 0.000000 0.000000 21.000000 0.017655
66.000000 26.000000 0.000000 0.000000 21.000000 0.053962
66.000000 27.000000 0.000000 0.000000 21.000000 0.086439
66.000000 28.000000 0.000000 0.000000 21.000000 0.102185
66.000000 29.000000 0.000000 0.000000 21.000000 0.095126
66.000000 30.000000 0.000000 0.000000 21.000000 0.101758
66.000000 31.000000 0.000000 0.000000 21.000000 0.099689
66.000000 32.000000 0.004333 0.000000 21.000000 0.108400
66.000000 33.000000 0.002854 0.000000 21.000000 0.107118
66.000000 34.000000 0.011334 0.000000 21.000000 0.114492
66.000000 35.000000 0.078623 0.000000 20.581837 0.172490
66.000000 36.000000 0.103594 0.000000 19.565388 0.202153
66.000000 37.000000 0.095632 0.000000 19.927631 0.191903
66.000000 38.000000 0.123124 0.000000 19.008152 0.220644
66.000000 39.000000 0.146433 0.000000 18.396263 0.241667
66.000000 40.000000 0.160608 0.000000 18.148939 0.251971
66.000000 41.000000 0.130026 0.000000 19.097126 0.221473
66.000000 42.000000 0.100546 0.000000 19.575491 0.200739
66.000000 43.000000 0.102698 0.000000 19.475353 0.203569
66.000000 44.000000 0.086965 0.000000 20.220617 0.182782
66.000000 45.000000 0.096652 0.000000 19.452629 0.201726
66.000000 46.000000 0.045182 0.000000 20.999794 0.151365
66.000000 47.000000 0.013907 0.000000 21.000000 0.136294
66.000000 48.000000 0.007798 0.000000 21.000000 0.111341
66.000000 49.000000 0.026177 0.000000 21.000000 0.127217
67.000000 0.000000 0.000000 0.000000 21.000000 0.000000
67.000000 1.000000 0.000000 0.000000 21.000000 0.000000
67.000000 2.000000 0.000000 0.000000 21.000000 0.000000
67.000000 3.000000 0.000000 0.000000 21.000000 0.000000
67.000000 4.000000 0.000000 0.000000 21.000000 0.000000
67.000000 5.000000 0.000000 0.000000 21.000000 0.000000
67.000000 6.000000 0.000000 0.000000 21.000000 0.000000
67.000000 7.000000 0.000000 0.000000 21.000000 0.019627
67.000000 8.000000 0.000000 0.000000 21.000000 0.085099
67.000000 9.000000 0.056684 0.000000 21.000000 0.153634
67.000000 10.000000 0.199464 0.000000 16.833900 0.292971
67.000000 11.000000 0.463306 0.000000 10.739678 0.514583
67.000000 12.000000 0.821887 0.000000 2.609812 0.813603
67.000000 13.000000 1.000000 0.458456 0.000000 1.000000
67.000000 14.000000 1.000000 0.961831 0.000000 1.000000
67.000000 15.000000 1.000000 0.916564 0.000000 1.000000
67.000000 16.000000 0.977569 0.618008 0.968513 0.908774
67.000000 17.000000 0.454581 0.311352 13.677776 0.457928
67.000000 18.000000 0.081108 0.000000 19.643005 0.191880
67.000000 19.000000 0.000000 0.000000 21.000000 0.042193
67.000000 20.000000 0.000000 0.000000 21.000000 0.014274
67.000000 21.000000 0.000000 0.000000 21.000000 0.003084
67.000000 22.000000 0.000000 0.000000 21.000000 0.016103
67.000000 23.000000 0.000000 0.000000 21.000000 0.010075
67.000000 24.000000 0.000000 0.000000 21.000000 0.008822
67.000000 25.000000 0.000000 0.000000 21.000000 0.012879
67.000000 26.000000 0.000000 0.000000 21.000000 0.033161
67.000000 27.000000 0.000000 0.000000 21.000000 0.049928
67.000000 28.000000 0.000000 0.000000 21.000000 0.048303
67.000000 29.000000 0.000000 0.000000 21.000000 0.055229
67.000000 30.000000 0.000000 0.000000 21.000000 0.082739
67.000000 31.000000 0.010926 0.000000 21.000000 0.114129
67.000000 32.000000 0.029744 0.000000 20.705526 0.151358
67.000000 33.000000 0.045994 0.000000 20.293116 0.165734
67.000000 34.000000 0.045666 0.000000 21.000000 0.149904
67.000000 35.000000 0.066171 0.000000 20.722651 0.164919
67.000000 36.000000 0.077537 0.000000 20.294558 0.177744
67.000000 37.000000 0.086144 0.000000 19.901459 0.188816
67.000000 38.000000 0.115597 0.000000 19.567055 0.206691
67.000000 39.000000 0.141212 0.000000 18.745165 0.232764
67.000000 40.000000 0.135799 0.000000 19.031551 0.225001
67.000000 41.000000 0.132723 0.000000 18.772366 0.228967
67.000000 42.000000 0.113902 0.000000 19.568478 0.205981
67.000000 43.000000 0.127507 0.000000 18.304728 0.236269
67.000000 44.000000 0.098085 0.000000 19.523420 0.200823
67.000000 45.000000 0.086190 0.000000 19.642448 0.193933
67.000000 46.000000 0.034037 0.000000 21.000000 0.146665
67.000000 47.000000 0.003301 0.000000 21.000000 0.124209
67.000000 48.000000 0.107816 0.032322 8.983418 0.417296
67.000000 49.000000 0.000000 0.000000 21.000000 0.090290
68.000000 0.000000 0.000000 0.000000 21.000000 0.000000
68.000000 1.000000 0.000000 0.000000 21.000000 0.000000
68.000000 2.000000 0.000000 0.000000 21.000000 0.000000
68.000000 3.000000 0.000000 0.000000 21.000000 0.000000
68.000000 4.000000 0.000000 0.000000 21.000000 0.000000
68.000000 5.000000 0.000000 0.000000 21.000000 0.000000
68.000000 6.000000 0.000000 0.000000 21.000000 0.000000
68.000000 7.000000 0.000000 0.000000 21.000000 0.000000
68.000000 8.000000 0.000000 0.000000 21.000000 0.000000
68.000000 9.000000 0.000000 0.000000 21.000000 0.000000
68.000000 10.000000 0.000000 0.000000 21.000000 0.000000
68.000000 11.000000 0.000000 0.000000 21.000000 0.000000
68.000000 12.000000 0.000000 0.000000 21.000000 0.000000
68.000000 13.000000 0.000000 0.000000 21.000000 0.000000
68.000000 14.000000 0.000000 0.000000 21.000000 0.000000
68.000000 15.000000 0.000000 0.000000 21.000000 0.000000
68.000000 16.000000 0.000000 0.000000 21.000000 0.000000
68.000000 17.000000 0.000000 0.000000 21.000000 0.000000
68.000000 18.000000 0.000000 0.000000 21.000000 0.000000
68.000000 19.000000 0.000000 0.000000 21.000000 0.000000
68.000000 20.000000 0.000000 0.000000 21.000000 0.000000
68.000000 21.000000 0.000000 0.000000 21.000000 0.000000
68.000000 22.000000 0.000000 0.000000 21.000000 0.000000
68.000000 23.000000 0.000000 0.000000 21.000000 0.000000
68.000000 24.000000 0.000000 0.000000 21.000000 0.000000
68.000000 25.000000 0.000000 0.000000 21.000000 0.000000
68.000000 26.000000 0.000000 0.000000 21.000000 0.000000
68.000000 27.000000 0.000000 0.000000 21.000000 0.000000
68.000000 28.000000 0.000000 0.000000 21.000000 0.000000
68.000000 29.000000 0.000000 0.000000 21.000000 0.000000
68.000000 30.000000 0.000000 0.000000 21.000000 0.000000
68.000000 31.000000 0.000000 0.000000 21.000000 0.000000
68.000000 32.000000 0.000000 0.000000 21.000000 0.000000
68.000000 33.000000 0.000000 0.000000 21.000000 0.000000
68.000000 34.000000 0.000000 0.000000 21.000000 0.000000
68.000000 35.000000 0.000000 0.000000 21.000000 0.000000
68.000000 36.000000 0.000000 0.000000 21.000000 0.000000
68.000000 37.000000 0.000000 0.000000 21.000000 0.000000
68.000000 38.000000 0.000000 0.000000 21.000000 0.000000
68.000000 39.000000 0.000000 0.000000 21.000000 0.000000
68.000000 40.000000 0.000000 0.000000 21.000000 0.000000
68.000000 41.000000 0.000000 0.000000 21.000000 0.000000
68.000000 42.000000 0.000000 0.000000 21.000000 0.000000
68.000000 43.000000 0.000000 0.000000 21.000000 0.000000
68.000000 44.000000 0.000000 0.000000 21.000000 0.000000
68.000000 45.000000 0.000000 0.000000 21.000000 0.000000
68.000000 46.000000 0.000000 0.000000 21.000000 0.000000
68.000000 47.000000 0.000000 0.000000 21.000000 0.000000
68.000000 48.000000 0.000000 0.000000 21.000000 0.000000
68.000000 49.000000 0.000000 0.000000 21.000000 0.000000
69.000000 0.000000 0.000000 0.000000 21.000000 0.000000
69.000000 1.000000 0.000000 0.000000 21.000000 0.000000
69.000000 2.000000 0.000000 0.000000 21.000000 0.000000
69.000000 3.000000 0.000000 0.000000 21.000000 0.000000
69.000000 4.000000 0.000000 0.000000 21.000000 0.000000
69.000000 5.000000 0.000000 0.000000 21.000000 0.000000
69.000000 6.000000 0.000000 0.000000 21.000000 0.000000
69.000000 7.000000 0.000000 0.000000 21.000000 0.004710
69.000000 8.000000 0.000000 0.000000 21.000000 0.077280
69.000000 9.000000 0.069085 0.000000 20.806623 0.164392
69.000000 10.000000 0.273711 0.000000 14.733985 0.363015
69.000000 11.000000 0.584701 0.000000 8.070480 0.613976
69.000000 12.000000 0.946341 0.000000 0.000000 0.914696
69.000000 13.000000 1.000000 0.641409 0.000000 1.000000
69.000000 14.000000 1.000000 0.841734 0.000000 1.000000
69.000000 15.000000 0.981268 0.658117 0.950096 0.910398
69.000000 16.000000 0.550843 0.401525 11.414896 0.539519
69.000000 17.000000 0.120236 0.000000 18.683867 0.225849
69.000000 18.000000 0.000000 0.000000 21.000000 0.068803
69.000000 19.000000 0.000000 0.000000 21.000000 0.077838
69.000000 20.000000 0.054551 0.000000 21.000000 0.151829
69.000000 21.000000 0.152291 0.000000 18.793463 0.236076
69.000000 22.000000 0.238532 0.000000 16.707232 0.310350
69.000000 23.000000 0.401217 0.000000 12.770755 0.450577
69.000000 24.000000 0.570165 0.000000 8.903780 0.592195
69.000000 25.000000 0.666125 0.000000 6.635631 0.674472
69.000000 26.000000 0.476852 0.000000 11.433187 0.506882
69.000000 27.000000 0.296963 0.000000 15.166133 0.363177
69.000000 28.000000 0.241148 0.000000 16.415421 0.317097
69.000000 29.000000 0.164957 0.000000 18.322029 0.250222
69.000000 30.000000 0.135836 0.000000 19.096088 0.223772
69.000000 31.000000 0.170584 0.000000 18.031830 0.258151
69.000000 32.000000 0.177782 0.000000 17.982428 0.261854
69.000000 33.000000 0.240804 0.000000 16.075079 0.323751
69.000000 34.000000 0.213845 0.000000 17.059134 0.293905
69.000000 35.000000 0.189975 0.000000 17.413837 0.277738
69.000000 36.000000 0.140010 0.000000 18.631184 0.234490
69.000000 37.000000 0.106811 0.000000 19.383982 0.206903
69.000000 38.000000 0.079599 0.000000 20.020084 0.183926
69.000000 39.000000 0.046047 0.000000 20.635366 0.158930
69.000000 40.000000 0.011197 0.000000 21.000000 0.130812
69.000000 41.000000 0.000000 0.000000 21.000000 0.101739
69.000000 42.000000 0.000000 0.000000 21.000000 0.068075
69.000000 43.000000 0.000000 0.000000 21.000000 0.081779
69.000000 44.000000 0.000000 0.000000 21.000000 0.067527
69.000000 45.000000 0.000000 0.000000 21.000000 0.066273
69.000000 46.000000 0.000000 0.000000 21.000000 0.067967
69.000000 47.000000 0.000000 0.000000 21.000000 0.070447
69.000000 48.000000 0.000000 0.000000 21.000000 0.068454
69.000000 49.000000 0.000000 0.000000 21.000000 0.056434
70.000000 0.000000 0.000000 0.000000 21.000000 0.000000
70.000000 1.000000 0.000000 0.000000 21.000000 0.000000
70.000000 2.000000 0.000000 0.000000 21.000000 0.000000
70.000000 3.000000 0.000000 0.000000 21.000000 0.000000
70.000000 4.000000 0.000000 0.000000 21.000000 0.000000
70.000000 5.000000 0.000000 0.000000 21.000000 0.000000
70.000000 6.000000 0.000000 0.000000 21.000000 0.000000
70.000000 7.000000 0.000000 0.000000 21.000000 0.000000
70.000000 8.000000 0.000000 0.000000 21.000000 0.000000
70.000000 9.000000 0.000000 0.000000 21.000000 0.001555
70.000000 10.000000 0.000000 0.000000 21.000000 0.001555
70.000000 11.000000 0.000000 0.000000 21.000000 0.008822
70.000000 12.000000 0.000000 0.000000 21.000000 0.023396
70.000000 13.000000 0.000000 0.000000 21.000000 0.056011
70.000000 14.000000 0.000000 0.000000 21.000000 0.086439
70.000000 15.000000 0.000000 0.000000 21.000000 0.102846
70.000000 16.000000 0.080606 0.000000 20.525230 0.174371
70.000000 17.000000 0.287384 0.000000 14.704466 0.368782
70.000000 18.000000 0.624488 0.000000 7.118742 0.648052
70.000000 19.000000 1.000000 0.039514 0.000000 1.000000
70.000000 20.000000 1.000000 0.807262 0.000000 1.000000
70.000000 21.000000 1.000000 0.841219 0.000000 1.000000
70.000000 22.000000 0.875634 0.596254 3.562114 0.818700
70.000000 23.000000 0.354308 0.000000 10.895725 0.470191
70.000000 24.000000 0.100216 0.000000 20.068354 0.190809
70.000000 25.000000 0.000000 0.000000 21.000000 0.101390
70.000000 26.000000 0.017242 0.000000 21.000000 0.119610
70.000000 27.000000 0.047746 0.000000 21.000000 0.145844
70.000000 28.000000 0.055325 0.000000 21.000000 0.152412
70.000000 29.000000 0.086461 0.000000 20.395481 0.179173
70.000000 30.000000 0.173922 0.000000 18.223608 0.255612
70.000000 31.000000 0.260036 0.000000 15.685304 0.338834
70.000000 32.000000 0.295470 0.000000 15.141871 0.363152
70.000000 33.000000 0.264346 0.000000 15.931026 0.335597
70.000000 34.000000 0.238100 0.000000 16.549541 0.313258
70.000000 35.000000 0.202783 0.000000 17.132471 0.288204
70.000000 36.000000 0.111559 0.000000 19.536861 0.205673
70.000000 37.000000 0.085656 0.000000 19.945137 0.187739
70.000000 38.000000 0.106119 0.000000 18.897318 0.216365
70.000000 39.000000 0.126919 0.000000 18.443825 0.233292
70.000000 40.000000 0.192683 0.000000 17.022686 0.286589
70.000000 41.000000 0.182027 0.000000 17.743328 0.268180
70.000000 42.000000 0.192056 0.000000 17.232059 0.282149
70.000000 43.000000 0.138483 0.000000 18.821384 0.230134
70.000000 44.000000 0.135461 0.000000 18.440134 0.236580
70.000000 45.000000 0.088433 0.000000 19.844191 0.190770
70.000000 46.000000 0.058598 0.000000 20.110561 0.174118
70.000000 47.000000 0.033499 0.000000 21.000000 0.142156
70.000000 48.000000 0.011256 0.000000 21.000000 0.114153
70.000000 49.000000 0.008431 0.000000 20.150787 0.154221
71.000000 0.000000 0.000000 0.000000 21.000000 0.000000
71.000000 1.000000 0.000000 0.000000 21.000000 0.000000
71.000000 2.000000 0.000000 0.000000 21.000000 0.000000
71.000000 3.000000 0.000000 0.000000 21.000000 0.000000
71.000000 4.000000 0.000000 0.000000 21.000000 0.000000
71.000000 5.000000 0.000000 0.000000 21.000000 0.000000
71.000000 6.000000 0.000000 0.000000 21.000000 0.000000
71.000000 7.000000 0.000000 0.000000 21.000000 0.044993
71.000000 8.000000 0.000000 0.000000 21.000000 0.103273
71.000000 9.000000 0.087003 0.000000 20.371227 0.179867
71.000000 10.000000 0.230201 0.000000 16.016420 0.320922
71.000000 11.000000 0.401999 0.000000 12.512797 0.455992
71.000000 12.000000 0.546422 0.000000 9.202484 0.577192
71.000000 13.000000 0.749562 0.000000 4.435276 0.749831
71.000000 14.000000 0.847291 0.000000 2.664161 0.823603
71.000000 15.000000 0.943841 0.114311 0.687634 0.900496
71.000000 16.000000 1.000000 0.619829 0.000000 1.000000
71.000000 17.000000 0.879245 0.614009 3.444895 0.822272
71.000000 18.000000 0.396067 0.000000 10.160753 0.500637
71.000000 19.000000 0.077954 0.000000 20.608551 0.171572
71.000000 20.000000 0.000000 0.000000 21.000000 0.098714
71.000000 21.000000 0.015355 0.000000 21.000000 0.117947
71.000000 22.000000 0.026899 0.000000 21.000000 0.127882
71.000000 23.000000 0.040270 0.000000 21.000000 0.139454
71.000000 24.000000 0.057337 0.000000 21.000000 0.154081
71.000000 25.000000 0.117938 0.000000 19.089294 0.217084
71.000000 26.000000 0.170019 0.000000 17.862118 0.261283
71.000000 27.000000 0.264268 0.000000 15.698419 0.340170
71.000000 28.000000 0.301258 0.000000 14.846325 0.371225
71.000000 29.000000 0.268685 0.000000 15.875620 0.338349
71.000000 30.000000 0.233221 0.000000 16.612797 0.310141
71.000000 31.000000 0.194023 0.000000 17.454699 0.278470
71.000000 32.000000 0.117276 0.000000 19.494072 0.208719
71.000000 33.000000 0.067552 0.000000 20.414158 0.171522
71.000000 34.000000 0.067415 0.000000 19.736977 0.184934
71.000000 35.000000 0.068164 0.000000 19.905045 0.181876
71.000000 36.000000 0.078539 0.000000 19.861389 0.186702
71.000000 37.000000 0.095181 0.000000 20.209160 0.186167
71.000000 38.000000 0.084939 0.000000 20.240419 0.181632
71.000000 39.000000 0.071737 0.000000 20.181379 0.177751
71.000000 40.000000 0.048352 0.000000 20.217936 0.168085
71.000000 41.000000 0.019583 0.000000 21.000000 0.130657
71.000000 42.000000 0.027296 0.000000 19.159792 0.181119
71.000000 43.000000 0.000000 0.000000 21.000000 0.102141
71.000000 44.000000 0.000000 0.000000 21.000000 0.096529
71.000000 45.000000 0.000000 0.000000 21.000000 0.069770
71.000000 46.000000 0.000000 0.000000 21.000000 0.064705
71.000000 47.000000 0.000000 0.000000 21.000000 0.070384
71.000000 48.000000 0.000000 0.000000 21.000000 0.085652
71.000000 49.000000 0.000000 0.000000 21.000000 0.097129
72.000000 0.000000 0.000000 0.000000 21.000000 0.000000
72.000000 1.000000 0.000000 0.000000 21.000000 0.000000
72.000000 2.000000 0.000000 0.000000 21.000000 0.000000
72.000000 3.000000 0.000000 0.000000 21.000000 0.000000
72.000000 4.000000 0.000000 0.000000 21.000000 0.000000
72.000000 5.000000 0.000000 0.000000 21.000000 0.000000
72.000000 6.000000 0.000000 0.000000 21.000000 0.004353
72.000000 7.000000 0.000000 0.000000 21.000000 0.023396
72.000000 8.000000 0.000000 0.000000 21.000000 0.026270
72.000000 9.000000 0.000000 0.000000 21.000000 0.043010
72.000000 10.000000 0.000000 0.000000 21.000000 0.044633
72.000000 11.000000 0.000000 0.000000 21.000000 0.081889
72.000000 12.000000 0.078566 0.000000 20.573269 0.172639
72.000000 13.000000 0.313089 0.000000 13.657915 0.399421
72.000000 14.000000 0.599640 0.000000 7.966686 0.621813
72.000000 15.000000 1.000000 0.000000 0.000000 0.972256
72.000000 16.000000 1.000000 0.860720 0.000000 1.000000
72.000000 17.000000 1.000000 0.872072 0.000000 1.000000
72.000000 18.000000 0.865425 0.591668 3.788558 0.810258
72.000000 19.000000 0.245591 0.000000 14.602399 0.354775
72.000000 20.000000 0.000000 0.000000 21.000000 0.094691
72.000000 21.000000 0.000000 0.000000 21.000000 0.049541
72.000000 22.000000 0.000000 0.000000 21.000000 0.046865
72.000000 23.000000 0.000000 0.000000 21.000000 0.041747
72.000000 24.000000 0.000000 0.000000 21.000000 0.049506
72.000000 25.000000 0.000000 0.000000 21.000000 0.051913
72.000000 26.000000 0.000000 0.000000 21.000000 0.061805
72.000000 27.000000 0.005110 0.000000 21.000000 0.109125
72.000000 28.000000 0.051372 0.000000 21.000000 0.149029
72.000000 29.000000 0.101609 0.000000 19.887503 0.195019
72.000000 30.000000 0.175030 0.000000 17.919069 0.262071
72.000000 31.000000 0.259777 0.000000 15.840486 0.335645
72.000000 32.000000 0.287192 0.000000 15.326929 0.356311
72.000000 33.000000 0.254170 0.000000 16.094145 0.328467
72.000000 34.000000 0.202431 0.000000 17.289948 0.284945
72.000000 35.000000 0.196224 0.000000 17.359650 0.281201
72.000000 36.000000 0.212305 0.000000 16.894543 0.296581
72.000000 37.000000 0.214576 0.000000 16.977602 0.295798
72.000000 38.000000 0.212111 0.000000 17.088287 0.292662
72.000000 39.000000 0.277469 0.000000 15.113119 0.356832
72.000000 40.000000 0.278532 0.000000 15.550618 0.348548
72.000000 41.000000 0.234307 0.000000 16.547989 0.311857
72.000000 42.000000 0.167611 0.000000 18.015770 0.257239
72.000000 43.000000 0.103808 0.000000 19.632917 0.200825
72.000000 44.000000 0.063890 0.000000 20.538448 0.167664
72.000000 45.000000 0.045296 0.000000 20.921038 0.152996
72.000000 46.000000 0.047232 0.000000 21.000000 0.150083
72.000000 47.000000 0.041253 0.000000 20.852018 0.152832
72.000000 48.000000 0.027605 0.000000 21.000000 0.141303
72.000000 49.000000 0.024860 0.000000 21.000000 0.132722
73.000000 0.000000 0.000000 0.000000 21.000000 0.000000
73.000000 1.000000 0.000000 0.000000 21.000000 0.000000
73.000000 2.000000 0.000000 0.000000 21.000000 0.000000
73.000000 3.000000 0.000000 0.000000 21.000000 0.000000
73.000000 4.000000 0.000000 0.000000 21.000000 0.000000
73.000000 5.000000 0.000000 0.000000 21.000000 0.000000
73.000000 6.000000 0.000000 0.000000 21.000000 0.000000
73.000000 7.000000 0.000000 0.000000 21.000000 0.000000
73.000000 8.000000 0.000000 0.000000 21.000000 0.000000
73.000000 9.000000 0.000000 0.000000 21.000000 0.000000
73.000000 10.000000 0.000000 0.000000 21.000000 0.000000
73.000000 11.000000 0.000000 0.000000 21.000000 0.000000
73.000000 12.000000 0.000000 0.000000 21.000000 0.000000
73.000000 13.000000 0.000000 0.000000 21.000000 0.000000
73.000000 14.000000 0.000000 0.000000 21.000000 0.000000
73.000000 15.000000 0.000000 0.000000 21.000000 0.000000
73.000000 16.000000 0.000000 0.000000 21.000000 0.000000
73.000000 17.000000 0.000000 0.000000 21.000000 0.000000
73.000000 18.000000 0.000000 0.000000 21.000000 0.000000
73.000000 19.000000 0.000000 0.000000 21.000000 0.000000
73.000000 20.000000 0.000000 0.000000 21.000000 0.000000
73.000000 21.000000 0.000000 0.000000 21.000000 0.000000
73.000000 22.000000 0.000000 0.000000 21.000000 0.000000
73.000000 23.000000 0.000000 0.000000 21.000000 0.000000
73.000000 24.000000 0.000000 0.000000 21.000000 0.000000
73.000000 25.000000 0.000000 0.000000 21.000000 0.000000
73.000000 26.000000 0.000000 0.000000 21.000000 0.000000
73.000000 27.000000 0.000000 0.000000 21.000000 0.000000
73.000000 28.000000 0.000000 0.000000 21.000000 0.000000
73.000000 29.000000 0.000000 0.000000 21.000000 0.000000
73.000000 30.000000 0.000000 0.000000 21.000000 0.000000
73.000000 31.000000 0.000000 0.000000 21.000000 0.000000
73.000000 32.000000 0.000000 0.000000 21.000000 0.000000
73.000000 33.000000 0.000000 0.000000 21.000000 0.000000
73.000000 34.000000 0.000000 0.000000 21.000000 0.000000
73.000000 35.000000 0.000000 0.000000 21.000000 0.000000
73.000000 36.000000 0.000000 0.000000 21.000000 0.000000
73.000000 37.000000 0.000000 0.000000 21.000000 0.000000
73.000000 38.000000 0.000000 0.000000 21.000000 0.000000
73.000000 39.000000 0.000000 0.000000 21.000000 0.000000
73.000000 40.000000 0.000000 0.000000 21.000000 0.000000
73.000000 41.000000 0.000000 0.000000 21.000000 0.000000
73.000000 42.000000 0.000000 0.000000 21.000000 0.000000
73.000000 43.000000 0.000000 0.000000 21.000000 0.000000
73.000000 44.000000 0.000000 0.000000 21.000000 0.000000
73.000000 45.000000 0.000000 0.000000 21.000000 0.000000
73.000000 46.000000 0.000000 0.000000 21.000000 0.000000
73.000000 47.000000 0.000000 0.000000 21.000000 0.000000
73.000000 48.000000 0.000000 0.000000 21.000000 0.000000
73.000000 49.000000 0.000000 0.000000 21.000000 0.000000
74.000000 0.000000 0.000000 0.000000 21.000000 0.000000
74.000000 1.000000 0.000000 0.000000 21.000000 0.000000
74.000000 2.000000 0.000000 0.000000 21.000000 0.000000
74.000000 3.000000 0.000000 0.000000 21.000000 0.000000
74.000000 4.000000 0.000000 0.000000 21.000000 0.000000
74.000000 5.000000 0.000000 0.000000 21.000000 0.000000
74.000000 6.000000 0.000000 0.000000 21.000000 0.000000
74.000000 7.000000 0.000000 0.000000 21.000000 0.001555
74.000000 8.000000 0.000000 0.000000 21.000000 0.005187
74.000000 9.000000 0.000000 0.000000 21.000000 0.013236
74.000000 10.000000 0.000000 0.000000 21.000000 0.038083
74.000000 11.000000 0.000000 0.000000 21.000000 0.064219
74.000000 12.000000 0.062588 0.000000 20.961309 0.158843
74.000000 13.000000 0.223765 0.000000 16.237179 0.314091
74.000000 14.000000 0.473914 0.000000 10.537262 0.522664
74.000000 15.000000 0.807834 0.000000 2.947372 0.801582
74.000000 16.000000 1.000000 0.258838 0.000000 0.997684
74.000000 17.000000 1.000000 0.797384 0.000000 1.000000
74.000000 18.000000 1.000000 0.767797 0.000000 1.000000
74.000000 19.000000 0.736629 0.525137 6.951650 0.698688
74.000000 20.000000 0.244913 0.000000 14.536716 0.355858
74.000000 21.000000 0.000000 0.000000 21.000000 0.097992
74.000000 22.000000 0.000000 0.000000 21.000000 0.029956
74.000000 23.000000 0.000000 0.000000 21.000000 0.040418
74.000000 24.000000 0.000000 0.000000 21.000000 0.083085
74.000000 25.000000 0.000000 0.000000 21.000000 0.091058
74.000000 26.000000 0.000000 0.000000 21.000000 0.084014
74.000000 27.000000 0.000000 0.000000 21.000000 0.092271
74.000000 28.000000 0.000421 0.000000 21.000000 0.105046
74.000000 29.000000 0.022965 0.000000 21.000000 0.124514
74.000000 30.000000 0.021096 0.000000 21.000000 0.130948
74.000000 31.000000 0.058343 0.000000 20.209070 0.172124
74.000000 32.000000 0.096370 0.000000 19.304571 0.204575
74.000000 33.000000 0.103267 0.000000 19.418274 0.204917
74.000000 34.000000 0.078226 0.000000 20.407576 0.175732
74.000000 35.000000 0.076518 0.000000 20.290165 0.177425
74.000000 36.000000 0.056175 0.000000 21.000000 0.154341
74.000000 37.000000 0.083653 0.000000 18.979570 0.206179
74.000000 38.000000 0.070095 0.000000 20.530228 0.170201
74.000000 39.000000 0.049753 0.000000 21.000000 0.151357
74.000000 40.000000 0.071233 0.000000 20.417126 0.172911
74.000000 41.000000 0.075538 0.000000 20.366680 0.175545
74.000000 42.000000 0.050034 0.000000 21.000000 0.149156
74.000000 43.000000 0.049952 0.000000 20.263664 0.167820
74.000000 44.000000 0.022827 0.000000 21.000000 0.130096
74.000000 45.000000 0.017441 0.000000 20.334490 0.154005
74.000000 46.000000 0.000000 0.000000 21.000000 0.099626
74.000000 47.000000 0.000000 0.000000 21.000000 0.072517
74.000000 48.000000 0.000000 0.000000 21.000000 0.063921
74.000000 49.000000 0.000000 0.000000 21.000000 0.048725
75.000000 0.000000 0.000000 0.000000 21.000000 0.000000
75.000000 1.000000 0.000000 0.000000 21.000000 0.000000
75.000000 2.000000 0.000000 0.000000 21.000000 0.000000
75.000000 3.000000 0.000000 0.000000 21.000000 0.000000
75.000000 4.000000 0.000000 0.000000 21.000000 0.000000
75.000000 5.000000 0.000000 0.000000 21.000000 0.000000
75.000000 6.000000 0.000000 0.000000 21.000000 0.000000
75.000000 7.000000 0.000000 0.000000 21.000000 0.000000
75.000000 8.000000 0.000000 0.000000 21.000000 0.000000
75.000000 9.000000 0.000000 0.000000 21.000000 0.000000
75.000000 10.000000 0.000000 0.000000 21.000000 0.000000
75.000000 11.000000 0.000000 0.000000 21.000000 0.000000
75.000000 12.000000 0.000000 0.000000 21.000000 0.000000
75.000000 13.000000 0.000000 0.000000 21.000000 0.000000
75.000000 14.000000 0.000000 0.000000 21.000000 0.000000
75.000000 15.000000 0.000000 0.000000 21.000000 0.000000
75.000000 16.000000 0.000000 0.000000 21.000000 0.000000
75.000000 17.000000 0.000000 0.000000 21.000000 0.000000
75.000000 18.000000 0.000000 0.000000 21.000000 0.000000
75.000000 19.000000 0.000000 0.000000 21.000000 0.000000
75.000000 20.000000 0.000000 0.000000 21.000000 0.000000
75.000000 21.000000 0.000000 0.000000 21.000000 0.000000
75.000000 22.000000 0.000000 0.000000 21.000000 0.000000
75.000000 23.000000 0.000000 0.000000 21.000000 0.000000
75.000000 24.000000 0.000000 0.000000 21.000000 0.000000
75.000000 25.000000 0.000000 0.000000 21.000000 0.000000
75.000000 26.000000 0.000000 0.000000 21.000000 0.000000
75.000000 27.000000 0.000000 0.000000 21.000000 0.000000
75.000000 28.000000 0.000000 0.000000 21.000000 0.000000
75.000000 29.000000 0.000000 0.000000 21.000000 0.000000
75.000000 30.000000 0.000000 0.000000 21.000000 0.000000
75.000000 31.000000 0.000000 0.000000 21.000000 0.000000
75.000000 32.000000 0.000000 0.000000 21.000000 0.000000
75.000000 33.000000 0.000000 0.000000 21.000000 0.000000
75.000000 34.000000 0.000000 0.000000 21.000000 0.000000
75.000000 35.000000 0.000000 0.000000 21.000000 0.000000
75.000000 36.000000 0.000000 0.000000 21.000000 0.000000
75.000000 37.000000 0.000000 0.000000 21.000000 0.000000
75.000000 38.000000 0.000000 0.000000 21.000000 0.000000
75.000000 39.000000 0.000000 0.000000 21.000000 0.000000
75.000000 40.000000 0.000000 0.000000 21.000000 0.000000
75.000000 41.000000 0.000000 0.000000 21.000000 0.000000
75.000000 42.000000 0.000000 0.000000 21.000000 0.000000
75.000000 43.000000 0.000000 0.000000 21.000000 0.000000
75.000000 44.000000 0.000000 0.000000 21.000000 0.000000
75.000000 45.000000 0.000000 0.000000 21.000000 0.000000
75.000000 46.000000 0.000000 0.000000 21.000000 0.000000
75.000000 47.000000 0.000000 0.000000 21.000000 0.000000
75.000000 48.000000 0.000000 0.000000 21.000000 0.000000
75.000000 49.000000 0.000000 0.000000 21.000000 0.000000
76.000000 0.000000 0.000000 0.000000 21.000000 0.000000
76.000000 1.000000 0.000000 0.000000 21.000000 0.000000
76.000000 2.000000 0.000000 0.000000 21.000000 0.000000
76.000000 3.000000 0.000000 0.000000 21.000000 0.000000
76.000000 4.000000 0.000000 0.000000 21.000000 0.000000
76.000000 5.000000 0.000000 0.000000 21.000000 0.000000
76.000000 6.000000 0.000000 0.000000 21.000000 0.000000
76.000000 7.000000 0.000000 0.000000 21.000000 0.008345
76.000000 8.000000 0.000000 0.000000 21.000000 0.090376
76.000000 9.000000 0.089794 0.000000 20.308849 0.182171
76.000000 10.000000 0.191560 0.000000 17.147636 0.283702
76.000000 11.000000 0.446184 0.000000 11.181152 0.499273
76.000000 12.000000 0.799126 0.000000 3.137083 0.794344
76.000000 13.000000 1.000000 0.320282 0.000000 1.000000
76.000000 14.000000 1.000000 0.896179 0.000000 1.000000
76.000000 15.000000 1.000000 0.909265 0.000000 1.000000
76.000000 16.000000 0.945668 0.614233 1.776447 0.880612
76.000000 17.000000 0.412688 0.000000 13.913372 0.435647
76.000000 18.000000 0.072731 0.000000 18.915646 0.203170
76.000000 19.000000 0.000000 0.000000 21.000000 0.046327
76.000000 20.000000 0.000000 0.000000 21.000000 0.032094
76.000000 21.000000 0.000000 0.000000 21.000000 0.041309
76.000000 22.000000 0.000000 0.000000 21.000000 0.047881
76.000000 23.000000 0.000000 0.000000 21.000000 0.039704
76.000000 24.000000 0.000000 0.000000 21.000000 0.060176
76.000000 25.000000 0.000000 0.000000 21.000000 0.098409
76.000000 26.000000 0.000000 0.000000 21.000000 0.097258
76.000000 27.000000 0.000000 0.000000 21.000000 0.097620
76.000000 28.000000 0.000000 0.000000 21.000000 0.101332
76.000000 29.000000 0.000000 0.000000 21.000000 0.100051
76.000000 30.000000 0.008521 0.000000 21.000000 0.112054
76.000000 31.000000 0.022529 0.000000 20.642773 0.149846
76.000000 32.000000 0.036857 0.000000 21.000000 0.136350
76.000000 33.000000 0.052187 0.000000 20.994682 0.154192
76.000000 34.000000 0.034424 0.000000 21.000000 0.134003
76.000000 35.000000 0.047929 0.000000 21.000000 0.145806
76.000000 36.000000 0.052418 0.000000 21.000000 0.149570
76.000000 37.000000 0.038820 0.000000 21.000000 0.147005
76.000000 38.000000 0.046270 0.000000 20.029514 0.171067
76.000000 39.000000 0.036712 0.000000 21.000000 0.139001
76.000000 40.000000 0.025286 0.000000 20.912104 0.145531
76.000000 41.000000 0.017513 0.000000 21.000000 0.126240
76.000000 42.000000 0.061595 0.000000 20.997671 0.157739
76.000000 43.000000 0.093505 0.000000 19.989540 0.189898
76.000000 44.000000 0.119350 0.000000 19.492102 0.209617
76.000000 45.000000 0.113404 0.000000 19.448603 0.208193
76.000000 46.000000 0.088529 0.000000 20.122681 0.185314
76.000000 47.000000 0.052378 0.000000 20.780783 0.158459
76.000000 48.000000 0.020280 0.000000 21.000000 0.137602
76.000000 49.000000 0.030362 0.000000 20.820742 0.149291
77.000000 0.000000 0.000000 0.000000 21.000000 0.000000
77.000000 1.000000 0.000000 0.000000 21.000000 0.000000
77.000000 2.000000 0.000000 0.000000 21.000000 0.000000
77.000000 3.000000 0.000000 0.000000 21.000000 0.000000
77.000000 4.000000 0.000000 0.000000 21.000000 0.000000
77.000000 5.000000 0.000000 0.000000 21.000000 0.000000
77.000000 6.000000 0.000000 0.000000 21.000000 0.000000
77.000000 7.000000 0.000000 0.000000 21.000000 0.000000
77.000000 8.000000 0.000000 0.000000 21.000000 0.000000
77.000000 9.000000 0.000000 0.000000 21.000000 0.000000
77.000000 10.000000 0.000000 0.000000 21.000000 0.000000
77.000000 11.000000 0.000000 0.000000 21.000000 0.000000
77.000000 12.000000 0.000000 0.000000 21.000000 0.000000
77.000000 13.000000 0.000000 0.000000 21.000000 0.000000
77.000000 14.000000 0.000000 0.000000 21.000000 0.000000
77.000000 15.000000 0.000000 0.000000 21.000000 0.000000
77.000000 16.000000 0.000000 0.000000 21.000000 0.000000
77.000000 17.000000 0.000000 0.000000 21.000000 0.000000
77.000000 18.000000 0.000000 0.000000 21.000000 0.000000
77.000000 19.000000 0.000000 0.000000 21.000000 0.000000
77.000000 20.000000 0.000000 0.000000 21.000000 0.000000
77.000000 21.000000 0.000000 0.000000 21.000000 0.000000
77.000000 22.000000 0.000000 0.000000 21.000000 0.000000
77.000000 23.000000 0.000000 0.000000 21.000000 0.000000
77.000000 24.000000 0.000000 0.000000 21.000000 0.000000
77.000000 25.000000 0.000000 0.000000 21.000000 0.000000
77.000000 26.000000 0.000000 0.000000 21.000000 0.000000
77.000000 27.000000 0.000000 0.000000 21.000000 0.000000
77.000000 28.000000 0.000000 0.000000 21.000000 0.000000
77.000000 29.000000 0.000000 0.000000 21.000000 0.000000
77.000000 30.000000 0.000000 0.000000 21.000000 0.000000
77.000000 31.000000 0.000000 0.000000 21.000000 0.000000
77.000000 32.000000 0.000000 0.000000 21.000000 0.000000
77.000000 33.000000 0.000000 0.000000 21.000000 0.000000
77.000000 34.000000 0.000000 0.000000 21.000000 0.000000
77.000000 35.000000 0.000000 0.000000 21.000000 0.000000
77.000000 36.000000 0.000000 0.000000 21.000000 0.000000
77.000000 37.000000 0.000000 0.000000 21.000000 0.000000
77.000000 38.000000 0.000000 0.000000 21.000000 0.000000
77.000000 39.000000 0.000000 0.000000 21.000000 0.000000
77.000000 40.000000 0.000000 0.000000 21.000000 0.000000
77.000000 41.000000 0.000000 0.000000 21.000000 0.000000
77.000000 42.000000 0.000000 0.000000 21.000000 0.000000
77.000000 43.000000 0.000000 0.000000 21.000000 0.000000
77.000000 44.000000 0.000000 0.000000 21.000000 0.000000
77.000000 45.000000 0.000000 0.000000 21.000000 0.000000
77.000000 46.000000 0.000000 0.000000 21.000000 0.000000
77.000000 47.000000 0.000000 0.000000 21.000000 0.000000
77.000000 48.000000 0.000000 0.000000 21.000000 0.000000
77.000000 49.000000 0.000000 0.000000 21.000000 0.000000
78.000000 0.000000 0.000000 0.000000 21.000000 0.000000
78.000000 1.000000 0.000000 0.000000 21.000000 0.000000
78.000000 2.000000 0.000000 0.000000 21.000000 0.000000
78.000000 3.000000 0.000000 0.000000 21.000000 0.000000
78.000000 4.000000 0.000000 0.000000 21.000000 0.000000
78.000000 5.000000 0.000000 0.000000 21.000000 0.000000
78.000000 6.000000 0.000000 0.000000 21.000000 0.000000
78.000000 7.000000 0.000000 0.000000 21.000000 0.000000
78.000000 8.000000 0.000000 0.000000 21.000000 0.000000
78.000000 9.000000 0.000000 0.000000 21.000000 0.000000
78.000000 10.000000 0.000000 0.000000 21.000000 0.000000
78.000000 11.000000 0.000000 0.000000 21.000000 0.002328
78.000000 12.000000 0.000000 0.000000 21.000000 0.014491
78.000000 13.000000 0.000000 0.000000 21.000000 0.028665
78.000000 14.000000 0.005887 0.000000 21.000000 0.109851
78.000000 15.000000 0.192438 0.000000 15.873891 0.309471
78.000000 16.000000 0.431069 0.000000 11.607986 0.485047
78.000000 17.000000 0.909436 0.000000 0.342298 0.891821
78.000000 18.000000 1.000000 0.712011 0.000000 1.000000
78.000000 19.000000 1.000000 0.933319 0.000000 1.000000
78.000000 20.000000 1.000000 0.730736 0.000000 1.000000
78.000000 21.000000 0.643119 0.466285 9.170891 0.619075
78.000000 22.000000 0.155972 0.000000 16.954983 0.273827
78.000000 23.000000 0.000000 0.000000 21.000000 0.088799
78.000000 24.000000 0.000000 0.000000 21.000000 0.050584
78.000000 25.000000 0.000000 0.000000 21.000000 0.042089
78.000000 26.000000 0.000000 0.000000 21.000000 0.048725
78.000000 27.000000 0.000000 0.000000 21.000000 0.063435
78.000000 28.000000 0.000000 0.000000 21.000000 0.066696
78.000000 29.000000 0.000000 0.000000 21.000000 0.069599
78.000000 30.000000 0.000000 0.000000 21.000000 0.086503
78.000000 31.000000 0.000000 0.000000 21.000000 0.102548
78.000000 32.000000 0.019156 0.000000 21.000000 0.121215
78.000000 33.000000 0.022927 0.000000 21.000000 0.134870
78.000000 34.000000 0.102372 0.000000 19.229313 0.208380
78.000000 35.000000 0.126459 0.000000 19.289045 0.216351
78.000000 36.000000 0.188577 0.000000 17.485746 0.275830
78.000000 37.000000 0.198529 0.000000 17.433884 0.280631
78.000000 38.000000 0.196876 0.000000 17.291103 0.282818
78.000000 39.000000 0.146156 0.000000 18.583460 0.237793
78.000000 40.000000 0.086378 0.000000 20.119652 0.184510
78.000000 41.000000 0.020115 0.000000 21.000000 0.128841
78.000000 42.000000 0.000000 0.000000 21.000000 0.128385
78.000000 43.000000 0.000000 0.000000 21.000000 0.068236
78.000000 44.000000 0.000000 0.000000 21.000000 0.073930
78.000000 45.000000 0.000000 0.000000 21.000000 0.093798
78.000000 46.000000 0.048102 0.000000 21.000000 0.146265
78.000000 47.000000 0.077487 0.000000 20.622829 0.171231
78.000000 48.000000 0.126882 0.000000 19.165810 0.218973
78.000000 49.000000 0.140728 0.000000 18.786945 0.231747
79.000000 0.000000 0.000000 0.000000 21.000000 0.000000
79.000000 1.000000 0.000000 0.000000 21.000000 0.000000
79.000000 2.000000 0.000000 0.000000 21.000000 0.000000
79.000000 3.000000 0.000000 0.000000 21.000000 0.000000
79.000000 4.000000 0.000000 0.000000 21.000000 0.000000
79.000000 5.000000 0.000000 0.000000 21.000000 0.000000
79.000000 6.000000 0.000000 0.000000 21.000000 0.000000
79.000000 7.000000 0.000000 0.000000 21.000000 0.000000
79.000000 8.000000 0.000000 0.000000 21.000000 0.000000
79.000000 9.000000 0.000000 0.000000 21.000000 0.000000
79.000000 10.000000 0.000000 0.000000 21.000000 0.000000
79.000000 11.000000 0.000000 0.000000 21.000000 0.000000
79.000000 12.000000 0.000000 0.000000 21.000000 0.000000
79.000000 13.000000 0.000000 0.000000 21.000000 0.000000
79.000000 14.000000 0.000000 0.000000 21.000000 0.000000
79.000000 15.000000 0.000000 0.000000 21.000000 0.007987
79.000000 16.000000 0.000000 0.000000 21.000000 0.011268
79.000000 17.000000 0.000000 0.000000 21.000000 0.024654
79.000000 18.000000 0.000000 0.000000 21.000000 0.037242
79.000000 19.000000 0.047935 0.000000 21.000000 0.146240
79.000000 20.000000 0.215575 0.000000 16.920338 0.297382
79.000000 21.000000 0.425534 0.000000 12.041592 0.474304
79.000000 22.000000 0.778046 0.000000 3.615201 0.776667
79.000000 23.000000 1.000000 0.278172 0.000000 1.000000
79.000000 24.000000 1.000000 0.861307 0.000000 1.000000
79.000000 25.000000 1.000000 0.845596 0.000000 1.000000
79.000000 26.000000 0.872513 0.582505 3.597816 0.816807
79.000000 27.000000 0.358156 0.000000 10.512461 0.479340
79.000000 28.000000 0.057506 0.000000 21.000000 0.153937
79.000000 29.000000 0.000000 0.000000 21.000000 0.073423
79.000000 30.000000 0.000000 0.000000 21.000000 0.052240
79.000000 31.000000 0.000000 0.000000 21.000000 0.081889
79.000000 32.000000 0.000000 0.000000 21.000000 0.090993
79.000000 33.000000 0.000000 0.000000 21.000000 0.102185
79.000000 34.000000 0.003830 0.000000 21.000000 0.107972
79.000000 35.000000 0.033417 0.000000 17.758839 0.211421
79.000000 36.000000 0.010094 0.000000 21.000000 0.113019
79.000000 37.000000 0.016080 0.000000 18.893341 0.182171
79.000000 38.000000 0.008796 0.000000 21.000000 0.120664
79.000000 39.000000 0.045189 0.000000 19.043579 0.190272
79.000000 40.000000 0.035306 0.000000 21.000000 0.137478
79.000000 41.000000 0.043735 0.000000 20.691456 0.156967
79.000000 42.000000 0.042423 0.000000 21.000000 0.148032
79.000000 43.000000 0.077364 0.000000 19.456774 0.194306
79.000000 44.000000 0.102582 0.000000 19.543936 0.202181
79.000000 45.000000 0.111108 0.000000 19.350594 0.209255
79.000000 46.000000 0.174569 0.000000 17.144499 0.277270
79.000000 47.000000 0.169082 0.000000 18.130203 0.255550
79.000000 48.000000 0.139089 0.000000 18.426708 0.238213
79.000000 49.000000 0.094812 0.000000 19.420168 0.201590
80.000000 0.000000 0.000000 0.000000 21.000000 0.000000
80.000000 1.000000 0.000000 0.000000 21.000000 0.000000
80.000000 2.000000 0.000000 0.000000 21.000000 0.000000
80.000000 3.000000 0.000000 0.000000 21.000000 0.000000
80.000000 4.000000 0.000000 0.000000 21.000000 0.000000
80.000000 5.000000 0.000000 0.000000 21.000000 0.000000
80.000000 6.000000 0.000000 0.000000 21.000000 0.000000
80.000000 7.000000 0.000000 0.000000 21.000000 0.000000
80.000000 8.000000 0.000000 0.000000 21.000000 0.000000
80.000000 9.000000 0.000000 0.000000 21.000000 0.000000
80.000000 10.000000 0.000000 0.000000 21.000000 0.000000
80.000000 11.000000 0.000000 0.000000 21.000000 0.000000
80.000000 12.000000 0.000000 0.000000 21.000000 0.000000
80.000000 13.000000 0.000000 0.000000 21.000000 0.000000
80.000000 14.000000 0.000000 0.000000 21.000000 0.000000
80.000000 15.000000 0.000000 0.000000 21.000000 0.000000
80.000000 16.000000 0.000000 0.000000 21.000000 0.000000
80.000000 17.000000 0.000000 0.000000 21.000000 0.000000
80.000000 18.000000 0.000000 0.000000 21.000000 0.000000
80.000000 19.000000 0.000000 0.000000 21.000000 0.000000
80.000000 20.000000 0.000000 0.000000 21.000000 0.000000
80.000000 21.000000 0.000000 0.000000 21.000000 0.000000
80.000000 22.000000 0.000000 0.000000 21.000000 0.000000
80.000000 23.000000 0.000000 0.000000 21.000000 0.000000
80.000000 24.000000 0.000000 0.000000 21.000000 0.000000
80.000000 25.000000 0.000000 0.000000 21.000000 0.000000
80.000000 26.000000 0.000000 0.000000 21.000000 0.000000
80.000000 27.000000 0.000000 0.000000 21.000000 0.000000
80.000000 28.000000 0.000000 0.000000 21.000000 0.000000
80.000000 29.000000 0.000000 0.000000 21.000000 0.000000
80.000000 30.000000 0.000000 0.000000 21.000000 0.000000
80.000000 31.000000 0.000000 0.000000 21.000000 0.000000
80.000000 32.000000 0.000000 0.000000 21.000000 0.000000
80.000000 33.000000 0.000000 0.000000 21.000000 0.000000
80.000000 34.000000 0.000000 0.000000 21.000000 0.000000
80.000000 35.000000 0.000000 0.000000 21.000000 0.000000
80.000000 36.000000 0.000000 0.000000 21.000000 0.000000
80.000000 37.000000 0.000000 0.000000 21.000000 0.000000
80.000000 38.000000 0.000000 0.000000 21.000000 0.000000
80.000000 39.000000 0.000000 0.000000 21.000000 0.000000
80.000000 40.000000 0.000000 0.000000 21.000000 0.000000
80.000000 41.000000 0.000000 0.000000 21.000000 0.000000
80.000000 42.000000 0.000000 0.000000 21.000000 0.000000
80.000000 43.000000 0.000000 0.000000 21.000000 0.000000
80.000000 44.000000 0.000000 0.000000 21.000000 0.000000
80.000000 45.000000 0.000000 0.000000 21.000000 0.000000
80.000000 46.000000 0.000000 0.000000 21.000000 0.000000
80.000000 47.000000 0.000000 0.000000 21.000000 0.000000
80.000000 48.000000 0.000000 0.000000 21.000000 0.000000
80.000000 49.000000 0.000000 0.000000 21.000000 0.000000
81.000000 0.000000 0.000000 0.000000 21.000000 0.000000
81.000000 1.000000 0.000000 0.000000 21.000000 0.000000
81.000000 2.000000 0.000000 0.000000 21.000000 0.000000
81.000000 3.000000 0.000000 0.000000 21.000000 0.000000
81.000000 4.000000 0.000000 0.000000 21.000000 0.000000
81.000000 5.000000 0.000000 0.000000 21.000000 0.000000
81.000000 6.000000 0.000000 0.000000 21.000000 0.000000
81.000000 7.000000 0.000000 0.000000 21.000000 0.007630
81.000000 8.000000 0.000000 0.000000 21.000000 0.014909
81.000000 9.000000 0.000000 0.000000 21.000000 0.028665
81.000000 10.000000 0.000000 0.000000 21.000000 0.060536
81.000000 11.000000 0.000000 0.000000 21.000000 0.085652
81.000000 12.000000 0.059381 0.000000 21.000000 0.156023
81.000000 13.000000 0.192640 0.000000 16.920778 0.288647
81.000000 14.000000 0.453007 0.000000 10.939795 0.506682
81.000000 15.000000 0.731326 0.000000 4.911871 0.733287
81.000000 16.000000 1.000000 0.107873 0.000000 0.994292
81.000000 17.000000 1.000000 0.721849 0.000000 1.000000
81.000000 18.000000 1.000000 0.758625 0.000000 1.000000
81.000000 19.000000 0.650468 0.489227 9.070501 0.623927
81.000000 20.000000 0.210381 0.000000 15.755292 0.318448
81.000000 21.000000 0.004999 0.000000 21.000000 0.108782
81.000000 22.000000 0.000000 0.000000 21.000000 0.039382
81.000000 23.000000 0.000000 0.000000 21.000000 0.062588
81.000000 24.000000 0.000000 0.000000 21.000000 0.091717
81.000000 25.000000 0.021565 0.000000 21.000000 0.123293
81.000000 26.000000 0.060194 0.000000 21.000000 0.156596
81.000000 27.000000 0.105501 0.000000 19.820425 0.197833
81.000000 28.000000 0.172216 0.000000 18.063429 0.258133
81.000000 29.000000 0.266195 0.000000 15.635201 0.342173
81.000000 30.000000 0.321742 0.000000 14.454511 0.386830
81.000000 31.000000 0.293411 0.000000 15.383936 0.357591
81.000000 32.000000 0.332376 0.000000 13.904145 0.401790
81.000000 33.000000 0.303175 0.000000 15.043451 0.368033
81.000000 34.000000 0.228702 0.000000 16.795805 0.304791
81.000000 35.000000 0.238291 0.000000 16.327637 0.317755
81.000000 36.000000 0.202332 0.000000 17.318769 0.284352
81.000000 37.000000 0.260321 0.000000 15.264959 0.347285
81.000000 38.000000 0.193658 0.000000 17.775730 0.271970
81.000000 39.000000 0.158507 0.000000 18.404554 0.246084
81.000000 40.000000 0.145911 0.000000 18.420570 0.240970
81.000000 41.000000 0.076977 0.000000 20.196020 0.179412
81.000000 42.000000 0.043441 0.000000 20.185640 0.166846
81.000000 43.000000 0.009797 0.000000 21.000000 0.125407
81.000000 44.000000 0.006487 0.000000 19.980776 0.156855
81.000000 45.000000 0.000613 0.000000 21.000000 0.105126
81.000000 46.000000 0.002714 0.000000 21.000000 0.107053
81.000000 47.000000 0.034542 0.000000 21.000000 0.134492
81.000000 48.000000 0.061058 0.000000 21.000000 0.157122
81.000000 49.000000 0.067077 0.000000 20.628254 0.167136
82.000000 0.000000 0.000000 0.000000 21.000000 0.000000
82.000000 1.000000 0.000000 0.000000 21.000000 0.000000
82.000000 2.000000 0.000000 0.000000 21.000000 0.000000
82.000000 3.000000 0.000000 0.000000 21.000000 0.000000
82.000000 4.000000 0.000000 0.000000 21.000000 0.000000
82.000000 5.000000 0.000000 0.000000 21.000000 0.000000
82.000000 6.000000 0.000000 0.000000 21.000000 0.000000
82.000000 7.000000 0.000000 0.000000 21.000000 0.000000
82.000000 8.000000 0.000000 0.000000 21.000000 0.000000
82.000000 9.000000 0.000000 0.000000 21.000000 0.000000
82.000000 10.000000 0.000000 0.000000 21.000000 0.000000
82.000000 11.000000 0.000000 0.000000 21.000000 0.000000
82.000000 12.000000 0.000000 0.000000 21.000000 0.000000
82.000000 13.000000 0.000000 0.000000 21.000000 0.000000
82.000000 14.000000 0.000000 0.000000 21.000000 0.000000
82.000000 15.000000 0.000000 0.000000 21.000000 0.000000
82.000000 16.000000 0.000000 0.000000 21.000000 0.000000
82.000000 17.000000 0.000000 0.000000 21.000000 0.000000
82.000000 18.000000 0.000000 0.000000 21.000000 0.000000
82.000000 19.000000 0.000000 0.000000 21.000000 0.000000
82.000000 20.000000 0.000000 0.000000 21.000000 0.000000
82.000000 21.000000 0.000000 0.000000 21.000000 0.000000
82.000000 22.000000 0.000000 0.000000 21.000000 0.000000
82.000000 23.000000 0.000000 0.000000 21.000000 0.000000
82.000000 24.000000 0.000000 0.000000 21.000000 0.000000
82.000000 25.000000 0.000000 0.000000 21.000000 0.000000
82.000000 26.000000 0.000000 0.000000 21.000000 0.000000
82.000000 27.000000 0.000000 0.000000 21.000000 0.000000
82.000000 28.000000 0.000000 0.000000 21.000000 0.000000
82.000000 29.000000 0.000000 0.000000 21.000000 0.000000
82.000000 30.000000 0.000000 0.000000 21.000000 0.000000
82.000000 31.000000 0.000000 0.000000 21.000000 0.000000
82.000000 32.000000 0.000000 0.000000 21.000000 0.000000
82.000000 33.000000 0.000000 0.000000 21.000000 0.000000
82.000000 34.000000 0.000000 0.000000 21.000000 0.000000
82.000000 35.000000 0.000000 0.000000 21.000000 0.000000
82.000000 36.000000 0.000000 0.000000 21.000000 0.000000
82.000000 37.000000 0.000000 0.000000 21.000000 0.000000
82.000000 38.000000 0.000000 0.000000 21.000000 0.000000
82.000000 39.000000 0.000000 0.000000 21.000000 0.000000
82.000000 40.000000 0.000000 0.000000 21.000000 0.000000
82.000000 41.000000 0.000000 0.000000 21.000000 0.000000
82.000000 42.000000 0.000000 0.000000 21.000000 0.000000
82.000000 43.000000 0.000000 0.000000 21.000000 0.000000
82.000000 44.000000 0.000000 0.000000 21.000000 0.000000
82.000000 45.000000 0.000000 0.000000 21.000000 0.000000
82.000000 46.000000 0.000000 0.000000 21.000000 0.000000
82.000000 47.000000 0.000000 0.000000 21.000000 0.000000
82.000000 48.000000 0.000000 0.000000 21.000000 0.000000
82.000000 49.000000 0.000000 0.000000 21.000000 0.000000
83.000000 0.000000 0.000000 0.000000 21.000000 0.000000
83.000000 1.000000 0.000000 0.000000 21.000000 0.000000
83.000000 2.000000 0.000000 0.000000 21.000000 0.000000
83.000000 3.000000 0.000000 0.000000 21.000000 0.000000
83.000000 4.000000 0.000000 0.000000 21.000000 0.000000
83.000000 5.000000 0.000000 0.000000 21.000000 0.000000
83.000000 6.000000 0.000000 0.000000 21.000000 0.000000
83.000000 7.000000 0.000000 0.000000 21.000000 0.000000
83.000000 8.000000 0.000000 0.000000 21.000000 0.000000
83.000000 9.000000 0.000000 0.000000 21.000000 0.000000
83.000000 10.000000 0.000000 0.000000 21.000000 0.000000
83.000000 11.000000 0.000000 0.000000 21.000000 0.000000
83.000000 12.000000 0.000000 0.000000 21.000000 0.000000
83.000000 13.000000 0.000000 0.000000 21.000000 0.000000
83.000000 14.000000 0.000000 0.000000 21.000000 0.010432
83.000000 15.000000 0.000000 0.000000 21.000000 0.050226
83.000000 16.000000 0.109730 0.000000 19.817558 0.199522
83.000000 17.000000 0.284104 0.000000 15.043005 0.360786
83.000000 18.000000 0.478158 0.000000 10.727504 0.520582
83.000000 19.000000 0.662791 0.000000 6.596482 0.673692
83.000000 20.000000 0.931795 0.000000 0.167947 0.904635
83.000000 21.000000 1.000000 0.548239 0.000000 0.992207
83.000000 22.000000 1.000000 0.840656 0.000000 1.000000
83.000000 23.000000 0.980530 0.659640 0.953458 0.910019
83.000000 24.000000 0.510393 0.384332 12.390725 0.504714
83.000000 25.000000 0.092732 0.000000 19.444717 0.200236
83.000000 26.000000 0.000000 0.000000 21.000000 0.057999
83.000000 27.000000 0.000000 0.000000 21.000000 0.019174
83.000000 28.000000 0.000000 0.000000 21.000000 0.000000
83.000000 29.000000 0.000000 0.000000 21.000000 0.000000
83.000000 30.000000 0.000000 0.000000 21.000000 0.000000
83.000000 31.000000 0.000000 0.000000 21.000000 0.000305
83.000000 32.000000 0.000000 0.000000 21.000000 0.000000
83.000000 33.000000 0.000000 0.000000 21.000000 0.000000
83.000000 34.000000 0.000000 0.000000 21.000000 0.000000
83.000000 35.000000 0.000000 0.000000 21.000000 0.000000
83.000000 36.000000 0.000000 0.000000 21.000000 0.000000
83.000000 37.000000 0.000000 0.000000 21.000000 0.005604
83.000000 38.000000 0.000000 0.000000 21.000000 0.005604
83.000000 39.000000 0.000000 0.000000 21.000000 0.000000
83.000000 40.000000 0.000000 0.000000 21.000000 0.011207
83.000000 41.000000 0.000000 0.000000 21.000000 0.014909
83.000000 42.000000 0.000000 0.000000 21.000000 0.026270
83.000000 43.000000 0.000000 0.000000 21.000000 0.060834
83.000000 44.000000 0.000000 0.000000 21.000000 0.091845
83.000000 45.000000 0.006117 0.000000 21.000000 0.109980
83.000000 46.000000 0.000000 0.000000 21.000000 0.102186
83.000000 47.000000 0.004722 0.000000 21.000000 0.108763
83.000000 48.000000 0.012470 0.000000 21.000000 0.115414
83.000000 49.000000 0.016117 0.000000 21.000000 0.118567
84.000000 0.000000 0.000000 0.000000 21.000000 0.000000
84.000000 1.000000 0.000000 0.000000 21.000000 0.000000
84.000000 2.000000 0.000000 0.000000 21.000000 0.000000
84.000000 3.000000 0.000000 0.000000 21.000000 0.000000
84.000000 4.000000 0.000000 0.000000 21.000000 0.000000
84.000000 5.000000 0.000000 0.000000 21.000000 0.000000
84.000000 6.000000 0.000000 0.000000 21.000000 0.000000
84.000000 7.000000 0.000000 0.000000 21.000000 0.000000
84.000000 8.000000 0.000000 0.000000 21.000000 0.000000
84.000000 9.000000 0.000000 0.000000 21.000000 0.000000
84.000000 10.000000 0.000000 0.000000 21.000000 0.000000
84.000000 11.000000 0.000000 0.000000 21.000000 0.000000
84.000000 12.000000 0.000000 0.000000 21.000000 0.000000
84.000000 13.000000 0.000000 0.000000 21.000000 0.000000
84.000000 14.000000 0.000000 0.000000 21.000000 0.000000
84.000000 15.000000 0.000000 0.000000 21.000000 0.000000
84.000000 16.000000 0.000000 0.000000 21.000000 0.000000
84.000000 17.000000 0.000000 0.000000 21.000000 0.000000
84.000000 18.000000 0.000000 0.000000 21.000000 0.000000
84.000000 19.000000 0.000000 0.000000 21.000000 0.000000
84.000000 20.000000 0.000000 0.000000 21.000000 0.000000
84.000000 21.000000 0.000000 0.000000 21.000000 0.000000
84.000000 22.000000 0.000000 0.000000 21.000000 0.000000
84.000000 23.000000 0.000000 0.000000 21.000000 0.000000
84.000000 24.000000 0.000000 0.000000 21.000000 0.000000
84.000000 25.000000 0.000000 0.000000 21.000000 0.000000
84.000000 26.000000 0.000000 0.000000 21.000000 0.000000
84.000000 27.000000 0.000000 0.000000 21.000000 0.000000
84.000000 28.000000 0.000000 0.000000 21.000000 0.000000
84.000000 29.000000 0.000000 0.000000 21.000000 0.000000
84.000000 30.000000 0.000000 0.000000 21.000000 0.000000
84.000000 31.000000 0.000000 0.000000 21.000000 0.000000
84.000000 32.000000 0.000000 0.000000 21.000000 0.000000
84.000000 33.000000 0.000000 0.000000 21.000000 0.000000
84.000000 34.000000 0.000000 0.000000 21.000000 0.000000
84.000000 35.000000 0.000000 0.000000 21.000000 0.000000
84.000000 36.000000 0.000000 0.000000 21.000000 0.000000
84.000000 37.000000 0.000000 0.000000 21.000000 0.000000
84.000000 38.000000 0.000000 0.000000 21.000000 0.000000
84.000000 39.000000 0.000000 0.000000 21.000000 0.000000
84.000000 40.000000 0.000000 0.000000 21.000000 0.000000
84.000000 41.000000 0.000000 0.000000 21.000000 0.000000
84.000000 42.000000 0.000000 0.000000 21.000000 0.000000
84.000000 43.000000 0.000000 0.000000 21.000000 0.000000
84.000000 44.000000 0.000000 0.000000 21.000000 0.000000
84.000000 45.000000 0.000000 0.000000 21.000000 0.000000
84.000000 46.000000 0.000000 0.000000 21.000000 0.000000
84.000000 47.000000 0.000000 0.000000 21.000000 0.000000
84.000000 48.000000 0.000000 0.000000 21.000000 0.000000
84.000000 49.000000 0.000000 0.000000 21.000000 0.000000
85.000000 0.000000 0.000000 0.000000 21.000000 0.000000
85.000000 1.000000 0.000000 0.000000 21.000000 0.000000
85.000000 2.000000 0.000000 0.000000 21.000000 0.000000
85.000000 3.000000 0.000000 0.000000 21.000000 0.000000
85.000000 4.000000 0.000000 0.000000 21.000000 0.000000
85.000000 5.000000 0.000000 0.000000 21.000000 0.000000
85.000000 6.000000 0.000000 0.000000 21.000000 0.000000
85.000000 7.000000 0.000000 0.000000 21.000000 0.000000
85.000000 8.000000 0.000000 0.000000 21.000000 0.000000
85.000000 9.000000 0.000000 0.000000 21.000000 0.000000
85.000000 10.000000 0.000000 0.000000 21.000000 0.000000
85.000000 11.000000 0.000000 0.000000 21.000000 0.000000
85.000000 12.000000 0.000000 0.000000 21.000000 0.000000
85.000000 13.000000 0.000000 0.000000 21.000000 0.000000
85.000000 14.000000 0.000000 0.000000 21.000000 0.000000
85.000000 15.000000 0.000000 0.000000 21.000000 0.000000
85.000000 16.000000 0.000000 0.000000 21.000000 0.000000
85.000000 17.000000 0.000000 0.000000 21.000000 0.000000
85.000000 18.000000 0.000000 0.000000 21.000000 0.000000
85.000000 19.000000 0.000000 0.000000 21.000000 0.000000
85.000000 20.000000 0.000000 0.000000 21.000000 0.000000
85.000000 21.000000 0.000000 0.000000 21.000000 0.000000
85.000000 22.000000 0.000000 0.000000 21.000000 0.000000
85.000000 23.000000 0.000000 0.000000 21.000000 0.000000
85.000000 24.000000 0.000000 0.000000 21.000000 0.000000
85.000000 25.000000 0.000000 0.000000 21.000000 0.000000
85.000000 26.000000 0.000000 0.000000 21.000000 0.000000
85.000000 27.000000 0.000000 0.000000 21.000000 0.000000
85.000000 28.000000 0.000000 0.000000 21.000000 0.000000
85.000000 29.000000 0.000000 0.000000 21.000000 0.000000
85.000000 30.000000 0.000000 0.000000 21.000000 0.000000
85.000000 31.000000 0.000000 0.000000 21.000000 0.000000
85.000000 32.000000 0.000000 0.000000 21.000000 0.000000
85.000000 33.000000 0.000000 0.000000 21.000000 0.000000
85.000000 34.000000 0.000000 0.000000 21.000000 0.000000
85.000000 35.000000 0.000000 0.000000 21.000000 0.000000
85.000000 36.000000 0.000000 0.000000 21.000000 0.000000
85.000000 37.000000 0.000000 0.000000 21.000000 0.000000
85.000000 38.000000 0.000000 0.000000 21.000000 0.000000
85.000000 39.000000 0.000000 0.000000 21.000000 0.000000
85.000000 40.000000 0.000000 0.000000 21.000000 0.000000
85.000000 41.000000 0.000000 0.000000 21.000000 0.000000
85.000000 42.000000 0.000000 0.000000 21.000000 0.000000
85.000000 43.000000 0.000000 0.000000 21.000000 0.000000
85.000000 44.000000 0.000000 0.000000 21.000000 0.000000
85.000000 45.000000 0.000000 0.000000 21.000000 0.000000
85.000000 46.000000 0.000000 0.000000 21.000000 0.000000
85.000000 47.000000 0.000000 0.000000 21.000000 0.000000
85.000000 48.000000 0.000000 0.000000 21.000000 0.000000
85.000000 49.000000 0.000000 0.000000 21.000000 0.000000
86.000000 0.000000 0.000000 0.000000 21.000000 0.000000
86.000000 1.000000 0.000000 0.000000 21.000000 0.000000
86.000000 2.000000 0.000000 0.000000 21.000000 0.000000
86.000000 3.000000 0.000000 0.000000 21.000000 0.000000
86.000000 4.000000 0.000000 0.000000 21.000000 0.000000
86.000000 5.000000 0.000000 0.000000 21.000000 0.000000
86.000000 6.000000 0.000000 0.000000 21.000000 0.000000
86.000000 7.000000 0.000000 0.000000 21.000000 0.000000
86.000000 8.000000 0.000000 0.000000 21.000000 0.000000
86.000000 9.000000 0.000000 0.000000 21.000000 0.000305
86.000000 10.000000 0.000000 0.000000 21.000000 0.010432
86.000000 11.000000 0.000000 0.000000 21.000000 0.020585
86.000000 12.000000 0.000000 0.000000 21.000000 0.042106
86.000000 13.000000 0.000000 0.000000 21.000000 0.080614
86.000000 14.000000 0.079313 0.000000 20.559042 0.173207
86.000000 15.000000 0.202230 0.000000 16.834780 0.294000
86.000000 16.000000 0.403786 0.000000 12.158525 0.463707
86.000000 17.000000 0.719932 0.000000 5.046007 0.725977
86.000000 18.000000 1.000000 0.090824 0.000000 0.976773
86.000000 19.000000 1.000000 0.686611 0.000000 0.970316
86.000000 20.000000 1.000000 0.732082 0.000000 1.000000
86.000000 21.000000 0.643677 0.497008 9.224395 0.618181
86.000000 22.000000 0.185091 0.000000 16.395401 0.296039
86.000000 23.000000 0.000000 0.000000 21.000000 0.088908
86.000000 24.000000 0.000000 0.000000 21.000000 0.076705
86.000000 25.000000 0.000000 0.000000 21.000000 0.094179
86.000000 26.000000 0.043565 0.000000 21.000000 0.142332
86.000000 27.000000 0.131907 0.000000 19.283348 0.218580
86.000000 28.000000 0.193314 0.000000 17.846489 0.270492
86.000000 29.000000 0.275948 0.000000 15.734087 0.343940
86.000000 30.000000 0.311149 0.000000 14.965669 0.372659
86.000000 31.000000 0.464876 0.000000 10.753572 0.514982
86.000000 32.000000 0.466775 0.000000 11.212571 0.506907
86.000000 33.000000 0.347817 0.000000 14.163624 0.402683
86.000000 34.000000 0.329869 0.000000 14.268293 0.393566
86.000000 35.000000 0.287542 0.000000 15.486265 0.353247
86.000000 36.000000 0.243143 0.000000 16.456043 0.317064
86.000000 37.000000 0.187089 0.000000 17.687813 0.271227
86.000000 38.000000 0.196693 0.000000 17.386036 0.280892
86.000000 39.000000 0.180497 0.000000 17.776896 0.266944
86.000000 40.000000 0.236121 0.000000 16.155504 0.320361
86.000000 41.000000 0.263336 0.000000 15.736967 0.339042
86.000000 42.000000 0.215825 0.000000 17.105345 0.293739
86.000000 43.000000 0.163007 0.000000 18.220924 0.251424
86.000000 44.000000 0.106694 0.000000 19.572803 0.203119
86.000000 45.000000 0.057856 0.000000 20.651817 0.163097
86.000000 46.000000 0.003196 0.000000 21.000000 0.120833
86.000000 47.000000 0.063231 0.008338 10.052408 0.378787
86.000000 48.000000 0.000000 0.000000 21.000000 0.084568
86.000000 49.000000 0.000000 0.000000 21.000000 0.077040
87.000000 0.000000 0.000000 0.000000 21.000000 0.000000
87.000000 1.000000 0.000000 0.000000 21.000000 0.000000
87.000000 2.000000 0.000000 0.000000 21.000000 0.000000
87.000000 3.000000 0.000000 0.000000 21.000000 0.000000
87.000000 4.000000 0.000000 0.000000 21.000000 0.000000
87.000000 5.000000 0.000000 0.000000 21.000000 0.000000
87.000000 6.000000 0.000000 0.000000 21.000000 0.000000
87.000000 7.000000 0.000000 0.000000 21.000000 0.016461
87.000000 8.000000 0.000000 0.000000 21.000000 0.079339
87.000000 9.000000 0.121949 0.000000 19.521410 0.210059
87.000000 10.000000 0.331660 0.000000 13.459133 0.410409
87.000000 11.000000 0.819106 0.000000 2.242100 0.819280
87.000000 12.000000 1.000000 0.477251 0.000000 1.000000
87.000000 13.000000 1.000000 0.910815 0.000000 1.000000
87.000000 14.000000 1.000000 0.791320 0.000000 1.000000
87.000000 15.000000 0.689242 0.492065 8.076279 0.658374
87.000000 16.000000 0.183324 0.000000 15.613127 0.311026
87.000000 17.000000 0.000000 0.000000 21.000000 0.095901
87.000000 18.000000 0.000000 0.000000 21.000000 0.034639
87.000000 19.000000 0.000000 0.000000 21.000000 0.038190
87.000000 20.000000 0.000000 0.000000 21.000000 0.054024
87.000000 21.000000 0.000000 0.000000 21.000000 0.066336
87.000000 22.000000 0.000000 0.000000 21.000000 0.081039
87.000000 23.000000 0.032107 0.000000 21.000000 0.132408
87.000000 24.000000 0.062814 0.000000 20.695421 0.164189
87.000000 25.000000 0.075545 0.000000 20.213783 0.178584
87.000000 26.000000 0.076678 0.000000 20.213600 0.179008
87.000000 27.000000 0.078940 0.000000 20.330294 0.177558
87.000000 28.000000 0.080845 0.000000 20.199007 0.180888
87.000000 29.000000 0.155178 0.000000 17.767950 0.257512
87.000000 30.000000 0.174724 0.000000 18.021276 0.259898
87.000000 31.000000 0.203163 0.000000 17.314167 0.284774
87.000000 32.000000 0.200240 0.000000 17.144489 0.287013
87.000000 33.000000 0.212324 0.000000 16.727760 0.299887
87.000000 34.000000 0.223745 0.000000 16.838943 0.302034
87.000000 35.000000 0.244308 0.000000 16.159061 0.323390
87.000000 36.000000 0.226097 0.000000 16.766087 0.304394
87.000000 37.000000 0.174477 0.000000 17.960724 0.260974
87.000000 38.000000 0.145023 0.000000 18.502563 0.238989
87.000000 39.000000 0.090948 0.000000 19.721169 0.194170
87.000000 40.000000 0.079239 0.000000 20.031189 0.183581
87.000000 41.000000 0.098373 0.000000 19.230789 0.206788
87.000000 42.000000 0.070035 0.000000 20.610279 0.168594
87.000000 43.000000 0.081306 0.000000 18.901340 0.206830
87.000000 44.000000 0.084226 0.000000 20.161304 0.182911
87.000000 45.000000 0.087533 0.000000 19.697617 0.193380
87.000000 46.000000 0.054495 0.000000 21.000000 0.153933
87.000000 47.000000 0.043800 0.000000 19.594223 0.178749
87.000000 48.000000 0.000000 0.000000 21.000000 0.094512
87.000000 49.000000 0.000000 0.000000 21.000000 0.050640
88.000000 0.000000 0.000000 0.000000 21.000000 0.000000
88.000000 1.000000 0.000000 0.000000 21.000000 0.000000
88.000000 2.000000 0.000000 0.000000 21.000000 0.000000
88.000000 3.000000 0.000000 0.000000 21.000000 0.000000
88.000000 4.000000 0.000000 0.000000 21.000000 0.000000
88.000000 5.000000 0.000000 0.000000 21.000000 0.000000
88.000000 6.000000 0.000000 0.000000 21.000000 0.000000
88.000000 7.000000 0.000000 0.000000 21.000000 0.000000
88.000000 8.000000 0.000000 0.000000 21.000000 0.000000
88.000000 9.000000 0.000000 0.000000 21.000000 0.000000
88.000000 10.000000 0.000000 0.000000 21.000000 0.000000
88.000000 11.000000 0.000000 0.000000 21.000000 0.000000
88.000000 12.000000 0.000000 0.000000 21.000000 0.000000
88.000000 13.000000 0.000000 0.000000 21.000000 0.000000
88.000000 14.000000 0.000000 0.000000 21.000000 0.000000
88.000000 15.000000 0.000000 0.000000 21.000000 0.000000
88.000000 16.000000 0.000000 0.000000 21.000000 0.000000
88.000000 17.000000 0.000000 0.000000 21.000000 0.000000
88.000000 18.000000 0.000000 0.000000 21.000000 0.000000
88.000000 19.000000 0.000000 0.000000 21.000000 0.000000
88.000000 20.000000 0.000000 0.000000 21.000000 0.000000
88.000000 21.000000 0.000000 0.000000 21.000000 0.000000
88.000000 22.000000 0.000000 0.000000 21.000000 0.000000
88.000000 23.000000 0.000000 0.000000 21.000000 0.000000
88.000000 24.000000 0.000000 0.000000 21.000000 0.000000
88.000000 25.000000 0.000000 0.000000 21.000000 0.000000
88.000000 26.000000 0.000000 0.000000 21.000000 0.000000
88.000000 27.000000 0.000000 0.000000 21.000000 0.000000
88.000000 28.000000 0.000000 0.000000 21.000000 0.000000
88.000000 29.000000 0.000000 0.000000 21.000000 0.000000
88.000000 30.000000 0.000000 0.000000 21.000000 0.000000
88.000000 31.000000 0.000000 0.000000 21.000000 0.000000
88.000000 32.000000 0.000000 0.000000 21.000000 0.000000
88.000000 33.000000 0.000000 0.000000 21.000000 0.000000
88.000000 34.000000 0.000000 0.000000 21.000000 0.000000
88.000000 35.000000 0.000000 0.000000 21.000000 0.000000
88.000000 36.000000 0.000000 0.000000 21.000000 0.000000
88.000000 37.000000 0.000000 0.000000 21.000000 0.000000
88.000000 38.000000 0.000000 0.000000 21.000000 0.000000
88.000000 39.000000 0.000000 0.000000 21.000000 0.000000
88.000000 40.000000 0.000000 0.000000 21.000000 0.000000
88.000000 41.000000 0.000000 0.000000 21.000000 0.000000
88.000000 42.000000 0.000000 0.000000 21.000000 0.000000
88.000000 43.000000 0.000000 0.000000 21.000000 0.000000
88.000000 44.000000 0.000000 0.000000 21.000000 0.000000
88.000000 45.000000 0.000000 0.000000 21.000000 0.000000
88.000000 46.000000 0.000000 0.000000 21.000000 0.000000
88.000000 47.000000 0.000000 0.000000 21.000000 0.000000
88.000000 48.000000 0.000000 0.000000 21.000000 0.000000
88.000000 49.000000 0.000000 0.000000 21.000000 0.000000
89.000000 0.000000 0.000000 0.000000 21.000000 0.000000
89.000000 1.000000 0.000000 0.000000 21.000000 0.000000
89.000000 2.000000 0.000000 0.000000 21.000000 0.000000
89.000000 3.000000 0.000000 0.000000 21.000000 0.000000
89.000000 4.000000 0.000000 0.000000 21.000000 0.000000
89.000000 5.000000 0.000000 0.000000 21.000000 0.000000
89.000000 6.000000 0.000000 0.000000 21.000000 0.000000
89.000000 7.000000 0.000000 0.000000 21.000000 0.000000
89.000000 8.000000 0.000000 0.000000 21.000000 0.000000
89.000000 9.000000 0.000000 0.000000 21.000000 0.000000
89.000000 10.000000 0.000000 0.000000 21.000000 0.000000
89.000000 11.000000 0.000000 0.000000 21.000000 0.000000
89.000000 12.000000 0.000000 0.000000 21.000000 0.000000
89.000000 13.000000 0.000000 0.000000 21.000000 0.000000
89.000000 14.000000 0.000000 0.000000 21.000000 0.000000
89.000000 15.000000 0.000000 0.000000 21.000000 0.000000
89.000000 16.000000 0.000000 0.000000 21.000000 0.000000
89.000000 17.000000 0.000000 0.000000 21.000000 0.000000
89.000000 18.000000 0.000000 0.000000 21.000000 0.000000
89.000000 19.000000 0.000000 0.000000 21.000000 0.000000
89.000000 20.000000 0.000000 0.000000 21.000000 0.000000
89.000000 21.000000 0.000000 0.000000 21.000000 0.000000
89.000000 22.000000 0.000000 0.000000 21.000000 0.000000
89.000000 23.000000 0.000000 0.000000 21.000000 0.000000
89.000000 24.000000 0.000000 0.000000 21.000000 0.000000
89.000000 25.000000 0.000000 0.000000 21.000000 0.000000
89.000000 26.000000 0.000000 0.000000 21.000000 0.000000
89.000000 27.000000 0.000000 0.000000 21.000000 0.000000
89.000000 28.000000 0.000000 0.000000 21.000000 0.000000
89.000000 29.000000 0.000000 0.000000 21.000000 0.000000
89.000000 30.000000 0.000000 0.000000 21.000000 0.000000
89.000000 31.000000 0.000000 0.000000 21.000000 0.000000
89.000000 32.000000 0.000000 0.000000 21.000000 0.000000
89.000000 33.000000 0.000000 0.000000 21.000000 0.000000
89.000000 34.000000 0.000000 0.000000 21.000000 0.000000
89.000000 35.000000 0.000000 0.000000 21.000000 0.000000
89.000000 36.000000 0.000000 0.000000 21.000000 0.000000
89.000000 37.000000 0.000000 0.000000 21.000000 0.000000
89.000000 38.000000 0.000000 0.000000 21.000000 0.000000
89.000000 39.000000 0.000000 0.000000 21.000000 0.000000
89.000000 40.000000 0.000000 0.000000 21.000000 0.000000
89.000000 41.000000 0.000000 0.000000 21.000000 0.000000
89.000000 42.000000 0.000000 0.000000 21.000000 0.000000
89.000000 43.000000 0.000000 0.000000 21.000000 0.000000
89.000000 44.000000 0.000000 0.000000 21.000000 0.000000
89.000000 45.000000 0.000000 0.000000 21.000000 0.000000
89.000000 46.000000 0.000000 0.000000 21.000000 0.000000
89.000000 47.000000 0.000000 0.000000 21.000000 0.000000
89.000000 48.000000 0.000000 0.000000 21.000000 0.000000
89.000000 49.000000 0.000000 0.000000 21.000000 0.000000
90.000000 0.000000 0.000000 0.000000 21.000000 0.000000
90.000000 1.000000 0.000000 0.000000 21.000000 0.000000
90.000000 2.000000 0.000000 0.000000 21.000000 0.000000
90.000000 3.000000 0.000000 0.000000 21.000000 0.000000
90.000000 4.000000 0.000000 0.000000 21.000000 0.000000
90.000000 5.000000 0.000000 0.000000 21.000000 0.000000
90.000000 6.000000 0.000000 0.000000 21.000000 0.000000
90.000000 7.000000 0.000000 0.000000 21.000000 0.000000
90.000000 8.000000 0.000000 0.000000 21.000000 0.000000
90.000000 9.000000 0.000000 0.000000 21.000000 0.000000
90.000000 10.000000 0.000000 0.000000 21.000000 0.000000
90.000000 11.000000 0.000000 0.000000 21.000000 0.000000
90.000000 12.000000 0.000000 0.000000 21.000000 0.000000
90.000000 13.000000 0.000000 0.000000 21.000000 0.000000
90.000000 14.000000 0.000000 0.000000 21.000000 0.000000
90.000000 15.000000 0.000000 0.000000 21.000000 0.000000
90.000000 16.000000 0.000000 0.000000 21.000000 0.000000
90.000000 17.000000 0.000000 0.000000 21.000000 0.000000
90.000000 18.000000 0.000000 0.000000 21.000000 0.000000
90.000000 19.000000 0.000000 0.000000 21.000000 0.000000
90.000000 20.000000 0.000000 0.000000 21.000000 0.000000
90.000000 21.000000 0.000000 0.000000 21.000000 0.000000
90.000000 22.000000 0.000000 0.000000 21.000000 0.000000
90.000000 23.000000 0.000000 0.000000 21.000000 0.000000
90.000000 24.000000 0.000000 0.000000 21.000000 0.000000
90.000000 25.000000 0.000000 0.000000 21.000000 0.000000
90.000000 26.000000 0.000000 0.000000 21.000000 0.000000
90.000000 27.000000 0.000000 0.000000 21.000000 0.000000
90.000000 28.000000 0.000000 0.000000 21.000000 0.000000
90.000000 29.000000 0.000000 0.000000 21.000000 0.000000
90.000000 30.000000 0.000000 0.000000 21.000000 0.000000
90.000000 31.000000 0.000000 0.000000 21.000000 0.000000
90.000000 32.000000 0.000000 0.000000 21.000000 0.000000
90.000000 33.000000 0.000000 0.000000 21.000000 0.000000
90.000000 34.000000 0.000000 0.000000 21.000000 0.000000
90.000000 35.000000 0.000000 0.000000 21.000000 0.000000
90.000000 36.000000 0.000000 0.000000 21.000000 0.000000
90.000000 37.000000 0.000000 0.000000 21.000000 0.000000
90.000000 38.000000 0.000000 0.000000 21.000000 0.000000
90.000000 39.000000 0.000000 0.000000 21.000000 0.000000
90.000000 40.000000 0.000000 0.000000 21.000000 0.000000
90.000000 41.000000 0.000000 0.000000 21.000000 0.000000
90.000000 42.000000 0.000000 0.000000 21.000000 0.000000
90.000000 43.000000 0.000000 0.000000 21.000000 0.000000
90.000000 44.000000 0.000000 0.000000 21.000000 0.000000
90.000000 45.000000 0.000000 0.000000 21.000000 0.000000
90.000000 46.000000 0.000000 0.000000 21.000000 0.000000
90.000000 47.000000 0.000000 0.000000 21.000000 0.000000
90.000000 48.000000 0.000000 0.000000 21.000000 0.000000
90.000000 49.000000 0.000000 0.000000 21.000000 0.000000
91.000000 0.000000 0.000000 0.000000 21.000000 0.000000
91.000000 1.000000 0.000000 0.000000 21.000000 0.000000
91.000000 2.000000 0.000000 0.000000 21.000000 0.000000
91.000000 3.000000 0.000000 0.000000 21.000000 0.000000
91.000000 4.000000 0.000000 0.000000 21.000000 0.000000
91.000000 5.000000 0.000000 0.000000 21.000000 0.000000
91.000000 6.000000 0.000000 0.000000 21.000000 0.000000
91.000000 7.000000 0.000000 0.000000 21.000000 0.000000
91.000000 8.000000 0.000000 0.000000 21.000000 0.000000
91.000000 9.000000 0.000000 0.000000 21.000000 0.000000
91.000000 10.000000 0.000000 0.000000 21.000000 0.000000
91.000000 11.000000 0.000000 0.000000 21.000000 0.030222
91.000000 12.000000 0.000000 0.000000 21.000000 0.090993
91.000000 13.000000 0.037210 0.000000 21.000000 0.136872
91.000000 14.000000 0.210320 0.000000 16.334335 0.307058
91.000000 15.000000 0.431165 0.000000 11.821275 0.480840
91.000000 16.000000 0.755018 0.000000 4.140754 0.757487
91.000000 17.000000 1.000000 0.180520 0.000000 1.000000
91.000000 18.000000 1.000000 0.839422 0.000000 1.000000
91.000000 19.000000 1.000000 0.842135 0.000000 1.000000
91.000000 20.000000 0.842520 0.577260 4.320355 0.791007
91.000000 21.000000 0.295351 0.000000 13.002674 0.405600
91.000000 22.000000 0.017633 0.000000 21.000000 0.119567
91.000000 23.000000 0.000000 0.000000 21.000000 0.050864
91.000000 24.000000 0.000000 0.000000 21.000000 0.082753
91.000000 25.000000 0.034405 0.000000 21.000000 0.134424
91.000000 26.000000 0.098949 0.000000 20.086102 0.190081
91.000000 27.000000 0.102421 0.000000 20.019670 0.192711
91.000000 28.000000 0.114584 0.000000 19.629768 0.205064
91.000000 29.000000 0.154652 0.000000 18.202354 0.248667
91.000000 30.000000 0.253611 0.000000 15.930023 0.331509
91.000000 31.000000 0.356244 0.000000 13.579693 0.417351
91.000000 32.000000 0.405141 0.000000 12.425358 0.459047
91.000000 33.000000 0.383528 0.000000 13.143037 0.436566
91.000000 34.000000 0.281613 0.000000 15.739153 0.346002
91.000000 35.000000 0.229296 0.000000 16.709663 0.306723
91.000000 36.000000 0.145087 0.000000 18.788254 0.233347
91.000000 37.000000 0.135618 0.000000 18.657829 0.232356
91.000000 38.000000 0.137118 0.000000 18.290926 0.240218
91.000000 39.000000 0.133087 0.000000 18.806084 0.228444
91.000000 40.000000 0.117551 0.000000 19.229225 0.214111
91.000000 41.000000 0.116157 0.000000 19.296389 0.212254
91.000000 42.000000 0.111385 0.000000 19.272430 0.210905
91.000000 43.000000 0.099167 0.000000 19.781761 0.196135
91.000000 44.000000 0.108123 0.000000 19.067156 0.213737
91.000000 45.000000 0.063017 0.000000 20.591217 0.166267
91.000000 46.000000 0.051224 0.000000 20.339811 0.166772
91.000000 47.000000 0.026817 0.000000 21.000000 0.143236
91.000000 48.000000 0.012260 0.000000 20.821308 0.142353
91.000000 49.000000 0.000000 0.000000 21.000000 0.096795
92.000000 0.000000 0.000000 0.000000 21.000000 0.000000
92.000000 1.000000 0.000000 0.000000 21.000000 0.000000
92.000000 2.000000 0.000000 0.000000 21.000000 0.000000
92.000000 3.000000 0.000000 0.000000 21.000000 0.000000
92.000000 4.000000 0.000000 0.000000 21.000000 0.000000
92.000000 5.000000 0.000000 0.000000 21.000000 0.000000
92.000000 6.000000 0.000000 0.000000 21.000000 0.000000
92.000000 7.000000 0.000000 0.000000 21.000000 0.000000
92.000000 8.000000 0.000000 0.000000 21.000000 0.000000
92.000000 9.000000 0.000000 0.000000 21.000000 0.003162
92.000000 10.000000 0.000000 0.000000 21.000000 0.031901
92.000000 11.000000 0.000000 0.000000 21.000000 0.067120
92.000000 12.000000 0.027166 0.000000 21.000000 0.128179
92.000000 13.000000 0.138684 0.000000 18.034716 0.245963
92.000000 14.000000 0.410930 0.000000 11.865877 0.472231
92.000000 15.000000 0.791188 0.000000 3.389503 0.786147
92.000000 16.000000 1.000000 0.305255 0.000000 1.000000
92.000000 17.000000 1.000000 0.871054 0.000000 1.000000
92.000000 18.000000 1.000000 0.829503 0.000000 1.000000
92.000000 19.000000 0.724028 0.511872 7.239496 0.688179
92.000000 20.000000 0.263823 0.000000 13.736046 0.379025
92.000000 21.000000 0.030931 0.000000 21.000000 0.131104
92.000000 22.000000 0.000000 0.000000 21.000000 0.101449
92.000000 23.000000 0.000000 0.000000 21.000000 0.102468
92.000000 24.000000 0.021871 0.000000 21.000000 0.123562
92.000000 25.000000 0.026912 0.000000 21.000000 0.127882
92.000000 26.000000 0.061357 0.000000 21.000000 0.157530
92.000000 27.000000 0.110100 0.000000 19.341749 0.209082
92.000000 28.000000 0.182311 0.000000 17.752796 0.268145
92.000000 29.000000 0.226655 0.000000 16.779655 0.304361
92.000000 30.000000 0.315394 0.000000 14.340360 0.386650
92.000000 31.000000 0.359304 0.000000 13.610189 0.417955
92.000000 32.000000 0.362651 0.000000 13.542487 0.420598
92.000000 33.000000 0.285033 0.000000 15.390269 0.354222
92.000000 34.000000 0.185516 0.000000 17.870823 0.266949
92.000000 35.000000 0.085368 0.000000 20.217958 0.182182
92.000000 36.000000 0.054789 0.000000 19.961752 0.175632
92.000000 37.000000 0.055811 0.000000 19.657146 0.182090
92.000000 38.000000 0.061200 0.000000 20.490677 0.167609
92.000000 39.000000 0.016456 0.000000 21.000000 0.118491
92.000000 40.000000 0.002428 0.000000 21.000000 0.106677
92.000000 41.000000 0.000000 0.000000 21.000000 0.091845
92.000000 42.000000 0.000000 0.000000 21.000000 0.086077
92.000000 43.000000 0.000000 0.000000 21.000000 0.100116
92.000000 44.000000 0.011934 0.000000 21.000000 0.114985
92.000000 45.000000 0.000000 0.000000 21.000000 0.101332
92.000000 46.000000 0.000000 0.000000 21.000000 0.084014
92.000000 47.000000 0.000000 0.000000 21.000000 0.071295
92.000000 48.000000 0.000000 0.000000 21.000000 0.073289
92.000000 49.000000 0.000000 0.000000 21.000000 0.090568
93.000000 0.000000 0.000000 0.000000 21.000000 0.000000
93.000000 1.000000 0.000000 0.000000 21.000000 0.000000
93.000000 2.000000 0.000000 0.000000 21.000000 0.000000
93.000000 3.000000 0.000000 0.000000 21.000000 0.000000
93.000000 4.000000 0.000000 0.000000 21.000000 0.000000
93.000000 5.000000 0.000000 0.000000 21.000000 0.000000
93.000000 6.000000 0.000000 0.000000 21.000000 0.000000
93.000000 7.000000 0.000000 0.000000 21.000000 0.000000
93.000000 8.000000 0.000000 0.000000 21.000000 0.002745
93.000000 9.000000 0.000000 0.000000 21.000000 0.008405
93.000000 10.000000 0.000000 0.000000 21.000000 0.030703
93.000000 11.000000 0.000000 0.000000 21.000000 0.068751
93.000000 12.000000 0.146871 0.000000 18.909389 0.231705
93.000000 13.000000 0.470251 0.000000 10.354157 0.524889
93.000000 14.000000 0.891338 0.000000 1.139878 0.869413
93.000000 15.000000 1.000000 0.567603 0.000000 1.000000
93.000000 16.000000 1.000000 0.937221 0.000000 1.000000
93.000000 17.000000 1.000000 0.799227 0.000000 1.000000
93.000000 18.000000 0.835429 0.554688 4.492088 0.785037
93.000000 19.000000 0.240799 0.000000 15.019914 0.344626
93.000000 20.000000 0.013557 0.000000 21.000000 0.116153
93.000000 21.000000 0.000000 0.000000 21.000000 0.078939
93.000000 22.000000 0.000000 0.000000 21.000000 0.099957
93.000000 23.000000 0.037210 0.000000 21.000000 0.136872
93.000000 24.000000 0.130999 0.000000 19.306389 0.217777
93.000000 25.000000 0.170878 0.000000 18.328302 0.252369
93.000000 26.000000 0.278191 0.000000 15.445420 0.350517
93.000000 27.000000 0.369763 0.000000 13.254643 0.428998
93.000000 28.000000 0.393089 0.000000 12.829953 0.446442
93.000000 29.000000 0.314319 0.000000 14.853742 0.376122
93.000000 30.000000 0.228404 0.000000 16.819544 0.304187
93.000000 31.000000 0.145607 0.000000 18.700190 0.235283
93.000000 32.000000 0.123113 0.000000 18.797325 0.224810
93.000000 33.000000 0.099654 0.000000 19.222500 0.207422
93.000000 34.000000 0.117472 0.000000 19.066896 0.217322
93.000000 35.000000 0.100274 0.000000 19.825157 0.195711
93.000000 36.000000 0.077837 0.000000 20.025875 0.183163
93.000000 37.000000 0.043005 0.000000 21.000000 0.147034
93.000000 38.000000 0.050093 0.000000 21.000000 0.151945
93.000000 39.000000 0.059459 0.000000 20.725946 0.162288
93.000000 40.000000 0.052682 0.000000 21.000000 0.152268
93.000000 41.000000 0.034112 0.000000 20.718420 0.152740
93.000000 42.000000 0.045941 0.000000 20.899759 0.153679
93.000000 43.000000 0.047417 0.000000 21.000000 0.148751
93.000000 44.000000 0.047019 0.000000 21.000000 0.148466
93.000000 45.000000 0.031481 0.000000 21.000000 0.135239
93.000000 46.000000 0.038599 0.000000 21.000000 0.143585
93.000000 47.000000 0.028699 0.000000 21.000000 0.133614
93.000000 48.000000 0.067643 0.000000 19.883869 0.182130
93.000000 49.000000 0.047876 0.000000 21.000000 0.149426
94.000000 0.000000 0.000000 0.000000 21.000000 0.000000
94.000000 1.000000 0.000000 0.000000 21.000000 0.000000
94.000000 2.000000 0.000000 0.000000 21.000000 0.000000
94.000000 3.000000 0.000000 0.000000 21.000000 0.000000
94.000000 4.000000 0.000000 0.000000 21.000000 0.000000
94.000000 5.000000 0.000000 0.000000 21.000000 0.000000
94.000000 6.000000 0.000000 0.000000 21.000000 0.000000
94.000000 7.000000 0.000000 0.000000 21.000000 0.000000
94.000000 8.000000 0.000000 0.000000 21.000000 0.000000
94.000000 9.000000 0.000000 0.000000 21.000000 0.000000
94.000000 10.000000 0.000000 0.000000 21.000000 0.000000
94.000000 11.000000 0.000000 0.000000 21.000000 0.000000
94.000000 12.000000 0.000000 0.000000 21.000000 0.000000
94.000000 13.000000 0.000000 0.000000 21.000000 0.000000
94.000000 14.000000 0.000000 0.000000 21.000000 0.000000
94.000000 15.000000 0.000000 0.000000 21.000000 0.000000
94.000000 16.000000 0.000000 0.000000 21.000000 0.000000
94.000000 17.000000 0.000000 0.000000 21.000000 0.000000
94.000000 18.000000 0.000000 0.000000 21.000000 0.000000
94.000000 19.000000 0.000000 0.000000 21.000000 0.000000
94.000000 20.000000 0.000000 0.000000 21.000000 0.000000
94.000000 21.000000 0.000000 0.000000 21.000000 0.000000
94.000000 22.000000 0.000000 0.000000 21.000000 0.000000
94.000000 23.000000 0.000000 0.000000 21.000000 0.000000
94.000000 24.000000 0.000000 0.000000 21.000000 0.000000
94.000000 25.000000 0.000000 0.000000 21.000000 0.000000
94.000000 26.000000 0.000000 0.000000 21.000000 0.000000
94.000000 27.000000 0.000000 0.000000 21.000000 0.000000
94.000000 28.000000 0.000000 0.000000 21.000000 0.000000
94.000000 29.000000 0.000000 0.000000 21.000000 0.000000
94.000000 30.000000 0.000000 0.000000 21.000000 0.000000
94.000000 31.000000 0.000000 0.000000 21.000000 0.000000
94.000000 32.000000 0.000000 0.000000 21.000000 0.000000
94.000000 33.000000 0.000000 0.000000 21.000000 0.000000
94.000000 34.000000 0.000000 0.000000 21.000000 0.000000
94.000000 35.000000 0.000000 0.000000 21.000000 0.000000
94.000000 36.000000 0.000000 0.000000 21.000000 0.000000
94.000000 37.000000 0.000000 0.000000 21.000000 0.000000
94.000000 38.000000 0.000000 0.000000 21.000000 0.000000
94.000000 39.000000 0.000000 0.000000 21.000000 0.000000
94.000000 40.000000 0.000000 0.000000 21.000000 0.000000
94.000000 41.000000 0.000000 0.000000 21.000000 0.000000
94.000000 42.000000 0.000000 0.000000 21.000000 0.000000
94.000000 43.000000 0.000000 0.000000 21.000000 0.000000
94.000000 44.000000 0.000000 0.000000 21.000000 0.000000
94.000000 45.000000 0.000000 0.000000 21.000000 0.000000
94.000000 46.000000 0.000000 0.000000 21.000000 0.000000
94.000000 47.000000 0.000000 0.000000 21.000000 0.000000
94.000000 48.000000 0.000000 0.000000 21.000000 0.000000
94.000000 49.000000 0.000000 0.000000 21.000000 0.000000
95.000000 0.000000 0.000000 0.000000 21.000000 0.000000
95.000000 1.000000 0.000000 0.000000 21.000000 0.000000
95.000000 2.000000 0.000000 0.000000 21.000000 0.000000
95.000000 3.000000 0.000000 0.000000 21.000000 0.000000
95.000000 4.000000 0.000000 0.000000 21.000000 0.000000
95.000000 5.000000 0.000000 0.000000 21.000000 0.000000
95.000000 6.000000 0.000000 0.000000 21.000000 0.000000
95.000000 7.000000 0.000000 0.000000 21.000000 0.007570
95.000000 8.000000 0.000000 0.000000 21.000000 0.038739
95.000000 9.000000 0.000000 0.000000 21.000000 0.095488
95.000000 10.000000 0.061806 0.000000 20.983082 0.158114
95.000000 11.000000 0.100828 0.000000 19.206110 0.208232
95.000000 12.000000 0.240632 0.000000 15.751144 0.330150
95.000000 13.000000 0.413465 0.000000 12.280583 0.464977
95.000000 14.000000 0.687640 0.000000 5.680836 0.701060
95.000000 15.000000 1.000000 0.041274 0.000000 0.969252
95.000000 16.000000 1.000000 0.725727 0.000000 1.000000
95.000000 17.000000 1.000000 0.849990 0.000000 1.000000
95.000000 18.000000 0.885453 0.606962 3.296625 0.827590
95.000000 19.000000 0.318621 0.000000 12.409615 0.426283
95.000000 20.000000 0.051881 0.000000 21.000000 0.149152
95.000000 21.000000 0.000000 0.000000 21.000000 0.087389
95.000000 22.000000 0.000000 0.000000 21.000000 0.091715
95.000000 23.000000 0.018773 0.000000 21.000000 0.120881
95.000000 24.000000 0.023599 0.000000 21.000000 0.125009
95.000000 25.000000 0.038537 0.000000 21.000000 0.137870
95.000000 26.000000 0.040693 0.000000 21.000000 0.143971
95.000000 27.000000 0.019089 0.000000 21.000000 0.128928
95.000000 28.000000 0.007016 0.000000 21.000000 0.129883
95.000000 29.000000 0.000109 0.000000 21.000000 0.104698
95.000000 30.000000 0.031518 0.000000 21.000000 0.131884
95.000000 31.000000 0.033997 0.000000 21.000000 0.133826
95.000000 32.000000 0.103834 0.000000 17.976398 0.233848
95.000000 33.000000 0.138271 0.000000 18.832077 0.229916
95.000000 34.000000 0.157265 0.000000 18.283350 0.248039
95.000000 35.000000 0.153449 0.000000 18.500843 0.242253
95.000000 36.000000 0.158539 0.000000 18.071436 0.252716
95.000000 37.000000 0.132727 0.000000 18.803602 0.228317
95.000000 38.000000 0.093338 0.000000 19.822361 0.193077
95.000000 39.000000 0.059541 0.000000 20.349895 0.169724
95.000000 40.000000 0.049310 0.000000 20.303610 0.166754
95.000000 41.000000 0.052996 0.000000 20.347956 0.167297
95.000000 42.000000 0.073128 0.000000 20.101143 0.179895
95.000000 43.000000 0.082498 0.000000 20.312950 0.179268
95.000000 44.000000 0.124846 0.000000 19.042452 0.220634
95.000000 45.000000 0.134446 0.000000 18.963011 0.225853
95.000000 46.000000 0.118784 0.000000 19.210272 0.214955
95.000000 47.000000 0.102774 0.000000 19.022148 0.212562
95.000000 48.000000 0.061090 0.000000 20.497574 0.167374
95.000000 49.000000 0.044892 0.000000 20.348543 0.164180
96.000000 0.000000 0.000000 0.000000 21.000000 0.000000
96.000000 1.000000 0.000000 0.000000 21.000000 0.000000
96.000000 2.000000 0.000000 0.000000 21.000000 0.000000
96.000000 3.000000 0.000000 0.000000 21.000000 0.000000
96.000000 4.000000 0.000000 0.000000 21.000000 0.000000
96.000000 5.000000 0.000000 0.000000 21.000000 0.000000
96.000000 6.000000 0.000000 0.000000 21.000000 0.000000
96.000000 7.000000 0.000000 0.000000 21.000000 0.000000
96.000000 8.000000 0.000000 0.000000 21.000000 0.000000
96.000000 9.000000 0.000000 0.000000 21.000000 0.044088
96.000000 10.000000 0.027166 0.000000 21.000000 0.128179
96.000000 11.000000 0.131231 0.000000 18.182396 0.240189
96.000000 12.000000 0.318718 0.000000 14.063362 0.393432
96.000000 13.000000 0.635493 0.000000 6.817743 0.658324
96.000000 14.000000 0.981104 0.000000 0.000000 0.942068
96.000000 15.000000 1.000000 0.725157 0.000000 1.000000
96.000000 16.000000 1.000000 0.723680 0.000000 0.988285
96.000000 17.000000 0.685978 0.510207 8.187435 0.654885
96.000000 18.000000 0.213438 0.000000 15.886867 0.316949
96.000000 19.000000 0.000000 0.000000 21.000000 0.097514
96.000000 20.000000 0.000000 0.000000 21.000000 0.042652
96.000000 21.000000 0.000000 0.000000 21.000000 0.068012
96.000000 22.000000 0.017642 0.000000 21.000000 0.119929
96.000000 23.000000 0.043812 0.000000 21.000000 0.142466
96.000000 24.000000 0.097949 0.000000 20.112661 0.189168
96.000000 25.000000 0.211165 0.000000 17.147200 0.291178
96.000000 26.000000 0.324095 0.000000 14.537338 0.386061
96.000000 27.000000 0.421970 0.000000 12.208139 0.469772
96.000000 28.000000 0.508846 0.000000 10.109267 0.544788
96.000000 29.000000 0.401436 0.000000 12.956127 0.447333
96.000000 30.000000 0.272060 0.000000 15.782992 0.341454
96.000000 31.000000 0.212584 0.000000 17.234568 0.289919
96.000000 32.000000 0.220131 0.000000 16.859634 0.300282
96.000000 33.000000 0.229875 0.000000 16.547224 0.310208
96.000000 34.000000 0.198401 0.000000 17.498819 0.279296
96.000000 35.000000 0.177262 0.000000 17.724043 0.266760
96.000000 36.000000 0.138928 0.000000 18.850992 0.229759
96.000000 37.000000 0.100475 0.000000 19.444757 0.203304
96.000000 38.000000 0.067435 0.000000 20.453934 0.170686
96.000000 39.000000 0.035465 0.000000 20.742378 0.152765
96.000000 40.000000 0.003907 0.000000 21.000000 0.118527
96.000000 41.000000 0.035099 0.000000 15.805378 0.251226
96.000000 42.000000 0.000000 0.000000 21.000000 0.073022
96.000000 43.000000 0.000000 0.000000 21.000000 0.060007
96.000000 44.000000 0.000000 0.000000 21.000000 0.061035
96.000000 45.000000 0.000000 0.000000 21.000000 0.065676
96.000000 46.000000 0.000000 0.000000 21.000000 0.072786
96.000000 47.000000 0.000000 0.000000 21.000000 0.073713
96.000000 48.000000 0.000000 0.000000 21.000000 0.083525
96.000000 49.000000 0.000000 0.000000 21.000000 0.085652
97.000000 0.000000 0.000000 0.000000 21.000000 0.000000
97.000000 1.000000 0.000000 0.000000 21.000000 0.000000
97.000000 2.000000 0.000000 0.000000 21.000000 0.000000
97.000000 3.000000 0.000000 0.000000 21.000000 0.000000
97.000000 4.000000 0.000000 0.000000 21.000000 0.000000
97.000000 5.000000 0.000000 0.000000 21.000000 0.001555
97.000000 6.000000 0.000000 0.000000 21.000000 0.033520
97.000000 7.000000 0.000000 0.000000 21.000000 0.057279
97.000000 8.000000 0.012481 0.000000 21.000000 0.115581
97.000000 9.000000 0.259241 0.000000 13.509651 0.382058
97.000000 10.000000 0.554532 0.000000 8.810634 0.587786
97.000000 11.000000 0.894686 0.000000 1.154970 0.870829
97.000000 12.000000 1.000000 0.496648 0.000000 1.000000
97.000000 13.000000 1.000000 0.841894 0.000000 1.000000
97.000000 14.000000 1.000000 0.694259 0.000000 0.968073
97.000000 15.000000 0.568290 0.432086 11.034586 0.553684
97.000000 16.000000 0.094363 0.000000 19.198589 0.205752
97.000000 17.000000 0.000000 0.000000 21.000000 0.059867
97.000000 18.000000 0.000000 0.000000 21.000000 0.049123
97.000000 19.000000 0.000000 0.000000 21.000000 0.060536
97.000000 20.000000 0.000000 0.000000 21.000000 0.068391
97.000000 21.000000 0.000000 0.000000 21.000000 0.081102
97.000000 22.000000 0.000000 0.000000 21.000000 0.087652
97.000000 23.000000 0.005225 0.000000 21.000000 0.109190
97.000000 24.000000 0.041811 0.000000 21.000000 0.140746
97.000000 25.000000 0.084840 0.000000 20.025805 0.185876
97.000000 26.000000 0.167573 0.000000 18.152235 0.254605
97.000000 27.000000 0.264565 0.000000 15.802219 0.338233
97.000000 28.000000 0.345528 0.000000 13.963190 0.405668
97.000000 29.000000 0.373333 0.000000 13.279893 0.429921
97.000000 30.000000 0.330526 0.000000 14.361129 0.392090
97.000000 31.000000 0.157354 0.000000 18.792030 0.237941
97.000000 32.000000 0.054299 0.000000 20.876610 0.157268
97.000000 33.000000 0.076249 0.000000 18.042223 0.222017
97.000000 34.000000 0.060061 0.000000 20.690628 0.163197
97.000000 35.000000 0.046851 0.000000 20.957188 0.152885
97.000000 36.000000 0.074082 0.000000 20.217003 0.177973
97.000000 37.000000 0.108681 0.000000 19.536200 0.204672
97.000000 38.000000 0.127856 0.000000 18.855207 0.225482
97.000000 39.000000 0.101139 0.000000 19.707066 0.198363
97.000000 40.000000 0.096448 0.000000 19.867298 0.193400
97.000000 41.000000 0.104999 0.000000 19.068398 0.212523
97.000000 42.000000 0.104329 0.000000 19.417231 0.205339
97.000000 43.000000 0.060875 0.000000 21.000000 0.156260
97.000000 44.000000 0.052649 0.000000 20.367836 0.166775
97.000000 45.000000 0.041729 0.000000 21.000000 0.146526
97.000000 46.000000 0.016036 0.000000 21.000000 0.131055
97.000000 47.000000 0.038533 0.000000 20.323771 0.162281
97.000000 48.000000 0.032916 0.000000 21.000000 0.132785
97.000000 49.000000 0.025727 0.000000 20.410887 0.155652
98.000000 0.000000 0.000000 0.000000 21.000000 0.000000
98.000000 1.000000 0.000000 0.000000 21.000000 0.000000
98.000000 2.000000 0.000000 0.000000 21.000000 0.000000
98.000000 3.000000 0.000000 0.000000 21.000000 0.000000
98.000000 4.000000 0.000000 0.000000 21.000000 0.000000
98.000000 5.000000 0.000000 0.000000 21.000000 0.000000
98.000000 6.000000 0.000000 0.000000 21.000000 0.000000
98.000000 7.000000 0.000000 0.000000 21.000000 0.000000
98.000000 8.000000 0.000000 0.000000 21.000000 0.000000
98.000000 9.000000 0.000000 0.000000 21.000000 0.000000
98.000000 10.000000 0.000000 0.000000 21.000000 0.001555
98.000000 11.000000 0.000000 0.000000 21.000000 0.008822
98.000000 12.000000 0.000000 0.000000 21.000000 0.003162
98.000000 13.000000 0.000000 0.000000 21.000000 0.002745
98.000000 14.000000 0.000000 0.000000 21.000000 0.000000
98.000000 15.000000 0.000000 0.000000 21.000000 0.000000
98.000000 16.000000 0.000000 0.000000 21.000000 0.005187
98.000000 17.000000 0.000000 0.000000 21.000000 0.033940
98.000000 18.000000 0.000000 0.000000 21.000000 0.102419
98.000000 19.000000 0.098554 0.000000 20.089144 0.189870
98.000000 20.000000 0.554194 0.000000 7.435869 0.615033
98.000000 21.000000 1.000000 0.125254 0.000000 1.000000
98.000000 22.000000 1.000000 1.000000 0.000000 1.000000
98.000000 23.000000 1.000000 1.000000 0.000000 1.000000
98.000000 24.000000 1.000000 0.791570 0.000000 1.000000
98.000000 25.000000 0.685248 0.441755 8.061777 0.657162
98.000000 26.000000 0.165551 0.000000 17.605598 0.264511
98.000000 27.000000 0.004616 0.000000 21.000000 0.108449
98.000000 28.000000 0.000000 0.000000 21.000000 0.061196
98.000000 29.000000 0.000000 0.000000 21.000000 0.053085
98.000000 30.000000 0.000000 0.000000 21.000000 0.066759
98.000000 31.000000 0.000000 0.000000 21.000000 0.063858
98.000000 32.000000 0.000000 0.000000 21.000000 0.055229
98.000000 33.000000 0.000000 0.000000 21.000000 0.065912
98.000000 34.000000 0.000000 0.000000 21.000000 0.063921
98.000000 35.000000 0.000000 0.000000 21.000000 0.054806
98.000000 36.000000 0.000000 0.000000 21.000000 0.059753
98.000000 37.000000 0.000000 0.000000 21.000000 0.066273
98.000000 38.000000 0.000000 0.000000 21.000000 0.062291
98.000000 39.000000 0.000000 0.000000 21.000000 0.071232
98.000000 40.000000 0.000000 0.000000 21.000000 0.072504
98.000000 41.000000 0.000000 0.000000 21.000000 0.097129
98.000000 42.000000 0.007125 0.000000 21.000000 0.110836
98.000000 43.000000 0.040665 0.000000 20.038153 0.168777
98.000000 44.000000 0.039236 0.000000 21.000000 0.138158
98.000000 45.000000 0.030609 0.000000 21.000000 0.135365
98.000000 46.000000 0.058679 0.000000 19.611259 0.184118
98.000000 47.000000 0.041233 0.000000 20.734467 0.155135
98.000000 48.000000 0.016925 0.000000 21.000000 0.126476
98.000000 49.000000 0.035838 0.000000 20.454294 0.158659
99.000000 0.000000 0.000000 0.000000 21.000000 0.000000
99.000000 1.000000 0.000000 0.000000 21.000000 0.000000
99.000000 2.000000 0.000000 0.000000 21.000000 0.000000
99.000000 3.000000 0.000000 0.000000 21.000000 0.000000
99.000000 4.000000 0.000000 0.000000 21.000000 0.000000
99.000000 5.000000 0.000000 0.000000 21.000000 0.000000
99.000000 6.000000 0.000000 0.000000 21.000000 0.000000
99.000000 7.000000 0.000000 0.000000 21.000000 0.000000
99.000000 8.000000 0.000000 0.000000 21.000000 0.000000
99.000000 9.000000 0.000000 0.000000 21.000000 0.000000
99.000000 10.000000 0.000000 0.000000 21.000000 0.000000
99.000000 11.000000 0.000000 0.000000 21.000000 0.000000
99.000000 12.000000 0.000000 0.000000 21.000000 0.000000
99.000000 13.000000 0.000000 0.000000 21.000000 0.000000
99.000000 14.000000 0.000000 0.000000 21.000000 0.000000
99.000000 15.000000 0.000000 0.000000 21.000000 0.000000
99.000000 16.000000 0.000000 0.000000 21.000000 0.000000
99.000000 17.000000 0.000000 0.000000 21.000000 0.000000
99.000000 18.000000 0.000000 0.000000 21.000000 0.000000
99.000000 19.000000 0.000000 0.000000 21.000000 0.000000
99.000000 20.000000 0.000000 0.000000 21.000000 0.000000
99.000000 21.000000 0.000000 0.000000 21.000000 0.000000
99.000000 22.000000 0.000000 0.000000 21.000000 0.000000
99.000000 23.000000 0.000000 0.000000 21.000000 0.000000
99.000000 24.000000 0.000000 0.000000 21.000000 0.000000
99.000000 25.000000 0.000000 0.000000 21.000000 0.000000
99.000000 26.000000 0.000000 0.000000 21.000000 0.000000
99.000000 27.000000 0.000000 0.000000 21.000000 0.000000
99.000000 28.000000 0.000000 0.000000 21.000000 0.000000
99.000000 29.000000 0.000000 0.000000 21.000000 0.000000
99.000000 30.000000 0.000000 0.000000 21.000000 0.000000
99.000000 31.000000 0.000000 0.000000 21.000000 0.000000
99.000000 32.000000 0.000000 0.000000 21.000000 0.000000
99.000000 33.000000 0.000000 0.000000 21.000000 0.000000
99.000000 34.000000 0.000000 0.000000 21.000000 0.000000
99.000000 35.000000 0.000000 0.000000 21.000000 0.000000
99.000000 36.000000 0.000000 0.000000 21.000000 0.000000
99.000000 37.000000 0.000000 0.000000 21.000000 0.000000
99.000000 38.000000 0.000000 0.000000 21.000000 0.000000
99.000000 39.000000 0.000000 0.000000 21.000000 0.000000
99.000000 40.000000 0.000000 0.000000 21.000000 0.000000
99.000000 41.000000 0.000000 0.000000 21.000000 0.000000
99.000000 42.000000 0.000000 0.000000 21.000000 0.000000
99.000000 43.000000 0.000000 0.000000 21.000000 0.000000
99.000000 44.000000 0.000000 0.000000 21.000000 0.000000
99.000000 45.000000 0.000000 0.000000 21.000000 0.000000
99.000000 46.000000 0.000000 0.000000 21.000000 0.000000
99.000000 47.000000 0.000000 0.000000 21.000000 0.000000
99.000000 48.000000 0.000000 0.000000 21.000000 0.000000
99.000000 49.000000 0.000000 0.000000 21.000000 0.000000
